DATAFILE_AS_OF,REPORT_YEAR,REPORT_NUMBER,SUPPLEMENTAL_NUMBER,OPERATOR_ID,PARTA2NAMEOFCOMP,PARTA5COMMODITY,INTER_INTRA,STATE_NAME,PARTF1A,PARTF1B,PARTF1C,PARTF1D,PARTF1DOTH,PARTF1E,PARTF2A1,PARTF2A2,PARTF2A,PARTF2B,PARTF2BHCAOUTSIDE,PARTF2B1,PARTF2B2,PARTF2C1,PARTF2C2,PARTF2C3,PARTF2C4,PARTF2CTOT,PARTF3A,PARTF3B,PARTF3BHCAOUTSIDE,PARTF3C,PARTF3D,PARTF4A,PARTF4A1TOT,PARTF4A11,PARTF4A12,PARTF4B,PARTF4BHCAOUTSIDE,PARTF4B1,PARTF4B2,PARTF4C1,PARTF4C2,PARTF4C3,PARTF4C4,PARTF4CTOT,PARTF5A,PARTF5AOTH,PARTF5A11,PARTF5A12,PARTF5A1TOT,PARTF5B,PARTF5BHCAOUTSIDE,PARTF5B1,PARTF5B2,PARTF5C1,PARTF5C2,PARTF5C3,PARTF5C4,PARTF5CTOT,PARTF6A,PARTF6B,PARTF6BHCAOUTSIDE,PARTF6C,PARTF6D,PARTF6E,PARTF6F,PARTF6G,PARTGMBA,PARTGMRC,PARTGTOTMILES,PARTG1A,PARTG1B,PARTG1TOTMILES
2/2/2026,2021.0,20220241.0,19232.0,117.0,AIR PRODUCTS & CHEMICALS INC,CO2,INTRASTATE,TEXAS,,,,,,,,,,,,,,,,,,,,,,,,,,,,,,,,,,,,,,,,,,,,,,,,,,,,,,,,,,,,,,,,
2/2/2026,2021.0,20220489.0,19839.0,300.0,"PLAINS PIPELINE, L.P.",Crude Oil,INTERSTATE,,1071.21,1071.21,36.28,0.0,,2178.7,33.0,28.0,61.0,,6.0,0.0,6.0,1.0,1.0,2.0,1.0,5.0,4.94,,0.0,0.0,0.0,0.0,0.0,0.0,0.0,,0.0,0.0,0.0,0.0,0.0,0.0,0.0,0.0,0.0,,0.0,0.0,0.0,,0.0,0.0,0.0,0.0,0.0,0.0,0.0,0.0,2183.64,,6.0,5.0,0.0,0.0,0.0,0.0,34.32,974.81,1009.13,4.75,61.77,66.52
2/2/2026,2021.0,20220489.0,19839.0,300.0,"PLAINS PIPELINE, L.P.",Crude Oil,INTRASTATE,ALABAMA,0.0,0.0,0.0,0.0,,0.0,0.0,0.0,0.0,,0.0,0.0,0.0,0.0,0.0,0.0,0.0,0.0,0.0,,0.0,0.0,0.0,0.0,0.0,0.0,0.0,,0.0,0.0,0.0,0.0,0.0,0.0,0.0,0.0,0.0,,0.0,0.0,0.0,,0.0,0.0,0.0,0.0,0.0,0.0,0.0,0.0,0.0,,0.0,0.0,0.0,0.0,0.0,0.0,0.0,0.0,0.0,0.0,0.0,0.0
2/2/2026,2021.0,20220489.0,19839.0,300.0,"PLAINS PIPELINE, L.P.",Crude Oil,INTRASTATE,CALIFORNIA,152.96,152.96,142.34,0.0,,448.26,99.0,54.0,153.0,,4.0,0.0,4.0,1.0,0.0,6.0,2.0,9.0,5.77,,0.0,0.0,0.0,0.0,0.0,0.0,0.0,,0.0,0.0,0.0,0.0,0.0,0.0,0.0,0.0,0.0,,0.0,0.0,0.0,,0.0,0.0,0.0,0.0,0.0,0.0,0.0,0.0,454.03,,4.0,9.0,0.0,0.0,0.0,0.0,0.0,158.73,158.73,0.0,0.0,0.0
2/2/2026,2021.0,20220489.0,19839.0,300.0,"PLAINS PIPELINE, L.P.",Crude Oil,INTRASTATE,MISSISSIPPI,0.0,0.0,0.0,0.0,,0.0,0.0,0.0,0.0,,0.0,0.0,0.0,0.0,0.0,0.0,0.0,0.0,0.0,,0.0,0.0,0.0,0.0,0.0,0.0,0.0,,0.0,0.0,0.0,0.0,0.0,0.0,0.0,0.0,0.0,,0.0,0.0,0.0,,0.0,0.0,0.0,0.0,0.0,0.0,0.0,0.0,0.0,,0.0,0.0,0.0,0.0,0.0,0.0,0.0,0.0,0.0,0.0,0.0,0.0
2/2/2026,2021.0,20220489.0,19839.0,300.0,"PLAINS PIPELINE, L.P.",Crude Oil,INTRASTATE,NEW MEXICO,0.0,0.0,0.0,0.0,,0.0,0.0,15.0,15.0,,3.0,0.0,3.0,0.0,0.0,0.0,0.0,0.0,0.0,,0.0,0.0,0.0,0.0,0.0,0.0,0.0,,0.0,0.0,0.0,0.0,0.0,0.0,0.0,0.0,0.0,,0.0,0.0,0.0,,0.0,0.0,0.0,0.0,0.0,0.0,0.0,0.0,0.0,,3.0,0.0,0.0,0.0,0.0,0.0,0.0,0.0,0.0,0.0,0.0,0.0
2/2/2026,2021.0,20220489.0,19839.0,300.0,"PLAINS PIPELINE, L.P.",Crude Oil,INTRASTATE,TEXAS,171.25,171.25,26.48,0.0,,368.98,8.0,160.0,168.0,,138.0,2.0,136.0,0.0,0.0,0.0,3.0,3.0,0.0,,0.0,0.0,0.0,0.0,0.0,0.0,0.0,,0.0,0.0,0.0,0.0,0.0,0.0,0.0,0.0,0.0,,0.0,0.0,0.0,,0.0,0.0,0.0,0.0,0.0,0.0,0.0,0.0,368.98,,138.0,3.0,0.0,0.0,0.0,0.0,0.0,140.85,140.85,0.0,30.4,30.4
2/2/2026,2021.0,20220490.0,19487.0,300.0,"PLAINS PIPELINE, L.P.",HVL,INTRASTATE,CALIFORNIA,28.67,28.67,0.0,0.0,,57.34,0.0,0.0,0.0,,0.0,0.0,0.0,0.0,0.0,0.0,0.0,0.0,0.0,,0.0,0.0,0.0,0.0,0.0,0.0,0.0,,0.0,0.0,0.0,0.0,0.0,0.0,0.0,0.0,0.0,,0.0,0.0,0.0,,0.0,0.0,0.0,0.0,0.0,0.0,0.0,0.0,57.34,,0.0,0.0,0.0,0.0,0.0,0.0,0.0,28.67,28.67,0.0,0.0,0.0
2/2/2026,2021.0,20220490.0,19487.0,300.0,"PLAINS PIPELINE, L.P.",HVL,INTRASTATE,TEXAS,11.86,11.86,0.0,0.0,,23.72,0.0,0.0,0.0,,0.0,0.0,0.0,0.0,0.0,0.0,0.0,0.0,2.7,,0.0,0.0,0.0,0.0,0.0,0.0,0.0,,0.0,0.0,0.0,0.0,0.0,0.0,0.0,0.0,0.0,,0.0,0.0,0.0,,0.0,0.0,0.0,0.0,0.0,0.0,0.0,0.0,26.42,,0.0,0.0,0.0,0.0,0.0,0.0,0.0,9.16,9.16,2.7,0.0,2.7
2/2/2026,2021.0,20220248.0,19239.0,395.0,AMOCO OIL CO,Refined and/or Petroleum Product (non-HVL),INTERSTATE,,152.9,276.1,291.4,0.0,,720.4,32.0,5.0,37.0,,3.0,0.0,3.0,1.0,0.0,16.0,8.0,25.0,0.0,,0.0,0.0,0.0,0.0,0.0,0.0,0.0,,0.0,0.0,0.0,0.0,0.0,0.0,0.0,0.0,0.0,,0.0,0.0,0.0,,0.0,0.0,0.0,0.0,0.0,0.0,0.0,0.0,720.4,,3.0,25.0,0.0,0.0,0.0,0.0,0.0,81.5,81.5,0.0,71.4,71.4
2/2/2026,2021.0,20220624.0,19827.0,473.0,"WESTERN MIDSTREAM PARTNERS, LP",Crude Oil,INTRASTATE,COLORADO,,,,,,,,,,,,,,,,,,,5.37,,,,,,,,,,,,,,,,,,,,,,,,,,,,,,,,5.37,,,,,,,,3.86,,3.86,,,
2/2/2026,2021.0,20220624.0,19827.0,473.0,"WESTERN MIDSTREAM PARTNERS, LP",Crude Oil,INTRASTATE,TEXAS,17.82,17.82,,,,35.64,25.0,0.0,25.0,,0.0,0.0,0.0,0.0,0.0,0.0,0.0,0.0,0.0,,0.0,0.0,0.0,0.0,0.0,0.0,0.0,,0.0,0.0,0.0,0.0,0.0,0.0,0.0,0.0,0.0,,0.0,0.0,0.0,,0.0,0.0,0.0,0.0,0.0,0.0,0.0,0.0,35.64,,0.0,0.0,0.0,0.0,0.0,0.0,0.0,0.0,0.0,35.64,0.0,35.64
2/2/2026,2021.0,20220639.0,19845.0,473.0,"WESTERN MIDSTREAM PARTNERS, LP",HVL,INTRASTATE,COLORADO,,,,,,,0.0,,0.0,,,,,,,,,,,,,,,,,,,,,,,,,,,,,,,,,,,,,,,,,,,,,,,,,,4.456,,4.456,,,
2/2/2026,2021.0,20220639.0,19845.0,473.0,"WESTERN MIDSTREAM PARTNERS, LP",HVL,INTRASTATE,TEXAS,,,,,,,,,,,,,,,,,,,,,,,,,,,,,,,,,,,,,,,,,,,,,,,,,,,,,,,,,,,0.019,,0.019,,,
2/2/2026,2021.0,20220639.0,19845.0,473.0,"WESTERN MIDSTREAM PARTNERS, LP",HVL,INTRASTATE,UTAH,,,,,,,,,,,,,,,,,,,,,,,,,,,,,,,,,,,,,,,,,,,,,,,,,,,,,,,,,,,,,,,,
2/2/2026,2021.0,20220639.0,19845.0,473.0,"WESTERN MIDSTREAM PARTNERS, LP",HVL,INTRASTATE,WYOMING,,,,,,,,,,,,,,,,,,,,,,,,,,,,,,,,,,,,,,,,,,,,,,,,,,,,,,,,,,,,,,,,
2/2/2026,2021.0,20220419.0,19981.0,515.0,DAKOTA GASIFICATION COMPANY,CO2,INTERSTATE,,118.04,,,,,118.04,,,,,,,,,,,,,,,,,,,,,,,,,,,,,,,,,,,,,,,,,,,,,118.04,,,,,,,,,26.0,26.0,,92.04,92.04
2/2/2026,2021.0,20220351.0,19345.0,994.0,"WILLIAMS FIELD SERVICES - GULF COAST COMPANY, LP",HVL,INTRASTATE,TEXAS,0.0,0.0,0.0,0.0,,0.0,0.0,0.0,0.0,,0.0,0.0,0.0,0.0,0.0,0.0,0.0,0.0,0.0,,0.0,0.0,0.0,0.0,0.0,0.0,0.0,,0.0,0.0,0.0,0.0,0.0,0.0,0.0,0.0,0.0,,0.0,0.0,0.0,,0.0,0.0,0.0,0.0,0.0,0.0,0.0,0.0,0.0,,0.0,0.0,0.0,0.0,0.0,0.0,0.0,0.0,0.0,0.0,0.0,0.0
2/2/2026,2021.0,20220603.0,19607.0,1248.0,BELLE FOURCHE PIPELINE CO,Crude Oil,INTERSTATE,,53.2,53.2,48.6,,,155.0,,23.0,23.0,,23.0,,23.0,,,,,,,,,,,,,,,,,,,,,,,,,,,,,,,,,,,,,,155.0,,23.0,,,,,,,,,,,
2/2/2026,2021.0,20220644.0,19657.0,1541.0,"HILCORP NORTH SLOPE, LLC",Crude Oil,INTRASTATE,ALASKA,11.41,11.41,0.0,0.0,,22.82,26.0,0.0,26.0,,0.0,0.0,0.0,1.0,0.0,1.0,0.0,2.0,0.0,,0.0,0.0,0.0,0.0,0.0,0.0,0.0,,0.0,0.0,0.0,0.0,0.0,0.0,0.0,0.0,0.22,Guided Wave,303.0,0.0,303.0,,0.0,0.0,0.0,1.0,1.0,18.0,0.0,20.0,23.04,,0.0,22.0,0.0,0.0,0.0,0.0,0.0,11.63,11.63,0.0,0.0,0.0
2/2/2026,2021.0,20220370.0,20432.0,1845.0,"BUCKEYE PARTNERS, LP",Crude Oil,INTERSTATE,,0.0,0.0,0.0,0.0,,0.0,0.0,0.0,0.0,,0.0,0.0,0.0,0.0,0.0,0.0,0.0,0.0,0.0,,0.0,0.0,0.0,0.0,0.0,0.0,0.0,,0.0,0.0,0.0,0.0,0.0,0.0,0.0,0.0,0.0,,0.0,0.0,0.0,,0.0,0.0,0.0,0.0,0.0,0.0,0.0,0.0,0.0,,0.0,0.0,0.0,0.0,0.0,0.0,0.0,0.0,0.0,0.0,0.0,0.0
2/2/2026,2021.0,20220370.0,20432.0,1845.0,"BUCKEYE PARTNERS, LP",Crude Oil,INTRASTATE,TEXAS,0.0,0.0,0.0,0.0,,0.0,0.0,0.0,0.0,,0.0,0.0,0.0,0.0,0.0,0.0,0.0,0.0,0.0,,0.0,0.0,0.0,0.0,0.0,0.0,0.0,,0.0,0.0,0.0,0.0,0.0,0.0,0.0,0.0,0.0,,0.0,0.0,0.0,,0.0,0.0,0.0,0.0,0.0,0.0,0.0,0.0,0.0,,0.0,0.0,,,,,0.0,0.0,0.0,0.0,0.0,0.0
2/2/2026,2021.0,20220371.0,19366.0,1845.0,"BUCKEYE PARTNERS, LP",Fuel Grade Ethanol (dedicated system),INTRASTATE,FLORIDA,0.0,0.0,0.0,0.0,,0.0,0.0,0.0,0.0,,0.0,0.0,0.0,0.0,0.0,0.0,0.0,0.0,0.0,,0.0,0.0,0.0,0.0,0.0,0.0,0.0,,0.0,0.0,0.0,0.0,0.0,0.0,0.0,0.0,0.0,,0.0,0.0,0.0,,0.0,0.0,0.0,0.0,0.0,0.0,0.0,0.0,0.0,,0.0,0.0,0.0,0.0,0.0,0.0,0.0,0.0,0.0,0.0,0.0,0.0
2/2/2026,2021.0,20220372.0,19847.0,1845.0,"BUCKEYE PARTNERS, LP",HVL,INTERSTATE,,0.0,0.0,0.0,0.0,,0.0,0.0,0.0,0.0,,0.0,0.0,0.0,0.0,0.0,0.0,0.0,0.0,0.8,,0.0,0.0,0.0,0.0,0.0,0.0,0.0,,0.0,0.0,0.0,0.0,0.0,0.0,0.0,0.0,0.0,,0.0,0.0,0.0,,0.0,0.0,0.0,0.0,0.0,0.0,0.0,0.0,0.8,,0.0,0.0,0.0,0.0,0.0,0.0,0.0,0.809,0.809,0.0,0.0,0.0
2/2/2026,2021.0,20220372.0,19847.0,1845.0,"BUCKEYE PARTNERS, LP",HVL,INTRASTATE,FLORIDA,0.0,0.0,0.0,0.0,,0.0,0.0,0.0,0.0,,0.0,0.0,0.0,0.0,0.0,0.0,0.0,0.0,0.0,,0.0,0.0,0.0,0.0,0.0,0.0,0.0,,0.0,0.0,0.0,0.0,0.0,0.0,0.0,0.0,0.0,,0.0,0.0,0.0,,0.0,0.0,0.0,0.0,0.0,0.0,0.0,0.0,0.0,,0.0,0.0,0.0,0.0,0.0,0.0,0.0,0.0,0.0,0.0,0.0,0.0
2/2/2026,2021.0,20220372.0,19847.0,1845.0,"BUCKEYE PARTNERS, LP",HVL,INTRASTATE,TEXAS,2.183,2.183,0.0,0.0,,4.366,0.0,0.0,0.0,,0.0,0.0,0.0,0.0,0.0,0.0,0.0,0.0,0.0,,0.0,0.0,0.0,0.0,0.0,0.0,0.0,,0.0,0.0,0.0,0.0,0.0,0.0,0.0,0.0,0.0,,0.0,0.0,0.0,,0.0,0.0,0.0,0.0,0.0,0.0,0.0,0.0,4.366,,0.0,0.0,0.0,0.0,0.0,0.0,0.0,2.183,2.183,0.0,0.0,0.0
2/2/2026,2021.0,20220369.0,19848.0,1845.0,"BUCKEYE PARTNERS, LP",Refined and/or Petroleum Product (non-HVL),INTERSTATE,,880.8,873.603,384.105,399.934,XYZ Mapping,2538.442,315.0,76.0,391.0,,72.0,15.0,57.0,11.0,13.0,43.0,230.0,297.0,36.31,,1.0,1.0,0.0,0.0,0.0,0.0,0.0,,0.0,0.0,0.0,0.0,0.0,0.0,0.0,0.0,0.0,,0.0,0.0,0.0,,0.0,0.0,0.0,0.0,0.0,0.0,0.0,0.0,2574.752,,73.0,298.0,8.0,0.0,0.0,0.0,0.0,752.613,752.613,0.0,502.76,502.76
2/2/2026,2021.0,20220369.0,19848.0,1845.0,"BUCKEYE PARTNERS, LP",Refined and/or Petroleum Product (non-HVL),INTRASTATE,ALABAMA,0.0,0.0,0.0,0.0,,0.0,0.0,0.0,0.0,,0.0,0.0,0.0,0.0,0.0,0.0,0.0,0.0,0.0,,0.0,0.0,0.0,0.0,0.0,0.0,0.0,,0.0,0.0,0.0,0.0,0.0,0.0,0.0,0.0,0.0,,0.0,0.0,0.0,,0.0,0.0,0.0,0.0,0.0,0.0,0.0,0.0,0.0,,0.0,0.0,0.0,0.0,0.0,0.0,0.0,0.0,0.0,0.0,0.0,0.0
2/2/2026,2021.0,20220369.0,19848.0,1845.0,"BUCKEYE PARTNERS, LP",Refined and/or Petroleum Product (non-HVL),INTRASTATE,IOWA,0.0,0.0,0.0,0.0,,0.0,0.0,0.0,0.0,,0.0,0.0,0.0,0.0,0.0,0.0,0.0,0.0,0.0,,0.0,0.0,0.0,0.0,0.0,0.0,0.0,,0.0,0.0,0.0,0.0,0.0,0.0,0.0,0.0,0.0,,0.0,0.0,0.0,,0.0,0.0,0.0,0.0,0.0,0.0,0.0,0.0,0.0,,0.0,0.0,0.0,0.0,0.0,0.0,0.0,0.0,0.0,0.0,0.0,0.0
2/2/2026,2021.0,20220369.0,19848.0,1845.0,"BUCKEYE PARTNERS, LP",Refined and/or Petroleum Product (non-HVL),INTRASTATE,NEW JERSEY,0.0,0.0,0.0,0.0,,0.0,0.0,0.0,0.0,,0.0,0.0,0.0,0.0,0.0,0.0,0.0,0.0,0.0,,0.0,0.0,0.0,0.0,0.0,0.0,0.0,,0.0,0.0,0.0,0.0,0.0,0.0,0.0,0.0,0.0,,0.0,0.0,0.0,,0.0,0.0,0.0,0.0,0.0,0.0,0.0,0.0,0.0,,0.0,0.0,,,,,0.0,0.0,0.0,0.0,0.0,0.0
2/2/2026,2021.0,20220369.0,19848.0,1845.0,"BUCKEYE PARTNERS, LP",Refined and/or Petroleum Product (non-HVL),INTRASTATE,TEXAS,1.723,1.723,0.0,1.723,XYZ Mapping,5.169,0.0,0.0,0.0,,0.0,0.0,0.0,0.0,0.0,0.0,0.0,0.0,0.0,,0.0,0.0,0.0,0.0,0.0,0.0,0.0,,0.0,0.0,0.0,0.0,0.0,0.0,0.0,0.0,0.0,,0.0,0.0,0.0,,0.0,0.0,0.0,0.0,0.0,0.0,0.0,0.0,5.169,,0.0,0.0,0.0,0.0,0.0,0.0,0.0,1.439,1.439,0.0,0.284,0.284
2/2/2026,2021.0,20220604.0,19608.0,1960.0,BUTTE PIPELINE CO,Crude Oil,INTERSTATE,,,,,,,,,,,,,,,,,,,,1.6,,0.0,0.0,0.0,,,,,,,,,,,,,,,,,,,,,,,,,,,,1.6,,0.0,0.0,,,,,,,,,,
2/2/2026,2021.0,20220040.0,19852.0,2162.0,DOW PIPELINE CO - CAYUSE,HVL,INTERSTATE,,32.11,32.11,0.0,0.0,,64.22,0.0,6.0,6.0,,0.0,0.0,0.0,0.0,0.0,0.0,0.0,0.0,0.0,,0.0,0.0,0.0,0.0,0.0,0.0,0.0,,,,,,,,,,0.0,,0.0,0.0,0.0,,0.0,0.0,0.0,0.0,0.0,0.0,0.0,0.0,64.22,,0.0,0.0,0.0,0.0,0.0,0.0,0.0,2.32,2.32,0.0,29.79,29.79
2/2/2026,2021.0,20220210.0,19529.0,2170.0,CENEX PIPELINE LLC,Refined and/or Petroleum Product (non-HVL),INTERSTATE,,0.0,0.0,0.0,227.4,Combination Tool MFL and Deformation,227.4,1.0,4.0,5.0,,4.0,0.0,4.0,0.0,1.0,0.0,0.0,1.0,0.0,,0.0,0.0,0.0,0.0,0.0,0.0,0.0,,0.0,0.0,0.0,0.0,0.0,0.0,0.0,0.0,0.0,,0.0,0.0,0.0,,0.0,0.0,0.0,0.0,0.0,0.0,0.0,0.0,227.4,,4.0,1.0,0.0,0.0,0.0,0.0,83.4,5.5,88.9,,40.5,40.5
2/2/2026,2021.0,20220221.0,19212.0,2190.0,CENTRAL FLORIDA PIPELINE CORP,Refined and/or Petroleum Product (non-HVL),INTRASTATE,FLORIDA,194.13,194.13,0.0,0.0,,388.26,2.0,0.0,2.0,,0.0,0.0,0.0,1.0,0.0,0.0,0.0,1.0,0.0,,0.0,0.0,0.0,0.0,0.0,0.0,0.0,,0.0,0.0,0.0,0.0,0.0,0.0,0.0,0.0,0.0,,0.0,0.0,0.0,,0.0,0.0,0.0,0.0,0.0,0.0,0.0,0.0,388.26,,0.0,1.0,0.0,0.0,0.0,0.0,0.0,179.49,179.49,0.0,14.64,14.64
2/2/2026,2021.0,20220127.0,19102.0,2387.0,CITGO PIPELINE CO,Crude Oil,INTERSTATE,,,,,,,,,,,,,,,,,,,,,,,,,,,,,,,,,,,,,,,,,,,,,,,,,,,,,,,,,,,,,,,,,
2/2/2026,2021.0,20220420.0,19416.0,2552.0,COLONIAL PIPELINE CO,Refined and/or Petroleum Product (non-HVL),INTERSTATE,,2250.15,605.46,864.19,0.0,Acoustic,3719.8,574.0,60.0,634.0,,57.0,1.0,56.0,0.0,3.0,92.0,387.0,482.0,2.65,,0.0,0.0,0.0,0.005,0.0,0.0,0.0,,0.0,0.0,0.0,0.0,0.0,0.0,0.0,0.0,0.0,,0.0,0.0,0.0,,0.0,0.0,0.0,0.0,0.0,0.0,0.0,0.0,3722.455,,57.0,482.0,,,,,0.0,2778.05,2778.05,0.0,338.94,338.94
2/2/2026,2021.0,20220044.0,19003.0,2714.0,"EASTERN GAS TRANSMISSION AND STORAGE, INC.",HVL,INTERSTATE,,0.0,0.0,0.0,0.0,,0.0,0.0,0.0,0.0,,0.0,0.0,0.0,0.0,0.0,0.0,0.0,0.0,0.0,,0.0,0.0,0.0,0.0,0.0,0.0,0.0,,0.0,0.0,0.0,0.0,0.0,0.0,0.0,0.0,0.0,,0.0,0.0,0.0,,0.0,0.0,0.0,0.0,0.0,0.0,,0.0,0.0,,0.0,0.0,0.0,0.0,0.0,0.0,0.0,0.0,0.0,0.0,0.0,0.0
2/2/2026,2021.0,20220044.0,19003.0,2714.0,"EASTERN GAS TRANSMISSION AND STORAGE, INC.",HVL,INTRASTATE,WEST VIRGINIA,1.9,1.9,0.0,0.0,,3.8,0.0,0.0,0.0,,0.0,0.0,0.0,0.0,0.0,0.0,0.0,0.0,0.0,,0.0,0.0,0.0,0.0,0.0,0.0,0.0,,0.0,0.0,0.0,0.0,0.0,0.0,0.0,0.0,0.0,,0.0,0.0,0.0,,0.0,0.0,0.0,0.0,0.0,0.0,0.0,0.0,3.8,,0.0,0.0,0.0,0.0,0.0,0.0,0.0,1.9,1.9,0.0,0.0,0.0
2/2/2026,2021.0,20220045.0,19004.0,2714.0,"EASTERN GAS TRANSMISSION AND STORAGE, INC.",Refined and/or Petroleum Product (non-HVL),INTRASTATE,WEST VIRGINIA,0.0,0.0,0.0,0.0,,0.0,0.0,0.0,0.0,,0.0,0.0,0.0,0.0,0.0,0.0,0.0,0.0,0.0,,0.0,0.0,0.0,0.0,0.0,0.0,0.0,,0.0,0.0,0.0,0.0,0.0,0.0,0.0,0.0,0.0,,0.0,0.0,0.0,,0.0,0.0,0.0,0.0,0.0,0.0,0.0,0.0,0.0,,0.0,0.0,0.0,0.0,0.0,0.0,0.0,0.0,0.0,0.0,0.0,0.0
2/2/2026,2021.0,20220602.0,19756.0,2731.0,CHEVRON PIPE LINE CO,CO2,INTERSTATE,,0.0,0.0,0.0,0.0,,0.0,0.0,0.0,0.0,,0.0,0.0,0.0,0.0,0.0,0.0,0.0,0.0,0.0,,0.0,0.0,0.0,0.0,0.0,0.0,0.0,,0.0,0.0,0.0,0.0,0.0,0.0,0.0,0.0,0.0,,0.0,0.0,0.0,,0.0,0.0,0.0,0.0,0.0,0.0,0.0,0.0,0.0,,0.0,0.0,0.0,0.0,0.0,0.0,0.0,0.0,0.0,0.0,0.0,0.0
2/2/2026,2021.0,20220350.0,19344.0,2731.0,CHEVRON PIPE LINE CO,Crude Oil,INTERSTATE,,0.0,0.0,0.0,0.0,,0.0,0.0,0.0,0.0,,0.0,0.0,0.0,0.0,0.0,0.0,0.0,0.0,0.0,,0.0,0.0,0.0,0.0,0.0,0.0,0.0,,0.0,0.0,0.0,0.0,0.0,0.0,0.0,0.0,0.0,,0.0,0.0,0.0,,0.0,0.0,0.0,0.0,0.0,0.0,0.0,0.0,0.0,,0.0,0.0,0.0,0.0,0.0,0.0,0.0,0.0,0.0,0.0,0.0,0.0
2/2/2026,2021.0,20220350.0,19344.0,2731.0,CHEVRON PIPE LINE CO,Crude Oil,INTRASTATE,CALIFORNIA,0.0,0.0,0.0,0.0,,0.0,0.0,0.0,0.0,,0.0,0.0,0.0,0.0,0.0,0.0,0.0,0.0,0.0,,0.0,0.0,0.0,0.0,0.0,0.0,0.0,,0.0,0.0,0.0,0.0,0.0,0.0,0.0,0.0,0.0,,0.0,0.0,0.0,,0.0,0.0,0.0,0.0,0.0,0.0,0.0,0.0,0.0,,0.0,0.0,0.0,0.0,0.0,0.0,0.0,0.0,0.0,0.0,0.0,0.0
2/2/2026,2021.0,20220445.0,19442.0,2731.0,CHEVRON PIPE LINE CO,HVL,INTRASTATE,TEXAS,130.43,130.43,0.0,0.0,,260.86,1.0,3.0,4.0,,0.0,0.0,0.0,1.0,0.0,0.0,0.0,1.0,1.33,,0.0,0.0,0.0,0.0,0.0,0.0,0.0,,0.0,0.0,0.0,0.0,0.0,0.0,0.0,0.0,0.0,,0.0,0.0,0.0,,0.0,0.0,0.0,0.0,0.0,0.0,0.0,0.0,262.19,,0.0,1.0,0.0,0.0,0.0,0.0,0.0,0.0,0.0,0.0,0.0,0.0
2/2/2026,2021.0,20220329.0,19322.0,2731.0,CHEVRON PIPE LINE CO,Refined and/or Petroleum Product (non-HVL),INTRASTATE,CALIFORNIA,73.39,73.39,0.0,0.0,,146.78,0.0,0.0,0.0,,0.0,0.0,0.0,0.0,0.0,0.0,0.0,0.0,0.0,,0.0,0.0,0.0,0.0,0.0,0.0,0.0,,0.0,0.0,0.0,0.0,0.0,0.0,0.0,0.0,0.0,,0.0,0.0,0.0,,0.0,0.0,0.0,0.0,0.0,0.0,0.0,0.0,146.78,,0.0,0.0,0.0,0.0,0.0,0.0,0.0,73.39,73.39,0.0,0.0,0.0
2/2/2026,2021.0,20220329.0,19322.0,2731.0,CHEVRON PIPE LINE CO,Refined and/or Petroleum Product (non-HVL),INTRASTATE,UTAH,0.0,0.0,0.0,0.0,,0.0,0.0,0.0,0.0,,0.0,0.0,0.0,0.0,0.0,0.0,0.0,0.0,0.0,,0.0,0.0,0.0,0.0,0.0,0.0,0.0,,0.0,0.0,0.0,0.0,0.0,0.0,0.0,0.0,0.0,,0.0,0.0,0.0,,0.0,0.0,0.0,0.0,0.0,0.0,0.0,0.0,0.0,,0.0,0.0,0.0,0.0,0.0,0.0,0.0,0.0,0.0,0.0,0.0,0.0
2/2/2026,2021.0,20220331.0,19324.0,2767.0,"HARVEST ALASKA, LLC",Crude Oil,INTERSTATE,,26.41,26.41,26.41,0.0,,79.23,34.0,0.0,34.0,,0.0,0.0,0.0,0.0,0.0,3.0,0.0,3.0,0.0,,0.0,0.0,0.0,0.0,0.0,0.0,0.0,,0.0,0.0,0.0,0.0,0.0,0.0,0.0,0.0,0.0,,0.0,0.0,0.0,,0.0,0.0,0.0,0.0,0.0,0.0,0.0,0.0,79.23,,0.0,3.0,0.0,0.0,0.0,0.0,0.0,26.41,26.41,0.0,0.0,0.0
2/2/2026,2021.0,20220331.0,19324.0,2767.0,"HARVEST ALASKA, LLC",Crude Oil,INTRASTATE,ALASKA,35.51,35.51,2.56,0.0,,73.58,1.0,2.0,3.0,,2.0,0.0,2.0,0.0,0.0,0.0,0.0,0.0,0.0,,0.0,0.0,0.0,0.0,0.0,0.0,0.0,,0.0,0.0,0.0,0.0,0.0,0.0,0.0,0.0,0.0,,0.0,0.0,0.0,,0.0,0.0,0.0,0.0,0.0,0.0,0.0,0.0,73.58,,2.0,0.0,0.0,0.0,0.0,0.0,0.0,21.05,21.05,0.0,14.46,14.46
2/2/2026,2021.0,20220231.0,19222.0,3445.0,DIXIE PIPELINE COMPANY LLC,HVL,INTERSTATE,,0.0,0.0,0.0,0.0,,0.0,23.0,19.0,42.0,,14.0,0.0,14.0,0.0,0.0,0.0,0.0,0.0,264.0,,18.0,8.0,2.0,0.0,0.0,0.0,0.0,,0.0,0.0,0.0,0.0,0.0,0.0,0.0,0.0,0.0,,0.0,0.0,0.0,,0.0,0.0,0.0,0.0,0.0,0.0,0.0,0.0,264.0,,32.0,10.0,10.0,0.0,18.0,0.0,0.0,107.0,107.0,0.0,157.0,157.0
2/2/2026,2021.0,20220036.0,18992.0,3527.0,DOW PIPELINE CO,HVL,INTRASTATE,TEXAS,95.19,95.19,0.0,0.0,,190.38,6.0,4.0,10.0,,0.0,0.0,0.0,0.0,0.0,0.0,0.0,0.0,0.05,,0.0,0.0,0.0,0.0,0.0,0.0,0.0,,,,,,,,,,0.0,,0.0,0.0,0.0,,,,,,,,,,190.43,,0.0,0.0,0.0,0.0,0.0,0.0,26.9,50.75,77.65,0.0,0.0,0.0
2/2/2026,2021.0,20220039.0,18996.0,3535.0,DOW PIPELINE CO,HVL,INTRASTATE,LOUISIANA,28.78,28.78,0.0,0.0,,57.56,2.0,0.0,2.0,,0.0,0.0,0.0,0.0,0.0,0.0,0.0,0.0,0.0,,0.0,0.0,0.0,0.0,0.0,0.0,0.0,,,,,,,,,,0.0,,0.0,0.0,0.0,,,,,,,,,,57.56,,0.0,0.0,0.0,0.0,0.0,0.0,0.0,4.82,4.82,0.0,0.0,0.0
2/2/2026,2021.0,20220507.0,19506.0,4430.0,VALERO TERMINALING AND DISTRIBUTION COMPANY,Crude Oil,INTERSTATE,,0.0,0.0,0.0,0.0,,0.0,0.0,0.0,0.0,,0.0,0.0,0.0,0.0,0.0,0.0,0.0,0.0,0.0,,0.0,0.0,0.0,0.0,0.0,0.0,0.0,,0.0,0.0,0.0,0.0,0.0,0.0,0.0,0.0,0.0,,0.0,0.0,0.0,,0.0,0.0,0.0,0.0,0.0,0.0,0.0,0.0,0.0,,0.0,0.0,0.0,0.0,0.0,0.0,0.0,0.0,0.0,0.0,0.0,0.0
2/2/2026,2021.0,20220507.0,19506.0,4430.0,VALERO TERMINALING AND DISTRIBUTION COMPANY,Crude Oil,INTRASTATE,TEXAS,,,,,,,,,,,,,,,,,,,,,,,,,,,,,,,,,,,,,,,,,,,,,,,,,,,,,,,,,,,,,,,,
2/2/2026,2021.0,20220610.0,20075.0,4430.0,VALERO TERMINALING AND DISTRIBUTION COMPANY,HVL,INTERSTATE,,52.12,52.12,0.0,0.0,,104.24,,3.0,3.0,,2.0,0.0,2.0,,,,,,0.0,,0.0,,,0.0,0.0,,0.0,,0.0,0.0,0.0,,,,,,0.0,,,0.0,0.0,,0.0,0.0,0.0,,,,,,104.24,,2.0,,,,0.0,0.0,,,,0.0,52.12,52.12
2/2/2026,2021.0,20220610.0,20075.0,4430.0,VALERO TERMINALING AND DISTRIBUTION COMPANY,HVL,INTRASTATE,TEXAS,18.37,18.37,0.0,0.0,,36.74,3.0,0.0,3.0,,0.0,0.0,0.0,0.0,0.0,0.0,0.0,0.0,0.0,,0.0,0.0,0.0,0.0,0.0,0.0,0.0,,0.0,0.0,0.0,0.0,0.0,0.0,0.0,0.0,0.0,,0.0,0.0,0.0,,0.0,0.0,0.0,0.0,0.0,0.0,0.0,0.0,36.74,,0.0,0.0,0.0,0.0,0.0,0.0,0.0,17.39,17.39,0.0,0.98,0.98
2/2/2026,2021.0,20220505.0,19504.0,4430.0,VALERO TERMINALING AND DISTRIBUTION COMPANY,Refined and/or Petroleum Product (non-HVL),INTERSTATE,,0.0,0.0,0.0,0.0,,0.0,6.0,0.0,6.0,,0.0,0.0,0.0,0.0,0.0,2.0,0.0,2.0,0.0,,0.0,0.0,0.0,0.0,0.0,0.0,0.0,,0.0,0.0,0.0,0.0,0.0,0.0,0.0,0.0,0.0,,0.0,0.0,0.0,,0.0,0.0,0.0,0.0,0.0,0.0,0.0,0.0,0.0,,0.0,2.0,0.0,0.0,0.0,0.0,0.0,0.0,0.0,0.0,0.0,0.0
2/2/2026,2021.0,20220101.0,19069.0,4461.0,"EOG RESOURCES, INC",Crude Oil,INTRASTATE,TEXAS,0.0,0.0,0.0,0.0,,0.0,0.0,0.0,0.0,,0.0,0.0,0.0,0.0,0.0,0.0,0.0,0.0,0.0,,0.0,0.0,0.0,0.0,0.0,0.0,0.0,,0.0,0.0,0.0,0.0,0.0,0.0,0.0,0.0,0.0,,0.0,0.0,0.0,,0.0,0.0,0.0,0.0,0.0,0.0,0.0,0.0,0.0,,0.0,0.0,0.0,0.0,0.0,0.0,0.0,0.0,0.0,0.0,0.0,0.0
2/2/2026,2021.0,20220169.0,19204.0,4472.0,CYPRESS INTERSTATE PIPELINE LLC,HVL,INTERSTATE,,0.0,0.0,0.0,0.0,,0.0,1.0,1.0,2.0,,0.0,0.0,0.0,0.0,0.0,0.0,0.0,0.0,0.0,,0.0,0.0,0.0,0.0,0.0,0.0,0.0,,0.0,0.0,0.0,0.0,0.0,0.0,0.0,0.0,0.0,,0.0,0.0,0.0,,0.0,0.0,0.0,0.0,0.0,0.0,0.0,0.0,0.0,,0.0,0.0,0.0,0.0,0.0,0.0,0.0,0.0,0.0,0.0,0.0,0.0
2/2/2026,2021.0,20220233.0,19224.0,4805.0,EXPLORER PIPELINE CO,Refined and/or Petroleum Product (non-HVL),INTERSTATE,,537.34,537.34,0.0,0.0,,1074.68,1.0,5.0,6.0,,360.0,0.0,360.0,1.0,2.0,6.0,1.0,10.0,2.23,,0.0,0.0,0.0,0.0,0.0,0.0,0.0,,0.0,0.0,0.0,0.0,0.0,0.0,0.0,0.0,0.0,,0.0,0.0,0.0,,0.0,0.0,0.0,0.0,0.0,0.0,0.0,0.0,1076.91,,360.0,10.0,0.0,0.0,0.0,0.0,0.0,528.11,528.11,0.0,11.46,11.46
2/2/2026,2021.0,20220340.0,19333.0,4906.0,EXXONMOBIL PIPELINE COMPANY LLC,Crude Oil,INTERSTATE,,10.72,19.62,,,,30.34,0.0,0.0,0.0,,0.0,0.0,0.0,0.0,0.0,0.0,0.0,0.0,10.55,,0.0,0.0,0.0,0.0,0.0,0.0,0.0,,0.0,0.0,0.0,0.0,0.0,0.0,0.0,0.0,0.0,,0.0,0.0,0.0,,0.0,0.0,0.0,0.0,0.0,0.0,0.0,0.0,40.89,,0.0,0.0,0.0,0.0,0.0,0.0,8.9,10.72,19.62,0.0,1.68,1.68
2/2/2026,2021.0,20220340.0,19333.0,4906.0,EXXONMOBIL PIPELINE COMPANY LLC,Crude Oil,INTRASTATE,MONTANA,0.0,0.0,0.0,0.0,,0.0,0.0,0.0,0.0,,0.0,0.0,0.0,0.0,0.0,0.0,0.0,0.0,70.62,,1.0,0.0,0.0,0.0,0.0,0.0,0.0,,0.0,0.0,0.0,0.0,0.0,0.0,0.0,0.0,0.0,,0.0,0.0,0.0,,0.0,0.0,0.0,0.0,0.0,0.0,0.0,0.0,70.62,,1.0,0.0,0.0,0.0,0.0,0.0,0.0,70.62,70.62,0.0,0.0,0.0
2/2/2026,2021.0,20220343.0,20610.0,4906.0,EXXONMOBIL PIPELINE COMPANY LLC,HVL,INTRASTATE,LOUISIANA,75.16,197.82,0.0,23.59,,296.57,0.0,0.0,0.0,,0.0,0.0,0.0,0.0,0.0,0.0,0.0,0.0,98.71,,0.0,0.0,0.0,5.42,0.0,0.0,0.0,,0.0,0.0,0.0,0.0,0.0,0.0,0.0,0.0,0.0,,0.0,0.0,0.0,,0.0,0.0,0.0,0.0,0.0,0.0,0.0,0.0,400.7,,0.0,0.0,0.0,0.0,0.0,0.0,75.12,91.83,166.95,0.0,0.0,0.0
2/2/2026,2021.0,20220343.0,20610.0,4906.0,EXXONMOBIL PIPELINE COMPANY LLC,HVL,INTRASTATE,TEXAS,48.83,48.83,0.0,0.0,,97.66,3.0,0.0,3.0,,4.0,0.0,4.0,0.0,0.0,0.0,32.0,32.0,38.68,,0.0,0.0,0.0,16.82,0.0,0.0,0.0,,0.0,0.0,0.0,0.0,0.0,0.0,0.0,0.0,0.0,,0.0,0.0,0.0,,0.0,0.0,0.0,0.0,0.0,0.0,0.0,0.0,153.16,,4.0,32.0,0.0,0.0,0.0,0.0,0.0,75.41,75.41,0.0,0.0,0.0
2/2/2026,2021.0,20220342.0,19335.0,4906.0,EXXONMOBIL PIPELINE COMPANY LLC,Refined and/or Petroleum Product (non-HVL),INTERSTATE,,0.0,0.0,0.0,0.0,,0.0,0.0,0.0,0.0,,0.0,0.0,0.0,0.0,0.0,0.0,0.0,0.0,0.0,,0.0,0.0,0.0,0.0,0.0,0.0,0.0,,0.0,0.0,0.0,0.0,0.0,0.0,0.0,0.0,0.0,,0.0,0.0,0.0,,0.0,0.0,0.0,0.0,0.0,0.0,0.0,0.0,0.0,,0.0,0.0,0.0,0.0,0.0,0.0,0.0,0.0,0.0,0.0,0.0,0.0
2/2/2026,2021.0,20220342.0,19335.0,4906.0,EXXONMOBIL PIPELINE COMPANY LLC,Refined and/or Petroleum Product (non-HVL),INTRASTATE,LOUISIANA,0.0,4.16,0.0,0.0,,4.16,0.0,0.0,0.0,,0.0,0.0,0.0,0.0,0.0,0.0,0.0,0.0,4.16,,0.0,0.0,0.0,0.0,0.0,0.0,0.0,,0.0,0.0,0.0,0.0,0.0,0.0,0.0,0.0,0.0,,0.0,0.0,0.0,,0.0,0.0,0.0,0.0,0.0,0.0,0.0,0.0,8.32,,0.0,0.0,0.0,0.0,0.0,0.0,4.16,0.0,4.16,0.0,0.0,0.0
2/2/2026,2021.0,20220342.0,19335.0,4906.0,EXXONMOBIL PIPELINE COMPANY LLC,Refined and/or Petroleum Product (non-HVL),INTRASTATE,TEXAS,5.33,8.55,0.0,0.0,,13.88,5.0,0.0,5.0,,5.0,3.0,2.0,3.0,0.0,2.0,7.0,12.0,3.23,,0.0,0.0,0.0,0.0,0.0,0.0,0.0,,0.0,0.0,0.0,0.0,0.0,0.0,0.0,0.0,0.0,,0.0,0.0,0.0,,0.0,0.0,0.0,0.0,0.0,0.0,0.0,0.0,17.11,,5.0,12.0,0.0,0.0,0.0,0.0,3.23,5.33,8.56,0.0,0.0,0.0
2/2/2026,2021.0,20220553.0,19555.0,4908.0,"EXXONMOBIL PRODUCTION COMPANY, A DIVISION OF EXXON MOBIL CORPORATION",CO2,INTRASTATE,WYOMING,,,,,,,,,,,,,,,,,,,,,,,,,,,,,,,,,,,,,,,,,,,,,,,,,,,,,,,,,,,,,,,,
2/2/2026,2021.0,20220554.0,19556.0,4908.0,"EXXONMOBIL PRODUCTION COMPANY, A DIVISION OF EXXON MOBIL CORPORATION",Crude Oil,INTERSTATE,,,,,,,,,,,,,,,,,,,,,,,,,,,,,,,,,,,,,,,,,,,,,,,,,,,,,,,,,,,,,,,,,
2/2/2026,2021.0,20220626.0,21665.0,5081.0,"COFFEYVILLE RESOURCES CRUDE TRANSPORTATION, LLC",Crude Oil,INTERSTATE,,86.85,86.85,,,,173.7,62.0,54.0,116.0,,54.0,0.0,54.0,0.0,2.0,17.0,43.0,62.0,0.0,,0.0,0.0,0.0,0.0,0.0,0.0,0.0,,0.0,0.0,0.0,0.0,0.0,0.0,0.0,0.0,,,0.0,0.0,0.0,,0.0,0.0,0.0,0.0,0.0,0.0,0.0,0.0,173.7,,54.0,62.0,46.0,0.0,12.0,0.0,0.0,0.0,0.0,0.0,0.0,0.0
2/2/2026,2021.0,20220626.0,21665.0,5081.0,"COFFEYVILLE RESOURCES CRUDE TRANSPORTATION, LLC",Crude Oil,INTRASTATE,OKLAHOMA,0.0,0.0,0.0,0.0,,0.0,0.0,0.0,0.0,,0.0,0.0,0.0,0.0,0.0,0.0,0.0,0.0,0.0,,0.0,0.0,0.0,0.0,0.0,0.0,0.0,,0.0,0.0,0.0,0.0,0.0,0.0,0.0,0.0,0.0,,0.0,0.0,0.0,,0.0,0.0,0.0,0.0,0.0,0.0,0.0,0.0,0.0,,0.0,0.0,0.0,0.0,0.0,0.0,0.0,0.0,0.0,0.0,0.0,0.0
2/2/2026,2021.0,20220721.0,19752.0,6911.0,GULF STATE PIPELINE CO INC,Refined and/or Petroleum Product (non-HVL),INTRASTATE,TEXAS,0.0,0.0,0.0,0.0,,0.0,,,,,1.0,,1.0,,,,1.0,1.0,4.68,,0.0,0.0,0.0,0.0,,,,,,,,,,,,,0.0,,,,,,,,,,,,,,4.68,,1.0,1.0,,,,,,,,,,
2/2/2026,2021.0,20220360.0,19354.0,7660.0,HUNT CRUDE OIL SUPPLY CO,Crude Oil,INTERSTATE,,53.0,53.0,,,,106.0,2.0,20.0,22.0,,,,,,,,,,,,,,,,,,,,,,,,,,,,,,,,,,,,,,,,,,106.0,,,,,,,,0.0,10.47,10.47,,,
2/2/2026,2021.0,20220360.0,19354.0,7660.0,HUNT CRUDE OIL SUPPLY CO,Crude Oil,INTRASTATE,ALABAMA,,,,,,,,,,,,,,,,,,,,,,,,,,,,,,,,,,,,,,,,,,,,,,,,,,,,,,,,,,,,,,,,
2/2/2026,2021.0,20220172.0,19153.0,8014.0,IDAHO PIPELINE CORP,Refined and/or Petroleum Product (non-HVL),INTRASTATE,IDAHO,,,,,,,,,,,,,,,,,,,,,,,,,,,,,,,,,,,,,,,,,,,,,,,,,,,,,,,,,,,,,,,,
2/2/2026,2021.0,20220099.0,20925.0,8175.0,INTERSTATE STORAGE & PIPELINE C0,Refined and/or Petroleum Product (non-HVL),INTRASTATE,NEW JERSEY,0.0,0.0,0.0,0.0,,0.0,0.0,0.0,0.0,,0.0,0.0,0.0,0.0,0.0,0.0,0.0,0.0,0.0,,0.0,0.0,0.0,0.0,0.0,0.0,0.0,,0.0,0.0,0.0,0.0,0.0,0.0,0.0,0.0,0.0,,0.0,0.0,0.0,,0.0,0.0,0.0,0.0,0.0,0.0,0.0,0.0,0.0,,0.0,0.0,0.0,0.0,0.0,0.0,0.0,0.0,0.0,0.0,0.0,0.0
2/2/2026,2021.0,20220215.0,19199.0,9175.0,JAYHAWK PIPELINE LLC,Crude Oil,INTERSTATE,,0.0,0.0,0.0,133.0,Combination with Seam,133.0,10.0,7.0,17.0,,7.0,0.0,7.0,2.0,0.0,8.0,0.0,10.0,0.0,,0.0,0.0,0.0,0.0,0.0,0.0,0.0,,0.0,0.0,0.0,0.0,0.0,0.0,0.0,0.0,0.0,,0.0,0.0,0.0,,0.0,0.0,0.0,0.0,0.0,0.0,0.0,0.0,133.0,,7.0,10.0,0.0,0.0,0.0,0.0,0.0,41.72,41.72,0.0,91.28,91.28
2/2/2026,2021.0,20220215.0,19199.0,9175.0,JAYHAWK PIPELINE LLC,Crude Oil,INTRASTATE,KANSAS,0.0,0.0,0.0,6.9,Combination,6.9,42.0,1.0,43.0,,1.0,0.0,1.0,2.0,0.0,40.0,0.0,42.0,0.0,,0.0,0.0,0.0,0.0,0.0,0.0,0.0,,0.0,0.0,0.0,0.0,0.0,0.0,0.0,0.0,0.0,,0.0,0.0,0.0,,0.0,0.0,0.0,0.0,0.0,0.0,0.0,0.0,6.9,,1.0,42.0,38.0,0.0,0.0,0.0,0.0,6.9,6.9,0.0,0.0,0.0
2/2/2026,2021.0,20220687.0,19702.0,10012.0,NUSTAR PIPELINE OPERATING PARTNERSHIP L.P.,HVL,INTERSTATE,,344.8,334.4,23.9,0.0,,703.1,197.0,7.0,204.0,,7.0,3.0,4.0,3.0,7.0,85.0,98.0,193.0,24.3,,0.0,0.0,0.0,0.0,0.0,0.0,0.0,,0.0,0.0,0.0,0.0,0.0,0.0,0.0,0.0,0.0,,0.0,0.0,0.0,,0.0,0.0,0.0,0.0,0.0,0.0,0.0,0.0,727.4,,7.0,193.0,0.0,0.0,0.0,0.0,44.3,251.7,296.0,5.2,44.0,49.2
2/2/2026,2021.0,20220691.0,19706.0,10012.0,NUSTAR PIPELINE OPERATING PARTNERSHIP L.P.,Refined and/or Petroleum Product (non-HVL),INTERSTATE,,212.74,212.74,109.12,0.0,,534.6,12.0,166.0,178.0,,165.0,52.0,113.0,6.0,0.0,1.0,5.0,12.0,0.0,,0.0,0.0,0.0,0.0,0.0,0.0,0.0,,0.0,0.0,0.0,0.0,0.0,0.0,0.0,0.0,0.0,,0.0,0.0,0.0,,0.0,0.0,0.0,0.0,0.0,0.0,0.0,0.0,534.6,,165.0,12.0,0.0,0.0,1.0,0.0,0.0,124.34,124.34,0.0,88.4,88.4
2/2/2026,2021.0,20220691.0,19706.0,10012.0,NUSTAR PIPELINE OPERATING PARTNERSHIP L.P.,Refined and/or Petroleum Product (non-HVL),INTRASTATE,WYOMING,0.0,0.0,0.0,0.0,,0.0,2.0,1.0,3.0,,1.0,1.0,0.0,2.0,0.0,0.0,0.0,2.0,0.0,,0.0,0.0,0.0,0.0,0.0,0.0,0.0,,0.0,0.0,0.0,0.0,0.0,0.0,0.0,0.0,0.0,,0.0,0.0,0.0,,0.0,0.0,0.0,0.0,0.0,0.0,0.0,0.0,0.0,,1.0,2.0,2.0,0.0,1.0,0.0,0.0,0.0,0.0,0.0,0.0,0.0
2/2/2026,2021.0,20220222.0,19213.0,10250.0,KIANTONE PIPELINE CORP,Crude Oil,INTERSTATE,,73.48,73.48,,,,146.96,2.0,10.0,12.0,,9.0,0.0,9.0,0.0,0.0,0.0,0.0,0.0,0.0,,0.0,0.0,0.0,0.0,,,,,,,,,,,,,82.44,Close Interval Survey,0.0,0.0,0.0,,0.0,0.0,0.0,0.0,0.0,0.0,0.0,0.0,229.4,,9.0,0.0,0.0,0.0,0.0,0.0,0.0,0.0,0.0,0.0,0.0,0.0
2/2/2026,2021.0,20220223.0,21619.0,10250.0,KIANTONE PIPELINE CORP,Refined and/or Petroleum Product (non-HVL),INTRASTATE,PENNSYLVANIA,3.45,3.45,3.45,0.0,,10.35,9.0,2.0,11.0,,1.0,0.0,1.0,0.0,0.0,0.0,0.0,0.0,0.0,,0.0,0.0,0.0,0.0,,,,,,,,,,,,,10.09,Close Interval Survey,0.0,0.0,0.0,,0.0,0.0,0.0,0.0,0.0,0.0,0.0,0.0,20.44,,1.0,0.0,0.0,0.0,0.0,0.0,0.0,3.45,3.45,0.0,0.0,0.0
2/2/2026,2021.0,20220551.0,19553.0,10346.0,KUPARUK TRANSPORTATION CO,Crude Oil,INTERSTATE,,27.697,27.697,0.0,0.0,,55.394,105.0,0.0,105.0,,0.0,0.0,0.0,0.0,0.0,0.0,0.0,0.0,0.0,,0.0,0.0,0.0,0.0,0.0,0.0,0.0,,0.0,0.0,0.0,0.0,0.0,0.0,0.0,0.0,0.107,RT UT VT,0.0,0.0,0.0,,0.0,0.0,0.0,0.0,0.0,0.0,0.0,0.0,55.501,,0.0,0.0,0.0,0.0,0.0,0.0,0.0,55.501,55.501,0.0,0.0,0.0
2/2/2026,2021.0,20220063.0,19022.0,11032.0,SPIRE MISSOURI INC. EAST,HVL,INTERSTATE,,0.0,0.0,0.0,0.0,,0.0,,,,,,,,,,,,,6.42,,0.0,0.0,0.0,0.0,,,,,,,,,,,,,0.0,,,,,,,,,,,,,,6.42,,0.0,0.0,0.0,0.0,0.0,0.0,0.0,6.42,6.42,0.0,0.0,0.0
2/2/2026,2021.0,20220255.0,19246.0,11169.0,"ENBRIDGE ENERGY, LIMITED PARTNERSHIP",Crude Oil,INTERSTATE,,1107.23,699.94,518.26,0.0,,2325.43,101.0,199.0,300.0,,63.0,0.0,63.0,8.0,1.0,56.0,0.0,65.0,0.0,,0.0,0.0,0.0,0.0,0.0,0.0,0.0,,0.0,0.0,0.0,0.0,0.0,0.0,0.0,0.0,0.0,,0.0,0.0,0.0,,0.0,0.0,0.0,0.0,0.0,0.0,0.0,0.0,2325.43,,63.0,65.0,0.0,0.0,0.0,0.0,0.0,649.94,649.94,0.0,629.2,629.2
2/2/2026,2021.0,20220253.0,19244.0,11169.0,"ENBRIDGE ENERGY, LIMITED PARTNERSHIP",HVL,INTERSTATE,,0.0,0.0,0.0,0.0,,0.0,5.0,4.0,9.0,,4.0,0.0,4.0,0.0,0.0,1.0,0.0,1.0,0.0,,0.0,0.0,0.0,0.0,0.0,0.0,0.0,,0.0,0.0,0.0,0.0,0.0,0.0,0.0,0.0,0.0,,0.0,0.0,0.0,,0.0,0.0,0.0,0.0,0.0,0.0,0.0,0.0,0.0,,4.0,1.0,0.0,0.0,0.0,0.0,0.0,0.0,0.0,0.0,0.0,0.0
2/2/2026,2021.0,20220629.0,19638.0,11551.0,"DELEK LOGISTICS OPERATING, LLC.",Crude Oil,INTERSTATE,,60.1,60.1,0.0,0.0,,120.2,0.0,4.0,4.0,,4.0,1.0,3.0,0.0,0.0,0.0,0.0,0.0,0.0,,0.0,0.0,0.0,0.0,0.0,0.0,,,0.0,0.0,0.0,0.0,0.0,0.0,0.0,0.0,0.0,,0.0,0.0,0.0,,0.0,0.0,0.0,0.0,0.0,0.0,0.0,0.0,120.2,,4.0,0.0,0.0,0.0,0.0,0.0,0.0,21.1,21.1,0.0,39.0,39.0
2/2/2026,2021.0,20220629.0,19638.0,11551.0,"DELEK LOGISTICS OPERATING, LLC.",Crude Oil,INTRASTATE,ARKANSAS,0.0,0.0,0.0,0.0,,0.0,0.0,0.0,0.0,,0.0,0.0,0.0,0.0,0.0,0.0,0.0,0.0,0.0,,0.0,0.0,0.0,0.0,0.0,0.0,0.0,,0.0,0.0,0.0,0.0,0.0,0.0,0.0,0.0,0.0,,0.0,0.0,0.0,,0.0,0.0,0.0,0.0,0.0,0.0,0.0,0.0,0.0,,0.0,0.0,0.0,0.0,0.0,0.0,0.0,0.0,0.0,0.0,0.0,0.0
2/2/2026,2021.0,20220629.0,19638.0,11551.0,"DELEK LOGISTICS OPERATING, LLC.",Crude Oil,INTRASTATE,TEXAS,0.0,0.0,0.0,0.0,,0.0,0.0,0.0,0.0,,0.0,0.0,0.0,0.0,0.0,0.0,0.0,0.0,189.49,,2.0,1.0,0.0,0.0,0.0,0.0,0.0,,0.0,0.0,0.0,0.0,0.0,0.0,0.0,0.0,0.0,,0.0,0.0,0.0,,0.0,0.0,0.0,0.0,0.0,0.0,0.0,0.0,189.49,,2.0,1.0,1.0,0.0,2.0,0.0,0.0,57.5,57.5,0.0,131.9,131.9
2/2/2026,2021.0,20220630.0,19639.0,11551.0,"DELEK LOGISTICS OPERATING, LLC.",Refined and/or Petroleum Product (non-HVL),INTRASTATE,ARKANSAS,0.0,0.0,0.0,0.0,,0.0,0.0,0.0,0.0,,0.0,0.0,0.0,0.0,0.0,0.0,0.0,0.0,0.0,,0.0,0.0,0.0,0.0,0.0,0.0,0.0,,0.0,0.0,0.0,0.0,0.0,0.0,0.0,0.0,0.0,,0.0,0.0,0.0,,0.0,0.0,0.0,0.0,0.0,0.0,0.0,0.0,0.0,,0.0,0.0,0.0,0.0,0.0,0.0,0.0,0.0,0.0,0.0,0.0,0.0
2/2/2026,2021.0,20220266.0,19257.0,11733.0,LOOP LLC,Crude Oil,INTERSTATE,,,,,,,,,1.0,1.0,,1.0,,1.0,,,,,,,,,,,,,,,,,,,,,,,,,,,,,,,,,,,,,,,,1.0,,,,,,,,,,,
2/2/2026,2021.0,20220267.0,19258.0,11733.0,LOOP LLC,Refined and/or Petroleum Product (non-HVL),INTERSTATE,,,,,,,,,,,,,,,,,,,,,,,,,,,,,,,,,,,,,,,,,,,,,,,,,,,,,,,,,,,,,,,,,
2/2/2026,2021.0,20220523.0,19523.0,12470.0,MID - VALLEY PIPELINE CO,Crude Oil,INTERSTATE,,124.0,124.0,124.0,0.0,,372.0,13.0,11.0,24.0,,11.0,1.0,10.0,2.0,1.0,4.0,0.0,7.0,71.0,,0.0,0.0,0.0,0.0,0.0,0.0,0.0,,0.0,0.0,0.0,0.0,0.0,0.0,0.0,0.0,0.0,,0.0,0.0,0.0,,0.0,0.0,0.0,0.0,0.0,0.0,0.0,0.0,443.0,,11.0,7.0,0.0,0.0,0.0,0.0,0.0,95.6,95.6,0.0,99.4,99.4
2/2/2026,2021.0,20220332.0,19325.0,12624.0,EXXONMOBIL OIL CORPORATION,Crude Oil,INTRASTATE,TEXAS,0.0,0.0,0.0,0.0,,0.0,0.0,0.0,0.0,,0.0,0.0,0.0,0.0,0.0,0.0,0.0,0.0,0.0,,0.0,0.0,0.0,0.0,0.0,0.0,0.0,,0.0,0.0,0.0,0.0,0.0,0.0,0.0,0.0,0.0,,0.0,0.0,0.0,,0.0,0.0,0.0,0.0,0.0,0.0,0.0,0.0,0.0,,0.0,0.0,0.0,0.0,0.0,0.0,0.0,0.0,0.0,0.0,0.0,0.0
2/2/2026,2021.0,20220334.0,19327.0,12624.0,EXXONMOBIL OIL CORPORATION,HVL,INTRASTATE,TEXAS,0.0,0.0,0.0,0.0,,0.0,0.0,0.0,0.0,,0.0,0.0,0.0,0.0,0.0,0.0,0.0,0.0,0.25,,0.0,0.0,0.0,0.0,0.0,0.0,0.0,,0.0,0.0,0.0,0.0,0.0,0.0,0.0,0.0,0.0,,0.0,0.0,0.0,,0.0,0.0,0.0,0.0,0.0,0.0,0.0,0.0,0.25,,0.0,0.0,0.0,0.0,0.0,0.0,0.25,0.0,0.25,0.0,0.0,0.0
2/2/2026,2021.0,20220333.0,19786.0,12624.0,EXXONMOBIL OIL CORPORATION,Refined and/or Petroleum Product (non-HVL),INTRASTATE,TEXAS,7.29,7.29,7.29,,,21.87,32.0,1.0,33.0,,31.0,0.0,31.0,0.0,0.0,1.0,29.0,30.0,0.0,,0.0,0.0,0.0,0.0,0.0,0.0,0.0,,0.0,0.0,0.0,0.0,0.0,0.0,0.0,0.0,0.0,,0.0,0.0,0.0,,0.0,0.0,0.0,0.0,0.0,0.0,0.0,0.0,21.87,,31.0,30.0,0.0,0.0,0.0,0.0,0.0,7.29,7.29,0.0,0.0,0.0
2/2/2026,2021.0,20220339.0,20037.0,12628.0,MOBIL  PIPE  LINE COMPANY,Crude Oil,INTERSTATE,,21.05,21.05,0.0,0.0,,42.1,0.0,0.0,0.0,,0.0,0.0,0.0,0.0,0.0,0.0,0.0,0.0,0.0,,0.0,0.0,0.0,0.0,0.0,0.0,0.0,,0.0,0.0,0.0,0.0,0.0,0.0,0.0,0.0,0.0,,0.0,0.0,0.0,,0.0,0.0,0.0,0.0,0.0,0.0,0.0,0.0,42.1,,0.0,0.0,0.0,0.0,0.0,0.0,0.0,21.05,21.05,0.0,0.0,0.0
2/2/2026,2021.0,20220337.0,19330.0,12628.0,MOBIL  PIPE  LINE COMPANY,HVL,INTRASTATE,TEXAS,0.0,0.0,0.0,0.0,,0.0,0.0,0.0,0.0,,0.0,0.0,0.0,0.0,0.0,0.0,0.0,0.0,0.0,,0.0,0.0,0.0,0.0,0.0,0.0,0.0,,0.0,0.0,0.0,0.0,0.0,0.0,0.0,0.0,0.0,,0.0,0.0,0.0,,0.0,0.0,0.0,0.0,0.0,0.0,0.0,0.0,0.0,,0.0,0.0,0.0,0.0,0.0,0.0,0.0,0.0,0.0,0.0,0.0,0.0
2/2/2026,2021.0,20220335.0,19328.0,12628.0,MOBIL  PIPE  LINE COMPANY,Refined and/or Petroleum Product (non-HVL),INTRASTATE,ILLINOIS,0.0,0.0,0.0,0.0,,0.0,0.0,0.0,0.0,,0.0,0.0,0.0,0.0,0.0,0.0,0.0,0.0,0.0,,0.0,0.0,0.0,0.0,0.0,0.0,0.0,,0.0,0.0,0.0,0.0,0.0,0.0,0.0,0.0,0.0,,0.0,0.0,0.0,,0.0,0.0,0.0,0.0,0.0,0.0,0.0,0.0,0.0,,0.0,0.0,0.0,0.0,0.0,0.0,0.0,0.0,0.0,0.0,0.0,0.0
2/2/2026,2021.0,20220328.0,19321.0,12634.0,EXXONMOBIL OIL CORPORATION,HVL,INTRASTATE,TEXAS,14.53,14.53,0.0,0.0,,29.06,1.0,0.0,1.0,,0.0,0.0,0.0,0.0,0.0,0.0,1.0,1.0,2.96,,0.0,0.0,0.0,0.0,0.0,0.0,0.0,,0.0,0.0,0.0,0.0,0.0,0.0,0.0,0.0,0.0,,0.0,0.0,0.0,,0.0,0.0,0.0,0.0,0.0,0.0,0.0,0.0,32.02,,0.0,1.0,0.0,0.0,0.0,0.0,0.07,17.42,17.49,0.0,0.0,0.0
2/2/2026,2021.0,20220469.0,19466.0,12913.0,SUPERIOR REFINING COMPANY LLC,Refined and/or Petroleum Product (non-HVL),INTRASTATE,WISCONSIN,0.753,0.753,0.0,0.0,,1.506,0.0,0.0,0.0,,0.0,0.0,0.0,0.0,0.0,0.0,0.0,0.0,5.568,,0.0,0.0,0.0,0.0,0.0,0.0,0.0,,0.0,0.0,0.0,0.0,0.0,0.0,0.0,0.0,0.0,,0.0,0.0,0.0,,0.0,0.0,0.0,0.0,0.0,0.0,0.0,0.0,7.074,,0.0,0.0,0.0,0.0,0.0,0.0,0.0,5.568,5.568,0.0,0.0,0.0
2/2/2026,2021.0,20220383.0,19379.0,14145.0,"ENLINK OHIO RIVER VALLEY PIPELINE, LLC",Crude Oil,INTERSTATE,,0.0,0.0,0.0,0.0,,0.0,0.0,0.0,0.0,,0.0,0.0,0.0,0.0,0.0,0.0,0.0,0.0,0.0,,0.0,0.0,0.0,0.0,0.0,0.0,0.0,,0.0,0.0,0.0,0.0,0.0,0.0,0.0,0.0,0.0,,0.0,0.0,0.0,,0.0,0.0,0.0,0.0,0.0,0.0,0.0,0.0,0.0,,0.0,0.0,0.0,0.0,0.0,0.0,0.0,0.0,0.0,0.0,0.0,0.0
2/2/2026,2021.0,20220071.0,19031.0,14194.0,"OILTANKING, HOUSTON LP",Refined and/or Petroleum Product (non-HVL),INTRASTATE,TEXAS,0.0,0.0,0.0,0.0,,0.0,0.0,0.0,0.0,,0.0,0.0,0.0,,,,0.0,0.0,,,,,,,0.0,0.0,0.0,,0.0,0.0,0.0,,,,0.0,0.0,,,0.0,0.0,0.0,,0.0,0.0,0.0,,,,0.0,0.0,0.0,,0.0,0.0,,,0.0,0.0,,,,,,
2/2/2026,2021.0,20220641.0,19743.0,15156.0,SINCLAIR TRANSPORTATION COMPANY,Crude Oil,INTERSTATE,,148.2,148.2,0.0,0.0,,296.4,0.0,4.0,4.0,,0.0,0.0,0.0,0.0,0.0,0.0,0.0,0.0,0.0,,0.0,0.0,0.0,0.0,0.0,0.0,0.0,,0.0,0.0,0.0,0.0,0.0,0.0,0.0,0.0,0.0,,0.0,0.0,0.0,,0.0,0.0,0.0,0.0,0.0,0.0,0.0,0.0,296.4,,0.0,0.0,0.0,0.0,0.0,0.0,0.0,0.0,0.0,0.0,0.0,0.0
2/2/2026,2021.0,20220672.0,19687.0,15156.0,SINCLAIR TRANSPORTATION COMPANY,Refined and/or Petroleum Product (non-HVL),INTERSTATE,,15.06,81.8,0.0,0.0,,96.86,31.0,0.0,31.0,,0.0,0.0,0.0,9.0,20.0,0.0,2.0,31.0,74.69,,0.0,1.0,1.0,0.0,0.0,0.0,0.0,,0.0,0.0,0.0,0.0,0.0,0.0,0.0,0.0,0.0,,0.0,0.0,0.0,,0.0,0.0,0.0,0.0,0.0,0.0,0.0,0.0,171.55,,0.0,33.0,0.0,0.0,0.0,0.0,0.0,0.0,0.0,0.0,0.0,0.0
2/2/2026,2021.0,20220441.0,19438.0,15485.0,PHILLIPS 66 COMPANY - SWEENY REFINERY,Crude Oil,INTRASTATE,TEXAS,0.0,0.0,0.0,0.0,,0.0,0.0,0.0,0.0,,0.0,0.0,0.0,0.0,0.0,0.0,0.0,0.0,0.0,,0.0,0.0,0.0,0.0,0.0,0.0,0.0,,,,,,,,,,0.0,,,,,,,,,,,,,,0.0,,0.0,0.0,0.0,0.0,0.0,0.0,0.0,0.0,0.0,0.0,0.0,0.0
2/2/2026,2021.0,20220443.0,19440.0,15485.0,PHILLIPS 66 COMPANY - SWEENY REFINERY,Refined and/or Petroleum Product (non-HVL),INTRASTATE,TEXAS,,,,,,,,,,,,,,,,,,,,,,,,,,,,,,,,,,,,,,,,,,,,,,,,,,,,,,,,,,,,,,,,
2/2/2026,2021.0,20220085.0,19048.0,15645.0,PLACID PIPELINE COMPANY LLC,Refined and/or Petroleum Product (non-HVL),INTRASTATE,LOUISIANA,,,,,,,0.0,0.0,0.0,,0.0,0.0,0.0,2.0,0.0,7.0,0.0,9.0,0.0,,0.0,0.0,0.0,0.0,0.0,0.0,0.0,,0.0,0.0,0.0,0.0,0.0,0.0,0.0,0.0,0.0,,0.0,0.0,0.0,,0.0,0.0,0.0,0.0,0.0,0.0,0.0,0.0,0.0,,0.0,9.0,0.0,0.0,0.0,0.0,0.0,0.0,0.0,0.0,0.0,0.0
2/2/2026,2021.0,20220279.0,19271.0,15674.0,PRODUCTS (SE) PIPE LINE CORPORATION,Refined and/or Petroleum Product (non-HVL),INTERSTATE,,672.08,672.08,105.8,0.0,,1449.96,338.0,5.0,343.0,,2.0,0.0,2.0,14.0,30.0,3.0,194.0,241.0,0.0,,0.0,0.0,0.0,0.0,0.0,0.0,0.0,,0.0,0.0,0.0,0.0,0.0,0.0,0.0,0.0,0.0,,0.0,0.0,0.0,,0.0,0.0,0.0,0.0,0.0,0.0,0.0,0.0,1449.96,,2.0,241.0,2.0,0.0,0.0,0.0,0.0,369.56,369.56,0.0,408.32,408.32
2/2/2026,2021.0,20220264.0,19255.0,15774.0,NORTH DAKOTA PIPELINE COMPANY LLC,Crude Oil,INTERSTATE,,53.06,53.06,0.0,0.0,,106.12,35.0,34.0,69.0,,26.0,2.0,24.0,0.0,0.0,8.0,0.0,8.0,0.0,,0.0,0.0,0.0,0.0,0.0,0.0,0.0,,0.0,0.0,0.0,0.0,0.0,0.0,0.0,0.0,0.0,,0.0,0.0,0.0,,0.0,0.0,0.0,0.0,0.0,0.0,0.0,0.0,106.12,,26.0,8.0,0.0,0.0,0.0,0.0,0.0,0.76,0.76,0.0,52.65,52.65
2/2/2026,2021.0,20220648.0,19662.0,15786.0,PORTLAND PIPE LINE CORPORATION,Crude Oil,INTERSTATE,,332.0,166.0,166.0,166.0,inertial mapping unit,830.0,1.0,4.0,5.0,,0.0,0.0,0.0,0.0,0.0,0.0,1.0,1.0,0.0,,0.0,0.0,0.0,0.0,0.0,0.0,0.0,,0.0,0.0,0.0,0.0,0.0,0.0,0.0,0.0,0.0,,0.0,0.0,0.0,,0.0,0.0,0.0,0.0,0.0,0.0,0.0,0.0,830.0,,0.0,1.0,0.0,0.0,0.0,0.0,0.0,75.3,75.3,0.0,90.7,90.7
2/2/2026,2021.0,20220109.0,19080.0,15825.0,EAGLE US 2 LLC,HVL,INTERSTATE,,,,,,,,,,,,,,,,,,,,,,,,,,,,,,,,,,,,,,,,,,,,,,,,,,,,,,,,,,,,,,,,,
2/2/2026,2021.0,20220631.0,19640.0,15851.0,"DELEK MARKETING AND SUPPLY, LP",Crude Oil,INTRASTATE,TEXAS,0.0,0.0,0.0,0.0,,0.0,0.0,0.0,0.0,,0.0,0.0,0.0,0.0,0.0,0.0,0.0,0.0,0.0,,0.0,0.0,0.0,0.0,0.0,0.0,0.0,,0.0,0.0,0.0,0.0,0.0,0.0,0.0,0.0,0.0,,0.0,0.0,0.0,,0.0,0.0,0.0,0.0,0.0,0.0,0.0,0.0,0.0,,0.0,0.0,0.0,0.0,0.0,0.0,0.0,0.0,0.0,0.0,0.0,0.0
2/2/2026,2021.0,20220632.0,19641.0,15851.0,"DELEK MARKETING AND SUPPLY, LP",Refined and/or Petroleum Product (non-HVL),INTRASTATE,TEXAS,0.0,0.0,0.0,0.0,,0.0,0.0,0.0,0.0,,0.0,0.0,0.0,0.0,0.0,0.0,0.0,0.0,0.0,,0.0,0.0,0.0,0.0,0.0,0.0,0.0,,0.0,0.0,0.0,0.0,0.0,0.0,0.0,0.0,0.0,,0.0,0.0,0.0,,0.0,0.0,0.0,0.0,0.0,0.0,0.0,0.0,0.0,,0.0,0.0,0.0,0.0,0.0,0.0,0.0,0.0,0.0,0.0,0.0,0.0
2/2/2026,2021.0,20220177.0,19158.0,15915.0,"PIPELINES OF PUERTO RICO INCD, THE",Refined and/or Petroleum Product (non-HVL),INTRASTATE,PUERTO RICO,0.0,0.0,0.0,0.0,,0.0,0.0,0.0,0.0,,0.0,0.0,0.0,0.0,0.0,0.0,0.0,0.0,0.0,,0.0,0.0,0.0,0.0,0.0,0.0,0.0,,0.0,0.0,0.0,0.0,0.0,0.0,0.0,0.0,0.0,,0.0,0.0,0.0,,0.0,0.0,0.0,0.0,0.0,0.0,0.0,0.0,0.0,,0.0,0.0,0.0,0.0,0.0,0.0,0.0,0.0,0.0,0.0,0.0,0.0
2/2/2026,2021.0,20220193.0,22500.0,15979.0,"ERGON TERMINALING, INC.",Crude Oil,INTERSTATE,,0.0,0.0,0.0,0.0,,0.0,0.0,0.0,0.0,,0.0,0.0,0.0,0.0,0.0,0.0,0.0,0.0,0.0,,0.0,0.0,0.0,0.0,0.0,0.0,0.0,,0.0,0.0,0.0,0.0,0.0,0.0,0.0,0.0,0.0,,0.0,0.0,0.0,,0.0,0.0,0.0,0.0,0.0,0.0,0.0,0.0,0.0,,0.0,0.0,0.0,0.0,0.0,0.0,0.0,0.0,0.0,0.0,0.0,0.0
2/2/2026,2021.0,20220300.0,19850.0,18092.0,"SFPP, LP",Refined and/or Petroleum Product (non-HVL),INTERSTATE,,169.94,169.94,93.13,0.0,,433.01,203.0,3.0,206.0,,2.0,0.0,2.0,0.0,0.0,2.0,181.0,183.0,0.0,,0.0,0.0,0.0,0.0,0.0,0.0,0.0,,0.0,0.0,0.0,0.0,0.0,0.0,0.0,0.0,0.0,,0.0,0.0,0.0,,0.0,0.0,0.0,0.0,0.0,0.0,0.0,0.0,433.01,,2.0,183.0,124.0,5.0,0.0,0.0,0.0,210.36,210.36,0.0,39.48,39.48
2/2/2026,2021.0,20220300.0,19850.0,18092.0,"SFPP, LP",Refined and/or Petroleum Product (non-HVL),INTRASTATE,CALIFORNIA,44.51,44.51,285.55,0.0,,374.57,41.0,0.0,41.0,,0.0,0.0,0.0,0.0,0.0,2.0,22.0,24.0,7.28,,0.0,0.0,0.0,0.0,0.0,0.0,0.0,,0.0,0.0,0.0,0.0,0.0,0.0,0.0,0.0,0.0,,0.0,0.0,0.0,,0.0,0.0,0.0,0.0,0.0,0.0,0.0,0.0,381.85,,0.0,24.0,0.0,0.0,0.0,0.0,0.0,235.0,235.0,0.0,83.95,83.95
2/2/2026,2021.0,20220305.0,19297.0,18275.0,SHELL CHEMICAL CO,Crude Oil,INTRASTATE,ALABAMA,,,,,,,,,,,,,,,,,,,,,,,,,,,,,,,,,,,,,,,,,,,,,,,,,,,,,,,,,,,,,,,,
2/2/2026,2021.0,20220306.0,19298.0,18275.0,SHELL CHEMICAL CO,Refined and/or Petroleum Product (non-HVL),INTRASTATE,ALABAMA,,,,,,,,,,,,,,,,,,,,,,,,,,,,,,,,,,,,,,,,,,,,,,,,,,,,,,,,,,,,,,,,
2/2/2026,2021.0,20220244.0,19235.0,18386.0,BP OIL PIPELINE CO,Refined and/or Petroleum Product (non-HVL),INTERSTATE,,22.1,22.1,22.1,0.0,,66.3,4.0,0.0,4.0,,0.0,0.0,0.0,0.0,0.0,0.0,0.0,0.0,0.0,,0.0,0.0,0.0,0.0,0.0,0.0,0.0,,0.0,0.0,0.0,0.0,0.0,0.0,0.0,0.0,0.0,,0.0,0.0,0.0,,0.0,0.0,0.0,0.0,0.0,0.0,0.0,0.0,66.3,,0.0,0.0,2.0,0.0,0.0,0.0,0.0,22.1,22.1,0.0,0.0,0.0
2/2/2026,2021.0,20220244.0,19235.0,18386.0,BP OIL PIPELINE CO,Refined and/or Petroleum Product (non-HVL),INTRASTATE,OHIO,0.0,0.0,0.0,0.0,,0.0,9.0,0.0,9.0,,0.0,0.0,0.0,0.0,0.0,1.0,0.0,1.0,0.0,,0.0,0.0,0.0,0.0,0.0,0.0,0.0,,0.0,0.0,0.0,0.0,0.0,0.0,0.0,0.0,0.0,,0.0,0.0,0.0,,0.0,0.0,0.0,0.0,0.0,0.0,0.0,0.0,0.0,,0.0,1.0,0.0,0.0,0.0,0.0,0.0,0.0,0.0,0.0,0.0,0.0
2/2/2026,2021.0,20220021.0,18973.0,18667.0,FREEPORT-MCMORAN OIL & GAS,Crude Oil,INTERSTATE,,21.96,,,,,21.96,,,,,,,,,,,,,,,,,,,,,,,,,,,,,,,,,,,,,,,,,,,,,21.96,,,,,,,,,,,,,
2/2/2026,2021.0,20220392.0,19617.0,18678.0,ST LOUIS PIPELINE OPERATING LLC,Refined and/or Petroleum Product (non-HVL),INTERSTATE,,0.0,0.0,0.0,0.0,,0.0,0.0,0.0,0.0,,0.0,0.0,0.0,0.0,0.0,0.0,0.0,0.0,1.05,,0.0,0.0,0.0,0.0,0.0,0.0,0.0,,0.0,0.0,0.0,0.0,0.0,0.0,0.0,0.0,0.0,,0.0,0.0,0.0,,0.0,0.0,0.0,0.0,0.0,0.0,0.0,0.0,1.05,,0.0,0.0,,,,,1.05,0.0,1.05,0.0,0.0,0.0
2/2/2026,2021.0,20220527.0,19527.0,18718.0,SUNOCO PIPELINE L.P.,Crude Oil,INTERSTATE,,125.6,125.6,0.0,0.0,,251.2,2.0,0.0,2.0,,0.0,0.0,0.0,2.0,0.0,0.0,0.0,2.0,0.0,,0.0,0.0,0.0,0.0,0.0,0.0,0.0,,0.0,0.0,0.0,0.0,0.0,0.0,0.0,0.0,0.0,,0.0,0.0,0.0,,0.0,0.0,0.0,0.0,0.0,0.0,0.0,0.0,251.2,,0.0,2.0,0.0,0.0,0.0,0.0,0.0,80.6,80.6,0.0,169.8,169.8
2/2/2026,2021.0,20220527.0,19527.0,18718.0,SUNOCO PIPELINE L.P.,Crude Oil,INTRASTATE,OKLAHOMA,20.2,20.0,0.0,0.0,,40.2,4.0,0.0,4.0,,4.0,0.0,4.0,0.0,0.0,0.0,0.0,0.0,0.0,,0.0,0.0,0.0,0.0,0.0,0.0,0.0,,0.0,0.0,0.0,0.0,0.0,0.0,0.0,0.0,0.0,,0.0,0.0,0.0,,0.0,0.0,0.0,0.0,0.0,0.0,0.0,0.0,40.2,,4.0,0.0,0.0,0.0,0.0,0.0,0.0,26.7,26.7,0.0,13.7,13.7
2/2/2026,2021.0,20220527.0,19527.0,18718.0,SUNOCO PIPELINE L.P.,Crude Oil,INTRASTATE,TEXAS,267.9,267.9,0.0,0.0,,535.8,31.0,78.0,109.0,,108.0,13.0,95.0,5.0,1.0,13.0,0.0,19.0,0.0,,0.0,0.0,0.0,0.0,0.0,0.0,0.0,,0.0,0.0,0.0,0.0,0.0,0.0,0.0,0.0,0.0,,0.0,0.0,0.0,,0.0,0.0,0.0,0.0,0.0,0.0,0.0,0.0,535.8,,108.0,19.0,0.0,0.0,0.0,0.0,0.0,94.1,94.1,0.0,441.7,441.7
2/2/2026,2021.0,20220525.0,22532.0,18718.0,SUNOCO PIPELINE L.P.,HVL,INTERSTATE,,333.9,398.4,0.0,0.0,,732.3,28.0,6.0,34.0,,4.0,1.0,3.0,5.0,3.0,8.0,0.0,16.0,248.8,,0.0,0.0,0.0,0.0,0.0,0.0,0.0,,0.0,0.0,0.0,0.0,0.0,0.0,0.0,0.0,0.0,,0.0,0.0,0.0,,0.0,0.0,0.0,0.0,0.0,0.0,0.0,0.0,981.1,,4.0,16.0,0.0,0.0,0.0,0.0,46.2,371.2,417.4,3.6,227.1,230.7
2/2/2026,2021.0,20220528.0,22527.0,18718.0,SUNOCO PIPELINE L.P.,Refined and/or Petroleum Product (non-HVL),INTERSTATE,,220.9,220.9,0.0,0.0,,441.8,74.0,29.0,103.0,,30.0,0.0,30.0,2.0,0.0,62.0,0.0,64.0,0.0,,0.0,0.0,0.0,0.0,0.0,0.0,0.0,,0.0,0.0,0.0,0.0,0.0,0.0,0.0,0.0,0.0,,0.0,0.0,0.0,,0.0,0.0,0.0,0.0,0.0,0.0,0.0,0.0,441.8,,30.0,64.0,0.0,0.0,0.0,0.0,0.0,173.0,173.0,0.0,47.9,47.9
2/2/2026,2021.0,20220528.0,22527.0,18718.0,SUNOCO PIPELINE L.P.,Refined and/or Petroleum Product (non-HVL),INTRASTATE,MASSACHUSETTS,0.0,0.0,0.0,0.0,,0.0,0.0,0.0,0.0,,0.0,0.0,0.0,0.0,0.0,0.0,0.0,0.0,0.0,,0.0,0.0,0.0,0.0,0.0,0.0,0.0,,0.0,0.0,0.0,0.0,0.0,0.0,0.0,0.0,0.0,,0.0,0.0,0.0,,0.0,0.0,0.0,0.0,0.0,0.0,0.0,0.0,0.0,,0.0,0.0,0.0,0.0,0.0,0.0,0.0,0.0,0.0,0.0,0.0,0.0
2/2/2026,2021.0,20220528.0,22527.0,18718.0,SUNOCO PIPELINE L.P.,Refined and/or Petroleum Product (non-HVL),INTRASTATE,TEXAS,23.7,23.7,0.0,0.0,,47.4,26.0,0.0,26.0,,0.0,0.0,0.0,0.0,0.0,3.0,0.0,3.0,0.0,,0.0,0.0,0.0,0.0,0.0,0.0,0.0,,0.0,0.0,0.0,0.0,0.0,0.0,0.0,0.0,0.0,,0.0,0.0,0.0,,0.0,0.0,0.0,0.0,0.0,0.0,0.0,0.0,47.4,,0.0,3.0,0.0,0.0,0.0,0.0,0.0,16.7,16.7,0.0,7.1,7.1
2/2/2026,2021.0,20220645.0,19659.0,19319.0,"TPC GROUP, LLC",HVL,INTRASTATE,LOUISIANA,0.0,0.0,0.0,0.0,,0.0,0.0,0.0,0.0,,0.0,0.0,0.0,0.0,0.0,0.0,0.0,0.0,1.9,,0.0,0.0,0.0,0.0,0.0,0.0,0.0,,0.0,0.0,0.0,0.0,0.0,0.0,0.0,0.0,0.0,,0.0,0.0,0.0,,0.0,0.0,0.0,0.0,0.0,0.0,0.0,0.0,1.9,,0.0,0.0,0.0,0.0,0.0,0.0,0.0,1.871,1.871,0.0,0.0,0.0
2/2/2026,2021.0,20220645.0,19659.0,19319.0,"TPC GROUP, LLC",HVL,INTRASTATE,TEXAS,0.0,0.0,0.0,0.0,,0.0,4.0,0.0,4.0,,0.0,0.0,0.0,0.0,0.0,1.0,3.0,4.0,1.441,,0.0,0.0,0.0,0.0,0.0,0.0,0.0,,0.0,0.0,0.0,0.0,0.0,0.0,0.0,0.0,0.0,,0.0,0.0,0.0,,0.0,0.0,0.0,0.0,0.0,0.0,0.0,0.0,1.441,,0.0,4.0,4.0,0.0,0.0,0.0,0.0,1.441,1.441,0.0,0.0,0.0
2/2/2026,2021.0,20220646.0,19660.0,19319.0,"TPC GROUP, LLC",Refined and/or Petroleum Product (non-HVL),INTRASTATE,LOUISIANA,0.0,0.0,0.0,0.0,,0.0,0.0,0.0,0.0,,0.0,0.0,0.0,0.0,0.0,0.0,0.0,0.0,0.0,,0.0,0.0,0.0,0.0,0.0,0.0,0.0,,0.0,0.0,0.0,0.0,0.0,0.0,0.0,0.0,0.0,,0.0,0.0,0.0,,0.0,0.0,0.0,0.0,0.0,0.0,0.0,0.0,0.0,,0.0,0.0,0.0,0.0,0.0,0.0,0.0,0.0,0.0,0.0,0.0,0.0
2/2/2026,2021.0,20220646.0,19660.0,19319.0,"TPC GROUP, LLC",Refined and/or Petroleum Product (non-HVL),INTRASTATE,TEXAS,0.0,0.0,0.0,0.0,,0.0,0.0,0.0,0.0,,0.0,0.0,0.0,0.0,0.0,0.0,0.0,0.0,0.0,,0.0,0.0,0.0,0.0,0.0,0.0,0.0,,0.0,0.0,0.0,0.0,0.0,0.0,0.0,0.0,0.0,,0.0,0.0,0.0,,0.0,0.0,0.0,0.0,0.0,0.0,0.0,0.0,0.0,,0.0,0.0,0.0,0.0,0.0,0.0,0.0,0.0,0.0,0.0,0.0,0.0
2/2/2026,2021.0,20220436.0,19433.0,19410.0,THUMS LONG BEACH CO,Crude Oil,INTRASTATE,CALIFORNIA,9.31,9.31,,,,18.62,0.0,1.0,1.0,,1.0,,1.0,0.0,0.0,0.0,0.0,0.0,,,,,,,,,,,,,,,,,,,,,,,,,,,,,,,,,18.62,,1.0,0.0,,,1.0,,,8.31,8.31,,,
2/2/2026,2021.0,20220324.0,19317.0,19585.0,TRANS MOUNTAIN PIPELINE (PUGET SOUND) LLC,Crude Oil,INTERSTATE,,0.0,0.0,0.0,0.0,,0.0,2.0,4.0,6.0,,3.0,0.0,3.0,0.0,0.0,0.0,0.0,0.0,0.0,,0.0,0.0,0.0,0.0,0.0,0.0,0.0,,0.0,0.0,0.0,0.0,0.0,0.0,0.0,0.0,0.0,,0.0,0.0,0.0,,0.0,0.0,0.0,0.0,0.0,0.0,0.0,0.0,0.0,,3.0,0.0,0.0,0.0,0.0,0.0,0.0,0.0,0.0,0.0,0.0,0.0
2/2/2026,2021.0,20220034.0,18990.0,19892.0,UCAR PIPELINE INCORPORATED,HVL,INTRASTATE,LOUISIANA,0.0,0.0,0.0,0.0,,0.0,0.0,0.0,0.0,,0.0,0.0,0.0,0.0,0.0,0.0,0.0,0.0,0.0,,0.0,0.0,0.0,0.0,0.0,0.0,0.0,,,,,,,,,,0.0,,0.0,0.0,0.0,,,,,,,,,,0.0,,0.0,0.0,0.0,0.0,0.0,0.0,0.0,0.0,0.0,0.0,0.0,0.0
2/2/2026,2021.0,20220073.0,19033.0,20046.0,UNION CARBIDE CHEMICALS & PLASTICS CO INC,HVL,INTRASTATE,WEST VIRGINIA,0.0,0.0,0.0,0.0,,0.0,0.0,0.0,0.0,,0.0,0.0,0.0,0.0,0.0,0.0,0.0,0.0,0.0,,0.0,0.0,0.0,0.0,0.0,0.0,0.0,,0.0,0.0,0.0,0.0,0.0,0.0,0.0,0.0,0.0,,0.0,0.0,0.0,,0.0,0.0,0.0,0.0,0.0,0.0,,0.0,0.0,,0.0,0.0,0.0,0.0,0.0,0.0,0.0,0.0,0.0,0.0,0.0,0.0
2/2/2026,2021.0,20220295.0,19287.0,20202.0,ULTRAMAR INC.,Crude Oil,INTRASTATE,CALIFORNIA,,,,,,,,,,,,,,,,,,,0.32,,,,,,,,,,,,,,,,,,,,,,,,,,,,,,,,0.32,,,,,,,,,0.32,0.32,,,
2/2/2026,2021.0,20220296.0,19288.0,20202.0,ULTRAMAR INC.,HVL,INTRASTATE,CALIFORNIA,,,,,,,,,,,,,,,,,,,,,,,,,,,,,,,,,,,,,,,,,,,,,,,,,,,,,,,,,,,,,,,,
2/2/2026,2021.0,20220294.0,19286.0,20202.0,ULTRAMAR INC.,Refined and/or Petroleum Product (non-HVL),INTRASTATE,CALIFORNIA,,,,,,,,,,,,,,,,,,,1.01,,,,,,,,,,,,,,,,,,,,,,,,,,,,,,,,1.01,,,,,,,,,1.01,1.01,,,
2/2/2026,2021.0,20220476.0,19473.0,21359.0,SASOL CHEMICALS USA LLC,Refined and/or Petroleum Product (non-HVL),INTRASTATE,LOUISIANA,0.0,0.0,0.0,0.0,,0.0,0.0,0.0,0.0,,0.0,0.0,0.0,0.0,0.0,0.0,0.0,0.0,0.0,,0.0,0.0,0.0,0.0,0.0,0.0,0.0,,0.0,0.0,0.0,0.0,0.0,0.0,0.0,0.0,0.0,,0.0,0.0,0.0,,0.0,0.0,0.0,0.0,0.0,0.0,0.0,0.0,0.0,,0.0,0.0,0.0,0.0,0.0,0.0,0.0,0.0,0.0,0.0,0.0,0.0
2/2/2026,2021.0,20220373.0,19368.0,22430.0,WEST SHORE PIPELINE CO,Crude Oil,INTERSTATE,,0.0,0.0,0.0,0.0,,0.0,0.0,0.0,0.0,,0.0,0.0,0.0,0.0,0.0,0.0,0.0,0.0,0.0,,0.0,0.0,0.0,0.0,0.0,0.0,0.0,,0.0,0.0,0.0,0.0,0.0,0.0,0.0,0.0,0.0,,0.0,0.0,0.0,,0.0,0.0,0.0,0.0,0.0,0.0,0.0,0.0,0.0,,0.0,0.0,0.0,0.0,0.0,0.0,0.0,0.0,0.0,0.0,0.0,0.0
2/2/2026,2021.0,20220374.0,19369.0,22430.0,WEST SHORE PIPELINE CO,Refined and/or Petroleum Product (non-HVL),INTERSTATE,,31.123,31.123,26.09,5.034,XYZ Mapping,93.37,28.0,1.0,29.0,,1.0,0.0,1.0,0.0,0.0,3.0,25.0,28.0,0.83,,0.0,0.0,0.0,0.0,0.0,0.0,0.0,,0.0,0.0,0.0,0.0,0.0,0.0,0.0,0.0,0.0,,0.0,0.0,0.0,,0.0,0.0,0.0,0.0,0.0,0.0,0.0,0.0,94.2,,1.0,28.0,0.0,0.0,0.0,0.0,0.0,29.078,29.078,0.0,2.879,2.879
2/2/2026,2021.0,20220529.0,19530.0,22442.0,WEST TEXAS GULF PIPELINE CO,Crude Oil,INTERSTATE,,0.0,0.0,0.0,0.0,,0.0,37.0,43.0,80.0,,34.0,3.0,31.0,6.0,0.0,23.0,0.0,29.0,0.0,,0.0,0.0,0.0,0.0,0.0,0.0,0.0,,0.0,0.0,0.0,0.0,0.0,0.0,0.0,0.0,0.0,,0.0,0.0,0.0,,0.0,0.0,0.0,0.0,0.0,0.0,0.0,0.0,0.0,,34.0,29.0,0.0,0.0,0.0,0.0,0.0,0.0,0.0,0.0,0.0,0.0
2/2/2026,2021.0,20220157.0,19135.0,22610.0,"MAGELLAN PIPELINE COMPANY, LP",Crude Oil,INTERSTATE,,268.31,268.31,0.0,0.0,,536.62,35.0,77.0,112.0,,77.0,0.0,77.0,2.0,0.0,5.0,28.0,35.0,0.0,,0.0,0.0,0.0,,,,,,,,,,,,,,,,,,,,,,,,,,,,536.62,,77.0,35.0,0.0,0.0,0.0,0.0,0.0,95.36,95.36,0.0,172.95,172.95
2/2/2026,2021.0,20220157.0,19135.0,22610.0,"MAGELLAN PIPELINE COMPANY, LP",Crude Oil,INTRASTATE,OKLAHOMA,45.74,45.74,45.74,0.0,,137.22,0.0,0.0,0.0,,0.0,0.0,0.0,0.0,0.0,0.0,0.0,0.0,0.0,,0.0,0.0,0.0,,,,,,,,,,,,,,,,,,,,,,,,,,,,137.22,,0.0,0.0,0.0,0.0,0.0,0.0,0.0,12.5,12.5,0.0,33.24,33.24
2/2/2026,2021.0,20220158.0,19136.0,22610.0,"MAGELLAN PIPELINE COMPANY, LP",HVL,INTERSTATE,,113.16,113.16,113.16,0.0,,339.48,54.0,62.0,116.0,,62.0,0.0,62.0,2.0,1.0,6.0,45.0,54.0,0.0,,0.0,0.0,0.0,,,,,,,,,,,,,,,,,,,,,,,,,,,,339.48,,62.0,54.0,0.0,0.0,0.0,0.0,0.0,30.02,30.02,0.0,83.14,83.14
2/2/2026,2021.0,20220159.0,19137.0,22610.0,"MAGELLAN PIPELINE COMPANY, LP",Refined and/or Petroleum Product (non-HVL),INTERSTATE,,2431.73,2444.87,2367.52,0.0,,7244.12,896.0,1673.0,2569.0,,1673.0,1.0,1672.0,32.0,18.0,130.0,716.0,896.0,26.42,,0.0,3.0,0.0,,,,,,,,,,,,,,,,,,,,,,,,,,,,7270.54,,1673.0,899.0,7.0,0.0,0.0,0.0,0.0,1273.36,1273.36,0.0,1796.23,1796.23
2/2/2026,2021.0,20220159.0,19137.0,22610.0,"MAGELLAN PIPELINE COMPANY, LP",Refined and/or Petroleum Product (non-HVL),INTRASTATE,TEXAS,0.0,0.0,0.0,0.0,,0.0,0.0,0.0,0.0,,0.0,0.0,0.0,0.0,0.0,0.0,0.0,0.0,0.0,,0.0,0.0,0.0,,,,,,,,,,,,,,,,,,,,,,,,,,,,0.0,,0.0,0.0,0.0,0.0,0.0,0.0,0.0,0.0,0.0,0.0,0.0,0.0
2/2/2026,2021.0,20220440.0,19437.0,22830.0,WOLVERINE PIPELINE CO,Refined and/or Petroleum Product (non-HVL),INTERSTATE,,120.8,98.23,98.23,,,317.26,51.0,18.0,69.0,,0.0,0.0,0.0,18.0,1.0,9.0,0.0,28.0,98.0,,0.0,0.0,0.0,0.0,0.0,0.0,0.0,,0.0,0.0,0.0,0.0,0.0,0.0,0.0,0.0,0.0,,0.0,0.0,0.0,,0.0,0.0,0.0,0.0,0.0,0.0,0.0,0.0,415.26,,0.0,28.0,,,,,0.0,86.65,86.65,0.0,34.15,34.15
2/2/2026,2021.0,20220311.0,19303.0,22855.0,"FLINT HILLS RESOURCES, LC",Crude Oil,INTERSTATE,,591.44,591.44,290.37,584.86,Helical MFL,2058.11,107.0,26.0,133.0,,14.0,0.0,14.0,0.0,0.0,4.0,80.0,84.0,0.0,,0.0,0.0,0.0,0.0,0.0,0.0,0.0,,0.0,0.0,0.0,0.0,0.0,0.0,0.0,0.0,0.0,,0.0,0.0,0.0,,0.0,0.0,0.0,0.0,0.0,0.0,0.0,0.0,2058.11,,14.0,84.0,0.0,0.0,0.0,0.0,0.0,448.5,448.5,0.0,227.29,227.29
2/2/2026,2021.0,20220311.0,19303.0,22855.0,"FLINT HILLS RESOURCES, LC",Crude Oil,INTRASTATE,TEXAS,176.04,176.04,26.74,49.8,Helical MFL,428.62,41.0,202.0,243.0,,2.0,0.0,2.0,0.0,0.0,1.0,1.0,2.0,0.0,,0.0,0.0,0.0,0.0,0.0,0.0,0.0,,0.0,0.0,0.0,0.0,0.0,0.0,0.0,0.0,0.0,,0.0,0.0,0.0,,0.0,0.0,0.0,0.0,0.0,0.0,0.0,0.0,428.62,,2.0,2.0,0.0,0.0,0.0,0.0,0.0,74.38,74.38,0.0,111.59,111.59
2/2/2026,2021.0,20220312.0,19305.0,22855.0,"FLINT HILLS RESOURCES, LC",HVL,INTERSTATE,,0.0,0.0,0.0,0.0,,0.0,0.0,0.0,0.0,,0.0,0.0,0.0,0.0,0.0,0.0,0.0,0.0,0.0,,0.0,0.0,0.0,0.0,0.0,0.0,0.0,,0.0,0.0,0.0,0.0,0.0,0.0,0.0,0.0,0.0,,0.0,0.0,0.0,,0.0,0.0,0.0,0.0,0.0,0.0,0.0,0.0,0.0,,0.0,0.0,0.0,0.0,0.0,0.0,0.0,0.0,0.0,0.0,0.0,0.0
2/2/2026,2021.0,20220312.0,19305.0,22855.0,"FLINT HILLS RESOURCES, LC",HVL,INTRASTATE,TEXAS,21.12,21.12,0.0,0.0,,42.24,9.0,0.0,9.0,,0.0,0.0,0.0,0.0,0.0,0.0,4.0,4.0,21.73,,0.0,0.0,0.0,0.0,0.0,0.0,0.0,,0.0,0.0,0.0,0.0,0.0,0.0,0.0,0.0,0.0,,0.0,0.0,0.0,,0.0,0.0,0.0,0.0,0.0,0.0,0.0,0.0,63.97,,0.0,4.0,0.0,0.0,0.0,0.0,0.0,23.51,23.51,0.0,0.0,0.0
2/2/2026,2021.0,20220315.0,19308.0,22855.0,"FLINT HILLS RESOURCES, LC",Refined and/or Petroleum Product (non-HVL),INTERSTATE,,231.61,231.61,213.87,113.4,Helical MFL,790.49,12.0,2.0,14.0,,2.0,0.0,2.0,0.0,0.0,0.0,8.0,8.0,0.0,,0.0,0.0,0.0,0.0,0.0,0.0,0.0,,0.0,0.0,0.0,0.0,0.0,0.0,0.0,0.0,0.0,,0.0,0.0,0.0,,0.0,0.0,0.0,0.0,0.0,0.0,0.0,0.0,790.49,,2.0,8.0,0.0,0.0,0.0,0.0,0.0,219.01,219.01,0.0,226.48,226.48
2/2/2026,2021.0,20220315.0,19308.0,22855.0,"FLINT HILLS RESOURCES, LC",Refined and/or Petroleum Product (non-HVL),INTRASTATE,MINNESOTA,0.0,0.0,0.0,0.0,,0.0,0.0,0.0,0.0,,0.0,0.0,0.0,0.0,0.0,0.0,0.0,0.0,0.0,,0.0,0.0,0.0,0.0,0.0,0.0,0.0,,0.0,0.0,0.0,0.0,0.0,0.0,0.0,0.0,0.0,,0.0,0.0,0.0,,0.0,0.0,0.0,0.0,0.0,0.0,0.0,0.0,0.0,,0.0,0.0,0.0,0.0,0.0,0.0,0.0,0.0,0.0,0.0,0.0,0.0
2/2/2026,2021.0,20220315.0,19308.0,22855.0,"FLINT HILLS RESOURCES, LC",Refined and/or Petroleum Product (non-HVL),INTRASTATE,TEXAS,204.96,204.96,0.0,58.08,Helical MFL,468.0,73.0,12.0,85.0,,10.0,0.0,10.0,0.0,0.0,7.0,18.0,25.0,52.95,,0.0,0.0,0.0,0.01,0.0,0.0,0.0,,0.0,0.0,0.0,0.0,0.0,0.0,0.0,0.0,0.0,,0.0,0.0,0.0,,0.0,0.0,0.0,0.0,0.0,0.0,0.0,0.0,520.96,,10.0,25.0,0.0,0.0,0.0,0.0,0.14,92.97,93.11,0.92,163.9,164.82
2/2/2026,2021.0,20220186.0,19167.0,25146.0,"EQUISTAR CHEMICALS, L.P.",Crude Oil,INTRASTATE,TEXAS,10.46,10.46,,,,20.92,0.0,0.0,0.0,,0.0,0.0,0.0,0.0,0.0,0.0,0.0,0.0,0.0,,0.0,0.0,0.0,0.0,0.0,0.0,0.0,,0.0,0.0,0.0,0.0,0.0,0.0,0.0,0.0,0.0,,0.0,0.0,0.0,,0.0,0.0,0.0,0.0,0.0,0.0,0.0,0.0,20.92,,0.0,0.0,0.0,0.0,0.0,0.0,0.0,10.46,10.46,0.0,0.0,0.0
2/2/2026,2021.0,20220188.0,19169.0,25146.0,"EQUISTAR CHEMICALS, L.P.",HVL,INTRASTATE,LOUISIANA,0.0,0.0,0.0,0.0,,0.0,0.0,0.0,0.0,,0.0,0.0,0.0,0.0,0.0,0.0,0.0,0.0,0.0,,0.0,0.0,0.0,0.0,0.0,0.0,0.0,,0.0,0.0,0.0,0.0,0.0,0.0,0.0,0.0,0.0,,0.0,0.0,0.0,,0.0,0.0,0.0,0.0,0.0,0.0,0.0,0.0,0.0,,0.0,0.0,0.0,0.0,0.0,0.0,0.0,0.0,0.0,0.0,0.0,0.0
2/2/2026,2021.0,20220188.0,19169.0,25146.0,"EQUISTAR CHEMICALS, L.P.",HVL,INTRASTATE,TEXAS,182.812,182.812,0.0,0.0,,365.624,25.0,2.0,27.0,,0.0,0.0,0.0,0.0,1.0,3.0,10.0,14.0,0.02,,0.0,0.0,0.0,0.0,0.0,0.0,0.0,,0.0,0.0,0.0,0.0,0.0,0.0,0.0,0.0,0.0,,0.0,0.0,0.0,,0.0,0.0,0.0,0.0,0.0,0.0,0.0,0.0,365.644,,0.0,14.0,0.0,0.0,0.0,0.0,0.02,78.551,78.571,0.0,104.261,104.261
2/2/2026,2021.0,20220187.0,19168.0,25146.0,"EQUISTAR CHEMICALS, L.P.",Refined and/or Petroleum Product (non-HVL),INTRASTATE,TEXAS,31.582,31.582,,,,63.164,,,,,,,,,,,,,0.0,,0.0,0.0,0.0,,,,,,,,,,,,,,0.0,,,,,,,,,,,,,,63.164,,0.0,0.0,0.0,0.0,0.0,0.0,0.0,28.277,28.277,0.0,3.305,3.305
2/2/2026,2021.0,20220406.0,19402.0,26026.0,"MARKWEST RANGER PIPELINE COMPANY, L.L.C.",HVL,INTERSTATE,,37.3,37.3,,37.3,IMU,111.9,,,,,,,,,,,,,,,,,,,,,,,,,,,,,,,,,,,,,,,,,,,,,111.9,,,,,,,,,9.32,9.32,,27.98,27.98
2/2/2026,2021.0,20220362.0,19356.0,26039.0,FLORIDA POWER & LIGHT CO,Refined and/or Petroleum Product (non-HVL),INTRASTATE,FLORIDA,0.0,0.0,0.0,0.0,,0.0,,0.0,0.0,,0.0,0.0,0.0,,,,,,0.0,,0.0,,,0.0,0.0,,0.0,,0.0,0.0,0.0,,,,,,0.0,,,0.0,0.0,,0.0,0.0,0.0,,,,,,0.0,,0.0,,,,0.0,0.0,,,,0.0,0.0,0.0
2/2/2026,2021.0,20220611.0,19655.0,26041.0,"KINDER MORGAN LIQUID TERMINALS, LLC",HVL,INTRASTATE,TEXAS,,,,,,,,,,,,,,,,,,,,,,,,,,,,,,,,,,,,,,,,,,,,,,,,,,,,,,,,,,,,,,,,
2/2/2026,2021.0,20220642.0,21586.0,26041.0,"KINDER MORGAN LIQUID TERMINALS, LLC",Refined and/or Petroleum Product (non-HVL),INTERSTATE,,7.12,7.12,7.12,,,21.36,0.0,0.0,0.0,,0.0,0.0,0.0,0.0,0.0,0.0,0.0,0.0,0.0,,0.0,0.0,0.0,0.0,0.0,0.0,0.0,,,,,,,,,,0.0,,0.0,0.0,0.0,,0.0,0.0,0.0,0.0,0.0,0.0,0.0,0.0,21.36,,0.0,0.0,0.0,0.0,0.0,0.0,0.0,7.12,7.12,0.0,0.0,0.0
2/2/2026,2021.0,20220642.0,21586.0,26041.0,"KINDER MORGAN LIQUID TERMINALS, LLC",Refined and/or Petroleum Product (non-HVL),INTRASTATE,LOUISIANA,,,,,,,,,,,,,,,,,,,,,,,,,,,,,,,,,,,,,,,,,,,,,,,,,,,,,,,,,,,,,,,,
2/2/2026,2021.0,20220642.0,21586.0,26041.0,"KINDER MORGAN LIQUID TERMINALS, LLC",Refined and/or Petroleum Product (non-HVL),INTRASTATE,NEW JERSEY,1.77,1.77,,,,3.54,,,,,,,,,,,,,0.31,,,,,,,,,,,,,,,,,,,,,,,,,,,,,,,,3.85,,,,,,,,0.31,1.77,2.08,,,
2/2/2026,2021.0,20220642.0,21586.0,26041.0,"KINDER MORGAN LIQUID TERMINALS, LLC",Refined and/or Petroleum Product (non-HVL),INTRASTATE,TEXAS,5.56,5.56,,,,11.12,,,,,,,,,,,,,4.76,,,,,,,,,,,,,,,,,,,,,,,,,,,,,,,,15.88,,,,,,,,1.66,8.67,10.33,,,
2/2/2026,2021.0,20220072.0,19032.0,26045.0,"PAR HAWAII REFINING, LLC",Refined and/or Petroleum Product (non-HVL),INTRASTATE,HAWAII,0.0,0.0,0.0,0.0,,0.0,1.0,0.0,1.0,,0.0,0.0,0.0,0.0,0.0,1.0,2.0,3.0,0.0,,0.0,0.0,0.0,0.0,0.0,0.0,0.0,,0.0,0.0,0.0,0.0,0.0,0.0,0.0,0.0,0.0,,0.0,0.0,0.0,,0.0,0.0,0.0,0.0,0.0,0.0,,0.0,0.0,,0.0,3.0,0.0,0.0,0.0,0.0,,,,,,
2/2/2026,2021.0,20220361.0,19355.0,26048.0,HUNT REFINING CO,Refined and/or Petroleum Product (non-HVL),INTRASTATE,ALABAMA,,,,,,,,,,,,,,,,,,,,,,,,,,,,,,,,,,,,,,,,,,,,,,,,,,,,,,,,,,,,,,,,
2/2/2026,2021.0,20220427.0,19423.0,26049.0,"COUNTRYMARK REFINING AND LOGISTICS, LLC",Crude Oil,INTERSTATE,,55.5,55.5,,,,111.0,,3.0,3.0,,2.0,,2.0,,,,,,0.0,,0.0,0.0,0.0,,,,,,,,,,,,,,,,,,,,,,,,,,,,111.0,,2.0,0.0,,,,,,0.363,0.363,,55.137,55.137
2/2/2026,2021.0,20220426.0,19422.0,26049.0,"COUNTRYMARK REFINING AND LOGISTICS, LLC",Refined and/or Petroleum Product (non-HVL),INTRASTATE,INDIANA,,,,,,,,,,,,,,,,,,,,,,,,,,,,,,,,,,,,,,,,,,,,,,,,,,,,,,,,,,,,,,,,
2/2/2026,2021.0,20220713.0,19740.0,26054.0,KEY WEST PIPELINE CO,Refined and/or Petroleum Product (non-HVL),INTRASTATE,FLORIDA,7.0,7.0,0.0,0.0,,14.0,,1.0,1.0,,7.0,6.0,1.0,,,,,,0.0,,0.0,,,0.0,0.0,,0.0,,0.0,0.0,0.0,,,,,,0.0,,,0.0,0.0,,0.0,0.0,0.0,,,,,,14.0,,7.0,,,,0.0,0.0,,,,0.0,0.0,0.0
2/2/2026,2021.0,20220633.0,19642.0,26061.0,"DELEK CRUDE LOGISTICS, LLC.",Crude Oil,INTERSTATE,,0.0,0.0,0.0,0.0,,0.0,0.0,0.0,0.0,,0.0,0.0,0.0,0.0,0.0,0.0,0.0,0.0,0.0,,0.0,0.0,0.0,0.0,0.0,0.0,0.0,,0.0,0.0,0.0,0.0,0.0,0.0,0.0,0.0,0.0,,0.0,0.0,0.0,,0.0,0.0,0.0,0.0,0.0,0.0,0.0,0.0,0.0,,0.0,0.0,0.0,0.0,0.0,0.0,0.0,0.0,0.0,0.0,0.0,0.0
2/2/2026,2021.0,20220633.0,19642.0,26061.0,"DELEK CRUDE LOGISTICS, LLC.",Crude Oil,INTRASTATE,TEXAS,2.21,2.21,0.0,0.0,,4.42,1.0,1.0,2.0,,3.0,0.0,3.0,0.0,1.0,0.0,2.0,3.0,0.0,,0.0,0.0,0.0,0.0,0.0,0.0,0.0,,0.0,0.0,0.0,0.0,0.0,0.0,0.0,0.0,0.0,,0.0,0.0,0.0,,0.0,0.0,0.0,0.0,0.0,0.0,0.0,0.0,4.42,,3.0,3.0,0.0,0.0,0.0,0.0,0.0,1.63,1.63,0.0,0.58,0.58
2/2/2026,2021.0,20220634.0,19643.0,26061.0,"DELEK CRUDE LOGISTICS, LLC.",Refined and/or Petroleum Product (non-HVL),INTRASTATE,TEXAS,75.26,0.0,0.0,0.0,,75.26,0.0,0.0,0.0,,0.0,0.0,0.0,0.0,0.0,0.0,0.0,0.0,0.0,,0.0,0.0,0.0,0.0,0.0,0.0,0.0,,0.0,0.0,0.0,0.0,0.0,0.0,0.0,0.0,0.0,,0.0,0.0,0.0,,0.0,0.0,0.0,0.0,0.0,0.0,0.0,0.0,75.26,,0.0,0.0,0.0,0.0,0.0,0.0,0.0,0.0,0.0,0.0,0.0,0.0
2/2/2026,2021.0,20220212.0,19534.0,26065.0,CHS MCPHERSON REFINERY INC.,HVL,INTRASTATE,KANSAS,0.0,0.0,0.0,0.16,Combination Tool MFL and Deformation,0.16,11.0,4.0,15.0,,4.0,0.0,4.0,0.0,0.0,11.0,0.0,11.0,0.0,,0.0,0.0,0.0,0.0,0.0,0.0,0.0,,0.0,0.0,0.0,0.0,0.0,0.0,0.0,0.0,0.0,,0.0,0.0,0.0,,0.0,0.0,0.0,0.0,0.0,0.0,0.0,0.0,0.16,,4.0,11.0,0.0,0.0,0.0,0.0,0.16,0.0,0.16,0.0,0.0,0.0
2/2/2026,2021.0,20220213.0,19200.0,26065.0,CHS MCPHERSON REFINERY INC.,Refined and/or Petroleum Product (non-HVL),INTRASTATE,KANSAS,0.0,0.0,0.0,6.77,Combination Tool MFL and Deformation,6.77,33.0,9.0,42.0,,9.0,0.0,9.0,0.0,0.0,33.0,0.0,33.0,0.0,,0.0,0.0,0.0,0.0,0.0,0.0,0.0,,0.0,0.0,0.0,0.0,0.0,0.0,0.0,0.0,0.0,,0.0,0.0,0.0,,0.0,0.0,0.0,0.0,0.0,0.0,0.0,0.0,6.77,,9.0,33.0,10.0,0.0,0.0,0.0,0.0,0.42,0.42,0.0,6.36,6.36
2/2/2026,2021.0,20220491.0,19489.0,26085.0,"PLAINS MARKETING, L.P.",Crude Oil,INTERSTATE,,0.0,0.0,0.0,0.0,,0.0,0.0,0.0,0.0,,0.0,0.0,0.0,0.0,0.0,0.0,0.0,0.0,0.0,,0.0,0.0,0.0,0.0,0.0,0.0,0.0,,0.0,0.0,0.0,0.0,0.0,0.0,0.0,0.0,0.0,,0.0,0.0,0.0,,0.0,0.0,0.0,0.0,0.0,0.0,0.0,0.0,0.0,,0.0,0.0,0.0,0.0,0.0,0.0,0.0,0.0,0.0,0.0,0.0,0.0
2/2/2026,2021.0,20220493.0,19491.0,26085.0,"PLAINS MARKETING, L.P.",HVL,INTRASTATE,ARIZONA,7.7,7.7,0.0,0.0,,15.4,0.0,0.0,0.0,,0.0,0.0,0.0,0.0,0.0,0.0,0.0,0.0,0.0,,0.0,0.0,0.0,0.0,0.0,0.0,0.0,,0.0,0.0,0.0,0.0,0.0,0.0,0.0,0.0,0.0,,0.0,0.0,0.0,,0.0,0.0,0.0,0.0,0.0,0.0,0.0,0.0,15.4,,0.0,0.0,0.0,0.0,0.0,0.0,0.0,7.7,7.7,0.0,0.0,0.0
2/2/2026,2021.0,20220035.0,19735.0,26086.0,SEADRIFT PIPELINE CORP,HVL,INTRASTATE,TEXAS,208.46,208.46,0.0,0.0,,416.92,0.0,28.0,28.0,,0.0,0.0,0.0,0.0,0.0,0.0,0.0,0.0,0.0,,0.0,0.0,0.0,0.0,0.0,0.0,0.0,,,,,,,,,,0.01,GWUT,0.0,0.0,0.0,,0.0,0.0,0.0,0.0,0.0,0.0,0.0,0.0,416.93,,0.0,0.0,0.0,0.0,0.0,0.0,29.1,8.87,37.97,0.0,0.0,0.0
2/2/2026,2021.0,20220682.0,19697.0,26094.0,NUSTAR TERMINALS OPERATIONS PARTNERSHIP L. P.,Refined and/or Petroleum Product (non-HVL),INTRASTATE,CALIFORNIA,0.0,0.0,0.0,0.0,,0.0,0.0,0.0,0.0,,0.0,0.0,0.0,0.0,0.0,0.0,0.0,0.0,0.0,,0.0,0.0,0.0,0.0,0.0,0.0,0.0,,,,,0.0,0.0,0.0,0.0,0.0,0.0,,0.0,0.0,0.0,,0.0,0.0,0.0,0.0,0.0,0.0,0.0,0.0,0.0,,0.0,0.0,0.0,0.0,0.0,0.0,0.0,0.0,0.0,0.0,0.0,0.0
2/2/2026,2021.0,20220682.0,19697.0,26094.0,NUSTAR TERMINALS OPERATIONS PARTNERSHIP L. P.,Refined and/or Petroleum Product (non-HVL),INTRASTATE,OREGON,0.0,0.0,0.0,0.0,,0.0,0.0,0.0,0.0,,0.0,0.0,0.0,0.0,0.0,0.0,0.0,0.0,0.0,,0.0,0.0,0.0,0.0,0.0,0.0,0.0,,0.0,0.0,0.0,0.0,0.0,0.0,0.0,0.0,0.0,,0.0,0.0,0.0,,0.0,0.0,0.0,0.0,0.0,0.0,0.0,0.0,0.0,,0.0,0.0,0.0,0.0,0.0,0.0,0.0,0.0,0.0,0.0,0.0,0.0
2/2/2026,2021.0,20220330.0,19323.0,26099.0,TAMPA BAY PIPELINE CO.,HVL,INTRASTATE,FLORIDA,,,,,,,,,,,,,,,,,,,,,,,,,,,,,,,,,,,,,,,,,,,,,,,,,,,,,,,,,,,,,,,,
2/2/2026,2021.0,20220390.0,19386.0,26103.0,"TEXAS EASTMAN DIVISION, EASTMAN CHEMICAL CO",HVL,INTRASTATE,TEXAS,61.4,61.4,0.0,0.0,,122.8,0.0,0.0,0.0,,0.0,0.0,0.0,0.0,0.0,0.0,0.0,0.0,0.0,,0.0,0.0,0.0,0.0,0.0,0.0,0.0,,0.0,0.0,0.0,0.0,0.0,0.0,0.0,0.0,0.0,,0.0,0.0,0.0,,0.0,0.0,0.0,0.0,0.0,0.0,0.0,0.0,122.8,,0.0,0.0,0.0,0.0,0.0,0.0,0.0,0.0,0.0,0.0,61.4,61.4
2/2/2026,2021.0,20220636.0,19647.0,26112.0,"VALERO REFINING-TEXAS, L.P.",Crude Oil,INTRASTATE,TEXAS,3.03,3.03,0.0,0.0,,6.06,0.0,0.0,0.0,,0.0,0.0,0.0,0.0,0.0,0.0,0.0,0.0,0.0,,0.0,0.0,0.0,0.0,0.0,0.0,0.0,,0.0,0.0,0.0,0.0,0.0,0.0,0.0,0.0,0.0,,0.0,0.0,0.0,,0.0,0.0,0.0,0.0,0.0,0.0,0.0,0.0,6.06,,0.0,0.0,0.0,0.0,0.0,0.0,0.0,3.07,3.07,0.0,0.0,0.0
2/2/2026,2021.0,20220638.0,19649.0,26112.0,"VALERO REFINING-TEXAS, L.P.",HVL,INTRASTATE,TEXAS,0.0,0.0,0.0,0.0,,0.0,0.0,0.0,0.0,,0.0,0.0,0.0,0.0,0.0,0.0,0.0,0.0,2.51,,0.0,0.0,0.0,0.0,0.0,0.0,0.0,,0.0,0.0,0.0,0.0,0.0,0.0,0.0,0.0,0.0,,0.0,0.0,0.0,,0.0,0.0,0.0,0.0,0.0,0.0,0.0,0.0,2.51,,0.0,0.0,0.0,0.0,0.0,0.0,0.0,0.0,0.0,0.0,0.0,0.0
2/2/2026,2021.0,20220637.0,19648.0,26112.0,"VALERO REFINING-TEXAS, L.P.",Refined and/or Petroleum Product (non-HVL),INTRASTATE,TEXAS,5.06,5.06,0.0,0.0,,10.12,0.0,0.0,0.0,,0.0,0.0,0.0,0.0,0.0,0.0,0.0,0.0,2.11,,0.0,0.0,0.0,0.0,0.0,0.0,0.0,,0.0,0.0,0.0,0.0,0.0,0.0,0.0,0.0,0.0,,0.0,0.0,0.0,,0.0,0.0,0.0,0.0,0.0,0.0,0.0,0.0,12.23,,0.0,0.0,0.0,0.0,0.0,0.0,0.0,6.97,6.97,0.0,0.0,0.0
2/2/2026,2021.0,20220536.0,19538.0,26120.0,COLLINS PIPELINE CO,Refined and/or Petroleum Product (non-HVL),INTERSTATE,,0.0,0.0,0.0,0.0,,0.0,7.0,2.0,9.0,,2.0,1.0,1.0,0.0,0.0,2.0,0.0,2.0,0.0,,0.0,0.0,0.0,0.0,0.0,0.0,0.0,,0.0,0.0,0.0,0.0,0.0,0.0,0.0,0.0,0.0,,0.0,0.0,0.0,,0.0,0.0,0.0,0.0,0.0,0.0,0.0,0.0,0.0,,2.0,2.0,0.0,0.0,0.0,0.0,0.0,0.0,0.0,0.0,0.0,0.0
2/2/2026,2021.0,20220218.0,19205.0,26125.0,CALNEV PIPELINE CO,Refined and/or Petroleum Product (non-HVL),INTERSTATE,,270.75,270.75,103.98,0.0,,645.48,31.0,5.0,36.0,,4.0,0.0,4.0,0.0,5.0,0.0,19.0,24.0,0.0,,0.0,0.0,0.0,0.0,0.0,0.0,0.0,,0.0,0.0,0.0,0.0,0.0,0.0,0.0,0.0,0.0,,0.0,0.0,0.0,,0.0,0.0,0.0,0.0,0.0,0.0,0.0,0.0,645.48,,4.0,24.0,0.0,0.0,0.0,0.0,0.0,187.68,187.68,0.0,83.14,83.14
2/2/2026,2021.0,20220508.0,19507.0,26136.0,PARAMOUNT PETROLEUM CORP,Refined and/or Petroleum Product (non-HVL),INTRASTATE,CALIFORNIA,0.0,0.0,0.0,0.0,,0.0,0.0,0.0,0.0,,0.0,0.0,0.0,0.0,0.0,0.0,0.0,0.0,0.0,,0.0,0.0,0.0,0.0,0.0,0.0,0.0,,0.0,0.0,0.0,0.0,0.0,0.0,0.0,0.0,0.0,,0.0,0.0,0.0,,0.0,0.0,0.0,0.0,0.0,0.0,0.0,0.0,0.0,,0.0,0.0,0.0,0.0,0.0,0.0,0.0,0.0,0.0,0.0,0.0,0.0
2/2/2026,2021.0,20220162.0,19140.0,26149.0,ALYESKA PIPELINE SERVICE CO,Crude Oil,INTERSTATE,,800.27,800.27,0.0,0.0,,1600.54,0.0,0.0,0.0,,0.0,0.0,0.0,0.0,0.0,0.0,0.0,0.0,0.0,,0.0,0.0,0.0,0.0,0.0,0.0,0.0,,0.0,0.0,0.0,0.0,0.0,0.0,0.0,0.0,0.0,,0.0,0.0,0.0,,0.0,0.0,0.0,0.0,0.0,0.0,0.0,0.0,1600.54,,0.0,0.0,0.0,0.0,0.0,0.0,0.0,766.36,766.36,0.0,834.18,834.18
2/2/2026,2021.0,20220391.0,19387.0,26302.0,MUSTANG PIPELINE CO,HVL,INTRASTATE,TEXAS,0.0,0.0,0.0,0.0,,0.0,0.0,0.0,0.0,,0.0,0.0,0.0,0.0,0.0,0.0,0.0,0.0,0.0,,0.0,0.0,0.0,0.0,0.0,0.0,0.0,,0.0,0.0,0.0,0.0,0.0,0.0,0.0,0.0,0.0,,0.0,0.0,0.0,,0.0,0.0,0.0,0.0,0.0,0.0,0.0,0.0,0.0,,0.0,0.0,0.0,0.0,0.0,0.0,0.0,0.0,0.0,0.0,0.0,0.0
2/2/2026,2021.0,20220282.0,19274.0,26303.0,UNOCAL PIPELINE CO - EASTERN REGION,Crude Oil,INTRASTATE,TEXAS,0.0,0.0,0.0,0.0,,0.0,0.0,0.0,0.0,,0.0,0.0,0.0,0.0,0.0,0.0,0.0,0.0,0.0,,0.0,0.0,0.0,0.0,0.0,0.0,0.0,,0.0,0.0,0.0,0.0,0.0,0.0,0.0,0.0,0.0,,0.0,0.0,0.0,,0.0,0.0,0.0,0.0,0.0,0.0,0.0,0.0,0.0,,0.0,0.0,0.0,0.0,0.0,0.0,0.0,0.0,0.0,0.0,0.0,0.0
2/2/2026,2021.0,20220457.0,19454.0,26330.0,"ENABLE OKLAHOMA INTRASTATE TRANSMISSION, LLC",HVL,INTRASTATE,OKLAHOMA,,,,,,,,,,,,,,,,,,,,,,,,,,,,,,,,,,,,,,,,,,,,,,,,,,,,,,,,,,,,,,,,
2/2/2026,2021.0,20220664.0,19679.0,30003.0,HOUSTON REFINING LP.,Refined and/or Petroleum Product (non-HVL),INTRASTATE,TEXAS,0.0,0.0,0.0,0.0,,0.0,0.0,0.0,0.0,,0.0,0.0,0.0,0.0,0.0,0.0,0.0,0.0,0.0,,0.0,0.0,0.0,0.0,0.0,0.0,0.0,,0.0,0.0,0.0,0.0,0.0,0.0,0.0,0.0,0.0,,0.0,0.0,0.0,,0.0,0.0,0.0,0.0,0.0,0.0,0.0,0.0,0.0,,0.0,0.0,0.0,0.0,0.0,0.0,0.0,0.0,0.0,0.0,0.0,0.0
2/2/2026,2021.0,20220037.0,18993.0,30544.0,OCCIDENTAL CHEMICAL CORP,HVL,INTRASTATE,TEXAS,,,,,,,,,,,,,,,,,,,,,,,,,,,,,,,,,,,,,,,,,,,,,,,,,,,,,,,,,,,,,,,,
2/2/2026,2021.0,20220310.0,19302.0,30626.0,TARGA NGL PIPE LINE CO,HVL,INTERSTATE,,14.68,14.68,,,,29.36,2994.0,,2994.0,,,,,,2.0,1.0,2.0,5.0,1.13,,,,,,,,,,,,,,,,,,,,,,,,,,,,,,,,30.49,,,5.0,,,,,,,,,,
2/2/2026,2021.0,20220640.0,19757.0,30657.0,BRAVO PIPELINE COMPANY,CO2,INTERSTATE,,71.96,71.96,,,,143.92,,,,,,,,,,,,,,,,,,7.08,,,,,,,,,,,,,,,,,,,,,,,,,,,151.0,,,,,,,,,,,,,
2/2/2026,2021.0,20220368.0,19824.0,30658.0,KERN OIL & REFINING CO.,Crude Oil,INTRASTATE,CALIFORNIA,0.0,0.0,0.0,0.0,,0.0,0.0,0.0,0.0,,0.0,0.0,0.0,0.0,0.0,0.0,0.0,0.0,0.0,,0.0,0.0,0.0,0.0,0.0,0.0,0.0,,0.0,0.0,0.0,0.0,0.0,0.0,0.0,0.0,0.0,,0.0,0.0,0.0,,0.0,0.0,0.0,0.0,0.0,0.0,0.0,0.0,0.0,,0.0,0.0,0.0,0.0,0.0,0.0,0.0,0.0,0.0,0.0,0.0,0.0
2/2/2026,2021.0,20220320.0,19313.0,30666.0,"ENMARK ENERGY, INC",CO2,INTRASTATE,MISSISSIPPI,0.0,0.0,0.0,0.0,,0.0,,0.0,0.0,,0.0,0.0,0.0,,,,,,0.0,,0.0,,,0.0,0.0,,0.0,,0.0,0.0,0.0,,,,,,0.0,,,0.0,0.0,,0.0,0.0,0.0,,,,,,0.0,,0.0,,,,0.0,0.0,,,,0.0,0.0,0.0
2/2/2026,2021.0,20220111.0,19083.0,30683.0,WESTLAKE PETROCHEMICALS LLC,HVL,INTRASTATE,LOUISIANA,,,,,,,,,,,,,,,,,,,6.2,,0.0,0.0,0.0,,,,,,,,,,,,,,,,,,,,,,,,,,,,6.2,,0.0,0.0,,,,,,6.2,6.2,,,
2/2/2026,2021.0,20220110.0,19082.0,30683.0,WESTLAKE PETROCHEMICALS LLC,Refined and/or Petroleum Product (non-HVL),INTRASTATE,LOUISIANA,,,,,,,,,,,,,,,,,,,0.0,,0.0,0.0,0.0,0.0,0.0,0.0,0.0,,0.0,0.0,0.0,0.0,0.0,0.0,0.0,0.0,,,,,,,,,,,,,,,0.0,,0.0,0.0,,,,,,,,,,
2/2/2026,2021.0,20220354.0,19348.0,30711.0,HILCORP ENERGY COMPANY,Crude Oil,INTRASTATE,LOUISIANA,,,,,,,,,,,,,,,,,,,,,,,,,,,,,,,,,,,,,,,,,,,,,,,,,,,,,,,,,,,,,,,,
2/2/2026,2021.0,20220488.0,19485.0,30755.0,CITGO PRODUCTS PIPELINE CO,HVL,INTERSTATE,,40.51,40.51,,,,81.02,,,,,,,,,,,,,1.54,,0.0,0.0,0.0,,,,,,,,,,,,,,,,,,,,,,,,,,,,82.56,,0.0,0.0,,,,,,21.311,21.311,,20.738,20.738
2/2/2026,2021.0,20220495.0,19493.0,30755.0,CITGO PRODUCTS PIPELINE CO,Refined and/or Petroleum Product (non-HVL),INTRASTATE,TEXAS,49.665,49.665,,,,99.33,33.0,24.0,57.0,,6.0,6.0,,,,,6.0,6.0,0.83,,,,,,,,,,,,,,,,,,,,,,,,,,,,,,,,100.16,,6.0,6.0,,,,,0.83,36.923,37.753,,12.742,12.742
2/2/2026,2021.0,20220314.0,19307.0,30756.0,WYOMING REFINING CO,Refined and/or Petroleum Product (non-HVL),INTRASTATE,WYOMING,40.36,40.36,,,,80.72,,,,,,,,,,,,,,,,,,,,,,,,,,,,,,,,,,,,,,,,,,,,,80.72,,,,,,,,,,,,,
2/2/2026,2021.0,20220434.0,19881.0,30777.0,MOTIVA ENTERPRISE LLC,Refined and/or Petroleum Product (non-HVL),INTRASTATE,TEXAS,7.32,7.32,0.0,0.0,,14.64,82.0,0.0,82.0,,0.0,0.0,0.0,7.0,13.0,62.0,0.0,82.0,10.15,,0.0,0.0,0.0,0.28,0.0,0.0,0.0,,0.0,0.0,0.0,0.0,0.0,0.0,0.0,0.0,0.0,,0.0,0.0,0.0,,0.0,0.0,0.0,0.0,0.0,0.0,0.0,0.0,25.07,,0.0,82.0,82.0,0.0,0.0,0.0,0.0,0.0,0.0,0.0,0.0,0.0
2/2/2026,2021.0,20220243.0,19234.0,30781.0,OLYMPIC PIPE LINE COMPANY,Refined and/or Petroleum Product (non-HVL),INTERSTATE,,8.0,8.0,0.0,0.0,,16.0,6.0,2.0,8.0,,2.0,0.0,2.0,0.0,1.0,1.0,3.0,5.0,0.0,,0.0,0.0,0.0,0.0,0.0,0.0,0.0,,0.0,0.0,0.0,0.0,0.0,0.0,0.0,0.0,0.0,,0.0,0.0,0.0,,0.0,0.0,0.0,0.0,0.0,0.0,0.0,0.0,16.0,,2.0,5.0,1.0,0.0,0.0,0.0,0.0,8.0,8.0,0.0,0.0,0.0
2/2/2026,2021.0,20220243.0,19234.0,30781.0,OLYMPIC PIPE LINE COMPANY,Refined and/or Petroleum Product (non-HVL),INTRASTATE,WASHINGTON,0.0,0.0,0.0,0.0,,0.0,1.0,0.0,1.0,,0.0,0.0,0.0,0.0,0.0,0.0,0.0,0.0,0.0,,0.0,0.0,0.0,0.0,0.0,0.0,0.0,,0.0,0.0,0.0,0.0,0.0,0.0,0.0,0.0,0.0,,0.0,0.0,0.0,,0.0,0.0,0.0,0.0,0.0,0.0,0.0,0.0,0.0,,0.0,0.0,0.0,0.0,0.0,0.0,0.0,0.0,0.0,0.0,0.0,0.0
2/2/2026,2021.0,20220118.0,19093.0,30782.0,HARVEST MIDSTREAM COMPANY,Crude Oil,INTERSTATE,,37.72,37.72,0.0,0.0,,75.44,0.0,0.0,0.0,,0.0,0.0,0.0,0.0,0.0,0.0,0.0,0.0,0.0,,0.0,0.0,0.0,0.0,0.0,0.0,0.0,,0.0,0.0,0.0,0.0,0.0,0.0,0.0,0.0,0.0,,0.0,0.0,0.0,,0.0,0.0,0.0,0.0,0.0,0.0,0.0,0.0,75.44,,0.0,0.0,0.0,0.0,0.0,0.0,0.0,12.99,12.99,0.0,24.73,24.73
2/2/2026,2021.0,20220118.0,19093.0,30782.0,HARVEST MIDSTREAM COMPANY,Crude Oil,INTRASTATE,LOUISIANA,91.6,91.6,0.0,0.0,,183.2,5.0,1.0,6.0,,1.0,0.0,1.0,0.0,0.0,0.0,5.0,5.0,1.99,,0.0,0.0,0.0,0.0,0.0,0.0,0.0,,0.0,0.0,0.0,0.0,0.0,0.0,0.0,0.0,,,,,,,,,,,,,,,185.19,,1.0,5.0,,,,,0.0,46.52,46.52,0.0,47.08,47.08
2/2/2026,2021.0,20220118.0,19093.0,30782.0,HARVEST MIDSTREAM COMPANY,Crude Oil,INTRASTATE,TEXAS,257.67,257.67,0.0,0.0,,515.34,1.0,4.0,5.0,,4.0,0.0,4.0,0.0,0.0,0.0,1.0,1.0,0.0,,0.0,0.0,0.0,,,,,,,,,,,,,,,,,,,,,,,,,,,,515.34,,4.0,1.0,,,,,0.0,23.19,23.19,0.0,234.48,234.48
2/2/2026,2021.0,20220190.0,19171.0,30825.0,CITGO PETROLEUM CORPORATION (REFINERY),HVL,INTRASTATE,LOUISIANA,0.0,0.0,0.0,0.0,,0.0,0.0,0.0,0.0,,0.0,0.0,0.0,0.0,0.0,0.0,0.0,0.0,0.0,,0.0,0.0,0.0,0.0,0.0,0.0,0.0,,0.0,0.0,0.0,0.0,0.0,0.0,0.0,0.0,0.0,,0.0,0.0,0.0,,0.0,0.0,0.0,0.0,0.0,0.0,0.0,0.0,0.0,,0.0,0.0,0.0,0.0,0.0,0.0,0.0,0.0,0.0,0.0,0.0,0.0
2/2/2026,2021.0,20220483.0,19480.0,30826.0,WILLIAMS FIELD SERVICES,HVL,INTERSTATE,,63.4,63.4,0.0,0.0,,126.8,1.0,1.0,2.0,,0.0,0.0,0.0,0.0,0.0,0.0,0.0,0.0,0.0,,0.0,0.0,0.0,0.0,0.0,0.0,0.0,,0.0,0.0,0.0,0.0,0.0,0.0,0.0,0.0,0.0,,0.0,0.0,0.0,,0.0,0.0,0.0,0.0,0.0,0.0,0.0,0.0,126.8,,0.0,0.0,0.0,0.0,0.0,0.0,0.0,42.1,42.1,0.0,21.3,21.3
2/2/2026,2021.0,20220483.0,19480.0,30826.0,WILLIAMS FIELD SERVICES,HVL,INTRASTATE,COLORADO,63.4,63.4,0.0,0.0,,126.8,1.0,1.0,2.0,,0.0,0.0,0.0,0.0,0.0,0.0,0.0,0.0,0.0,,0.0,0.0,0.0,0.0,0.0,0.0,0.0,,0.0,0.0,0.0,0.0,0.0,0.0,0.0,0.0,0.0,,0.0,0.0,0.0,,0.0,0.0,0.0,0.0,0.0,0.0,0.0,0.0,126.8,,0.0,0.0,0.0,0.0,0.0,0.0,0.0,42.1,42.1,0.0,21.3,21.3
2/2/2026,2021.0,20220483.0,19480.0,30826.0,WILLIAMS FIELD SERVICES,HVL,INTRASTATE,WEST VIRGINIA,,,,,,,,,,,,,,,,,,,,,,,,,,,,,,,,,,,,,,,,,,,,,,,,,,,,,,,,,,,,,,,,
2/2/2026,2021.0,20220475.0,19472.0,30829.0,ENTERPRISE CRUDE PIPELINE LLC,Crude Oil,INTERSTATE,,155.65,155.65,148.39,0.0,,459.69,17.0,3.0,20.0,,2.0,0.0,2.0,0.0,3.0,4.0,1.0,8.0,0.0,,0.0,0.0,0.0,0.0,0.0,0.0,0.0,,0.0,0.0,0.0,0.0,0.0,0.0,0.0,0.0,0.0,,0.0,0.0,0.0,,0.0,0.0,0.0,0.0,0.0,0.0,0.0,0.0,459.69,,2.0,8.0,0.0,0.0,0.0,0.0,0.0,23.47,23.47,0.0,132.18,132.18
2/2/2026,2021.0,20220475.0,19472.0,30829.0,ENTERPRISE CRUDE PIPELINE LLC,Crude Oil,INTRASTATE,TEXAS,211.45,211.45,0.0,0.0,,422.9,25.0,32.0,57.0,,16.0,3.0,13.0,1.0,1.0,1.0,8.0,11.0,0.02,,0.0,0.0,0.0,0.0,0.0,0.0,0.0,,0.0,0.0,0.0,0.0,0.0,0.0,0.0,0.0,0.0,,0.0,0.0,0.0,,0.0,0.0,0.0,0.0,0.0,0.0,0.0,0.0,422.92,,16.0,11.0,0.0,0.0,0.0,0.0,0.0,41.88,41.88,0.017,169.57,169.587
2/2/2026,2021.0,20220477.0,19474.0,30829.0,ENTERPRISE CRUDE PIPELINE LLC,Refined and/or Petroleum Product (non-HVL),INTRASTATE,TEXAS,0.0,0.0,0.0,0.0,,0.0,0.0,0.0,0.0,,0.0,0.0,0.0,0.0,0.0,0.0,0.0,0.0,0.0,,0.0,0.0,0.0,0.0,0.0,0.0,0.0,,0.0,0.0,0.0,0.0,0.0,0.0,0.0,0.0,0.0,,0.0,0.0,0.0,,0.0,0.0,0.0,0.0,0.0,0.0,0.0,0.0,0.0,,0.0,0.0,0.0,0.0,0.0,0.0,0.0,0.0,0.0,0.0,0.0,0.0
2/2/2026,2021.0,20220437.0,19434.0,30834.0,TIDELANDS OIL PRODUCTION COMPANY,Crude Oil,INTRASTATE,CALIFORNIA,,,,,,,,,,,,,,,,,,,,,,,,,,,,,,,,,,,,,,,,,,,,,,,,,,,,,,,,,,,,,,,,
2/2/2026,2021.0,20220106.0,19077.0,30901.0,MENZIES AVIATION,Refined and/or Petroleum Product (non-HVL),INTRASTATE,ALASKA,0.0,0.0,0.0,0.0,,0.0,0.0,0.0,0.0,,0.0,0.0,0.0,0.0,0.0,0.0,0.0,0.0,0.0,,0.0,0.0,0.0,0.0,0.0,0.0,0.0,,0.0,0.0,0.0,0.0,0.0,0.0,0.0,0.0,0.0,,0.0,0.0,0.0,,0.0,0.0,0.0,0.0,0.0,0.0,0.0,0.0,0.0,,0.0,0.0,0.0,0.0,0.0,0.0,0.0,0.0,0.0,0.0,0.0,0.0
2/2/2026,2021.0,20220596.0,19600.0,30909.0,TRANSMONTAIGNE OPERATING COMPANY L.P.,Crude Oil,INTRASTATE,CALIFORNIA,0.0,0.0,0.0,0.0,,0.0,1.0,0.0,1.0,,0.0,0.0,0.0,0.0,0.0,0.0,0.0,0.0,0.0,,0.0,0.0,0.0,0.0,0.0,0.0,0.0,,0.0,0.0,0.0,0.0,0.0,0.0,0.0,0.0,0.0,,0.0,0.0,0.0,,0.0,0.0,0.0,0.0,0.0,0.0,0.0,0.0,0.0,,0.0,0.0,0.0,0.0,0.0,0.0,0.0,0.0,0.0,0.0,0.0,0.0
2/2/2026,2021.0,20220605.0,19609.0,30909.0,TRANSMONTAIGNE OPERATING COMPANY L.P.,Refined and/or Petroleum Product (non-HVL),INTERSTATE,,0.0,0.0,0.0,0.0,,0.0,0.0,0.0,0.0,,0.0,0.0,0.0,0.0,0.0,0.0,0.0,0.0,0.0,,0.0,0.0,0.0,0.0,0.0,0.0,0.0,,0.0,0.0,0.0,0.0,0.0,0.0,0.0,0.0,0.0,,0.0,0.0,0.0,,0.0,0.0,0.0,0.0,0.0,0.0,0.0,0.0,0.0,,0.0,0.0,0.0,0.0,0.0,0.0,0.0,0.0,0.0,0.0,0.0,0.0
2/2/2026,2021.0,20220605.0,19609.0,30909.0,TRANSMONTAIGNE OPERATING COMPANY L.P.,Refined and/or Petroleum Product (non-HVL),INTRASTATE,CALIFORNIA,0.0,0.0,0.0,0.0,,0.0,1.0,0.0,1.0,,0.0,0.0,0.0,1.0,0.0,0.0,0.0,1.0,0.0,,0.0,0.0,0.0,0.0,0.0,0.0,0.0,,0.0,0.0,0.0,0.0,0.0,0.0,0.0,0.0,0.0,,0.0,0.0,0.0,,0.0,0.0,0.0,0.0,0.0,0.0,0.0,0.0,0.0,,0.0,1.0,0.0,0.0,0.0,0.0,0.0,0.0,0.0,0.0,0.0,0.0
2/2/2026,2021.0,20220605.0,19609.0,30909.0,TRANSMONTAIGNE OPERATING COMPANY L.P.,Refined and/or Petroleum Product (non-HVL),INTRASTATE,GEORGIA,0.47,0.47,0.0,0.0,,0.94,3.0,0.0,3.0,,0.0,0.0,0.0,0.0,0.0,0.0,0.0,0.0,0.58,,0.0,0.0,0.0,0.0,0.0,0.0,0.0,,0.0,0.0,0.0,0.0,0.0,0.0,0.0,0.0,0.0,,0.0,0.0,0.0,,0.0,0.0,0.0,0.0,0.0,0.0,0.0,0.0,1.52,,0.0,0.0,0.0,0.0,0.0,0.0,0.58,0.0,0.58,0.0,0.0,0.0
2/2/2026,2021.0,20220605.0,19609.0,30909.0,TRANSMONTAIGNE OPERATING COMPANY L.P.,Refined and/or Petroleum Product (non-HVL),INTRASTATE,MISSISSIPPI,0.9,0.9,0.0,0.0,,1.8,0.0,4.0,4.0,,0.0,0.0,0.0,0.0,0.0,0.0,0.0,0.0,0.0,,0.0,0.0,0.0,0.0,0.0,0.0,0.0,,0.0,0.0,0.0,0.0,0.0,0.0,0.0,0.0,0.0,,0.0,0.0,0.0,,0.0,0.0,0.0,0.0,0.0,0.0,0.0,0.0,1.8,,0.0,0.0,0.0,0.0,0.0,0.0,0.0,0.0,0.0,0.9,0.0,0.9
2/2/2026,2021.0,20220605.0,19609.0,30909.0,TRANSMONTAIGNE OPERATING COMPANY L.P.,Refined and/or Petroleum Product (non-HVL),INTRASTATE,TEXAS,0.0,0.0,0.0,0.0,,0.0,0.0,0.0,0.0,,0.0,0.0,0.0,0.0,0.0,0.0,0.0,0.0,0.0,,0.0,0.0,0.0,0.0,0.0,0.0,0.0,,0.0,0.0,0.0,0.0,0.0,0.0,0.0,0.0,0.0,,0.0,0.0,0.0,,0.0,0.0,0.0,0.0,0.0,0.0,0.0,0.0,0.0,,0.0,0.0,0.0,0.0,0.0,0.0,0.0,0.0,0.0,0.0,0.0,0.0
2/2/2026,2021.0,20220356.0,19350.0,30940.0,"WILLIAMS ENERGY, LLC",HVL,INTRASTATE,LOUISIANA,0.0,0.0,0.0,0.0,,0.0,0.0,0.0,0.0,,0.0,0.0,0.0,0.0,0.0,0.0,0.0,0.0,0.0,,0.0,0.0,0.0,0.0,0.0,0.0,0.0,,0.0,0.0,0.0,0.0,0.0,0.0,0.0,0.0,0.0,,0.0,0.0,0.0,,0.0,0.0,0.0,0.0,0.0,0.0,0.0,0.0,0.0,,0.0,0.0,0.0,0.0,0.0,0.0,0.0,0.0,0.0,0.0,0.0,0.0
2/2/2026,2021.0,20220463.0,19460.0,30959.0,THE DOW CHEMICAL COMPANY,HVL,INTRASTATE,TEXAS,18.7,18.7,,,,37.4,4.0,0.0,4.0,,4.0,0.0,4.0,1.0,0.0,0.0,0.0,1.0,0.0,,0.0,0.0,0.0,5.38,0.0,0.0,0.0,,0.0,0.0,0.0,0.0,0.0,0.0,2.0,2.0,0.395,,0.0,0.0,0.0,,0.0,0.0,0.0,0.0,0.0,0.0,0.0,0.0,43.175,,4.0,3.0,5.0,0.0,0.0,0.0,,24.08,24.08,0.0,0.0,0.0
2/2/2026,2021.0,20220418.0,19414.0,30959.0,THE DOW CHEMICAL COMPANY,Refined and/or Petroleum Product (non-HVL),INTRASTATE,TEXAS,9.34,9.34,0.0,0.0,,18.68,15.0,0.0,15.0,,15.0,0.0,15.0,0.0,0.0,0.0,0.0,0.0,0.0,,0.0,0.0,0.0,0.0,0.0,0.0,0.0,,0.0,0.0,0.0,0.0,0.0,0.0,0.0,0.0,0.0,,0.0,0.0,0.0,,0.0,0.0,0.0,0.0,0.0,0.0,0.0,0.0,18.68,,15.0,0.0,0.0,0.0,0.0,0.0,0.0,9.34,9.34,0.0,0.0,0.0
2/2/2026,2021.0,20220202.0,19185.0,31023.0,CITGO REFINING & CHEMICAL CO. L.P.,Crude Oil,INTRASTATE,TEXAS,0.0,0.0,0.0,0.0,,0.0,0.0,0.0,0.0,,0.0,0.0,0.0,0.0,0.0,0.0,0.0,0.0,0.0,,0.0,0.0,0.0,0.0,0.0,0.0,0.0,,0.0,0.0,0.0,0.0,0.0,0.0,0.0,0.0,0.0,,0.0,0.0,0.0,,0.0,0.0,0.0,0.0,0.0,0.0,0.0,0.0,0.0,,0.0,0.0,0.0,0.0,0.0,0.0,0.0,0.0,0.0,0.0,0.0,0.0
2/2/2026,2021.0,20220201.0,19184.0,31023.0,CITGO REFINING & CHEMICAL CO. L.P.,HVL,INTRASTATE,TEXAS,0.607,0.607,0.0,0.0,,1.214,1.0,0.0,1.0,,0.0,0.0,0.0,0.0,0.0,0.0,0.0,0.0,0.607,,0.0,0.0,0.0,0.0,0.0,0.0,0.0,,0.0,0.0,0.0,0.0,0.0,0.0,0.0,0.0,0.0,,0.0,0.0,0.0,,0.0,0.0,0.0,0.0,0.0,0.0,0.0,0.0,1.821,,0.0,0.0,0.0,0.0,0.0,0.0,0.0,0.0,0.0,0.0,0.0,0.0
2/2/2026,2021.0,20220203.0,19186.0,31023.0,CITGO REFINING & CHEMICAL CO. L.P.,Refined and/or Petroleum Product (non-HVL),INTRASTATE,TEXAS,0.0,0.0,0.0,0.0,,0.0,0.0,0.0,0.0,,0.0,0.0,0.0,0.0,0.0,0.0,0.0,0.0,3.75,,0.0,0.0,0.0,0.0,0.0,0.0,0.0,,0.0,0.0,0.0,0.0,0.0,0.0,0.0,0.0,0.0,,0.0,0.0,0.0,,0.0,0.0,0.0,0.0,0.0,0.0,0.0,0.0,3.75,,0.0,0.0,0.0,0.0,0.0,0.0,0.0,3.75,3.75,0.0,0.0,0.0
2/2/2026,2021.0,20220181.0,19162.0,31045.0,"GENESIS PIPELINE USA, L.P.",Crude Oil,INTERSTATE,,40.95,40.95,0.0,0.0,,81.9,30.0,2.0,32.0,,2.0,0.0,2.0,2.0,1.0,0.0,27.0,30.0,0.0,,0.0,0.0,0.0,0.0,0.0,0.0,0.0,,0.0,0.0,0.0,0.0,0.0,0.0,0.0,0.0,0.0,,0.0,0.0,0.0,,0.0,0.0,0.0,0.0,0.0,0.0,,0.0,81.9,,2.0,30.0,0.0,0.0,0.0,0.0,0.0,22.12,22.12,0.0,18.83,18.83
2/2/2026,2021.0,20220076.0,19037.0,31049.0,MCCHORD PIPELINE CO.,Refined and/or Petroleum Product (non-HVL),INTRASTATE,WASHINGTON,,,,,,,,,,,,,,,,,,,,,,,,,,,,,,,,,,,,,,,,,,,,,,,,,,,,,,,,,,,,,,,,
2/2/2026,2021.0,20220461.0,19458.0,31051.0,"TIDEWATER, INC",Refined and/or Petroleum Product (non-HVL),INTRASTATE,OREGON,10.56,,,,,10.56,1.0,0.0,1.0,,0.0,0.0,0.0,0.0,0.0,0.0,0.0,0.0,0.0,,0.0,0.0,0.0,0.0,0.0,0.0,0.0,,0.0,0.0,0.0,0.0,0.0,0.0,0.0,0.0,0.0,,0.0,0.0,0.0,,0.0,0.0,0.0,0.0,0.0,0.0,0.0,0.0,10.56,,0.0,0.0,0.0,0.0,0.0,0.0,0.0,10.56,10.56,0.0,0.0,0.0
2/2/2026,2021.0,20220461.0,19458.0,31051.0,"TIDEWATER, INC",Refined and/or Petroleum Product (non-HVL),INTRASTATE,WASHINGTON,0.0,0.0,0.0,0.0,,0.0,0.0,0.0,0.0,,0.0,0.0,0.0,0.0,0.0,0.0,0.0,0.0,0.0,,0.0,0.0,0.0,0.0,0.0,0.0,0.0,,0.0,0.0,0.0,0.0,0.0,0.0,0.0,0.0,0.0,,0.0,0.0,0.0,,0.0,0.0,0.0,0.0,0.0,0.0,0.0,0.0,0.0,,0.0,0.0,0.0,0.0,0.0,0.0,0.0,0.0,0.0,0.0,0.0,0.0
2/2/2026,2021.0,20220474.0,19739.0,31056.0,"SIGNATURE FLIGHT SUPPORT, M&O _ HONOLULU",Refined and/or Petroleum Product (non-HVL),INTRASTATE,HAWAII,0.0,0.0,0.0,0.0,,0.0,4.0,0.0,4.0,,1.0,0.0,1.0,0.0,0.0,0.0,1.0,1.0,0.0,,0.0,0.0,0.0,0.0,0.0,0.0,0.0,,0.0,0.0,0.0,0.0,0.0,0.0,0.0,0.0,0.0,,0.0,0.0,0.0,,0.0,0.0,0.0,0.0,0.0,0.0,0.0,0.0,0.0,,1.0,1.0,0.0,0.0,0.0,0.0,0.0,0.0,0.0,0.0,0.0,0.0
2/2/2026,2021.0,20220082.0,19045.0,31057.0,"HECO - HAWAIIAN ELECTRIC COMPANY, INC.",Refined and/or Petroleum Product (non-HVL),INTRASTATE,HAWAII,25.5,25.5,0.0,0.0,,51.0,4.0,0.0,4.0,,0.0,0.0,0.0,0.0,0.0,0.0,0.0,0.0,0.0,,0.0,0.0,0.0,0.0,0.0,0.0,0.0,,0.0,0.0,0.0,0.0,0.0,0.0,0.0,0.0,0.0,,0.0,0.0,0.0,,0.0,0.0,0.0,0.0,0.0,0.0,0.0,0.0,51.0,,0.0,0.0,0.0,0.0,0.0,0.0,0.11,12.59,12.7,0.0,0.0,0.0
2/2/2026,2021.0,20220378.0,19708.0,31059.0,BASF CORPORATION,HVL,INTRASTATE,TEXAS,,,,,,,,,,,,,,,,,,,,,,,,,,,,,,,,,,,,,,,,,,,,,,,,,,,,,,,,,,,,,,,,
2/2/2026,2021.0,20220737.0,19960.0,31067.0,AERA ENERGY LLC,HVL,INTRASTATE,CALIFORNIA,,,,,,,,,,,,,,,,,,,,,,,,,,,,,,,,,,,,,,,,,,,,,,,,,,,,,,,,,,,,,,,,
2/2/2026,2021.0,20220729.0,19792.0,31075.0,E&B NATURAL RESOURCES MANAGEMENT CORP,Crude Oil,INTRASTATE,CALIFORNIA,2.09,0.0,0.0,0.0,,2.09,1.0,0.0,1.0,,2.0,0.0,2.0,0.0,0.0,0.0,0.0,0.0,2.69,,0.0,0.0,0.0,0.0,0.0,0.0,0.0,,0.0,0.0,0.0,0.0,0.0,0.0,0.0,0.0,0.0,,0.0,0.0,0.0,,0.0,0.0,0.0,0.0,0.0,0.0,0.0,0.0,4.78,,2.0,0.0,0.0,0.0,0.0,0.0,0.0,0.0,0.0,0.0,0.0,0.0
2/2/2026,2021.0,20220238.0,19229.0,31083.0,HAWAII ELECTRIC LIGHT,Refined and/or Petroleum Product (non-HVL),INTRASTATE,HAWAII,0.0,0.0,0.0,0.0,,0.0,0.0,0.0,0.0,,0.0,0.0,0.0,0.0,0.0,0.0,0.0,0.0,0.0,,0.0,0.0,0.0,0.0,0.0,0.0,0.0,,0.0,0.0,0.0,0.0,0.0,0.0,0.0,0.0,0.0,,0.0,0.0,0.0,,0.0,0.0,0.0,0.0,0.0,0.0,0.0,0.0,0.0,,0.0,0.0,0.0,0.0,0.0,0.0,0.0,0.0,0.0,0.0,0.0,0.0
2/2/2026,2021.0,20220199.0,19180.0,31130.0,DCP MIDSTREAM,HVL,INTERSTATE,,463.64,463.64,152.47,,,1079.75,36.0,46.0,82.0,,0.0,0.0,0.0,0.0,0.0,1.0,14.0,15.0,11.71,,0.0,0.0,0.0,0.0,0.0,0.0,0.0,,0.0,0.0,0.0,0.0,0.0,0.0,0.0,0.0,0.0,,0.0,0.0,0.0,,0.0,0.0,0.0,0.0,0.0,0.0,0.0,0.0,1091.46,,0.0,15.0,0.0,0.0,0.0,0.0,0.0,198.12,198.12,0.0,277.23,277.23
2/2/2026,2021.0,20220199.0,19180.0,31130.0,DCP MIDSTREAM,HVL,INTRASTATE,COLORADO,0.0,0.0,0.0,0.0,,0.0,0.0,0.0,0.0,,0.0,0.0,0.0,0.0,0.0,0.0,0.0,0.0,0.057,,0.0,0.0,0.0,0.0,0.0,0.0,0.0,,0.0,0.0,0.0,0.0,0.0,0.0,0.0,0.0,0.0,,0.0,0.0,0.0,,0.0,0.0,0.0,0.0,0.0,0.0,0.0,0.0,0.057,,0.0,0.0,0.0,0.0,0.0,0.0,0.0,0.057,0.057,0.0,0.0,0.0
2/2/2026,2021.0,20220199.0,19180.0,31130.0,DCP MIDSTREAM,HVL,INTRASTATE,MICHIGAN,0.0,0.0,0.0,0.0,,0.0,0.0,0.0,0.0,,0.0,0.0,0.0,0.0,0.0,0.0,0.0,0.0,0.0,,0.0,0.0,0.0,0.0,0.0,0.0,0.0,,0.0,0.0,0.0,0.0,0.0,0.0,0.0,0.0,0.0,,0.0,0.0,0.0,,0.0,0.0,0.0,0.0,0.0,0.0,0.0,0.0,0.0,,0.0,0.0,0.0,0.0,0.0,0.0,,,,,,
2/2/2026,2021.0,20220199.0,19180.0,31130.0,DCP MIDSTREAM,HVL,INTRASTATE,TEXAS,233.78,233.78,0.0,0.0,,467.56,8.0,18.0,26.0,,0.0,0.0,0.0,0.0,1.0,0.0,6.0,7.0,0.0,,0.0,0.0,0.0,0.0,0.0,0.0,0.0,,0.0,0.0,0.0,0.0,0.0,0.0,0.0,0.0,0.0,,0.0,0.0,0.0,,0.0,0.0,0.0,0.0,0.0,0.0,0.0,0.0,467.56,,0.0,7.0,0.0,0.0,0.0,0.0,0.0,54.58,54.58,0.0,179.19,179.19
2/2/2026,2021.0,20220198.0,19179.0,31130.0,DCP MIDSTREAM,Refined and/or Petroleum Product (non-HVL),INTRASTATE,TEXAS,0.0,0.0,0.0,0.0,,0.0,0.0,0.0,0.0,,0.0,0.0,0.0,0.0,0.0,0.0,0.0,0.0,0.0,,0.0,0.0,0.0,0.0,0.0,0.0,0.0,,0.0,0.0,0.0,0.0,0.0,0.0,0.0,0.0,0.0,,0.0,0.0,0.0,,0.0,0.0,0.0,0.0,0.0,0.0,0.0,0.0,0.0,,0.0,0.0,0.0,0.0,0.0,0.0,0.0,0.0,0.0,0.0,0.0,0.0
2/2/2026,2021.0,20220133.0,19110.0,31135.0,PETRO-DIAMOND TERMINAL COMPANY,Refined and/or Petroleum Product (non-HVL),INTRASTATE,CALIFORNIA,,,,,,,,,,,,,,,,,,,,,,,,,,,,,,,,,,,,,,,,,,,,,,,,,,,,,,,,,,,,,,,,
2/2/2026,2021.0,20220103.0,19072.0,31136.0,WICKLAND PIPELINES LLC,Refined and/or Petroleum Product (non-HVL),INTRASTATE,CALIFORNIA,0.0,0.0,0.0,0.0,,0.0,0.0,0.0,0.0,,0.0,0.0,0.0,0.0,0.0,0.0,0.0,0.0,0.0,,0.0,0.0,0.0,0.0,0.0,0.0,0.0,,0.0,0.0,0.0,0.0,0.0,0.0,0.0,0.0,0.0,,0.0,0.0,0.0,,0.0,0.0,0.0,0.0,0.0,0.0,0.0,0.0,0.0,,0.0,0.0,0.0,0.0,0.0,0.0,0.0,0.0,0.0,0.0,0.0,0.0
2/2/2026,2021.0,20220325.0,19318.0,31166.0,MUSTANG  PIPE  LINE  LLC,Crude Oil,INTERSTATE,,0.0,0.0,0.0,0.0,,0.0,0.0,0.0,0.0,,0.0,0.0,0.0,0.0,0.0,0.0,0.0,0.0,0.0,,0.0,0.0,0.0,0.0,0.0,0.0,0.0,,0.0,0.0,0.0,0.0,0.0,0.0,0.0,0.0,0.0,,0.0,0.0,0.0,,0.0,0.0,0.0,0.0,0.0,0.0,0.0,0.0,0.0,,0.0,0.0,0.0,0.0,0.0,0.0,0.0,0.0,0.0,0.0,0.0,0.0
2/2/2026,2021.0,20220537.0,19539.0,31167.0,MOEM PIPELINE LLC,Crude Oil,INTERSTATE,,0.0,0.0,0.0,0.0,,0.0,7.0,0.0,7.0,,0.0,0.0,0.0,1.0,2.0,2.0,0.0,5.0,0.0,,0.0,0.0,0.0,0.0,0.0,0.0,0.0,,0.0,0.0,0.0,0.0,0.0,0.0,0.0,0.0,0.0,,0.0,0.0,0.0,,0.0,0.0,0.0,0.0,0.0,0.0,0.0,0.0,0.0,,0.0,5.0,0.0,0.0,0.0,0.0,0.0,0.0,0.0,0.0,0.0,0.0
2/2/2026,2021.0,20220576.0,19578.0,31174.0,"SHELL PIPELINE CO., L.P.",Crude Oil,INTERSTATE,,533.0,533.0,0.0,0.0,,1066.0,38.0,0.0,38.0,,0.0,0.0,0.0,0.0,1.0,7.0,30.0,38.0,,,,,,,,,,,,,,,,,,,,,,,,,,,,,,,,,1066.0,,0.0,38.0,,,,,0.0,348.8,348.8,0.0,184.3,184.3
2/2/2026,2021.0,20220583.0,19586.0,31174.0,"SHELL PIPELINE CO., L.P.",HVL,INTERSTATE,,148.1,148.1,0.0,0.0,,296.2,6.0,0.0,6.0,,0.0,0.0,0.0,0.0,0.0,1.0,5.0,6.0,0.0,,0.0,0.0,0.0,0.0,0.0,0.0,0.0,,,,,,,,,,,,,,,,,,,,,,,,296.2,,0.0,6.0,,,,,63.8,42.0,105.8,34.9,7.5,42.4
2/2/2026,2021.0,20220583.0,19586.0,31174.0,"SHELL PIPELINE CO., L.P.",HVL,INTRASTATE,LOUISIANA,25.8,25.8,0.0,0.0,,51.6,0.0,0.0,0.0,,0.0,0.0,0.0,0.0,0.0,0.0,0.0,0.0,0.0,,0.0,0.0,0.0,0.0,0.0,0.0,0.0,,0.0,0.0,0.0,0.0,0.0,0.0,0.0,0.0,0.0,,0.0,0.0,0.0,,0.0,0.0,0.0,0.0,0.0,0.0,0.0,0.0,51.6,,0.0,0.0,,,,,0.0,24.4,24.4,0.0,1.4,1.4
2/2/2026,2021.0,20220587.0,19899.0,31174.0,"SHELL PIPELINE CO., L.P.",Refined and/or Petroleum Product (non-HVL),INTERSTATE,,18.2,18.2,0.0,0.0,,36.4,0.0,0.0,0.0,,0.0,0.0,0.0,0.0,0.0,0.0,,0.0,,,,,,1.5,0.0,0.0,0.0,,0.0,0.0,0.0,0.0,0.0,0.0,0.0,0.0,,,,,,,,,,,,,,,37.9,,0.0,0.0,,,,,0.0,19.7,19.7,0.0,0.0,0.0
2/2/2026,2021.0,20220587.0,19899.0,31174.0,"SHELL PIPELINE CO., L.P.",Refined and/or Petroleum Product (non-HVL),INTRASTATE,ILLINOIS,0.0,0.0,0.0,0.0,,0.0,,,,,,,,,,,,,,,,,,,,,,,,,,,,,,,,,,,,,,,,,,,,,0.0,,,,,,,,,,,,,
2/2/2026,2021.0,20220587.0,19899.0,31174.0,"SHELL PIPELINE CO., L.P.",Refined and/or Petroleum Product (non-HVL),INTRASTATE,LOUISIANA,10.6,10.6,10.6,0.0,,31.8,0.0,0.0,0.0,,0.0,0.0,0.0,0.0,0.0,0.0,0.0,0.0,,,,,,,,,,,,,,,,,,,,,,,,,,,,,,,,,31.8,,0.0,0.0,,,,,0.0,10.6,10.6,0.0,0.0,0.0
2/2/2026,2021.0,20220587.0,19899.0,31174.0,"SHELL PIPELINE CO., L.P.",Refined and/or Petroleum Product (non-HVL),INTRASTATE,TEXAS,11.15,11.15,0.0,0.0,,22.3,0.0,0.0,0.0,,0.0,0.0,0.0,0.0,0.0,0.0,0.0,0.0,0.0,,0.0,0.0,0.0,0.74,0.0,0.0,0.0,,0.0,0.0,0.0,0.0,0.0,0.0,0.0,0.0,0.0,,0.0,0.0,0.0,,0.0,0.0,0.0,0.0,0.0,0.0,0.0,0.0,23.04,,0.0,0.0,0.0,0.0,0.0,0.0,0.0,11.88,11.88,0.0,0.0,0.0
2/2/2026,2021.0,20220455.0,19452.0,31178.0,XTO ENERGY INC,CO2,INTRASTATE,TEXAS,,,,,,,,,,,,,,,,,,,,,,,,,,,,,,,,,,,,,,,,,,,,,,,,,,,,,,,,,,,,,,,,
2/2/2026,2021.0,20220366.0,19830.0,31178.0,XTO ENERGY INC,Crude Oil,INTRASTATE,NEW MEXICO,,,,,,,,,,,,,,,,,,,,,,,,,,,,,,,,,,,,,,,,,,,,,,,,,,,,,,,,,,,,,,,,
2/2/2026,2021.0,20220366.0,19830.0,31178.0,XTO ENERGY INC,Crude Oil,INTRASTATE,TEXAS,,,,,,,,,,,,,,,,,,,,,,,,,,,,,,,,,,,,,,,,,,,,,,,,,,,,,,,,,,,,,,,,
2/2/2026,2021.0,20220246.0,19237.0,31189.0,BP PIPELINE (NORTH AMERICA) INC.,Crude Oil,INTERSTATE,,267.1,267.1,0.0,0.0,,534.2,35.0,19.0,54.0,,16.0,2.0,14.0,1.0,1.0,10.0,20.0,32.0,0.0,,0.0,0.0,0.0,0.0,0.0,0.0,0.0,,0.0,0.0,0.0,0.0,0.0,0.0,0.0,0.0,0.0,,0.0,0.0,0.0,,0.0,0.0,0.0,0.0,0.0,0.0,0.0,0.0,534.2,,16.0,32.0,0.0,0.0,0.0,0.0,0.0,119.2,119.2,0.0,148.0,148.0
2/2/2026,2021.0,20220246.0,19237.0,31189.0,BP PIPELINE (NORTH AMERICA) INC.,Crude Oil,INTRASTATE,WASHINGTON,0.0,0.0,0.0,0.0,,0.0,0.0,0.0,0.0,,0.0,0.0,0.0,0.0,0.0,0.0,0.0,0.0,0.0,,0.0,0.0,0.0,0.0,0.0,0.0,0.0,,0.0,0.0,0.0,0.0,0.0,0.0,0.0,0.0,0.0,,0.0,0.0,0.0,,0.0,0.0,0.0,0.0,0.0,0.0,0.0,0.0,0.0,,0.0,0.0,0.0,0.0,0.0,0.0,0.0,0.0,0.0,0.0,0.0,0.0
2/2/2026,2021.0,20220242.0,19233.0,31189.0,BP PIPELINE (NORTH AMERICA) INC.,HVL,INTERSTATE,,0.0,0.0,0.0,0.0,,0.0,0.0,0.0,0.0,,0.0,0.0,0.0,0.0,0.0,0.0,0.0,0.0,0.0,,0.0,0.0,0.0,0.0,0.0,0.0,0.0,,0.0,0.0,0.0,0.0,0.0,0.0,0.0,0.0,0.0,,0.0,0.0,0.0,,0.0,0.0,0.0,0.0,0.0,0.0,0.0,0.0,0.0,,0.0,0.0,0.0,0.0,0.0,0.0,0.0,0.0,0.0,0.0,0.0,0.0
2/2/2026,2021.0,20220242.0,19233.0,31189.0,BP PIPELINE (NORTH AMERICA) INC.,HVL,INTRASTATE,WASHINGTON,0.0,0.0,0.0,0.0,,0.0,0.0,0.0,0.0,,0.0,0.0,0.0,0.0,0.0,0.0,0.0,0.0,0.0,,0.0,0.0,0.0,0.0,0.0,0.0,0.0,,0.0,0.0,0.0,0.0,0.0,0.0,0.0,0.0,0.0,,0.0,0.0,0.0,,0.0,0.0,0.0,0.0,0.0,0.0,0.0,0.0,0.0,,0.0,0.0,0.0,0.0,0.0,0.0,0.0,0.0,0.0,0.0,0.0,0.0
2/2/2026,2021.0,20220245.0,19236.0,31189.0,BP PIPELINE (NORTH AMERICA) INC.,Refined and/or Petroleum Product (non-HVL),INTERSTATE,,64.0,64.0,0.0,0.0,,128.0,45.0,29.0,74.0,,27.0,0.0,27.0,1.0,2.0,16.0,23.0,42.0,0.0,,0.0,0.0,0.0,0.0,0.0,0.0,0.0,,0.0,0.0,0.0,0.0,0.0,0.0,0.0,0.0,0.0,,0.0,0.0,0.0,,0.0,0.0,0.0,0.0,0.0,0.0,0.0,0.0,128.0,,27.0,42.0,0.0,0.0,0.0,0.0,0.0,31.7,31.7,0.0,32.3,32.3
2/2/2026,2021.0,20220393.0,19389.0,31228.0,"CALIFORNIA RESOURCES ELK HILLS, LLC",HVL,INTRASTATE,CALIFORNIA,,,,,,,,,,,,,,,,,,,0.0,,0.0,0.0,0.0,0.0,,,,,,,,,,,,,0.0,,,,,,,,,,,,,,0.0,,0.0,0.0,0.0,0.0,0.0,0.0,,,,,,
2/2/2026,2021.0,20220394.0,19390.0,31228.0,"CALIFORNIA RESOURCES ELK HILLS, LLC",Refined and/or Petroleum Product (non-HVL),INTRASTATE,CALIFORNIA,,,,,,,,,,,,,,,,,,,0.0,,0.0,0.0,0.0,0.0,,,,,,,,,,,,,0.0,,,,,,,,,,,,,,0.0,,0.0,0.0,0.0,0.0,0.0,0.0,,,,,,
2/2/2026,2021.0,20220030.0,18986.0,31256.0,"JGE GAS SOLUTIONS, LP",HVL,INTRASTATE,TEXAS,,,,,,,,,,,,,,,,,,,,,,,,,,,,,,,,,,,,,,,,,,,,,,,,,,,,,,,,,,,,,,,,
2/2/2026,2021.0,20220092.0,19058.0,31285.0,HOUSTON AMMONIA TERMINAL,HVL,INTRASTATE,TEXAS,,,,,,,,,,,,,,,,,,,,,,,,,,,,,,,,,,,,,,,,,,,,,,,,,,,,,,,,,,,,,,,,
2/2/2026,2021.0,20220520.0,19520.0,31312.0,WEST PHOENIX POWER PLANT,Refined and/or Petroleum Product (non-HVL),INTRASTATE,ARIZONA,,,,,,,,,,,,,,,,,,,2.0,,0.0,,,,,,,,,,,,,,,,,,,,,,,,,,,,,,2.0,,0.0,,,,,,,,,,,
2/2/2026,2021.0,20220375.0,19370.0,31371.0,"BUCKEYE DEVELOPMENT & LOGISTICS, LLC",Crude Oil,INTRASTATE,TEXAS,0.0,0.0,0.0,0.0,,0.0,0.0,0.0,0.0,,0.0,0.0,0.0,0.0,0.0,0.0,0.0,0.0,19.63,,0.0,0.0,0.0,0.0,0.0,0.0,0.0,,0.0,0.0,0.0,0.0,0.0,0.0,0.0,0.0,0.0,,0.0,0.0,0.0,,0.0,0.0,0.0,0.0,0.0,0.0,0.0,0.0,19.63,,0.0,0.0,0.0,0.0,0.0,0.0,3.364,0.0,3.364,16.251,0.0,16.251
2/2/2026,2021.0,20220376.0,19371.0,31371.0,"BUCKEYE DEVELOPMENT & LOGISTICS, LLC",HVL,INTERSTATE,,2.738,2.738,0.0,0.0,,5.476,0.0,0.0,0.0,,0.0,0.0,0.0,0.0,0.0,0.0,0.0,0.0,0.0,,0.0,0.0,0.0,0.0,0.0,0.0,0.0,,0.0,0.0,0.0,0.0,0.0,0.0,0.0,0.0,0.0,,0.0,0.0,0.0,,0.0,0.0,0.0,0.0,0.0,0.0,0.0,0.0,5.476,,0.0,0.0,0.0,0.0,0.0,0.0,0.0,2.738,2.738,0.0,0.0,0.0
2/2/2026,2021.0,20220376.0,19371.0,31371.0,"BUCKEYE DEVELOPMENT & LOGISTICS, LLC",HVL,INTRASTATE,LOUISIANA,0.0,0.0,0.0,0.0,,0.0,0.0,0.0,0.0,,0.0,0.0,0.0,0.0,0.0,0.0,0.0,0.0,0.0,,0.0,0.0,0.0,0.0,0.0,0.0,0.0,,0.0,0.0,0.0,0.0,0.0,0.0,0.0,0.0,0.0,,0.0,0.0,0.0,,0.0,0.0,0.0,0.0,0.0,0.0,0.0,0.0,0.0,,0.0,0.0,0.0,0.0,0.0,0.0,0.0,0.0,0.0,0.0,0.0,0.0
2/2/2026,2021.0,20220376.0,19371.0,31371.0,"BUCKEYE DEVELOPMENT & LOGISTICS, LLC",HVL,INTRASTATE,TEXAS,365.509,365.509,0.0,0.0,,731.018,0.0,0.0,0.0,,0.0,0.0,0.0,0.0,0.0,0.0,0.0,0.0,0.6,,0.0,0.0,0.0,0.0,0.0,0.0,0.0,,0.0,0.0,0.0,0.0,0.0,0.0,0.0,0.0,0.0,,0.0,0.0,0.0,,0.0,0.0,0.0,0.0,0.0,0.0,0.0,0.0,731.618,,0.0,0.0,0.0,0.0,0.0,0.0,0.0,167.298,167.298,0.0,198.767,198.767
2/2/2026,2021.0,20220377.0,19372.0,31371.0,"BUCKEYE DEVELOPMENT & LOGISTICS, LLC",Refined and/or Petroleum Product (non-HVL),INTERSTATE,,27.776,27.776,34.595,0.0,,90.147,3.0,0.0,3.0,,0.0,0.0,0.0,0.0,0.0,0.0,3.0,3.0,0.0,,0.0,0.0,0.0,0.0,0.0,0.0,0.0,,0.0,0.0,0.0,0.0,0.0,0.0,0.0,0.0,0.0,,0.0,0.0,0.0,,0.0,0.0,0.0,0.0,0.0,0.0,0.0,0.0,90.147,,0.0,3.0,0.0,0.0,0.0,0.0,0.0,46.651,46.651,0.0,15.72,15.72
2/2/2026,2021.0,20220377.0,19372.0,31371.0,"BUCKEYE DEVELOPMENT & LOGISTICS, LLC",Refined and/or Petroleum Product (non-HVL),INTRASTATE,CALIFORNIA,0.0,0.0,0.0,0.0,,0.0,0.0,0.0,0.0,,0.0,0.0,0.0,0.0,0.0,0.0,0.0,0.0,0.0,,0.0,0.0,0.0,0.0,0.0,0.0,0.0,,0.0,0.0,0.0,0.0,0.0,0.0,0.0,0.0,0.0,,0.0,0.0,0.0,,0.0,0.0,0.0,0.0,0.0,0.0,0.0,0.0,0.0,,0.0,0.0,0.0,0.0,0.0,0.0,0.0,0.0,0.0,0.0,0.0,0.0
2/2/2026,2021.0,20220377.0,19372.0,31371.0,"BUCKEYE DEVELOPMENT & LOGISTICS, LLC",Refined and/or Petroleum Product (non-HVL),INTRASTATE,TEXAS,0.0,0.0,0.0,0.0,,0.0,0.0,0.0,0.0,,0.0,0.0,0.0,0.0,0.0,0.0,0.0,0.0,0.0,,0.0,0.0,0.0,0.0,0.0,0.0,0.0,,0.0,0.0,0.0,0.0,0.0,0.0,0.0,0.0,0.0,,0.0,0.0,0.0,,0.0,0.0,0.0,0.0,0.0,0.0,0.0,0.0,0.0,,0.0,0.0,0.0,0.0,0.0,0.0,0.0,0.0,0.0,0.0,0.0,0.0
2/2/2026,2021.0,20220087.0,19052.0,31420.0,VOPAK TERMINAL LOS ANGELES INC.,Refined and/or Petroleum Product (non-HVL),INTRASTATE,CALIFORNIA,,,,,,,,,,,,,,,,,,,3.28,,,,,0.1,,,,,,,,,,,,,10.67,,,,,,,,,,,,,,14.05,,,,,,,,,,,,,
2/2/2026,2021.0,20220093.0,19059.0,31425.0,MIDCOAST PIPELINES (TEXAS GATHERING) L.P.,HVL,INTRASTATE,TEXAS,3.77,3.77,,,,7.54,,,,,,,,,,,,,,,,,,,,,,,,,,,,,,,,,,,,,,,,,,,,,7.54,,,,,,,,0.0,0.0,0.0,0.0,3.77,3.77
2/2/2026,2021.0,20220115.0,19089.0,31434.0,PALMER PETROLEUM INC,Crude Oil,INTRASTATE,ALABAMA,,,,,,,,,,,,,,,,,,,6.0,,0.0,0.0,0.0,0.0,,,,,,,,,,,,,0.0,,,,,,,,,,,,,,6.0,,0.0,0.0,,,,,0.0,,0.0,0.0,,0.0
2/2/2026,2021.0,20220259.0,19250.0,31448.0,ENBRIDGE PIPELINES (TOLEDO) INC,Crude Oil,INTERSTATE,,0.0,0.0,0.0,0.0,,0.0,1.0,2.0,3.0,,1.0,0.0,1.0,0.0,0.0,1.0,0.0,1.0,0.0,,0.0,0.0,0.0,0.0,0.0,0.0,0.0,,0.0,0.0,0.0,0.0,0.0,0.0,0.0,0.0,0.0,,0.0,0.0,0.0,,0.0,0.0,0.0,0.0,0.0,0.0,0.0,0.0,0.0,,1.0,1.0,0.0,0.0,0.0,0.0,0.0,0.0,0.0,0.0,0.0,0.0
2/2/2026,2021.0,20220694.0,19711.0,31454.0,"NUSTAR LOGISTICS, L.P.",Crude Oil,INTERSTATE,,0.0,0.0,0.0,0.0,,0.0,0.0,5.0,5.0,,5.0,0.0,5.0,0.0,0.0,0.0,0.0,0.0,0.0,,0.0,0.0,0.0,0.0,0.0,0.0,0.0,,0.0,0.0,0.0,0.0,0.0,0.0,0.0,0.0,0.0,,0.0,0.0,0.0,,0.0,0.0,0.0,0.0,0.0,0.0,0.0,0.0,0.0,,5.0,0.0,0.0,0.0,0.0,0.0,0.0,0.0,0.0,0.0,0.0,0.0
2/2/2026,2021.0,20220694.0,19711.0,31454.0,"NUSTAR LOGISTICS, L.P.",Crude Oil,INTRASTATE,TEXAS,100.2,100.2,0.0,0.0,,200.4,3.0,16.0,19.0,,16.0,0.0,16.0,0.0,0.0,0.0,3.0,3.0,0.0,,0.0,0.0,0.0,0.0,0.0,0.0,0.0,,0.0,0.0,0.0,0.0,0.0,0.0,0.0,0.0,0.0,,0.0,0.0,0.0,,0.0,0.0,0.0,0.0,0.0,0.0,0.0,0.0,200.4,,16.0,3.0,0.0,0.0,3.0,0.0,0.0,28.0,28.0,0.0,72.2,72.2
2/2/2026,2021.0,20220696.0,19713.0,31454.0,"NUSTAR LOGISTICS, L.P.",HVL,INTRASTATE,TEXAS,0.0,0.0,0.0,0.0,,0.0,0.0,0.0,0.0,,0.0,0.0,0.0,0.0,0.0,0.0,0.0,0.0,0.0,,0.0,0.0,0.0,0.0,0.0,0.0,0.0,,0.0,0.0,0.0,0.0,0.0,0.0,0.0,0.0,0.0,,0.0,0.0,0.0,,0.0,0.0,0.0,0.0,0.0,0.0,0.0,0.0,0.0,,0.0,0.0,0.0,0.0,0.0,0.0,0.0,0.0,0.0,0.0,0.0,0.0
2/2/2026,2021.0,20220693.0,19709.0,31454.0,"NUSTAR LOGISTICS, L.P.",Refined and/or Petroleum Product (non-HVL),INTERSTATE,,405.6,405.6,87.8,0.0,,899.0,2.0,71.0,73.0,,71.0,0.0,71.0,0.0,0.0,0.0,0.0,0.0,0.0,,0.0,0.0,0.0,0.0,0.0,0.0,0.0,,0.0,0.0,0.0,0.0,0.0,0.0,0.0,0.0,0.0,,0.0,0.0,0.0,,0.0,0.0,0.0,0.0,0.0,0.0,0.0,0.0,899.0,,71.0,0.0,0.0,0.0,0.0,0.0,0.0,54.4,54.4,0.0,351.1,351.1
2/2/2026,2021.0,20220693.0,19709.0,31454.0,"NUSTAR LOGISTICS, L.P.",Refined and/or Petroleum Product (non-HVL),INTRASTATE,TEXAS,112.2,136.1,24.2,0.0,,272.5,28.0,38.0,66.0,,38.0,2.0,36.0,9.0,0.0,8.0,11.0,28.0,1.0,,0.0,0.0,0.0,0.0,0.0,0.0,0.0,,0.0,0.0,0.0,0.0,0.0,0.0,0.0,0.0,0.0,,0.0,0.0,0.0,,0.0,0.0,0.0,0.0,0.0,0.0,0.0,0.0,273.5,,38.0,28.0,0.0,0.0,2.0,0.0,0.0,37.2,37.2,0.0,100.0,100.0
2/2/2026,2021.0,20220116.0,19829.0,31455.0,"CALUMET MONTANA REFINING, LLC",Crude Oil,INTRASTATE,MONTANA,,,,,,,,,,,,,,,,,,,0.0,,0.0,0.0,0.0,0.0,,,,,,,,,,,,,0.0,,,,,,,,,,,,,,0.0,,0.0,0.0,0.0,0.0,0.0,0.0,,,,,,
2/2/2026,2021.0,20220341.0,19771.0,31460.0,DOD DEFENSE ENERGY SUPPORT CENTER,Refined and/or Petroleum Product (non-HVL),INTRASTATE,CALIFORNIA,8.83,,,,,8.83,,,,,,,,,,,,,,,,,,,,,,,,,,,,,,,,,,,,,,,,,,,,,8.83,,,,,,,,,,,,,
2/2/2026,2021.0,20220019.0,18971.0,31475.0,TRINITY PIPELINE GP LLC,CO2,INTRASTATE,TEXAS,0.0,0.0,0.0,0.0,,0.0,0.0,0.0,0.0,,0.0,0.0,0.0,0.0,0.0,0.0,0.0,0.0,0.0,,0.0,0.0,0.0,0.0,0.0,0.0,0.0,,0.0,0.0,0.0,0.0,0.0,0.0,0.0,0.0,0.0,,0.0,0.0,0.0,,0.0,0.0,0.0,0.0,0.0,0.0,0.0,0.0,0.0,,0.0,0.0,0.0,0.0,0.0,0.0,0.0,0.0,0.0,0.0,0.0,0.0
2/2/2026,2021.0,20220530.0,19531.0,31476.0,"ROSE ROCK MIDSTREAM OPERATING, LLC",Crude Oil,INTERSTATE,,3.9,3.9,1.3,0.0,,9.1,0.0,0.0,0.0,,0.0,0.0,0.0,0.0,0.0,0.0,0.0,0.0,0.0,,0.0,0.0,0.0,0.0,0.0,0.0,0.0,,0.0,0.0,0.0,0.0,0.0,0.0,0.0,0.0,0.0,,0.0,0.0,0.0,,0.0,0.0,0.0,0.0,0.0,0.0,0.0,0.0,9.1,,0.0,0.0,0.0,0.0,0.0,0.0,0.0,1.3,1.3,0.0,3.9,3.9
2/2/2026,2021.0,20220652.0,20274.0,31502.0,OCCIDENTAL PERMIAN LTD,HVL,INTRASTATE,TEXAS,,,,,,,,,,,,,,,,,,,,,,,,,,,,,,,,,,,,,,,,,,,,,,,,,,,,,,,,,,,,,,,,
2/2/2026,2021.0,20220284.0,19276.0,31517.0,ASCEND PERFORMANCE MATERIALS TEXAS INC,HVL,INTRASTATE,TEXAS,0.0,0.0,0.0,0.0,,0.0,0.0,0.0,0.0,,0.0,0.0,0.0,0.0,0.0,0.0,0.0,0.0,0.0,,0.0,0.0,0.0,0.0,0.0,0.0,0.0,,0.0,0.0,0.0,0.0,0.0,0.0,0.0,0.0,0.0,,0.0,0.0,0.0,,0.0,0.0,0.0,0.0,0.0,0.0,0.0,0.0,0.0,,0.0,0.0,0.0,0.0,0.0,0.0,0.0,0.0,0.0,0.0,0.0,0.0
2/2/2026,2021.0,20220046.0,19005.0,31523.0,ANDERSON OIL LTD,Crude Oil,INTRASTATE,TEXAS,,,,,,,,,,,,,,,,,,,,,,,,,,,,,,,,,,,,,,,,,,,,,,,,,,,,,,,,,,,0.0,0.35,0.35,,,
2/2/2026,2021.0,20220100.0,19068.0,31526.0,DELAWARE STORAGE AND PIPELINE COMPANY,Refined and/or Petroleum Product (non-HVL),INTRASTATE,DELAWARE,0.0,0.0,0.0,0.0,,0.0,0.0,0.0,0.0,,0.0,0.0,0.0,0.0,0.0,0.0,0.0,0.0,0.0,,0.0,0.0,0.0,0.0,0.0,0.0,0.0,,0.0,0.0,0.0,0.0,0.0,0.0,0.0,0.0,0.0,,0.0,0.0,0.0,,0.0,0.0,0.0,0.0,0.0,0.0,0.0,0.0,0.0,,0.0,0.0,0.0,0.0,0.0,0.0,0.0,0.0,0.0,0.0,0.0,0.0
2/2/2026,2021.0,20220466.0,19463.0,31546.0,CENTRAL LOUISIANA ENERGY PIPELINE CO (CLEPCO),Crude Oil,INTRASTATE,LOUISIANA,,,,,,,,,,,,,,,,,,,3.6,,0.0,0.0,0.0,0.0,,,,,,,,,,,,,0.0,,,,,,,,,,,,,,3.6,,0.0,0.0,0.0,0.0,0.0,0.0,0.0,0.0,0.0,0.0,0.0,0.0
2/2/2026,2021.0,20220552.0,19554.0,31552.0,ALPINE TRANSPORTATION CO.,Crude Oil,INTERSTATE,,34.634,34.634,,,,69.268,12.0,0.0,12.0,,0.0,0.0,0.0,0.0,0.0,0.0,0.0,0.0,0.0,,0.0,0.0,0.0,0.0,0.0,0.0,0.0,,0.0,0.0,0.0,0.0,0.0,0.0,0.0,0.0,0.094,RT UT VT,0.0,0.0,0.0,,0.0,0.0,0.0,0.0,0.0,0.0,0.0,0.0,69.362,,0.0,0.0,0.0,0.0,0.0,0.0,0.0,69.362,69.362,0.0,0.0,0.0
2/2/2026,2021.0,20220521.0,19598.0,31555.0,KINDER MORGAN CO2 CO. LLC,CO2,INTERSTATE,,125.92,125.92,0.0,0.0,,251.84,0.0,3.0,3.0,,3.0,0.0,3.0,0.0,0.0,0.0,0.0,0.0,0.0,,0.0,0.0,0.0,0.0,0.0,0.0,0.0,,0.0,0.0,0.0,0.0,0.0,0.0,0.0,0.0,0.0,,0.0,0.0,0.0,,0.0,0.0,0.0,0.0,0.0,0.0,0.0,0.0,251.84,,3.0,0.0,0.0,0.0,0.0,0.0,0.0,32.87,32.87,90.49,93.05,183.54
2/2/2026,2021.0,20220353.0,19347.0,31563.0,"WHITECAP PIPE LINE COMPANY, L.L.C.",Crude Oil,INTERSTATE,,0.0,0.0,0.0,0.0,,0.0,0.0,0.0,0.0,,0.0,0.0,0.0,0.0,0.0,0.0,0.0,0.0,0.0,,0.0,0.0,0.0,0.0,0.0,0.0,0.0,,0.0,0.0,0.0,0.0,0.0,0.0,0.0,0.0,0.0,,0.0,0.0,0.0,,0.0,0.0,0.0,0.0,0.0,0.0,0.0,0.0,0.0,,0.0,0.0,0.0,0.0,0.0,0.0,0.0,0.0,0.0,0.0,0.0,0.0
2/2/2026,2021.0,20220407.0,19895.0,31574.0,"WESTERN REFINING LOGISTICS, LP",Crude Oil,INTERSTATE,,169.8,169.8,0.0,169.8,IMU,509.4,12.0,1528.0,1540.0,,15.0,0.0,15.0,0.0,0.0,0.0,3.0,3.0,0.0,,0.0,0.0,0.0,0.0,0.0,0.0,0.0,,0.0,0.0,0.0,0.0,0.0,0.0,0.0,0.0,0.0,,0.0,0.0,0.0,,0.0,0.0,0.0,0.0,0.0,0.0,0.0,0.0,509.4,,15.0,3.0,5838.0,0.0,0.0,0.0,0.4,22.39,22.79,3.87,147.41,151.28
2/2/2026,2021.0,20220155.0,19133.0,31579.0,"MAGELLAN PIPELINES HOLDINGS, LP",Crude Oil,INTERSTATE,,0.0,0.0,0.0,0.0,,0.0,4.0,0.0,4.0,,0.0,0.0,0.0,0.0,0.0,2.0,2.0,4.0,0.0,,0.0,0.0,0.0,,,,,,,,,,,,,,,,,,,,,,,,,,,,0.0,,0.0,4.0,0.0,0.0,0.0,0.0,0.0,0.0,0.0,0.0,0.0,0.0
2/2/2026,2021.0,20220155.0,19133.0,31579.0,"MAGELLAN PIPELINES HOLDINGS, LP",Crude Oil,INTRASTATE,TEXAS,0.0,0.0,0.0,0.0,,0.0,0.0,0.0,0.0,,0.0,0.0,0.0,0.0,0.0,0.0,0.0,0.0,0.0,,0.0,0.0,0.0,,,,,,,,,,,,,,,,,,,,,,,,,,,,0.0,,0.0,0.0,0.0,0.0,0.0,0.0,0.0,0.0,0.0,0.0,0.0,0.0
2/2/2026,2021.0,20220156.0,19134.0,31579.0,"MAGELLAN PIPELINES HOLDINGS, LP",Refined and/or Petroleum Product (non-HVL),INTRASTATE,TEXAS,5.86,5.86,0.0,0.0,,11.72,0.0,0.0,0.0,,0.0,0.0,0.0,0.0,0.0,0.0,0.0,0.0,0.03,,0.0,0.0,0.0,,,,,,,,,,,,,,,,,,,,,,,,,,,,11.75,,0.0,0.0,0.0,0.0,0.0,0.0,0.0,5.89,5.89,0.0,0.0,0.0
2/2/2026,2021.0,20220153.0,19131.0,31580.0,"MAGELLAN TERMINALS HOLDINGS, LP",Crude Oil,INTERSTATE,,0.81,0.81,0.0,0.0,,1.62,0.0,0.0,0.0,,0.0,0.0,0.0,0.0,0.0,0.0,0.0,0.0,0.0,,0.0,0.0,0.0,,,,,,,,,,,,,,,,,,,,,,,,,,,,1.62,,0.0,0.0,0.0,0.0,0.0,0.0,0.0,0.0,0.0,0.0,0.81,0.81
2/2/2026,2021.0,20220153.0,19131.0,31580.0,"MAGELLAN TERMINALS HOLDINGS, LP",Crude Oil,INTRASTATE,LOUISIANA,0.0,0.0,0.0,0.0,,0.0,0.0,0.0,0.0,,0.0,0.0,0.0,0.0,0.0,0.0,0.0,0.0,0.0,,0.0,0.0,0.0,,,,,,,,,,,,,,,,,,,,,,,,,,,,0.0,,0.0,0.0,0.0,0.0,0.0,0.0,0.0,0.0,0.0,0.0,0.0,0.0
2/2/2026,2021.0,20220154.0,19132.0,31580.0,"MAGELLAN TERMINALS HOLDINGS, LP",Refined and/or Petroleum Product (non-HVL),INTRASTATE,TEXAS,0.0,0.0,0.0,0.0,,0.0,0.0,0.0,0.0,,0.0,0.0,0.0,0.0,0.0,0.0,0.0,0.0,0.27,,0.0,0.0,0.0,,,,,,,,,,,,,,,,,,,,,,,,,,,,0.27,,0.0,0.0,0.0,0.0,0.0,0.0,0.0,0.27,0.27,0.0,0.0,0.0
2/2/2026,2021.0,20220209.0,19192.0,31613.0,"MIDCOAST PIPELINES (EAST TEXAS), L.P.",HVL,INTRASTATE,TEXAS,9.84,9.84,,,,19.68,2.0,1.0,3.0,,1.0,0.0,1.0,0.0,0.0,0.0,2.0,2.0,0.0,,0.0,0.0,0.0,,,,,,,,,,,,,,,,,,,,,,,,,,,,19.68,,1.0,2.0,0.0,0.0,0.0,0.0,0.0,2.65,2.65,0.0,7.19,7.19
2/2/2026,2021.0,20220479.0,19584.0,31618.0,ENTERPRISE PRODUCTS OPERATING LLC,Crude Oil,INTRASTATE,TEXAS,6.1,6.1,0.0,0.0,,12.2,1.0,0.0,1.0,,0.0,0.0,0.0,0.0,0.0,0.0,0.0,0.0,2.71,,0.0,0.0,0.0,0.0,0.0,0.0,0.0,,0.0,0.0,0.0,0.0,0.0,0.0,0.0,0.0,0.0,,0.0,0.0,0.0,,0.0,0.0,0.0,0.0,0.0,0.0,0.0,0.0,14.91,,0.0,0.0,0.0,0.0,0.0,0.0,0.0,8.23,8.23,0.0,0.03,0.03
2/2/2026,2021.0,20220482.0,19479.0,31618.0,ENTERPRISE PRODUCTS OPERATING LLC,HVL,INTERSTATE,,2886.91,2886.91,904.6,0.0,,6678.42,361.0,780.0,1141.0,,639.0,96.0,543.0,37.0,10.0,30.0,197.0,274.0,22.34,,0.0,0.0,0.0,0.0,0.0,0.0,0.0,,0.0,0.0,0.0,0.0,0.0,0.0,0.0,0.0,0.0,,0.0,0.0,0.0,,0.0,0.0,0.0,0.0,0.0,0.0,0.0,0.0,6700.76,,639.0,274.0,2.0,0.0,18.0,0.0,18.92,704.37,723.29,0.09,2184.2,2184.29
2/2/2026,2021.0,20220482.0,19479.0,31618.0,ENTERPRISE PRODUCTS OPERATING LLC,HVL,INTRASTATE,LOUISIANA,350.56,350.56,45.68,0.0,,746.8,12.0,11.0,23.0,,7.0,0.0,7.0,2.0,0.0,2.0,3.0,7.0,4.46,,0.0,0.0,0.0,0.0,0.0,0.0,0.0,,0.0,0.0,0.0,0.0,0.0,0.0,0.0,0.0,0.0,,0.0,0.0,0.0,,0.0,0.0,0.0,0.0,0.0,0.0,0.0,0.0,751.26,,7.0,7.0,0.0,0.0,0.0,0.0,0.0,182.0,182.0,0.0,173.03,173.03
2/2/2026,2021.0,20220482.0,19479.0,31618.0,ENTERPRISE PRODUCTS OPERATING LLC,HVL,INTRASTATE,TEXAS,689.74,689.74,141.63,,,1521.11,137.0,138.0,275.0,,88.0,17.0,71.0,20.0,2.0,37.0,29.0,88.0,339.1,,6.0,0.0,5.0,0.0,0.0,0.0,0.0,,0.0,0.0,0.0,0.0,0.0,0.0,0.0,0.0,0.0,,0.0,0.0,0.0,,0.0,0.0,0.0,0.0,0.0,0.0,0.0,0.0,1860.21,,94.0,93.0,44.0,0.0,21.0,0.0,115.46,420.96,536.42,139.76,365.42,505.18
2/2/2026,2021.0,20220482.0,19479.0,31618.0,ENTERPRISE PRODUCTS OPERATING LLC,HVL,INTRASTATE,WYOMING,0.0,0.0,0.0,0.0,,0.0,0.0,0.0,0.0,,0.0,0.0,0.0,0.0,0.0,0.0,0.0,0.0,0.0,,0.0,0.0,0.0,0.0,0.0,0.0,0.0,,0.0,0.0,0.0,0.0,0.0,0.0,0.0,0.0,0.0,,0.0,0.0,0.0,,0.0,0.0,0.0,0.0,0.0,0.0,0.0,0.0,0.0,,0.0,0.0,0.0,0.0,0.0,0.0,0.0,0.0,0.0,0.0,0.0,0.0
2/2/2026,2021.0,20220480.0,19477.0,31618.0,ENTERPRISE PRODUCTS OPERATING LLC,Refined and/or Petroleum Product (non-HVL),INTERSTATE,,62.8,62.8,0.0,0.0,,125.6,3.0,2.0,5.0,,1.0,0.0,1.0,1.0,0.0,0.0,2.0,3.0,0.0,,0.0,0.0,0.0,0.0,0.0,0.0,0.0,,0.0,0.0,0.0,0.0,0.0,0.0,0.0,0.0,0.0,,0.0,0.0,0.0,,0.0,0.0,0.0,0.0,0.0,0.0,0.0,0.0,125.6,,1.0,3.0,0.0,0.0,0.0,0.0,0.0,19.82,19.82,0.0,42.98,42.98
2/2/2026,2021.0,20220480.0,19477.0,31618.0,ENTERPRISE PRODUCTS OPERATING LLC,Refined and/or Petroleum Product (non-HVL),INTRASTATE,LOUISIANA,0.0,0.0,0.0,0.0,,0.0,0.0,0.0,0.0,,0.0,0.0,0.0,0.0,0.0,0.0,0.0,0.0,0.0,,0.0,0.0,0.0,0.0,0.0,0.0,0.0,,0.0,0.0,0.0,0.0,0.0,0.0,0.0,0.0,0.0,,0.0,0.0,0.0,,0.0,0.0,0.0,0.0,0.0,0.0,0.0,0.0,0.0,,0.0,0.0,0.0,0.0,0.0,0.0,0.0,0.0,0.0,0.0,0.0,0.0
2/2/2026,2021.0,20220480.0,19477.0,31618.0,ENTERPRISE PRODUCTS OPERATING LLC,Refined and/or Petroleum Product (non-HVL),INTRASTATE,NEW MEXICO,232.18,232.18,0.0,0.0,,464.36,5.0,34.0,39.0,,29.0,14.0,15.0,2.0,2.0,0.0,0.0,4.0,0.0,,0.0,0.0,0.0,0.0,0.0,0.0,0.0,,0.0,0.0,0.0,0.0,0.0,0.0,0.0,0.0,0.0,,0.0,0.0,0.0,,0.0,0.0,0.0,0.0,0.0,0.0,0.0,0.0,464.36,,29.0,4.0,0.0,0.0,0.0,0.0,0.0,34.34,34.34,0.0,197.84,197.84
2/2/2026,2021.0,20220480.0,19477.0,31618.0,ENTERPRISE PRODUCTS OPERATING LLC,Refined and/or Petroleum Product (non-HVL),INTRASTATE,TEXAS,65.91,65.91,0.0,0.0,,131.82,7.0,0.0,7.0,,0.0,0.0,0.0,3.0,1.0,1.0,0.0,5.0,0.0,,0.0,0.0,0.0,0.0,0.0,0.0,0.0,,0.0,0.0,0.0,0.0,0.0,0.0,0.0,0.0,0.0,,0.0,0.0,0.0,,0.0,0.0,0.0,0.0,0.0,0.0,0.0,0.0,131.82,,0.0,5.0,0.0,0.0,0.0,0.0,0.0,65.83,65.83,0.0,0.08,0.08
2/2/2026,2021.0,20220656.0,19671.0,31627.0,"DENBURY ONSHORE, LLC",CO2,INTERSTATE,,4.0,4.0,0.0,4.0,,12.0,0.0,0.0,0.0,,0.0,0.0,0.0,0.0,0.0,1.0,0.0,1.0,0.0,,0.0,0.0,0.0,1.7,2.0,2.0,0.0,,0.0,0.0,0.0,0.0,0.0,0.0,0.0,0.0,0.0,,0.0,0.0,0.0,,0.0,0.0,0.0,0.0,0.0,0.0,0.0,0.0,13.7,,0.0,1.0,0.0,0.0,0.0,0.0,0.0,4.2,4.2,1.5,0.0,1.5
2/2/2026,2021.0,20220656.0,19671.0,31627.0,"DENBURY ONSHORE, LLC",CO2,INTRASTATE,MISSISSIPPI,0.0,0.0,0.0,0.0,,0.0,0.0,0.0,0.0,,0.0,0.0,0.0,0.0,0.0,0.0,0.0,0.0,0.0,,0.0,0.0,0.0,9.3,4.0,4.0,0.0,,0.0,0.0,0.0,0.0,0.0,0.0,0.0,0.0,0.0,,0.0,0.0,0.0,,0.0,0.0,0.0,0.0,0.0,0.0,0.0,0.0,9.3,,0.0,0.0,0.0,0.0,0.0,0.0,0.0,9.3,9.3,0.0,0.0,0.0
2/2/2026,2021.0,20220594.0,19597.0,31663.0,NAVAJO NATION OIL AND GAS COMPANY,Crude Oil,INTERSTATE,,87.722,87.722,0.0,87.722,mfl-c,263.166,0.0,0.0,0.0,,0.0,0.0,0.0,0.0,0.0,0.0,0.0,0.0,0.0,,0.0,0.0,0.0,0.0,0.0,0.0,0.0,,0.0,0.0,0.0,0.0,0.0,0.0,0.0,0.0,0.0,,0.0,0.0,0.0,,0.0,0.0,0.0,0.0,0.0,0.0,0.0,0.0,263.166,,0.0,0.0,0.0,0.0,0.0,0.0,0.0,45.68,45.68,0.0,42.04,42.04
2/2/2026,2021.0,20220449.0,19821.0,31684.0,PHILLIPS 66 PIPELINE LLC,Crude Oil,INTERSTATE,,120.18,120.18,0.0,27.76,,268.12,237.0,670.0,907.0,,664.0,6.0,658.0,1.0,5.0,55.0,73.0,134.0,0.0,,0.0,0.0,0.0,0.0,,,,,,,,,,,,,0.0,,,,,,,,,,,,,,268.12,,664.0,134.0,0.0,0.0,1.0,641.0,0.0,109.66,109.66,0.0,158.46,158.46
2/2/2026,2021.0,20220449.0,19821.0,31684.0,PHILLIPS 66 PIPELINE LLC,Crude Oil,INTRASTATE,CALIFORNIA,38.96,38.96,0.0,0.0,,77.92,207.0,28.0,235.0,,22.0,0.0,22.0,0.0,1.0,50.0,65.0,116.0,0.0,,0.0,0.0,0.0,0.0,,,,,,,,,,,,,0.0,,,,,,,,,,,,,,77.92,,22.0,116.0,0.0,0.0,0.0,0.0,0.0,56.1,56.1,0.0,21.8,21.8
2/2/2026,2021.0,20220449.0,19821.0,31684.0,PHILLIPS 66 PIPELINE LLC,Crude Oil,INTRASTATE,LOUISIANA,0.0,0.0,0.0,0.0,,0.0,0.0,0.0,0.0,,0.0,0.0,0.0,0.0,0.0,0.0,0.0,0.0,0.0,,,,,0.0,,,,,,,,,,,,,0.0,,,,,,,,,,,,,,0.0,,0.0,0.0,0.0,0.0,0.0,0.0,0.0,0.0,0.0,0.0,0.0,0.0
2/2/2026,2021.0,20220451.0,19840.0,31684.0,PHILLIPS 66 PIPELINE LLC,HVL,INTERSTATE,,347.06,353.67,81.78,0.0,,782.51,82.0,211.0,293.0,,100.0,0.0,100.0,8.0,1.0,3.0,68.0,80.0,0.0,,0.0,0.0,0.0,0.0,,,,,,,,,,,,,0.0,,,,,,,,,,,,,,782.51,,100.0,80.0,27.0,0.0,17.0,0.0,0.0,234.5,234.5,8.3,539.6,547.9
2/2/2026,2021.0,20220451.0,19840.0,31684.0,PHILLIPS 66 PIPELINE LLC,HVL,INTRASTATE,LOUISIANA,4.26,4.26,0.0,0.0,,8.52,15.0,0.0,15.0,,0.0,0.0,0.0,0.0,0.0,2.0,6.0,8.0,0.01,,0.0,0.0,0.0,0.0,,,,,,,,,,,,,0.0,,,,,,,,,,,,,,8.53,,0.0,8.0,8.0,4.0,0.0,0.0,0.0,6.4,6.4,0.0,2.1,2.1
2/2/2026,2021.0,20220451.0,19840.0,31684.0,PHILLIPS 66 PIPELINE LLC,HVL,INTRASTATE,TEXAS,73.57,73.57,0.0,0.0,,147.14,27.0,30.0,57.0,,10.0,0.0,10.0,0.0,1.0,0.0,12.0,13.0,0.0,,,,,0.0,,,,,,,,,,,,,0.0,,,,,,,,,,,,,,147.14,,10.0,13.0,0.0,0.0,0.0,0.0,0.0,18.0,18.0,0.0,128.3,128.3
2/2/2026,2021.0,20220452.0,19449.0,31684.0,PHILLIPS 66 PIPELINE LLC,Refined and/or Petroleum Product (non-HVL),INTERSTATE,,1422.45,1431.36,204.22,0.0,,3058.03,599.0,269.0,868.0,,186.0,7.0,179.0,15.0,12.0,53.0,320.0,400.0,0.2,,0.0,0.0,0.0,0.0,,,,,,,,,,,,,0.0,,,,,,,,,,,,,,3058.23,,186.0,400.0,6.0,0.0,13.0,0.0,0.0,1507.5,1507.5,0.0,1550.7,1550.7
2/2/2026,2021.0,20220452.0,19449.0,31684.0,PHILLIPS 66 PIPELINE LLC,Refined and/or Petroleum Product (non-HVL),INTRASTATE,CALIFORNIA,19.0,19.0,0.0,0.0,,38.0,205.0,2.0,207.0,,2.0,0.0,2.0,0.0,0.0,25.0,163.0,188.0,0.0,,0.0,0.0,0.0,0.0,,,,,,,,,,,,,0.0,,,,,,,,,,,,,,38.0,,2.0,188.0,148.0,0.0,0.0,0.0,0.0,38.0,38.0,0.0,0.0,0.0
2/2/2026,2021.0,20220452.0,19449.0,31684.0,PHILLIPS 66 PIPELINE LLC,Refined and/or Petroleum Product (non-HVL),INTRASTATE,LOUISIANA,4.72,4.72,0.0,0.0,,9.44,0.0,0.0,0.0,,0.0,0.0,0.0,0.0,0.0,0.0,0.0,0.0,0.0,,,,,0.0,,,,,,,,,,,,,0.0,,,,,,,,,,,,,,9.44,,0.0,0.0,0.0,0.0,0.0,0.0,0.0,9.4,9.4,0.0,0.0,0.0
2/2/2026,2021.0,20220452.0,19449.0,31684.0,PHILLIPS 66 PIPELINE LLC,Refined and/or Petroleum Product (non-HVL),INTRASTATE,TEXAS,39.43,39.43,0.0,0.0,,78.86,0.0,0.0,0.0,,0.0,0.0,0.0,0.0,0.0,0.0,0.0,0.0,4.6,,0.0,0.0,0.0,0.0,,,,,,,,,,,,,0.0,,,,,,,,,,,,,,83.46,,0.0,0.0,0.0,0.0,0.0,0.0,0.0,19.5,19.5,0.0,64.0,64.0
2/2/2026,2021.0,20220352.0,19742.0,31703.0,"WILLIAMS MLP OPERATING, LLC",HVL,INTRASTATE,WEST VIRGINIA,0.0,0.0,0.0,0.0,,0.0,0.0,0.0,0.0,,0.0,0.0,0.0,0.0,0.0,0.0,0.0,0.0,0.0,,0.0,0.0,0.0,0.0,0.0,0.0,0.0,,0.0,0.0,0.0,0.0,0.0,0.0,0.0,0.0,0.0,,0.0,0.0,0.0,,0.0,0.0,0.0,0.0,0.0,0.0,0.0,0.0,0.0,,0.0,0.0,0.0,0.0,0.0,0.0,0.0,0.0,0.0,0.0,0.0,0.0
2/2/2026,2021.0,20220462.0,19459.0,31707.0,CHEVRON U.S.A. INC - PERMIAN BASIN,Crude Oil,INTRASTATE,TEXAS,0.0,0.0,0.0,0.0,,0.0,0.0,0.0,0.0,,0.0,0.0,0.0,0.0,0.0,0.0,0.0,0.0,0.0,,0.0,0.0,0.0,0.0,0.0,0.0,0.0,,0.0,0.0,0.0,0.0,0.0,0.0,0.0,0.0,0.0,,0.0,0.0,0.0,,0.0,0.0,0.0,0.0,0.0,0.0,0.0,0.0,0.0,,0.0,0.0,0.0,0.0,0.0,0.0,0.0,0.0,0.0,0.0,0.0,0.0
2/2/2026,2021.0,20220506.0,20443.0,31719.0,HILAND PARTNERS HOLDINGS LLC,HVL,INTRASTATE,NORTH DAKOTA,12.95,12.95,0.0,0.0,,25.9,0.0,0.0,0.0,,0.0,0.0,0.0,0.0,0.0,0.0,0.0,0.0,0.0,,0.0,0.0,0.0,0.0,0.0,0.0,0.0,,0.0,0.0,0.0,0.0,0.0,0.0,0.0,0.0,0.0,,0.0,0.0,0.0,,0.0,0.0,0.0,0.0,0.0,0.0,0.0,0.0,25.9,,0.0,0.0,0.0,0.0,0.0,0.0,0.0,2.41,2.41,0.0,10.54,10.54
2/2/2026,2021.0,20220262.0,19253.0,31720.0,"EXPRESS HOLDINGS (USA), LLC",Crude Oil,INTERSTATE,,157.04,157.04,157.04,0.0,,471.12,46.0,23.0,69.0,,20.0,1.0,19.0,3.0,1.0,3.0,0.0,7.0,0.0,,0.0,0.0,0.0,0.0,0.0,0.0,0.0,,0.0,0.0,0.0,0.0,0.0,0.0,0.0,0.0,0.0,,0.0,0.0,0.0,,0.0,0.0,0.0,0.0,0.0,0.0,0.0,0.0,471.12,,20.0,7.0,0.0,0.0,0.0,0.0,0.0,46.91,46.91,0.0,110.13,110.13
2/2/2026,2021.0,20220083.0,19063.0,31721.0,PIPELINE TECHNOLOGY,HVL,INTRASTATE,LOUISIANA,3.0,3.0,,,,6.0,0.0,0.0,0.0,,0.0,0.0,0.0,0.0,0.0,0.0,0.0,0.0,3.0,,0.0,0.0,0.0,0.0,0.0,0.0,0.0,,0.0,0.0,0.0,0.0,0.0,0.0,0.0,0.0,0.0,,0.0,0.0,0.0,,0.0,0.0,0.0,0.0,0.0,0.0,0.0,0.0,9.0,,0.0,0.0,0.0,0.0,0.0,0.0,0.0,0.0,0.0,0.0,0.0,0.0
2/2/2026,2021.0,20220084.0,19047.0,31721.0,PIPELINE TECHNOLOGY,Refined and/or Petroleum Product (non-HVL),INTRASTATE,LOUISIANA,,,,,,,,,,,,,,,,,,,,,,,,,,,,,,,,,,,,,,,,,,,,,,,,,,,,,,,,,,,,,,,,
2/2/2026,2021.0,20220667.0,19682.0,31723.0,EXXONMOBIL FUELS AND LUBRICANTS COMPANY,Crude Oil,INTRASTATE,LOUISIANA,0.0,4.15,0.0,0.0,,4.15,0.0,0.0,0.0,,0.0,0.0,0.0,0.0,0.0,0.0,0.0,0.0,0.0,,0.0,0.0,0.0,0.0,0.0,0.0,0.0,,0.0,0.0,0.0,0.0,0.0,0.0,0.0,0.0,0.0,,0.0,0.0,0.0,,0.0,0.0,0.0,0.0,0.0,0.0,0.0,0.0,4.15,,0.0,0.0,0.0,0.0,0.0,0.0,0.0,0.0,0.0,0.0,0.0,0.0
2/2/2026,2021.0,20220668.0,19683.0,31723.0,EXXONMOBIL FUELS AND LUBRICANTS COMPANY,Refined and/or Petroleum Product (non-HVL),INTRASTATE,LOUISIANA,0.0,0.0,0.0,0.0,,0.0,0.0,0.0,0.0,,0.0,0.0,0.0,0.0,0.0,0.0,0.0,0.0,0.0,,0.0,0.0,0.0,0.0,0.0,0.0,0.0,,0.0,0.0,0.0,0.0,0.0,0.0,0.0,0.0,0.0,,0.0,0.0,0.0,,0.0,0.0,0.0,0.0,0.0,0.0,0.0,0.0,0.0,,0.0,0.0,0.0,0.0,0.0,0.0,0.0,0.0,0.0,0.0,0.0,0.0
2/2/2026,2021.0,20220269.0,19260.0,31755.0,"NOBLE MIDSTREAM SERVICES, LLC",Crude Oil,INTRASTATE,COLORADO,20.18,20.18,,,,40.36,0.0,7.0,7.0,,0.0,0.0,0.0,0.0,0.0,0.0,0.0,0.0,0.03,,0.0,0.0,0.0,0.0,,,,,,,,,,,,,0.0,,,,,,,,,,,,,,40.39,,0.0,0.0,,,,,,16.02,16.02,,24.37,24.37
2/2/2026,2021.0,20220269.0,19260.0,31755.0,"NOBLE MIDSTREAM SERVICES, LLC",Crude Oil,INTRASTATE,TEXAS,,,,,,,,,,,,,,,,,,,,,,,0.0,,,,,,,,,,,,,,,,,,,,,,,,,,,,,,,0.0,,,,,,,,,,
2/2/2026,2021.0,20220062.0,19021.0,31779.0,SWISSPORT FUELING INC,Refined and/or Petroleum Product (non-HVL),INTRASTATE,ARIZONA,0.0,0.0,0.0,0.0,,0.0,0.0,0.0,0.0,,0.0,0.0,0.0,0.0,0.0,0.0,0.0,0.0,188.32,,0.0,0.0,0.0,0.0,0.0,0.0,0.0,,0.0,0.0,0.0,0.0,0.0,0.0,0.0,0.0,0.0,,0.0,0.0,0.0,,0.0,0.0,0.0,0.0,0.0,0.0,0.0,0.0,188.32,,0.0,0.0,0.0,0.0,0.0,0.0,0.0,0.0,0.0,0.0,0.0,0.0
2/2/2026,2021.0,20220047.0,19006.0,31801.0,TANDEM ENERGY CORPORATION,Crude Oil,INTRASTATE,TEXAS,,,,,,,,,,,,,,,,,,,,,,,,,,,,,,,,,,,,,,,,,,,,,,,,,,,,,,,,,,,3.0,0.0,3.0,0.69,0.0,0.69
2/2/2026,2021.0,20220442.0,19439.0,31816.0,"MID-CONTINENT FRACTIONATION AND STORAGE, L.L.C.",HVL,INTRASTATE,KANSAS,0.0,0.0,0.0,0.0,,0.0,0.0,0.0,0.0,,0.0,0.0,0.0,0.0,0.0,0.0,0.0,0.0,0.0,,0.0,0.0,0.0,0.0,0.0,0.0,0.0,,0.0,0.0,0.0,0.0,0.0,0.0,0.0,0.0,0.0,,0.0,0.0,0.0,,0.0,0.0,0.0,0.0,0.0,0.0,0.0,0.0,0.0,,0.0,0.0,0.0,0.0,0.0,0.0,0.0,0.0,0.0,0.0,0.0,0.0
2/2/2026,2021.0,20220444.0,19441.0,31816.0,"MID-CONTINENT FRACTIONATION AND STORAGE, L.L.C.",Refined and/or Petroleum Product (non-HVL),INTRASTATE,KANSAS,0.0,0.0,0.0,0.0,,0.0,0.0,0.0,0.0,,0.0,0.0,0.0,0.0,0.0,0.0,0.0,0.0,0.0,,0.0,0.0,0.0,0.0,0.0,0.0,0.0,,0.0,0.0,0.0,0.0,0.0,0.0,0.0,0.0,0.0,,0.0,0.0,0.0,,0.0,0.0,0.0,0.0,0.0,0.0,0.0,0.0,0.0,,0.0,0.0,0.0,0.0,0.0,0.0,0.0,0.0,0.0,0.0,0.0,0.0
2/2/2026,2021.0,20220357.0,19351.0,31822.0,SUNCOR ENERGY (USA) PIPELINE CO.,Crude Oil,INTERSTATE,,47.9,47.9,47.9,0.0,,143.7,2.0,27.0,29.0,,27.0,0.0,27.0,0.0,0.0,0.0,2.0,2.0,0.0,,0.0,0.0,0.0,0.0,0.0,0.0,0.0,,0.0,0.0,0.0,0.0,0.0,0.0,0.0,0.0,0.0,,0.0,0.0,0.0,,0.0,0.0,0.0,0.0,0.0,0.0,0.0,0.0,143.7,,27.0,2.0,0.0,0.0,0.0,0.0,0.0,32.2,32.2,0.0,15.7,15.7
2/2/2026,2021.0,20220357.0,19351.0,31822.0,SUNCOR ENERGY (USA) PIPELINE CO.,Crude Oil,INTRASTATE,COLORADO,25.7,25.7,25.7,0.0,,77.1,0.0,0.0,0.0,,0.0,0.0,0.0,0.0,0.0,0.0,0.0,0.0,0.0,,0.0,0.0,0.0,0.0,0.0,0.0,0.0,,0.0,0.0,0.0,0.0,0.0,0.0,0.0,0.0,0.0,,0.0,0.0,0.0,,0.0,0.0,0.0,0.0,0.0,0.0,0.0,0.0,77.1,,0.0,0.0,0.0,0.0,0.0,0.0,0.0,25.4,25.4,0.0,0.3,0.3
2/2/2026,2021.0,20220357.0,19351.0,31822.0,SUNCOR ENERGY (USA) PIPELINE CO.,Crude Oil,INTRASTATE,WYOMING,87.0,87.0,0.0,0.0,,174.0,0.0,0.0,0.0,,0.0,0.0,0.0,0.0,0.0,0.0,0.0,0.0,23.74,,0.0,0.0,0.0,0.0,0.0,0.0,0.0,,0.0,0.0,0.0,0.0,0.0,0.0,0.0,0.0,0.0,,0.0,0.0,0.0,,0.0,0.0,0.0,0.0,0.0,0.0,0.0,0.0,197.74,,0.0,0.0,0.0,0.0,0.0,0.0,0.0,36.9,36.9,0.0,73.84,73.84
2/2/2026,2021.0,20220359.0,19353.0,31822.0,SUNCOR ENERGY (USA) PIPELINE CO.,Refined and/or Petroleum Product (non-HVL),INTRASTATE,COLORADO,0.0,0.0,0.0,0.0,,0.0,0.0,0.0,0.0,,0.0,0.0,0.0,0.0,0.0,0.0,0.0,0.0,0.0,,0.0,0.0,0.0,0.0,0.0,0.0,0.0,,0.0,0.0,0.0,0.0,0.0,0.0,0.0,0.0,0.0,,0.0,0.0,0.0,,0.0,0.0,0.0,0.0,0.0,0.0,0.0,0.0,0.0,,0.0,0.0,0.0,0.0,0.0,0.0,0.0,0.0,0.0,0.0,0.0,0.0
2/2/2026,2021.0,20220448.0,19445.0,31824.0,"CALUMET PRINCETON REFINING, LLC",Crude Oil,INTRASTATE,LOUISIANA,,,,,,,,,,,,,,,,,,,,,,,,,,,,,,,,,,,,,,,,,,,,,,,,,,,,,,,,,,,,,,,,
2/2/2026,2021.0,20220097.0,19065.0,31847.0,"CALUMET COTTON VALLEY REFINING, LLC.",Refined and/or Petroleum Product (non-HVL),INTRASTATE,LOUISIANA,,,,,,,,,,,,,,,,,,,6.35,,0.0,0.0,0.0,,,,,,,,,,,,,,,,,,,,,,,,,,,,6.35,,0.0,0.0,,,,,0.0,6.35,6.35,,,
2/2/2026,2021.0,20220533.0,19535.0,31863.0,HFOTCO LLC,Crude Oil,INTRASTATE,TEXAS,10.2,10.2,0.0,0.0,,20.4,0.0,0.0,0.0,,0.0,0.0,0.0,0.0,0.0,0.0,0.0,0.0,0.0,,0.0,0.0,0.0,0.0,0.0,0.0,0.0,,0.0,0.0,0.0,0.0,0.0,0.0,0.0,0.0,0.0,,0.0,0.0,0.0,,0.0,0.0,0.0,0.0,0.0,0.0,0.0,0.0,20.4,,0.0,0.0,0.0,0.0,0.0,0.0,0.0,18.6,18.6,0.0,1.9,1.9
2/2/2026,2021.0,20220635.0,19644.0,31878.0,BRIDGER PIPELINE LLC,Crude Oil,INTERSTATE,,110.5,290.5,,,,401.0,,10.0,10.0,,10.0,,10.0,,,,,,2.2,,0.0,0.0,0.0,,,,,,,,,,,,,,,,,,,,,,,,,,,,403.2,,10.0,0.0,,,,,,,,,,
2/2/2026,2021.0,20220161.0,19139.0,31887.0,DUKE ENERGY KENTUCKY - LIQUID,HVL,INTRASTATE,KENTUCKY,0.0,0.0,0.0,0.0,,0.0,0.0,0.0,0.0,,0.0,0.0,0.0,0.0,0.0,0.0,0.0,0.0,0.0,,0.0,0.0,0.0,0.0,0.0,0.0,0.0,,0.0,0.0,0.0,0.0,0.0,0.0,0.0,0.0,0.0,,0.0,0.0,0.0,,0.0,0.0,0.0,0.0,0.0,0.0,0.0,0.0,0.0,,0.0,0.0,0.0,0.0,0.0,0.0,0.0,0.0,0.0,0.0,0.0,0.0
2/2/2026,2021.0,20220500.0,19810.0,31888.0,CENTURION PIPELINE L.P.,Crude Oil,INTERSTATE,,803.08,316.24,0.0,316.24,Inertial Mapping Unit,1435.56,2.0,240.0,242.0,,0.0,0.0,0.0,0.0,0.0,1.0,0.0,1.0,6.5,,0.0,0.0,0.0,0.0,0.0,0.0,0.0,,0.0,0.0,0.0,0.0,0.0,0.0,0.0,0.0,0.0,,0.0,0.0,0.0,,0.0,0.0,0.0,0.0,0.0,0.0,0.0,0.0,1442.06,,0.0,1.0,,,,,0.0,83.86,83.86,6.5,232.38,238.88
2/2/2026,2021.0,20220500.0,19810.0,31888.0,CENTURION PIPELINE L.P.,Crude Oil,INTRASTATE,TEXAS,173.21,67.47,0.0,67.47,,308.15,1.0,48.0,49.0,,0.0,0.0,0.0,0.0,0.0,0.0,0.0,0.0,4.33,,0.0,0.0,0.0,0.0,0.0,0.0,0.0,,0.0,0.0,0.0,0.0,0.0,0.0,0.0,0.0,0.0,,0.0,0.0,0.0,,0.0,0.0,0.0,0.0,0.0,0.0,0.0,0.0,312.48,,0.0,0.0,0.0,0.0,0.0,0.0,4.33,2.21,6.54,0.0,65.26,65.26
2/2/2026,2021.0,20220123.0,19098.0,31914.0,NGL SUPPLY TERMINAL COMPANY LLC,HVL,INTRASTATE,MICHIGAN,0.0,0.0,0.0,0.0,,0.0,25.0,0.0,25.0,,,,,,,,,,0.0,,0.0,0.0,0.0,0.0,,,,,,,,,,,,,0.0,,,,,,,,,,,,,,0.0,,0.0,0.0,25.0,0.0,0.0,0.0,,128.5,128.5,,96.5,96.5
2/2/2026,2021.0,20220237.0,19228.0,31919.0,MIDSTREAM ENERGY PARTNERS (USA) LLC,HVL,INTRASTATE,CALIFORNIA,0.0,0.0,0.0,0.0,,0.0,0.0,0.0,0.0,,0.0,0.0,0.0,0.0,0.0,0.0,0.0,0.0,18.86,,0.0,0.0,0.0,0.0,0.0,0.0,0.0,,0.0,0.0,0.0,0.0,0.0,0.0,0.0,0.0,0.0,,0.0,0.0,0.0,,0.0,0.0,0.0,0.0,0.0,0.0,0.0,0.0,18.86,,0.0,0.0,0.0,0.0,0.0,0.0,0.0,18.86,18.86,0.0,0.0,0.0
2/2/2026,2021.0,20220718.0,19748.0,31933.0,CALCASIEU REFINING COMPANY,Refined and/or Petroleum Product (non-HVL),INTRASTATE,LOUISIANA,,,,,,,,,,,,,,,,,,,,,,,,,,,,,,,,,,,,,,,,,,,,,,,,,,,,,,,,,,,,,,,,
2/2/2026,2021.0,20220256.0,19247.0,31947.0,ENBRIDGE PIPELINES (OZARK) L.L.C.,Crude Oil,INTRASTATE,KANSAS,0.0,0.0,0.0,0.0,,0.0,0.0,0.0,0.0,,0.0,0.0,0.0,0.0,0.0,0.0,0.0,0.0,0.0,,0.0,0.0,0.0,0.0,0.0,0.0,0.0,,0.0,0.0,0.0,0.0,0.0,0.0,0.0,0.0,0.0,,0.0,0.0,0.0,,0.0,0.0,0.0,0.0,0.0,0.0,0.0,0.0,0.0,,0.0,0.0,0.0,0.0,0.0,0.0,0.0,0.0,0.0,0.0,0.0,0.0
2/2/2026,2021.0,20220256.0,19247.0,31947.0,ENBRIDGE PIPELINES (OZARK) L.L.C.,Crude Oil,INTRASTATE,OKLAHOMA,0.0,0.0,0.0,0.0,,0.0,0.0,0.0,0.0,,0.0,0.0,0.0,0.0,0.0,0.0,0.0,0.0,0.0,,0.0,0.0,0.0,0.0,0.0,0.0,0.0,,0.0,0.0,0.0,0.0,0.0,0.0,0.0,0.0,0.0,,0.0,0.0,0.0,,0.0,0.0,0.0,0.0,0.0,0.0,0.0,0.0,0.0,,0.0,0.0,0.0,0.0,0.0,0.0,0.0,0.0,0.0,0.0,0.0,0.0
2/2/2026,2021.0,20220515.0,19515.0,31957.0,KINDER MORGAN WINK PIPELINE LLC,Crude Oil,INTERSTATE,,113.69,113.69,113.69,0.0,,341.07,142.0,79.0,221.0,,24.0,0.0,24.0,0.0,0.0,0.0,99.0,99.0,0.0,,0.0,0.0,0.0,0.0,0.0,0.0,0.0,,0.0,0.0,0.0,0.0,0.0,0.0,0.0,0.0,0.0,,0.0,0.0,0.0,,0.0,0.0,0.0,0.0,0.0,0.0,0.0,0.0,341.07,,24.0,99.0,0.0,0.0,0.0,0.0,0.0,14.68,14.68,0.0,99.01,99.01
2/2/2026,2021.0,20220538.0,19540.0,31970.0,"CONOCOPHILLIPS ALASKA, INC.",Refined and/or Petroleum Product (non-HVL),INTRASTATE,ALASKA,0.0,0.0,0.0,0.0,,0.0,0.0,0.0,0.0,,0.0,0.0,0.0,0.0,0.0,0.0,0.0,0.0,0.0,,0.0,0.0,0.0,0.0,0.0,0.0,0.0,,0.0,0.0,0.0,0.0,0.0,0.0,0.0,0.0,0.007,RT UT VT,0.0,0.0,0.0,,0.0,0.0,0.0,0.0,0.0,0.0,0.0,0.0,0.007,,0.0,0.0,0.0,0.0,0.0,0.0,0.0,0.007,0.007,0.0,0.0,0.0
2/2/2026,2021.0,20220429.0,19857.0,31994.0,"PANTHER OPERATING COMPANY, LLC",Crude Oil,INTERSTATE,,0.0,0.0,0.0,0.0,,0.0,0.0,0.0,0.0,,0.0,0.0,0.0,0.0,0.0,0.0,0.0,0.0,0.0,,0.0,0.0,0.0,0.0,0.0,0.0,0.0,,0.0,0.0,0.0,0.0,0.0,0.0,0.0,0.0,0.0,,0.0,0.0,0.0,,0.0,0.0,0.0,0.0,0.0,0.0,0.0,0.0,0.0,,0.0,0.0,0.0,0.0,0.0,0.0,0.0,0.0,0.0,0.0,0.0,0.0
2/2/2026,2021.0,20220387.0,20713.0,32005.0,"ENLINK PROCESSING SERVICES, LLC",HVL,INTERSTATE,,0.0,0.0,0.0,0.0,,0.0,0.0,0.0,0.0,,0.0,0.0,0.0,0.0,0.0,0.0,0.0,0.0,0.0,,0.0,0.0,0.0,0.0,0.0,0.0,0.0,,0.0,0.0,0.0,0.0,0.0,0.0,0.0,0.0,0.0,,0.0,0.0,0.0,,0.0,0.0,0.0,0.0,0.0,0.0,0.0,0.0,0.0,,0.0,0.0,0.0,0.0,0.0,0.0,0.0,0.0,0.0,0.0,0.0,0.0
2/2/2026,2021.0,20220387.0,20713.0,32005.0,"ENLINK PROCESSING SERVICES, LLC",HVL,INTRASTATE,LOUISIANA,0.0,0.0,0.0,0.0,,0.0,0.0,0.0,0.0,,0.0,0.0,0.0,0.0,0.0,0.0,0.0,0.0,9.37,,0.0,0.0,0.0,0.0,0.0,0.0,0.0,,0.0,0.0,0.0,0.0,0.0,0.0,0.0,0.0,0.0,,0.0,0.0,0.0,,0.0,0.0,0.0,0.0,0.0,0.0,0.0,0.0,9.37,,0.0,0.0,0.0,0.0,0.0,0.0,0.0,4.96,4.96,0.0,4.41,4.41
2/2/2026,2021.0,20220388.0,19384.0,32005.0,"ENLINK PROCESSING SERVICES, LLC",Refined and/or Petroleum Product (non-HVL),INTRASTATE,LOUISIANA,0.0,0.0,0.0,0.0,,0.0,0.0,0.0,0.0,,0.0,0.0,0.0,0.0,0.0,0.0,0.0,0.0,0.0,,0.0,0.0,0.0,0.0,0.0,0.0,0.0,,0.0,0.0,0.0,0.0,0.0,0.0,0.0,0.0,0.0,,0.0,0.0,0.0,,0.0,0.0,0.0,0.0,0.0,0.0,0.0,0.0,0.0,,0.0,0.0,0.0,0.0,0.0,0.0,0.0,0.0,0.0,0.0,0.0,0.0
2/2/2026,2021.0,20220054.0,19013.0,32007.0,SUPERIOR PIPELINE COMPANY L.L.C.,HVL,INTRASTATE,OKLAHOMA,,,,,,,,,,,,,,,,,,,2021.0,,,0.0,0.0,,,,,,,,,,,,,,,,,,,,,,,,,,,,2021.0,,,0.0,,,,,,,,,,
2/2/2026,2021.0,20220398.0,19394.0,32011.0,"HOLLY ENERGY PARTNERS - OPERATING, L.P.",Crude Oil,INTERSTATE,,23.13,23.13,,,,46.26,5.0,19.0,24.0,,19.0,,19.0,,1.0,,4.0,5.0,,,,,,,,,,,,,,,,,,,,,,,,,,,,,,,,,46.26,,19.0,5.0,,,,,,2.27,2.27,,20.86,20.86
2/2/2026,2021.0,20220398.0,19394.0,32011.0,"HOLLY ENERGY PARTNERS - OPERATING, L.P.",Crude Oil,INTRASTATE,NEW MEXICO,4.64,4.64,,,,9.28,1.0,6.0,7.0,,6.0,,6.0,,,,1.0,1.0,,,,,,,,,,,,,,,,,,,,,,,,,,,,,,,,,9.28,,6.0,1.0,,,,,,1.23,1.23,,3.42,3.42
2/2/2026,2021.0,20220398.0,19394.0,32011.0,"HOLLY ENERGY PARTNERS - OPERATING, L.P.",Crude Oil,INTRASTATE,TEXAS,13.83,13.83,,,,27.66,,11.0,11.0,,11.0,,11.0,,,,,,,,,,,,,,,,,,,,,,,,,,,,,,,,,,,,,,27.66,,11.0,,,,,,,0.09,0.09,,13.74,13.74
2/2/2026,2021.0,20220447.0,19755.0,32011.0,"HOLLY ENERGY PARTNERS - OPERATING, L.P.",Refined and/or Petroleum Product (non-HVL),INTERSTATE,,144.19,144.19,,,,288.38,4.0,3.0,7.0,,3.0,,3.0,,1.0,1.0,2.0,4.0,,,,,,,,,,,,,,,,,,,,,,,,,,,,,,,,,288.38,,3.0,4.0,,,,,,21.32,21.32,,145.89,145.89
2/2/2026,2021.0,20220447.0,19755.0,32011.0,"HOLLY ENERGY PARTNERS - OPERATING, L.P.",Refined and/or Petroleum Product (non-HVL),INTRASTATE,IDAHO,13.3,13.3,,,,26.6,,,,,,,,,,,,,,,,,,,,,,,,,,,,,,,,,,,,,,,,,,,,,26.6,,,,,,,,,2.45,2.45,,10.85,10.85
2/2/2026,2021.0,20220447.0,19755.0,32011.0,"HOLLY ENERGY PARTNERS - OPERATING, L.P.",Refined and/or Petroleum Product (non-HVL),INTRASTATE,NEW MEXICO,,,,,,,7.0,7.0,14.0,,7.0,,7.0,,,,7.0,7.0,,,,,,,,,,,,,,,,,,,,,,,,,,,,,,,,,,,7.0,7.0,,,,,,,,,,
2/2/2026,2021.0,20220447.0,19755.0,32011.0,"HOLLY ENERGY PARTNERS - OPERATING, L.P.",Refined and/or Petroleum Product (non-HVL),INTRASTATE,TEXAS,381.0,381.0,,,,762.0,32.0,41.0,73.0,,41.0,,41.0,11.0,2.0,9.0,10.0,32.0,,,,,,,,,,,,,,,,,,,,,,,,,,,,,,,,,762.0,,41.0,32.0,,,,,,26.55,26.55,,221.83,221.83
2/2/2026,2021.0,20220301.0,19293.0,32051.0,"MARTIN OPERATING PARTNERSHIP, L.P.",Refined and/or Petroleum Product (non-HVL),INTRASTATE,TEXAS,4.5,,,,,4.5,0.0,0.0,0.0,,0.0,0.0,0.0,0.0,0.0,0.0,0.0,0.0,0.0,,0.0,0.0,0.0,,,,,,,,,,,,,,,,,,,,,,,,,,,,4.5,,0.0,0.0,0.0,0.0,0.0,0.0,0.0,0.0,0.0,0.0,0.0,0.0
2/2/2026,2021.0,20220160.0,19138.0,32062.0,IMTT-PIPELINE,Refined and/or Petroleum Product (non-HVL),INTERSTATE,,9.3,9.3,0.0,0.0,,18.6,0.0,0.0,0.0,,0.0,0.0,0.0,0.0,0.0,0.0,0.0,0.0,0.0,,0.0,0.0,0.0,0.0,0.0,0.0,0.0,,0.0,0.0,0.0,0.0,0.0,0.0,0.0,0.0,0.0,,,,,,,,,,,,,,18.6,,0.0,0.0,,,,,0.0,9.3,9.3,0.0,0.0,0.0
2/2/2026,2021.0,20220251.0,19242.0,32080.0,"CCPS TRANSPORTATION, LLC",Crude Oil,INTERSTATE,,0.41,0.41,593.83,0.0,,594.65,35.0,20.0,55.0,,17.0,0.0,17.0,0.0,0.0,10.0,1.0,11.0,0.0,,0.0,0.0,0.0,0.0,0.0,0.0,0.0,,0.0,0.0,0.0,0.0,0.0,0.0,0.0,0.0,0.0,,0.0,0.0,0.0,,0.0,0.0,0.0,0.0,0.0,0.0,0.0,0.0,594.65,,17.0,11.0,0.0,0.0,0.0,0.0,0.0,218.06,218.06,0.0,376.18,376.18
2/2/2026,2021.0,20220524.0,19650.0,32082.0,"ZENITH ENERGY TERMINALS HOLDINGS, LLC",Refined and/or Petroleum Product (non-HVL),INTRASTATE,OHIO,,,,,,,,,,,,,,,,,,,,,,,,,,,,,,,,,,,,,,,,,,,,,,,,,,,,,,,,,,,,,,,,
2/2/2026,2021.0,20220020.0,19864.0,32083.0,"DCOR, LLC",Crude Oil,INTERSTATE,,13.24,,,,,13.24,,,,,,,,,,,,,1.98,,,,,,,,,,,,,,,,,,,,,,,,,,,,,,,,15.22,,,,,,,,,13.24,13.24,,,
2/2/2026,2021.0,20220020.0,19864.0,32083.0,"DCOR, LLC",Crude Oil,INTRASTATE,CALIFORNIA,5.2,,,,,5.2,,,,,,,,,,,1.0,1.0,,,,,,,,,,,,,,,,,,,,,,,,,,,,0.0,,,,0.0,5.2,,,1.0,,,,,,5.2,5.2,,,
2/2/2026,2021.0,20220484.0,19738.0,32091.0,"WILLIAMS OIL GATHERING, LLC",Crude Oil,INTERSTATE,,0.0,0.0,0.0,0.0,,0.0,0.0,0.0,0.0,,0.0,0.0,0.0,0.0,0.0,0.0,0.0,0.0,0.0,,0.0,0.0,0.0,0.0,0.0,0.0,0.0,,0.0,0.0,0.0,0.0,0.0,0.0,0.0,0.0,0.0,,0.0,0.0,0.0,,0.0,0.0,0.0,0.0,0.0,0.0,0.0,0.0,0.0,,0.0,0.0,0.0,0.0,0.0,0.0,0.0,0.0,0.0,0.0,0.0,0.0
2/2/2026,2021.0,20220570.0,19572.0,32094.0,AUX SABLE LIQUID PRODUCTS,HVL,INTRASTATE,ILLINOIS,2.27,2.27,0.0,0.0,,4.54,2.0,0.0,2.0,,0.0,0.0,0.0,1.0,1.0,0.0,0.0,2.0,0.0,,0.0,0.0,0.0,0.0,0.0,0.0,0.0,,0.0,0.0,0.0,0.0,0.0,0.0,0.0,0.0,0.0,,0.0,0.0,0.0,,0.0,0.0,0.0,0.0,0.0,0.0,0.0,0.0,4.54,,0.0,2.0,0.0,0.0,0.0,0.0,0.0,4.44,4.44,0.0,0.0,0.0
2/2/2026,2021.0,20220670.0,20913.0,32095.0,"LBC HOUSTON, L.P.",HVL,INTRASTATE,TEXAS,,,,,,,,,,,,,,,,,,,,,,,,,,,,,,,,,,,,,,,,,,,,,,,,,,,,,,,,,,,,,,,,
2/2/2026,2021.0,20220557.0,19559.0,32099.0,ENERGY TRANSFER COMPANY,Crude Oil,INTRASTATE,TEXAS,105.0,105.0,0.0,0.0,,210.0,2.0,3.0,5.0,,1.0,1.0,0.0,1.0,0.0,0.0,0.0,1.0,0.0,,0.0,0.0,0.0,0.0,0.0,0.0,0.0,,0.0,0.0,0.0,0.0,0.0,0.0,0.0,0.0,0.0,,0.0,0.0,0.0,,0.0,0.0,0.0,0.0,0.0,0.0,0.0,0.0,210.0,,1.0,1.0,0.0,0.0,0.0,0.0,0.0,54.0,54.0,0.0,156.0,156.0
2/2/2026,2021.0,20220556.0,19558.0,32099.0,ENERGY TRANSFER COMPANY,HVL,INTERSTATE,,67.3,67.3,0.0,0.0,,134.6,0.0,1.0,1.0,,1.0,0.0,1.0,0.0,0.0,0.0,0.0,0.0,0.0,,0.0,0.0,0.0,0.0,0.0,0.0,0.0,,0.0,0.0,0.0,0.0,0.0,0.0,0.0,0.0,0.0,,0.0,0.0,0.0,,0.0,0.0,0.0,0.0,0.0,0.0,0.0,0.0,134.6,,1.0,0.0,0.0,0.0,0.0,0.0,0.0,6.4,6.4,0.0,128.1,128.1
2/2/2026,2021.0,20220556.0,19558.0,32099.0,ENERGY TRANSFER COMPANY,HVL,INTRASTATE,LOUISIANA,1.0,1.0,0.0,0.0,,2.0,0.0,0.0,0.0,,0.0,0.0,0.0,0.0,0.0,0.0,0.0,0.0,0.0,,0.0,0.0,0.0,0.0,0.0,0.0,0.0,,0.0,0.0,0.0,0.0,0.0,0.0,0.0,0.0,0.0,,0.0,0.0,0.0,,0.0,0.0,0.0,0.0,0.0,0.0,0.0,0.0,2.0,,0.0,0.0,0.0,0.0,0.0,0.0,0.0,1.0,1.0,0.0,0.0,0.0
2/2/2026,2021.0,20220556.0,19558.0,32099.0,ENERGY TRANSFER COMPANY,HVL,INTRASTATE,TEXAS,310.6,372.8,58.8,0.0,,742.2,657.0,160.0,817.0,,133.0,5.0,128.0,5.0,1.0,551.0,0.0,557.0,16.9,,0.0,0.0,0.0,0.0,0.0,0.0,0.0,,0.0,0.0,0.0,0.0,0.0,0.0,0.0,0.0,0.0,,0.0,0.0,0.0,,0.0,0.0,0.0,0.0,0.0,0.0,0.0,0.0,759.1,,133.0,557.0,324.0,0.0,55.0,0.0,0.0,203.4,203.4,4.3,340.6,344.9
2/2/2026,2021.0,20220558.0,19560.0,32099.0,ENERGY TRANSFER COMPANY,Refined and/or Petroleum Product (non-HVL),INTRASTATE,TEXAS,1.5,1.5,0.0,0.0,,3.0,0.0,0.0,0.0,,0.0,0.0,0.0,0.0,0.0,0.0,0.0,0.0,0.0,,0.0,0.0,0.0,0.0,0.0,0.0,0.0,,0.0,0.0,0.0,0.0,0.0,0.0,0.0,0.0,0.0,,0.0,0.0,0.0,,0.0,0.0,0.0,0.0,0.0,0.0,0.0,0.0,3.0,,0.0,0.0,0.0,0.0,0.0,0.0,0.0,3.0,3.0,0.0,0.0,0.0
2/2/2026,2021.0,20220663.0,19678.0,32103.0,CRIMSON PIPELINE L.P.,Crude Oil,INTRASTATE,CALIFORNIA,309.0,309.0,23.0,,,641.0,41.0,21.0,62.0,,21.0,,21.0,1.0,2.0,29.0,,32.0,11.5,,,,,,,,,,,,,,,,,,,,,,,,,,,,,,,,652.5,,21.0,32.0,,,,,,652.5,652.5,,,
2/2/2026,2021.0,20220580.0,19582.0,32109.0,"ONEOK NGL PIPELINE, LLC",HVL,INTERSTATE,,2379.04,2250.93,814.34,0.0,,5444.31,319.0,461.0,780.0,,439.0,8.0,431.0,8.0,15.0,21.0,134.0,178.0,41.39,,0.0,0.0,0.0,0.0,,,,,,,,,,,,,,,,,,,,,,,,,,,5485.7,,439.0,178.0,3.0,0.0,8.0,0.0,0.23,973.47,973.7,0.0,38.83,38.83
2/2/2026,2021.0,20220580.0,19582.0,32109.0,"ONEOK NGL PIPELINE, LLC",HVL,INTRASTATE,KANSAS,35.43,35.43,0.0,0.0,,70.86,27.0,152.0,179.0,,66.0,0.0,66.0,0.0,0.0,2.0,12.0,14.0,0.0,,0.0,0.0,0.0,,,,,,,,,,,,,,,,,,,,,,,,,,,,70.86,,66.0,14.0,0.0,0.0,0.0,0.0,0.0,0.0,0.0,0.0,37.5,37.5
2/2/2026,2021.0,20220580.0,19582.0,32109.0,"ONEOK NGL PIPELINE, LLC",HVL,INTRASTATE,OKLAHOMA,427.97,427.97,150.96,0.0,,1006.9,40.0,18.0,58.0,,2.0,0.0,2.0,0.0,4.0,14.0,11.0,29.0,18.77,,,,,,,,,,,,,,,,,,,,,,,,,,,,,,,,1025.67,,2.0,29.0,0.0,0.0,0.0,0.0,0.0,205.92,205.92,0.0,9.55,9.55
2/2/2026,2021.0,20220580.0,19582.0,32109.0,"ONEOK NGL PIPELINE, LLC",HVL,INTRASTATE,TEXAS,,,,,,,,,,,,,,,,,,,1.71,,,,,,,,,,,,,,,,,,,,,,,,,,,,,,,,1.71,,,,0.0,0.0,0.0,0.0,0.0,1.71,1.71,0.0,0.0,0.0
2/2/2026,2021.0,20220581.0,19583.0,32109.0,"ONEOK NGL PIPELINE, LLC",Refined and/or Petroleum Product (non-HVL),INTERSTATE,,186.93,186.93,148.18,0.0,,522.04,115.0,92.0,207.0,,70.0,0.0,70.0,0.0,1.0,3.0,82.0,86.0,,,,,,,,,,,,,,,,,,,,,,,,,,,,,,,,,522.04,,70.0,86.0,0.0,0.0,0.0,0.0,0.0,77.16,77.16,0.0,0.0,0.0
2/2/2026,2021.0,20220422.0,19760.0,32114.0,COPANO NGL SERVICES LLC,HVL,INTRASTATE,TEXAS,52.95,52.95,6.68,0.0,,112.58,6.0,0.0,6.0,,0.0,0.0,0.0,0.0,0.0,0.0,1.0,1.0,0.0,,0.0,0.0,0.0,0.0,0.0,0.0,0.0,,0.0,0.0,0.0,0.0,0.0,0.0,0.0,0.0,0.0,,0.0,0.0,0.0,,0.0,0.0,0.0,0.0,0.0,0.0,0.0,0.0,112.58,,0.0,1.0,0.0,0.0,0.0,0.0,0.0,2.53,2.53,0.0,50.45,50.45
2/2/2026,2021.0,20220384.0,19835.0,32117.0,"ASCENSION PIPELINE COMPANY, LLC",Refined and/or Petroleum Product (non-HVL),INTRASTATE,LOUISIANA,0.0,0.0,0.0,0.0,,0.0,0.0,0.0,0.0,,0.0,0.0,0.0,0.0,0.0,0.0,0.0,0.0,0.0,,0.0,0.0,0.0,0.0,0.0,0.0,0.0,,0.0,0.0,0.0,0.0,0.0,0.0,0.0,0.0,0.0,,0.0,0.0,0.0,,0.0,0.0,0.0,0.0,0.0,0.0,0.0,0.0,0.0,,0.0,0.0,0.0,0.0,0.0,0.0,0.0,0.0,0.0,0.0,0.0,0.0
2/2/2026,2021.0,20220031.0,18987.0,32120.0,NORTHVILLE INDUSTRIES CORP.,Refined and/or Petroleum Product (non-HVL),INTRASTATE,NEW YORK,,,,,,,,,,,,,,,,,,,0.0,,,,,0.0,,,,,,,,,,,,,0.0,,,,,,,,,,,,,,0.0,,,,,,,,,,,,,
2/2/2026,2021.0,20220278.0,19843.0,32147.0,MARATHON PIPE LINE LLC,Crude Oil,INTERSTATE,,371.1,316.4,562.5,258.5,inertial measurement unit,1508.5,186.0,79.0,265.0,,74.0,6.0,68.0,19.0,8.0,66.0,86.0,179.0,824.4,,0.0,0.0,0.0,0.0,0.0,0.0,0.0,,0.0,0.0,0.0,0.0,0.0,0.0,0.0,0.0,0.0,,0.0,0.0,0.0,,0.0,0.0,0.0,0.0,0.0,0.0,0.0,0.0,2332.9,,74.0,179.0,0.0,0.0,0.0,0.0,0.0,1241.1,1241.1,0.0,406.7,406.7
2/2/2026,2021.0,20220278.0,19843.0,32147.0,MARATHON PIPE LINE LLC,Crude Oil,INTRASTATE,CALIFORNIA,1.2,1.2,0.0,1.2,inertial measurement unit,3.6,6.0,0.0,6.0,,0.0,0.0,0.0,0.0,0.0,0.0,6.0,6.0,0.0,,0.0,0.0,0.0,0.0,0.0,0.0,0.0,,0.0,0.0,0.0,0.0,0.0,0.0,0.0,0.0,0.0,,0.0,0.0,0.0,,0.0,0.0,0.0,0.0,0.0,0.0,0.0,0.0,3.6,,0.0,6.0,0.0,0.0,0.0,0.0,0.0,1.2,1.2,0.0,0.0,0.0
2/2/2026,2021.0,20220278.0,19843.0,32147.0,MARATHON PIPE LINE LLC,Crude Oil,INTRASTATE,ILLINOIS,0.0,0.0,0.0,0.0,,0.0,0.0,0.0,0.0,,0.0,0.0,0.0,0.0,0.0,0.0,0.0,0.0,0.0,,0.0,0.0,0.0,0.0,0.0,0.0,0.0,,0.0,0.0,0.0,0.0,0.0,0.0,0.0,0.0,0.0,,0.0,0.0,0.0,,0.0,0.0,0.0,0.0,0.0,0.0,0.0,0.0,0.0,,0.0,0.0,0.0,0.0,0.0,0.0,0.0,0.0,0.0,0.0,0.0,0.0
2/2/2026,2021.0,20220278.0,19843.0,32147.0,MARATHON PIPE LINE LLC,Crude Oil,INTRASTATE,KENTUCKY,0.0,0.0,0.0,0.0,,0.0,0.0,0.0,0.0,,0.0,0.0,0.0,0.0,0.0,0.0,0.0,0.0,0.0,,0.0,0.0,0.0,0.0,0.0,0.0,0.0,,0.0,0.0,0.0,0.0,0.0,0.0,0.0,0.0,0.0,,0.0,0.0,0.0,,0.0,0.0,0.0,0.0,0.0,0.0,0.0,0.0,0.0,,0.0,0.0,0.0,0.0,0.0,0.0,0.0,0.0,0.0,0.0,0.0,0.0
2/2/2026,2021.0,20220278.0,19843.0,32147.0,MARATHON PIPE LINE LLC,Crude Oil,INTRASTATE,MINNESOTA,2.4,2.4,0.0,0.0,,4.8,0.0,0.0,0.0,,0.0,0.0,0.0,0.0,0.0,0.0,0.0,0.0,0.0,,0.0,0.0,0.0,0.0,0.0,0.0,0.0,,0.0,0.0,0.0,0.0,0.0,0.0,0.0,0.0,0.0,,0.0,0.0,0.0,,0.0,0.0,0.0,0.0,0.0,0.0,0.0,0.0,4.8,,0.0,0.0,0.0,0.0,0.0,0.0,0.0,2.4,2.4,0.0,0.0,0.0
2/2/2026,2021.0,20220278.0,19843.0,32147.0,MARATHON PIPE LINE LLC,Crude Oil,INTRASTATE,OHIO,152.1,152.1,0.0,97.8,inertial measurement unit,402.0,48.0,52.0,100.0,,47.0,3.0,44.0,8.0,1.0,4.0,32.0,45.0,0.0,,0.0,0.0,0.0,0.0,0.0,0.0,0.0,,0.0,0.0,0.0,0.0,0.0,0.0,0.0,0.0,0.0,,0.0,0.0,0.0,,0.0,0.0,0.0,0.0,0.0,0.0,0.0,0.0,402.0,,47.0,45.0,0.0,0.0,0.0,0.0,0.0,122.9,122.9,0.0,29.2,29.2
2/2/2026,2021.0,20220278.0,19843.0,32147.0,MARATHON PIPE LINE LLC,Crude Oil,INTRASTATE,TEXAS,0.0,0.0,0.0,0.0,,0.0,0.0,0.0,0.0,,0.0,0.0,0.0,0.0,0.0,0.0,0.0,0.0,0.0,,0.0,0.0,0.0,0.0,0.0,0.0,0.0,,0.0,0.0,0.0,0.0,0.0,0.0,0.0,0.0,0.0,,0.0,0.0,0.0,,0.0,0.0,0.0,0.0,0.0,0.0,0.0,0.0,0.0,,0.0,0.0,0.0,0.0,0.0,0.0,0.0,0.0,0.0,0.0,0.0,0.0
2/2/2026,2021.0,20220278.0,19843.0,32147.0,MARATHON PIPE LINE LLC,Crude Oil,INTRASTATE,UTAH,0.0,0.0,0.0,0.0,,0.0,0.0,0.0,0.0,,0.0,0.0,0.0,0.0,0.0,0.0,0.0,0.0,0.0,,0.0,0.0,0.0,0.0,0.0,0.0,0.0,,0.0,0.0,0.0,0.0,0.0,0.0,0.0,0.0,0.0,,0.0,0.0,0.0,,0.0,0.0,0.0,0.0,0.0,0.0,0.0,0.0,0.0,,0.0,0.0,0.0,0.0,0.0,0.0,0.0,0.0,0.0,0.0,0.0,0.0
2/2/2026,2021.0,20220276.0,19268.0,32147.0,MARATHON PIPE LINE LLC,HVL,INTERSTATE,,1.0,1.0,0.0,1.0,inertial measurement unit,3.0,0.0,0.0,0.0,,0.0,0.0,0.0,0.0,0.0,0.0,0.0,0.0,0.0,,0.0,0.0,0.0,0.0,0.0,0.0,0.0,,0.0,0.0,0.0,0.0,0.0,0.0,0.0,0.0,0.0,,0.0,0.0,0.0,,0.0,0.0,0.0,0.0,0.0,0.0,0.0,0.0,3.0,,0.0,0.0,0.0,0.0,0.0,0.0,0.0,1.0,1.0,0.0,0.0,0.0
2/2/2026,2021.0,20220276.0,19268.0,32147.0,MARATHON PIPE LINE LLC,HVL,INTRASTATE,CALIFORNIA,0.0,0.0,0.0,0.0,,0.0,0.0,0.0,0.0,,0.0,0.0,0.0,0.0,0.0,0.0,0.0,0.0,0.0,,0.0,0.0,0.0,0.0,0.0,0.0,0.0,,0.0,0.0,0.0,0.0,0.0,0.0,0.0,0.0,0.0,,0.0,0.0,0.0,,0.0,0.0,0.0,0.0,0.0,0.0,0.0,0.0,0.0,,0.0,0.0,0.0,0.0,0.0,0.0,0.0,0.0,0.0,0.0,0.0,0.0
2/2/2026,2021.0,20220276.0,19268.0,32147.0,MARATHON PIPE LINE LLC,HVL,INTRASTATE,MICHIGAN,12.6,12.6,0.0,0.0,,25.2,0.0,0.0,0.0,,0.0,0.0,0.0,0.0,0.0,0.0,0.0,0.0,0.0,,0.0,0.0,0.0,0.0,0.0,0.0,0.0,,0.0,0.0,0.0,0.0,0.0,0.0,0.0,0.0,0.0,,0.0,0.0,0.0,,0.0,0.0,0.0,0.0,0.0,0.0,0.0,0.0,25.2,,0.0,0.0,0.0,0.0,0.0,0.0,0.0,12.6,12.6,0.0,0.0,0.0
2/2/2026,2021.0,20220276.0,19268.0,32147.0,MARATHON PIPE LINE LLC,HVL,INTRASTATE,TEXAS,0.0,0.0,0.0,0.0,,0.0,0.0,1.0,1.0,,1.0,1.0,0.0,0.0,0.0,0.0,0.0,0.0,0.0,,0.0,0.0,0.0,0.0,0.0,0.0,0.0,,0.0,0.0,0.0,0.0,0.0,0.0,0.0,0.0,0.0,,0.0,0.0,0.0,,0.0,0.0,0.0,0.0,0.0,0.0,0.0,0.0,0.0,,1.0,0.0,0.0,0.0,0.0,0.0,0.0,0.0,0.0,0.0,0.0,0.0
2/2/2026,2021.0,20220277.0,19782.0,32147.0,MARATHON PIPE LINE LLC,Refined and/or Petroleum Product (non-HVL),INTERSTATE,,880.7,1127.8,536.7,865.6,inertial measurement unit,3410.8,268.0,119.0,387.0,,83.0,2.0,81.0,14.0,0.0,50.0,165.0,229.0,0.7,,0.0,0.0,0.0,0.2,1.0,1.0,0.0,,0.0,0.0,0.0,0.0,0.0,0.0,0.0,0.0,0.0,,0.0,0.0,0.0,,0.0,0.0,0.0,0.0,0.0,0.0,0.0,0.0,3411.7,,83.0,229.0,0.0,0.0,0.0,0.0,0.0,956.0,956.0,0.0,493.3,493.3
2/2/2026,2021.0,20220277.0,19782.0,32147.0,MARATHON PIPE LINE LLC,Refined and/or Petroleum Product (non-HVL),INTRASTATE,ALASKA,68.8,68.8,68.8,68.8,inertial measurement unit,275.2,46.0,0.0,46.0,,0.0,0.0,0.0,2.0,0.0,1.0,37.0,40.0,0.0,,0.0,0.0,0.0,0.0,0.0,0.0,0.0,,0.0,0.0,0.0,0.0,0.0,0.0,0.0,0.0,0.0,,0.0,0.0,0.0,,0.0,0.0,0.0,0.0,0.0,0.0,0.0,0.0,275.2,,0.0,40.0,0.0,0.0,0.0,0.0,0.0,68.2,68.2,0.0,0.6,0.6
2/2/2026,2021.0,20220277.0,19782.0,32147.0,MARATHON PIPE LINE LLC,Refined and/or Petroleum Product (non-HVL),INTRASTATE,CALIFORNIA,13.1,13.1,0.0,13.1,inertial measurement unit,39.3,36.0,0.0,36.0,,0.0,0.0,0.0,2.0,2.0,7.0,11.0,22.0,7.2,,0.0,0.0,0.0,0.0,0.0,0.0,0.0,,0.0,0.0,0.0,0.0,0.0,0.0,0.0,0.0,0.0,,0.0,0.0,0.0,,0.0,0.0,0.0,0.0,0.0,0.0,0.0,0.0,46.5,,0.0,22.0,0.0,0.0,0.0,0.0,0.0,20.3,20.3,0.0,0.0,0.0
2/2/2026,2021.0,20220277.0,19782.0,32147.0,MARATHON PIPE LINE LLC,Refined and/or Petroleum Product (non-HVL),INTRASTATE,KENTUCKY,0.0,0.0,0.0,0.0,,0.0,34.0,10.0,44.0,,4.0,1.0,3.0,2.0,3.0,5.0,8.0,18.0,0.0,,0.0,0.0,0.0,0.0,0.0,0.0,0.0,,0.0,0.0,0.0,0.0,0.0,0.0,0.0,0.0,0.0,,0.0,0.0,0.0,,0.0,0.0,0.0,0.0,0.0,0.0,0.0,0.0,0.0,,4.0,18.0,0.0,0.0,0.0,0.0,0.0,0.0,0.0,0.0,0.0,0.0
2/2/2026,2021.0,20220277.0,19782.0,32147.0,MARATHON PIPE LINE LLC,Refined and/or Petroleum Product (non-HVL),INTRASTATE,MINNESOTA,0.0,0.0,0.0,0.0,,0.0,0.0,0.0,0.0,,0.0,0.0,0.0,0.0,0.0,0.0,0.0,0.0,0.0,,0.0,0.0,0.0,0.0,0.0,0.0,0.0,,0.0,0.0,0.0,0.0,0.0,0.0,0.0,0.0,0.0,,0.0,0.0,0.0,,0.0,0.0,0.0,0.0,0.0,0.0,0.0,0.0,0.0,,0.0,0.0,0.0,0.0,0.0,0.0,,,,,,
2/2/2026,2021.0,20220277.0,19782.0,32147.0,MARATHON PIPE LINE LLC,Refined and/or Petroleum Product (non-HVL),INTRASTATE,OHIO,0.1,0.1,0.0,0.1,inertial measurement unit,0.3,2.0,0.0,2.0,,0.0,0.0,0.0,0.0,0.0,0.0,1.0,1.0,0.0,,0.0,0.0,0.0,0.0,0.0,0.0,0.0,,0.0,0.0,0.0,0.0,0.0,0.0,0.0,0.0,0.0,,0.0,0.0,0.0,,0.0,0.0,0.0,0.0,0.0,0.0,0.0,0.0,0.3,,0.0,1.0,0.0,0.0,0.0,0.0,0.0,0.1,0.1,0.0,0.0,0.0
2/2/2026,2021.0,20220277.0,19782.0,32147.0,MARATHON PIPE LINE LLC,Refined and/or Petroleum Product (non-HVL),INTRASTATE,TEXAS,0.0,0.0,0.0,0.0,,0.0,0.0,0.0,0.0,,0.0,0.0,0.0,0.0,0.0,0.0,0.0,0.0,0.0,,0.0,0.0,0.0,0.0,0.0,0.0,0.0,,0.0,0.0,0.0,0.0,0.0,0.0,0.0,0.0,0.0,,0.0,0.0,0.0,,0.0,0.0,0.0,0.0,0.0,0.0,0.0,0.0,0.0,,0.0,0.0,0.0,0.0,0.0,0.0,0.0,0.0,0.0,0.0,0.0,0.0
2/2/2026,2021.0,20220277.0,19782.0,32147.0,MARATHON PIPE LINE LLC,Refined and/or Petroleum Product (non-HVL),INTRASTATE,UTAH,5.4,5.4,0.0,5.4,inertial measurement unit,16.2,3.0,0.0,3.0,,0.0,0.0,0.0,0.0,0.0,0.0,3.0,3.0,0.0,,0.0,0.0,0.0,0.0,0.0,0.0,0.0,,0.0,0.0,0.0,0.0,0.0,0.0,0.0,0.0,0.0,,0.0,0.0,0.0,,0.0,0.0,0.0,0.0,0.0,0.0,0.0,0.0,16.2,,0.0,3.0,0.0,0.0,0.0,0.0,0.0,5.4,5.4,0.0,0.0,0.0
2/2/2026,2021.0,20220089.0,19054.0,32215.0,NOVA CHEMICALS CORPORATION,HVL,INTRASTATE,MICHIGAN,0.0,0.0,0.0,0.0,,0.0,0.0,0.0,0.0,,0.0,0.0,0.0,0.0,0.0,0.0,0.0,0.0,0.0,,0.0,0.0,0.0,0.0,0.0,0.0,0.0,,0.0,0.0,0.0,0.0,0.0,0.0,0.0,0.0,0.0,,0.0,0.0,0.0,,0.0,0.0,0.0,0.0,0.0,0.0,0.0,0.0,0.0,,0.0,0.0,0.0,0.0,0.0,0.0,0.0,0.0,0.0,0.0,0.0,0.0
2/2/2026,2021.0,20220146.0,19124.0,32223.0,VALERO REFINING COMPANY-CALIFORNIA,Crude Oil,INTRASTATE,CALIFORNIA,,,,,,,,,,,,,,,,,,,,,,,,,,,,,,,,,,,,,,,,,,,,,,,,,,,,,,,,,,,,,,,,
2/2/2026,2021.0,20220147.0,19125.0,32223.0,VALERO REFINING COMPANY-CALIFORNIA,Refined and/or Petroleum Product (non-HVL),INTRASTATE,CALIFORNIA,,,,,,,,,,,,,,,,,,,,,,,,,,,,,,,,,,,,,,,,,,,,,,,,,,,,,,,,,,,,,,,,
2/2/2026,2021.0,20220067.0,19841.0,32224.0,BETA OFFSHORE,Crude Oil,INTERSTATE,,0.0,0.0,0.0,0.0,,0.0,,,,,,,,,,,,,0.0,,0.0,0.0,0.0,0.0,0.0,0.0,0.0,,0.0,0.0,0.0,,,,,,0.0,,,,,,,,,,,,,,0.0,,0.0,0.0,0.0,0.0,0.0,0.0,,,,,,
2/2/2026,2021.0,20220074.0,19797.0,32233.0,"BESCO OPERATING, L.P.",Crude Oil,INTRASTATE,TEXAS,0.0,0.0,0.0,0.0,,0.0,,,,,,,,,,,,,0.0,,0.0,0.0,0.0,,,,,,,,,,,,,,,,,,,,,,,,,,,,0.0,,0.0,0.0,,,,,0.68,,0.68,,0.68,0.68
2/2/2026,2021.0,20220386.0,19382.0,32251.0,"RIBOST TERMINAL LLC, DBA WORLD OIL TERMINALS",Crude Oil,INTRASTATE,CALIFORNIA,,,,,,,,,,,,,,,,,,,,,,,,,,,,,,,,,,,,,0.22,Cathodic Protection Survey,,,,,,,,,,,,,0.22,,,,,,,,,,,,,
2/2/2026,2021.0,20220568.0,19570.0,32258.0,PEMBINA COCHIN LLC,Crude Oil,INTERSTATE,,347.434,347.434,228.622,0.0,,923.49,23.0,12.0,35.0,,12.0,0.0,12.0,0.0,0.0,23.0,0.0,23.0,0.0,,0.0,0.0,0.0,0.0,0.0,0.0,0.0,,0.0,0.0,0.0,0.0,0.0,0.0,0.0,0.0,0.0,,0.0,0.0,0.0,,0.0,0.0,0.0,0.0,0.0,0.0,0.0,0.0,923.49,,12.0,23.0,,,,,0.0,120.616,120.616,0.0,802.874,802.874
2/2/2026,2021.0,20220114.0,19088.0,32272.0,SAN ANTONIO PIPELINE CORPORATION,Refined and/or Petroleum Product (non-HVL),INTRASTATE,TEXAS,0.0,0.0,0.0,0.0,,0.0,0.0,0.0,0.0,,0.0,0.0,0.0,0.0,0.0,0.0,0.0,0.0,0.514,,0.0,0.0,0.0,0.0,0.0,0.0,0.0,,0.0,0.0,0.0,0.0,0.0,0.0,0.0,0.0,0.0,,0.0,0.0,0.0,,0.0,0.0,0.0,0.0,0.0,0.0,0.0,0.0,0.514,,0.0,0.0,0.0,0.0,0.0,0.0,0.514,0.0,0.514,0.0,0.0,0.0
2/2/2026,2021.0,20220573.0,19575.0,32277.0,OQ CHEMICALS,HVL,INTRASTATE,TEXAS,,,,,,,,,,,,,,,,,,,,,,,,,,,,,,,,,,,,,,,,,,,,,,,,,,,,,,,,,,,,,,,,
2/2/2026,2021.0,20220211.0,19512.0,32283.0,"FRONT RANGE PIPELINE, LLC.",Crude Oil,INTRASTATE,MONTANA,0.0,0.0,0.0,0.0,,0.0,0.0,0.0,0.0,,0.0,0.0,0.0,0.0,0.0,0.0,0.0,0.0,0.0,,0.0,0.0,0.0,0.0,0.0,0.0,0.0,,0.0,0.0,0.0,0.0,0.0,0.0,0.0,0.0,0.0,,0.0,0.0,0.0,,0.0,0.0,0.0,0.0,0.0,0.0,0.0,0.0,0.0,,0.0,0.0,0.0,0.0,0.0,0.0,0.0,0.0,0.0,0.0,0.0,0.0
2/2/2026,2021.0,20220367.0,19362.0,32284.0,PENNZOIL-QUAKER STATE D/B/A SOPUS PRODUCTS,Refined and/or Petroleum Product (non-HVL),INTRASTATE,CALIFORNIA,,,,,,,,,,,,,,,,,,,,,,,,,,,,,,,,,,,,,,,,,,,,,,,,,,,,,,,,,,,,,,,,
2/2/2026,2021.0,20220560.0,19562.0,32288.0,"WHITE CLIFFS PIPELINE, LLC",Crude Oil,INTERSTATE,,0.0,0.0,0.0,0.0,,0.0,0.0,0.0,0.0,,0.0,0.0,0.0,0.0,0.0,0.0,0.0,0.0,0.0,,0.0,0.0,0.0,0.0,0.0,0.0,0.0,,0.0,0.0,0.0,0.0,0.0,0.0,0.0,0.0,0.0,,0.0,0.0,0.0,,0.0,0.0,0.0,0.0,0.0,0.0,0.0,0.0,0.0,,0.0,0.0,0.0,0.0,0.0,0.0,0.0,0.0,0.0,0.0,0.0,0.0
2/2/2026,2021.0,20220220.0,19210.0,32296.0,TARGA RESOURCES OPERATING LLC,Crude Oil,INTRASTATE,NORTH DAKOTA,57.3,57.3,,,,114.6,,,,,,,,,,,,,,,,,,0.1,,,,,,,,,,,,,,,,,,,,,,,,,,,114.7,,,,,,,,,21.4,21.4,,36.1,36.1
2/2/2026,2021.0,20220136.0,19114.0,32296.0,TARGA RESOURCES OPERATING LLC,HVL,INTERSTATE,,,,,,,,,,,,,,,,,,,,22.18,,,,,,,,,,,,,,,,,,,,,,,,,,,,,,,,22.18,,,,,,,,,4.69,4.69,,17.49,17.49
2/2/2026,2021.0,20220136.0,19114.0,32296.0,TARGA RESOURCES OPERATING LLC,HVL,INTRASTATE,LOUISIANA,,,,,,,,,,,,,,,,,,,30.01,,,,,,,,,,,,,,,,,,,,,,,,,,,,,,,,30.01,,,,,,,,,12.24,12.24,,17.77,17.77
2/2/2026,2021.0,20220226.0,19217.0,32312.0,"REPSOL OIL & GAS USA, LLC",Crude Oil,INTRASTATE,TEXAS,6.81,6.81,6.81,,,20.43,0.0,0.0,0.0,,0.0,0.0,0.0,0.0,0.0,0.0,0.0,0.0,0.0,,0.0,0.0,0.0,0.0,0.0,0.0,0.0,,0.0,0.0,0.0,0.0,0.0,0.0,0.0,0.0,0.0,,0.0,0.0,0.0,,0.0,0.0,0.0,0.0,0.0,0.0,0.0,0.0,20.43,,0.0,0.0,0.0,0.0,0.0,0.0,0.0,6.81,6.81,0.0,0.0,0.0
2/2/2026,2021.0,20220142.0,19120.0,32331.0,"PASADENA REFINING SYSTEM, INC.",Crude Oil,INTRASTATE,TEXAS,,,,,,,,,,,,,,,,,,,,,,,,,,,,,,,,,,,,,,,,,,,,,,,,,,,,,,,,,,,,,,,,
2/2/2026,2021.0,20220144.0,19122.0,32331.0,"PASADENA REFINING SYSTEM, INC.",HVL,INTRASTATE,TEXAS,1.74,,,,,1.74,0.0,,0.0,,0.0,0.0,,0.0,0.0,0.0,,0.0,1.74,,0.0,0.0,0.0,,,,,,,,,,,,,,,,,,,,,,,,,,,,3.48,,0.0,0.0,,,,,,,,,,
2/2/2026,2021.0,20220143.0,19121.0,32331.0,"PASADENA REFINING SYSTEM, INC.",Refined and/or Petroleum Product (non-HVL),INTRASTATE,TEXAS,,,,,,,,,,,,,,,,,,,,,,,,,,,,,,,,,,,,,,,,,,,,,,,,,,,,,,,,,,,,,,,,
2/2/2026,2021.0,20220299.0,19291.0,32334.0,TC OIL PIPELINE OPERATIONS INC,Crude Oil,INTERSTATE,,408.138,236.978,1231.985,1707.714,Leak Detection Tool,3584.815,4.0,34.0,38.0,,3.0,0.0,3.0,0.0,0.0,0.0,1.0,1.0,0.0,,0.0,0.0,0.0,0.0,0.0,0.0,0.0,,0.0,0.0,0.0,0.0,0.0,0.0,0.0,0.0,0.0,,0.0,0.0,0.0,,0.0,0.0,0.0,0.0,0.0,0.0,0.0,0.0,3584.815,,3.0,1.0,0.0,0.0,0.0,0.0,0.49,258.72,259.21,0.45,1152.03,1152.48
2/2/2026,2021.0,20220574.0,19576.0,32346.0,"TOTAL PETROCHEMICALS PIPELINE USA , INC.",Crude Oil,INTRASTATE,TEXAS,13.6,,,,,13.6,,,,,0.0,0.0,0.0,,,,,,,,,,,,,,,,,,,,,,,,,,,,,,,,,,,,,,13.6,,0.0,,,,,,,,,,,
2/2/2026,2021.0,20220571.0,19573.0,32346.0,"TOTAL PETROCHEMICALS PIPELINE USA , INC.",HVL,INTRASTATE,TEXAS,2.3,,,,,2.3,2.0,,2.0,,,,,,,,,,,,,,,,,,,,,,,,,,,,,,,,,,,,,,,,,,2.3,,,,,,,,,,,,,
2/2/2026,2021.0,20220572.0,19574.0,32346.0,"TOTAL PETROCHEMICALS PIPELINE USA , INC.",Refined and/or Petroleum Product (non-HVL),INTRASTATE,TEXAS,4.25,,,,,4.25,,,,,,,,,,,,,,,,,,,,,,,,,,,,,,,,,,,,,,,,,,,,,4.25,,,,,,,,,,,,,
2/2/2026,2021.0,20220055.0,19014.0,32364.0,"VALERO REFINING-NEW ORLEANS, L.L.C.",Crude Oil,INTRASTATE,LOUISIANA,,,,,,,1.0,,1.0,,,,,,,,1.0,1.0,,,,,,,,,,,,,,,,,,,,,,,,,,,,,,,,,,,,1.0,,,,,,,,,,
2/2/2026,2021.0,20220056.0,19015.0,32364.0,"VALERO REFINING-NEW ORLEANS, L.L.C.",HVL,INTRASTATE,LOUISIANA,,,,,,,5.0,,5.0,,,,,,,,5.0,5.0,,,,,,,,,,,,,,,,,,,,,,,,,,,,,,,,,,,,5.0,,,,,,,,,,
2/2/2026,2021.0,20220057.0,19016.0,32364.0,"VALERO REFINING-NEW ORLEANS, L.L.C.",Refined and/or Petroleum Product (non-HVL),INTRASTATE,LOUISIANA,,,,,,,5.0,,5.0,,,,,,,,5.0,5.0,,,,,,,,,,,,,,,,,,,,,,,,,,,,,,,,,,,,5.0,,,,,,,,,,
2/2/2026,2021.0,20220185.0,19166.0,32407.0,"GENESIS PIPELINE TEXAS, L.P.",Crude Oil,INTRASTATE,TEXAS,0.0,0.0,0.0,0.0,,0.0,36.0,0.0,36.0,,0.0,0.0,0.0,0.0,0.0,0.0,0.0,0.0,0.0,,0.0,0.0,0.0,0.0,0.0,0.0,0.0,,0.0,0.0,0.0,0.0,0.0,0.0,0.0,0.0,0.0,,0.0,0.0,0.0,,0.0,0.0,0.0,0.0,0.0,0.0,0.0,0.0,0.0,,0.0,0.0,7.0,0.0,0.0,0.0,0.0,0.0,0.0,0.0,0.0,0.0
2/2/2026,2021.0,20220182.0,19163.0,32411.0,"GENESIS PIPELINE ALABAMA, LLC",Crude Oil,INTRASTATE,ALABAMA,0.0,0.0,0.0,0.0,,0.0,0.0,0.0,0.0,,0.0,0.0,0.0,0.0,0.0,0.0,0.0,0.0,0.0,,0.0,0.0,0.0,0.0,0.0,0.0,0.0,,0.0,0.0,0.0,0.0,0.0,0.0,0.0,0.0,0.0,,0.0,0.0,0.0,,0.0,0.0,0.0,0.0,0.0,0.0,0.0,0.0,0.0,,0.0,0.0,0.0,0.0,0.0,0.0,0.0,0.0,0.0,0.0,0.0,0.0
2/2/2026,2021.0,20220338.0,19331.0,32412.0,"MARKWEST LIBERTY MIDSTREAM & RESOURCES, L.L.C.",HVL,INTRASTATE,PENNSYLVANIA,0.0,0.0,0.0,0.0,,0.0,,,,,,,,,,,,,,,,,,,,,,,,,,,,,,,,,,,,,,,,,,,,,0.0,,,,,,,,,,,,,
2/2/2026,2021.0,20220338.0,19331.0,32412.0,"MARKWEST LIBERTY MIDSTREAM & RESOURCES, L.L.C.",HVL,INTRASTATE,WEST VIRGINIA,0.0,0.0,0.0,0.0,,0.0,0.0,0.0,0.0,,0.0,0.0,0.0,0.0,0.0,0.0,0.0,0.0,0.0,,0.0,0.0,0.0,0.0,0.0,0.0,0.0,,0.0,0.0,0.0,0.0,0.0,0.0,0.0,0.0,0.0,,0.0,0.0,0.0,,0.0,0.0,0.0,0.0,0.0,0.0,0.0,0.0,0.0,,0.0,0.0,0.0,0.0,0.0,0.0,0.0,0.0,0.0,0.0,0.0,0.0
2/2/2026,2021.0,20220412.0,19408.0,32414.0,"MARKWEST OKLAHOMA GAS COMPANY, L.L.C.",Crude Oil,INTRASTATE,OKLAHOMA,15.79,15.79,0.0,15.79,IMU,47.37,0.0,0.0,0.0,,0.0,0.0,0.0,0.0,0.0,0.0,0.0,0.0,0.0,,0.0,0.0,0.0,0.0,0.0,0.0,0.0,,0.0,0.0,0.0,0.0,0.0,0.0,0.0,0.0,0.0,,0.0,0.0,0.0,,0.0,0.0,0.0,0.0,0.0,0.0,0.0,0.0,47.37,,0.0,0.0,0.0,0.0,0.0,0.0,0.0,2.11,2.11,0.0,13.69,13.69
2/2/2026,2021.0,20220625.0,19634.0,32445.0,SOUTHCROSS NGL PIPELINE LTD.,HVL,INTRASTATE,TEXAS,3.82,0.382,,,,4.202,,,,,,,,,,,,,,,,,,,,,,,,,,,,,,,,,,,,,,,,,,,,,4.202,,,,,,,,,0.3,0.3,,3.79,3.79
2/2/2026,2021.0,20220471.0,19468.0,32447.0,"HAWTHORN OIL TRANSPORTATION (NORTH DAKOTA), INC.",Crude Oil,INTRASTATE,NORTH DAKOTA,0.0,0.0,0.0,0.0,,0.0,,0.0,0.0,,0.0,0.0,0.0,,,,,,0.0,,0.0,,,0.0,0.0,,0.0,,0.0,0.0,0.0,,,,,,0.0,,,0.0,0.0,,0.0,0.0,0.0,,,,,,0.0,,0.0,,,,0.0,0.0,,,,0.0,0.0,0.0
2/2/2026,2021.0,20220132.0,19502.0,32453.0,BPX (EAGLE FORD) GATHERING LLC,Crude Oil,INTRASTATE,TEXAS,44.32,44.32,,,,88.64,0.0,0.0,0.0,,0.0,0.0,0.0,0.0,0.0,0.0,0.0,0.0,0.0,,0.0,0.0,0.0,0.0,0.0,0.0,0.0,,0.0,0.0,0.0,0.0,0.0,0.0,0.0,0.0,0.0,,0.0,0.0,0.0,,0.0,0.0,0.0,0.0,0.0,0.0,0.0,0.0,88.64,,0.0,0.0,,,,,0.0,0.0,0.0,38.48,50.16,88.64
2/2/2026,2021.0,20220464.0,19461.0,32483.0,"BRIDGER LAKE, LLC",Crude Oil,INTRASTATE,WYOMING,,,,,,,,,,,,,,,,,,,,,,,,,,,,,,,,,,,,,,,,,,,,,,,,,,,,,,,,,,,,,,,,
2/2/2026,2021.0,20220239.0,19230.0,32488.0,"ENI US OPERATING CO, INC",Crude Oil,INTRASTATE,ALASKA,0.0,0.0,0.0,0.0,,0.0,,,,,,,,,,,,,3.6,,0.0,0.0,0.0,0.0,0.0,0.0,0.0,,0.0,0.0,0.0,0.0,0.0,0.0,0.0,0.0,0.0,,0.0,0.0,0.0,,0.0,0.0,0.0,0.0,0.0,0.0,0.0,0.0,3.6,,0.0,0.0,0.0,0.0,0.0,0.0,0.0,3.6,3.6,0.0,0.0,0.0
2/2/2026,2021.0,20220184.0,19165.0,32492.0,"GENESIS CRUDE OIL, L.P.",Crude Oil,INTRASTATE,LOUISIANA,0.0,0.0,0.0,0.0,,0.0,0.0,0.0,0.0,,0.0,0.0,0.0,0.0,0.0,0.0,0.0,0.0,0.0,,0.0,0.0,0.0,0.0,0.0,0.0,0.0,,0.0,0.0,0.0,0.0,0.0,0.0,0.0,0.0,0.0,,0.0,0.0,0.0,,0.0,0.0,0.0,0.0,0.0,0.0,0.0,0.0,0.0,,0.0,0.0,0.0,0.0,0.0,0.0,0.0,0.0,0.0,0.0,0.0,0.0
2/2/2026,2021.0,20220400.0,19396.0,32493.0,"UNEV PIPELINE, LLC",Refined and/or Petroleum Product (non-HVL),INTERSTATE,,97.36,97.36,,,,194.72,4.0,6.0,10.0,,6.0,,6.0,,,,4.0,4.0,,,,,,,,,,,,,,,,,,,,,,,,,,,,,,,,,194.72,,6.0,4.0,,,,,,49.1,49.1,,48.26,48.26
2/2/2026,2021.0,20220539.0,19618.0,32495.0,"DELAWARE PIPELINE COMPANY, LLC",Refined and/or Petroleum Product (non-HVL),INTERSTATE,,23.37,23.37,0.0,0.0,,46.74,0.0,0.0,0.0,,0.0,0.0,0.0,0.0,0.0,0.0,0.0,0.0,0.0,,0.0,0.0,0.0,0.0,0.0,0.0,0.0,,0.0,0.0,0.0,0.0,0.0,0.0,0.0,0.0,0.0,,0.0,0.0,0.0,,0.0,0.0,0.0,0.0,0.0,0.0,0.0,0.0,46.74,,0.0,0.0,0.0,0.0,0.0,0.0,0.0,22.67,22.67,0.0,0.7,0.7
2/2/2026,2021.0,20220258.0,19249.0,32502.0,ENBRIDGE PIPELINES (SOUTHERN LIGHTS) L.L.C.,Refined and/or Petroleum Product (non-HVL),INTERSTATE,,364.84,364.84,135.76,0.0,,865.44,4.0,3.0,7.0,,2.0,0.0,2.0,0.0,0.0,0.0,0.0,0.0,0.0,,0.0,0.0,0.0,0.0,0.0,0.0,0.0,,0.0,0.0,0.0,0.0,0.0,0.0,0.0,0.0,0.0,,0.0,0.0,0.0,,0.0,0.0,0.0,0.0,0.0,0.0,0.0,0.0,865.44,,2.0,0.0,0.0,0.0,0.0,0.0,0.0,197.37,197.37,0.0,176.47,176.47
2/2/2026,2021.0,20220134.0,19111.0,32503.0,"CALUMET SHREVEPORT REFINING, LLC",Crude Oil,INTRASTATE,LOUISIANA,,,,,,,,,,,,,,,,,,,,,,,,,,,,,,,,,,,,,,,,,,,,,,,,,,,,,,,,,,,,,,,,
2/2/2026,2021.0,20220001.0,18937.0,32520.0,CITY OF BANGOR,Refined and/or Petroleum Product (non-HVL),INTRASTATE,MAINE,,,,,,,,,,,,,,,,,,,0.934,,0.0,0.0,0.0,,,,,,,,,,,,,,,,,,,,,,,,,,,,0.934,,0.0,0.0,,,,,,,,,,
2/2/2026,2021.0,20220138.0,19116.0,32522.0,NRG OSWEGO HARBOR POWER,Crude Oil,INTRASTATE,NEW YORK,,,,,,,,,,,,,,,,,,,,,,,,,,,,,,,,,,,,,,,,,,,,,,,,,,,,,,,,,,,,,,,,
2/2/2026,2021.0,20220170.0,19150.0,32526.0,COWTOWN PIPELINE PARTNERS L.P.,HVL,INTRASTATE,TEXAS,0.0,0.0,0.0,0.0,,0.0,0.0,0.0,0.0,,0.0,0.0,0.0,0.0,0.0,0.0,0.0,0.0,0.0,,0.0,0.0,0.0,0.0,0.0,0.0,0.0,,0.0,0.0,0.0,0.0,0.0,0.0,0.0,0.0,0.0,,0.0,0.0,0.0,,0.0,0.0,0.0,0.0,0.0,0.0,0.0,0.0,0.0,,0.0,0.0,0.0,0.0,0.0,0.0,0.0,0.0,0.0,0.0,0.0,0.0
2/2/2026,2021.0,20220313.0,19306.0,32537.0,WYOMING PIPELINE COMPANY,Crude Oil,INTRASTATE,WYOMING,,,,,,,,,,,,,,,,,,,,,,,,,,,,,,,,,,,,,,,,,,,,,,,,,,,,,,,,,,,,,,,,
2/2/2026,2021.0,20220345.0,19811.0,32540.0,ELECTRAGAS INC.,Crude Oil,INTRASTATE,TEXAS,1.66,,,,,1.66,0.0,0.0,0.0,,0.0,0.0,0.0,0.0,0.0,0.0,0.0,0.0,0.0,,0.0,0.0,0.0,3.33,0.0,0.0,0.0,,0.0,0.0,0.0,0.0,0.0,0.0,0.0,0.0,0.0,,0.0,0.0,0.0,,0.0,0.0,0.0,0.0,0.0,0.0,0.0,0.0,4.99,,0.0,0.0,0.0,0.0,0.0,0.0,3.33,3.33,6.66,3.33,3.33,6.66
2/2/2026,2021.0,20220322.0,19315.0,32541.0,"COPANO NGL SERVICES (MARKHAM), LLC",HVL,INTRASTATE,TEXAS,49.2,49.2,0.0,0.0,,98.4,0.0,0.0,0.0,,0.0,0.0,0.0,0.0,0.0,0.0,0.0,0.0,0.0,,0.0,0.0,0.0,0.0,0.0,0.0,0.0,,0.0,0.0,0.0,0.0,0.0,0.0,0.0,0.0,0.0,,0.0,0.0,0.0,,0.0,0.0,0.0,0.0,0.0,0.0,0.0,0.0,98.4,,0.0,0.0,0.0,0.0,0.0,0.0,0.0,17.55,17.55,0.0,31.65,31.65
2/2/2026,2021.0,20220658.0,19673.0,32543.0,"DENBURY GREEN PIPELINE-TEXAS, LLC",CO2,INTERSTATE,,55.8,55.8,0.0,55.8,IMU,167.4,1.0,0.0,1.0,,0.0,0.0,0.0,0.0,0.0,0.0,0.0,0.0,0.0,,0.0,0.0,0.0,0.0,0.0,0.0,0.0,,0.0,0.0,0.0,0.0,0.0,0.0,0.0,0.0,0.0,,0.0,0.0,0.0,,0.0,0.0,0.0,0.0,0.0,0.0,0.0,0.0,167.4,,0.0,0.0,0.0,0.0,0.0,0.0,0.0,37.8,37.8,18.0,0.0,18.0
2/2/2026,2021.0,20220659.0,19674.0,32545.0,"DENBURY GULF COAST PIPELINES, LLC",CO2,INTERSTATE,,77.3,77.3,0.0,62.4,IMU,217.0,0.0,1.0,1.0,,1.0,1.0,0.0,0.0,0.0,0.0,0.0,0.0,0.0,,0.0,0.0,0.0,0.0,0.0,0.0,0.0,,0.0,0.0,0.0,0.0,0.0,0.0,0.0,0.0,0.0,,0.0,0.0,0.0,,0.0,0.0,0.0,0.0,0.0,0.0,0.0,0.0,217.0,,1.0,0.0,0.0,0.0,0.0,0.0,2.8,0.8,3.6,73.7,0.0,73.7
2/2/2026,2021.0,20220163.0,19142.0,32559.0,"ALON USA KROTZ SPRINGS REFINERY, INC",HVL,INTRASTATE,LOUISIANA,0.0,0.0,0.0,0.0,,0.0,0.0,0.0,0.0,,0.0,0.0,0.0,0.0,0.0,0.0,0.0,0.0,0.0,,0.0,0.0,0.0,0.0,0.0,0.0,0.0,,0.0,0.0,0.0,0.0,0.0,0.0,0.0,0.0,0.0,,0.0,0.0,0.0,,0.0,0.0,0.0,0.0,0.0,0.0,0.0,0.0,0.0,,0.0,0.0,0.0,0.0,0.0,0.0,0.0,0.0,0.0,0.0,0.0,0.0
2/2/2026,2021.0,20220164.0,19143.0,32559.0,"ALON USA KROTZ SPRINGS REFINERY, INC",Refined and/or Petroleum Product (non-HVL),INTRASTATE,LOUISIANA,0.0,0.0,0.0,0.0,,0.0,0.0,0.0,0.0,,0.0,0.0,0.0,0.0,0.0,0.0,0.0,0.0,0.0,,0.0,0.0,0.0,0.0,0.0,0.0,0.0,,0.0,0.0,0.0,0.0,0.0,0.0,0.0,0.0,0.0,,0.0,0.0,0.0,,0.0,0.0,0.0,0.0,0.0,0.0,0.0,0.0,0.0,,0.0,0.0,0.0,0.0,0.0,0.0,0.0,0.0,0.0,0.0,0.0,0.0
2/2/2026,2021.0,20220660.0,19675.0,32566.0,GREENCORE PIPELINE COMPANY LLC,CO2,INTERSTATE,,0.0,0.0,0.0,0.0,,0.0,0.0,0.0,0.0,,0.0,0.0,0.0,0.0,0.0,0.0,0.0,0.0,0.0,,0.0,0.0,0.0,0.0,0.0,0.0,0.0,,0.0,0.0,0.0,0.0,0.0,0.0,0.0,0.0,0.0,,0.0,0.0,0.0,,0.0,0.0,0.0,0.0,0.0,0.0,0.0,0.0,0.0,,0.0,0.0,0.0,0.0,0.0,0.0,0.0,0.0,0.0,0.0,0.0,0.0
2/2/2026,2021.0,20220270.0,19261.0,32572.0,"TOLEDO REFINING COMPANY, LLC",Refined and/or Petroleum Product (non-HVL),INTRASTATE,OHIO,,,,,,,0.0,0.0,0.0,,0.0,0.0,0.0,0.0,0.0,0.0,0.0,0.0,0.0,,0.0,0.0,0.0,0.0,0.0,0.0,0.0,,0.0,0.0,0.0,0.0,0.0,0.0,0.0,0.0,0.0,,0.0,0.0,0.0,,0.0,0.0,0.0,0.0,0.0,0.0,0.0,0.0,0.0,,0.0,0.0,0.0,0.0,0.0,0.0,0.0,0.0,0.0,0.0,0.0,0.0
2/2/2026,2021.0,20220619.0,19628.0,32575.0,"DEEPROCK OIL OPERATING, LLC",Crude Oil,INTRASTATE,OKLAHOMA,,,,,,,,,,,,,,,,,,,,,,,,,,,,,,,,,,,,,,,,,,,,,,,,,,,,,,,,,,,,,,,,
2/2/2026,2021.0,20220424.0,19420.0,32614.0,"WILLIAMS OLEFINS FEEDSTOCK PIPELINES, LLC",HVL,INTERSTATE,,20.4,20.4,0.0,0.0,,40.8,0.0,0.0,0.0,,0.0,0.0,0.0,0.0,0.0,0.0,0.0,0.0,0.0,,0.0,0.0,0.0,0.0,0.0,0.0,0.0,,0.0,0.0,0.0,0.0,0.0,0.0,0.0,0.0,0.0,,0.0,0.0,0.0,,0.0,0.0,0.0,0.0,0.0,0.0,0.0,0.0,40.8,,0.0,0.0,0.0,0.0,0.0,0.0,0.0,4.5,4.5,0.0,15.9,15.9
2/2/2026,2021.0,20220165.0,19203.0,32619.0,"HILAND CRUDE, LLC",Crude Oil,INTRASTATE,NORTH DAKOTA,120.19,121.05,0.86,0.0,,242.1,1.0,0.0,1.0,,1.0,1.0,0.0,0.0,0.0,0.0,0.0,0.0,0.0,,0.0,0.0,0.0,0.0,0.0,0.0,0.0,,0.0,0.0,0.0,0.0,0.0,0.0,0.0,0.0,0.0,,0.0,0.0,0.0,,0.0,0.0,0.0,0.0,0.0,0.0,0.0,0.0,242.1,,1.0,0.0,0.0,0.0,0.0,0.0,0.46,54.59,55.05,0.4,74.56,74.96
2/2/2026,2021.0,20220364.0,19359.0,32634.0,"ENLINK PERMIAN, LLC",Crude Oil,INTERSTATE,,0.0,0.0,0.0,0.0,,0.0,0.0,0.0,0.0,,0.0,0.0,0.0,0.0,0.0,0.0,0.0,0.0,0.0,,0.0,0.0,0.0,0.0,0.0,0.0,0.0,,0.0,0.0,0.0,0.0,0.0,0.0,0.0,0.0,0.0,,0.0,0.0,0.0,,0.0,0.0,0.0,0.0,0.0,0.0,0.0,0.0,0.0,,0.0,0.0,0.0,0.0,0.0,0.0,0.0,0.0,0.0,0.0,0.0,0.0
2/2/2026,2021.0,20220643.0,19809.0,32645.0,"HILCORP ALASKA, LLC",Crude Oil,INTRASTATE,ALASKA,11.45,11.45,0.0,0.0,,22.9,0.0,0.0,0.0,,0.0,0.0,0.0,0.0,0.0,0.0,0.0,0.0,8.83,,0.0,0.0,0.0,0.0,0.0,0.0,0.0,,0.0,0.0,0.0,0.0,0.0,0.0,0.0,0.0,0.0,,0.0,0.0,0.0,,0.0,0.0,0.0,0.0,0.0,0.0,0.0,0.0,31.73,,0.0,0.0,10.0,0.0,0.0,0.0,8.83,11.45,20.28,0.0,0.0,0.0
2/2/2026,2021.0,20220027.0,20686.0,32650.0,LEMM CORPORATION - OPERATIONS,HVL,INTRASTATE,TENNESSEE,0.0,0.0,0.0,0.0,,0.0,0.0,0.0,0.0,,0.0,0.0,0.0,0.0,0.0,0.0,0.0,0.0,0.0,,0.0,0.0,0.0,8.97,0.0,0.0,0.0,,0.0,0.0,0.0,0.0,0.0,0.0,0.0,0.0,0.0,,0.0,0.0,0.0,,0.0,0.0,0.0,0.0,0.0,0.0,0.0,0.0,8.97,,0.0,0.0,0.0,0.0,0.0,0.0,0.0,8.97,8.97,0.0,0.0,0.0
2/2/2026,2021.0,20220230.0,19221.0,32678.0,KINDER MORGAN CRUDE AND CONDENSATE LLC,Crude Oil,INTRASTATE,TEXAS,171.13,171.13,0.0,0.0,,342.26,64.0,37.0,101.0,,24.0,0.0,24.0,0.0,0.0,3.0,18.0,21.0,0.0,,0.0,0.0,0.0,0.0,0.0,0.0,0.0,,0.0,0.0,0.0,0.0,0.0,0.0,0.0,0.0,0.0,,0.0,0.0,0.0,,0.0,0.0,0.0,0.0,0.0,0.0,0.0,0.0,342.26,,24.0,21.0,0.0,0.0,0.0,0.0,0.0,83.85,83.85,0.61,86.65,87.26
2/2/2026,2021.0,20220561.0,19563.0,32683.0,INLAND CORPORATION,Refined and/or Petroleum Product (non-HVL),INTERSTATE,,12.7,12.7,51.6,,,77.0,4.0,0.0,4.0,,0.0,0.0,0.0,0.0,0.0,0.0,0.0,0.0,0.0,,0.0,0.0,0.0,0.0,0.0,0.0,0.0,,0.0,0.0,0.0,0.0,0.0,0.0,0.0,0.0,0.0,,0.0,0.0,0.0,,0.0,0.0,0.0,0.0,0.0,0.0,0.0,0.0,77.0,,0.0,0.0,0.0,0.0,0.0,0.0,0.0,49.7,49.7,0.0,14.7,14.7
2/2/2026,2021.0,20220254.0,19245.0,32688.0,WEST COAST TERMINAL PIPELINE  (WCTP),Crude Oil,INTRASTATE,CALIFORNIA,4.71,4.71,0.0,0.0,,9.42,1.0,0.0,1.0,,0.0,0.0,0.0,0.0,0.0,1.0,0.0,1.0,0.0,,0.0,0.0,0.0,0.0,0.0,0.0,0.0,,0.0,0.0,0.0,0.0,0.0,0.0,0.0,0.0,0.0,,0.0,0.0,0.0,,0.0,0.0,0.0,0.0,0.0,0.0,0.0,0.0,9.42,,0.0,1.0,0.0,0.0,0.0,0.0,0.0,4.71,4.71,0.0,0.0,0.0
2/2/2026,2021.0,20220257.0,19248.0,32688.0,WEST COAST TERMINAL PIPELINE  (WCTP),Refined and/or Petroleum Product (non-HVL),INTERSTATE,,0.0,0.0,0.0,0.0,,0.0,0.0,0.0,0.0,,0.0,0.0,0.0,0.0,0.0,0.0,0.0,0.0,0.0,,0.0,0.0,0.0,0.0,0.0,0.0,0.0,,0.0,0.0,0.0,0.0,0.0,0.0,0.0,0.0,0.0,,0.0,0.0,0.0,,0.0,0.0,0.0,0.0,0.0,0.0,0.0,0.0,0.0,,0.0,0.0,0.0,0.0,0.0,0.0,0.0,0.0,0.0,0.0,0.0,0.0
2/2/2026,2021.0,20220140.0,19118.0,38887.0,IMTT EPIC LLC,Refined and/or Petroleum Product (non-HVL),INTERSTATE,,7.17,7.17,0.0,0.0,,14.34,7.0,2.0,9.0,,9.0,0.0,9.0,0.0,0.0,5.0,4.0,9.0,0.0,,0.0,0.0,0.0,0.0,0.0,0.0,0.0,,0.0,0.0,0.0,0.0,0.0,0.0,0.0,0.0,0.0,,0.0,0.0,0.0,,0.0,0.0,0.0,0.0,0.0,0.0,0.0,0.0,14.34,,9.0,9.0,0.0,0.0,0.0,0.0,0.0,9.94,9.94,0.0,4.4,4.4
2/2/2026,2021.0,20220140.0,19118.0,38887.0,IMTT EPIC LLC,Refined and/or Petroleum Product (non-HVL),INTRASTATE,GEORGIA,,,,,,,,,,,,,,,,,,,5.46,,0.0,0.0,0.0,0.0,,,,,,,,,,,,,,,,,,,,,,,,,,,5.46,,0.0,0.0,,,,,0.0,5.46,5.46,0.0,0.0,0.0
2/2/2026,2021.0,20220323.0,19316.0,38893.0,PTE PIPELINE LLC,Crude Oil,INTERSTATE,,22.26,22.26,0.0,0.0,,44.52,0.0,0.0,0.0,,0.0,0.0,0.0,0.0,0.0,0.0,0.0,0.0,0.0,,0.0,0.0,0.0,0.0,0.0,0.0,0.0,,0.0,0.0,0.0,0.0,0.0,0.0,0.0,0.0,0.0,,0.0,0.0,0.0,,0.0,0.0,0.0,0.0,0.0,0.0,0.0,0.0,44.52,,0.0,0.0,0.0,0.0,0.0,0.0,0.0,22.26,22.26,0.0,0.0,0.0
2/2/2026,2021.0,20220621.0,19630.0,38894.0,"THUNDER BASIN PIPELINE, LLC",Crude Oil,INTRASTATE,WYOMING,,,,,,,,,,,,,,,,,,,,,,,,,,,,,,,,,,,,,,,,,,,,,,,,,,,,,,,,,,,,,,,,
2/2/2026,2021.0,20220234.0,19884.0,38895.0,KINDER MORGAN SOUTHEAST TERMINALS,Refined and/or Petroleum Product (non-HVL),INTRASTATE,NORTH CAROLINA,0.0,0.0,0.0,0.0,,0.0,0.0,0.0,0.0,,0.0,0.0,0.0,0.0,0.0,0.0,0.0,0.0,0.0,,0.0,0.0,0.0,0.0,0.0,0.0,0.0,,0.0,0.0,0.0,0.0,0.0,0.0,0.0,0.0,0.0,,0.0,0.0,0.0,,0.0,0.0,0.0,0.0,0.0,0.0,0.0,0.0,0.0,,0.0,0.0,0.0,0.0,0.0,0.0,0.0,0.0,0.0,0.0,0.0,0.0
2/2/2026,2021.0,20220234.0,19884.0,38895.0,KINDER MORGAN SOUTHEAST TERMINALS,Refined and/or Petroleum Product (non-HVL),INTRASTATE,VIRGINIA,0.0,0.0,0.0,0.0,,0.0,0.0,0.0,0.0,,0.0,0.0,0.0,0.0,0.0,0.0,0.0,0.0,0.0,,0.0,0.0,0.0,0.0,0.0,0.0,0.0,,0.0,0.0,0.0,0.0,0.0,0.0,0.0,0.0,0.0,,0.0,0.0,0.0,,0.0,0.0,0.0,0.0,0.0,0.0,0.0,0.0,0.0,,0.0,0.0,0.0,0.0,0.0,0.0,0.0,0.0,0.0,0.0,0.0,0.0
2/2/2026,2021.0,20220615.0,19624.0,38922.0,MIPC LLC,HVL,INTRASTATE,PENNSYLVANIA,,,,,,,0.0,0.0,0.0,,0.0,0.0,,,,,,,,,,,,,,,,,,,,,,,,,,,,,,,,,,,,,,,,,0.0,,,,,,,,,,,
2/2/2026,2021.0,20220613.0,19802.0,38922.0,MIPC LLC,Refined and/or Petroleum Product (non-HVL),INTERSTATE,,0.0,0.0,0.0,0.0,,0.0,0.0,0.0,0.0,,0.0,0.0,0.0,0.0,0.0,0.0,0.0,0.0,0.0,,0.0,0.0,0.0,0.0,0.0,0.0,0.0,,0.0,0.0,0.0,0.0,0.0,0.0,0.0,0.0,0.0,,0.0,0.0,0.0,,0.0,0.0,0.0,0.0,0.0,0.0,0.0,0.0,0.0,,0.0,0.0,0.0,0.0,0.0,0.0,0.0,0.0,0.0,0.0,0.0,0.0
2/2/2026,2021.0,20220613.0,19802.0,38922.0,MIPC LLC,Refined and/or Petroleum Product (non-HVL),INTRASTATE,PENNSYLVANIA,0.0,0.0,0.0,0.0,,0.0,74.0,0.0,74.0,,0.0,0.0,0.0,0.0,0.0,74.0,0.0,74.0,0.0,,0.0,0.0,0.0,0.0,0.0,0.0,0.0,,0.0,0.0,0.0,0.0,0.0,0.0,0.0,0.0,0.0,,0.0,0.0,0.0,,0.0,0.0,0.0,0.0,0.0,0.0,0.0,0.0,0.0,,0.0,74.0,0.0,0.0,0.0,0.0,0.0,0.0,0.0,0.0,0.0,0.0
2/2/2026,2021.0,20220104.0,19074.0,38924.0,NGL CRUDE TERMINALS,Crude Oil,INTRASTATE,LOUISIANA,1.4,1.4,,,,2.8,1.0,0.0,1.0,,0.0,0.0,0.0,0.0,0.0,0.0,0.0,0.0,0.0,,0.0,0.0,0.0,0.0,,,,,,,,,,,,,0.0,,,,,,,,,,,,,,2.8,,0.0,0.0,0.0,0.0,0.0,0.0,0.0,1.4,1.4,0.0,0.0,0.0
2/2/2026,2021.0,20220104.0,19074.0,38924.0,NGL CRUDE TERMINALS,Crude Oil,INTRASTATE,OKLAHOMA,8.5,8.5,0.0,0.0,,17.0,,0.0,0.0,,,,,,,,,,0.0,,0.0,,,0.0,,,,,,,,,,,,,0.0,,,,,,,,,,,,,,17.0,,0.0,,,,0.0,0.0,,,,,8.5,8.5
2/2/2026,2021.0,20220130.0,19109.0,38926.0,BLACK BEAR MIDSTREAM LLC,HVL,INTRASTATE,LOUISIANA,,,,,,,,,,,,,,,,,,,,,,,,,,,,,,,,,,,,,,,,,,,,,,,,,,,,,,,,,,,,,,,,
2/2/2026,2021.0,20220043.0,19002.0,38927.0,UGI ENERGY SERVICES,HVL,INTRASTATE,OHIO,0.0,0.0,0.0,0.0,,0.0,0.0,0.0,0.0,,0.0,0.0,0.0,0.0,0.0,0.0,0.0,0.0,0.0,,0.0,0.0,0.0,0.0,0.0,0.0,0.0,,0.0,0.0,0.0,0.0,0.0,0.0,0.0,0.0,0.0,,0.0,0.0,0.0,,0.0,0.0,0.0,0.0,0.0,0.0,0.0,0.0,0.0,,0.0,0.0,0.0,0.0,0.0,0.0,0.0,0.0,0.0,0.0,0.0,0.0
2/2/2026,2021.0,20220094.0,19060.0,38937.0,"MIDCOAST ENERGY, LLC",HVL,INTRASTATE,TEXAS,0.77,0.77,,,,1.54,,,,,,,,,,,,,,,,,,,,,,,,,,,,,,,,,,,,,,,,,,,,,1.54,,,,,,,,0.0,0.0,0.0,0.0,0.77,0.77
2/2/2026,2021.0,20220086.0,19049.0,38938.0,"WTG NGL PIPELINE COMPANY, LLC",HVL,INTRASTATE,TEXAS,,,,,,,,,,,,,,,,,,,,,,,,,,,,,,,,,,,,,,,,,,,,,,,,,,,,,,,,,,,,,,,,
2/2/2026,2021.0,20220250.0,19241.0,38945.0,BAKKEN PIPELINE COMPANY LP,Crude Oil,INTERSTATE,,0.0,0.0,0.0,0.0,,0.0,1.0,15.0,16.0,,14.0,4.0,10.0,0.0,0.0,0.0,0.0,0.0,0.0,,0.0,0.0,0.0,0.0,0.0,0.0,0.0,,0.0,0.0,0.0,0.0,0.0,0.0,0.0,0.0,0.0,,0.0,0.0,0.0,,0.0,0.0,0.0,0.0,0.0,0.0,0.0,0.0,0.0,,14.0,0.0,0.0,0.0,0.0,0.0,0.0,0.0,0.0,0.0,0.0,0.0
2/2/2026,2021.0,20220685.0,19700.0,38964.0,"PHILADELPHIA ENERGY SOLUTIONS REFINING AND MARKETING, LLC",HVL,INTRASTATE,PENNSYLVANIA,,,,,,,,,,,,,,,,,,,,,,,,,,,,,,,,,,,,,,,,,,,,,,,,,,,,,,,,,,,,,,,,
2/2/2026,2021.0,20220684.0,19699.0,38964.0,"PHILADELPHIA ENERGY SOLUTIONS REFINING AND MARKETING, LLC",Refined and/or Petroleum Product (non-HVL),INTRASTATE,PENNSYLVANIA,,,,,,,,,,,,,,,,,,,,,,,,,,,,,,,,,,,,,,,,,,,,,,,,,,,,,,,,,,,,,,,,
2/2/2026,2021.0,20220026.0,19001.0,38968.0,OASIS PETROLEUM NORTH AMERICA,Crude Oil,INTRASTATE,NORTH DAKOTA,1.38,1.38,,,,2.76,,,,,,,,,,,,,,,,,,,,,,,,,,,,,,,,,,,,,,,,,,,,,2.76,,,,,,,,,,,1.38,,1.38
2/2/2026,2021.0,20220265.0,19798.0,39010.0,"BLUE RACER MIDSTREAM, LLC",HVL,INTRASTATE,OHIO,,,,,,,,,,,,,,,,,,,,,,,,,,,,,,,,,,,,,,,,,,,,,,,,,,,,,,,,,,,,,,,,
2/2/2026,2021.0,20220265.0,19798.0,39010.0,"BLUE RACER MIDSTREAM, LLC",HVL,INTRASTATE,WEST VIRGINIA,,,,,,,,,,,,,,,,,,,,,,,,,,,,,,,,,,,,,,,,,,,,,,,,,,,,,,,,,,,,,,,,
2/2/2026,2021.0,20220501.0,19499.0,39012.0,"SUMMIT MIDSTREAM PARTNERS, LLC",Crude Oil,INTRASTATE,NORTH DAKOTA,3.35,3.35,,,,6.7,1.0,0.0,1.0,,0.0,0.0,0.0,0.0,0.0,0.0,0.0,0.0,0.0,,,,,0.0,,,,,,,,,,,,,0.0,,,,,,,,,,,,,,6.7,,0.0,0.0,0.0,0.0,0.0,0.0,0.0,3.35,3.35,,,
2/2/2026,2021.0,20220227.0,19218.0,39023.0,DOUBLE EAGLE PIPELINE LLC,Crude Oil,INTRASTATE,TEXAS,131.0,131.0,35.6,0.0,,297.6,11.0,26.0,37.0,,7.0,0.0,7.0,0.0,0.0,3.0,2.0,5.0,0.09,,0.0,0.0,0.0,0.0,0.0,0.0,0.0,,0.0,0.0,0.0,0.0,0.0,0.0,0.0,0.0,0.0,,0.0,0.0,0.0,,0.0,0.0,0.0,0.0,0.0,0.0,0.0,0.0,297.69,,7.0,5.0,0.0,0.0,0.0,0.0,0.0,33.3,33.3,0.0,97.79,97.79
2/2/2026,2021.0,20220060.0,19806.0,39038.0,E&T LLC,Crude Oil,INTRASTATE,CALIFORNIA,,,,,,,,,,,,,,,,,,,,,,,,,,,,,,,,,,,,,,,,,,,,,,,,,,,,,,,,,,,,,,,,
2/2/2026,2021.0,20220597.0,19601.0,39043.0,"TALLGRASS PONY EXPRESS PIPELINE, LLC",Crude Oil,INTERSTATE,,136.0,136.0,244.6,0.0,,516.6,66.0,24.0,90.0,,93.0,0.0,93.0,0.0,0.0,268.0,11.0,279.0,0.0,,0.0,0.0,0.0,0.0,0.0,0.0,0.0,,0.0,0.0,0.0,0.0,0.0,0.0,0.0,0.0,0.0,,0.0,0.0,0.0,,0.0,0.0,0.0,0.0,0.0,0.0,0.0,0.0,516.6,,93.0,279.0,0.0,0.0,0.0,0.0,0.0,229.7,229.7,0.0,150.9,150.9
2/2/2026,2021.0,20220720.0,19751.0,39046.0,"BRIDGER SWAN RANCH, LLC",Crude Oil,INTRASTATE,WYOMING,0.0,0.0,0.0,0.0,,0.0,,0.0,0.0,,0.0,0.0,0.0,,,,,,0.0,,0.0,,,0.0,0.0,,0.0,,0.0,0.0,0.0,,,,,,0.0,,,0.0,0.0,,0.0,0.0,0.0,,,,,,0.0,,0.0,,,,0.0,0.0,,,,0.0,0.0,0.0
2/2/2026,2021.0,20220024.0,18979.0,39050.0,"CASPER CRUDE TO RAIL, LLC",Crude Oil,INTERSTATE,,0.0,0.0,0.0,0.0,,0.0,0.0,0.0,0.0,,0.0,0.0,0.0,0.0,0.0,0.0,0.0,0.0,0.0,,0.0,0.0,0.0,0.0,0.0,0.0,0.0,,0.0,0.0,0.0,0.0,0.0,0.0,0.0,0.0,0.0,,0.0,0.0,0.0,,0.0,0.0,0.0,0.0,0.0,0.0,,0.0,0.0,,0.0,0.0,0.0,0.0,0.0,0.0,0.0,0.0,0.0,0.0,0.0,0.0
2/2/2026,2021.0,20220396.0,21573.0,39065.0,HESS ND,Crude Oil,INTRASTATE,NORTH DAKOTA,30.65,30.65,,,,61.3,0.0,1.0,1.0,,0.0,0.0,0.0,0.0,0.0,0.0,0.0,0.0,,,,,,0.0,,,,,,,,,,,,,,,,,,,,,,,,,,,61.3,,0.0,0.0,0.0,0.0,0.0,0.0,,,,,,
2/2/2026,2021.0,20220397.0,19393.0,39065.0,HESS ND,HVL,INTRASTATE,NORTH DAKOTA,17.93,17.93,,,,35.86,0.0,2.0,2.0,,0.0,0.0,0.0,0.0,0.0,0.0,0.0,0.0,,,,,,,,,,,,,,,,,,,,,,,,,,,,,,,,,35.86,,0.0,0.0,,,,,,,,,,
2/2/2026,2021.0,20220395.0,19391.0,39065.0,HESS ND,Refined and/or Petroleum Product (non-HVL),INTRASTATE,NORTH DAKOTA,0.0,0.0,0.0,0.0,,0.0,,,,,,,,,,,,,,,,,,,,,,,,,,,,,,,,,,,,,,,,,,,,,0.0,,,,,,,,,,,,,
2/2/2026,2021.0,20220481.0,19478.0,39068.0,"FIELDWOOD ENERGY, LLC",Crude Oil,INTERSTATE,,,,,,,,,,,,,,,,,,,,,,,,,,,,,,,,,,,,,,,,,,,,,,,,,,,,,,,,,,,,,,,,,
2/2/2026,2021.0,20220481.0,19478.0,39068.0,"FIELDWOOD ENERGY, LLC",Crude Oil,INTRASTATE,TEXAS,,,,,,,,,,,,,,,,,,,,,,,,,,,,,,,,,,,,,,,,,,,,,,,,,,,,,,,,,,,,,,,,
2/2/2026,2021.0,20220069.0,20996.0,39073.0,OCI BEAUMONT LLC,Refined and/or Petroleum Product (non-HVL),INTRASTATE,TEXAS,,,,,,,,,,,,,,,,,,,,,,,,,,,,,,,,,,,,,,,,,,,,,,,,,,,,,,,,,,,,,,,,
2/2/2026,2021.0,20220432.0,19429.0,39084.0,"CRESCENT MIDSTREAM, LLC",Crude Oil,INTERSTATE,,0.0,0.0,0.0,0.0,,0.0,0.0,0.0,0.0,,0.0,0.0,0.0,0.0,0.0,0.0,0.0,0.0,0.0,,0.0,0.0,0.0,0.0,0.0,0.0,0.0,,0.0,0.0,0.0,0.0,0.0,0.0,0.0,0.0,0.0,,0.0,0.0,0.0,,0.0,0.0,0.0,0.0,0.0,0.0,0.0,0.0,0.0,,0.0,0.0,0.0,0.0,0.0,0.0,0.0,0.0,0.0,0.0,0.0,0.0
2/2/2026,2021.0,20220627.0,21015.0,39090.0,"NUTAAQ PIPELINE, LLC",Crude Oil,INTRASTATE,ALASKA,,,,25.05,combination tool,25.05,0.0,0.0,0.0,,0.0,0.0,0.0,0.0,0.0,0.0,0.0,0.0,0.0,,0.0,0.0,0.0,0.0,0.0,0.0,0.0,,0.0,0.0,0.0,0.0,0.0,0.0,0.0,0.0,0.0,,0.0,0.0,0.0,,0.0,0.0,0.0,0.0,0.0,0.0,0.0,0.0,25.05,,0.0,0.0,0.0,0.0,0.0,0.0,0.0,25.05,25.05,0.0,0.0,0.0
2/2/2026,2021.0,20220050.0,19815.0,39099.0,CALIBER NORTH DAKOTA LLC,Crude Oil,INTRASTATE,NORTH DAKOTA,,,,,,,,,,,,,,,,,,,,,,,,,,,,,,,,,,,,,,,,,,,,,,,,,,,,,,,,,,,,,,,,
2/2/2026,2021.0,20220051.0,19812.0,39099.0,CALIBER NORTH DAKOTA LLC,HVL,INTRASTATE,NORTH DAKOTA,,,,,,,,,,,,,,,,,,,,,,,,,,,,,,,,,,,,,,,,,,,,,,,,,,,,,,,,,,,,,,,,
2/2/2026,2021.0,20220628.0,19663.0,39105.0,VALERO PARTNERS OPERATING CO. LLC,Crude Oil,INTERSTATE,,25.98,25.98,0.0,0.0,,51.96,3.0,0.0,3.0,,0.0,0.0,0.0,0.0,0.0,0.0,0.0,0.0,0.0,,0.0,0.0,0.0,0.0,0.0,0.0,0.0,,0.0,0.0,0.0,0.0,0.0,0.0,0.0,0.0,0.0,,0.0,0.0,0.0,,0.0,0.0,0.0,0.0,0.0,0.0,0.0,0.0,51.96,,0.0,0.0,0.0,0.0,0.0,0.0,0.0,25.98,25.98,0.0,0.0,0.0
2/2/2026,2021.0,20220628.0,19663.0,39105.0,VALERO PARTNERS OPERATING CO. LLC,Crude Oil,INTRASTATE,TEXAS,1.79,1.79,0.0,0.0,,3.58,1.0,0.0,1.0,,0.0,0.0,0.0,0.0,0.0,0.0,0.0,0.0,0.0,,0.0,0.0,0.0,0.0,0.0,0.0,0.0,,0.0,0.0,0.0,0.0,0.0,0.0,0.0,0.0,0.0,,0.0,0.0,0.0,,0.0,0.0,0.0,0.0,0.0,0.0,0.0,0.0,3.58,,0.0,0.0,0.0,0.0,0.0,0.0,0.0,1.79,1.79,0.0,0.0,0.0
2/2/2026,2021.0,20220502.0,19500.0,39105.0,VALERO PARTNERS OPERATING CO. LLC,HVL,INTRASTATE,TEXAS,0.0,0.0,0.0,0.0,,0.0,0.0,0.0,0.0,,0.0,0.0,0.0,0.0,0.0,0.0,0.0,0.0,0.0,,0.0,0.0,0.0,0.0,0.0,0.0,0.0,,0.0,0.0,0.0,0.0,0.0,0.0,0.0,0.0,0.0,,0.0,0.0,0.0,,0.0,0.0,0.0,0.0,0.0,0.0,0.0,0.0,0.0,,0.0,0.0,0.0,0.0,0.0,0.0,0.0,0.0,0.0,0.0,0.0,0.0
2/2/2026,2021.0,20220647.0,19661.0,39105.0,VALERO PARTNERS OPERATING CO. LLC,Refined and/or Petroleum Product (non-HVL),INTERSTATE,,170.45,170.45,0.0,0.0,,340.9,24.0,11.0,35.0,,4.0,0.0,4.0,0.0,0.0,0.0,0.0,0.0,0.0,,0.0,0.0,0.0,0.0,0.0,0.0,0.0,,0.0,0.0,0.0,0.0,0.0,0.0,0.0,0.0,0.0,,0.0,0.0,0.0,,0.0,0.0,0.0,0.0,0.0,0.0,0.0,0.0,340.9,,4.0,0.0,5.0,0.0,0.0,0.0,0.0,115.9,115.9,0.0,54.55,54.55
2/2/2026,2021.0,20220647.0,19661.0,39105.0,VALERO PARTNERS OPERATING CO. LLC,Refined and/or Petroleum Product (non-HVL),INTRASTATE,TENNESSEE,6.96,6.96,0.0,0.0,,13.92,0.0,0.0,0.0,,0.0,0.0,0.0,0.0,0.0,0.0,0.0,0.0,0.0,,0.0,0.0,0.0,0.0,0.0,0.0,0.0,,0.0,0.0,0.0,0.0,0.0,0.0,0.0,0.0,0.0,,0.0,0.0,0.0,,0.0,0.0,0.0,0.0,0.0,0.0,0.0,0.0,13.92,,0.0,0.0,0.0,0.0,0.0,0.0,0.0,6.96,6.96,0.0,0.0,0.0
2/2/2026,2021.0,20220647.0,19661.0,39105.0,VALERO PARTNERS OPERATING CO. LLC,Refined and/or Petroleum Product (non-HVL),INTRASTATE,TEXAS,0.0,0.0,0.0,0.0,,0.0,6.0,0.0,6.0,,0.0,0.0,0.0,0.0,0.0,0.0,0.0,0.0,0.0,,0.0,0.0,0.0,0.0,0.0,0.0,0.0,,0.0,0.0,0.0,0.0,0.0,0.0,0.0,0.0,0.0,,0.0,0.0,0.0,,0.0,0.0,0.0,0.0,0.0,0.0,0.0,0.0,0.0,,0.0,0.0,0.0,0.0,0.0,0.0,0.0,0.0,0.0,0.0,0.0,0.0
2/2/2026,2021.0,20220348.0,19342.0,39108.0,BLUEFISH PIPELINE LLC,Refined and/or Petroleum Product (non-HVL),INTRASTATE,NEW MEXICO,,,,,,,,,,,,,,,,,,,,,,,,,,,,,,,,,,,,,,,,,,,,,,,,,,,,,,,,,,,,,,,,
2/2/2026,2021.0,20220348.0,19342.0,39108.0,BLUEFISH PIPELINE LLC,Refined and/or Petroleum Product (non-HVL),INTRASTATE,TEXAS,,,,,,,,,,,0.0,,0.0,,,,1.0,1.0,,,,,,,,,,,,,,,,,,,,,,,,,,,,,,,,,,,0.0,1.0,,,,,,,,,,
2/2/2026,2021.0,20220467.0,19464.0,39112.0,"ENLINK MIDSTREAM SERVICES, LLC",Crude Oil,INTRASTATE,OKLAHOMA,0.0,0.0,0.0,0.0,,0.0,0.0,0.0,0.0,,0.0,0.0,0.0,0.0,0.0,0.0,0.0,0.0,0.0,,0.0,0.0,0.0,0.0,0.0,0.0,0.0,,0.0,0.0,0.0,0.0,0.0,0.0,0.0,0.0,0.0,,0.0,0.0,0.0,,0.0,0.0,0.0,0.0,0.0,0.0,0.0,0.0,0.0,,0.0,0.0,0.0,0.0,0.0,0.0,0.0,0.0,0.0,0.0,0.0,0.0
2/2/2026,2021.0,20220470.0,19986.0,39112.0,"ENLINK MIDSTREAM SERVICES, LLC",HVL,INTRASTATE,TEXAS,33.01,33.01,0.0,0.0,,66.02,0.0,0.0,0.0,,0.0,0.0,0.0,0.0,0.0,0.0,0.0,0.0,0.0,,0.0,0.0,0.0,0.0,0.0,0.0,0.0,,0.0,0.0,0.0,0.0,0.0,0.0,0.0,0.0,0.0,,0.0,0.0,0.0,,0.0,0.0,0.0,0.0,0.0,0.0,0.0,0.0,66.02,,0.0,0.0,0.0,0.0,0.0,0.0,0.0,14.22,14.22,0.0,18.79,18.79
2/2/2026,2021.0,20220379.0,19375.0,39122.0,UTICA EAST OHIO MIDSTREAM LLC,HVL,INTRASTATE,OHIO,0.0,0.0,0.0,0.0,,0.0,0.0,0.0,0.0,,0.0,0.0,0.0,0.0,0.0,0.0,0.0,0.0,0.0,,0.0,0.0,0.0,0.0,0.0,0.0,0.0,,0.0,0.0,0.0,0.0,0.0,0.0,0.0,0.0,0.0,,0.0,0.0,0.0,,0.0,0.0,0.0,0.0,0.0,0.0,0.0,0.0,0.0,,0.0,0.0,0.0,0.0,0.0,0.0,0.0,0.0,0.0,0.0,0.0,0.0
2/2/2026,2021.0,20220091.0,19056.0,39135.0,"VICTORIA EXPRESS PIPELINE, L.L.C.",Crude Oil,INTRASTATE,TEXAS,,,,,,,,1.0,1.0,,,,,,,,,,,,,,,,,,,,,,,,,,,,,,,,,,,,,,,,,,,,,,,,,,,,,,,
2/2/2026,2021.0,20220216.0,19201.0,39138.0,"BOARDWALK LOUISIANA MIDSTREAM, LLC",HVL,INTRASTATE,LOUISIANA,34.1,34.1,,,,68.2,1.0,,1.0,,,,,1.0,,,,1.0,,,,,,,,,,,,,,,,,,,,,,,,,,,,,,,,,68.2,,,1.0,,,,,,,,,21.0,21.0
2/2/2026,2021.0,20220260.0,19251.0,39145.0,ENBRIDGE STORAGE (CUSHING) L.L.C.,Crude Oil,INTERSTATE,,10.98,11.0,0.0,0.0,,21.98,0.0,0.0,0.0,,0.0,0.0,0.0,0.0,0.0,0.0,0.0,0.0,0.0,,0.0,0.0,0.0,0.0,0.0,0.0,0.0,,0.0,0.0,0.0,0.0,0.0,0.0,0.0,0.0,0.0,,0.0,0.0,0.0,,0.0,0.0,0.0,0.0,0.0,0.0,0.0,0.0,21.98,,0.0,0.0,0.0,0.0,0.0,0.0,0.0,11.0,11.0,0.0,0.0,0.0
2/2/2026,2021.0,20220456.0,19453.0,39147.0,"ENABLE GAS GATHERING, LLC",Crude Oil,INTRASTATE,OKLAHOMA,0.0,0.0,0.0,0.0,,0.0,0.0,0.0,0.0,,0.0,0.0,0.0,0.0,0.0,0.0,0.0,0.0,0.0,,0.0,0.0,0.0,0.0,0.0,0.0,0.0,,0.0,0.0,0.0,0.0,0.0,0.0,0.0,0.0,0.0,,0.0,0.0,0.0,,0.0,0.0,0.0,0.0,0.0,0.0,0.0,0.0,0.0,,0.0,0.0,0.0,0.0,0.0,0.0,0.0,0.0,0.0,0.0,0.0,0.0
2/2/2026,2021.0,20220166.0,19146.0,39149.0,IMTT-BAYONNE,Refined and/or Petroleum Product (non-HVL),INTRASTATE,NEW JERSEY,,,,,,,,,,,,,,,,,,,0.5,,,,,,,,,,,,,,,,,,,,,,,,,,,,,,,,0.5,,,,,,,,,,,,,
2/2/2026,2021.0,20220666.0,19681.0,39183.0,"MEDALLION OPERATING COMPANY, LLC",Crude Oil,INTRASTATE,TEXAS,165.95,165.95,0.0,0.0,,331.9,3.0,32.0,35.0,,21.0,0.0,21.0,0.0,0.0,0.0,0.0,0.0,0.23,,0.0,0.0,0.0,0.0,0.0,0.0,0.0,,0.0,0.0,0.0,0.0,0.0,0.0,0.0,0.0,0.0,,0.0,0.0,0.0,,0.0,0.0,0.0,0.0,0.0,0.0,0.0,0.0,332.13,,21.0,0.0,0.0,0.0,21.0,0.0,0.0,42.28,42.28,0.4,289.62,290.02
2/2/2026,2021.0,20220608.0,19612.0,39187.0,"THUNDER CREEK NGL PIPELINE, LLC",HVL,INTRASTATE,WYOMING,0.0,0.0,0.0,0.0,,0.0,0.0,0.0,0.0,,0.0,0.0,0.0,0.0,0.0,0.0,0.0,0.0,0.0,,0.0,0.0,0.0,0.0,0.0,0.0,0.0,,0.0,0.0,0.0,0.0,0.0,0.0,0.0,0.0,0.0,,0.0,0.0,0.0,,0.0,0.0,0.0,0.0,0.0,0.0,0.0,0.0,0.0,,0.0,0.0,0.0,0.0,0.0,0.0,0.0,0.0,0.0,0.0,0.0,0.0
2/2/2026,2021.0,20220105.0,19087.0,39191.0,CONSOLIDATED EDISON CO OF NY,Refined and/or Petroleum Product (non-HVL),INTRASTATE,NEW YORK,0.0,0.0,0.0,0.0,,0.0,0.0,0.0,0.0,,0.0,0.0,0.0,0.0,0.0,0.0,0.0,0.0,0.0,,0.0,0.0,0.0,0.0,0.0,0.0,0.0,,0.0,0.0,0.0,0.0,0.0,0.0,0.0,0.0,0.23,,0.0,0.0,0.0,,0.0,0.0,0.0,0.0,0.0,0.0,0.0,0.0,0.23,,0.0,0.0,0.0,0.0,0.0,0.0,0.0,0.0,0.0,0.0,0.0,0.0
2/2/2026,2021.0,20220723.0,19941.0,39196.0,CHEYENNE RAIL HUB,Crude Oil,INTRASTATE,WYOMING,,,,,,,,,,,,,,,,,,,0.0,,0.0,0.0,0.0,0.0,,,,,,,,,,,,,1.8,,,,,,,,,,,,,,1.8,,0.0,0.0,0.0,0.0,,,,,,,,
2/2/2026,2021.0,20220563.0,19565.0,39205.0,"DAPL-ETCO OPERATIONS MANAGEMENT, LLC",Crude Oil,INTERSTATE,,328.9,328.9,0.0,0.0,,657.8,0.0,0.0,0.0,,0.0,0.0,0.0,0.0,0.0,0.0,0.0,0.0,0.0,,0.0,0.0,0.0,0.0,0.0,0.0,0.0,,0.0,0.0,0.0,0.0,0.0,0.0,0.0,0.0,0.0,,0.0,0.0,0.0,,0.0,0.0,0.0,0.0,0.0,0.0,0.0,0.0,657.8,,0.0,0.0,0.0,0.0,0.0,0.0,0.0,95.6,95.6,0.0,233.3,233.3
2/2/2026,2021.0,20220102.0,19070.0,39214.0,ENVEN ENERGY VENTURES LLC.,Crude Oil,INTERSTATE,,0.0,0.0,0.0,0.0,,0.0,0.0,0.0,0.0,,0.0,0.0,0.0,0.0,0.0,0.0,0.0,0.0,0.0,,0.0,0.0,0.0,0.0,0.0,0.0,0.0,,0.0,0.0,0.0,0.0,0.0,0.0,0.0,0.0,0.0,,0.0,0.0,0.0,,0.0,0.0,0.0,0.0,0.0,0.0,0.0,0.0,0.0,,0.0,0.0,0.0,0.0,0.0,0.0,0.0,0.0,0.0,0.0,0.0,0.0
2/2/2026,2021.0,20220592.0,19595.0,39216.0,TALLGRASS MIDSTREAM LLC,HVL,INTERSTATE,,0.0,0.0,0.0,0.0,,0.0,0.0,0.0,0.0,,0.0,0.0,0.0,0.0,0.0,0.0,0.0,0.0,0.0,,0.0,0.0,0.0,0.0,0.0,0.0,0.0,,0.0,0.0,0.0,0.0,0.0,0.0,0.0,0.0,0.0,,0.0,0.0,0.0,,0.0,0.0,0.0,0.0,0.0,0.0,0.0,0.0,0.0,,0.0,0.0,0.0,0.0,0.0,0.0,0.0,0.0,0.0,0.0,0.0,0.0
2/2/2026,2021.0,20220650.0,19795.0,39228.0,ANDEAVOR FIELD SERVICES LLC,Crude Oil,INTERSTATE,,41.7,41.7,27.0,41.7,IMU,152.1,5.0,1.0,6.0,,1.0,,1.0,,,6.0,,6.0,,,,,,,,,,,,,,,,,,,,,,,,,,,,,,,,,152.1,,1.0,6.0,,,,,1.15,12.78,13.93,9.54,32.16,41.7
2/2/2026,2021.0,20220650.0,19795.0,39228.0,ANDEAVOR FIELD SERVICES LLC,Crude Oil,INTRASTATE,NORTH DAKOTA,7.3,7.3,0.0,7.3,IMU,21.9,,,,,,,,,,,,,,,,,,,,,,,,,,,,,,,,,,,,,,,,,,,,,21.9,,,,,,,,,,,3.24,4.06,7.3
2/2/2026,2021.0,20220649.0,19664.0,39228.0,ANDEAVOR FIELD SERVICES LLC,HVL,INTRASTATE,NORTH DAKOTA,,,,,,,,,,,,,,,,,,,,,,,,,,,,,,,,,,,,,,,,,,,,,,,,,,,,,,,,,,,,,,,,
2/2/2026,2021.0,20220649.0,19664.0,39228.0,ANDEAVOR FIELD SERVICES LLC,HVL,INTRASTATE,UTAH,,,,,,,,,,,,,,,,,,,,,,,,,,,,,,,,,,,,,,,,,,,,,,,,,,,,,,,,,,,,,,,,
2/2/2026,2021.0,20220649.0,19664.0,39228.0,ANDEAVOR FIELD SERVICES LLC,HVL,INTRASTATE,WYOMING,,,,,,,,,,,,,,,,,,,,,,,,,,,,,,,,,,,,,,,,,,,,,,,,,,,,,,,,,,,,,,,,
2/2/2026,2021.0,20220219.0,19206.0,39229.0,CAMINO REAL GATHERING CO LLC,Crude Oil,INTRASTATE,TEXAS,0.0,0.0,0.0,0.0,,0.0,0.0,0.0,0.0,,0.0,0.0,0.0,0.0,0.0,0.0,0.0,0.0,0.0,,0.0,0.0,0.0,0.0,0.0,0.0,0.0,,0.0,0.0,0.0,0.0,0.0,0.0,0.0,0.0,0.0,,0.0,0.0,0.0,,0.0,0.0,0.0,0.0,0.0,0.0,0.0,0.0,0.0,,0.0,0.0,0.0,0.0,0.0,0.0,0.0,0.0,0.0,0.0,0.0,0.0
2/2/2026,2021.0,20220526.0,19842.0,39241.0,ZENITH ENERGY TERMINALS JOLIET HOLDINGS LLC,Crude Oil,INTERSTATE,,,,,,,,,,,,,,,,,,,,,,,,,,,,,,,,,,,,,,,,,,,,,,,,,,,,,,,,,,,,,,,,,
2/2/2026,2021.0,20220473.0,19834.0,39252.0,"FASKEN OIL AND RANCH, LTD.",Crude Oil,INTRASTATE,TEXAS,0.0,0.0,0.0,0.0,,0.0,,0.0,0.0,,0.0,0.0,0.0,,,,,,0.0,,0.0,,,0.0,0.0,,0.0,,0.0,0.0,0.0,,,,,,0.0,,,0.0,0.0,,0.0,0.0,0.0,,,,,,0.0,,0.0,,,,0.0,0.0,,,,0.0,0.0,0.0
2/2/2026,2021.0,20220022.0,18995.0,39271.0,EAGLECLAW MIDSTREAM VENTURES,Crude Oil,INTRASTATE,TEXAS,,,,,,,,,,,,,,,,,,,,,,,,,,,,,,,,,,,,,,,,,,,,,,,,,,,,,,,,,,,,,,,,
2/2/2026,2021.0,20220009.0,18951.0,39271.0,EAGLECLAW MIDSTREAM VENTURES,HVL,INTRASTATE,TEXAS,0.0,0.0,0.0,0.0,,0.0,0.0,0.0,0.0,,0.0,0.0,0.0,0.0,0.0,0.0,0.0,0.0,0.0,,0.0,0.0,0.0,0.0,0.0,0.0,0.0,,0.0,0.0,0.0,0.0,0.0,0.0,0.0,0.0,0.0,,0.0,0.0,0.0,,0.0,0.0,0.0,0.0,0.0,0.0,0.0,0.0,0.0,,0.0,0.0,0.0,0.0,0.0,0.0,0.0,0.0,0.0,0.0,0.0,0.0
2/2/2026,2021.0,20220240.0,19231.0,39303.0,"BASA RESOURCES, INC.",Crude Oil,INTRASTATE,TEXAS,,,,,,,,,,,,,,,,,,,,,,,,,,,,,,,,,,,,,,,,,,,,,,,,,,,,,,,,,,,,,,,,
2/2/2026,2021.0,20220439.0,19436.0,39316.0,"RENAISSANCE OFFSHORE, LLC",Crude Oil,INTERSTATE,,,,,,,,,,,,,,,,,,,,,,,,,,,,,,,,,,,,,,,,,,,,,,,,,,,,,,,,,,,,,,,,,
2/2/2026,2021.0,20220179.0,19160.0,39336.0,"BR PORT SERVICES, LLC",Crude Oil,INTRASTATE,LOUISIANA,3.91,3.91,0.0,0.0,,7.82,2.0,0.0,2.0,,0.0,0.0,0.0,0.0,0.0,0.0,2.0,2.0,0.0,,0.0,0.0,0.0,0.0,0.0,0.0,0.0,,0.0,0.0,0.0,0.0,0.0,0.0,0.0,0.0,0.0,,0.0,0.0,0.0,,0.0,0.0,0.0,0.0,0.0,0.0,0.0,0.0,7.82,,0.0,2.0,0.0,0.0,0.0,0.0,0.0,3.91,3.91,0.0,0.0,0.0
2/2/2026,2021.0,20220404.0,20828.0,39341.0,"CHALMETTE LOUISIANA LIQUIDS, LLC",HVL,INTRASTATE,LOUISIANA,,,,,,,,,,,,,,,,,,,,,,,,,,,,,,,,,,,,,,,,,,,,,,,,,,,,,,,,,,,,,,,,
2/2/2026,2021.0,20220263.0,19254.0,39347.0,"ILLINOIS EXTENSION PIPELINE COMPANY, L.L.C.",Crude Oil,INTERSTATE,,168.18,168.18,0.0,0.0,,336.36,0.0,0.0,0.0,,0.0,0.0,0.0,0.0,0.0,0.0,0.0,0.0,0.0,,0.0,0.0,0.0,0.0,0.0,0.0,0.0,,0.0,0.0,0.0,0.0,0.0,0.0,0.0,0.0,0.0,,0.0,0.0,0.0,,0.0,0.0,0.0,0.0,0.0,0.0,0.0,0.0,336.36,,0.0,0.0,0.0,0.0,0.0,0.0,0.0,62.76,62.76,0.0,105.42,105.42
2/2/2026,2021.0,20220699.0,19716.0,39348.0,"NUSTAR PERMIAN TRANSPORTATION AND STORAGE, LLC",Crude Oil,INTRASTATE,TEXAS,105.5,105.5,0.0,0.0,,211.0,0.0,16.0,16.0,,16.0,0.0,16.0,0.0,0.0,0.0,0.0,0.0,0.0,,0.0,0.0,0.0,0.0,0.0,0.0,0.0,,0.0,0.0,0.0,0.0,0.0,0.0,0.0,0.0,0.0,,0.0,0.0,0.0,,0.0,0.0,0.0,0.0,0.0,0.0,0.0,0.0,211.0,,16.0,0.0,0.0,0.0,0.0,0.0,0.0,10.8,10.8,4.0,90.7,94.7
2/2/2026,2021.0,20220183.0,19164.0,39352.0,"GENESIS OFFSHORE HOLDINGS, LLC",Crude Oil,INTERSTATE,,0.0,0.0,0.0,0.0,,0.0,261.0,0.0,261.0,,0.0,0.0,0.0,0.0,0.0,0.0,261.0,261.0,0.0,,0.0,0.0,0.0,0.0,0.0,0.0,0.0,,0.0,0.0,0.0,0.0,0.0,0.0,0.0,0.0,0.0,,0.0,0.0,0.0,,0.0,0.0,0.0,0.0,0.0,0.0,0.0,0.0,0.0,,0.0,261.0,0.0,0.0,0.0,0.0,0.0,0.0,0.0,0.0,0.0,0.0
2/2/2026,2021.0,20220347.0,19341.0,39368.0,CRESTWOOD MIDSTREAM PARTNERS LP,Crude Oil,INTRASTATE,NORTH DAKOTA,20.15,20.15,0.0,0.0,,40.3,0.0,12.0,12.0,,0.0,0.0,0.0,0.0,0.0,0.0,0.0,0.0,0.0,,0.0,0.0,0.0,0.0,0.0,0.0,0.0,,0.0,0.0,0.0,0.0,0.0,0.0,0.0,0.0,0.0,,0.0,0.0,0.0,,0.0,0.0,0.0,0.0,0.0,0.0,0.0,0.0,40.3,,0.0,0.0,0.0,0.0,0.0,0.0,0.0,0.0,0.0,0.0,0.0,0.0
2/2/2026,2021.0,20220346.0,19340.0,39368.0,CRESTWOOD MIDSTREAM PARTNERS LP,HVL,INTERSTATE,,0.0,0.0,0.0,0.0,,0.0,0.0,0.0,0.0,,0.0,0.0,0.0,0.0,0.0,0.0,0.0,0.0,0.0,,0.0,0.0,0.0,0.0,0.0,0.0,0.0,,0.0,0.0,0.0,0.0,0.0,0.0,0.0,0.0,0.0,,0.0,0.0,0.0,,0.0,0.0,0.0,0.0,0.0,0.0,0.0,0.0,0.0,,0.0,0.0,0.0,0.0,0.0,0.0,0.0,0.0,0.0,0.0,0.0,0.0
2/2/2026,2021.0,20220316.0,19309.0,39369.0,ELLSJET TERMINAL,Refined and/or Petroleum Product (non-HVL),INTRASTATE,SOUTH DAKOTA,6.51,6.51,,,,13.02,2.0,,2.0,,,,,,,,,,0.0,,0.0,0.0,0.0,,,,,,,,,,,,,,,,,,,,,,,,,,,,13.02,,0.0,0.0,,,,,6.51,,6.51,,,
2/2/2026,2021.0,20220438.0,19435.0,39376.0,"BLUE CUBE OPERATIONS, LLC.",HVL,INTRASTATE,TEXAS,1.46,0.0,,,,1.46,13.0,,13.0,,,,,,,,13.0,13.0,1.46,,0.0,0.0,0.0,0.0,,,,,,,,,,,,,,,,,,,,,,,,,,,2.92,,0.0,13.0,,,,,,1.46,1.46,,,
2/2/2026,2021.0,20220180.0,19161.0,39389.0,"GEL TEXAS PIPELINE, LLC",Crude Oil,INTERSTATE,,3.607,3.607,0.0,,,7.214,0.0,0.0,0.0,,0.0,0.0,0.0,0.0,0.0,0.0,0.0,0.0,0.0,,0.0,0.0,0.0,0.0,0.0,0.0,0.0,,0.0,0.0,0.0,0.0,0.0,0.0,0.0,0.0,0.0,,0.0,0.0,0.0,,0.0,0.0,0.0,0.0,0.0,0.0,0.0,0.0,7.214,,0.0,0.0,0.0,0.0,0.0,0.0,0.0,3.604,3.604,0.0,0.003,0.003
2/2/2026,2021.0,20220113.0,19086.0,39398.0,INEOS USA LLC,HVL,INTRASTATE,TEXAS,98.01,98.01,,,,196.02,,8.0,8.0,,,,,,,,,,,,,,,,,,,,,,,,,,,,,,,,,,,,,,,,,,196.02,,,,,,,,,88.86,88.86,,9.15,9.15
2/2/2026,2021.0,20220112.0,19084.0,39398.0,INEOS USA LLC,Refined and/or Petroleum Product (non-HVL),INTRASTATE,TEXAS,,,,,,,,,,,,,,,,,,,,,,,,,,,,,,,,,,,,,,,,,,,,,,,,,,,,,,,,,,,,,,,,
2/2/2026,2021.0,20220591.0,20910.0,39401.0,GREAT SALT PLAINS PIPELINE LLC,Crude Oil,INTRASTATE,OKLAHOMA,,,,,,,,,,,,,,,,,,,,,,,,,,,,,,,,,,,,,,,,,,,,,,,,,,,,,,,,,,,,,,,,
2/2/2026,2021.0,20220540.0,19616.0,39409.0,"CHALMETTE REFINING, L.L.C.",Crude Oil,INTRASTATE,LOUISIANA,0.0,0.0,0.0,0.0,,0.0,0.0,0.0,0.0,,0.0,0.0,0.0,0.0,0.0,0.0,0.0,0.0,0.0,,0.0,0.0,0.0,0.0,0.0,0.0,0.0,,0.0,0.0,0.0,0.0,0.0,0.0,0.0,0.0,0.0,,0.0,0.0,0.0,,0.0,0.0,0.0,0.0,0.0,0.0,0.0,0.0,0.0,,0.0,0.0,0.0,0.0,0.0,0.0,0.0,0.0,0.0,0.0,0.0,0.0
2/2/2026,2021.0,20220541.0,19543.0,39409.0,"CHALMETTE REFINING, L.L.C.",Refined and/or Petroleum Product (non-HVL),INTRASTATE,LOUISIANA,1.69,1.69,,,,3.38,0.0,0.0,0.0,,0.0,0.0,0.0,0.0,0.0,0.0,0.0,0.0,0.0,,0.0,0.0,0.0,0.0,0.0,0.0,0.0,,0.0,0.0,0.0,0.0,0.0,0.0,0.0,0.0,0.0,,0.0,0.0,0.0,,0.0,0.0,0.0,0.0,0.0,0.0,0.0,0.0,3.38,,0.0,0.0,0.0,0.0,0.0,0.0,0.0,1.69,1.69,0.0,0.0,0.0
2/2/2026,2021.0,20220152.0,19770.0,39433.0,"MAGELLAN OPERATING COMPANY, LLC",Crude Oil,INTRASTATE,TEXAS,,,,,,,,,,,,,,,,,,,,,,,,,,,,,,,,,,,,,,,,,,,,,,,,,,,,,,,,,,,,,,,,
2/2/2026,2021.0,20220151.0,19129.0,39433.0,"MAGELLAN OPERATING COMPANY, LLC",Refined and/or Petroleum Product (non-HVL),INTRASTATE,TEXAS,,,,,,,,,,,,,,,,,,,,,,,,,,,,,,,,,,,,,,,,,,,,,,,,,,,,,,,,,,,,,,,,
2/2/2026,2021.0,20220229.0,19220.0,39440.0,DOUBLE H,Crude Oil,INTERSTATE,,0.0,0.0,0.0,0.0,,0.0,0.0,2.0,2.0,,2.0,0.0,2.0,0.0,0.0,0.0,0.0,0.0,0.0,,0.0,0.0,0.0,0.0,0.0,0.0,0.0,,0.0,0.0,0.0,0.0,0.0,0.0,0.0,0.0,0.0,,0.0,0.0,0.0,,0.0,0.0,0.0,0.0,0.0,0.0,0.0,0.0,0.0,,2.0,0.0,0.0,0.0,0.0,0.0,0.0,0.0,0.0,0.0,0.0,0.0
2/2/2026,2021.0,20220582.0,19585.0,39467.0,"KURARAY AMERICA, INC.",HVL,INTRASTATE,TEXAS,,,,,,,,,,,,,,,,,,,,,,,,,,,,,,,,,,,,,,,,,,,,,,,,,,,,,,,,,,,,,,,,
2/2/2026,2021.0,20220016.0,18961.0,39474.0,"ENBRIDGE INGLESIDE, LLC",Crude Oil,INTRASTATE,TEXAS,0.0,0.0,0.0,0.0,,0.0,0.0,0.0,0.0,,0.0,0.0,0.0,0.0,0.0,0.0,0.0,0.0,0.0,,0.0,0.0,0.0,0.0,0.0,0.0,0.0,,0.0,0.0,0.0,0.0,0.0,0.0,0.0,0.0,0.0,,0.0,0.0,0.0,,0.0,0.0,0.0,0.0,0.0,0.0,0.0,0.0,0.0,,0.0,0.0,,,,0.0,,,,,,
2/2/2026,2021.0,20220017.0,18962.0,39474.0,"ENBRIDGE INGLESIDE, LLC",HVL,INTRASTATE,TEXAS,,,,,,,,,,,,,,,,,,,,,,,,,,,,,,,,,,,,,,,,,,,,,,,,,,,,,,,,,,,,,,,,
2/2/2026,2021.0,20220249.0,19240.0,39477.0,"KEYERA ENERGY, INC.",HVL,INTRASTATE,TEXAS,,,,,,,11.0,,11.0,,,,,,,6.0,3.0,9.0,,,,,,,,,,,,,,,,,,,,,,,,,,,,,,,,,,,,9.0,,,,,,,,,,
2/2/2026,2021.0,20220232.0,19223.0,39498.0,COX OPERATING LLC,Crude Oil,INTERSTATE,,0.0,0.0,0.0,0.0,,0.0,0.0,0.0,0.0,,0.0,0.0,0.0,0.0,0.0,0.0,0.0,0.0,0.0,,0.0,0.0,0.0,0.0,0.0,0.0,0.0,,0.0,0.0,0.0,0.0,0.0,0.0,0.0,0.0,0.0,,0.0,0.0,0.0,,0.0,0.0,0.0,0.0,0.0,0.0,0.0,0.0,0.0,,0.0,0.0,0.0,0.0,0.0,0.0,0.0,0.0,0.0,0.0,0.0,0.0
2/2/2026,2021.0,20220149.0,19127.0,39504.0,"MAGELLAN CRUDE OIL PIPELINE COMPANY, L.P.",Crude Oil,INTERSTATE,,2.0,77.53,0.0,0.0,,79.53,35.0,249.0,284.0,,249.0,0.0,249.0,0.0,2.0,0.0,33.0,35.0,2.0,,0.0,0.0,0.0,,,,,,,,,,,,,,,,,,,,,,,,,,,,81.53,,249.0,35.0,0.0,0.0,0.0,0.0,0.0,31.69,31.69,2.0,45.84,47.84
2/2/2026,2021.0,20220149.0,19127.0,39504.0,"MAGELLAN CRUDE OIL PIPELINE COMPANY, L.P.",Crude Oil,INTRASTATE,TEXAS,0.45,0.45,0.0,0.0,,0.9,,,,,,,,,,,,,27.7,,0.0,0.0,0.0,,,,,,,,,,,,,,,,,,,,,,,,,,,,28.6,,0.0,0.0,,,,,0.0,0.89,0.89,0.0,27.26,27.26
2/2/2026,2021.0,20220108.0,19079.0,39506.0,PEAK MIDSTREAM GOLDSBORO LLC,Refined and/or Petroleum Product (non-HVL),INTRASTATE,NORTH CAROLINA,,,,,,,5.0,3.0,8.0,,1.0,0.0,1.0,0.0,0.0,0.0,0.0,0.0,0.0,,0.0,0.0,0.0,0.0,0.0,0.0,,,0.0,0.0,,,0.0,0.0,0.0,0.0,,,,,,,,,,,,,,,0.0,,1.0,0.0,,,,,,,,,,
2/2/2026,2021.0,20220171.0,19183.0,39518.0,KINDER MORGAN UTOPIA LLC,HVL,INTERSTATE,,0.0,0.0,0.0,0.0,,0.0,4.0,0.0,4.0,,0.0,0.0,0.0,0.0,0.0,0.0,4.0,4.0,0.0,,0.0,0.0,0.0,0.0,0.0,0.0,0.0,,0.0,0.0,0.0,0.0,0.0,0.0,0.0,0.0,0.0,,0.0,0.0,0.0,,0.0,0.0,0.0,0.0,0.0,0.0,0.0,0.0,0.0,,0.0,4.0,1.0,0.0,0.0,0.0,0.0,0.0,0.0,0.0,0.0,0.0
2/2/2026,2021.0,20220542.0,19544.0,39532.0,TORRANCE BASIN PIPELINE COMPANY LLC,Crude Oil,INTRASTATE,CALIFORNIA,0.0,0.0,0.0,0.0,,0.0,1.0,0.0,1.0,,0.0,0.0,0.0,0.0,0.0,1.0,0.0,1.0,0.0,,0.0,0.0,0.0,0.0,0.0,0.0,0.0,,0.0,0.0,0.0,0.0,0.0,0.0,0.0,0.0,0.0,,0.0,0.0,0.0,,0.0,0.0,0.0,0.0,0.0,0.0,0.0,0.0,0.0,,0.0,1.0,0.0,0.0,0.0,0.0,0.0,0.0,0.0,0.0,0.0,0.0
2/2/2026,2021.0,20220543.0,19545.0,39532.0,TORRANCE BASIN PIPELINE COMPANY LLC,Refined and/or Petroleum Product (non-HVL),INTRASTATE,CALIFORNIA,8.28,8.28,0.0,0.0,,16.56,4.0,0.0,4.0,,0.0,0.0,0.0,0.0,0.0,3.0,0.0,3.0,0.0,,0.0,0.0,0.0,0.0,0.0,0.0,0.0,,0.0,0.0,0.0,0.0,0.0,0.0,0.0,0.0,0.0,,0.0,0.0,0.0,,0.0,0.0,0.0,0.0,0.0,0.0,0.0,0.0,16.56,,0.0,3.0,0.0,0.0,0.0,0.0,0.0,8.28,8.28,0.0,0.0,0.0
2/2/2026,2021.0,20220544.0,19546.0,39533.0,TORRANCE LOGISTICS COMPANY LLC,Crude Oil,INTRASTATE,CALIFORNIA,0.84,0.84,0.0,0.0,,1.68,0.0,0.0,0.0,,0.0,0.0,0.0,0.0,0.0,0.0,0.0,0.0,0.0,,0.0,0.0,0.0,0.0,0.0,0.0,0.0,,0.0,0.0,0.0,0.0,0.0,0.0,0.0,0.0,0.0,,0.0,0.0,0.0,,0.0,0.0,0.0,0.0,0.0,0.0,0.0,0.0,1.68,,0.0,0.0,0.0,0.0,0.0,0.0,0.0,0.839,0.839,0.0,0.0,0.0
2/2/2026,2021.0,20220546.0,19548.0,39534.0,TORRANCE VALLEY PIPELINE COMPANY LLC,Crude Oil,INTRASTATE,CALIFORNIA,6.6,6.6,0.0,0.0,,13.2,5.0,0.0,5.0,,0.0,0.0,0.0,0.0,0.0,0.0,0.0,0.0,0.0,,0.0,0.0,0.0,0.0,0.0,0.0,0.0,,0.0,0.0,0.0,0.0,0.0,0.0,0.0,0.0,0.0,,0.0,0.0,0.0,,0.0,0.0,0.0,0.0,0.0,0.0,0.0,0.0,13.2,,0.0,0.0,0.0,0.0,0.0,0.0,0.0,6.6,6.6,0.0,0.0,0.0
2/2/2026,2021.0,20220548.0,19550.0,39535.0,TORRANCE PIPELINE COMPANY LLC,Crude Oil,INTRASTATE,CALIFORNIA,10.69,10.69,0.0,0.0,,21.38,0.0,0.0,0.0,,0.0,0.0,0.0,0.0,0.0,0.0,0.0,0.0,0.0,,0.0,0.0,0.0,0.0,0.0,0.0,0.0,,0.0,0.0,0.0,0.0,0.0,0.0,0.0,0.0,0.0,,0.0,0.0,0.0,,0.0,0.0,0.0,0.0,0.0,0.0,0.0,0.0,21.38,,0.0,0.0,0.0,0.0,0.0,0.0,0.0,10.69,10.69,0.0,0.0,0.0
2/2/2026,2021.0,20220547.0,19645.0,39535.0,TORRANCE PIPELINE COMPANY LLC,Refined and/or Petroleum Product (non-HVL),INTRASTATE,CALIFORNIA,0.0,0.0,0.0,0.0,,0.0,17.0,0.0,17.0,,0.0,0.0,0.0,0.0,0.0,13.0,0.0,13.0,0.0,,0.0,0.0,0.0,0.0,0.0,0.0,0.0,,0.0,0.0,0.0,0.0,0.0,0.0,0.0,0.0,0.0,,0.0,0.0,0.0,,0.0,0.0,0.0,0.0,0.0,0.0,0.0,0.0,0.0,,0.0,13.0,0.0,0.0,0.0,0.0,0.0,0.0,0.0,0.0,0.0,0.0
2/2/2026,2021.0,20220674.0,19785.0,39540.0,"ARB MIDSTREAM, LLC",Crude Oil,INTRASTATE,COLORADO,25.71,25.71,0.0,0.0,,51.42,2.0,0.0,2.0,,0.0,0.0,0.0,1.0,1.0,0.0,0.0,2.0,6.84,,0.0,0.0,0.0,0.0,0.0,0.0,0.0,,0.0,0.0,0.0,0.0,0.0,0.0,0.0,0.0,0.0,,0.0,0.0,0.0,,0.0,0.0,0.0,0.0,0.0,0.0,0.0,0.0,58.26,,0.0,2.0,0.0,0.0,0.0,0.0,5.87,16.7,22.57,0.87,9.12,9.99
2/2/2026,2021.0,20220503.0,19501.0,39551.0,"STAKEHOLDER MIDSTREAM CRUDE OIL PIPELINE, LLC",Crude Oil,INTRASTATE,TEXAS,,,,,,,,,,,,,,,,,,,,,,,,,,,,,,,,,,,,,,,,,,,,,,,,,,,,,,,,,,,,,,,,
2/2/2026,2021.0,20220380.0,19376.0,39556.0,ISLAND ENERGY SERVICES,Refined and/or Petroleum Product (non-HVL),INTRASTATE,HAWAII,0.0,0.0,0.0,0.0,,0.0,7.0,0.0,7.0,,0.0,0.0,0.0,0.0,0.0,0.0,6.0,6.0,0.0,,0.0,0.0,0.0,0.0,0.0,0.0,0.0,,0.0,0.0,0.0,0.0,0.0,0.0,0.0,0.0,0.0,,0.0,0.0,0.0,,0.0,0.0,0.0,0.0,0.0,0.0,0.0,0.0,0.0,,0.0,6.0,1.0,0.0,0.0,0.0,0.0,0.0,0.0,0.0,0.0,0.0
2/2/2026,2021.0,20220499.0,19497.0,39566.0,LUCID ENERGY DELAWARE LLC,HVL,INTRASTATE,NEW MEXICO,0.0,0.0,0.0,0.0,,0.0,,0.0,0.0,,0.0,0.0,0.0,,,,,,0.0,,0.0,,,0.0,0.0,,0.0,,0.0,0.0,0.0,,,,,,0.0,,,0.0,0.0,,0.0,0.0,0.0,,,,,,0.0,,0.0,,,,0.0,0.0,,,,0.0,0.0,0.0
2/2/2026,2021.0,20220052.0,19813.0,39581.0,CALIBER BEAR DEN INTERCONNECT LLC,Crude Oil,INTRASTATE,NORTH DAKOTA,,,,,,,,,,,,,,,,,,,,,,,,,,,,,,,,,,,,,,,,,,,,,,,,,,,,,,,,,,,,,,,,
2/2/2026,2021.0,20220064.0,19023.0,39587.0,"SAVAGE BAKKEN CONNECTOR, INC",Crude Oil,INTERSTATE,,0.0,0.0,0.0,0.0,,0.0,0.0,0.0,0.0,,0.0,0.0,0.0,0.0,0.0,0.0,0.0,0.0,0.0,,0.0,0.0,0.0,0.0,0.0,0.0,0.0,,0.0,0.0,0.0,0.0,0.0,0.0,0.0,0.0,0.0,,0.0,0.0,0.0,,0.0,0.0,0.0,0.0,0.0,0.0,0.0,0.0,0.0,,0.0,0.0,0.0,0.0,0.0,0.0,0.0,0.0,0.0,0.0,0.0,0.0
2/2/2026,2021.0,20220236.0,19227.0,39589.0,"STATELINE CRUDE, LLC",Crude Oil,INTERSTATE,,,,,,,,,,,,,,,,,,,,,,,,,,,,,,,,,,,,,,,,,,,,,,,,,,,,,,,,,,,,,,,,,
2/2/2026,2021.0,20220566.0,19568.0,39596.0,PERMIAN EXPRESS PARTNERS LLC,Crude Oil,INTERSTATE,,331.7,358.8,226.1,0.0,,916.6,62.0,10.0,72.0,,7.0,0.0,7.0,0.0,0.0,30.0,0.0,30.0,0.2,,0.0,0.0,0.0,0.0,0.0,0.0,0.0,,0.0,0.0,0.0,0.0,0.0,0.0,0.0,0.0,0.0,,0.0,0.0,0.0,,0.0,0.0,0.0,0.0,0.0,0.0,0.0,0.0,916.8,,7.0,30.0,0.0,0.0,0.0,0.0,0.0,514.4,514.4,0.0,401.3,401.3
2/2/2026,2021.0,20220038.0,18994.0,39606.0,CR PERMIAN CRUDE LLC,Crude Oil,INTRASTATE,TEXAS,,,,,,,,,,,,,,,,,,,,,,,,,,,,,,,,,,,,,,,,,,,,,,,,,,,,,,,,,,,,,,,,
2/2/2026,2021.0,20220309.0,19301.0,39617.0,EQUILON ENTERPRISES LLC DBA SHELL OIL PRODUCTS US - CONVENT REFINERY,HVL,INTRASTATE,LOUISIANA,0.0,0.0,0.0,0.0,,0.0,,,,,,,,,,,,,,,,,,,,,,,,,,,,,,,,,,,,,,,,,,,,,0.0,,,,,,,,,,,,,
2/2/2026,2021.0,20220033.0,18989.0,39636.0,"CARBON CALIFORNIA OPERATING COMPANY, LLC",Crude Oil,INTRASTATE,CALIFORNIA,0.0,0.0,0.0,0.0,,0.0,0.0,0.0,0.0,,0.0,0.0,0.0,0.0,0.0,0.0,0.0,0.0,0.0,,0.0,0.0,0.0,0.0,0.0,0.0,0.0,,0.0,0.0,0.0,0.0,0.0,0.0,0.0,0.0,0.0,,0.0,0.0,0.0,,0.0,0.0,0.0,0.0,0.0,0.0,0.0,0.0,0.0,,0.0,0.0,0.0,0.0,0.0,0.0,0.0,0.0,0.0,0.0,0.0,0.0
2/2/2026,2021.0,20220297.0,19974.0,39647.0,VALERO TEXAS CITY REFINERY,Refined and/or Petroleum Product (non-HVL),INTRASTATE,TEXAS,3.36,3.36,,,,6.72,,,,,,,,,,,,,,,,,,,,,,,,,,,,,,,,,,,,,,,,,,,,,6.72,,,,,,,,,3.36,3.36,,,
2/2/2026,2021.0,20220614.0,19623.0,39648.0,VALERO HOUSTON REFINERY,Crude Oil,INTRASTATE,TEXAS,0.0,0.0,0.0,0.0,,0.0,0.0,0.0,0.0,,0.0,0.0,0.0,0.0,0.0,0.0,0.0,0.0,0.0,,0.0,0.0,0.0,0.0,0.0,0.0,0.0,,0.0,0.0,0.0,0.0,0.0,0.0,0.0,0.0,0.0,,0.0,0.0,0.0,,0.0,0.0,0.0,0.0,0.0,0.0,0.0,0.0,0.0,,0.0,0.0,0.0,0.0,0.0,0.0,0.0,0.0,0.0,0.0,0.0,0.0
2/2/2026,2021.0,20220618.0,19627.0,39648.0,VALERO HOUSTON REFINERY,HVL,INTRASTATE,TEXAS,,,,,,,,,,,,,,,,,,,1.16,,0.0,0.0,0.0,,,,,,,,,,,,,,,,,,,,,,,,,,,,1.16,,0.0,0.0,0.0,0.0,0.0,0.0,,1.16,1.16,,,
2/2/2026,2021.0,20220616.0,19625.0,39648.0,VALERO HOUSTON REFINERY,Refined and/or Petroleum Product (non-HVL),INTRASTATE,TEXAS,8.78,8.78,,,,17.56,,,,,,,,,,,,,0.0,,,,,0.0,,,,,,,,,,,,,0.0,,,,,,,,,,,,,,17.56,,,,,,,,,8.78,8.78,,,
2/2/2026,2021.0,20220318.0,20628.0,39649.0,"IRONWOOD MIDSTREAM ENERGY PARTNERS, LLC",Crude Oil,INTRASTATE,TEXAS,31.22,,,,,31.22,0.0,0.0,0.0,,0.0,0.0,0.0,0.0,0.0,0.0,0.0,0.0,,,,,,,,,,,,,,,,,,,,,,,,,,,,,,,,,31.22,,0.0,0.0,,,,,0.0,,0.0,0.0,,0.0
2/2/2026,2021.0,20220486.0,19783.0,39654.0,ORYX DELAWARE OIL TRANSPORT LLC,Crude Oil,INTERSTATE,,3.35,3.35,0.0,0.0,,6.7,0.0,0.0,0.0,,0.0,0.0,0.0,0.0,0.0,0.0,0.0,0.0,17.0,,0.0,0.0,0.0,0.0,0.0,0.0,0.0,,0.0,0.0,0.0,0.0,0.0,0.0,0.0,0.0,0.0,,0.0,0.0,0.0,,0.0,0.0,0.0,0.0,0.0,0.0,0.0,0.0,23.7,,0.0,0.0,0.0,0.0,0.0,0.0,17.0,3.35,20.35,0.0,0.0,0.0
2/2/2026,2021.0,20220486.0,19783.0,39654.0,ORYX DELAWARE OIL TRANSPORT LLC,Crude Oil,INTRASTATE,NEW MEXICO,0.0,0.0,0.0,0.0,,0.0,0.0,0.0,0.0,,0.0,0.0,0.0,0.0,0.0,0.0,0.0,0.0,0.0,,0.0,0.0,0.0,0.0,0.0,0.0,0.0,,0.0,0.0,0.0,0.0,0.0,0.0,0.0,0.0,0.0,,0.0,0.0,0.0,,0.0,0.0,0.0,0.0,0.0,0.0,0.0,0.0,0.0,,0.0,0.0,0.0,0.0,0.0,0.0,0.0,0.0,0.0,0.0,0.0,0.0
2/2/2026,2021.0,20220025.0,18980.0,39675.0,"SCT PIPELINE, LLC",Crude Oil,INTRASTATE,OKLAHOMA,0.0,0.0,0.0,0.0,,0.0,0.0,0.0,0.0,,0.0,0.0,0.0,0.0,0.0,0.0,0.0,0.0,0.0,,0.0,0.0,0.0,0.0,0.0,0.0,0.0,,0.0,0.0,0.0,0.0,0.0,0.0,0.0,0.0,0.0,,0.0,0.0,0.0,,0.0,0.0,0.0,0.0,0.0,0.0,0.0,0.0,0.0,,0.0,0.0,0.0,0.0,0.0,0.0,0.0,0.0,0.0,0.0,0.0,0.0
2/2/2026,2021.0,20220433.0,19430.0,39684.0,ROCKY MOUNTAIN MIDSTREAM PIPELINE LLC,Crude Oil,INTRASTATE,COLORADO,0.0,0.0,0.0,0.0,,0.0,0.0,0.0,0.0,,0.0,0.0,0.0,0.0,0.0,0.0,0.0,0.0,0.0,,0.0,0.0,0.0,0.0,0.0,0.0,0.0,,0.0,0.0,0.0,0.0,0.0,0.0,0.0,0.0,0.0,,0.0,0.0,0.0,,0.0,0.0,0.0,0.0,0.0,0.0,0.0,0.0,0.0,,0.0,0.0,0.0,0.0,0.0,0.0,0.0,0.0,0.0,0.0,0.0,0.0
2/2/2026,2021.0,20220435.0,19432.0,39684.0,ROCKY MOUNTAIN MIDSTREAM PIPELINE LLC,HVL,INTRASTATE,COLORADO,0.0,0.0,0.0,0.0,,0.0,0.0,0.0,0.0,,0.0,0.0,0.0,0.0,0.0,0.0,0.0,0.0,0.0,,0.0,0.0,0.0,0.0,0.0,0.0,0.0,,0.0,0.0,0.0,0.0,0.0,0.0,0.0,0.0,0.0,,0.0,0.0,0.0,,0.0,0.0,0.0,0.0,0.0,0.0,0.0,0.0,0.0,,0.0,0.0,0.0,0.0,0.0,0.0,0.0,0.0,0.0,0.0,0.0,0.0
2/2/2026,2021.0,20220012.0,19860.0,39694.0,"BRIDGE ENERGY, LLC",Crude Oil,INTRASTATE,CALIFORNIA,,,,,,,,,,,,,,,,,,,0.6,,0.0,0.0,0.0,,,,,,,,,,,,,,,,,,,,,,,,,,,,0.6,,0.0,0.0,,,,,0.0,0.6,0.6,,,
2/2/2026,2021.0,20220612.0,19833.0,39713.0,CANTIUM. LLC,Crude Oil,INTERSTATE,,,,,,,,,,,,,,,,,,,,8.23,,,,,16.95,,,,,,,,,,,,,0.0,,,,,,,,,,,,,,25.18,,,,,,,,16.95,,16.95,,,
2/2/2026,2021.0,20220555.0,19557.0,39731.0,VANTAGE PIPELINE US LP,HVL,INTERSTATE,,104.99,104.99,0.0,0.0,,209.98,0.0,1.0,1.0,,1.0,0.0,1.0,0.0,0.0,0.0,0.0,0.0,0.0,,0.0,0.0,0.0,0.0,0.0,0.0,0.0,,0.0,0.0,0.0,0.0,0.0,0.0,0.0,0.0,0.0,,0.0,0.0,0.0,,0.0,0.0,0.0,0.0,0.0,0.0,0.0,0.0,209.98,,1.0,0.0,0.0,0.0,0.0,0.0,0.0,0.0,0.0,0.0,0.0,0.0
2/2/2026,2021.0,20220358.0,19352.0,39739.0,OCELOT ENERGY MANAGEMENT LLC,Refined and/or Petroleum Product (non-HVL),INTRASTATE,TEXAS,,,,,,,,,,,,,,,,,,,,,,,,,,,,,,,,,,,,,,,,,,,,,,,,,,,,,,,,,,,,,,,,
2/2/2026,2021.0,20220059.0,19018.0,39752.0,"STAKEHOLDER GAS UTILITY, LLC",HVL,INTRASTATE,TEXAS,,,,,,,,,,,,,,,,,,,,,,,,,,,,,,,,,,,,,,,,,,,,,,,,,,,,,,,,,,,,,,,,
2/2/2026,2021.0,20220124.0,19099.0,39760.0,"THE DOW CHEMICAL COMPANY, SDO",HVL,INTRASTATE,TEXAS,1.74,,,,,1.74,9.0,,9.0,,,,,,,,,,2.62,,,,,0.01,,,,,,,,,,,,,0.0,,0.0,0.0,0.0,,0.0,0.0,0.0,0.0,0.0,0.0,0.0,0.0,4.37,,0.0,0.0,0.0,0.0,0.0,0.0,0.78,1.85,2.63,0.0,0.0,0.0
2/2/2026,2021.0,20220125.0,19100.0,39760.0,"THE DOW CHEMICAL COMPANY, SDO",Refined and/or Petroleum Product (non-HVL),INTRASTATE,TEXAS,0.0,0.0,0.0,0.0,,0.0,0.0,0.0,0.0,,0.0,0.0,0.0,0.0,0.0,0.0,0.0,0.0,0.0,,0.0,0.0,0.0,0.0,0.0,0.0,0.0,,0.0,0.0,0.0,0.0,0.0,0.0,0.0,0.0,0.0,,0.0,0.0,0.0,,0.0,0.0,0.0,0.0,0.0,0.0,0.0,0.0,0.0,,0.0,0.0,,,,,0.0,0.0,0.0,0.0,0.0,0.0
2/2/2026,2021.0,20220678.0,19767.0,39785.0,"EPIC CONSOLIDATED OPERATIONS, LLC",Crude Oil,INTRASTATE,TEXAS,207.09,207.09,,,,414.18,1.0,34.0,35.0,,34.0,0.0,34.0,0.0,0.0,0.0,1.0,1.0,0.0,,0.0,0.0,0.0,0.0,,,,,,,,,,,,,,,,,,,,,,,,,,,414.18,,34.0,1.0,,,,,0.0,42.05,42.05,0.0,165.04,165.04
2/2/2026,2021.0,20220681.0,19769.0,39785.0,"EPIC CONSOLIDATED OPERATIONS, LLC",HVL,INTERSTATE,,,,,,,,,,,,,,,,,,,,,,,,,,,,,,,,,,,,,,,,,,,,,,,,,,,,,,,,,,,,,,,,,
2/2/2026,2021.0,20220681.0,19769.0,39785.0,"EPIC CONSOLIDATED OPERATIONS, LLC",HVL,INTRASTATE,TEXAS,128.83,128.83,0.0,0.0,,257.66,0.0,1.0,1.0,,1.0,0.0,1.0,0.0,0.0,0.0,0.0,0.0,157.5,,0.0,0.0,0.0,0.0,0.0,0.0,,,0.0,0.0,,0.0,,,,0.0,0.0,,0.0,0.0,0.0,,0.0,0.0,0.0,0.0,0.0,0.0,0.0,0.0,415.16,,1.0,0.0,0.0,0.0,0.0,0.0,25.89,28.08,53.97,131.61,100.75,232.36
2/2/2026,2021.0,20220679.0,19768.0,39785.0,"EPIC CONSOLIDATED OPERATIONS, LLC",Refined and/or Petroleum Product (non-HVL),INTRASTATE,TEXAS,0.0,0.0,0.0,0.0,,0.0,0.0,0.0,0.0,,0.0,0.0,0.0,0.0,0.0,0.0,0.0,0.0,0.0,,0.0,0.0,0.0,0.0,0.0,0.0,0.0,,0.0,0.0,0.0,0.0,0.0,0.0,0.0,0.0,0.0,,0.0,0.0,0.0,,0.0,0.0,0.0,0.0,0.0,0.0,0.0,0.0,0.0,,0.0,0.0,,,,,0.0,0.0,0.0,0.0,0.0,0.0
2/2/2026,2021.0,20220732.0,19805.0,39805.0,"THOMPSON WEBSTER PIPELINE, INC.",Crude Oil,INTERSTATE,,,,,,Idle Line,,,,,,,,,,,,,,0.0,,0.0,0.0,0.0,0.0,0.0,0.0,0.0,,0.0,0.0,0.0,,,,,,41.9,Idle,,,,,,,,,,,,,41.9,,0.0,0.0,,,,,,,,,,
2/2/2026,2021.0,20220732.0,19805.0,39805.0,"THOMPSON WEBSTER PIPELINE, INC.",Crude Oil,INTRASTATE,TEXAS,,,,,,,,,,,,,,,,,,,,,,,,,,,,,,,,,,,,,,,,,,,,,,,,,,,,,,,,,,,,,,,,
2/2/2026,2021.0,20220416.0,20759.0,39806.0,"EVX MIDSTREAM PARTNERS, LLC",Crude Oil,INTRASTATE,TEXAS,,,,,,,,,,,,,,,,,,,,,,,,,,,,,,,,,,,,,,,,,,,,,,,,,,,,,,,,,,,,,,,,
2/2/2026,2021.0,20220355.0,19779.0,39810.0,DIAMONDBACK E&P LLC,Crude Oil,INTRASTATE,TEXAS,,,,,,,,,,,,,,,,,,,,,,,,,,,,,,,,,,,,,,,,,,,,,,,,,,,,,,,,,,,,,,,,
2/2/2026,2021.0,20220208.0,19191.0,39815.0,"GT PIPELINE, LLC",Refined and/or Petroleum Product (non-HVL),INTRASTATE,TEXAS,,,,,,,,,,,,,,,,,,,,,,,,,,,,,,,,,,,,,,,,,,,,,,,,,,,,,,,,,,,,,,,,
2/2/2026,2021.0,20220692.0,19707.0,39817.0,TN AVENUE LLC,Crude Oil,INTRASTATE,CALIFORNIA,0.0,0.0,0.0,0.0,,0.0,0.0,0.0,0.0,,0.0,0.0,0.0,0.0,0.0,0.0,0.0,0.0,2.699,,0.0,0.0,0.0,0.0,0.0,0.0,0.0,,0.0,0.0,0.0,0.0,0.0,0.0,0.0,0.0,0.0,,0.0,0.0,0.0,,0.0,0.0,0.0,0.0,0.0,0.0,0.0,0.0,2.699,,0.0,0.0,0.0,0.0,0.0,0.0,0.0,0.0,0.0,0.0,0.0,0.0
2/2/2026,2021.0,20220206.0,19189.0,39820.0,"MAVERICK TERMINALS CORPUS, LLC",Refined and/or Petroleum Product (non-HVL),INTRASTATE,TEXAS,,,,,,,,,,,,,,,,,,,1.53,,0.0,0.0,0.0,,,,,,,,,,,,,,,,,,,,,,,,,,,,1.53,,0.0,0.0,,,,,0.61,0.92,1.53,0.0,0.0,0.0
2/2/2026,2021.0,20220224.0,19215.0,39823.0,TARGA DOWNSTREAM LLC,HVL,INTERSTATE,,66.1,66.1,,,,132.2,,3.0,3.0,,1.0,,1.0,,,,,,8.4,,,,,,,,,,,,,,,,,,,,,,,,,,,,,,,,140.6,,1.0,,,,,,1.1,7.1,8.2,7.3,59.0,66.3
2/2/2026,2021.0,20220620.0,19629.0,39827.0,"SWISSPORT SA FUEL SERVICES, LLC",Refined and/or Petroleum Product (non-HVL),INTRASTATE,TEXAS,,,,,,,,,,,,,,,,,,,,,,,,1.3,8.0,8.0,0.0,,0.0,0.0,0.0,0.0,0.0,0.0,8.0,8.0,,,,,,,,,,,,,,,1.3,,0.0,8.0,,,,,1.3,,1.3,,,
2/2/2026,2021.0,20220197.0,19710.0,39833.0,"SAN MATEO BLACK RIVER OIL PIPELINE, LLC",Crude Oil,INTRASTATE,NEW MEXICO,0.0,0.0,0.0,0.0,,0.0,0.0,0.0,0.0,,0.0,0.0,0.0,0.0,0.0,0.0,0.0,0.0,0.0,,0.0,0.0,0.0,0.0,0.0,0.0,0.0,,0.0,0.0,0.0,0.0,0.0,0.0,0.0,0.0,0.0,,0.0,0.0,0.0,,0.0,0.0,0.0,0.0,0.0,0.0,0.0,0.0,0.0,,0.0,0.0,0.0,0.0,0.0,0.0,0.0,0.0,0.0,0.0,0.0,0.0
2/2/2026,2021.0,20220096.0,19876.0,39837.0,PARAMOUNT PIPELINE LLC,Refined and/or Petroleum Product (non-HVL),INTRASTATE,CALIFORNIA,,,,,,,,,,,,,,,,,,,15.59,,1.0,1.0,0.0,,,,,,,,,,,,,,0.0,,0.0,0.0,0.0,,0.0,0.0,0.0,0.0,0.0,0.0,0.0,0.0,15.59,,1.0,1.0,,,,,,,,,,
2/2/2026,2021.0,20220293.0,19285.0,39841.0,RED BUTTE PIPELINE LLC,Crude Oil,INTERSTATE,,80.93,80.93,0.0,0.0,,161.86,283.0,0.0,283.0,,283.0,0.0,283.0,0.0,1.0,0.0,0.0,1.0,0.0,,0.0,0.0,0.0,0.0,0.0,0.0,0.0,,0.0,0.0,0.0,0.0,0.0,0.0,0.0,0.0,0.0,,0.0,0.0,0.0,,0.0,0.0,0.0,0.0,0.0,0.0,0.0,0.0,161.86,,283.0,1.0,0.0,0.0,0.0,0.0,0.0,161.86,161.86,0.0,0.0,0.0
2/2/2026,2021.0,20220081.0,19042.0,39874.0,"BEACON WEST ENERGY GROUP, LLC",Crude Oil,INTERSTATE,,0.0,0.0,0.0,0.0,,0.0,0.0,0.0,0.0,,0.0,0.0,0.0,0.0,0.0,0.0,0.0,0.0,0.0,,0.0,0.0,0.0,0.0,0.0,0.0,0.0,,0.0,0.0,0.0,0.0,0.0,0.0,0.0,0.0,0.0,,0.0,0.0,0.0,,0.0,0.0,0.0,0.0,0.0,0.0,0.0,0.0,0.0,,0.0,0.0,0.0,0.0,0.0,0.0,0.0,0.0,0.0,0.0,0.0,0.0
2/2/2026,2021.0,20220695.0,19863.0,39887.0,"TEXOMA CRUDE OIL PIPELINE CO., LLC",Crude Oil,INTERSTATE,,73.26,73.26,49.26,0.0,,195.78,102.0,102.0,204.0,,87.0,3.0,84.0,1.0,0.0,97.0,0.0,98.0,0.0,,0.0,0.0,0.0,0.0,0.0,0.0,0.0,,0.0,0.0,0.0,0.0,0.0,0.0,0.0,0.0,0.0,,0.0,0.0,0.0,,0.0,0.0,0.0,0.0,0.0,0.0,0.0,0.0,195.78,,87.0,98.0,0.0,0.0,0.0,0.0,0.0,11.98,11.98,0.0,61.28,61.28
2/2/2026,2021.0,20220695.0,19863.0,39887.0,"TEXOMA CRUDE OIL PIPELINE CO., LLC",Crude Oil,INTRASTATE,OKLAHOMA,0.0,0.0,0.0,0.0,,0.0,33.0,415.0,448.0,,415.0,29.0,386.0,1.0,0.0,32.0,0.0,33.0,31.47,,5.0,0.0,0.0,0.0,0.0,0.0,0.0,,0.0,0.0,0.0,0.0,0.0,0.0,0.0,0.0,0.0,,0.0,0.0,0.0,,0.0,0.0,0.0,0.0,0.0,0.0,0.0,0.0,31.47,,420.0,33.0,0.0,0.0,94.0,0.0,0.0,0.87,0.87,1.7,28.9,30.6
2/2/2026,2021.0,20220695.0,19863.0,39887.0,"TEXOMA CRUDE OIL PIPELINE CO., LLC",Crude Oil,INTRASTATE,TEXAS,81.05,81.05,0.0,0.0,,162.1,4.0,28.0,32.0,,22.0,4.0,18.0,1.0,0.0,2.0,0.0,3.0,0.0,,0.0,0.0,0.0,0.0,0.0,0.0,0.0,,0.0,0.0,0.0,0.0,0.0,0.0,0.0,0.0,0.0,,0.0,0.0,0.0,,0.0,0.0,0.0,0.0,0.0,0.0,0.0,0.0,162.1,,22.0,3.0,0.0,0.0,0.0,0.0,0.0,6.87,6.87,0.0,74.18,74.18
2/2/2026,2021.0,20220141.0,19119.0,39888.0,FORE RIVER ENERGY CENTER,Refined and/or Petroleum Product (non-HVL),INTRASTATE,MASSACHUSETTS,,,,,,,,,,,,,,,,,,,,,,,,,,,,,,,,,,,,,,,,,,,,,,,,,,,,,,,,,,,,,,,,
2/2/2026,2021.0,20220600.0,19604.0,39892.0,DAYLIGHT PETROLEUM LLC,CO2,INTRASTATE,OKLAHOMA,,,,,,,,,,,,,,,,,,,,,,,,,,,,,,,,,,,,,,,,,,,,,,,,,,,,,,,,,,,,0.0,0.0,,0.0,0.0
2/2/2026,2021.0,20220598.0,19602.0,39892.0,DAYLIGHT PETROLEUM LLC,Crude Oil,INTRASTATE,TEXAS,,,,,,,0.0,0.0,0.0,,0.0,0.0,0.0,0.0,0.0,0.0,0.0,0.0,0.0,,0.0,0.0,0.0,0.0,0.0,0.0,0.0,,0.0,0.0,0.0,0.0,0.0,0.0,0.0,0.0,0.0,,0.0,0.0,0.0,,0.0,0.0,0.0,0.0,0.0,0.0,0.0,0.0,0.0,,0.0,0.0,0.0,0.0,0.0,0.0,0.0,0.14,0.14,0.0,1.09,1.09
2/2/2026,2021.0,20220010.0,18952.0,39905.0,REP PROCESSING,HVL,INTRASTATE,COLORADO,,,,,,,,,,,,,,,,,,,0.0,,0.0,,,0.0,0.0,,0.0,,0.0,0.0,0.0,,,,,,0.0,,,0.0,0.0,,0.0,0.0,0.0,,,,,,0.0,,0.0,,,,0.0,0.0,,,,0.0,0.0,0.0
2/2/2026,2021.0,20220302.0,19294.0,39906.0,"SEAPORT SOUND TERMINAL, LLC",Refined and/or Petroleum Product (non-HVL),INTRASTATE,WASHINGTON,0.0,0.0,0.0,0.0,,0.0,,,,,,,,,,,,,0.0,,0.0,0.0,0.0,0.0,0.0,0.0,0.0,,0.0,0.0,0.0,0.0,0.0,0.0,0.0,0.0,2.78,Cathodic Protection Survey,0.0,0.0,0.0,,0.0,0.0,0.0,0.0,0.0,0.0,0.0,0.0,2.78,,0.0,0.0,0.0,0.0,0.0,0.0,0.0,0.0,0.0,,,
2/2/2026,2021.0,20220413.0,19409.0,39919.0,"MARKWEST BLUESTONE ETHANE PIPELINE, L.L.C.",HVL,INTERSTATE,,0.0,0.0,0.0,0.0,,0.0,0.0,0.0,0.0,,0.0,0.0,0.0,0.0,0.0,0.0,0.0,0.0,0.0,,0.0,0.0,0.0,0.0,0.0,0.0,0.0,,0.0,0.0,0.0,0.0,0.0,0.0,0.0,0.0,0.0,,0.0,0.0,0.0,,0.0,0.0,0.0,0.0,0.0,0.0,0.0,0.0,0.0,,0.0,0.0,0.0,0.0,0.0,0.0,0.0,0.0,0.0,0.0,0.0,0.0
2/2/2026,2021.0,20220408.0,19765.0,39920.0,"MARKWEST LIBERTY ETHANE PIPELINE, L.L.C.",HVL,INTERSTATE,,37.9,37.9,0.0,37.9,IMU,113.7,0.0,0.0,0.0,,0.0,0.0,0.0,0.0,0.0,0.0,0.0,0.0,0.0,,0.0,0.0,0.0,0.0,0.0,0.0,0.0,,0.0,0.0,0.0,0.0,0.0,0.0,0.0,0.0,0.0,,0.0,0.0,0.0,,0.0,0.0,0.0,0.0,0.0,0.0,0.0,0.0,113.7,,0.0,0.0,0.0,0.0,0.0,0.0,0.0,8.95,8.95,0.0,28.95,28.95
2/2/2026,2021.0,20220409.0,19405.0,39922.0,"MARKWEST LIBERTY NGL PIPELINE, L.L.C.",HVL,INTERSTATE,,68.7,68.7,0.0,68.7,IMU,206.1,0.0,2.0,2.0,,0.0,0.0,0.0,0.0,0.0,0.0,0.0,0.0,0.0,,0.0,0.0,0.0,0.0,0.0,0.0,0.0,,0.0,0.0,0.0,0.0,0.0,0.0,0.0,0.0,0.0,,0.0,0.0,0.0,,0.0,0.0,0.0,0.0,0.0,0.0,0.0,0.0,206.1,,0.0,0.0,0.0,0.0,0.0,0.0,0.0,19.73,19.73,0.0,48.97,48.97
2/2/2026,2021.0,20220410.0,19766.0,39941.0,"MARKWEST UTICA EMG, L.L.C.",HVL,INTERSTATE,,0.0,0.0,0.0,0.0,,0.0,0.0,0.0,0.0,,0.0,0.0,0.0,0.0,0.0,0.0,0.0,0.0,0.0,,0.0,0.0,0.0,0.0,0.0,0.0,0.0,,0.0,0.0,0.0,0.0,0.0,0.0,0.0,0.0,0.0,,0.0,0.0,0.0,,0.0,0.0,0.0,0.0,0.0,0.0,0.0,0.0,0.0,,0.0,0.0,0.0,0.0,0.0,0.0,0.0,0.0,0.0,0.0,0.0,0.0
2/2/2026,2021.0,20220410.0,19766.0,39941.0,"MARKWEST UTICA EMG, L.L.C.",HVL,INTRASTATE,OHIO,3.6,3.6,0.0,3.6,,10.8,0.0,0.0,0.0,,0.0,0.0,0.0,0.0,0.0,0.0,0.0,0.0,0.0,,0.0,0.0,0.0,0.0,0.0,0.0,0.0,,0.0,0.0,0.0,0.0,0.0,0.0,0.0,0.0,0.0,,0.0,0.0,0.0,,0.0,0.0,0.0,0.0,0.0,0.0,0.0,0.0,10.8,,0.0,0.0,0.0,0.0,0.0,0.0,0.0,2.63,2.63,0.0,0.97,0.97
2/2/2026,2021.0,20220344.0,19338.0,39942.0,"RAVEN BUTENE-1, LLC",HVL,INTRASTATE,TEXAS,,,,,,,,,,,,,,,,,,,,,,,,,,,,,,,,,,,,,,,,,,,,,,,,,,,,,,,,,,,,,,,,
2/2/2026,2021.0,20220381.0,19959.0,39944.0,BLUESTEM PIPELINE LLC,HVL,INTERSTATE,,0.0,0.0,0.0,0.0,,0.0,0.0,0.0,0.0,,0.0,0.0,0.0,0.0,0.0,0.0,0.0,0.0,0.0,,0.0,0.0,0.0,0.0,0.0,0.0,0.0,,0.0,0.0,0.0,0.0,0.0,0.0,0.0,0.0,0.0,,0.0,0.0,0.0,,0.0,0.0,0.0,0.0,0.0,0.0,0.0,0.0,0.0,,0.0,0.0,0.0,0.0,0.0,0.0,0.0,0.0,0.0,0.0,0.0,0.0
2/2/2026,2021.0,20220593.0,19596.0,39950.0,"3 BEAR DELAWARE OPERATING-NM, LLC",HVL,INTRASTATE,NEW MEXICO,0.0,0.0,0.0,0.0,,0.0,0.0,0.0,0.0,,0.0,0.0,0.0,0.0,0.0,0.0,0.0,0.0,0.0,,0.0,0.0,0.0,0.0,0.0,0.0,0.0,,0.0,0.0,0.0,0.0,0.0,0.0,0.0,0.0,0.0,,0.0,0.0,0.0,,0.0,0.0,0.0,0.0,0.0,0.0,0.0,0.0,0.0,,0.0,0.0,0.0,0.0,0.0,0.0,0.0,0.0,0.0,12.01,0.0,12.01
2/2/2026,2021.0,20220119.0,19094.0,39956.0,"MID-ALASKA PIPELINE, LLC",Crude Oil,INTRASTATE,ALASKA,,,,,,,1.0,,1.0,,,,,,,,1.0,1.0,,,,,,,,,,,,,,,,,,,,,,,,,,,,,,,,,,,,1.0,,,,,,,,,,
2/2/2026,2021.0,20220411.0,19407.0,39960.0,"MARKWEST PIPELINE COMPANY, L.L.C.",HVL,INTERSTATE,,0.0,0.0,0.0,0.0,,0.0,0.0,0.0,0.0,,0.0,0.0,0.0,0.0,0.0,0.0,0.0,0.0,0.0,,0.0,0.0,0.0,0.0,0.0,0.0,0.0,,0.0,0.0,0.0,0.0,0.0,0.0,0.0,0.0,0.0,,0.0,0.0,0.0,,0.0,0.0,0.0,0.0,0.0,0.0,0.0,0.0,0.0,,0.0,0.0,0.0,0.0,0.0,0.0,0.0,0.0,0.0,0.0,0.0,0.0
2/2/2026,2021.0,20220595.0,19599.0,39963.0,"TALLGRASS POWDER RIVER GATEWAY, LLC",Crude Oil,INTERSTATE,,0.0,0.0,0.0,0.0,,0.0,0.0,0.0,0.0,,0.0,0.0,0.0,0.0,0.0,0.0,0.0,0.0,0.0,,0.0,0.0,0.0,0.0,0.0,0.0,0.0,,0.0,0.0,0.0,0.0,0.0,0.0,0.0,0.0,0.0,,0.0,0.0,0.0,,0.0,0.0,0.0,0.0,0.0,0.0,0.0,0.0,0.0,,0.0,0.0,0.0,0.0,0.0,0.0,0.0,0.0,0.0,0.0,0.0,0.0
2/2/2026,2021.0,20220579.0,19867.0,39966.0,"U.S. VENTURE, INC.",Refined and/or Petroleum Product (non-HVL),INTRASTATE,WISCONSIN,0.0,0.0,0.0,0.0,,0.0,0.0,0.0,0.0,,0.0,0.0,0.0,0.0,0.0,0.0,0.0,0.0,0.0,,0.0,0.0,0.0,0.0,0.0,0.0,0.0,,0.0,0.0,0.0,0.0,0.0,0.0,0.0,0.0,0.0,,0.0,0.0,0.0,,0.0,0.0,0.0,0.0,0.0,0.0,0.0,0.0,0.0,,0.0,0.0,0.0,0.0,0.0,0.0,0.0,0.0,0.0,0.0,0.0,0.0
2/2/2026,2021.0,20220414.0,19410.0,39976.0,"MARKWEST LIBERTY BLUESTONE, L.L.C.",HVL,INTRASTATE,PENNSYLVANIA,0.0,0.0,0.0,0.0,,0.0,0.0,0.0,0.0,,0.0,0.0,0.0,0.0,0.0,0.0,0.0,0.0,0.0,,0.0,0.0,0.0,0.0,0.0,0.0,0.0,,0.0,0.0,0.0,0.0,0.0,0.0,0.0,0.0,0.0,,0.0,0.0,0.0,,0.0,0.0,0.0,0.0,0.0,0.0,0.0,0.0,0.0,,0.0,0.0,0.0,0.0,0.0,0.0,0.0,0.0,0.0,0.0,0.0,0.0
2/2/2026,2021.0,20220715.0,19744.0,39984.0,CONVERGE MIDSTREAM LLC,Crude Oil,INTRASTATE,TEXAS,,,,,,,,,,,,,,,,,,,0.0,,0.0,0.0,0.0,0.0,,,,,,,,,,,,,0.0,,,,,,,,,,,,,,0.0,,0.0,0.0,0.0,0.0,0.0,0.0,,,,,,
2/2/2026,2021.0,20220120.0,19095.0,39985.0,COLLEGIATE MIDSTREAM LLC,Crude Oil,INTRASTATE,TEXAS,0.0,0.0,0.0,0.0,,0.0,0.0,0.0,0.0,,0.0,0.0,0.0,0.0,0.0,0.0,0.0,0.0,0.0,,0.0,0.0,0.0,0.0,0.0,0.0,0.0,,0.0,0.0,0.0,0.0,0.0,0.0,0.0,0.0,0.0,,0.0,0.0,0.0,,0.0,0.0,0.0,0.0,0.0,0.0,0.0,0.0,0.0,,0.0,0.0,0.0,0.0,0.0,0.0,0.0,0.0,0.0,0.0,0.0,0.0
2/2/2026,2021.0,20220176.0,19157.0,39988.0,"FRONTIER MIDSTREAM SOLUTIONS IV,  LLC",Crude Oil,INTRASTATE,TEXAS,0.0,0.0,0.0,0.0,,0.0,0.0,0.0,0.0,,0.0,0.0,0.0,0.0,0.0,0.0,0.0,0.0,0.0,,0.0,0.0,0.0,0.0,0.0,0.0,0.0,,0.0,0.0,0.0,0.0,0.0,0.0,0.0,0.0,0.0,,0.0,0.0,0.0,,0.0,0.0,0.0,0.0,0.0,0.0,0.0,0.0,0.0,,0.0,0.0,0.0,0.0,0.0,0.0,17.2,,17.2,,,
2/2/2026,2021.0,20220053.0,19814.0,40010.0,CALIBER SPRING CREEK LLC,Crude Oil,INTRASTATE,NORTH DAKOTA,,,,,,,0.0,10.0,10.0,,6.0,0.0,6.0,0.0,0.0,0.0,0.0,0.0,0.0,,0.0,0.0,0.0,0.0,,,,,,,,,,,,,0.0,,,,,,,,,,,,,,0.0,,6.0,0.0,0.0,0.0,0.0,0.0,0.0,,0.0,0.0,,0.0
2/2/2026,2021.0,20220117.0,19092.0,40016.0,"SADDLE BUTTE POWDER FLATS MIDSTREAM, LLC",Crude Oil,INTRASTATE,WYOMING,0.0,0.0,0.0,0.0,,0.0,0.0,0.0,0.0,,0.0,0.0,0.0,0.0,0.0,0.0,0.0,0.0,0.0,,0.0,0.0,0.0,0.0,0.0,0.0,0.0,,0.0,0.0,0.0,0.0,0.0,0.0,0.0,0.0,0.0,,0.0,0.0,0.0,,0.0,0.0,0.0,0.0,0.0,0.0,0.0,0.0,0.0,,0.0,0.0,0.0,0.0,0.0,0.0,0.0,0.0,0.0,0.0,0.0,0.0
2/2/2026,2021.0,20220319.0,19312.0,40026.0,"WINK TO WEBSTER PIPELINE, LLC",Crude Oil,INTRASTATE,TEXAS,0.0,0.0,0.0,0.0,,0.0,0.0,0.0,0.0,,0.0,0.0,0.0,0.0,0.0,0.0,0.0,0.0,0.0,,0.0,0.0,0.0,0.0,0.0,0.0,0.0,,0.0,0.0,0.0,0.0,0.0,0.0,0.0,0.0,0.0,,0.0,0.0,0.0,,0.0,0.0,0.0,0.0,0.0,0.0,0.0,0.0,0.0,,0.0,0.0,0.0,0.0,0.0,0.0,0.0,0.0,0.0,0.0,0.0,0.0
2/2/2026,2021.0,20220288.0,19280.0,40028.0,LAMBDA ENERGY GATHERING LLC,Crude Oil,INTERSTATE,,50.61,50.61,0.0,0.0,,101.22,0.0,7.0,7.0,,7.0,0.0,7.0,0.0,0.0,1.0,0.0,1.0,0.0,,0.0,0.0,0.0,0.0,0.0,0.0,0.0,,0.0,0.0,0.0,0.0,0.0,0.0,0.0,0.0,0.0,,0.0,0.0,0.0,,0.0,0.0,0.0,0.0,0.0,0.0,0.0,0.0,101.22,,7.0,1.0,0.0,0.0,0.0,0.0,12.44,0.0,12.44,87.47,0.0,87.47
2/2/2026,2021.0,20220454.0,19451.0,40033.0,"VOPAK TERMINALS DEER PARK, INC.",HVL,INTRASTATE,TEXAS,4.0,4.0,,,,8.0,,,,,,,,,,,,,4.0,,,,,,,,,,,,,,,,,,,,,,,,,,,,,,,,12.0,,,,,,,,4.0,,4.0,0.0,,0.0
2/2/2026,2021.0,20220450.0,19447.0,40033.0,"VOPAK TERMINALS DEER PARK, INC.",Refined and/or Petroleum Product (non-HVL),INTRASTATE,TEXAS,4.0,4.0,,,,8.0,,,,,,,,,,,,,4.0,,,,,0.0,,,,,,,,,,,,,0.0,,,,,,,,,,,,,,12.0,,,,,,,,2.37,,2.37,1.63,,1.63
2/2/2026,2021.0,20220317.0,19310.0,40051.0,VALERO REFINING - MERAUX LLC,Refined and/or Petroleum Product (non-HVL),INTRASTATE,LOUISIANA,0.0,0.0,0.0,0.0,,0.0,0.0,0.0,0.0,,0.0,0.0,0.0,0.0,0.0,0.0,0.0,0.0,0.0,,0.0,0.0,0.0,0.0,0.0,0.0,0.0,,0.0,0.0,0.0,0.0,0.0,0.0,0.0,0.0,0.0,,0.0,0.0,0.0,,0.0,0.0,0.0,0.0,0.0,0.0,0.0,0.0,0.0,,0.0,0.0,0.0,0.0,0.0,0.0,0.0,0.0,0.0,0.0,0.0,0.0
2/2/2026,2021.0,20220496.0,19494.0,40059.0,"ORYX MIDLAND OIL GATHERING, LLC",Crude Oil,INTRASTATE,TEXAS,16.23,16.23,0.0,0.0,,32.46,0.0,3.0,3.0,,1.0,0.0,1.0,0.0,0.0,0.0,0.0,0.0,0.0,,0.0,0.0,0.0,0.0,0.0,0.0,0.0,,0.0,0.0,0.0,0.0,0.0,0.0,0.0,0.0,0.0,,0.0,0.0,0.0,,0.0,0.0,0.0,0.0,0.0,0.0,0.0,0.0,32.46,,1.0,0.0,0.0,0.0,0.0,0.0,0.0,16.23,16.23,0.0,0.0,0.0
2/2/2026,2021.0,20220405.0,19401.0,40061.0,"CUSHING CONNECT PIPELINE HOLDINGS, LLC.",Crude Oil,INTRASTATE,OKLAHOMA,0.0,50.2,0.0,0.0,,50.2,0.0,5.0,5.0,,5.0,,5.0,,,,,,,,,,,,,,,,,,,,,,,,,,,,,,,,,,,,,,50.2,,5.0,,,,,,12.59,,12.59,37.61,,37.61
2/2/2026,2021.0,20220326.0,19319.0,40063.0,"ROARING FORK MIDSTREAM, LLC",Crude Oil,INTRASTATE,WYOMING,,,,,,,,,,,,,,,,,,,,,,,,,,,,,,,,,,,,,,,,,,,,,,,,,,,,,,,,,,,,,,,,
2/2/2026,2021.0,20220327.0,19320.0,40063.0,"ROARING FORK MIDSTREAM, LLC",HVL,INTERSTATE,,,,,,,,,,,,,,,,,,,,5.98,,0.0,,,,,,,,,,,,,,,,,,,,,,,,,,,,,,5.98,,0.0,,,,,,1.81,,1.81,4.17,,4.17
2/2/2026,2021.0,20220550.0,19646.0,40076.0,MARTINEZ PIPELINE COMPANY LLC,Refined and/or Petroleum Product (non-HVL),INTRASTATE,CALIFORNIA,0.0,0.0,0.0,0.0,,0.0,0.0,0.0,0.0,,0.0,0.0,0.0,0.0,0.0,0.0,0.0,0.0,0.0,,0.0,0.0,0.0,0.0,0.0,0.0,0.0,,0.0,0.0,0.0,0.0,0.0,0.0,0.0,0.0,0.0,,0.0,0.0,0.0,,0.0,0.0,0.0,0.0,0.0,0.0,0.0,0.0,0.0,,0.0,0.0,0.0,0.0,0.0,0.0,0.0,0.0,0.0,0.0,0.0,0.0
2/2/2026,2021.0,20220283.0,19275.0,40080.0,INDORAMA VENTURES OXIDES LLC,HVL,INTRASTATE,TEXAS,0.0,0.0,0.0,0.0,,0.0,0.0,0.0,0.0,,0.0,0.0,0.0,0.0,0.0,0.0,0.0,0.0,0.0,,0.0,0.0,0.0,0.0,0.0,0.0,0.0,,0.0,0.0,0.0,0.0,0.0,0.0,0.0,0.0,0.0,,0.0,0.0,0.0,,0.0,0.0,0.0,0.0,0.0,0.0,0.0,0.0,0.0,,0.0,0.0,0.0,0.0,0.0,0.0,0.0,0.0,0.0,0.0,0.0,0.0
2/2/2026,2021.0,20220281.0,19273.0,40080.0,INDORAMA VENTURES OXIDES LLC,Refined and/or Petroleum Product (non-HVL),INTRASTATE,TEXAS,0.0,0.0,0.0,0.0,,0.0,0.0,0.0,0.0,,0.0,0.0,0.0,0.0,0.0,0.0,0.0,0.0,0.0,,0.0,0.0,0.0,0.0,0.0,0.0,0.0,,0.0,0.0,0.0,0.0,0.0,0.0,0.0,0.0,0.0,,0.0,0.0,0.0,,0.0,0.0,0.0,0.0,0.0,0.0,0.0,0.0,0.0,,0.0,0.0,0.0,0.0,0.0,0.0,0.0,0.0,0.0,0.0,0.0,0.0
2/2/2026,2021.0,20220423.0,19419.0,40088.0,MOTIVA CHEMICALS LLC,Crude Oil,INTRASTATE,TEXAS,0.0,0.0,0.0,0.0,,0.0,13.0,0.0,13.0,,0.0,0.0,0.0,0.0,0.0,6.0,1.0,7.0,1.8,,0.0,0.0,0.0,0.0,,,,,,,,,,,,,,,,,,,,,,,,,,,1.8,,0.0,7.0,,,,,0.0,1.8,1.8,0.0,0.0,0.0
2/2/2026,2021.0,20220382.0,19378.0,40088.0,MOTIVA CHEMICALS LLC,HVL,INTRASTATE,TEXAS,47.71,47.71,0.0,0.0,,95.42,27.0,1.0,28.0,,0.0,0.0,0.0,11.0,0.0,9.0,0.0,20.0,32.3,,0.0,0.0,0.0,0.0,0.0,0.0,0.0,,0.0,0.0,0.0,0.0,0.0,0.0,0.0,0.0,0.0,,0.0,0.0,0.0,,0.0,0.0,0.0,0.0,0.0,0.0,0.0,0.0,127.72,,0.0,20.0,0.0,0.0,0.0,0.0,0.0,50.61,50.61,0.0,0.0,0.0
2/2/2026,2021.0,20220274.0,19265.0,40127.0,"THE SAN ANTONIO REFINERY, LLC",Crude Oil,INTRASTATE,TEXAS,,,,,,,,,,,,,,,,,,,,,,,,,,,,,,,,,,,,,,,,,,,,,,,,,,,,,,,,,,,,,,,,
2/2/2026,2021.0,20220504.0,19503.0,40132.0,"XCL MIDSTREAM OPERATING, LLC",HVL,INTRASTATE,WEST VIRGINIA,0.0,0.0,0.0,0.0,,0.0,0.0,0.0,0.0,,0.0,0.0,0.0,0.0,0.0,0.0,0.0,0.0,0.0,,0.0,0.0,0.0,4.52,0.0,0.0,0.0,,0.0,0.0,0.0,0.0,0.0,0.0,0.0,0.0,4.52,aerial patrol and line walks,0.0,0.0,0.0,,0.0,0.0,0.0,0.0,0.0,0.0,0.0,0.0,9.04,,0.0,0.0,0.0,0.0,0.0,0.0,0.0,0.0,0.0,0.0,0.0,0.0
2/2/2026,2021.0,20220725.0,19799.0,40135.0,"FR COMPLIANCE, LLC",Refined and/or Petroleum Product (non-HVL),INTRASTATE,CALIFORNIA,0.0,0.0,0.0,0.0,,0.0,0.0,0.0,0.0,,0.0,0.0,0.0,0.0,0.0,0.0,0.0,0.0,0.0,,0.0,0.0,0.0,0.0,0.0,0.0,0.0,,0.0,0.0,0.0,0.0,0.0,0.0,0.0,0.0,0.0,,0.0,0.0,0.0,,0.0,0.0,0.0,0.0,0.0,0.0,0.0,0.0,0.0,,0.0,0.0,0.0,0.0,0.0,0.0,0.0,0.0,0.0,0.0,0.0,0.0
2/2/2026,2021.0,20220468.0,19465.0,40138.0,"ECHO CANYON PIPELINE, LLC",Crude Oil,INTRASTATE,TEXAS,0.0,,,,,0.0,0.0,0.0,0.0,,0.0,0.0,0.0,0.0,0.0,0.0,0.0,0.0,0.0,,0.0,0.0,0.0,0.0,0.0,0.0,0.0,,0.0,0.0,0.0,0.0,0.0,0.0,0.0,0.0,0.0,,0.0,0.0,0.0,,0.0,0.0,0.0,0.0,0.0,0.0,0.0,0.0,0.0,,0.0,0.0,,,,,0.0,0.0,0.0,0.0,0.0,0.0
2/2/2026,2021.0,20220673.0,19970.0,40142.0,"MAX MIDSTREAM TEXAS, LLC",Crude Oil,INTRASTATE,TEXAS,0.0,0.0,,0.0,,0.0,,,,,,,,,,,,,,,,,,,,,,,,,,,,,,,,,,,,,,,,,,,,,0.0,,,,,,,,,0.0,0.0,,0.0,0.0
2/2/2026,2021.0,20220446.0,19443.0,40158.0,PORT ARTHUR TERMINAL LLC,Crude Oil,INTRASTATE,TEXAS,0.0,11.73,0.0,0.0,Caliper Run,11.73,0.0,0.0,0.0,,0.0,0.0,0.0,0.0,0.0,0.0,0.0,0.0,11.73,,0.0,0.0,0.0,0.0,0.0,0.0,0.0,,0.0,0.0,0.0,0.0,0.0,0.0,0.0,0.0,0.0,,0.0,0.0,0.0,,0.0,0.0,0.0,0.0,0.0,0.0,0.0,0.0,23.46,,0.0,0.0,0.0,0.0,0.0,0.0,11.73,0.0,11.73,0.0,0.0,0.0
2/2/2026,2021.0,20220273.0,19264.0,40170.0,EASTON ENERGY PIPELINES LLC,HVL,INTERSTATE,,0.0,0.0,0.0,0.0,,0.0,0.0,0.0,0.0,,0.0,0.0,0.0,0.0,0.0,0.0,0.0,0.0,0.0,,0.0,0.0,0.0,0.0,0.0,0.0,0.0,,0.0,0.0,0.0,0.0,0.0,0.0,0.0,0.0,0.0,,0.0,0.0,0.0,,0.0,0.0,0.0,0.0,0.0,0.0,0.0,0.0,0.0,,0.0,0.0,0.0,0.0,0.0,0.0,0.0,0.0,0.0,0.0,0.0,0.0
2/2/2026,2021.0,20220273.0,19264.0,40170.0,EASTON ENERGY PIPELINES LLC,HVL,INTRASTATE,TEXAS,80.77,80.77,0.0,0.0,,161.54,0.0,0.0,0.0,,0.0,0.0,0.0,0.0,0.0,0.0,0.0,0.0,31.18,,0.0,0.0,0.0,0.0,0.0,0.0,0.0,,0.0,0.0,0.0,0.0,0.0,0.0,0.0,0.0,0.0,,0.0,0.0,0.0,,0.0,0.0,0.0,0.0,0.0,0.0,0.0,0.0,192.72,,0.0,0.0,0.0,0.0,0.0,0.0,8.84,30.63,39.47,13.82,56.18,70.0
2/2/2026,2021.0,20220272.0,19263.0,40170.0,EASTON ENERGY PIPELINES LLC,Refined and/or Petroleum Product (non-HVL),INTRASTATE,TEXAS,0.0,0.0,0.0,0.0,,0.0,0.0,0.0,0.0,,0.0,0.0,0.0,0.0,0.0,0.0,0.0,0.0,0.0,,0.0,0.0,0.0,0.0,0.0,0.0,0.0,,0.0,0.0,0.0,0.0,0.0,0.0,0.0,0.0,0.0,,0.0,0.0,0.0,,0.0,0.0,0.0,0.0,0.0,0.0,0.0,0.0,0.0,,0.0,0.0,0.0,0.0,0.0,0.0,0.0,0.0,0.0,0.0,0.0,0.0
2/2/2026,2021.0,20220683.0,19871.0,40182.0,TAPROOT ROCKIES MIDSTREAM LLC,Crude Oil,INTRASTATE,COLORADO,0.0,0.0,0.0,0.0,,0.0,0.0,0.0,0.0,,0.0,0.0,0.0,0.0,0.0,0.0,0.0,0.0,0.0,,0.0,0.0,0.0,0.0,0.0,0.0,0.0,,0.0,0.0,0.0,0.0,0.0,0.0,0.0,0.0,0.0,,0.0,0.0,0.0,,0.0,0.0,0.0,0.0,0.0,0.0,0.0,0.0,0.0,,0.0,0.0,0.0,0.0,0.0,0.0,0.0,0.0,0.0,0.0,0.0,0.0
2/2/2026,2021.0,20220465.0,19462.0,40192.0,ZENITH ENERGY WEST COAST TERMINALS LLC,Crude Oil,INTRASTATE,CALIFORNIA,35.53,35.53,35.53,35.53,,142.12,1.0,0.0,1.0,,,,,,,,1.0,1.0,35.53,,0.0,0.0,0.0,,,,,,,,,,,,,,,,,,,,,,,,,,,,177.65,,0.0,1.0,,,,,,35.53,35.53,,,
2/2/2026,2021.0,20220709.0,19807.0,40204.0,"SCM OPERATIONS, LLC",Crude Oil,INTERSTATE,,19.0,,,,,19.0,0.0,0.0,0.0,,0.0,0.0,0.0,0.0,0.0,0.0,0.0,0.0,0.0,,0.0,0.0,0.0,0.0,0.0,0.0,0.0,,0.0,0.0,0.0,0.0,0.0,0.0,0.0,0.0,,,,,,,,,,,,,,,19.0,,0.0,0.0,,,,,0.0,0.0,0.0,0.0,19.0,19.0
2/2/2026,2021.0,20220701.0,19778.0,40204.0,"SCM OPERATIONS, LLC",HVL,INTRASTATE,TEXAS,,,,,,,,,,,,,,,,,,,,,,,,,,,,,,,,,,,,,,,,,,,,,,,,,,,,,,,,,,,,,,,,
2/2/2026,2021.0,20220460.0,19862.0,40206.0,"ROSEFIELD OPERATING COMPANY, LLC",Crude Oil,INTERSTATE,,,,,,,,,,,,,,,,,,,,0.0,,0.0,0.0,0.0,0.0,0.0,0.0,0.0,,0.0,0.0,0.0,0.0,0.0,0.0,0.0,0.0,0.0,,,,,,,,,,,,,,0.0,,0.0,0.0,0.0,0.0,0.0,0.0,0.0,0.0,0.0,0.0,0.0,0.0
2/2/2026,2021.0,20220365.0,19360.0,40221.0,"CURLEW MIDSTREAM, LLC",Crude Oil,INTRASTATE,LOUISIANA,0.0,0.0,0.0,0.0,,0.0,0.0,0.0,0.0,,0.0,0.0,0.0,0.0,0.0,0.0,0.0,0.0,0.0,,0.0,0.0,0.0,0.0,0.0,0.0,0.0,,0.0,0.0,0.0,0.0,0.0,0.0,,0.0,0.0,,0.0,0.0,0.0,,0.0,0.0,0.0,0.0,0.0,0.0,0.0,0.0,0.0,,0.0,0.0,0.0,0.0,0.0,0.0,0.0,0.0,0.0,0.0,0.0,0.0
2/2/2026,2021.0,20220731.0,19820.0,40231.0,"SCURRY MIDSTREAM, LLC",HVL,INTRASTATE,TEXAS,3.29,3.29,,3.29,Circumferential cracking,9.87,0.0,0.0,0.0,,,,,,,,,,,,,,,,,,,,,,,,,,,,,,,,,,,,,,,,,,9.87,,,,,,,,3.29,,3.29,,,
2/2/2026,2021.0,20220577.0,19836.0,40238.0,"GRAYSON MILL OPERATING, LLC",Crude Oil,INTRASTATE,NORTH DAKOTA,0.0,0.0,0.0,0.0,,0.0,,0.0,0.0,,0.0,0.0,0.0,,,,,,0.0,,0.0,,,0.0,0.0,,0.0,,,,,,,,,,0.0,,,0.0,0.0,,0.0,0.0,0.0,,,,,,0.0,,0.0,,,,0.0,0.0,,,,0.0,0.0,0.0
2/2/2026,2021.0,20220167.0,19147.0,40252.0,"COGENT MIDSTREAM LOGISTICS, LLC",Crude Oil,INTRASTATE,TEXAS,,,,,,,,,,,,,,,,,,,,,,,,,,,,,,,,,,,,,,,,,,,,,,,,,,,,,,,,,,,,,,,,
2/2/2026,2021.0,20220207.0,19190.0,40266.0,"HEP JAVELINA COMPANY, LLC",HVL,INTRASTATE,TEXAS,2.71,2.71,,,,5.42,0.0,0.0,0.0,,0.0,0.0,0.0,0.0,0.0,0.0,0.0,0.0,,,,,,,,,,,,,,,,,,,,,,,,,,,,,,,,,5.42,,0.0,0.0,0.0,0.0,0.0,0.0,,,,,,
2/2/2026,2021.0,20220478.0,19475.0,40268.0,"GARY CLIMATE SOLUTIONS, LLC",CO2,INTRASTATE,KANSAS,,,,,,,,,,,,,,,,,,,,,,,,,,,,,,,,,,,,,,,,,,,,,,,,,,,,,,,,,,,,,,,,
2/2/2026,2021.0,20220139.0,19117.0,40271.0,INTERNATIONAL- MATEX TANK TERMINALS LLC,Refined and/or Petroleum Product (non-HVL),INTRASTATE,LOUISIANA,0.0,0.0,0.0,0.0,,0.0,0.0,0.0,0.0,,0.0,0.0,0.0,0.0,0.0,0.0,0.0,0.0,4.84,,0.0,0.0,0.0,0.0,0.0,0.0,0.0,,0.0,0.0,0.0,0.0,0.0,0.0,0.0,0.0,0.0,,0.0,0.0,0.0,,0.0,0.0,0.0,0.0,0.0,0.0,0.0,0.0,4.84,,0.0,0.0,0.0,0.0,0.0,0.0,0.0,0.0,0.0,0.0,0.0,0.0
2/2/2026,2021.0,20220225.0,19216.0,40275.0,SENTINEL MIDSTREAM OPERATING LLC,Crude Oil,INTERSTATE,,,,,,,,,,,,,,,,,,,,,,,,,,,,,,,,,,,,,,,,,,,,,,,,,,,,,,,,,,,,,,,,,
2/2/2026,2021.0,20220575.0,19577.0,40282.0,EQUILON ENTERPRISES LLC DBA SHELL OIL PRODUCTS,Fuel Grade Ethanol (dedicated system),INTRASTATE,CALIFORNIA,0.0,0.0,8.9,0.0,,8.9,1.0,0.0,1.0,,1.0,0.0,1.0,0.0,1.0,0.0,0.0,1.0,0.0,,0.0,0.0,0.0,,,,,,,,,,,,,,,,,,,,,,,,,,,,8.9,,1.0,1.0,0.0,0.0,0.0,0.0,0.0,8.9,8.9,0.0,0.0,0.0
2/2/2026,2021.0,20220321.0,19314.0,40282.0,EQUILON ENTERPRISES LLC DBA SHELL OIL PRODUCTS,Refined and/or Petroleum Product (non-HVL),INTRASTATE,CALIFORNIA,20.4,20.4,0.0,0.0,,40.8,0.0,0.0,0.0,,0.0,0.0,0.0,0.0,0.0,0.0,0.0,0.0,0.0,,0.0,0.0,0.0,0.0,0.0,0.0,0.0,,0.0,0.0,0.0,0.0,0.0,0.0,0.0,0.0,0.0,,0.0,0.0,0.0,,0.0,0.0,0.0,0.0,0.0,0.0,0.0,0.0,40.8,,0.0,0.0,0.0,0.0,0.0,0.0,0.0,20.4,20.4,0.0,0.0,0.0
2/2/2026,2021.0,20220214.0,19197.0,40313.0,"CALNRG OPERATING, LLC",Crude Oil,INTRASTATE,CALIFORNIA,,,,,,,,,,,,,,,,,,,0.13,,,,,,,,,,,,,,,,,,,,,,,,,,,,,,,,0.13,,,,,,,,,0.13,0.13,,,
2/2/2026,2021.0,20220727.0,19979.0,40318.0,OLYMPUS TERMINALS LLC,Refined and/or Petroleum Product (non-HVL),INTRASTATE,CALIFORNIA,0.0,0.0,0.0,0.0,,0.0,0.0,0.0,0.0,,0.0,0.0,0.0,0.0,0.0,0.0,0.0,0.0,0.36,,0.0,0.0,0.0,0.0,0.0,0.0,0.0,,0.0,0.0,0.0,0.0,0.0,0.0,0.0,0.0,0.0,,0.0,0.0,0.0,,0.0,0.0,0.0,0.0,0.0,0.0,0.0,0.0,0.36,,0.0,0.0,0.0,0.0,0.0,0.0,0.0,0.36,0.36,0.0,0.0,0.0
2/2/2026,2021.0,20220724.0,19787.0,40325.0,PLACID MIDSTREAM LLC,Crude Oil,INTRASTATE,LOUISIANA,0.0,0.0,0.0,0.0,,0.0,,,,,,,,,,,,,0.0,,0.0,,,0.0,,,,,,,,,,,,,0.0,,,,,,,,,,,,,,0.0,,0.0,,,,0.0,0.0,,,,,,
2/2/2026,2021.0,20220686.0,20442.0,40329.0,NAVIGATOR PANHANDLE HOLDCO LLC,Crude Oil,INTERSTATE,,,,,,,,0.0,,0.0,,,,,0.0,0.0,0.0,0.0,0.0,,,,0.0,0.0,,0.0,0.0,,,,,,0.0,0.0,0.0,0.0,0.0,,,0.0,,0.0,,,,,0.0,0.0,0.0,0.0,0.0,,,,0.0,0.0,0.0,,,0.0,0.0,0.0,,,
2/2/2026,2021.0,20220705.0,19722.0,40330.0,NAVIGATOR PH CROSSING LLC,Crude Oil,INTERSTATE,,0.0,0.0,0.0,0.0,,0.0,0.0,0.0,0.0,,0.0,0.0,0.0,0.0,0.0,0.0,0.0,0.0,0.0,,0.0,0.0,0.0,0.0,0.0,0.0,0.0,,0.0,0.0,0.0,0.0,0.0,0.0,0.0,0.0,0.0,,0.0,0.0,0.0,,0.0,0.0,0.0,0.0,0.0,0.0,0.0,0.0,0.0,,0.0,0.0,0.0,0.0,0.0,0.0,0.0,0.0,0.0,0.0,0.0,0.0
2/2/2026,2021.0,20220205.0,19188.0,99002.0,TAMPA AIRPORT PIPELINE CORPORATION,Refined and/or Petroleum Product (non-HVL),INTRASTATE,FLORIDA,0.0,0.0,0.0,0.0,,0.0,,,,,,,,,,,,,0.0,,,,,0.0,,,,,,,,,,,,,,,,,,,,,,,,,,,0.0,,,,,,,,,,,,,
2/2/2026,2021.0,20220498.0,19853.0,99031.0,CITGO PETROLEUM CORPORATION (TERMINALS),Refined and/or Petroleum Product (non-HVL),INTRASTATE,FLORIDA,,,,,,,,,,,,,,,,,,,,,,,,,,,,,,,,,,,,,,,,,,,,,,,,,,,,,,,,,,,,,,,,
2/2/2026,2021.0,20220498.0,19853.0,99031.0,CITGO PETROLEUM CORPORATION (TERMINALS),Refined and/or Petroleum Product (non-HVL),INTRASTATE,ILLINOIS,,,,,,,,,,,,,,,,,,,,,,,,,,,,,,,,,,,,,,,,,,,,,,,,,,,,,,,,,,,,,,,,
2/2/2026,2021.0,20220498.0,19853.0,99031.0,CITGO PETROLEUM CORPORATION (TERMINALS),Refined and/or Petroleum Product (non-HVL),INTRASTATE,INDIANA,,,,,,,8.0,,8.0,,,,,,,,2.0,2.0,,,,,,,,,,,,,,,,,,,,,,,,,,,,,,,,,,,,2.0,,,,,,,,,,
2/2/2026,2021.0,20220498.0,19853.0,99031.0,CITGO PETROLEUM CORPORATION (TERMINALS),Refined and/or Petroleum Product (non-HVL),INTRASTATE,MICHIGAN,,,,,,,,,,,,,,,,,,,,,,,,,,,,,,,,,,,,,,,,,,,,,,,,,,,,,,,,,,,,,,,,
2/2/2026,2021.0,20220498.0,19853.0,99031.0,CITGO PETROLEUM CORPORATION (TERMINALS),Refined and/or Petroleum Product (non-HVL),INTRASTATE,NEW JERSEY,,,,,,,42.0,,42.0,,,,,,,2.0,1.0,3.0,,,,,,,,,,,,,,,,,,,,,,,,,,,,,,,,,,,,3.0,,,,,,,,,,
2/2/2026,2021.0,20220498.0,19853.0,99031.0,CITGO PETROLEUM CORPORATION (TERMINALS),Refined and/or Petroleum Product (non-HVL),INTRASTATE,OHIO,,,,,,,,,,,,,,,,,,,1.11,,,,,,,,,,,,,,,,,,,,,,,,,,,,,,,,1.11,,,,,,,,1.11,,1.11,,,
2/2/2026,2021.0,20220029.0,18985.0,99043.0,PETROLEUM FUEL AND TERMINAL COMPANY,Refined and/or Petroleum Product (non-HVL),INTRASTATE,MARYLAND,,,,,,,2.0,,2.0,,1.0,1.0,,,,,2.0,2.0,,,,,,,,,,,,,,,,,,,,,,,,,,,,,,,,,,,1.0,2.0,,,,,,,,,,
,,,,,,,,,,,,,,,,,,,,,,,,,,,,,,,,,,,,,,,,,,,,,,,,,,,,,,,,,,,,,,,,,,,,,,,,
,,,,,,,,,,,,,,,,,,,,,,,,,,,,,,,,,,,,,,,,,,,,,,,,,,,,,,,,,,,,,,,,,,,,,,,,
,,,,,,,,,,,,,,,,,,,,,,,,,,,,,,,,,,,,,,,,,,,,,,,,,,,,,,,,,,,,,,,,,,,,,,,,
,,,,,,,,,,,,,,,,,,,,,,,,,,,,,,,,,,,,,,,,,,,,,,,,,,,,,,,,,,,,,,,,,,,,,,,,
,,,,,,,,,,,,,,,,,,,,,,,,,,,,,,,,,,,,,,,,,,,,,,,,,,,,,,,,,,,,,,,,,,,,,,,,
,,,,,,,,,,,,,,,,,,,,,,,,,,,,,,,,,,,,,,,,,,,,,,,,,,,,,,,,,,,,,,,,,,,,,,,,
,,,,,,,,,,,,,,,,,,,,,,,,,,,,,,,,,,,,,,,,,,,,,,,,,,,,,,,,,,,,,,,,,,,,,,,,
,,,,,,,,,,,,,,,,,,,,,,,,,,,,,,,,,,,,,,,,,,,,,,,,,,,,,,,,,,,,,,,,,,,,,,,,
,,,,,,,,,,,,,,,,,,,,,,,,,,,,,,,,,,,,,,,,,,,,,,,,,,,,,,,,,,,,,,,,,,,,,,,,
,,,,,,,,,,,,,,,,,,,,,,,,,,,,,,,,,,,,,,,,,,,,,,,,,,,,,,,,,,,,,,,,,,,,,,,,
,,,,,,,,,,,,,,,,,,,,,,,,,,,,,,,,,,,,,,,,,,,,,,,,,,,,,,,,,,,,,,,,,,,,,,,,
,,,,,,,,,,,,,,,,,,,,,,,,,,,,,,,,,,,,,,,,,,,,,,,,,,,,,,,,,,,,,,,,,,,,,,,,
,,,,,,,,,,,,,,,,,,,,,,,,,,,,,,,,,,,,,,,,,,,,,,,,,,,,,,,,,,,,,,,,,,,,,,,,
,,,,,,,,,,,,,,,,,,,,,,,,,,,,,,,,,,,,,,,,,,,,,,,,,,,,,,,,,,,,,,,,,,,,,,,,
,,,,,,,,,,,,,,,,,,,,,,,,,,,,,,,,,,,,,,,,,,,,,,,,,,,,,,,,,,,,,,,,,,,,,,,,
,,,,,,,,,,,,,,,,,,,,,,,,,,,,,,,,,,,,,,,,,,,,,,,,,,,,,,,,,,,,,,,,,,,,,,,,
,,,,,,,,,,,,,,,,,,,,,,,,,,,,,,,,,,,,,,,,,,,,,,,,,,,,,,,,,,,,,,,,,,,,,,,,
,,,,,,,,,,,,,,,,,,,,,,,,,,,,,,,,,,,,,,,,,,,,,,,,,,,,,,,,,,,,,,,,,,,,,,,,
,,,,,,,,,,,,,,,,,,,,,,,,,,,,,,,,,,,,,,,,,,,,,,,,,,,,,,,,,,,,,,,,,,,,,,,,
,,,,,,,,,,,,,,,,,,,,,,,,,,,,,,,,,,,,,,,,,,,,,,,,,,,,,,,,,,,,,,,,,,,,,,,,
,,,,,,,,,,,,,,,,,,,,,,,,,,,,,,,,,,,,,,,,,,,,,,,,,,,,,,,,,,,,,,,,,,,,,,,,
,,,,,,,,,,,,,,,,,,,,,,,,,,,,,,,,,,,,,,,,,,,,,,,,,,,,,,,,,,,,,,,,,,,,,,,,
,,,,,,,,,,,,,,,,,,,,,,,,,,,,,,,,,,,,,,,,,,,,,,,,,,,,,,,,,,,,,,,,,,,,,,,,
,,,,,,,,,,,,,,,,,,,,,,,,,,,,,,,,,,,,,,,,,,,,,,,,,,,,,,,,,,,,,,,,,,,,,,,,
,,,,,,,,,,,,,,,,,,,,,,,,,,,,,,,,,,,,,,,,,,,,,,,,,,,,,,,,,,,,,,,,,,,,,,,,
,,,,,,,,,,,,,,,,,,,,,,,,,,,,,,,,,,,,,,,,,,,,,,,,,,,,,,,,,,,,,,,,,,,,,,,,
,,,,,,,,,,,,,,,,,,,,,,,,,,,,,,,,,,,,,,,,,,,,,,,,,,,,,,,,,,,,,,,,,,,,,,,,
,,,,,,,,,,,,,,,,,,,,,,,,,,,,,,,,,,,,,,,,,,,,,,,,,,,,,,,,,,,,,,,,,,,,,,,,
,,,,,,,,,,,,,,,,,,,,,,,,,,,,,,,,,,,,,,,,,,,,,,,,,,,,,,,,,,,,,,,,,,,,,,,,
,,,,,,,,,,,,,,,,,,,,,,,,,,,,,,,,,,,,,,,,,,,,,,,,,,,,,,,,,,,,,,,,,,,,,,,,
,,,,,,,,,,,,,,,,,,,,,,,,,,,,,,,,,,,,,,,,,,,,,,,,,,,,,,,,,,,,,,,,,,,,,,,,
,,,,,,,,,,,,,,,,,,,,,,,,,,,,,,,,,,,,,,,,,,,,,,,,,,,,,,,,,,,,,,,,,,,,,,,,
,,,,,,,,,,,,,,,,,,,,,,,,,,,,,,,,,,,,,,,,,,,,,,,,,,,,,,,,,,,,,,,,,,,,,,,,
,,,,,,,,,,,,,,,,,,,,,,,,,,,,,,,,,,,,,,,,,,,,,,,,,,,,,,,,,,,,,,,,,,,,,,,,
,,,,,,,,,,,,,,,,,,,,,,,,,,,,,,,,,,,,,,,,,,,,,,,,,,,,,,,,,,,,,,,,,,,,,,,,
,,,,,,,,,,,,,,,,,,,,,,,,,,,,,,,,,,,,,,,,,,,,,,,,,,,,,,,,,,,,,,,,,,,,,,,,
,,,,,,,,,,,,,,,,,,,,,,,,,,,,,,,,,,,,,,,,,,,,,,,,,,,,,,,,,,,,,,,,,,,,,,,,
,,,,,,,,,,,,,,,,,,,,,,,,,,,,,,,,,,,,,,,,,,,,,,,,,,,,,,,,,,,,,,,,,,,,,,,,
,,,,,,,,,,,,,,,,,,,,,,,,,,,,,,,,,,,,,,,,,,,,,,,,,,,,,,,,,,,,,,,,,,,,,,,,
,,,,,,,,,,,,,,,,,,,,,,,,,,,,,,,,,,,,,,,,,,,,,,,,,,,,,,,,,,,,,,,,,,,,,,,,
,,,,,,,,,,,,,,,,,,,,,,,,,,,,,,,,,,,,,,,,,,,,,,,,,,,,,,,,,,,,,,,,,,,,,,,,
,,,,,,,,,,,,,,,,,,,,,,,,,,,,,,,,,,,,,,,,,,,,,,,,,,,,,,,,,,,,,,,,,,,,,,,,
,,,,,,,,,,,,,,,,,,,,,,,,,,,,,,,,,,,,,,,,,,,,,,,,,,,,,,,,,,,,,,,,,,,,,,,,
,,,,,,,,,,,,,,,,,,,,,,,,,,,,,,,,,,,,,,,,,,,,,,,,,,,,,,,,,,,,,,,,,,,,,,,,
,,,,,,,,,,,,,,,,,,,,,,,,,,,,,,,,,,,,,,,,,,,,,,,,,,,,,,,,,,,,,,,,,,,,,,,,
,,,,,,,,,,,,,,,,,,,,,,,,,,,,,,,,,,,,,,,,,,,,,,,,,,,,,,,,,,,,,,,,,,,,,,,,
,,,,,,,,,,,,,,,,,,,,,,,,,,,,,,,,,,,,,,,,,,,,,,,,,,,,,,,,,,,,,,,,,,,,,,,,
,,,,,,,,,,,,,,,,,,,,,,,,,,,,,,,,,,,,,,,,,,,,,,,,,,,,,,,,,,,,,,,,,,,,,,,,
,,,,,,,,,,,,,,,,,,,,,,,,,,,,,,,,,,,,,,,,,,,,,,,,,,,,,,,,,,,,,,,,,,,,,,,,
,,,,,,,,,,,,,,,,,,,,,,,,,,,,,,,,,,,,,,,,,,,,,,,,,,,,,,,,,,,,,,,,,,,,,,,,
,,,,,,,,,,,,,,,,,,,,,,,,,,,,,,,,,,,,,,,,,,,,,,,,,,,,,,,,,,,,,,,,,,,,,,,,
,,,,,,,,,,,,,,,,,,,,,,,,,,,,,,,,,,,,,,,,,,,,,,,,,,,,,,,,,,,,,,,,,,,,,,,,
,,,,,,,,,,,,,,,,,,,,,,,,,,,,,,,,,,,,,,,,,,,,,,,,,,,,,,,,,,,,,,,,,,,,,,,,
,,,,,,,,,,,,,,,,,,,,,,,,,,,,,,,,,,,,,,,,,,,,,,,,,,,,,,,,,,,,,,,,,,,,,,,,
,,,,,,,,,,,,,,,,,,,,,,,,,,,,,,,,,,,,,,,,,,,,,,,,,,,,,,,,,,,,,,,,,,,,,,,,
,,,,,,,,,,,,,,,,,,,,,,,,,,,,,,,,,,,,,,,,,,,,,,,,,,,,,,,,,,,,,,,,,,,,,,,,
,,,,,,,,,,,,,,,,,,,,,,,,,,,,,,,,,,,,,,,,,,,,,,,,,,,,,,,,,,,,,,,,,,,,,,,,
,,,,,,,,,,,,,,,,,,,,,,,,,,,,,,,,,,,,,,,,,,,,,,,,,,,,,,,,,,,,,,,,,,,,,,,,
,,,,,,,,,,,,,,,,,,,,,,,,,,,,,,,,,,,,,,,,,,,,,,,,,,,,,,,,,,,,,,,,,,,,,,,,
,,,,,,,,,,,,,,,,,,,,,,,,,,,,,,,,,,,,,,,,,,,,,,,,,,,,,,,,,,,,,,,,,,,,,,,,
,,,,,,,,,,,,,,,,,,,,,,,,,,,,,,,,,,,,,,,,,,,,,,,,,,,,,,,,,,,,,,,,,,,,,,,,
,,,,,,,,,,,,,,,,,,,,,,,,,,,,,,,,,,,,,,,,,,,,,,,,,,,,,,,,,,,,,,,,,,,,,,,,
