DATAFILE_AS_OF,REPORT_YEAR,REPORT_NUMBER,SUPPLEMENTAL_NUMBER,OPERATOR_ID,PARTA2NAMEOFCOMP,PARTA5COMMODITY,INTER_INTRA,STATE_NAME,PARTJST20MOREON,PARTJST20MOREOFF,PARTJST20MORETOT,PARTJSTNR20LESSON,PARTJSTR20LESSON,PARTJST20LESSOFF,PARTJST20LESSLOW,PARTJST20LESSTOT,PARTJSTNR_UNK_ON,PARTJSTR_UNK_ON,PARTJST_UNK_OFF,PARTJST_UNK_LOW,PARTJST_UNK_TOT,PARTJNSNR125MOREON,PARTJNSR125MOREON,PARTJNS125MOREOFF,PARTJNSNR125MORETOT,PARTJNSNR125LESSON,PARTJNSR125LESSON,PARTJNS125LESSOFF,PARTJNS125LESSLOW,PARTJNSNR125LESSTOT,PARTJONTOTAL,PARTJOFFTOTAL,PARTJRLSTOTAL,PARTJTOTAL
2/2/2026,2023.0,20240071.0,20823.0,117.0,AIR PRODUCTS & CHEMICALS INC,CO2,INTRASTATE,TEXAS,12.91,0.0,12.91,0.0,0.0,0.0,0.0,0.0,0.0,0.0,0.0,0.0,0.0,0.0,0.0,0.0,0.0,0.0,0.0,0.0,0.0,0.0,12.91,0.0,0.0,12.91
2/2/2026,2023.0,20240358.0,21557.0,300.0,"PLAINS PIPELINE, L.P.",Crude Oil,INTERSTATE,ALABAMA,64.42,0.0,64.42,0.0,0.0,0.0,0.0,0.0,0.0,0.0,0.0,0.0,0.0,0.0,0.0,0.0,0.0,0.0,0.0,0.0,0.0,0.0,64.42,0.0,0.0,64.42
2/2/2026,2023.0,20240358.0,21557.0,300.0,"PLAINS PIPELINE, L.P.",Crude Oil,INTERSTATE,ARKANSAS,282.97,0.0,282.97,0.0,0.0,0.0,0.0,0.0,0.0,0.0,0.0,0.0,0.0,0.0,0.0,0.0,0.0,0.0,0.0,0.0,0.0,0.0,282.97,0.0,0.0,282.97
2/2/2026,2023.0,20240358.0,21557.0,300.0,"PLAINS PIPELINE, L.P.",Crude Oil,INTERSTATE,COLORADO,10.54,0.0,10.54,0.0,0.0,0.0,0.0,0.0,0.0,0.0,0.0,0.0,0.0,0.0,0.0,0.0,0.0,0.0,0.0,0.0,0.0,0.0,10.54,0.0,0.0,10.54
2/2/2026,2023.0,20240358.0,21557.0,300.0,"PLAINS PIPELINE, L.P.",Crude Oil,INTERSTATE,ILLINOIS,57.28,0.0,57.28,0.0,0.0,0.0,0.0,0.0,0.0,0.0,0.0,0.0,0.0,0.0,0.0,0.0,0.0,0.0,0.0,0.0,0.0,0.0,57.28,0.0,0.0,57.28
2/2/2026,2023.0,20240358.0,21557.0,300.0,"PLAINS PIPELINE, L.P.",Crude Oil,INTERSTATE,KANSAS,3.82,0.0,3.82,0.0,0.0,0.0,0.0,0.0,0.0,0.0,0.0,0.0,0.0,0.0,0.0,0.0,0.0,0.0,0.0,0.0,0.0,0.0,3.82,0.0,0.0,3.82
2/2/2026,2023.0,20240358.0,21557.0,300.0,"PLAINS PIPELINE, L.P.",Crude Oil,INTERSTATE,LOUISIANA,201.47,0.0,201.47,0.0,0.0,0.0,0.0,0.0,0.0,0.0,0.0,0.0,0.0,0.0,0.0,0.0,0.0,0.0,0.0,0.0,0.0,0.0,201.47,0.0,0.0,201.47
2/2/2026,2023.0,20240358.0,21557.0,300.0,"PLAINS PIPELINE, L.P.",Crude Oil,INTERSTATE,MISSISSIPPI,508.8,0.0,508.8,0.0,0.0,0.0,0.0,0.0,0.0,0.0,0.0,0.0,0.0,0.0,0.0,0.0,0.0,0.0,0.0,0.0,0.0,0.0,508.8,0.0,0.0,508.8
2/2/2026,2023.0,20240358.0,21557.0,300.0,"PLAINS PIPELINE, L.P.",Crude Oil,INTERSTATE,MONTANA,127.93,0.0,127.93,0.0,0.0,0.0,0.0,0.0,0.0,0.0,0.0,0.0,0.0,0.0,0.0,0.0,0.0,0.0,0.0,0.0,0.0,0.0,127.93,0.0,0.0,127.93
2/2/2026,2023.0,20240358.0,21557.0,300.0,"PLAINS PIPELINE, L.P.",Crude Oil,INTERSTATE,NEW MEXICO,265.41,0.0,265.41,0.0,0.0,0.0,0.0,0.0,0.0,0.0,0.0,0.0,0.0,0.0,0.0,0.0,0.0,0.0,0.0,0.0,0.0,0.0,265.41,0.0,0.0,265.41
2/2/2026,2023.0,20240358.0,21557.0,300.0,"PLAINS PIPELINE, L.P.",Crude Oil,INTERSTATE,NORTH DAKOTA,73.09,0.0,73.09,0.0,0.0,0.0,0.0,0.0,0.0,0.0,0.0,0.0,0.0,0.0,0.0,0.0,0.0,0.0,0.0,0.0,0.0,0.0,73.09,0.0,0.0,73.09
2/2/2026,2023.0,20240358.0,21557.0,300.0,"PLAINS PIPELINE, L.P.",Crude Oil,INTERSTATE,OKLAHOMA,605.2,0.0,605.2,0.0,0.0,0.0,0.0,0.0,0.0,0.0,0.0,0.0,0.0,0.0,0.0,0.0,0.0,0.0,0.0,0.0,0.0,0.0,605.2,0.0,0.0,605.2
2/2/2026,2023.0,20240358.0,21557.0,300.0,"PLAINS PIPELINE, L.P.",Crude Oil,INTERSTATE,TENNESSEE,6.59,0.0,6.59,0.0,0.0,0.0,0.0,0.0,0.0,0.0,0.0,0.0,0.0,0.0,0.0,0.0,0.0,0.0,0.0,0.0,0.0,0.0,6.59,0.0,0.0,6.59
2/2/2026,2023.0,20240358.0,21557.0,300.0,"PLAINS PIPELINE, L.P.",Crude Oil,INTERSTATE,TEXAS,1973.75,0.0,1973.75,0.0,0.0,0.0,0.0,0.0,0.0,0.0,0.0,0.0,0.0,0.0,0.0,0.0,0.0,0.0,0.0,0.0,0.0,0.0,1973.75,0.0,0.0,1973.75
2/2/2026,2023.0,20240358.0,21557.0,300.0,"PLAINS PIPELINE, L.P.",Crude Oil,INTERSTATE,WYOMING,549.04,0.0,549.04,0.0,0.49,0.0,0.0,0.49,0.0,0.0,0.0,0.0,0.0,0.0,0.0,0.0,0.0,0.0,0.0,0.0,0.0,0.0,549.53,0.0,0.0,549.53
2/2/2026,2023.0,20240358.0,21557.0,300.0,"PLAINS PIPELINE, L.P.",Crude Oil,INTRASTATE,CALIFORNIA,442.45,0.0,442.45,0.0,0.0,0.0,0.0,0.0,0.0,0.0,0.0,0.0,0.0,0.0,0.0,0.0,0.0,0.0,0.0,0.0,0.0,0.0,442.45,0.0,0.0,442.45
2/2/2026,2023.0,20240358.0,21557.0,300.0,"PLAINS PIPELINE, L.P.",Crude Oil,INTRASTATE,MISSISSIPPI,38.94,0.0,38.94,0.0,0.0,0.0,0.0,0.0,0.0,0.0,0.0,0.0,0.0,0.0,0.0,0.0,0.0,0.0,0.0,0.0,0.0,0.0,38.94,0.0,0.0,38.94
2/2/2026,2023.0,20240358.0,21557.0,300.0,"PLAINS PIPELINE, L.P.",Crude Oil,INTRASTATE,MONTANA,2.62,0.0,2.62,0.0,0.0,0.0,0.0,0.0,0.0,0.0,0.0,0.0,0.0,0.0,0.0,0.0,0.0,0.0,0.0,0.0,0.0,0.0,2.62,0.0,0.0,2.62
2/2/2026,2023.0,20240358.0,21557.0,300.0,"PLAINS PIPELINE, L.P.",Crude Oil,INTRASTATE,NEW MEXICO,120.36,0.0,120.36,0.0,0.0,0.0,0.0,0.0,0.0,0.0,0.0,0.0,0.0,0.0,0.0,0.0,0.0,0.0,0.0,0.0,0.0,0.0,120.36,0.0,0.0,120.36
2/2/2026,2023.0,20240358.0,21557.0,300.0,"PLAINS PIPELINE, L.P.",Crude Oil,INTRASTATE,OKLAHOMA,319.77,0.0,319.77,0.0,0.0,0.0,0.0,0.0,0.0,0.0,0.0,0.0,0.0,0.0,0.0,0.0,0.0,0.0,0.0,0.0,0.0,0.0,319.77,0.0,0.0,319.77
2/2/2026,2023.0,20240358.0,21557.0,300.0,"PLAINS PIPELINE, L.P.",Crude Oil,INTRASTATE,TEXAS,2588.05,0.0,2588.05,4.84,178.47,0.0,0.0,183.31,0.0,0.0,0.0,0.0,0.0,0.0,0.0,0.0,0.0,0.0,0.0,0.0,0.0,0.0,2771.36,0.0,0.0,2771.36
2/2/2026,2023.0,20240183.0,20979.0,300.0,"PLAINS PIPELINE, L.P.",HVL,INTERSTATE,MICHIGAN,72.47,0.0,72.47,0.0,0.0,0.0,0.0,0.0,0.0,0.0,0.0,0.0,0.0,0.0,0.0,0.0,0.0,0.0,0.0,0.0,0.0,0.0,72.47,0.0,0.0,72.47
2/2/2026,2023.0,20240183.0,20979.0,300.0,"PLAINS PIPELINE, L.P.",HVL,INTRASTATE,CALIFORNIA,43.08,0.0,43.08,0.0,0.0,0.0,0.0,0.0,0.0,0.0,0.0,0.0,0.0,0.0,0.0,0.0,0.0,0.0,0.0,0.0,0.0,0.0,43.08,0.0,0.0,43.08
2/2/2026,2023.0,20240183.0,20979.0,300.0,"PLAINS PIPELINE, L.P.",HVL,INTRASTATE,TEXAS,11.83,0.0,11.83,0.0,0.0,0.0,0.0,0.0,0.0,0.0,0.0,0.0,0.0,0.0,0.0,0.0,0.0,0.0,0.0,0.0,0.0,0.0,11.83,0.0,0.0,11.83
2/2/2026,2023.0,20240122.0,20898.0,395.0,AMOCO OIL CO,Refined and/or Petroleum Product (non-HVL),INTERSTATE,ILLINOIS,272.7,0.0,272.7,0.0,0.0,0.0,0.0,0.0,0.0,0.0,0.0,0.0,0.0,0.0,0.0,0.0,0.0,0.0,0.0,0.0,0.0,0.0,272.7,0.0,0.0,272.7
2/2/2026,2023.0,20240122.0,20898.0,395.0,AMOCO OIL CO,Refined and/or Petroleum Product (non-HVL),INTERSTATE,INDIANA,257.9,0.0,257.9,0.0,0.0,0.0,0.0,0.0,0.0,0.0,0.0,0.0,0.0,0.0,0.0,0.0,0.0,0.0,0.0,0.0,0.0,0.0,257.9,0.0,0.0,257.9
2/2/2026,2023.0,20240122.0,20898.0,395.0,AMOCO OIL CO,Refined and/or Petroleum Product (non-HVL),INTERSTATE,IOWA,121.4,0.0,121.4,0.0,0.0,0.0,0.0,0.0,0.0,0.0,0.0,0.0,0.0,0.0,0.0,0.0,0.0,0.0,0.0,0.0,0.0,0.0,121.4,0.0,0.0,121.4
2/2/2026,2023.0,20240122.0,20898.0,395.0,AMOCO OIL CO,Refined and/or Petroleum Product (non-HVL),INTERSTATE,MICHIGAN,162.4,0.0,162.4,0.0,0.0,0.0,0.0,0.0,0.0,0.0,0.0,0.0,0.0,0.0,0.0,0.0,0.0,0.0,0.0,0.0,0.0,0.0,162.4,0.0,0.0,162.4
2/2/2026,2023.0,20240122.0,20898.0,395.0,AMOCO OIL CO,Refined and/or Petroleum Product (non-HVL),INTERSTATE,MINNESOTA,126.2,0.0,126.2,0.0,0.0,0.0,0.0,0.0,0.0,0.0,0.0,0.0,0.0,0.0,0.0,0.0,0.0,0.0,0.0,0.0,0.0,0.0,126.2,0.0,0.0,126.2
2/2/2026,2023.0,20240122.0,20898.0,395.0,AMOCO OIL CO,Refined and/or Petroleum Product (non-HVL),INTERSTATE,MISSOURI,211.6,0.0,211.6,0.0,0.0,0.0,0.0,0.0,0.0,0.0,0.0,0.0,0.0,0.0,0.0,0.0,0.0,0.0,0.0,0.0,0.0,0.0,211.6,0.0,0.0,211.6
2/2/2026,2023.0,20240625.0,21593.0,473.0,"WESTERN MIDSTREAM PARTNERS, LP",Crude Oil,INTRASTATE,COLORADO,141.4,0.0,141.4,0.0,0.0,0.0,0.0,0.0,0.0,0.0,0.0,0.0,0.0,0.0,0.0,0.0,0.0,0.0,0.0,0.0,0.0,0.0,141.4,0.0,0.0,141.4
2/2/2026,2023.0,20240625.0,21593.0,473.0,"WESTERN MIDSTREAM PARTNERS, LP",Crude Oil,INTRASTATE,TEXAS,336.6,0.0,336.6,0.0,0.0,0.0,0.0,0.0,0.0,0.0,0.0,0.0,0.0,0.0,0.0,0.0,0.0,0.0,0.0,0.0,0.0,0.0,336.6,0.0,0.0,336.6
2/2/2026,2023.0,20240625.0,21593.0,473.0,"WESTERN MIDSTREAM PARTNERS, LP",Crude Oil,INTRASTATE,WYOMING,32.0,0.0,32.0,0.0,0.0,0.0,0.0,0.0,0.0,0.0,0.0,0.0,0.0,0.0,0.0,0.0,0.0,0.0,0.0,0.0,0.0,0.0,32.0,0.0,0.0,32.0
2/2/2026,2023.0,20240632.0,21592.0,473.0,"WESTERN MIDSTREAM PARTNERS, LP",HVL,INTRASTATE,COLORADO,74.5,0.0,74.5,0.0,0.0,0.0,0.0,0.0,0.0,0.0,0.0,0.0,0.0,0.0,0.0,0.0,0.0,0.0,0.0,0.0,0.0,0.0,74.5,0.0,0.0,74.5
2/2/2026,2023.0,20240632.0,21592.0,473.0,"WESTERN MIDSTREAM PARTNERS, LP",HVL,INTRASTATE,TEXAS,61.9,0.0,61.9,0.0,0.0,0.0,0.0,0.0,0.0,0.0,0.0,0.0,0.0,0.0,0.0,0.0,0.0,0.0,0.0,0.0,0.0,0.0,61.9,0.0,0.0,61.9
2/2/2026,2023.0,20240632.0,21592.0,473.0,"WESTERN MIDSTREAM PARTNERS, LP",HVL,INTRASTATE,UTAH,32.76,0.0,32.76,0.0,0.0,0.0,0.0,0.0,0.0,0.0,0.0,0.0,0.0,0.0,0.0,0.0,0.0,0.0,0.0,0.0,0.0,0.0,32.76,0.0,0.0,32.76
2/2/2026,2023.0,20240632.0,21592.0,473.0,"WESTERN MIDSTREAM PARTNERS, LP",HVL,INTRASTATE,WYOMING,118.5,0.0,118.5,0.0,0.0,0.0,0.0,0.0,0.0,0.0,0.0,0.0,0.0,0.0,0.0,0.0,0.0,0.0,0.0,0.0,0.0,0.0,118.5,0.0,0.0,118.5
2/2/2026,2023.0,20240429.0,21245.0,515.0,DAKOTA GASIFICATION COMPANY,CO2,INTERSTATE,NORTH DAKOTA,167.04,0.0,167.04,0.0,0.0,0.0,0.0,0.0,0.0,0.0,0.0,0.0,0.0,0.0,0.0,0.0,0.0,0.0,0.0,0.0,0.0,0.0,167.04,0.0,0.0,167.04
2/2/2026,2023.0,20240454.0,21271.0,994.0,"WILLIAMS FIELD SERVICES - GULF COAST COMPANY, LP",Crude Oil,INTERSTATE,OCS-Gulf of Mexico,0.0,5.9,5.9,0.0,0.0,0.0,0.0,0.0,0.0,0.0,0.0,0.0,0.0,0.0,0.0,0.0,0.0,0.0,0.0,0.0,0.0,0.0,0.0,5.9,0.0,5.9
2/2/2026,2023.0,20240663.0,21484.0,999.0,"PACIFIC COAST ENERGY COMPANY, LP",Crude Oil,INTRASTATE,CALIFORNIA,0.0,0.0,0.0,1.69,0.0,0.0,0.0,1.69,0.0,0.0,0.0,0.0,0.0,0.0,0.0,0.0,0.0,0.0,0.0,0.0,0.0,0.0,1.69,0.0,0.0,1.69
2/2/2026,2023.0,20240196.0,20997.0,1541.0,"HILCORP NORTH SLOPE, LLC",Crude Oil,INTRASTATE,ALASKA,29.053,0.0,29.053,5.559,0.0,0.0,0.0,5.559,0.0,0.0,0.0,0.0,0.0,0.0,0.0,0.0,0.0,0.0,0.0,0.0,0.0,0.0,34.612,0.0,0.0,34.612
2/2/2026,2023.0,20240641.0,21462.0,1845.0,"BUCKEYE PARTNERS, LP",Crude Oil,INTERSTATE,INDIANA,1.641,0.0,1.641,0.0,0.0,0.0,0.0,0.0,0.0,0.0,0.0,0.0,0.0,0.0,0.0,0.0,0.0,0.0,0.0,0.0,0.0,0.0,1.641,0.0,0.0,1.641
2/2/2026,2023.0,20240641.0,21462.0,1845.0,"BUCKEYE PARTNERS, LP",Crude Oil,INTERSTATE,OHIO,1.168,0.0,1.168,0.0,0.0,0.0,0.0,0.0,0.0,0.0,0.0,0.0,0.0,0.0,0.0,0.0,0.0,0.0,0.0,0.0,0.0,0.0,1.168,0.0,0.0,1.168
2/2/2026,2023.0,20240641.0,21462.0,1845.0,"BUCKEYE PARTNERS, LP",Crude Oil,INTRASTATE,TEXAS,3.5,0.0,3.5,0.0,0.0,0.0,0.0,0.0,0.0,0.0,0.0,0.0,0.0,0.0,0.0,0.0,0.0,0.0,0.0,0.0,0.0,0.0,3.5,0.0,0.0,3.5
2/2/2026,2023.0,20240640.0,21461.0,1845.0,"BUCKEYE PARTNERS, LP",Fuel Grade Ethanol (dedicated system),INTERSTATE,FLORIDA,1.61,0.0,1.61,0.0,0.0,0.0,0.0,0.0,0.0,0.0,0.0,0.0,0.0,0.0,0.0,0.0,0.0,0.0,0.0,0.0,0.0,0.0,1.61,0.0,0.0,1.61
2/2/2026,2023.0,20240640.0,21461.0,1845.0,"BUCKEYE PARTNERS, LP",Fuel Grade Ethanol (dedicated system),INTRASTATE,FLORIDA,0.0,0.0,0.0,1.722,0.0,0.0,0.0,1.722,0.0,0.0,0.0,0.0,0.0,0.0,0.0,0.0,0.0,0.0,0.0,0.0,0.0,0.0,1.722,0.0,0.0,1.722
2/2/2026,2023.0,20240642.0,21463.0,1845.0,"BUCKEYE PARTNERS, LP",HVL,INTERSTATE,ILLINOIS,13.54,0.0,13.54,0.0,0.0,0.0,0.0,0.0,0.0,0.0,0.0,0.0,0.0,0.0,0.0,0.0,0.0,0.0,0.0,0.0,0.0,0.0,13.54,0.0,0.0,13.54
2/2/2026,2023.0,20240642.0,21463.0,1845.0,"BUCKEYE PARTNERS, LP",HVL,INTERSTATE,INDIANA,1.621,0.0,1.621,0.198,0.0,0.0,0.0,0.198,0.0,0.0,0.0,0.0,0.0,0.0,0.0,0.0,0.0,0.0,0.0,0.0,0.0,0.0,1.819,0.0,0.0,1.819
2/2/2026,2023.0,20240642.0,21463.0,1845.0,"BUCKEYE PARTNERS, LP",HVL,INTERSTATE,OHIO,0.91,0.0,0.91,0.0,0.0,0.0,0.0,0.0,0.0,0.0,0.0,0.0,0.0,0.0,0.0,0.0,0.0,0.0,0.0,0.0,0.0,0.0,0.91,0.0,0.0,0.91
2/2/2026,2023.0,20240642.0,21463.0,1845.0,"BUCKEYE PARTNERS, LP",HVL,INTRASTATE,FLORIDA,0.0,0.0,0.0,1.733,0.0,0.0,0.0,1.733,0.0,0.0,0.0,0.0,0.0,0.0,0.0,0.0,0.0,0.0,0.0,0.0,0.0,0.0,1.733,0.0,0.0,1.733
2/2/2026,2023.0,20240642.0,21463.0,1845.0,"BUCKEYE PARTNERS, LP",HVL,INTRASTATE,TEXAS,14.87,0.0,14.87,0.0,0.0,0.0,0.0,0.0,0.0,0.0,0.0,0.0,0.0,0.0,0.0,0.0,0.0,0.0,0.0,0.0,0.0,0.0,14.87,0.0,0.0,14.87
2/2/2026,2023.0,20240643.0,21650.0,1845.0,"BUCKEYE PARTNERS, LP",Refined and/or Petroleum Product (non-HVL),INTERSTATE,CONNECTICUT,73.376,0.0,73.376,20.122,0.0,0.0,0.0,20.122,0.0,0.0,0.0,0.0,0.0,0.0,0.0,0.0,0.0,0.0,0.0,0.0,0.0,0.0,93.498,0.0,0.0,93.498
2/2/2026,2023.0,20240643.0,21650.0,1845.0,"BUCKEYE PARTNERS, LP",Refined and/or Petroleum Product (non-HVL),INTERSTATE,DELAWARE,0.0,0.0,0.0,3.079,0.0,0.0,0.0,3.079,0.0,0.0,0.0,0.0,0.0,0.0,0.0,0.0,0.0,0.0,0.0,0.0,0.0,0.0,3.079,0.0,0.0,3.079
2/2/2026,2023.0,20240643.0,21650.0,1845.0,"BUCKEYE PARTNERS, LP",Refined and/or Petroleum Product (non-HVL),INTERSTATE,FLORIDA,0.0,0.0,0.0,1.623,0.0,0.0,0.0,1.623,0.0,0.0,0.0,0.0,0.0,0.0,0.0,0.0,0.0,0.0,0.0,0.0,0.0,0.0,1.623,0.0,0.0,1.623
2/2/2026,2023.0,20240643.0,21650.0,1845.0,"BUCKEYE PARTNERS, LP",Refined and/or Petroleum Product (non-HVL),INTERSTATE,ILLINOIS,1030.353,0.0,1030.353,9.385,0.0,0.0,0.0,9.385,0.0,0.0,0.0,0.0,0.0,0.0,0.0,0.0,0.0,0.0,0.0,0.0,0.0,0.0,1039.738,0.0,0.0,1039.738
2/2/2026,2023.0,20240643.0,21650.0,1845.0,"BUCKEYE PARTNERS, LP",Refined and/or Petroleum Product (non-HVL),INTERSTATE,INDIANA,912.04,0.0,912.04,22.012,0.0,0.0,0.0,22.012,0.0,0.0,0.0,0.0,0.0,0.0,0.0,0.0,0.0,0.0,0.0,0.0,0.0,0.0,934.052,0.0,0.0,934.052
2/2/2026,2023.0,20240643.0,21650.0,1845.0,"BUCKEYE PARTNERS, LP",Refined and/or Petroleum Product (non-HVL),INTERSTATE,IOWA,328.071,0.0,328.071,0.0,0.0,0.0,0.0,0.0,0.0,0.0,0.0,0.0,0.0,0.0,0.0,0.0,0.0,0.0,0.0,0.0,0.0,0.0,328.071,0.0,0.0,328.071
2/2/2026,2023.0,20240643.0,21650.0,1845.0,"BUCKEYE PARTNERS, LP",Refined and/or Petroleum Product (non-HVL),INTERSTATE,MAINE,124.244,0.0,124.244,0.0,0.0,0.0,0.0,0.0,0.0,0.0,0.0,0.0,0.0,0.0,0.0,0.0,0.0,0.0,0.0,0.0,0.0,0.0,124.244,0.0,0.0,124.244
2/2/2026,2023.0,20240643.0,21650.0,1845.0,"BUCKEYE PARTNERS, LP",Refined and/or Petroleum Product (non-HVL),INTERSTATE,MASSACHUSETTS,13.692,0.0,13.692,7.19,0.0,0.0,0.0,7.19,0.0,0.0,0.0,0.0,0.0,0.0,0.0,0.0,0.0,0.0,0.0,0.0,0.0,0.0,20.882,0.0,0.0,20.882
2/2/2026,2023.0,20240643.0,21650.0,1845.0,"BUCKEYE PARTNERS, LP",Refined and/or Petroleum Product (non-HVL),INTERSTATE,MICHIGAN,379.8,0.0,379.8,11.889,0.0,0.0,0.0,11.889,0.0,0.0,0.0,0.0,0.0,0.0,0.0,0.0,0.0,0.0,0.0,0.0,0.0,0.0,391.689,0.0,0.0,391.689
2/2/2026,2023.0,20240643.0,21650.0,1845.0,"BUCKEYE PARTNERS, LP",Refined and/or Petroleum Product (non-HVL),INTERSTATE,MISSOURI,266.484,0.0,266.484,14.415,0.0,0.0,0.0,14.415,0.0,0.0,0.0,0.0,0.0,0.0,0.0,0.0,0.0,0.0,0.0,0.0,0.0,0.0,280.899,0.0,0.0,280.899
2/2/2026,2023.0,20240643.0,21650.0,1845.0,"BUCKEYE PARTNERS, LP",Refined and/or Petroleum Product (non-HVL),INTERSTATE,NEW JERSEY,145.354,0.0,145.354,3.767,0.0,0.0,0.0,3.767,0.0,0.0,0.0,0.0,0.0,0.0,0.0,0.0,0.0,0.0,0.0,0.0,0.0,0.0,149.121,0.0,0.0,149.121
2/2/2026,2023.0,20240643.0,21650.0,1845.0,"BUCKEYE PARTNERS, LP",Refined and/or Petroleum Product (non-HVL),INTERSTATE,NEW YORK,610.648,0.0,610.648,15.999,2.595,0.0,0.0,18.594,0.0,0.0,0.0,0.0,0.0,0.0,0.0,0.0,0.0,0.0,0.0,0.0,0.0,0.0,629.242,0.0,0.0,629.242
2/2/2026,2023.0,20240643.0,21650.0,1845.0,"BUCKEYE PARTNERS, LP",Refined and/or Petroleum Product (non-HVL),INTERSTATE,OHIO,1076.204,0.0,1076.204,13.338,0.0,0.0,0.0,13.338,0.0,0.0,0.0,0.0,0.0,0.0,0.0,0.0,0.0,0.0,0.0,0.0,0.0,0.0,1089.542,0.0,0.0,1089.542
2/2/2026,2023.0,20240643.0,21650.0,1845.0,"BUCKEYE PARTNERS, LP",Refined and/or Petroleum Product (non-HVL),INTERSTATE,PENNSYLVANIA,1117.208,0.0,1117.208,5.831,0.0,0.0,0.0,5.831,0.0,0.0,0.0,0.0,0.0,0.0,0.0,0.0,0.0,0.0,0.0,0.0,0.0,0.0,1123.039,0.0,0.0,1123.039
2/2/2026,2023.0,20240643.0,21650.0,1845.0,"BUCKEYE PARTNERS, LP",Refined and/or Petroleum Product (non-HVL),INTRASTATE,ALABAMA,1.98,0.0,1.98,0.0,0.0,0.0,0.0,0.0,0.0,0.0,0.0,0.0,0.0,0.0,0.0,0.0,0.0,0.0,0.0,0.0,0.0,0.0,1.98,0.0,0.0,1.98
2/2/2026,2023.0,20240643.0,21650.0,1845.0,"BUCKEYE PARTNERS, LP",Refined and/or Petroleum Product (non-HVL),INTRASTATE,TEXAS,1.723,0.0,1.723,0.0,0.0,0.0,0.0,0.0,0.0,0.0,0.0,0.0,0.0,0.0,0.0,0.0,0.0,0.0,0.0,0.0,0.0,0.0,1.723,0.0,0.0,1.723
2/2/2026,2023.0,20240028.0,20779.0,2162.0,DOW PIPELINE LLC - CAYUSE,HVL,INTERSTATE,LOUISIANA,166.11,0.0,166.11,0.0,0.0,0.0,0.0,0.0,0.0,0.0,0.0,0.0,0.0,0.0,0.0,0.0,0.0,0.0,0.0,0.0,0.0,0.0,166.11,0.0,0.0,166.11
2/2/2026,2023.0,20240028.0,20779.0,2162.0,DOW PIPELINE LLC - CAYUSE,HVL,INTERSTATE,TEXAS,82.63,0.0,82.63,0.0,0.0,0.0,0.0,0.0,0.0,0.0,0.0,0.0,0.0,0.0,0.0,0.0,0.0,0.0,0.0,0.0,0.0,0.0,82.63,0.0,0.0,82.63
2/2/2026,2023.0,20240186.0,20982.0,2170.0,CENEX PIPELINE LLC,Refined and/or Petroleum Product (non-HVL),INTERSTATE,MONTANA,332.91,0.0,332.91,0.0,0.0,0.0,0.0,0.0,0.0,0.0,0.0,0.0,0.0,0.0,0.0,0.0,0.0,0.0,0.0,0.0,0.0,0.0,332.91,0.0,0.0,332.91
2/2/2026,2023.0,20240186.0,20982.0,2170.0,CENEX PIPELINE LLC,Refined and/or Petroleum Product (non-HVL),INTERSTATE,NORTH DAKOTA,441.28,0.0,441.28,0.0,0.0,0.0,0.0,0.0,0.0,0.0,0.0,0.0,0.0,0.0,0.0,0.0,0.0,0.0,0.0,0.0,0.0,0.0,441.28,0.0,0.0,441.28
2/2/2026,2023.0,20240281.0,21092.0,2190.0,CENTRAL FLORIDA PIPELINE CORP,Refined and/or Petroleum Product (non-HVL),INTRASTATE,FLORIDA,194.541,0.0,194.541,11.158,0.0,0.0,0.0,11.158,0.0,0.0,0.0,0.0,0.0,0.0,0.0,0.0,0.0,0.0,0.0,0.0,0.0,0.0,205.699,0.0,0.0,205.699
2/2/2026,2023.0,20240324.0,21135.0,2387.0,CITGO PIPELINE CO,Crude Oil,INTERSTATE,LOUISIANA,22.334,0.0,22.334,0.0,0.0,0.0,0.0,0.0,0.0,0.0,0.0,0.0,0.0,0.0,0.0,0.0,0.0,0.0,0.0,0.0,0.0,0.0,22.334,0.0,0.0,22.334
2/2/2026,2023.0,20240324.0,21135.0,2387.0,CITGO PIPELINE CO,Crude Oil,INTERSTATE,TEXAS,41.834,0.0,41.834,0.0,0.0,0.0,0.0,0.0,0.0,0.0,0.0,0.0,0.0,0.0,0.0,0.0,0.0,0.0,0.0,0.0,0.0,0.0,41.834,0.0,0.0,41.834
2/2/2026,2023.0,20240644.0,21652.0,2552.0,COLONIAL PIPELINE CO,Refined and/or Petroleum Product (non-HVL),INTERSTATE,ALABAMA,409.14,0.0,409.14,3.61,1.05,0.0,0.0,4.66,0.0,0.0,0.0,0.0,0.0,0.0,0.0,0.0,0.0,0.0,0.0,0.0,0.0,0.0,413.8,0.0,0.0,413.8
2/2/2026,2023.0,20240644.0,21652.0,2552.0,COLONIAL PIPELINE CO,Refined and/or Petroleum Product (non-HVL),INTERSTATE,DELAWARE,2.89,0.0,2.89,0.0,1.36,0.0,0.0,1.36,0.0,0.0,0.0,0.0,0.0,0.0,0.0,0.0,0.0,0.0,0.0,0.0,0.0,0.0,4.25,0.0,0.0,4.25
2/2/2026,2023.0,20240644.0,21652.0,2552.0,COLONIAL PIPELINE CO,Refined and/or Petroleum Product (non-HVL),INTERSTATE,GEORGIA,1052.21,0.0,1052.21,9.99,16.11,0.0,0.0,26.1,0.0,0.0,0.0,0.0,0.0,0.0,0.0,0.0,0.0,0.0,0.0,0.0,0.0,0.0,1078.31,0.0,0.0,1078.31
2/2/2026,2023.0,20240644.0,21652.0,2552.0,COLONIAL PIPELINE CO,Refined and/or Petroleum Product (non-HVL),INTERSTATE,LOUISIANA,462.01,0.0,462.01,0.0,17.73,0.0,0.0,17.73,0.0,0.0,0.0,0.0,0.0,0.0,0.0,0.0,0.0,0.0,0.0,0.0,0.0,0.0,479.74,0.0,0.0,479.74
2/2/2026,2023.0,20240644.0,21652.0,2552.0,COLONIAL PIPELINE CO,Refined and/or Petroleum Product (non-HVL),INTERSTATE,MARYLAND,243.5,0.0,243.5,1.89,62.8,0.0,0.0,64.69,0.0,0.0,0.0,0.0,0.0,0.0,0.0,0.0,0.0,0.0,0.0,0.0,0.0,0.0,308.19,0.0,0.0,308.19
2/2/2026,2023.0,20240644.0,21652.0,2552.0,COLONIAL PIPELINE CO,Refined and/or Petroleum Product (non-HVL),INTERSTATE,MISSISSIPPI,462.8,0.0,462.8,3.23,8.1,0.0,0.0,11.33,0.0,0.0,0.0,0.0,0.0,0.0,0.0,0.0,0.0,0.0,0.0,0.0,0.0,0.0,474.13,0.0,0.0,474.13
2/2/2026,2023.0,20240644.0,21652.0,2552.0,COLONIAL PIPELINE CO,Refined and/or Petroleum Product (non-HVL),INTERSTATE,NEW JERSEY,147.28,0.0,147.28,5.77,16.6,0.0,0.0,22.37,0.0,0.0,0.0,0.0,0.0,0.0,0.0,0.0,0.0,0.0,0.0,0.0,0.0,0.0,169.65,0.0,0.0,169.65
2/2/2026,2023.0,20240644.0,21652.0,2552.0,COLONIAL PIPELINE CO,Refined and/or Petroleum Product (non-HVL),INTERSTATE,NEW YORK,5.01,0.0,5.01,0.0,1.8,0.0,0.0,1.8,0.0,0.0,0.0,0.0,0.0,0.0,0.0,0.0,0.0,0.0,0.0,0.0,0.0,0.0,6.81,0.0,0.0,6.81
2/2/2026,2023.0,20240644.0,21652.0,2552.0,COLONIAL PIPELINE CO,Refined and/or Petroleum Product (non-HVL),INTERSTATE,NORTH CAROLINA,606.39,0.0,606.39,21.3,78.9,0.0,0.0,100.2,0.0,0.0,0.0,0.0,0.0,0.0,0.0,0.0,0.0,0.0,0.0,0.0,0.0,0.0,706.59,0.0,0.0,706.59
2/2/2026,2023.0,20240644.0,21652.0,2552.0,COLONIAL PIPELINE CO,Refined and/or Petroleum Product (non-HVL),INTERSTATE,PENNSYLVANIA,33.64,0.0,33.64,1.32,2.9,0.0,0.0,4.22,0.0,0.0,0.0,0.0,0.0,0.0,0.0,0.0,0.0,0.0,0.0,0.0,0.0,0.0,37.86,0.0,0.0,37.86
2/2/2026,2023.0,20240644.0,21652.0,2552.0,COLONIAL PIPELINE CO,Refined and/or Petroleum Product (non-HVL),INTERSTATE,SOUTH CAROLINA,277.17,0.0,277.17,11.61,88.25,0.0,0.0,99.86,0.0,0.0,0.0,0.0,0.0,0.0,0.0,0.0,0.0,0.0,0.0,0.0,0.0,0.0,377.03,0.0,0.0,377.03
2/2/2026,2023.0,20240644.0,21652.0,2552.0,COLONIAL PIPELINE CO,Refined and/or Petroleum Product (non-HVL),INTERSTATE,TENNESSEE,382.57,0.0,382.57,6.75,92.42,0.0,0.0,99.17,0.0,0.0,0.0,0.0,0.0,0.0,0.0,0.0,0.0,0.0,0.0,0.0,0.0,0.0,481.74,0.0,0.0,481.74
2/2/2026,2023.0,20240644.0,21652.0,2552.0,COLONIAL PIPELINE CO,Refined and/or Petroleum Product (non-HVL),INTERSTATE,TEXAS,263.72,0.0,263.72,2.94,3.04,0.0,0.0,5.98,0.0,0.0,0.0,0.0,0.0,0.0,0.0,0.0,0.0,0.0,0.0,0.0,0.0,0.0,269.7,0.0,0.0,269.7
2/2/2026,2023.0,20240644.0,21652.0,2552.0,COLONIAL PIPELINE CO,Refined and/or Petroleum Product (non-HVL),INTERSTATE,VIRGINIA,729.49,0.0,729.49,11.82,47.95,0.0,0.0,59.77,0.0,0.0,0.0,0.0,0.0,0.0,0.0,0.0,0.0,0.0,0.0,0.0,0.0,0.0,789.26,0.0,0.0,789.26
2/2/2026,2023.0,20240644.0,21652.0,2552.0,COLONIAL PIPELINE CO,Refined and/or Petroleum Product (non-HVL),INTERSTATE,WASHINGTON DC,0.0,0.0,0.0,0.0,0.82,0.0,0.0,0.82,0.0,0.0,0.0,0.0,0.0,0.0,0.0,0.0,0.0,0.0,0.0,0.0,0.0,0.0,0.82,0.0,0.0,0.82
2/2/2026,2023.0,20240066.0,20817.0,2714.0,"EASTERN GAS TRANSMISSION AND STORAGE, INC.",HVL,INTERSTATE,PENNSYLVANIA,51.775,0.0,51.775,0.525,0.0,0.0,0.0,0.525,0.0,0.0,0.0,0.0,0.0,0.0,0.0,0.0,0.0,0.0,0.0,0.0,0.0,0.0,52.3,0.0,0.0,52.3
2/2/2026,2023.0,20240066.0,20817.0,2714.0,"EASTERN GAS TRANSMISSION AND STORAGE, INC.",HVL,INTERSTATE,WEST VIRGINIA,18.213,0.0,18.213,0.244,0.0,0.0,0.0,0.244,0.001,0.0,0.0,0.0,0.001,0.0,0.0,0.0,0.0,0.0,0.0,0.0,0.0,0.0,18.458,0.0,0.0,18.458
2/2/2026,2023.0,20240066.0,20817.0,2714.0,"EASTERN GAS TRANSMISSION AND STORAGE, INC.",HVL,INTRASTATE,WEST VIRGINIA,1.652,0.0,1.652,5.892,0.0,0.0,0.0,5.892,0.0,0.0,0.0,0.0,0.0,0.0,0.0,0.0,0.0,0.0,0.0,0.0,0.0,0.0,7.544,0.0,0.0,7.544
2/2/2026,2023.0,20240065.0,20816.0,2714.0,"EASTERN GAS TRANSMISSION AND STORAGE, INC.",Refined and/or Petroleum Product (non-HVL),INTRASTATE,WEST VIRGINIA,27.246,0.0,27.246,1.904,0.0,0.0,0.0,1.904,0.0,0.0,0.0,0.0,0.0,0.0,0.0,0.0,0.0,0.0,0.0,0.0,0.0,0.0,29.15,0.0,0.0,29.15
2/2/2026,2023.0,20240034.0,20785.0,2730.0,CHEVRON PRODUCTS COMPANY,Refined and/or Petroleum Product (non-HVL),INTRASTATE,OREGON,0.0,0.0,0.0,0.0,0.0,0.0,0.0,0.0,0.0,0.0,0.0,0.0,0.0,0.0,0.0,0.0,0.0,0.0,0.0,0.0,0.0,0.0,0.0,0.0,0.0,0.0
2/2/2026,2023.0,20240501.0,21631.0,2731.0,CHEVRON PIPE LINE CO,Crude Oil,INTERSTATE,COLORADO,10.5,0.0,10.5,0.0,5.0,0.0,0.0,5.0,0.0,0.0,0.0,0.0,0.0,0.0,0.0,0.0,0.0,0.0,0.0,0.0,0.0,0.0,15.5,0.0,0.0,15.5
2/2/2026,2023.0,20240501.0,21631.0,2731.0,CHEVRON PIPE LINE CO,Crude Oil,INTERSTATE,LOUISIANA,127.54,0.0,127.54,0.0,29.3,0.0,0.0,29.3,0.0,0.0,0.0,0.0,0.0,0.0,0.0,0.0,0.0,0.0,0.0,0.0,0.0,0.0,156.84,0.0,0.0,156.84
2/2/2026,2023.0,20240501.0,21631.0,2731.0,CHEVRON PIPE LINE CO,Crude Oil,INTERSTATE,MISSISSIPPI,40.9,0.0,40.9,0.0,0.0,0.0,0.0,0.0,0.0,0.0,0.0,0.0,0.0,0.0,0.0,0.0,0.0,0.0,0.0,0.0,0.0,0.0,40.9,0.0,0.0,40.9
2/2/2026,2023.0,20240501.0,21631.0,2731.0,CHEVRON PIPE LINE CO,Crude Oil,INTERSTATE,OCS-Gulf of Mexico,0.0,138.8,138.8,0.0,0.0,0.0,0.0,0.0,0.0,0.0,0.0,0.0,0.0,0.0,0.0,0.0,0.0,0.0,0.0,0.0,0.0,0.0,0.0,138.8,0.0,138.8
2/2/2026,2023.0,20240501.0,21631.0,2731.0,CHEVRON PIPE LINE CO,Crude Oil,INTERSTATE,UTAH,172.7,0.0,172.7,30.0,141.8,0.0,0.0,171.8,0.0,0.0,0.0,0.0,0.0,0.0,0.0,0.0,0.0,0.0,0.0,0.0,0.0,0.0,344.5,0.0,0.0,344.5
2/2/2026,2023.0,20240501.0,21631.0,2731.0,CHEVRON PIPE LINE CO,Crude Oil,INTRASTATE,CALIFORNIA,18.5,0.0,18.5,49.24,0.0,0.0,0.0,49.24,0.0,0.0,0.0,0.0,0.0,0.0,0.0,0.0,0.0,0.0,0.0,0.0,0.0,0.0,67.74,0.0,0.0,67.74
2/2/2026,2023.0,20240444.0,21261.0,2731.0,CHEVRON PIPE LINE CO,HVL,INTRASTATE,LOUISIANA,18.5,0.0,18.5,0.0,0.0,0.0,0.0,0.0,0.0,0.0,0.0,0.0,0.0,0.0,0.0,0.0,0.0,0.0,0.0,0.0,0.0,0.0,18.5,0.0,0.0,18.5
2/2/2026,2023.0,20240444.0,21261.0,2731.0,CHEVRON PIPE LINE CO,HVL,INTRASTATE,TEXAS,1051.13,0.0,1051.13,0.0,0.0,0.0,0.0,0.0,0.0,0.0,0.0,0.0,0.0,0.0,0.0,0.0,0.0,0.0,0.0,0.0,0.0,0.0,1051.13,0.0,0.0,1051.13
2/2/2026,2023.0,20240655.0,21476.0,2731.0,CHEVRON PIPE LINE CO,Refined and/or Petroleum Product (non-HVL),INTRASTATE,CALIFORNIA,215.4,0.0,215.4,55.9,0.0,0.0,0.0,55.9,0.0,0.0,0.0,0.0,0.0,0.0,0.0,0.0,0.0,0.0,0.0,0.0,0.0,0.0,271.3,0.0,0.0,271.3
2/2/2026,2023.0,20240655.0,21476.0,2731.0,CHEVRON PIPE LINE CO,Refined and/or Petroleum Product (non-HVL),INTRASTATE,UTAH,0.0,0.0,0.0,2.7,0.0,0.0,0.0,2.7,0.0,0.0,0.0,0.0,0.0,0.0,0.0,0.0,0.0,0.0,0.0,0.0,0.0,0.0,2.7,0.0,0.0,2.7
2/2/2026,2023.0,20240068.0,20820.0,2767.0,"HARVEST ALASKA, LLC",Crude Oil,INTERSTATE,ALASKA,43.96,10.71,54.67,0.0,0.01,0.0,0.0,0.01,0.0,0.0,0.0,0.0,0.0,0.0,0.0,0.0,0.0,0.0,0.0,0.0,0.0,0.0,43.97,10.71,0.0,54.68
2/2/2026,2023.0,20240068.0,20820.0,2767.0,"HARVEST ALASKA, LLC",Crude Oil,INTRASTATE,ALASKA,29.74,20.92,50.66,11.2,3.1,0.0,0.0,14.3,0.0,0.0,0.0,0.0,0.0,0.0,0.0,0.0,0.0,0.0,0.0,0.0,0.0,0.0,44.04,20.92,0.0,64.96
2/2/2026,2023.0,20240350.0,21163.0,3445.0,DIXIE PIPELINE COMPANY LLC,HVL,INTERSTATE,ALABAMA,251.23,0.0,251.23,0.0,0.0,0.0,0.0,0.0,0.0,0.0,0.0,0.0,0.0,0.0,0.0,0.0,0.0,0.0,0.0,0.0,0.0,0.0,251.23,0.0,0.0,251.23
2/2/2026,2023.0,20240350.0,21163.0,3445.0,DIXIE PIPELINE COMPANY LLC,HVL,INTERSTATE,GEORGIA,360.133,0.0,360.133,0.0,0.0,0.0,0.0,0.0,0.0,0.0,0.0,0.0,0.0,0.0,0.0,0.0,0.0,0.0,0.0,0.0,0.0,0.0,360.133,0.0,0.0,360.133
2/2/2026,2023.0,20240350.0,21163.0,3445.0,DIXIE PIPELINE COMPANY LLC,HVL,INTERSTATE,LOUISIANA,234.278,0.0,234.278,0.0,0.0,0.0,0.0,0.0,0.0,0.0,0.0,0.0,0.0,0.0,0.0,0.0,0.0,0.0,0.0,0.0,0.0,0.0,234.278,0.0,0.0,234.278
2/2/2026,2023.0,20240350.0,21163.0,3445.0,DIXIE PIPELINE COMPANY LLC,HVL,INTERSTATE,MISSISSIPPI,122.846,0.0,122.846,0.0,0.0,0.0,0.0,0.0,0.0,0.0,0.0,0.0,0.0,0.0,0.0,0.0,0.0,0.0,0.0,0.0,0.0,0.0,122.846,0.0,0.0,122.846
2/2/2026,2023.0,20240350.0,21163.0,3445.0,DIXIE PIPELINE COMPANY LLC,HVL,INTERSTATE,NORTH CAROLINA,89.255,0.0,89.255,0.0,0.0,0.0,0.0,0.0,0.0,0.0,0.0,0.0,0.0,0.0,0.0,0.0,0.0,0.0,0.0,0.0,0.0,0.0,89.255,0.0,0.0,89.255
2/2/2026,2023.0,20240350.0,21163.0,3445.0,DIXIE PIPELINE COMPANY LLC,HVL,INTERSTATE,SOUTH CAROLINA,163.054,0.0,163.054,0.0,0.0,0.0,0.0,0.0,0.0,0.0,0.0,0.0,0.0,0.0,0.0,0.0,0.0,0.0,0.0,0.0,0.0,0.0,163.054,0.0,0.0,163.054
2/2/2026,2023.0,20240350.0,21163.0,3445.0,DIXIE PIPELINE COMPANY LLC,HVL,INTERSTATE,TEXAS,79.04,0.0,79.04,0.0,0.0,0.0,0.0,0.0,0.0,0.0,0.0,0.0,0.0,0.0,0.0,0.0,0.0,0.0,0.0,0.0,0.0,0.0,79.04,0.0,0.0,79.04
2/2/2026,2023.0,20240032.0,20783.0,3527.0,DOW PIPELINE LLC,HVL,INTRASTATE,TEXAS,470.84,0.0,470.84,0.54,6.65,0.0,0.0,7.19,0.57,0.68,0.0,0.0,1.25,0.0,0.0,0.0,0.0,0.0,0.0,0.0,0.0,0.0,479.28,0.0,0.0,479.28
2/2/2026,2023.0,20240031.0,20782.0,3535.0,DOW PIPELINE LLC,HVL,INTRASTATE,LOUISIANA,196.75,0.0,196.75,0.0,0.0,0.0,0.0,0.0,0.68,0.0,0.0,0.0,0.68,0.0,0.0,0.0,0.0,0.0,0.0,0.0,0.0,0.0,197.43,0.0,0.0,197.43
2/2/2026,2023.0,20240592.0,21409.0,4430.0,VALERO TERMINALING AND DISTRIBUTION COMPANY,Crude Oil,INTERSTATE,TENNESSEE,0.24,0.0,0.24,0.0,0.0,0.0,0.0,0.0,0.0,0.0,0.0,0.0,0.0,0.0,0.0,0.0,0.0,0.0,0.0,0.0,0.0,0.0,0.24,0.0,0.0,0.24
2/2/2026,2023.0,20240592.0,21409.0,4430.0,VALERO TERMINALING AND DISTRIBUTION COMPANY,Crude Oil,INTRASTATE,TEXAS,2.67,0.0,2.67,1.63,0.18,0.0,0.0,1.81,0.0,0.0,0.0,0.0,0.0,0.0,0.0,0.0,0.0,0.0,0.0,0.0,0.0,0.0,4.48,0.0,0.0,4.48
2/2/2026,2023.0,20240597.0,21414.0,4430.0,VALERO TERMINALING AND DISTRIBUTION COMPANY,HVL,INTERSTATE,TEXAS,53.27,0.0,53.27,0.0,0.0,0.0,0.0,0.0,0.0,0.0,0.0,0.0,0.0,0.0,0.0,0.0,0.0,0.0,0.0,0.0,0.0,0.0,53.27,0.0,0.0,53.27
2/2/2026,2023.0,20240597.0,21414.0,4430.0,VALERO TERMINALING AND DISTRIBUTION COMPANY,HVL,INTRASTATE,TEXAS,40.84,0.0,40.84,0.0,0.0,0.0,0.0,0.0,0.0,0.0,0.0,0.0,0.0,0.0,0.0,0.0,0.0,0.0,0.0,0.0,0.0,0.0,40.84,0.0,0.0,40.84
2/2/2026,2023.0,20240590.0,21407.0,4430.0,VALERO TERMINALING AND DISTRIBUTION COMPANY,Refined and/or Petroleum Product (non-HVL),INTERSTATE,ILLINOIS,10.68,0.0,10.68,0.0,0.0,0.0,0.0,0.0,0.0,0.0,0.0,0.0,0.0,0.0,0.0,0.0,0.0,0.0,0.0,0.0,0.0,0.0,10.68,0.0,0.0,10.68
2/2/2026,2023.0,20240590.0,21407.0,4430.0,VALERO TERMINALING AND DISTRIBUTION COMPANY,Refined and/or Petroleum Product (non-HVL),INTERSTATE,INDIANA,3.16,0.0,3.16,0.0,0.0,0.0,0.0,0.0,0.0,0.0,0.0,0.0,0.0,0.0,0.0,0.0,0.0,0.0,0.0,0.0,0.0,0.0,3.16,0.0,0.0,3.16
2/2/2026,2023.0,20240590.0,21407.0,4430.0,VALERO TERMINALING AND DISTRIBUTION COMPANY,Refined and/or Petroleum Product (non-HVL),INTRASTATE,TENNESSEE,0.45,0.0,0.45,0.0,0.0,0.0,0.0,0.0,0.0,0.0,0.0,0.0,0.0,0.0,0.0,0.0,0.0,0.0,0.0,0.0,0.0,0.0,0.45,0.0,0.0,0.45
2/2/2026,2023.0,20240590.0,21407.0,4430.0,VALERO TERMINALING AND DISTRIBUTION COMPANY,Refined and/or Petroleum Product (non-HVL),INTRASTATE,TEXAS,71.16,0.0,71.16,0.0,0.0,0.0,0.0,0.0,0.0,0.0,0.0,0.0,0.0,0.0,0.0,0.0,0.0,0.0,0.0,0.0,0.0,0.0,71.16,0.0,0.0,71.16
2/2/2026,2023.0,20240073.0,20825.0,4461.0,"EOG RESOURCES, INC",Crude Oil,INTRASTATE,TEXAS,52.455,0.0,52.455,0.0,0.0,0.0,0.0,0.0,0.0,0.0,0.0,0.0,0.0,0.0,0.0,0.0,0.0,0.0,0.0,0.0,0.0,0.0,52.455,0.0,0.0,52.455
2/2/2026,2023.0,20240073.0,20825.0,4461.0,"EOG RESOURCES, INC",Crude Oil,INTRASTATE,WYOMING,0.0,0.0,0.0,0.0,0.0,0.0,0.0,0.0,0.0,0.0,0.0,0.0,0.0,0.0,0.0,0.0,0.0,0.0,0.0,0.0,0.0,0.0,0.0,0.0,0.0,0.0
2/2/2026,2023.0,20240212.0,21019.0,4472.0,CYPRESS INTERSTATE PIPELINE LLC,HVL,INTERSTATE,LOUISIANA,27.134,0.0,27.134,0.0,0.0,0.0,0.0,0.0,0.0,0.0,0.0,0.0,0.0,0.0,0.0,0.0,0.0,0.0,0.0,0.0,0.0,0.0,27.134,0.0,0.0,27.134
2/2/2026,2023.0,20240212.0,21019.0,4472.0,CYPRESS INTERSTATE PIPELINE LLC,HVL,INTERSTATE,TEXAS,77.201,0.0,77.201,0.0,0.0,0.0,0.0,0.0,0.0,0.0,0.0,0.0,0.0,0.0,0.0,0.0,0.0,0.0,0.0,0.0,0.0,0.0,77.201,0.0,0.0,77.201
2/2/2026,2023.0,20240192.0,20991.0,4805.0,EXPLORER PIPELINE CO,Refined and/or Petroleum Product (non-HVL),INTERSTATE,ILLINOIS,277.73,0.0,277.73,2.55,0.0,0.0,0.0,2.55,0.0,0.0,0.0,0.0,0.0,0.0,0.0,0.0,0.0,0.0,0.0,0.0,0.0,0.0,280.28,0.0,0.0,280.28
2/2/2026,2023.0,20240192.0,20991.0,4805.0,EXPLORER PIPELINE CO,Refined and/or Petroleum Product (non-HVL),INTERSTATE,INDIANA,28.21,0.0,28.21,12.52,0.0,0.0,0.0,12.52,0.0,0.0,0.0,0.0,0.0,0.0,0.0,0.0,0.0,0.0,0.0,0.0,0.0,0.0,40.73,0.0,0.0,40.73
2/2/2026,2023.0,20240192.0,20991.0,4805.0,EXPLORER PIPELINE CO,Refined and/or Petroleum Product (non-HVL),INTERSTATE,MISSOURI,294.26,0.0,294.26,0.6,0.0,0.0,0.0,0.6,0.0,0.0,0.0,0.0,0.0,0.0,0.0,0.0,0.0,0.0,0.0,0.0,0.0,0.0,294.86,0.0,0.0,294.86
2/2/2026,2023.0,20240192.0,20991.0,4805.0,EXPLORER PIPELINE CO,Refined and/or Petroleum Product (non-HVL),INTERSTATE,OKLAHOMA,282.2,0.0,282.2,11.5,27.11,0.0,0.0,38.61,0.0,0.0,0.0,0.0,0.0,0.0,0.0,0.0,0.0,0.0,0.0,0.0,0.0,0.0,320.81,0.0,0.0,320.81
2/2/2026,2023.0,20240192.0,20991.0,4805.0,EXPLORER PIPELINE CO,Refined and/or Petroleum Product (non-HVL),INTERSTATE,TEXAS,833.77,0.0,833.77,59.96,38.09,0.0,0.0,98.05,0.0,0.0,0.0,0.0,0.0,0.0,0.0,0.0,0.0,0.0,0.0,0.0,0.0,0.0,931.82,0.0,0.0,931.82
2/2/2026,2023.0,20240550.0,21367.0,4906.0,EXXONMOBIL PIPELINE COMPANY LLC,Crude Oil,INTERSTATE,LOUISIANA,92.07,0.0,92.07,0.0,0.4,0.0,0.0,0.4,0.0,0.0,0.0,0.0,0.0,0.0,0.0,0.0,0.0,0.0,0.0,0.0,0.0,0.0,92.47,0.0,0.0,92.47
2/2/2026,2023.0,20240550.0,21367.0,4906.0,EXXONMOBIL PIPELINE COMPANY LLC,Crude Oil,INTERSTATE,NEW MEXICO,12.58,0.0,12.58,0.0,0.0,0.0,0.0,0.0,0.0,0.0,0.0,0.0,0.0,0.0,0.0,0.0,0.0,0.0,0.0,0.0,0.0,0.0,12.58,0.0,0.0,12.58
2/2/2026,2023.0,20240550.0,21367.0,4906.0,EXXONMOBIL PIPELINE COMPANY LLC,Crude Oil,INTERSTATE,OCS-Gulf of Mexico,0.0,138.1,138.1,0.0,0.0,0.0,0.0,0.0,0.0,0.0,0.0,0.0,0.0,0.0,0.0,0.0,0.0,0.0,0.0,0.0,0.0,0.0,0.0,138.1,0.0,138.1
2/2/2026,2023.0,20240550.0,21367.0,4906.0,EXXONMOBIL PIPELINE COMPANY LLC,Crude Oil,INTERSTATE,TEXAS,131.21,14.43,145.64,0.0,0.0,0.0,0.0,0.0,0.0,0.0,0.0,0.0,0.0,0.0,0.0,0.0,0.0,0.0,0.0,0.0,0.0,0.0,131.21,14.43,0.0,145.64
2/2/2026,2023.0,20240550.0,21367.0,4906.0,EXXONMOBIL PIPELINE COMPANY LLC,Crude Oil,INTRASTATE,TEXAS,47.82,0.0,47.82,0.0,0.0,0.0,0.0,0.0,0.0,0.0,0.0,0.0,0.0,0.0,0.0,0.0,0.0,0.0,0.0,0.0,0.0,0.0,47.82,0.0,0.0,47.82
2/2/2026,2023.0,20240469.0,21286.0,4906.0,EXXONMOBIL PIPELINE COMPANY LLC,HVL,INTRASTATE,LOUISIANA,637.74,0.0,637.74,0.0,0.0,0.0,0.0,0.0,0.0,0.0,0.0,0.0,0.0,0.0,0.0,0.0,0.0,0.0,0.0,0.0,0.0,0.0,637.74,0.0,0.0,637.74
2/2/2026,2023.0,20240469.0,21286.0,4906.0,EXXONMOBIL PIPELINE COMPANY LLC,HVL,INTRASTATE,TEXAS,710.0,0.0,710.0,0.0,0.0,0.0,0.0,0.0,0.0,0.0,0.0,0.0,0.0,0.0,0.0,0.0,0.0,0.0,0.0,0.0,0.0,0.0,710.0,0.0,0.0,710.0
2/2/2026,2023.0,20240473.0,21623.0,4906.0,EXXONMOBIL PIPELINE COMPANY LLC,Refined and/or Petroleum Product (non-HVL),INTERSTATE,ILLINOIS,0.0,0.0,0.0,1.12,0.0,0.0,0.0,1.12,0.0,0.0,0.0,0.0,0.0,0.0,0.0,0.0,0.0,0.0,0.0,0.0,0.0,0.0,1.12,0.0,0.0,1.12
2/2/2026,2023.0,20240473.0,21623.0,4906.0,EXXONMOBIL PIPELINE COMPANY LLC,Refined and/or Petroleum Product (non-HVL),INTERSTATE,LOUISIANA,19.76,0.0,19.76,0.0,0.0,0.0,0.0,0.0,0.0,0.0,0.0,0.0,0.0,0.0,0.0,0.0,0.0,0.0,0.0,0.0,0.0,0.0,19.76,0.0,0.0,19.76
2/2/2026,2023.0,20240473.0,21623.0,4906.0,EXXONMOBIL PIPELINE COMPANY LLC,Refined and/or Petroleum Product (non-HVL),INTERSTATE,TEXAS,25.0,0.0,25.0,0.0,0.0,0.0,0.0,0.0,0.0,0.0,0.0,0.0,0.0,0.0,0.0,0.0,0.0,0.0,0.0,0.0,0.0,0.0,25.0,0.0,0.0,25.0
2/2/2026,2023.0,20240473.0,21623.0,4906.0,EXXONMOBIL PIPELINE COMPANY LLC,Refined and/or Petroleum Product (non-HVL),INTRASTATE,LOUISIANA,8.13,0.0,8.13,0.0,0.0,0.0,0.0,0.0,0.0,0.0,0.0,0.0,0.0,0.0,0.0,0.0,0.0,0.0,0.0,0.0,0.0,0.0,8.13,0.0,0.0,8.13
2/2/2026,2023.0,20240473.0,21623.0,4906.0,EXXONMOBIL PIPELINE COMPANY LLC,Refined and/or Petroleum Product (non-HVL),INTRASTATE,TEXAS,565.15,0.0,565.15,0.44,0.0,0.0,0.0,0.44,0.0,0.0,0.0,0.0,0.0,0.0,0.0,0.0,0.0,0.0,0.0,0.0,0.0,0.0,565.59,0.0,0.0,565.59
2/2/2026,2023.0,20240559.0,21376.0,4908.0,"EXXONMOBIL PRODUCTION COMPANY, A DIVISION OF EXXON MOBIL CORPORATION",CO2,INTRASTATE,WYOMING,160.48,0.0,160.48,0.0,0.0,0.0,0.0,0.0,0.0,0.0,0.0,0.0,0.0,0.0,0.0,0.0,0.0,0.0,0.0,0.0,0.0,0.0,160.48,0.0,0.0,160.48
2/2/2026,2023.0,20240074.0,20826.0,4908.0,"EXXONMOBIL PRODUCTION COMPANY, A DIVISION OF EXXON MOBIL CORPORATION",Crude Oil,INTERSTATE,CALIFORNIA,1.15,5.05,6.2,0.0,0.0,0.0,0.0,0.0,0.0,0.0,0.0,0.0,0.0,0.0,0.0,0.0,0.0,0.0,0.0,0.0,0.0,0.0,1.15,5.05,0.0,6.2
2/2/2026,2023.0,20240074.0,20826.0,4908.0,"EXXONMOBIL PRODUCTION COMPANY, A DIVISION OF EXXON MOBIL CORPORATION",Crude Oil,INTERSTATE,OCS-Pacific,0.0,4.63,4.63,0.0,0.0,0.0,0.0,0.0,0.0,0.0,0.0,0.0,0.0,0.0,0.0,0.0,0.0,0.0,0.0,0.0,0.0,0.0,0.0,4.63,0.0,4.63
2/2/2026,2023.0,20240274.0,21084.0,5081.0,"COFFEYVILLE RESOURCES CRUDE TRANSPORTATION, LLC",Crude Oil,INTERSTATE,KANSAS,92.97,0.0,92.97,8.99,70.828,0.0,0.0,79.818,0.0,0.0,0.0,0.0,0.0,0.0,0.0,0.0,0.0,0.0,0.0,0.0,0.0,0.0,172.788,0.0,0.0,172.788
2/2/2026,2023.0,20240274.0,21084.0,5081.0,"COFFEYVILLE RESOURCES CRUDE TRANSPORTATION, LLC",Crude Oil,INTERSTATE,OKLAHOMA,80.83,0.0,80.83,0.11,0.0,0.0,0.0,0.11,0.0,0.0,0.0,0.0,0.0,0.0,0.0,0.0,0.0,0.0,0.0,0.0,0.0,0.0,80.94,0.0,0.0,80.94
2/2/2026,2023.0,20240274.0,21084.0,5081.0,"COFFEYVILLE RESOURCES CRUDE TRANSPORTATION, LLC",Crude Oil,INTRASTATE,KANSAS,47.0,0.0,47.0,0.0,0.0,0.0,0.0,0.0,0.0,0.0,0.0,0.0,0.0,0.0,0.0,0.0,0.0,0.0,0.0,0.0,0.0,0.0,47.0,0.0,0.0,47.0
2/2/2026,2023.0,20240274.0,21084.0,5081.0,"COFFEYVILLE RESOURCES CRUDE TRANSPORTATION, LLC",Crude Oil,INTRASTATE,OKLAHOMA,366.12,0.0,366.12,38.7,256.26,0.0,0.0,294.96,0.0,0.0,0.0,0.0,0.0,0.0,0.0,0.0,0.0,0.0,0.0,0.0,0.0,0.0,661.08,0.0,0.0,661.08
2/2/2026,2023.0,20240189.0,20985.0,6911.0,TRECORA PIPELINE LLC,Refined and/or Petroleum Product (non-HVL),INTRASTATE,TEXAS,54.0,0.0,54.0,0.0,0.0,0.0,0.0,0.0,0.0,0.0,0.0,0.0,0.0,0.0,0.0,0.0,0.0,0.0,0.0,0.0,0.0,0.0,54.0,0.0,0.0,54.0
2/2/2026,2023.0,20240248.0,21056.0,7063.0,HARBOR PIPELINE CO,Refined and/or Petroleum Product (non-HVL),INTERSTATE,NEW JERSEY,80.47,0.0,80.47,0.0,0.0,0.0,0.0,0.0,0.0,0.0,0.0,0.0,0.0,0.0,0.0,0.0,0.0,0.0,0.0,0.0,0.0,0.0,80.47,0.0,0.0,80.47
2/2/2026,2023.0,20240363.0,21177.0,7660.0,HUNT CRUDE OIL SUPPLY CO,Crude Oil,INTERSTATE,ALABAMA,105.0,0.0,105.0,0.0,0.0,0.0,0.0,0.0,0.0,0.0,0.0,0.0,0.0,0.0,0.0,0.0,0.0,0.0,0.0,0.0,0.0,0.0,105.0,0.0,0.0,105.0
2/2/2026,2023.0,20240363.0,21177.0,7660.0,HUNT CRUDE OIL SUPPLY CO,Crude Oil,INTERSTATE,MISSISSIPPI,93.72,0.0,93.72,0.0,4.0,0.0,0.0,4.0,0.0,0.0,0.0,0.0,0.0,0.0,0.0,0.0,0.0,0.0,0.0,0.0,0.0,0.0,97.72,0.0,0.0,97.72
2/2/2026,2023.0,20240363.0,21177.0,7660.0,HUNT CRUDE OIL SUPPLY CO,Crude Oil,INTRASTATE,ALABAMA,20.6,0.0,20.6,0.0,9.72,0.0,0.0,9.72,0.0,0.0,0.0,0.0,0.0,0.0,0.0,0.0,0.0,0.0,0.0,0.0,0.0,0.0,30.32,0.0,0.0,30.32
2/2/2026,2023.0,20240133.0,20919.0,8014.0,IDAHO PIPELINE CORP,Refined and/or Petroleum Product (non-HVL),INTRASTATE,IDAHO,0.0,0.0,0.0,2.32,0.0,0.0,0.0,2.32,0.0,0.0,0.0,0.0,0.0,0.0,0.0,0.0,0.0,0.0,0.0,0.0,0.0,0.0,2.32,0.0,0.0,2.32
2/2/2026,2023.0,20240137.0,20923.0,8175.0,INTERSTATE STORAGE & PIPELINE C0,Refined and/or Petroleum Product (non-HVL),INTRASTATE,NEW JERSEY,0.0,0.0,0.0,11.52,0.0,0.0,0.0,11.52,0.0,0.0,0.0,0.0,0.0,0.0,0.0,0.0,0.0,0.0,0.0,0.0,0.0,0.0,11.52,0.0,0.0,11.52
2/2/2026,2023.0,20240172.0,20968.0,9175.0,JAYHAWK PIPELINE LLC,Crude Oil,INTERSTATE,KANSAS,536.01,0.0,536.01,0.0,0.0,0.0,0.0,0.0,0.0,0.0,0.0,0.0,0.0,0.0,0.0,0.0,0.0,0.0,0.0,0.0,0.0,0.0,536.01,0.0,0.0,536.01
2/2/2026,2023.0,20240172.0,20968.0,9175.0,JAYHAWK PIPELINE LLC,Crude Oil,INTERSTATE,NEBRASKA,28.95,0.0,28.95,0.0,0.0,0.0,0.0,0.0,0.0,0.0,0.0,0.0,0.0,0.0,0.0,0.0,0.0,0.0,0.0,0.0,0.0,0.0,28.95,0.0,0.0,28.95
2/2/2026,2023.0,20240172.0,20968.0,9175.0,JAYHAWK PIPELINE LLC,Crude Oil,INTERSTATE,OKLAHOMA,49.77,0.0,49.77,0.0,0.0,0.0,0.0,0.0,0.0,0.0,0.0,0.0,0.0,0.0,0.0,0.0,0.0,0.0,0.0,0.0,0.0,0.0,49.77,0.0,0.0,49.77
2/2/2026,2023.0,20240172.0,20968.0,9175.0,JAYHAWK PIPELINE LLC,Crude Oil,INTERSTATE,TEXAS,17.34,0.0,17.34,0.0,0.0,0.0,0.0,0.0,0.0,0.0,0.0,0.0,0.0,0.0,0.0,0.0,0.0,0.0,0.0,0.0,0.0,0.0,17.34,0.0,0.0,17.34
2/2/2026,2023.0,20240172.0,20968.0,9175.0,JAYHAWK PIPELINE LLC,Crude Oil,INTRASTATE,KANSAS,141.08,0.0,141.08,0.0,0.0,0.0,0.0,0.0,0.0,0.0,0.0,0.0,0.0,0.0,0.0,0.0,0.0,0.0,0.0,0.0,0.0,0.0,141.08,0.0,0.0,141.08
2/2/2026,2023.0,20240522.0,21339.0,10012.0,NUSTAR PIPELINE OPERATING PARTNERSHIP L.P.,HVL,INTERSTATE,ARKANSAS,271.34,0.0,271.34,0.0,0.0,0.0,0.0,0.0,0.0,0.0,0.0,0.0,0.0,0.0,0.0,0.0,0.0,0.0,0.0,0.0,0.0,0.0,271.34,0.0,0.0,271.34
2/2/2026,2023.0,20240522.0,21339.0,10012.0,NUSTAR PIPELINE OPERATING PARTNERSHIP L.P.,HVL,INTERSTATE,ILLINOIS,177.42,0.0,177.42,0.0,0.0,0.0,0.0,0.0,0.38,0.0,0.0,0.0,0.38,0.0,0.0,0.0,0.0,0.0,0.0,0.0,0.0,0.0,177.8,0.0,0.0,177.8
2/2/2026,2023.0,20240522.0,21339.0,10012.0,NUSTAR PIPELINE OPERATING PARTNERSHIP L.P.,HVL,INTERSTATE,INDIANA,170.89,0.0,170.89,0.0,0.0,0.0,0.0,0.0,0.0,0.56,0.0,0.0,0.56,0.0,0.0,0.0,0.0,0.0,0.0,0.0,0.0,0.0,171.45,0.0,0.0,171.45
2/2/2026,2023.0,20240522.0,21339.0,10012.0,NUSTAR PIPELINE OPERATING PARTNERSHIP L.P.,HVL,INTERSTATE,IOWA,439.04,0.0,439.04,0.0,0.0,0.0,0.0,0.0,0.0,0.78,0.0,0.0,0.78,0.0,0.0,0.0,0.0,0.0,0.0,0.0,0.0,0.0,439.82,0.0,0.0,439.82
2/2/2026,2023.0,20240522.0,21339.0,10012.0,NUSTAR PIPELINE OPERATING PARTNERSHIP L.P.,HVL,INTERSTATE,KANSAS,125.38,0.0,125.38,0.0,0.0,0.0,0.0,0.0,0.0,0.0,0.0,0.0,0.0,0.0,0.0,0.0,0.0,0.0,0.0,0.0,0.0,0.0,125.38,0.0,0.0,125.38
2/2/2026,2023.0,20240522.0,21339.0,10012.0,NUSTAR PIPELINE OPERATING PARTNERSHIP L.P.,HVL,INTERSTATE,LOUISIANA,380.26,0.0,380.26,0.0,0.0,0.0,0.0,0.0,7.04,0.01,0.0,0.0,7.05,0.0,0.0,0.0,0.0,0.0,0.0,0.0,0.0,0.0,387.31,0.0,0.0,387.31
2/2/2026,2023.0,20240522.0,21339.0,10012.0,NUSTAR PIPELINE OPERATING PARTNERSHIP L.P.,HVL,INTERSTATE,MISSOURI,411.51,0.0,411.51,0.0,0.0,0.0,0.0,0.0,1.67,0.0,0.0,0.0,1.67,0.0,0.0,0.0,0.0,0.0,0.0,0.0,0.0,0.0,413.18,0.0,0.0,413.18
2/2/2026,2023.0,20240522.0,21339.0,10012.0,NUSTAR PIPELINE OPERATING PARTNERSHIP L.P.,HVL,INTERSTATE,NEBRASKA,316.04,0.0,316.04,0.0,0.0,0.0,0.0,0.0,0.06,0.0,0.0,0.0,0.06,0.0,0.0,0.0,0.0,0.0,0.0,0.0,0.0,0.0,316.1,0.0,0.0,316.1
2/2/2026,2023.0,20240522.0,21339.0,10012.0,NUSTAR PIPELINE OPERATING PARTNERSHIP L.P.,HVL,INTERSTATE,SOUTH DAKOTA,2.12,0.0,2.12,0.0,0.0,0.0,0.0,0.0,0.0,0.0,0.0,0.0,0.0,0.0,0.0,0.0,0.0,0.0,0.0,0.0,0.0,0.0,2.12,0.0,0.0,2.12
2/2/2026,2023.0,20240521.0,21338.0,10012.0,NUSTAR PIPELINE OPERATING PARTNERSHIP L.P.,Refined and/or Petroleum Product (non-HVL),INTERSTATE,IOWA,271.7,0.0,271.7,0.0,0.0,0.0,0.0,0.0,0.55,0.0,0.0,0.0,0.55,0.0,0.0,0.0,0.0,0.0,0.0,0.0,0.0,0.0,272.25,0.0,0.0,272.25
2/2/2026,2023.0,20240521.0,21338.0,10012.0,NUSTAR PIPELINE OPERATING PARTNERSHIP L.P.,Refined and/or Petroleum Product (non-HVL),INTERSTATE,KANSAS,505.93,0.0,505.93,0.39,0.0,0.0,0.0,0.39,0.68,0.1,0.0,0.0,0.78,0.0,0.0,0.0,0.0,0.0,0.0,0.0,0.0,0.0,507.1,0.0,0.0,507.1
2/2/2026,2023.0,20240521.0,21338.0,10012.0,NUSTAR PIPELINE OPERATING PARTNERSHIP L.P.,Refined and/or Petroleum Product (non-HVL),INTERSTATE,MINNESOTA,234.37,0.0,234.37,0.0,0.0,0.0,0.0,0.0,1.39,0.0,0.0,0.0,1.39,0.0,0.0,0.0,0.0,0.0,0.0,0.0,0.0,0.0,235.76,0.0,0.0,235.76
2/2/2026,2023.0,20240521.0,21338.0,10012.0,NUSTAR PIPELINE OPERATING PARTNERSHIP L.P.,Refined and/or Petroleum Product (non-HVL),INTERSTATE,NEBRASKA,598.48,0.0,598.48,0.0,0.0,0.0,0.0,0.0,0.12,0.02,0.0,0.0,0.14,0.0,0.0,0.0,0.0,0.0,0.0,0.0,0.0,0.0,598.62,0.0,0.0,598.62
2/2/2026,2023.0,20240521.0,21338.0,10012.0,NUSTAR PIPELINE OPERATING PARTNERSHIP L.P.,Refined and/or Petroleum Product (non-HVL),INTERSTATE,NORTH DAKOTA,273.14,0.0,273.14,2.73,0.0,0.0,0.0,2.73,0.07,0.0,0.0,0.0,0.07,0.0,0.0,0.0,0.0,0.0,0.0,0.0,0.0,0.0,275.94,0.0,0.0,275.94
2/2/2026,2023.0,20240521.0,21338.0,10012.0,NUSTAR PIPELINE OPERATING PARTNERSHIP L.P.,Refined and/or Petroleum Product (non-HVL),INTERSTATE,SOUTH DAKOTA,308.96,0.0,308.96,0.0,0.0,0.0,0.0,0.0,0.01,0.0,0.0,0.0,0.01,0.0,0.0,0.0,0.0,0.0,0.0,0.0,0.0,0.0,308.97,0.0,0.0,308.97
2/2/2026,2023.0,20240521.0,21338.0,10012.0,NUSTAR PIPELINE OPERATING PARTNERSHIP L.P.,Refined and/or Petroleum Product (non-HVL),INTRASTATE,WYOMING,6.54,0.0,6.54,0.23,0.0,0.0,0.0,0.23,0.0,0.0,0.0,0.0,0.0,0.0,0.0,0.0,0.0,0.0,0.0,0.0,0.0,0.0,6.77,0.0,0.0,6.77
2/2/2026,2023.0,20240484.0,21655.0,10250.0,KIANTONE PIPELINE CORP,Crude Oil,INTERSTATE,NEW YORK,94.69,0.0,94.69,0.0,0.0,0.0,0.0,0.0,0.0,0.0,0.0,0.0,0.0,0.0,0.0,0.0,0.0,0.0,0.0,0.0,0.0,0.0,94.69,0.0,0.0,94.69
2/2/2026,2023.0,20240484.0,21655.0,10250.0,KIANTONE PIPELINE CORP,Crude Oil,INTERSTATE,PENNSYLVANIA,16.86,0.0,16.86,0.0,0.0,0.0,0.0,0.0,0.0,0.0,0.0,0.0,0.0,0.0,0.0,0.0,0.0,0.0,0.0,0.0,0.0,0.0,16.86,0.0,0.0,16.86
2/2/2026,2023.0,20240488.0,21305.0,10250.0,KIANTONE PIPELINE CORP,Refined and/or Petroleum Product (non-HVL),INTRASTATE,PENNSYLVANIA,6.66,0.0,6.66,0.0,0.0,0.0,0.0,0.0,0.0,0.0,0.0,0.0,0.0,0.0,0.0,0.0,0.0,0.0,0.0,0.0,0.0,0.0,6.66,0.0,0.0,6.66
2/2/2026,2023.0,20240548.0,21365.0,10346.0,KUPARUK TRANSPORTATION CO,Crude Oil,INTERSTATE,ALASKA,36.864,0.0,36.864,0.0,0.0,0.0,0.0,0.0,0.0,0.0,0.0,0.0,0.0,0.0,0.0,0.0,0.0,0.0,0.0,0.0,0.0,0.0,36.864,0.0,0.0,36.864
2/2/2026,2023.0,20240055.0,20806.0,11032.0,SPIRE MISSOURI INC. EAST,HVL,INTERSTATE,ILLINOIS,20.54,0.0,20.54,0.0,0.0,0.0,0.0,0.0,0.0,0.0,0.0,0.0,0.0,0.0,0.0,0.0,0.0,0.0,0.0,0.0,0.0,0.0,20.54,0.0,0.0,20.54
2/2/2026,2023.0,20240055.0,20806.0,11032.0,SPIRE MISSOURI INC. EAST,HVL,INTERSTATE,MISSOURI,11.226,0.0,11.226,0.0,0.0,0.0,0.0,0.0,0.0,0.0,0.0,0.0,0.0,0.0,0.0,0.0,0.0,0.0,0.0,0.0,0.0,0.0,11.226,0.0,0.0,11.226
2/2/2026,2023.0,20240546.0,21363.0,11169.0,"ENBRIDGE ENERGY, LIMITED PARTNERSHIP",Crude Oil,INTERSTATE,ILLINOIS,522.296,0.0,522.296,0.0,0.0,0.0,0.0,0.0,0.0,0.0,0.0,0.0,0.0,0.0,0.0,0.0,0.0,0.0,0.0,0.0,0.0,0.0,522.296,0.0,0.0,522.296
2/2/2026,2023.0,20240546.0,21363.0,11169.0,"ENBRIDGE ENERGY, LIMITED PARTNERSHIP",Crude Oil,INTERSTATE,INDIANA,172.76,0.0,172.76,0.0,0.0,0.0,0.0,0.0,0.0,0.0,0.0,0.0,0.0,0.0,0.0,0.0,0.0,0.0,0.0,0.0,0.0,0.0,172.76,0.0,0.0,172.76
2/2/2026,2023.0,20240546.0,21363.0,11169.0,"ENBRIDGE ENERGY, LIMITED PARTNERSHIP",Crude Oil,INTERSTATE,MICHIGAN,1075.056,0.0,1075.056,0.0,0.0,0.0,0.0,0.0,0.0,0.0,0.0,0.0,0.0,0.0,0.0,0.0,0.0,0.0,0.0,0.0,0.0,0.0,1075.056,0.0,0.0,1075.056
2/2/2026,2023.0,20240546.0,21363.0,11169.0,"ENBRIDGE ENERGY, LIMITED PARTNERSHIP",Crude Oil,INTERSTATE,MINNESOTA,1585.722,0.0,1585.722,0.0,0.0,0.0,0.0,0.0,0.0,0.0,0.0,0.0,0.0,0.0,0.0,0.0,0.0,0.0,0.0,0.0,0.0,0.0,1585.722,0.0,0.0,1585.722
2/2/2026,2023.0,20240546.0,21363.0,11169.0,"ENBRIDGE ENERGY, LIMITED PARTNERSHIP",Crude Oil,INTERSTATE,NORTH DAKOTA,152.438,0.0,152.438,0.0,0.0,0.0,0.0,0.0,0.0,0.0,0.0,0.0,0.0,0.0,0.0,0.0,0.0,0.0,0.0,0.0,0.0,0.0,152.438,0.0,0.0,152.438
2/2/2026,2023.0,20240546.0,21363.0,11169.0,"ENBRIDGE ENERGY, LIMITED PARTNERSHIP",Crude Oil,INTERSTATE,WISCONSIN,1181.086,0.0,1181.086,0.0,0.0,0.0,0.0,0.0,0.0,0.0,0.0,0.0,0.0,0.0,0.0,0.0,0.0,0.0,0.0,0.0,0.0,0.0,1181.086,0.0,0.0,1181.086
2/2/2026,2023.0,20240545.0,21362.0,11169.0,"ENBRIDGE ENERGY, LIMITED PARTNERSHIP",HVL,INTERSTATE,MINNESOTA,284.645,0.0,284.645,0.0,0.0,0.0,0.0,0.0,0.0,0.0,0.0,0.0,0.0,0.0,0.0,0.0,0.0,0.0,0.0,0.0,0.0,0.0,284.645,0.0,0.0,284.645
2/2/2026,2023.0,20240545.0,21362.0,11169.0,"ENBRIDGE ENERGY, LIMITED PARTNERSHIP",HVL,INTERSTATE,NORTH DAKOTA,27.944,0.0,27.944,0.0,0.0,0.0,0.0,0.0,0.0,0.0,0.0,0.0,0.0,0.0,0.0,0.0,0.0,0.0,0.0,0.0,0.0,0.0,27.944,0.0,0.0,27.944
2/2/2026,2023.0,20240545.0,21362.0,11169.0,"ENBRIDGE ENERGY, LIMITED PARTNERSHIP",HVL,INTERSTATE,WISCONSIN,13.261,0.0,13.261,0.0,0.0,0.0,0.0,0.0,0.0,0.0,0.0,0.0,0.0,0.0,0.0,0.0,0.0,0.0,0.0,0.0,0.0,0.0,13.261,0.0,0.0,13.261
2/2/2026,2023.0,20240233.0,21040.0,11272.0,LAVACA PIPELINE CO,HVL,INTRASTATE,TEXAS,50.63,0.0,50.63,4.28,0.0,0.0,0.0,4.28,0.0,0.0,0.0,0.0,0.0,0.0,0.0,0.0,0.0,0.0,0.0,0.0,0.0,0.0,54.91,0.0,0.0,54.91
2/2/2026,2023.0,20240232.0,21039.0,11272.0,LAVACA PIPELINE CO,Refined and/or Petroleum Product (non-HVL),INTRASTATE,TEXAS,0.0,0.0,0.0,10.87,0.0,0.0,0.0,10.87,0.0,0.0,0.0,0.0,0.0,0.0,0.0,0.0,0.0,0.0,0.0,0.0,0.0,0.0,10.87,0.0,0.0,10.87
2/2/2026,2023.0,20240618.0,21439.0,11551.0,"DELEK LOGISTICS OPERATING, LLC.",Crude Oil,INTERSTATE,ARKANSAS,30.72,0.0,30.72,0.0,0.0,0.0,0.0,0.0,0.0,0.0,0.0,0.0,0.0,0.0,0.0,0.0,0.0,0.0,0.0,0.0,0.0,0.0,30.72,0.0,0.0,30.72
2/2/2026,2023.0,20240618.0,21439.0,11551.0,"DELEK LOGISTICS OPERATING, LLC.",Crude Oil,INTERSTATE,LOUISIANA,63.65,0.0,63.65,1.52,0.0,0.0,0.0,1.52,0.0,0.0,0.0,0.0,0.0,0.0,0.0,0.0,0.0,0.0,0.0,0.0,0.0,0.0,65.17,0.0,0.0,65.17
2/2/2026,2023.0,20240618.0,21439.0,11551.0,"DELEK LOGISTICS OPERATING, LLC.",Crude Oil,INTRASTATE,ARKANSAS,105.31,0.0,105.31,0.0,0.0,0.0,0.0,0.0,0.0,0.0,0.0,0.0,0.0,0.0,0.0,0.0,0.0,0.0,0.0,0.0,0.0,0.0,105.31,0.0,0.0,105.31
2/2/2026,2023.0,20240618.0,21439.0,11551.0,"DELEK LOGISTICS OPERATING, LLC.",Crude Oil,INTRASTATE,TEXAS,196.37,0.0,196.37,0.0,0.0,0.0,0.0,0.0,0.0,0.0,0.0,0.0,0.0,0.0,0.0,0.0,0.0,0.0,0.0,0.0,0.0,0.0,196.37,0.0,0.0,196.37
2/2/2026,2023.0,20240619.0,21440.0,11551.0,"DELEK LOGISTICS OPERATING, LLC.",Refined and/or Petroleum Product (non-HVL),INTRASTATE,ARKANSAS,162.4,0.0,162.4,7.97,0.0,0.0,0.0,7.97,0.0,0.0,0.0,0.0,0.0,0.0,0.0,0.0,0.0,0.0,0.0,0.0,0.0,0.0,170.37,0.0,0.0,170.37
2/2/2026,2023.0,20240245.0,21053.0,11733.0,LOOP LLC,Crude Oil,INTERSTATE,LOUISIANA,91.5,3.0,94.5,0.0,0.0,0.0,0.0,0.0,0.0,0.0,0.0,0.0,0.0,0.0,0.0,0.0,0.0,0.0,0.0,0.0,0.0,0.0,91.5,3.0,0.0,94.5
2/2/2026,2023.0,20240245.0,21053.0,11733.0,LOOP LLC,Crude Oil,INTERSTATE,OCS-Gulf of Mexico,0.0,19.6,19.6,0.0,0.0,0.0,0.0,0.0,0.0,0.0,0.0,0.0,0.0,0.0,0.0,0.0,0.0,0.0,0.0,0.0,0.0,0.0,0.0,19.6,0.0,19.6
2/2/2026,2023.0,20240246.0,21054.0,11733.0,LOOP LLC,Refined and/or Petroleum Product (non-HVL),INTERSTATE,LOUISIANA,0.0,0.0,0.0,0.0,3.4,3.0,0.0,6.4,0.0,0.0,0.0,0.0,0.0,0.0,0.0,0.0,0.0,0.0,0.0,0.0,0.0,0.0,3.4,3.0,0.0,6.4
2/2/2026,2023.0,20240246.0,21054.0,11733.0,LOOP LLC,Refined and/or Petroleum Product (non-HVL),INTERSTATE,OCS-Gulf of Mexico,0.0,0.0,0.0,0.0,0.0,15.0,0.0,15.0,0.0,0.0,0.0,0.0,0.0,0.0,0.0,0.0,0.0,0.0,0.0,0.0,0.0,0.0,0.0,15.0,0.0,15.0
2/2/2026,2023.0,20240249.0,21057.0,12470.0,MID - VALLEY PIPELINE CO,Crude Oil,INTERSTATE,ARKANSAS,15.06,0.0,15.06,0.0,0.0,0.0,0.0,0.0,0.0,0.0,0.0,0.0,0.0,0.0,0.0,0.0,0.0,0.0,0.0,0.0,0.0,0.0,15.06,0.0,0.0,15.06
2/2/2026,2023.0,20240249.0,21057.0,12470.0,MID - VALLEY PIPELINE CO,Crude Oil,INTERSTATE,KENTUCKY,228.96,0.0,228.96,0.0,0.0,0.0,0.0,0.0,0.0,0.0,0.0,0.0,0.0,0.0,0.0,0.0,0.0,0.0,0.0,0.0,0.0,0.0,228.96,0.0,0.0,228.96
2/2/2026,2023.0,20240249.0,21057.0,12470.0,MID - VALLEY PIPELINE CO,Crude Oil,INTERSTATE,LOUISIANA,226.4,0.0,226.4,0.0,0.0,0.0,0.0,0.0,0.55,3.43,0.0,0.0,3.98,0.0,0.0,0.0,0.0,0.0,0.0,0.0,0.0,0.0,230.38,0.0,0.0,230.38
2/2/2026,2023.0,20240249.0,21057.0,12470.0,MID - VALLEY PIPELINE CO,Crude Oil,INTERSTATE,MICHIGAN,7.15,0.0,7.15,0.0,0.0,0.0,0.0,0.0,0.0,0.0,0.0,0.0,0.0,0.0,0.0,0.0,0.0,0.0,0.0,0.0,0.0,0.0,7.15,0.0,0.0,7.15
2/2/2026,2023.0,20240249.0,21057.0,12470.0,MID - VALLEY PIPELINE CO,Crude Oil,INTERSTATE,MISSISSIPPI,192.39,0.0,192.39,0.0,0.0,0.0,0.0,0.0,0.0,1.19,0.0,0.0,1.19,0.0,0.0,0.0,0.0,0.0,0.0,0.0,0.0,0.0,193.58,0.0,0.0,193.58
2/2/2026,2023.0,20240249.0,21057.0,12470.0,MID - VALLEY PIPELINE CO,Crude Oil,INTERSTATE,OHIO,231.85,0.0,231.85,0.0,0.0,0.0,0.0,0.0,6.56,0.0,0.0,0.0,6.56,0.0,0.0,0.0,0.0,0.0,0.0,0.0,0.0,0.0,238.41,0.0,0.0,238.41
2/2/2026,2023.0,20240249.0,21057.0,12470.0,MID - VALLEY PIPELINE CO,Crude Oil,INTERSTATE,TENNESSEE,153.73,0.0,153.73,0.0,0.0,0.0,0.0,0.0,0.0,0.0,0.0,0.0,0.0,0.0,0.0,0.0,0.0,0.0,0.0,0.0,0.0,0.0,153.73,0.0,0.0,153.73
2/2/2026,2023.0,20240249.0,21057.0,12470.0,MID - VALLEY PIPELINE CO,Crude Oil,INTERSTATE,TEXAS,47.94,0.0,47.94,0.0,0.0,0.0,0.0,0.0,0.0,0.0,0.0,0.0,0.0,0.0,0.0,0.0,0.0,0.0,0.0,0.0,0.0,0.0,47.94,0.0,0.0,47.94
2/2/2026,2023.0,20240485.0,21302.0,12624.0,EXXONMOBIL OIL CORPORATION,Crude Oil,INTRASTATE,TEXAS,8.09,0.0,8.09,0.0,0.0,0.0,0.0,0.0,0.0,0.0,0.0,0.0,0.0,0.0,0.0,0.0,0.0,0.0,0.0,0.0,0.0,0.0,8.09,0.0,0.0,8.09
2/2/2026,2023.0,20240489.0,21306.0,12624.0,EXXONMOBIL OIL CORPORATION,HVL,INTRASTATE,TEXAS,221.76,0.0,221.76,0.0,0.0,0.0,0.0,0.0,0.0,0.0,0.0,0.0,0.0,0.0,0.0,0.0,0.0,0.0,0.0,0.0,0.0,0.0,221.76,0.0,0.0,221.76
2/2/2026,2023.0,20240490.0,21307.0,12624.0,EXXONMOBIL OIL CORPORATION,Refined and/or Petroleum Product (non-HVL),INTRASTATE,TEXAS,27.18,0.0,27.18,0.0,0.0,0.0,0.0,0.0,0.0,0.0,0.0,0.0,0.0,0.0,0.0,0.0,0.0,0.0,0.0,0.0,0.0,0.0,27.18,0.0,0.0,27.18
2/2/2026,2023.0,20240497.0,21314.0,12628.0,MOBIL  PIPE  LINE COMPANY,Crude Oil,INTERSTATE,ILLINOIS,21.05,0.0,21.05,0.0,0.0,0.0,0.0,0.0,0.0,0.0,0.0,0.0,0.0,0.0,0.0,0.0,0.0,0.0,0.0,0.0,0.0,0.0,21.05,0.0,0.0,21.05
2/2/2026,2023.0,20240497.0,21314.0,12628.0,MOBIL  PIPE  LINE COMPANY,Crude Oil,INTRASTATE,TEXAS,73.53,0.0,73.53,0.0,0.0,0.0,0.0,0.0,0.0,0.0,0.0,0.0,0.0,0.0,0.0,0.0,0.0,0.0,0.0,0.0,0.0,0.0,73.53,0.0,0.0,73.53
2/2/2026,2023.0,20240493.0,21310.0,12628.0,MOBIL  PIPE  LINE COMPANY,HVL,INTRASTATE,TEXAS,162.11,0.0,162.11,0.0,0.0,0.0,0.0,0.0,0.0,0.0,0.0,0.0,0.0,0.0,0.0,0.0,0.0,0.0,0.0,0.0,0.0,0.0,162.11,0.0,0.0,162.11
2/2/2026,2023.0,20240499.0,21316.0,12628.0,MOBIL  PIPE  LINE COMPANY,Refined and/or Petroleum Product (non-HVL),INTRASTATE,ILLINOIS,3.28,0.0,3.28,0.0,0.0,0.0,0.0,0.0,0.0,0.0,0.0,0.0,0.0,0.0,0.0,0.0,0.0,0.0,0.0,0.0,0.0,0.0,3.28,0.0,0.0,3.28
2/2/2026,2023.0,20240500.0,21317.0,12634.0,EXXONMOBIL OIL CORPORATION,HVL,INTRASTATE,TEXAS,184.71,0.0,184.71,0.0,0.0,0.0,0.0,0.0,0.0,0.0,0.0,0.0,0.0,0.0,0.0,0.0,0.0,0.0,0.0,0.0,0.0,0.0,184.71,0.0,0.0,184.71
2/2/2026,2023.0,20240149.0,20945.0,12913.0,SUPERIOR REFINING COMPANY LLC,Refined and/or Petroleum Product (non-HVL),INTRASTATE,WISCONSIN,2.942,0.0,2.942,2.626,0.0,0.0,0.0,2.626,0.0,0.0,0.0,0.0,0.0,0.0,0.0,0.0,0.0,0.0,0.0,0.0,0.0,0.0,5.568,0.0,0.0,5.568
2/2/2026,2023.0,20240719.0,21591.0,14145.0,"ENLINK OHIO RIVER VALLEY PIPELINE, LLC",Crude Oil,INTERSTATE,OHIO,34.231,0.0,34.231,0.0,0.0,0.0,0.0,0.0,0.0,0.0,0.0,0.0,0.0,0.0,0.0,0.0,0.0,0.0,0.0,0.0,0.0,0.0,34.231,0.0,0.0,34.231
2/2/2026,2023.0,20240406.0,21220.0,14194.0,"OILTANKING, HOUSTON LP",Refined and/or Petroleum Product (non-HVL),INTRASTATE,TEXAS,1.99,0.0,1.99,3.29,0.0,0.0,0.0,3.29,0.0,0.0,0.0,0.0,0.0,0.0,0.0,0.0,0.0,0.0,0.0,0.0,0.0,0.0,5.28,0.0,0.0,5.28
2/2/2026,2023.0,20240410.0,21225.0,14391.0,"OSAGE PIPE LINE COMPANY, LLC",Crude Oil,INTERSTATE,KANSAS,60.31,0.0,60.31,0.0,0.0,0.0,0.0,0.0,0.0,0.0,0.0,0.0,0.0,0.0,0.0,0.0,0.0,0.0,0.0,0.0,0.0,0.0,60.31,0.0,0.0,60.31
2/2/2026,2023.0,20240410.0,21225.0,14391.0,"OSAGE PIPE LINE COMPANY, LLC",Crude Oil,INTERSTATE,OKLAHOMA,75.35,0.0,75.35,0.0,0.0,0.0,0.0,0.0,0.0,0.0,0.0,0.0,0.0,0.0,0.0,0.0,0.0,0.0,0.0,0.0,0.0,0.0,75.35,0.0,0.0,75.35
2/2/2026,2023.0,20240648.0,21565.0,15156.0,SINCLAIR TRANSPORTATION COMPANY,Crude Oil,INTERSTATE,COLORADO,18.23,0.0,18.23,0.0,0.0,0.0,0.0,0.0,0.0,0.0,0.0,0.0,0.0,0.0,0.0,0.0,0.0,0.0,0.0,0.0,0.0,0.0,18.23,0.0,0.0,18.23
2/2/2026,2023.0,20240648.0,21565.0,15156.0,SINCLAIR TRANSPORTATION COMPANY,Crude Oil,INTERSTATE,WYOMING,320.32,0.0,320.32,4.35,93.89,0.0,0.0,98.24,0.0,0.0,0.0,0.0,0.0,0.0,0.0,0.0,0.0,0.0,0.0,0.0,0.0,0.0,418.56,0.0,0.0,418.56
2/2/2026,2023.0,20240648.0,21565.0,15156.0,SINCLAIR TRANSPORTATION COMPANY,Crude Oil,INTRASTATE,WYOMING,110.8,0.0,110.8,2.85,2.52,0.0,0.0,5.37,0.0,0.0,0.0,0.0,0.0,0.0,0.0,0.0,0.0,0.0,0.0,0.0,0.0,0.0,116.17,0.0,0.0,116.17
2/2/2026,2023.0,20240649.0,21470.0,15156.0,SINCLAIR TRANSPORTATION COMPANY,Refined and/or Petroleum Product (non-HVL),INTERSTATE,COLORADO,78.54,0.0,78.54,8.73,39.4,0.0,0.0,48.13,0.0,0.0,0.0,0.0,0.0,0.0,0.0,0.0,0.0,0.0,0.0,0.0,0.0,0.0,126.67,0.0,0.0,126.67
2/2/2026,2023.0,20240649.0,21470.0,15156.0,SINCLAIR TRANSPORTATION COMPANY,Refined and/or Petroleum Product (non-HVL),INTERSTATE,IOWA,11.82,0.0,11.82,0.0,0.0,0.0,0.0,0.0,0.0,0.0,0.0,0.0,0.0,0.0,0.0,0.0,0.0,0.0,0.0,0.0,0.0,0.0,11.82,0.0,0.0,11.82
2/2/2026,2023.0,20240649.0,21470.0,15156.0,SINCLAIR TRANSPORTATION COMPANY,Refined and/or Petroleum Product (non-HVL),INTERSTATE,KANSAS,0.0,0.0,0.0,7.95,0.0,0.0,0.0,7.95,0.0,0.0,0.0,0.0,0.0,0.0,0.0,0.0,0.0,0.0,0.0,0.0,0.0,0.0,7.95,0.0,0.0,7.95
2/2/2026,2023.0,20240649.0,21470.0,15156.0,SINCLAIR TRANSPORTATION COMPANY,Refined and/or Petroleum Product (non-HVL),INTERSTATE,MISSOURI,150.06,0.0,150.06,10.98,44.88,0.0,0.0,55.86,0.0,0.0,0.0,0.0,0.0,0.0,0.0,0.0,0.0,0.0,0.0,0.0,0.0,0.0,205.92,0.0,0.0,205.92
2/2/2026,2023.0,20240649.0,21470.0,15156.0,SINCLAIR TRANSPORTATION COMPANY,Refined and/or Petroleum Product (non-HVL),INTERSTATE,WYOMING,1.14,0.0,1.14,3.94,113.63,0.0,0.0,117.57,0.0,0.0,0.0,0.0,0.0,0.0,0.0,0.0,0.0,0.0,0.0,0.0,0.0,0.0,118.71,0.0,0.0,118.71
2/2/2026,2023.0,20240649.0,21470.0,15156.0,SINCLAIR TRANSPORTATION COMPANY,Refined and/or Petroleum Product (non-HVL),INTRASTATE,WYOMING,113.99,0.0,113.99,0.0,0.0,0.0,0.0,0.0,0.0,0.0,0.0,0.0,0.0,0.0,0.0,0.0,0.0,0.0,0.0,0.0,0.0,0.0,113.99,0.0,0.0,113.99
2/2/2026,2023.0,20240528.0,21345.0,15485.0,PHILLIPS 66 COMPANY - SWEENY REFINERY,Crude Oil,INTRASTATE,TEXAS,1.41,0.0,1.41,0.0,0.0,0.0,0.0,0.0,0.0,0.0,0.0,0.0,0.0,0.0,0.0,0.0,0.0,0.0,0.0,0.0,0.0,0.0,1.41,0.0,0.0,1.41
2/2/2026,2023.0,20240529.0,21346.0,15485.0,PHILLIPS 66 COMPANY - SWEENY REFINERY,Refined and/or Petroleum Product (non-HVL),INTRASTATE,TEXAS,43.18,0.0,43.18,0.0,0.0,0.0,0.0,0.0,0.0,0.0,0.0,0.0,0.0,0.0,0.0,0.0,0.0,0.0,0.0,0.0,0.0,0.0,43.18,0.0,0.0,43.18
2/2/2026,2023.0,20240079.0,20836.0,15602.0,PIONEER NATURAL RESOURCES,Crude Oil,INTRASTATE,TEXAS,0.0,0.0,0.0,0.0,0.0,0.0,0.0,0.0,0.0,0.0,0.0,0.0,0.0,0.0,0.0,0.0,0.0,0.0,3.81,0.0,0.0,3.81,3.81,0.0,0.0,3.81
2/2/2026,2023.0,20240006.0,20747.0,15645.0,PLACID PIPELINE COMPANY LLC,Refined and/or Petroleum Product (non-HVL),INTRASTATE,LOUISIANA,8.0,0.0,8.0,1.0,0.0,0.0,0.0,1.0,0.0,0.0,0.0,0.0,0.0,0.0,0.0,0.0,0.0,0.0,0.0,0.0,0.0,0.0,9.0,0.0,0.0,9.0
2/2/2026,2023.0,20240289.0,21100.0,15674.0,PRODUCTS (SE) PIPE LINE CORPORATION,Refined and/or Petroleum Product (non-HVL),INTERSTATE,ALABAMA,606.187,0.0,606.187,3.628,0.0,0.0,0.0,3.628,0.0,0.0,0.0,0.0,0.0,0.0,0.0,0.0,0.0,0.0,0.0,0.0,0.0,0.0,609.815,0.0,0.0,609.815
2/2/2026,2023.0,20240289.0,21100.0,15674.0,PRODUCTS (SE) PIPE LINE CORPORATION,Refined and/or Petroleum Product (non-HVL),INTERSTATE,GEORGIA,663.298,0.0,663.298,0.0,0.0,0.0,0.0,0.0,0.0,0.0,0.0,0.0,0.0,0.0,0.0,0.0,0.0,0.0,0.0,0.0,0.0,0.0,663.298,0.0,0.0,663.298
2/2/2026,2023.0,20240289.0,21100.0,15674.0,PRODUCTS (SE) PIPE LINE CORPORATION,Refined and/or Petroleum Product (non-HVL),INTERSTATE,LOUISIANA,189.126,0.0,189.126,0.0,0.0,0.0,0.0,0.0,0.0,0.0,0.0,0.0,0.0,0.0,0.0,0.0,0.0,0.0,0.0,0.0,0.0,0.0,189.126,0.0,0.0,189.126
2/2/2026,2023.0,20240289.0,21100.0,15674.0,PRODUCTS (SE) PIPE LINE CORPORATION,Refined and/or Petroleum Product (non-HVL),INTERSTATE,MISSISSIPPI,734.732,0.0,734.732,1.303,0.0,0.0,0.0,1.303,0.0,0.0,0.0,0.0,0.0,0.0,0.0,0.0,0.0,0.0,0.0,0.0,0.0,0.0,736.035,0.0,0.0,736.035
2/2/2026,2023.0,20240289.0,21100.0,15674.0,PRODUCTS (SE) PIPE LINE CORPORATION,Refined and/or Petroleum Product (non-HVL),INTERSTATE,NORTH CAROLINA,319.803,0.0,319.803,0.0,0.0,0.0,0.0,0.0,0.0,0.0,0.0,0.0,0.0,0.0,0.0,0.0,0.0,0.0,0.0,0.0,0.0,0.0,319.803,0.0,0.0,319.803
2/2/2026,2023.0,20240289.0,21100.0,15674.0,PRODUCTS (SE) PIPE LINE CORPORATION,Refined and/or Petroleum Product (non-HVL),INTERSTATE,SOUTH CAROLINA,203.343,0.0,203.343,0.0,0.0,0.0,0.0,0.0,0.0,0.0,0.0,0.0,0.0,0.0,0.0,0.0,0.0,0.0,0.0,0.0,0.0,0.0,203.343,0.0,0.0,203.343
2/2/2026,2023.0,20240289.0,21100.0,15674.0,PRODUCTS (SE) PIPE LINE CORPORATION,Refined and/or Petroleum Product (non-HVL),INTERSTATE,TENNESSEE,105.07,0.0,105.07,0.0,0.0,0.0,0.0,0.0,0.0,0.0,0.0,0.0,0.0,0.0,0.0,0.0,0.0,0.0,0.0,0.0,0.0,0.0,105.07,0.0,0.0,105.07
2/2/2026,2023.0,20240289.0,21100.0,15674.0,PRODUCTS (SE) PIPE LINE CORPORATION,Refined and/or Petroleum Product (non-HVL),INTERSTATE,VIRGINIA,332.175,0.0,332.175,11.073,0.0,0.0,0.0,11.073,0.0,0.0,0.0,0.0,0.0,0.0,0.0,0.0,0.0,0.0,0.0,0.0,0.0,0.0,343.248,0.0,0.0,343.248
2/2/2026,2023.0,20240547.0,21364.0,15774.0,NORTH DAKOTA PIPELINE COMPANY LLC,Crude Oil,INTERSTATE,MINNESOTA,75.203,0.0,75.203,0.0,0.0,0.0,0.0,0.0,0.0,0.0,0.0,0.0,0.0,0.0,0.0,0.0,0.0,0.0,0.0,0.0,0.0,0.0,75.203,0.0,0.0,75.203
2/2/2026,2023.0,20240547.0,21364.0,15774.0,NORTH DAKOTA PIPELINE COMPANY LLC,Crude Oil,INTERSTATE,MONTANA,63.98,0.0,63.98,0.0,0.0,0.0,0.0,0.0,0.0,0.0,0.0,0.0,0.0,0.0,0.0,0.0,0.0,0.0,0.0,0.0,0.0,0.0,63.98,0.0,0.0,63.98
2/2/2026,2023.0,20240547.0,21364.0,15774.0,NORTH DAKOTA PIPELINE COMPANY LLC,Crude Oil,INTERSTATE,NORTH DAKOTA,564.975,0.0,564.975,0.0,52.057,0.0,0.0,52.057,0.0,0.0,0.0,0.0,0.0,0.0,0.0,0.0,0.0,0.0,0.0,0.0,0.0,0.0,617.032,0.0,0.0,617.032
2/2/2026,2023.0,20240672.0,21493.0,15786.0,PORTLAND PIPE LINE CORPORATION,Crude Oil,INTERSTATE,MAINE,144.0,0.0,144.0,0.0,0.0,0.0,0.0,0.0,0.0,0.0,0.0,0.0,0.0,0.0,0.0,0.0,0.0,0.0,0.0,0.0,0.0,0.0,144.0,0.0,0.0,144.0
2/2/2026,2023.0,20240672.0,21493.0,15786.0,PORTLAND PIPE LINE CORPORATION,Crude Oil,INTERSTATE,NEW HAMPSHIRE,71.0,0.0,71.0,0.0,0.0,0.0,0.0,0.0,0.0,0.0,0.0,0.0,0.0,0.0,0.0,0.0,0.0,0.0,0.0,0.0,0.0,0.0,71.0,0.0,0.0,71.0
2/2/2026,2023.0,20240672.0,21493.0,15786.0,PORTLAND PIPE LINE CORPORATION,Crude Oil,INTERSTATE,VERMONT,117.0,0.0,117.0,0.0,0.0,0.0,0.0,0.0,0.0,0.0,0.0,0.0,0.0,0.0,0.0,0.0,0.0,0.0,0.0,0.0,0.0,0.0,117.0,0.0,0.0,117.0
2/2/2026,2023.0,20240238.0,21045.0,15825.0,WESTLAKE US 2 LLC,HVL,INTERSTATE,LOUISIANA,35.0,0.0,35.0,0.0,0.0,0.0,0.0,0.0,0.0,0.0,0.0,0.0,0.0,0.0,0.0,0.0,0.0,0.0,0.0,0.0,0.0,0.0,35.0,0.0,0.0,35.0
2/2/2026,2023.0,20240238.0,21045.0,15825.0,WESTLAKE US 2 LLC,HVL,INTERSTATE,TEXAS,2.61,0.0,2.61,0.0,0.0,0.0,0.0,0.0,0.0,0.0,0.0,0.0,0.0,0.0,0.0,0.0,0.0,0.0,0.0,0.0,0.0,0.0,2.61,0.0,0.0,2.61
2/2/2026,2023.0,20240620.0,21441.0,15851.0,"DELEK MARKETING AND SUPPLY, LP",Crude Oil,INTRASTATE,TEXAS,94.43,0.0,94.43,0.0,0.0,0.0,0.0,0.0,0.0,0.0,0.0,0.0,0.0,0.0,0.0,0.0,0.0,0.0,0.0,0.0,0.0,0.0,94.43,0.0,0.0,94.43
2/2/2026,2023.0,20240621.0,21442.0,15851.0,"DELEK MARKETING AND SUPPLY, LP",Refined and/or Petroleum Product (non-HVL),INTRASTATE,TEXAS,132.69,0.0,132.69,16.14,0.0,0.0,0.0,16.14,0.0,0.0,0.0,0.0,0.0,0.0,0.0,0.0,0.0,0.0,0.0,0.0,0.0,0.0,148.83,0.0,0.0,148.83
2/2/2026,2023.0,20240346.0,21157.0,15915.0,"PIPELINES OF PUERTO RICO INCD, THE",Refined and/or Petroleum Product (non-HVL),INTRASTATE,PUERTO RICO,0.0,0.0,0.0,9.5,0.0,0.0,0.0,9.5,0.0,0.0,0.0,0.0,0.0,0.0,0.0,0.0,0.0,0.0,0.0,0.0,0.0,0.0,9.5,0.0,0.0,9.5
2/2/2026,2023.0,20240712.0,22492.0,15979.0,"ERGON TERMINALING, INC.",Crude Oil,INTERSTATE,OHIO,37.0,0.0,37.0,0.0,0.0,0.0,0.0,0.0,0.0,0.0,0.0,0.0,0.0,0.0,0.0,0.0,0.0,0.0,0.0,0.0,0.0,0.0,37.0,0.0,0.0,37.0
2/2/2026,2023.0,20240712.0,22492.0,15979.0,"ERGON TERMINALING, INC.",Crude Oil,INTERSTATE,WEST VIRGINIA,1.0,0.0,1.0,0.0,0.0,0.0,0.0,0.0,0.0,0.0,0.0,0.0,0.0,0.0,0.0,0.0,0.0,0.0,0.0,0.0,0.0,0.0,1.0,0.0,0.0,1.0
2/2/2026,2023.0,20240327.0,21138.0,18092.0,"SFPP, LP",Refined and/or Petroleum Product (non-HVL),INTERSTATE,ARIZONA,553.427,0.0,553.427,6.347,0.0,0.0,0.0,6.347,0.0,0.0,0.0,0.0,0.0,0.0,0.0,0.0,0.0,0.0,0.0,0.0,0.0,0.0,559.774,0.0,0.0,559.774
2/2/2026,2023.0,20240327.0,21138.0,18092.0,"SFPP, LP",Refined and/or Petroleum Product (non-HVL),INTERSTATE,CALIFORNIA,602.29,0.0,602.29,0.389,0.0,0.0,0.0,0.389,0.0,0.0,0.0,0.0,0.0,0.0,0.0,0.0,0.0,0.0,0.0,0.0,0.0,0.0,602.679,0.0,0.0,602.679
2/2/2026,2023.0,20240327.0,21138.0,18092.0,"SFPP, LP",Refined and/or Petroleum Product (non-HVL),INTERSTATE,NEVADA,78.197,0.0,78.197,0.0,0.0,0.0,0.0,0.0,0.0,0.0,0.0,0.0,0.0,0.0,0.0,0.0,0.0,0.0,0.0,0.0,0.0,0.0,78.197,0.0,0.0,78.197
2/2/2026,2023.0,20240327.0,21138.0,18092.0,"SFPP, LP",Refined and/or Petroleum Product (non-HVL),INTERSTATE,NEW MEXICO,325.761,0.0,325.761,0.0,0.0,0.0,0.0,0.0,0.0,0.0,0.0,0.0,0.0,0.0,0.0,0.0,0.0,0.0,0.0,0.0,0.0,0.0,325.761,0.0,0.0,325.761
2/2/2026,2023.0,20240327.0,21138.0,18092.0,"SFPP, LP",Refined and/or Petroleum Product (non-HVL),INTERSTATE,OREGON,114.939,0.0,114.939,12.722,0.0,0.0,0.0,12.722,0.0,0.0,0.0,0.0,0.0,0.0,0.0,0.0,0.0,0.0,0.0,0.0,0.0,0.0,127.661,0.0,0.0,127.661
2/2/2026,2023.0,20240327.0,21138.0,18092.0,"SFPP, LP",Refined and/or Petroleum Product (non-HVL),INTERSTATE,TEXAS,63.46,0.0,63.46,0.0,0.0,0.0,0.0,0.0,0.0,0.0,0.0,0.0,0.0,0.0,0.0,0.0,0.0,0.0,0.0,0.0,0.0,0.0,63.46,0.0,0.0,63.46
2/2/2026,2023.0,20240327.0,21138.0,18092.0,"SFPP, LP",Refined and/or Petroleum Product (non-HVL),INTRASTATE,CALIFORNIA,951.313,0.0,951.313,35.107,50.392,0.0,0.0,85.499,0.0,0.0,0.0,0.0,0.0,0.0,0.0,0.0,0.0,0.0,0.0,0.0,0.0,0.0,1036.812,0.0,0.0,1036.812
2/2/2026,2023.0,20240327.0,21138.0,18092.0,"SFPP, LP",Refined and/or Petroleum Product (non-HVL),INTRASTATE,OREGON,4.279,0.0,4.279,0.0,0.0,0.0,0.0,0.0,0.0,0.0,0.0,0.0,0.0,0.0,0.0,0.0,0.0,0.0,0.0,0.0,0.0,0.0,4.279,0.0,0.0,4.279
2/2/2026,2023.0,20240327.0,21138.0,18092.0,"SFPP, LP",Refined and/or Petroleum Product (non-HVL),INTRASTATE,TEXAS,5.569,0.0,5.569,0.07,0.0,0.0,0.0,0.07,0.0,0.0,0.0,0.0,0.0,0.0,0.0,0.0,0.0,0.0,0.0,0.0,0.0,0.0,5.639,0.0,0.0,5.639
2/2/2026,2023.0,20240120.0,20896.0,18386.0,BP OIL PIPELINE CO,Refined and/or Petroleum Product (non-HVL),INTERSTATE,KENTUCKY,1.0,0.0,1.0,0.0,0.0,0.0,0.0,0.0,0.0,0.0,0.0,0.0,0.0,0.0,0.0,0.0,0.0,0.0,0.0,0.0,0.0,0.0,1.0,0.0,0.0,1.0
2/2/2026,2023.0,20240120.0,20896.0,18386.0,BP OIL PIPELINE CO,Refined and/or Petroleum Product (non-HVL),INTERSTATE,OHIO,91.9,0.0,91.9,0.0,0.0,0.0,0.0,0.0,0.0,0.0,0.0,0.0,0.0,0.0,0.0,0.0,0.0,0.0,0.0,0.0,0.0,0.0,91.9,0.0,0.0,91.9
2/2/2026,2023.0,20240120.0,20896.0,18386.0,BP OIL PIPELINE CO,Refined and/or Petroleum Product (non-HVL),INTRASTATE,OHIO,11.5,0.0,11.5,0.0,0.0,0.0,0.0,0.0,0.0,0.0,0.0,0.0,0.0,0.0,0.0,0.0,0.0,0.0,0.0,0.0,0.0,0.0,11.5,0.0,0.0,11.5
2/2/2026,2023.0,20240687.0,22092.0,18667.0,FREEPORT-MCMORAN OIL & GAS,Crude Oil,INTERSTATE,CALIFORNIA,0.0,15.4,15.4,0.0,0.0,0.0,0.0,0.0,0.0,0.0,0.0,0.0,0.0,0.0,0.0,0.0,0.0,0.0,0.0,0.0,0.0,0.0,0.0,15.4,0.0,15.4
2/2/2026,2023.0,20240687.0,22092.0,18667.0,FREEPORT-MCMORAN OIL & GAS,Crude Oil,INTERSTATE,OCS-Pacific,0.0,4.25,4.25,0.0,0.0,0.0,0.0,0.0,0.0,0.0,0.0,0.0,0.0,0.0,0.0,0.0,0.0,0.0,0.0,0.0,0.0,0.0,0.0,4.25,0.0,4.25
2/2/2026,2023.0,20240687.0,22092.0,18667.0,FREEPORT-MCMORAN OIL & GAS,Crude Oil,INTRASTATE,CALIFORNIA,24.26,0.0,24.26,0.0,0.0,0.0,0.0,0.0,0.0,0.0,0.0,0.0,0.0,0.0,0.0,0.0,0.0,0.0,0.0,0.0,0.0,0.0,24.26,0.0,0.0,24.26
2/2/2026,2023.0,20240539.0,21356.0,18678.0,ST LOUIS PIPELINE OPERATING LLC,Refined and/or Petroleum Product (non-HVL),INTERSTATE,ILLINOIS,0.0,0.0,0.0,6.504,0.0,0.0,0.0,6.504,0.0,0.0,0.0,0.0,0.0,0.0,0.0,0.0,0.0,0.0,0.0,0.0,0.0,0.0,6.504,0.0,0.0,6.504
2/2/2026,2023.0,20240539.0,21356.0,18678.0,ST LOUIS PIPELINE OPERATING LLC,Refined and/or Petroleum Product (non-HVL),INTERSTATE,MISSOURI,0.0,0.0,0.0,13.177,0.0,0.0,0.0,13.177,0.0,0.0,0.0,0.0,0.0,0.0,0.0,0.0,0.0,0.0,0.0,0.0,0.0,0.0,13.177,0.0,0.0,13.177
2/2/2026,2023.0,20240250.0,21058.0,18718.0,SUNOCO PIPELINE L.P.,Crude Oil,INTERSTATE,PENNSYLVANIA,6.74,0.0,6.74,6.09,0.0,0.0,0.0,6.09,12.95,0.0,0.0,0.0,12.95,0.0,0.0,0.0,0.0,0.0,0.0,0.0,0.0,0.0,25.78,0.0,0.0,25.78
2/2/2026,2023.0,20240251.0,21059.0,18718.0,SUNOCO PIPELINE L.P.,HVL,INTERSTATE,DELAWARE,2.63,0.0,2.63,0.0,0.0,0.0,0.0,0.0,0.0,0.0,0.0,0.0,0.0,0.0,0.0,0.0,0.0,0.0,0.0,0.0,0.0,0.0,2.63,0.0,0.0,2.63
2/2/2026,2023.0,20240251.0,21059.0,18718.0,SUNOCO PIPELINE L.P.,HVL,INTERSTATE,MICHIGAN,162.69,0.0,162.69,0.12,0.0,0.0,0.0,0.12,0.0,0.0,0.0,0.0,0.0,0.0,0.0,0.0,0.0,0.0,0.0,0.0,0.0,0.0,162.81,0.0,0.0,162.81
2/2/2026,2023.0,20240251.0,21059.0,18718.0,SUNOCO PIPELINE L.P.,HVL,INTERSTATE,NEW JERSEY,24.03,0.0,24.03,0.0,0.0,0.0,0.0,0.0,0.0,0.0,0.0,0.0,0.0,0.0,0.0,0.0,0.0,0.0,0.0,0.0,0.0,0.0,24.03,0.0,0.0,24.03
2/2/2026,2023.0,20240251.0,21059.0,18718.0,SUNOCO PIPELINE L.P.,HVL,INTERSTATE,OHIO,252.98,0.0,252.98,0.0,0.0,0.0,0.0,0.0,0.0,0.0,0.0,0.0,0.0,0.0,0.0,0.0,0.0,0.0,0.0,0.0,0.0,0.0,252.98,0.0,0.0,252.98
2/2/2026,2023.0,20240251.0,21059.0,18718.0,SUNOCO PIPELINE L.P.,HVL,INTERSTATE,PENNSYLVANIA,750.76,0.0,750.76,0.72,0.03,0.0,0.0,0.75,0.4,0.0,0.0,0.0,0.4,0.0,0.0,0.0,0.0,0.0,0.0,0.0,0.0,0.0,751.91,0.0,0.0,751.91
2/2/2026,2023.0,20240251.0,21059.0,18718.0,SUNOCO PIPELINE L.P.,HVL,INTERSTATE,WEST VIRGINIA,10.16,0.0,10.16,0.0,0.0,0.0,0.0,0.0,0.0,0.0,0.0,0.0,0.0,0.0,0.0,0.0,0.0,0.0,0.0,0.0,0.0,0.0,10.16,0.0,0.0,10.16
2/2/2026,2023.0,20240251.0,21059.0,18718.0,SUNOCO PIPELINE L.P.,HVL,INTRASTATE,TEXAS,35.58,0.0,35.58,0.0,0.0,0.0,0.0,0.0,18.41,1.33,0.0,0.0,19.74,0.0,0.0,0.0,0.0,0.0,0.0,0.0,0.0,0.0,55.32,0.0,0.0,55.32
2/2/2026,2023.0,20240252.0,22529.0,18718.0,SUNOCO PIPELINE L.P.,Refined and/or Petroleum Product (non-HVL),INTERSTATE,DELAWARE,1.29,0.0,1.29,0.0,0.0,0.0,0.0,0.0,0.02,1.08,0.0,0.0,1.1,0.0,0.0,0.0,0.0,0.0,0.0,0.0,0.0,0.0,2.39,0.0,0.0,2.39
2/2/2026,2023.0,20240252.0,22529.0,18718.0,SUNOCO PIPELINE L.P.,Refined and/or Petroleum Product (non-HVL),INTERSTATE,MICHIGAN,53.52,0.0,53.52,0.77,0.0,0.0,0.0,0.77,1.26,0.0,0.0,0.0,1.26,0.0,0.0,0.0,0.0,0.0,0.0,0.0,0.0,0.0,55.55,0.0,0.0,55.55
2/2/2026,2023.0,20240252.0,22529.0,18718.0,SUNOCO PIPELINE L.P.,Refined and/or Petroleum Product (non-HVL),INTERSTATE,NEW JERSEY,86.85,0.0,86.85,0.63,0.02,0.0,0.0,0.65,0.78,0.26,0.0,0.0,1.04,0.0,0.0,0.0,0.0,0.0,0.0,0.0,0.0,0.0,88.54,0.0,0.0,88.54
2/2/2026,2023.0,20240252.0,22529.0,18718.0,SUNOCO PIPELINE L.P.,Refined and/or Petroleum Product (non-HVL),INTERSTATE,NEW YORK,162.54,0.0,162.54,0.0,0.0,0.0,0.0,0.0,11.84,76.99,0.0,0.0,88.83,0.0,0.0,0.0,0.0,0.0,0.0,0.0,0.0,0.0,251.37,0.0,0.0,251.37
2/2/2026,2023.0,20240252.0,22529.0,18718.0,SUNOCO PIPELINE L.P.,Refined and/or Petroleum Product (non-HVL),INTERSTATE,OHIO,289.01,0.0,289.01,3.25,0.0,0.0,0.0,3.25,25.29,48.18,0.0,0.0,73.47,0.0,0.0,0.0,0.0,0.0,0.0,0.0,0.0,0.0,365.73,0.0,0.0,365.73
2/2/2026,2023.0,20240252.0,22529.0,18718.0,SUNOCO PIPELINE L.P.,Refined and/or Petroleum Product (non-HVL),INTERSTATE,PENNSYLVANIA,778.37,0.0,778.37,2.01,0.42,0.0,0.0,2.43,173.82,394.59,0.0,0.0,568.41,0.0,0.0,0.0,0.0,0.0,0.0,0.0,0.0,0.0,1349.21,0.0,0.0,1349.21
2/2/2026,2023.0,20240252.0,22529.0,18718.0,SUNOCO PIPELINE L.P.,Refined and/or Petroleum Product (non-HVL),INTRASTATE,MASSACHUSETTS,0.0,0.0,0.0,0.8,0.0,0.0,0.0,0.8,0.0,0.0,0.0,0.0,0.0,0.0,0.0,0.0,0.0,0.0,0.0,0.0,0.0,0.0,0.8,0.0,0.0,0.8
2/2/2026,2023.0,20240252.0,22529.0,18718.0,SUNOCO PIPELINE L.P.,Refined and/or Petroleum Product (non-HVL),INTRASTATE,TEXAS,788.57,0.0,788.57,5.33,3.28,0.0,0.0,8.61,13.25,69.72,0.0,0.0,82.97,0.0,0.0,0.0,0.0,0.0,0.0,0.0,0.0,0.0,880.15,0.0,0.0,880.15
2/2/2026,2023.0,20240407.0,21221.0,19319.0,"TPC GROUP, LLC",HVL,INTRASTATE,LOUISIANA,0.0,0.0,0.0,1.871,0.0,0.0,0.0,1.871,0.0,0.0,0.0,0.0,0.0,0.0,0.0,0.0,0.0,0.0,0.0,0.0,0.0,0.0,1.871,0.0,0.0,1.871
2/2/2026,2023.0,20240407.0,21221.0,19319.0,"TPC GROUP, LLC",HVL,INTRASTATE,TEXAS,102.946,0.0,102.946,14.338,0.0,0.0,0.0,14.338,0.0,0.0,0.0,0.0,0.0,0.0,0.0,0.0,0.0,0.0,0.0,0.0,0.0,0.0,117.284,0.0,0.0,117.284
2/2/2026,2023.0,20240409.0,21223.0,19319.0,"TPC GROUP, LLC",Refined and/or Petroleum Product (non-HVL),INTRASTATE,LOUISIANA,0.0,0.0,0.0,0.684,0.0,0.0,0.0,0.684,0.0,0.0,0.0,0.0,0.0,0.0,0.0,0.0,0.0,0.0,0.0,0.0,0.0,0.0,0.684,0.0,0.0,0.684
2/2/2026,2023.0,20240409.0,21223.0,19319.0,"TPC GROUP, LLC",Refined and/or Petroleum Product (non-HVL),INTRASTATE,TEXAS,20.024,0.0,20.024,0.0,0.0,0.0,0.0,0.0,0.0,0.0,0.0,0.0,0.0,0.0,0.0,0.0,0.0,0.0,0.0,0.0,0.0,0.0,20.024,0.0,0.0,20.024
2/2/2026,2023.0,20240438.0,21254.0,19410.0,THUMS LONG BEACH CO,Crude Oil,INTRASTATE,CALIFORNIA,0.0,0.0,0.0,4.47,0.0,10.19,0.0,14.66,0.0,0.0,0.0,0.0,0.0,0.0,0.0,0.0,0.0,0.0,0.0,0.0,0.0,0.0,4.47,10.19,0.0,14.66
2/2/2026,2023.0,20240377.0,21191.0,19481.0,T & M TERMINAL CO,Refined and/or Petroleum Product (non-HVL),INTERSTATE,MISSISSIPPI,0.0,0.0,0.0,0.0,1.46,0.0,0.0,1.46,0.0,0.0,0.0,0.0,0.0,0.0,0.0,0.0,0.0,0.0,0.0,0.0,0.0,0.0,1.46,0.0,0.0,1.46
2/2/2026,2023.0,20240421.0,21236.0,19585.0,TRANS MOUNTAIN PIPELINE (PUGET SOUND) LLC,Crude Oil,INTERSTATE,WASHINGTON,64.0,0.0,64.0,0.0,0.0,0.0,0.0,0.0,0.0,0.0,0.0,0.0,0.0,0.0,0.0,0.0,0.0,0.0,0.0,0.0,0.0,0.0,64.0,0.0,0.0,64.0
2/2/2026,2023.0,20240027.0,20778.0,19892.0,UCAR PIPELINE LLC,HVL,INTRASTATE,LOUISIANA,69.87,0.0,69.87,0.0,0.0,0.0,0.0,0.0,0.0,0.0,0.0,0.0,0.0,0.0,0.0,0.0,0.0,0.0,0.0,0.0,0.0,0.0,69.87,0.0,0.0,69.87
2/2/2026,2023.0,20240256.0,21064.0,20046.0,UNION CARBIDE CHEMICALS & PLASTICS CO INC,HVL,INTRASTATE,WEST VIRGINIA,5.41,0.0,5.41,1.76,0.0,0.0,0.0,1.76,0.0,0.0,0.0,0.0,0.0,0.0,0.0,0.0,0.0,0.0,0.0,0.0,0.0,0.0,7.17,0.0,0.0,7.17
2/2/2026,2023.0,20240431.0,21247.0,20202.0,ULTRAMAR INC.,Crude Oil,INTRASTATE,CALIFORNIA,4.283,0.0,4.283,0.0,0.0,0.0,0.0,0.0,0.0,0.0,0.0,0.0,0.0,0.0,0.0,0.0,0.0,0.0,0.0,0.0,0.0,0.0,4.283,0.0,0.0,4.283
2/2/2026,2023.0,20240432.0,21248.0,20202.0,ULTRAMAR INC.,HVL,INTRASTATE,CALIFORNIA,7.636,0.0,7.636,0.0,0.0,0.0,0.0,0.0,0.0,0.0,0.0,0.0,0.0,0.0,0.0,0.0,0.0,0.0,0.0,0.0,0.0,0.0,7.636,0.0,0.0,7.636
2/2/2026,2023.0,20240433.0,21249.0,20202.0,ULTRAMAR INC.,Refined and/or Petroleum Product (non-HVL),INTRASTATE,CALIFORNIA,23.943,0.0,23.943,0.0,0.0,0.0,0.0,0.0,0.0,0.0,0.0,0.0,0.0,0.0,0.0,0.0,0.0,0.0,0.0,0.0,0.0,0.0,23.943,0.0,0.0,23.943
2/2/2026,2023.0,20240330.0,21141.0,21359.0,SASOL CHEMICALS USA LLC,Refined and/or Petroleum Product (non-HVL),INTRASTATE,LOUISIANA,2.851,0.0,2.851,9.292,0.0,0.0,0.0,9.292,0.0,0.0,0.0,0.0,0.0,0.0,0.0,0.0,0.0,0.0,0.0,0.0,0.0,0.0,12.143,0.0,0.0,12.143
2/2/2026,2023.0,20240636.0,21457.0,22430.0,WEST SHORE PIPELINE CO,Crude Oil,INTERSTATE,ILLINOIS,3.582,0.0,3.582,0.0,0.0,0.0,0.0,0.0,0.0,0.0,0.0,0.0,0.0,0.0,0.0,0.0,0.0,0.0,0.0,0.0,0.0,0.0,3.582,0.0,0.0,3.582
2/2/2026,2023.0,20240635.0,21456.0,22430.0,WEST SHORE PIPELINE CO,Refined and/or Petroleum Product (non-HVL),INTERSTATE,ILLINOIS,377.744,0.0,377.744,6.316,0.0,0.0,0.0,6.316,0.0,0.0,0.0,0.0,0.0,0.0,0.0,0.0,0.0,0.0,0.0,0.0,0.0,0.0,384.06,0.0,0.0,384.06
2/2/2026,2023.0,20240635.0,21456.0,22430.0,WEST SHORE PIPELINE CO,Refined and/or Petroleum Product (non-HVL),INTERSTATE,INDIANA,11.762,0.0,11.762,5.446,0.0,0.0,0.0,5.446,0.0,0.0,0.0,0.0,0.0,0.0,0.0,0.0,0.0,0.0,0.0,0.0,0.0,0.0,17.208,0.0,0.0,17.208
2/2/2026,2023.0,20240635.0,21456.0,22430.0,WEST SHORE PIPELINE CO,Refined and/or Petroleum Product (non-HVL),INTERSTATE,WISCONSIN,200.874,0.0,200.874,0.394,0.0,0.0,0.0,0.394,0.0,0.0,0.0,0.0,0.0,0.0,0.0,0.0,0.0,0.0,0.0,0.0,0.0,0.0,201.268,0.0,0.0,201.268
2/2/2026,2023.0,20240253.0,21632.0,22442.0,WEST TEXAS GULF PIPELINE CO,Crude Oil,INTERSTATE,TEXAS,583.58,0.0,583.58,0.0,0.0,0.0,0.0,0.0,0.0,0.0,0.0,0.0,0.0,0.0,0.0,0.0,0.0,0.0,0.0,0.0,0.0,0.0,583.58,0.0,0.0,583.58
2/2/2026,2023.0,20240202.0,21003.0,22465.0,TARGA PIPELINE MID-CONTINENT WESTTEX LLC,Crude Oil,INTRASTATE,TEXAS,0.0,0.0,0.0,0.0,0.0,0.0,0.0,0.0,0.0,0.0,0.0,0.0,0.0,0.0,0.0,0.0,0.0,0.0,0.0,0.0,0.0,0.0,0.0,0.0,0.0,0.0
2/2/2026,2023.0,20240203.0,21004.0,22465.0,TARGA PIPELINE MID-CONTINENT WESTTEX LLC,Refined and/or Petroleum Product (non-HVL),INTRASTATE,TEXAS,7.16,0.0,7.16,0.0,0.0,0.0,0.0,0.0,0.0,0.0,0.0,0.0,0.0,0.0,0.0,0.0,0.0,0.0,0.0,0.0,0.0,0.0,7.16,0.0,0.0,7.16
2/2/2026,2023.0,20240582.0,21399.0,22610.0,"MAGELLAN PIPELINE COMPANY, LP",Crude Oil,INTERSTATE,COLORADO,210.91,0.0,210.91,0.0,0.0,0.0,0.0,0.0,0.0,0.0,0.0,0.0,0.0,0.0,0.0,0.0,0.0,0.0,0.0,0.0,0.0,0.0,210.91,0.0,0.0,210.91
2/2/2026,2023.0,20240582.0,21399.0,22610.0,"MAGELLAN PIPELINE COMPANY, LP",Crude Oil,INTERSTATE,KANSAS,342.04,0.0,342.04,0.0,21.14,0.0,0.0,21.14,0.0,0.0,0.0,0.0,0.0,0.0,0.0,0.0,0.0,0.0,0.0,0.0,0.0,0.0,363.18,0.0,0.0,363.18
2/2/2026,2023.0,20240582.0,21399.0,22610.0,"MAGELLAN PIPELINE COMPANY, LP",Crude Oil,INTERSTATE,OKLAHOMA,227.35,0.0,227.35,2.79,3.31,0.0,0.0,6.1,0.0,0.0,0.0,0.0,0.0,0.0,0.0,0.0,0.0,0.0,0.0,0.0,0.0,0.0,233.45,0.0,0.0,233.45
2/2/2026,2023.0,20240582.0,21399.0,22610.0,"MAGELLAN PIPELINE COMPANY, LP",Crude Oil,INTERSTATE,TEXAS,408.37,0.0,408.37,0.0,0.0,0.0,0.0,0.0,0.0,0.0,0.0,0.0,0.0,0.0,0.0,0.0,0.0,0.0,0.0,0.0,0.0,0.0,408.37,0.0,0.0,408.37
2/2/2026,2023.0,20240582.0,21399.0,22610.0,"MAGELLAN PIPELINE COMPANY, LP",Crude Oil,INTERSTATE,WYOMING,9.94,0.0,9.94,0.0,0.0,0.0,0.0,0.0,0.0,0.0,0.0,0.0,0.0,0.0,0.0,0.0,0.0,0.0,0.0,0.0,0.0,0.0,9.94,0.0,0.0,9.94
2/2/2026,2023.0,20240582.0,21399.0,22610.0,"MAGELLAN PIPELINE COMPANY, LP",Crude Oil,INTRASTATE,OKLAHOMA,68.62,0.0,68.62,0.0,0.0,0.0,0.0,0.0,0.0,0.0,0.0,0.0,0.0,0.0,0.0,0.0,0.0,0.0,0.0,0.0,0.0,0.0,68.62,0.0,0.0,68.62
2/2/2026,2023.0,20240583.0,21400.0,22610.0,"MAGELLAN PIPELINE COMPANY, LP",HVL,INTERSTATE,ILLINOIS,63.12,0.0,63.12,0.0,0.0,0.0,0.0,0.0,0.0,0.0,0.0,0.0,0.0,0.0,0.0,0.0,0.0,0.0,0.0,0.0,0.0,0.0,63.12,0.0,0.0,63.12
2/2/2026,2023.0,20240583.0,21400.0,22610.0,"MAGELLAN PIPELINE COMPANY, LP",HVL,INTERSTATE,IOWA,362.81,0.0,362.81,0.0,0.0,0.0,0.0,0.0,0.0,0.0,0.0,0.0,0.0,0.0,0.0,0.0,0.0,0.0,0.0,0.0,0.0,0.0,362.81,0.0,0.0,362.81
2/2/2026,2023.0,20240583.0,21400.0,22610.0,"MAGELLAN PIPELINE COMPANY, LP",HVL,INTERSTATE,KANSAS,4.8,0.0,4.8,0.0,0.0,0.0,0.0,0.0,0.0,0.0,0.0,0.0,0.0,0.0,0.0,0.0,0.0,0.0,0.0,0.0,0.0,0.0,4.8,0.0,0.0,4.8
2/2/2026,2023.0,20240583.0,21400.0,22610.0,"MAGELLAN PIPELINE COMPANY, LP",HVL,INTERSTATE,MINNESOTA,0.05,0.0,0.05,0.0,0.0,0.0,0.0,0.0,0.0,0.0,0.0,0.0,0.0,0.0,0.0,0.0,0.0,0.0,0.0,0.0,0.0,0.0,0.05,0.0,0.0,0.05
2/2/2026,2023.0,20240583.0,21400.0,22610.0,"MAGELLAN PIPELINE COMPANY, LP",HVL,INTERSTATE,MISSOURI,125.8,0.0,125.8,0.0,0.1,0.0,0.0,0.1,0.0,0.0,0.0,0.0,0.0,0.0,0.0,0.0,0.0,0.0,0.0,0.0,0.0,0.0,125.9,0.0,0.0,125.9
2/2/2026,2023.0,20240583.0,21400.0,22610.0,"MAGELLAN PIPELINE COMPANY, LP",HVL,INTRASTATE,TEXAS,3.16,0.0,3.16,0.0,0.0,0.0,0.0,0.0,0.0,0.0,0.0,0.0,0.0,0.0,0.0,0.0,0.0,0.0,0.0,0.0,0.0,0.0,3.16,0.0,0.0,3.16
2/2/2026,2023.0,20240584.0,21401.0,22610.0,"MAGELLAN PIPELINE COMPANY, LP",Refined and/or Petroleum Product (non-HVL),INTERSTATE,ARKANSAS,233.66,0.0,233.66,0.49,0.0,0.0,0.0,0.49,0.0,0.0,0.0,0.0,0.0,0.0,0.0,0.0,0.0,0.0,0.0,0.0,0.0,0.0,234.15,0.0,0.0,234.15
2/2/2026,2023.0,20240584.0,21401.0,22610.0,"MAGELLAN PIPELINE COMPANY, LP",Refined and/or Petroleum Product (non-HVL),INTERSTATE,COLORADO,356.25,0.0,356.25,2.28,0.0,0.0,0.0,2.28,0.0,0.0,0.0,0.0,0.0,0.0,0.0,0.0,0.0,0.0,0.0,0.0,0.0,0.0,358.53,0.0,0.0,358.53
2/2/2026,2023.0,20240584.0,21401.0,22610.0,"MAGELLAN PIPELINE COMPANY, LP",Refined and/or Petroleum Product (non-HVL),INTERSTATE,ILLINOIS,231.66,0.0,231.66,20.19,9.25,0.0,0.0,29.44,0.0,0.0,0.0,0.0,0.0,0.0,0.0,0.0,0.0,0.0,0.0,0.0,0.0,0.0,261.1,0.0,0.0,261.1
2/2/2026,2023.0,20240584.0,21401.0,22610.0,"MAGELLAN PIPELINE COMPANY, LP",Refined and/or Petroleum Product (non-HVL),INTERSTATE,IOWA,853.01,0.0,853.01,1.54,0.0,0.0,0.0,1.54,0.0,0.0,0.0,0.0,0.0,0.0,0.0,0.0,0.0,0.0,0.0,0.0,0.0,0.0,854.55,0.0,0.0,854.55
2/2/2026,2023.0,20240584.0,21401.0,22610.0,"MAGELLAN PIPELINE COMPANY, LP",Refined and/or Petroleum Product (non-HVL),INTERSTATE,KANSAS,1926.37,0.0,1926.37,8.97,2.44,0.0,0.0,11.41,0.0,0.0,0.0,0.0,0.0,0.0,0.0,0.0,0.0,0.0,0.0,0.0,0.0,0.0,1937.78,0.0,0.0,1937.78
2/2/2026,2023.0,20240584.0,21401.0,22610.0,"MAGELLAN PIPELINE COMPANY, LP",Refined and/or Petroleum Product (non-HVL),INTERSTATE,MINNESOTA,1037.49,0.0,1037.49,0.28,0.01,0.0,0.0,0.29,0.0,0.0,0.0,0.0,0.0,0.0,0.0,0.0,0.0,0.0,0.0,0.0,0.0,0.0,1037.78,0.0,0.0,1037.78
2/2/2026,2023.0,20240584.0,21401.0,22610.0,"MAGELLAN PIPELINE COMPANY, LP",Refined and/or Petroleum Product (non-HVL),INTERSTATE,MISSOURI,560.77,0.0,560.77,36.48,2.35,0.0,0.0,38.83,0.0,0.0,0.0,0.0,0.0,0.0,0.0,0.0,0.0,0.0,0.0,0.0,0.0,0.0,599.6,0.0,0.0,599.6
2/2/2026,2023.0,20240584.0,21401.0,22610.0,"MAGELLAN PIPELINE COMPANY, LP",Refined and/or Petroleum Product (non-HVL),INTERSTATE,NEBRASKA,364.47,0.0,364.47,3.42,0.0,0.0,0.0,3.42,0.0,0.0,0.0,0.0,0.0,0.0,0.0,0.0,0.0,0.0,0.0,0.0,0.0,0.0,367.89,0.0,0.0,367.89
2/2/2026,2023.0,20240584.0,21401.0,22610.0,"MAGELLAN PIPELINE COMPANY, LP",Refined and/or Petroleum Product (non-HVL),INTERSTATE,NEW MEXICO,248.56,0.0,248.56,0.0,0.0,0.0,0.0,0.0,0.0,0.0,0.0,0.0,0.0,0.0,0.0,0.0,0.0,0.0,0.0,0.0,0.0,0.0,248.56,0.0,0.0,248.56
2/2/2026,2023.0,20240584.0,21401.0,22610.0,"MAGELLAN PIPELINE COMPANY, LP",Refined and/or Petroleum Product (non-HVL),INTERSTATE,NORTH DAKOTA,86.92,0.0,86.92,0.0,0.38,0.0,0.0,0.38,0.0,0.0,0.0,0.0,0.0,0.0,0.0,0.0,0.0,0.0,0.0,0.0,0.0,0.0,87.3,0.0,0.0,87.3
2/2/2026,2023.0,20240584.0,21401.0,22610.0,"MAGELLAN PIPELINE COMPANY, LP",Refined and/or Petroleum Product (non-HVL),INTERSTATE,OKLAHOMA,980.65,0.0,980.65,10.65,0.04,0.0,0.0,10.69,0.0,0.0,0.0,0.0,0.0,0.0,0.0,0.0,0.0,0.0,0.0,0.0,0.0,0.0,991.34,0.0,0.0,991.34
2/2/2026,2023.0,20240584.0,21401.0,22610.0,"MAGELLAN PIPELINE COMPANY, LP",Refined and/or Petroleum Product (non-HVL),INTERSTATE,SOUTH DAKOTA,184.41,0.0,184.41,0.27,0.0,0.0,0.0,0.27,0.0,0.0,0.0,0.0,0.0,0.0,0.0,0.0,0.0,0.0,0.0,0.0,0.0,0.0,184.68,0.0,0.0,184.68
2/2/2026,2023.0,20240584.0,21401.0,22610.0,"MAGELLAN PIPELINE COMPANY, LP",Refined and/or Petroleum Product (non-HVL),INTERSTATE,TEXAS,1633.82,0.0,1633.82,25.87,228.18,0.0,0.0,254.05,0.0,0.0,0.0,0.0,0.0,0.0,0.0,0.0,0.0,0.0,0.0,0.0,0.0,0.0,1887.87,0.0,0.0,1887.87
2/2/2026,2023.0,20240584.0,21401.0,22610.0,"MAGELLAN PIPELINE COMPANY, LP",Refined and/or Petroleum Product (non-HVL),INTERSTATE,WISCONSIN,94.22,0.0,94.22,5.75,72.0,0.0,0.0,77.75,0.0,0.0,0.0,0.0,0.0,0.0,0.0,0.0,0.0,0.0,0.0,0.0,0.0,0.0,171.97,0.0,0.0,171.97
2/2/2026,2023.0,20240584.0,21401.0,22610.0,"MAGELLAN PIPELINE COMPANY, LP",Refined and/or Petroleum Product (non-HVL),INTERSTATE,WYOMING,271.55,0.0,271.55,0.16,0.0,0.0,0.0,0.16,0.0,0.0,0.0,0.0,0.0,0.0,0.0,0.0,0.0,0.0,0.0,0.0,0.0,0.0,271.71,0.0,0.0,271.71
2/2/2026,2023.0,20240584.0,21401.0,22610.0,"MAGELLAN PIPELINE COMPANY, LP",Refined and/or Petroleum Product (non-HVL),INTRASTATE,TEXAS,170.31,0.0,170.31,0.0,0.0,0.0,0.0,0.0,0.0,0.0,0.0,0.0,0.0,0.0,0.0,0.0,0.0,0.0,0.0,0.0,0.0,0.0,170.31,0.0,0.0,170.31
2/2/2026,2023.0,20240243.0,21051.0,22830.0,WOLVERINE PIPELINE CO,Refined and/or Petroleum Product (non-HVL),INTERSTATE,ILLINOIS,92.826,0.0,92.826,0.0,0.0,0.0,0.0,0.0,0.0,0.0,0.0,0.0,0.0,0.0,0.0,0.0,0.0,0.0,0.0,0.0,0.0,0.0,92.826,0.0,0.0,92.826
2/2/2026,2023.0,20240243.0,21051.0,22830.0,WOLVERINE PIPELINE CO,Refined and/or Petroleum Product (non-HVL),INTERSTATE,INDIANA,163.407,0.0,163.407,0.0,0.0,0.0,0.0,0.0,0.0,0.0,0.0,0.0,0.0,0.0,0.0,0.0,0.0,0.0,0.0,0.0,0.0,0.0,163.407,0.0,0.0,163.407
2/2/2026,2023.0,20240243.0,21051.0,22830.0,WOLVERINE PIPELINE CO,Refined and/or Petroleum Product (non-HVL),INTERSTATE,MICHIGAN,688.019,0.0,688.019,1.322,0.0,0.0,0.0,1.322,0.0,0.0,0.0,0.0,0.0,0.0,0.0,0.0,0.0,0.0,0.0,0.0,0.0,0.0,689.341,0.0,0.0,689.341
2/2/2026,2023.0,20240436.0,21252.0,22855.0,"FLINT HILLS RESOURCES, LC",Crude Oil,INTERSTATE,ILLINOIS,3.87,0.0,3.87,1.17,0.0,0.0,0.0,1.17,0.0,0.0,0.0,0.0,0.0,0.0,0.0,0.0,0.0,0.0,0.0,0.0,0.0,0.0,5.04,0.0,0.0,5.04
2/2/2026,2023.0,20240436.0,21252.0,22855.0,"FLINT HILLS RESOURCES, LC",Crude Oil,INTERSTATE,IOWA,78.8,0.0,78.8,0.0,0.0,0.0,0.0,0.0,0.0,0.0,0.0,0.0,0.0,0.0,0.0,0.0,0.0,0.0,0.0,0.0,0.0,0.0,78.8,0.0,0.0,78.8
2/2/2026,2023.0,20240436.0,21252.0,22855.0,"FLINT HILLS RESOURCES, LC",Crude Oil,INTERSTATE,MINNESOTA,987.03,0.0,987.03,0.0,0.0,0.0,0.0,0.0,0.0,0.0,0.0,0.0,0.0,0.0,0.0,0.0,0.0,0.0,0.0,0.0,0.0,0.0,987.03,0.0,0.0,987.03
2/2/2026,2023.0,20240436.0,21252.0,22855.0,"FLINT HILLS RESOURCES, LC",Crude Oil,INTERSTATE,MISSOURI,250.02,0.0,250.02,0.0,0.0,0.0,0.0,0.0,0.0,0.0,0.0,0.0,0.0,0.0,0.0,0.0,0.0,0.0,0.0,0.0,0.0,0.0,250.02,0.0,0.0,250.02
2/2/2026,2023.0,20240436.0,21252.0,22855.0,"FLINT HILLS RESOURCES, LC",Crude Oil,INTRASTATE,TEXAS,519.68,0.0,519.68,0.0,0.0,0.0,0.0,0.0,0.0,0.0,0.0,0.0,0.0,0.0,0.0,0.0,0.0,0.0,0.0,0.0,0.0,0.0,519.68,0.0,0.0,519.68
2/2/2026,2023.0,20240437.0,21253.0,22855.0,"FLINT HILLS RESOURCES, LC",HVL,INTERSTATE,MINNESOTA,21.81,0.0,21.81,0.0,0.0,0.0,0.0,0.0,0.0,0.0,0.0,0.0,0.0,0.0,0.0,0.0,0.0,0.0,0.0,0.0,0.0,0.0,21.81,0.0,0.0,21.81
2/2/2026,2023.0,20240437.0,21253.0,22855.0,"FLINT HILLS RESOURCES, LC",HVL,INTERSTATE,WISCONSIN,153.97,0.0,153.97,0.0,0.0,0.0,0.0,0.0,0.0,0.0,0.0,0.0,0.0,0.0,0.0,0.0,0.0,0.0,0.0,0.0,0.0,0.0,153.97,0.0,0.0,153.97
2/2/2026,2023.0,20240437.0,21253.0,22855.0,"FLINT HILLS RESOURCES, LC",HVL,INTRASTATE,MINNESOTA,1.49,0.0,1.49,0.0,0.0,0.0,0.0,0.0,0.0,0.0,0.0,0.0,0.0,0.0,0.0,0.0,0.0,0.0,0.0,0.0,0.0,0.0,1.49,0.0,0.0,1.49
2/2/2026,2023.0,20240437.0,21253.0,22855.0,"FLINT HILLS RESOURCES, LC",HVL,INTRASTATE,TEXAS,441.84,0.0,441.84,0.0,0.0,0.0,0.0,0.0,0.0,0.0,0.0,0.0,0.0,0.0,0.0,0.0,0.0,0.0,0.0,0.0,0.0,0.0,441.84,0.0,0.0,441.84
2/2/2026,2023.0,20240510.0,21327.0,22855.0,"FLINT HILLS RESOURCES, LC",Refined and/or Petroleum Product (non-HVL),INTERSTATE,IOWA,138.69,0.0,138.69,0.0,0.0,0.0,0.0,0.0,0.0,0.0,0.0,0.0,0.0,0.0,0.0,0.0,0.0,0.0,0.0,0.0,0.0,0.0,138.69,0.0,0.0,138.69
2/2/2026,2023.0,20240510.0,21327.0,22855.0,"FLINT HILLS RESOURCES, LC",Refined and/or Petroleum Product (non-HVL),INTERSTATE,MINNESOTA,114.02,0.0,114.02,0.0,0.0,0.0,0.0,0.0,0.0,0.0,0.0,0.0,0.0,0.0,0.0,0.0,0.0,0.0,0.0,0.0,0.0,0.0,114.02,0.0,0.0,114.02
2/2/2026,2023.0,20240510.0,21327.0,22855.0,"FLINT HILLS RESOURCES, LC",Refined and/or Petroleum Product (non-HVL),INTERSTATE,WISCONSIN,362.86,0.0,362.86,0.0,0.0,0.0,0.0,0.0,0.0,0.0,0.0,0.0,0.0,0.0,0.0,0.0,0.0,0.0,0.0,0.0,0.0,0.0,362.86,0.0,0.0,362.86
2/2/2026,2023.0,20240510.0,21327.0,22855.0,"FLINT HILLS RESOURCES, LC",Refined and/or Petroleum Product (non-HVL),INTRASTATE,MINNESOTA,12.91,0.0,12.91,0.0,0.0,0.0,0.0,0.0,0.0,0.0,0.0,0.0,0.0,0.0,0.0,0.0,0.0,0.0,0.0,0.0,0.0,0.0,12.91,0.0,0.0,12.91
2/2/2026,2023.0,20240510.0,21327.0,22855.0,"FLINT HILLS RESOURCES, LC",Refined and/or Petroleum Product (non-HVL),INTRASTATE,TEXAS,934.54,0.0,934.54,1.38,0.0,0.0,0.0,1.38,0.0,0.0,0.0,0.0,0.0,0.0,0.0,0.0,0.0,0.0,0.0,0.0,0.0,0.0,935.92,0.0,0.0,935.92
2/2/2026,2023.0,20240607.0,21425.0,25146.0,"EQUISTAR CHEMICALS, L.P.",HVL,INTRASTATE,LOUISIANA,27.045,0.0,27.045,0.0,0.0,0.0,0.0,0.0,0.0,0.0,0.0,0.0,0.0,0.0,0.0,0.0,0.0,0.0,0.0,0.0,0.0,0.0,27.045,0.0,0.0,27.045
2/2/2026,2023.0,20240607.0,21425.0,25146.0,"EQUISTAR CHEMICALS, L.P.",HVL,INTRASTATE,TEXAS,1290.859,0.0,1290.859,16.703,0.0,0.0,0.0,16.703,0.0,0.0,0.0,0.0,0.0,0.0,0.0,0.0,0.0,0.0,0.0,0.0,0.0,0.0,1307.562,0.0,0.0,1307.562
2/2/2026,2023.0,20240579.0,21396.0,25146.0,"EQUISTAR CHEMICALS, L.P.",Refined and/or Petroleum Product (non-HVL),INTRASTATE,TEXAS,128.999,0.0,128.999,6.855,0.0,0.0,0.0,6.855,0.0,0.0,0.0,0.0,0.0,0.0,0.0,0.0,0.0,0.0,0.0,0.0,0.0,0.0,135.854,0.0,0.0,135.854
2/2/2026,2023.0,20240039.0,20790.0,26039.0,FLORIDA POWER & LIGHT CO,Refined and/or Petroleum Product (non-HVL),INTRASTATE,FLORIDA,13.91,0.0,13.91,0.0,0.0,0.0,0.0,0.0,0.0,0.0,0.0,0.0,0.0,0.0,0.0,0.0,0.0,0.0,0.0,0.0,0.0,0.0,13.91,0.0,0.0,13.91
2/2/2026,2023.0,20240311.0,21612.0,26041.0,"KINDER MORGAN LIQUID TERMINALS, LLC",HVL,INTRASTATE,TEXAS,0.722,0.0,0.722,0.0,0.0,0.0,0.0,0.0,0.0,0.0,0.0,0.0,0.0,0.0,0.0,0.0,0.0,0.0,0.0,0.0,0.0,0.0,0.722,0.0,0.0,0.722
2/2/2026,2023.0,20240315.0,21611.0,26041.0,"KINDER MORGAN LIQUID TERMINALS, LLC",Refined and/or Petroleum Product (non-HVL),INTERSTATE,ILLINOIS,9.436,0.0,9.436,0.0,0.0,0.0,0.0,0.0,0.0,0.0,0.0,0.0,0.0,0.0,0.0,0.0,0.0,0.0,0.0,0.0,0.0,0.0,9.436,0.0,0.0,9.436
2/2/2026,2023.0,20240315.0,21611.0,26041.0,"KINDER MORGAN LIQUID TERMINALS, LLC",Refined and/or Petroleum Product (non-HVL),INTRASTATE,LOUISIANA,12.828,0.0,12.828,0.0,0.0,0.0,0.0,0.0,0.0,0.0,0.0,0.0,0.0,0.0,0.0,0.0,0.0,0.0,0.0,0.0,0.0,0.0,12.828,0.0,0.0,12.828
2/2/2026,2023.0,20240315.0,21611.0,26041.0,"KINDER MORGAN LIQUID TERMINALS, LLC",Refined and/or Petroleum Product (non-HVL),INTRASTATE,NEW JERSEY,8.995,0.0,8.995,0.0,0.0,0.0,0.0,0.0,0.0,0.0,0.0,0.0,0.0,0.0,0.0,0.0,0.0,0.0,0.0,0.0,0.0,0.0,8.995,0.0,0.0,8.995
2/2/2026,2023.0,20240315.0,21611.0,26041.0,"KINDER MORGAN LIQUID TERMINALS, LLC",Refined and/or Petroleum Product (non-HVL),INTRASTATE,NORTH CAROLINA,28.673,0.0,28.673,0.0,0.0,0.0,0.0,0.0,0.0,0.0,0.0,0.0,0.0,0.0,0.0,0.0,0.0,0.0,0.0,0.0,0.0,0.0,28.673,0.0,0.0,28.673
2/2/2026,2023.0,20240315.0,21611.0,26041.0,"KINDER MORGAN LIQUID TERMINALS, LLC",Refined and/or Petroleum Product (non-HVL),INTRASTATE,TEXAS,40.372,0.0,40.372,0.0,0.0,0.0,0.0,0.0,0.0,0.0,0.0,0.0,0.0,0.0,0.0,0.0,0.0,0.0,0.0,0.0,0.0,0.0,40.372,0.0,0.0,40.372
2/2/2026,2023.0,20240511.0,21328.0,26045.0,"PAR HAWAII REFINING, LLC",Refined and/or Petroleum Product (non-HVL),INTRASTATE,HAWAII,24.0,0.0,24.0,0.0,0.0,0.0,0.0,0.0,0.0,0.0,0.0,0.0,0.0,0.0,0.0,0.0,0.0,0.0,0.0,0.0,0.0,0.0,24.0,0.0,0.0,24.0
2/2/2026,2023.0,20240364.0,21178.0,26048.0,HUNT REFINING CO,Refined and/or Petroleum Product (non-HVL),INTRASTATE,ALABAMA,47.44,0.0,47.44,0.0,0.0,0.0,0.0,0.0,0.0,0.0,0.0,0.0,0.0,0.0,0.0,0.0,0.0,0.0,0.0,0.0,0.0,0.0,47.44,0.0,0.0,47.44
2/2/2026,2023.0,20240446.0,21263.0,26049.0,"COUNTRYMARK REFINING AND LOGISTICS, LLC",Crude Oil,INTERSTATE,ILLINOIS,140.46,0.0,140.46,0.0,0.0,0.0,0.0,0.0,0.0,0.0,0.0,0.0,0.0,0.0,0.0,0.0,0.0,0.0,0.0,0.0,0.0,0.0,140.46,0.0,0.0,140.46
2/2/2026,2023.0,20240446.0,21263.0,26049.0,"COUNTRYMARK REFINING AND LOGISTICS, LLC",Crude Oil,INTERSTATE,INDIANA,12.9,0.0,12.9,0.0,0.0,0.0,0.0,0.0,0.0,0.0,0.0,0.0,0.0,0.0,0.0,0.0,0.0,0.0,0.0,0.0,0.0,0.0,12.9,0.0,0.0,12.9
2/2/2026,2023.0,20240446.0,21263.0,26049.0,"COUNTRYMARK REFINING AND LOGISTICS, LLC",Crude Oil,INTERSTATE,KENTUCKY,0.5,0.0,0.5,0.0,0.0,0.0,0.0,0.0,0.0,0.0,0.0,0.0,0.0,0.0,0.0,0.0,0.0,0.0,0.0,0.0,0.0,0.0,0.5,0.0,0.0,0.5
2/2/2026,2023.0,20240446.0,21263.0,26049.0,"COUNTRYMARK REFINING AND LOGISTICS, LLC",Crude Oil,INTRASTATE,ILLINOIS,0.11,0.0,0.11,0.0,0.0,0.0,0.0,0.0,0.0,0.0,0.0,0.0,0.0,0.0,0.0,0.0,0.0,0.0,0.0,0.0,0.0,0.0,0.11,0.0,0.0,0.11
2/2/2026,2023.0,20240446.0,21263.0,26049.0,"COUNTRYMARK REFINING AND LOGISTICS, LLC",Crude Oil,INTRASTATE,INDIANA,0.1,0.0,0.1,0.0,0.0,0.0,0.0,0.0,0.0,0.0,0.0,0.0,0.0,0.0,0.0,0.0,0.0,0.0,0.0,0.0,0.0,0.0,0.1,0.0,0.0,0.1
2/2/2026,2023.0,20240447.0,21264.0,26049.0,"COUNTRYMARK REFINING AND LOGISTICS, LLC",Refined and/or Petroleum Product (non-HVL),INTRASTATE,INDIANA,247.1,0.0,247.1,0.0,0.0,0.0,0.0,0.0,0.0,0.0,0.0,0.0,0.0,0.0,0.0,0.0,0.0,0.0,0.0,0.0,0.0,0.0,247.1,0.0,0.0,247.1
2/2/2026,2023.0,20240273.0,21083.0,26054.0,KEY WEST PIPELINE CO,Refined and/or Petroleum Product (non-HVL),INTRASTATE,FLORIDA,0.0,0.0,0.0,3.0,0.0,4.0,0.0,7.0,0.0,0.0,0.0,0.0,0.0,0.0,0.0,0.0,0.0,0.0,0.0,0.0,0.0,0.0,3.0,4.0,0.0,7.0
2/2/2026,2023.0,20240622.0,21443.0,26061.0,"DELEK CRUDE LOGISTICS, LLC.",Crude Oil,INTERSTATE,OKLAHOMA,39.66,0.0,39.66,0.0,0.0,0.0,0.0,0.0,0.0,0.0,0.0,0.0,0.0,0.0,0.0,0.0,0.0,0.0,0.0,0.0,0.0,0.0,39.66,0.0,0.0,39.66
2/2/2026,2023.0,20240622.0,21443.0,26061.0,"DELEK CRUDE LOGISTICS, LLC.",Crude Oil,INTERSTATE,TEXAS,103.07,0.0,103.07,0.0,0.0,0.0,0.0,0.0,0.0,0.0,0.0,0.0,0.0,0.0,0.0,0.0,0.0,0.0,0.0,0.0,0.0,0.0,103.07,0.0,0.0,103.07
2/2/2026,2023.0,20240622.0,21443.0,26061.0,"DELEK CRUDE LOGISTICS, LLC.",Crude Oil,INTRASTATE,TEXAS,287.41,0.0,287.41,2.0,0.0,0.0,0.0,2.0,0.0,0.0,0.0,0.0,0.0,0.0,0.0,0.0,0.0,0.0,0.0,0.0,0.0,0.0,289.41,0.0,0.0,289.41
2/2/2026,2023.0,20240626.0,21447.0,26061.0,"DELEK CRUDE LOGISTICS, LLC.",Refined and/or Petroleum Product (non-HVL),INTRASTATE,TEXAS,118.09,0.0,118.09,0.0,0.0,0.0,0.0,0.0,0.0,0.0,0.0,0.0,0.0,0.0,0.0,0.0,0.0,0.0,0.0,0.0,0.0,0.0,118.09,0.0,0.0,118.09
2/2/2026,2023.0,20240169.0,20965.0,26065.0,CHS MCPHERSON REFINERY INC.,Crude Oil,INTERSTATE,KANSAS,0.0,0.0,0.0,0.0,0.0,0.0,0.0,0.0,0.0,0.0,0.0,0.0,0.0,0.0,0.0,0.0,0.0,0.0,0.0,0.0,0.0,0.0,0.0,0.0,0.0,0.0
2/2/2026,2023.0,20240173.0,20969.0,26065.0,CHS MCPHERSON REFINERY INC.,HVL,INTRASTATE,KANSAS,19.91,0.0,19.91,0.0,0.0,0.0,0.0,0.0,0.0,0.0,0.0,0.0,0.0,0.0,0.0,0.0,0.0,0.0,0.0,0.0,0.0,0.0,19.91,0.0,0.0,19.91
2/2/2026,2023.0,20240174.0,20970.0,26065.0,CHS MCPHERSON REFINERY INC.,Refined and/or Petroleum Product (non-HVL),INTRASTATE,KANSAS,14.05,0.0,14.05,0.0,0.0,0.0,0.0,0.0,0.0,0.0,0.0,0.0,0.0,0.0,0.0,0.0,0.0,0.0,0.0,0.0,0.0,0.0,14.05,0.0,0.0,14.05
2/2/2026,2023.0,20240349.0,21556.0,26085.0,"PLAINS MARKETING, L.P.",Crude Oil,INTERSTATE,ALABAMA,1.56,0.0,1.56,0.77,0.0,0.0,0.0,0.77,0.0,0.0,0.0,0.0,0.0,0.0,0.0,0.0,0.0,0.0,0.0,0.0,0.0,0.0,2.33,0.0,0.0,2.33
2/2/2026,2023.0,20240349.0,21556.0,26085.0,"PLAINS MARKETING, L.P.",Crude Oil,INTERSTATE,ILLINOIS,0.81,0.0,0.81,0.0,0.0,0.0,0.0,0.0,0.0,0.0,0.0,0.0,0.0,0.0,0.0,0.0,0.0,0.0,0.0,0.0,0.0,0.0,0.81,0.0,0.0,0.81
2/2/2026,2023.0,20240349.0,21556.0,26085.0,"PLAINS MARKETING, L.P.",Crude Oil,INTERSTATE,LOUISIANA,0.0,0.0,0.0,0.0,0.0,0.0,0.0,0.0,0.0,0.0,0.0,0.0,0.0,0.0,0.0,0.0,0.0,0.0,0.0,0.0,0.0,0.0,0.0,0.0,0.0,0.0
2/2/2026,2023.0,20240349.0,21556.0,26085.0,"PLAINS MARKETING, L.P.",Crude Oil,INTERSTATE,NORTH DAKOTA,0.0,0.0,0.0,0.0,0.0,0.0,0.0,0.0,0.0,0.0,0.0,0.0,0.0,0.0,0.0,0.0,0.0,0.0,0.0,0.0,0.0,0.0,0.0,0.0,0.0,0.0
2/2/2026,2023.0,20240349.0,21556.0,26085.0,"PLAINS MARKETING, L.P.",Crude Oil,INTERSTATE,OKLAHOMA,0.0,0.0,0.0,0.0,0.0,0.0,0.0,0.0,0.0,0.0,0.0,0.0,0.0,0.0,0.0,0.0,0.0,0.0,0.0,0.0,0.0,0.0,0.0,0.0,0.0,0.0
2/2/2026,2023.0,20240349.0,21556.0,26085.0,"PLAINS MARKETING, L.P.",Crude Oil,INTERSTATE,TEXAS,0.0,0.0,0.0,0.0,0.0,0.0,0.0,0.0,0.0,0.0,0.0,0.0,0.0,0.0,0.0,0.0,0.0,0.0,0.0,0.0,0.0,0.0,0.0,0.0,0.0,0.0
2/2/2026,2023.0,20240349.0,21556.0,26085.0,"PLAINS MARKETING, L.P.",Crude Oil,INTRASTATE,CALIFORNIA,138.42,0.0,138.42,0.0,5.06,0.0,0.0,5.06,0.0,0.0,0.0,0.0,0.0,0.0,0.0,0.0,0.0,0.0,0.0,0.0,0.0,0.0,143.48,0.0,0.0,143.48
2/2/2026,2023.0,20240349.0,21556.0,26085.0,"PLAINS MARKETING, L.P.",Crude Oil,INTRASTATE,COLORADO,0.0,0.0,0.0,0.0,0.0,0.0,0.0,0.0,0.0,0.0,0.0,0.0,0.0,0.0,0.0,0.0,0.0,0.0,0.0,0.0,0.0,0.0,0.0,0.0,0.0,0.0
2/2/2026,2023.0,20240349.0,21556.0,26085.0,"PLAINS MARKETING, L.P.",Crude Oil,INTRASTATE,LOUISIANA,32.04,0.0,32.04,0.0,0.0,0.0,0.0,0.0,0.0,0.0,0.0,0.0,0.0,0.0,0.0,0.0,0.0,0.0,0.0,0.0,0.0,0.0,32.04,0.0,0.0,32.04
2/2/2026,2023.0,20240349.0,21556.0,26085.0,"PLAINS MARKETING, L.P.",Crude Oil,INTRASTATE,NEW MEXICO,0.35,0.0,0.35,0.0,0.0,0.0,0.0,0.0,0.0,0.0,0.0,0.0,0.0,0.0,0.0,0.0,0.0,0.0,0.0,0.0,0.0,0.0,0.35,0.0,0.0,0.35
2/2/2026,2023.0,20240349.0,21556.0,26085.0,"PLAINS MARKETING, L.P.",Crude Oil,INTRASTATE,TEXAS,47.82,0.0,47.82,0.0,0.0,0.0,0.0,0.0,0.0,0.0,0.0,0.0,0.0,0.0,0.0,0.0,0.0,0.0,0.0,0.0,0.0,0.0,47.82,0.0,0.0,47.82
2/2/2026,2023.0,20240180.0,20976.0,26085.0,"PLAINS MARKETING, L.P.",HVL,INTERSTATE,MICHIGAN,0.54,0.0,0.54,0.0,0.0,0.0,0.0,0.0,0.0,0.0,0.0,0.0,0.0,0.0,0.0,0.0,0.0,0.0,0.0,0.0,0.0,0.0,0.54,0.0,0.0,0.54
2/2/2026,2023.0,20240180.0,20976.0,26085.0,"PLAINS MARKETING, L.P.",HVL,INTRASTATE,ARIZONA,11.58,0.0,11.58,0.0,0.0,0.0,0.0,0.0,0.0,0.0,0.0,0.0,0.0,0.0,0.0,0.0,0.0,0.0,0.0,0.0,0.0,0.0,11.58,0.0,0.0,11.58
2/2/2026,2023.0,20240037.0,20788.0,26086.0,SEADRIFT PIPELINE LLC,HVL,INTRASTATE,TEXAS,761.21,0.0,761.21,0.0,0.01,0.0,0.0,0.01,1.6,1.93,0.0,0.0,3.53,0.0,0.0,0.0,0.0,0.0,0.0,0.0,0.0,0.0,764.75,0.0,0.0,764.75
2/2/2026,2023.0,20240526.0,21343.0,26094.0,"SHORE TERMINALS, LLC",Refined and/or Petroleum Product (non-HVL),INTRASTATE,CALIFORNIA,0.51,0.0,0.51,0.52,0.0,0.0,0.0,0.52,6.51,0.0,0.0,0.0,6.51,0.0,0.0,0.0,0.0,0.0,0.0,0.0,0.0,0.0,7.54,0.0,0.0,7.54
2/2/2026,2023.0,20240526.0,21343.0,26094.0,"SHORE TERMINALS, LLC",Refined and/or Petroleum Product (non-HVL),INTRASTATE,OREGON,0.72,0.0,0.72,0.0,0.0,0.0,0.0,0.0,0.0,0.0,0.0,0.0,0.0,0.0,0.0,0.0,0.0,0.0,0.0,0.0,0.0,0.0,0.72,0.0,0.0,0.72
2/2/2026,2023.0,20240448.0,21265.0,26099.0,TAMPA BAY PIPELINE CO.,HVL,INTRASTATE,FLORIDA,89.1,0.0,89.1,0.0,0.0,0.0,0.0,0.0,0.0,0.0,0.0,0.0,0.0,0.0,0.0,0.0,0.0,0.0,0.0,0.0,0.0,0.0,89.1,0.0,0.0,89.1
2/2/2026,2023.0,20240216.0,21023.0,26103.0,"TEXAS EASTMAN DIVISION, EASTMAN CHEMICAL CO",HVL,INTRASTATE,TEXAS,470.5,0.0,470.5,0.0,0.0,0.0,0.0,0.0,0.0,0.0,0.0,0.0,0.0,0.0,0.0,0.0,0.0,0.0,0.0,0.0,0.0,0.0,470.5,0.0,0.0,470.5
2/2/2026,2023.0,20240536.0,21353.0,26112.0,"VALERO REFINING-TEXAS, L.P.",Crude Oil,INTRASTATE,TEXAS,5.619,0.0,5.619,0.0,0.0,0.0,0.0,0.0,0.0,0.0,0.0,0.0,0.0,0.0,0.0,0.0,0.0,0.0,0.0,0.0,0.0,0.0,5.619,0.0,0.0,5.619
2/2/2026,2023.0,20240535.0,21352.0,26112.0,"VALERO REFINING-TEXAS, L.P.",HVL,INTRASTATE,TEXAS,9.217,0.0,9.217,4.068,0.0,0.0,0.0,4.068,0.0,0.0,0.0,0.0,0.0,0.0,0.0,0.0,0.0,0.0,0.0,0.0,0.0,0.0,13.285,0.0,0.0,13.285
2/2/2026,2023.0,20240538.0,21355.0,26112.0,"VALERO REFINING-TEXAS, L.P.",Refined and/or Petroleum Product (non-HVL),INTRASTATE,TEXAS,15.522,0.0,15.522,15.958,0.0,0.0,0.0,15.958,0.0,0.0,0.0,0.0,0.0,0.0,0.0,0.0,0.0,0.0,0.0,0.0,0.0,0.0,31.48,0.0,0.0,31.48
2/2/2026,2023.0,20240378.0,21192.0,26120.0,COLLINS PIPELINE CO,Refined and/or Petroleum Product (non-HVL),INTERSTATE,LOUISIANA,48.01,0.0,48.01,0.0,0.0,0.0,0.0,0.0,0.0,0.0,0.0,0.0,0.0,0.0,0.0,0.0,0.0,0.0,0.0,0.0,0.0,0.0,48.01,0.0,0.0,48.01
2/2/2026,2023.0,20240378.0,21192.0,26120.0,COLLINS PIPELINE CO,Refined and/or Petroleum Product (non-HVL),INTERSTATE,MISSISSIPPI,76.5,0.0,76.5,0.0,0.0,0.0,0.0,0.0,0.0,0.0,0.0,0.0,0.0,0.0,0.0,0.0,0.0,0.0,0.0,0.0,0.0,0.0,76.5,0.0,0.0,76.5
2/2/2026,2023.0,20240279.0,21601.0,26125.0,CALNEV PIPELINE CO,Refined and/or Petroleum Product (non-HVL),INTERSTATE,CALIFORNIA,389.079,0.0,389.079,0.0,0.0,0.0,0.0,0.0,0.0,0.0,0.0,0.0,0.0,0.0,0.0,0.0,0.0,0.0,0.0,0.0,0.0,0.0,389.079,0.0,0.0,389.079
2/2/2026,2023.0,20240279.0,21601.0,26125.0,CALNEV PIPELINE CO,Refined and/or Petroleum Product (non-HVL),INTERSTATE,NEVADA,111.081,0.0,111.081,4.968,0.0,0.0,0.0,4.968,0.0,0.0,0.0,0.0,0.0,0.0,0.0,0.0,0.0,0.0,0.0,0.0,0.0,0.0,116.049,0.0,0.0,116.049
2/2/2026,2023.0,20240279.0,21601.0,26125.0,CALNEV PIPELINE CO,Refined and/or Petroleum Product (non-HVL),INTRASTATE,CALIFORNIA,60.451,0.0,60.451,0.0,0.0,0.0,0.0,0.0,0.0,0.0,0.0,0.0,0.0,0.0,0.0,0.0,0.0,0.0,0.0,0.0,0.0,0.0,60.451,0.0,0.0,60.451
2/2/2026,2023.0,20240279.0,21601.0,26125.0,CALNEV PIPELINE CO,Refined and/or Petroleum Product (non-HVL),INTRASTATE,NEVADA,0.0,0.0,0.0,0.623,0.0,0.0,0.0,0.623,0.0,0.0,0.0,0.0,0.0,0.0,0.0,0.0,0.0,0.0,0.0,0.0,0.0,0.0,0.623,0.0,0.0,0.623
2/2/2026,2023.0,20240627.0,21448.0,26136.0,PARAMOUNT PETROLEUM CORP,Refined and/or Petroleum Product (non-HVL),INTRASTATE,CALIFORNIA,0.0,0.0,0.0,0.45,0.0,0.0,0.0,0.45,0.0,0.0,0.0,0.0,0.0,0.0,0.0,0.0,0.0,0.0,0.0,0.0,0.0,0.0,0.45,0.0,0.0,0.45
2/2/2026,2023.0,20240033.0,20784.0,26149.0,ALYESKA PIPELINE SERVICE CO,Crude Oil,INTERSTATE,ALASKA,800.59,0.0,800.59,0.0,0.0,0.0,0.0,0.0,0.0,0.0,0.0,0.0,0.0,0.0,0.0,0.0,0.0,0.0,0.0,0.0,0.0,0.0,800.59,0.0,0.0,800.59
2/2/2026,2023.0,20240218.0,21025.0,26302.0,MUSTANG PIPELINE CO,HVL,INTRASTATE,TEXAS,89.14,0.0,89.14,0.0,0.0,0.0,0.0,0.0,0.0,0.0,0.0,0.0,0.0,0.0,0.0,0.0,0.0,0.0,0.0,0.0,0.0,0.0,89.14,0.0,0.0,89.14
2/2/2026,2023.0,20250038.0,21714.0,26303.0,UNOCAL PIPELINE CO - EASTERN REGION,Crude Oil,INTRASTATE,TEXAS,4.7,0.0,4.7,0.0,0.0,0.0,0.0,0.0,0.0,0.0,0.0,0.0,0.0,0.0,0.0,0.0,0.0,0.0,0.0,0.0,0.0,0.0,4.7,0.0,0.0,4.7
2/2/2026,2023.0,20240254.0,21062.0,26330.0,"ENABLE OKLAHOMA INTRASTATE TRANSMISSION, LLC",HVL,INTRASTATE,OKLAHOMA,7.25,0.0,7.25,0.0,4.33,0.0,0.0,4.33,0.0,0.0,0.0,0.0,0.0,0.0,0.0,0.0,0.0,0.0,0.0,0.0,0.0,0.0,11.58,0.0,0.0,11.58
2/2/2026,2023.0,20240697.0,21579.0,30003.0,HOUSTON REFINING LP.,Crude Oil,INTRASTATE,TEXAS,3.0,0.0,3.0,0.0,0.0,0.0,0.0,0.0,0.0,0.0,0.0,0.0,0.0,0.0,0.0,0.0,0.0,0.0,0.0,0.0,0.0,0.0,3.0,0.0,0.0,3.0
2/2/2026,2023.0,20240109.0,20883.0,30020.0,W & T OFFSHORE INC,Refined and/or Petroleum Product (non-HVL),INTRASTATE,ALABAMA,0.0,0.0,0.0,0.0,4.75,0.0,0.0,4.75,0.0,0.0,0.0,0.0,0.0,0.0,0.0,0.0,0.0,0.0,0.0,0.0,0.0,0.0,4.75,0.0,0.0,4.75
2/2/2026,2023.0,20240214.0,21021.0,30544.0,OCCIDENTAL CHEMICAL CORP,HVL,INTRASTATE,TEXAS,0.0,0.0,0.0,41.946,0.0,0.0,0.0,41.946,0.0,0.0,0.0,0.0,0.0,0.0,0.0,0.0,0.0,0.0,0.0,0.0,0.0,0.0,41.946,0.0,0.0,41.946
2/2/2026,2023.0,20240595.0,21412.0,30626.0,TARGA NGL PIPE LINE CO,HVL,INTERSTATE,LOUISIANA,22.03,0.0,22.03,0.0,0.0,0.0,0.0,0.0,0.0,0.0,0.0,0.0,0.0,0.0,0.0,0.0,0.0,0.0,0.0,0.0,0.0,0.0,22.03,0.0,0.0,22.03
2/2/2026,2023.0,20240595.0,21412.0,30626.0,TARGA NGL PIPE LINE CO,HVL,INTERSTATE,TEXAS,84.17,0.0,84.17,0.0,0.0,0.0,0.0,0.0,0.0,0.0,0.0,0.0,0.0,0.0,0.0,0.0,0.0,0.0,0.0,0.0,0.0,0.0,84.17,0.0,0.0,84.17
2/2/2026,2023.0,20240595.0,21412.0,30626.0,TARGA NGL PIPE LINE CO,HVL,INTRASTATE,TEXAS,72.91,0.0,72.91,0.0,0.0,0.0,0.0,0.0,0.0,0.0,0.0,0.0,0.0,0.0,0.0,0.0,0.0,0.0,0.0,0.0,0.0,0.0,72.91,0.0,0.0,72.91
2/2/2026,2023.0,20240593.0,21581.0,30626.0,TARGA NGL PIPE LINE CO,Refined and/or Petroleum Product (non-HVL),INTRASTATE,TEXAS,149.32,0.0,149.32,0.0,0.0,0.0,0.0,0.0,0.0,0.0,0.0,0.0,0.0,0.0,0.0,0.0,0.0,0.0,0.0,0.0,0.0,0.0,149.32,0.0,0.0,149.32
2/2/2026,2023.0,20240544.0,21628.0,30657.0,BRAVO PIPELINE COMPANY,CO2,INTERSTATE,COLORADO,89.0,0.0,89.0,0.0,0.0,0.0,0.0,0.0,0.0,0.0,0.0,0.0,0.0,0.0,0.0,0.0,0.0,0.0,0.0,0.0,0.0,0.0,89.0,0.0,0.0,89.0
2/2/2026,2023.0,20240544.0,21628.0,30657.0,BRAVO PIPELINE COMPANY,CO2,INTERSTATE,NEW MEXICO,376.33,0.0,376.33,0.0,0.0,0.0,0.0,0.0,0.0,0.0,0.0,0.0,0.0,0.0,0.0,0.0,0.0,0.0,0.0,0.0,0.0,0.0,376.33,0.0,0.0,376.33
2/2/2026,2023.0,20240544.0,21628.0,30657.0,BRAVO PIPELINE COMPANY,CO2,INTERSTATE,TEXAS,423.1,0.0,423.1,0.0,0.0,0.0,0.0,0.0,0.0,0.0,0.0,0.0,0.0,0.0,0.0,0.0,0.0,0.0,0.0,0.0,0.0,0.0,423.1,0.0,0.0,423.1
2/2/2026,2023.0,20240544.0,21628.0,30657.0,BRAVO PIPELINE COMPANY,CO2,INTRASTATE,TEXAS,160.57,0.0,160.57,0.0,0.0,0.0,0.0,0.0,0.0,0.0,0.0,0.0,0.0,0.0,0.0,0.0,0.0,0.0,0.0,0.0,0.0,0.0,160.57,0.0,0.0,160.57
2/2/2026,2023.0,20240217.0,21024.0,30658.0,KERN ENERGY,Crude Oil,INTRASTATE,CALIFORNIA,0.0,0.0,0.0,0.0,18.6,0.0,0.0,18.6,0.0,0.0,0.0,0.0,0.0,0.0,0.0,0.0,0.0,0.0,0.0,0.0,0.0,0.0,18.6,0.0,0.0,18.6
2/2/2026,2023.0,20240313.0,21124.0,30666.0,"ENMARK ENERGY, INC",CO2,INTRASTATE,MISSISSIPPI,9.63,0.0,9.63,0.0,0.0,0.0,0.0,0.0,0.0,0.0,0.0,0.0,0.0,0.0,0.0,0.0,0.0,0.0,0.0,0.0,0.0,0.0,9.63,0.0,0.0,9.63
2/2/2026,2023.0,20240299.0,21110.0,30683.0,WESTLAKE PETROCHEMICALS LLC,HVL,INTRASTATE,LOUISIANA,17.479,0.0,17.479,0.0,0.0,0.0,0.0,0.0,0.0,0.0,0.0,0.0,0.0,0.0,0.0,0.0,0.0,0.0,0.0,0.0,0.0,0.0,17.479,0.0,0.0,17.479
2/2/2026,2023.0,20240298.0,21109.0,30683.0,WESTLAKE PETROCHEMICALS LLC,Refined and/or Petroleum Product (non-HVL),INTRASTATE,LOUISIANA,0.0,0.0,0.0,6.836,0.0,0.0,0.0,6.836,0.0,0.0,0.0,0.0,0.0,0.0,0.0,0.0,0.0,0.0,0.0,0.0,0.0,0.0,6.836,0.0,0.0,6.836
2/2/2026,2023.0,20240393.0,21207.0,30711.0,HILCORP ENERGY COMPANY,Crude Oil,INTRASTATE,LOUISIANA,0.0,1.967,1.967,0.0,0.454,0.0,0.0,0.454,0.0,0.0,0.0,0.0,0.0,0.0,0.0,0.0,0.0,0.0,0.0,0.0,0.0,0.0,0.454,1.967,0.0,2.421
2/2/2026,2023.0,20240326.0,21137.0,30755.0,CITGO PRODUCTS PIPELINE CO,HVL,INTERSTATE,LOUISIANA,23.452,0.0,23.452,0.0,0.0,0.0,0.0,0.0,0.0,0.0,0.0,0.0,0.0,0.0,0.0,0.0,0.0,0.0,0.0,0.0,0.0,0.0,23.452,0.0,0.0,23.452
2/2/2026,2023.0,20240326.0,21137.0,30755.0,CITGO PRODUCTS PIPELINE CO,HVL,INTERSTATE,TEXAS,86.523,0.0,86.523,0.0,0.0,0.0,0.0,0.0,0.0,0.0,0.0,0.0,0.0,0.0,0.0,0.0,0.0,0.0,0.0,0.0,0.0,0.0,86.523,0.0,0.0,86.523
2/2/2026,2023.0,20240325.0,21136.0,30755.0,CITGO PRODUCTS PIPELINE CO,Refined and/or Petroleum Product (non-HVL),INTRASTATE,TEXAS,198.816,0.0,198.816,37.761,0.0,0.0,0.0,37.761,0.0,0.0,0.0,0.0,0.0,0.0,0.0,0.0,0.0,0.0,0.0,0.0,0.0,0.0,236.577,0.0,0.0,236.577
2/2/2026,2023.0,20240615.0,21436.0,30756.0,WYOMING REFINING CO,Refined and/or Petroleum Product (non-HVL),INTRASTATE,WYOMING,40.36,0.0,40.36,0.0,0.0,0.0,0.0,0.0,0.0,0.0,0.0,0.0,0.0,0.0,0.0,0.0,0.0,0.0,0.0,0.0,0.0,0.0,40.36,0.0,0.0,40.36
2/2/2026,2023.0,20240514.0,21331.0,30777.0,MOTIVA ENTERPRISE LLC,Crude Oil,INTRASTATE,TEXAS,8.17,0.0,8.17,0.0,0.0,0.0,0.0,0.0,0.0,0.0,0.0,0.0,0.0,0.0,0.0,0.0,0.0,0.0,0.0,0.0,0.0,0.0,8.17,0.0,0.0,8.17
2/2/2026,2023.0,20240519.0,21336.0,30777.0,MOTIVA ENTERPRISE LLC,HVL,INTRASTATE,TEXAS,306.8,0.0,306.8,10.53,0.0,0.0,0.0,10.53,0.0,0.0,0.0,0.0,0.0,0.0,0.0,0.0,0.0,0.0,0.0,0.0,0.0,0.0,317.33,0.0,0.0,317.33
2/2/2026,2023.0,20240517.0,21627.0,30777.0,MOTIVA ENTERPRISE LLC,Refined and/or Petroleum Product (non-HVL),INTRASTATE,TEXAS,47.87,0.0,47.87,0.0,0.0,0.0,0.0,0.0,0.0,0.0,0.0,0.0,0.0,0.0,0.0,0.0,0.0,0.0,0.0,0.0,0.0,0.0,47.87,0.0,0.0,47.87
2/2/2026,2023.0,20240121.0,20897.0,30781.0,OLYMPIC PIPE LINE COMPANY,Refined and/or Petroleum Product (non-HVL),INTERSTATE,OREGON,15.3,0.0,15.3,0.0,0.0,0.0,0.0,0.0,0.0,0.0,0.0,0.0,0.0,0.0,0.0,0.0,0.0,0.0,0.0,0.0,0.0,0.0,15.3,0.0,0.0,15.3
2/2/2026,2023.0,20240121.0,20897.0,30781.0,OLYMPIC PIPE LINE COMPANY,Refined and/or Petroleum Product (non-HVL),INTERSTATE,WASHINGTON,351.7,0.0,351.7,0.0,0.0,0.0,0.0,0.0,0.0,0.0,0.0,0.0,0.0,0.0,0.0,0.0,0.0,0.0,0.0,0.0,0.0,0.0,351.7,0.0,0.0,351.7
2/2/2026,2023.0,20240121.0,20897.0,30781.0,OLYMPIC PIPE LINE COMPANY,Refined and/or Petroleum Product (non-HVL),INTRASTATE,WASHINGTON,46.7,0.0,46.7,0.0,0.0,0.0,0.0,0.0,0.0,0.0,0.0,0.0,0.0,0.0,0.0,0.0,0.0,0.0,0.0,0.0,0.0,0.0,46.7,0.0,0.0,46.7
2/2/2026,2023.0,20240275.0,21615.0,30782.0,HARVEST MIDSTREAM COMPANY,Crude Oil,INTERSTATE,LOUISIANA,162.856,0.0,162.856,0.113,10.852,0.0,0.0,10.965,0.0,0.0,0.0,0.0,0.0,0.0,0.0,0.0,0.0,0.0,0.0,0.0,0.0,0.0,173.821,0.0,0.0,173.821
2/2/2026,2023.0,20240275.0,21615.0,30782.0,HARVEST MIDSTREAM COMPANY,Crude Oil,INTERSTATE,TEXAS,2.407,0.0,2.407,0.506,0.0,0.0,0.0,0.506,0.0,0.0,0.0,0.0,0.0,0.0,0.0,0.0,0.0,0.0,0.0,0.0,0.0,0.0,2.913,0.0,0.0,2.913
2/2/2026,2023.0,20240275.0,21615.0,30782.0,HARVEST MIDSTREAM COMPANY,Crude Oil,INTRASTATE,LOUISIANA,158.069,0.0,158.069,0.838,93.129,0.0,0.0,93.967,0.0,0.0,0.0,0.0,0.0,0.0,4.422,0.0,4.422,0.0,0.0,0.0,0.0,0.0,256.458,0.0,0.0,256.458
2/2/2026,2023.0,20240275.0,21615.0,30782.0,HARVEST MIDSTREAM COMPANY,Crude Oil,INTRASTATE,NORTH DAKOTA,20.055,0.0,20.055,1.193,5.055,0.0,0.0,6.248,0.0,0.0,0.0,0.0,0.0,0.0,0.0,0.0,0.0,0.0,0.0,0.0,0.0,0.0,26.303,0.0,0.0,26.303
2/2/2026,2023.0,20240275.0,21615.0,30782.0,HARVEST MIDSTREAM COMPANY,Crude Oil,INTRASTATE,TEXAS,432.148,0.0,432.148,0.511,0.782,0.0,0.0,1.293,0.0,0.0,0.0,0.0,0.0,0.0,0.0,0.0,0.0,0.0,0.0,0.0,0.0,0.0,433.441,0.0,0.0,433.441
2/2/2026,2023.0,20250022.0,21694.0,30792.0,LAMAR OIL & GAS,Crude Oil,INTRASTATE,TEXAS,0.0,0.0,0.0,0.0,0.0,8.71,0.0,8.71,0.0,0.0,0.0,0.0,0.0,0.0,0.0,0.0,0.0,0.0,0.0,0.0,0.0,0.0,0.0,8.71,0.0,8.71
2/2/2026,2023.0,20240020.0,20771.0,30825.0,CITGO PETROLEUM CORPORATION (REFINERY),HVL,INTRASTATE,LOUISIANA,6.24,0.0,6.24,0.0,0.0,0.0,0.0,0.0,0.0,0.0,0.0,0.0,0.0,0.0,0.0,0.0,0.0,0.0,0.0,0.0,0.0,0.0,6.24,0.0,0.0,6.24
2/2/2026,2023.0,20240457.0,21554.0,30826.0,WILLIAMS FIELD SERVICES,HVL,INTERSTATE,COLORADO,393.934,0.0,393.934,0.0,0.0,0.0,0.0,0.0,0.0,0.0,0.0,0.0,0.0,0.0,0.0,0.0,0.0,0.0,0.0,0.0,0.0,0.0,393.934,0.0,0.0,393.934
2/2/2026,2023.0,20240457.0,21554.0,30826.0,WILLIAMS FIELD SERVICES,HVL,INTERSTATE,KANSAS,261.253,0.0,261.253,0.0,0.0,0.0,0.0,0.0,0.0,0.0,0.0,0.0,0.0,0.0,0.0,0.0,0.0,0.0,0.0,0.0,0.0,0.0,261.253,0.0,0.0,261.253
2/2/2026,2023.0,20240457.0,21554.0,30826.0,WILLIAMS FIELD SERVICES,HVL,INTERSTATE,OHIO,50.42,0.0,50.42,0.0,0.0,0.0,0.0,0.0,0.0,0.0,0.0,0.0,0.0,0.0,0.0,0.0,0.0,0.0,0.0,0.0,0.0,0.0,50.42,0.0,0.0,50.42
2/2/2026,2023.0,20240457.0,21554.0,30826.0,WILLIAMS FIELD SERVICES,HVL,INTERSTATE,PENNSYLVANIA,31.345,0.0,31.345,0.0,0.0,0.0,0.0,0.0,0.0,0.0,0.0,0.0,0.0,0.0,0.0,0.0,0.0,0.0,0.0,0.0,0.0,0.0,31.345,0.0,0.0,31.345
2/2/2026,2023.0,20240457.0,21554.0,30826.0,WILLIAMS FIELD SERVICES,HVL,INTERSTATE,WEST VIRGINIA,19.146,0.0,19.146,0.0,0.0,0.0,0.0,0.0,0.0,0.0,0.0,0.0,0.0,0.0,0.0,0.0,0.0,0.0,0.0,0.0,0.0,0.0,19.146,0.0,0.0,19.146
2/2/2026,2023.0,20240457.0,21554.0,30826.0,WILLIAMS FIELD SERVICES,HVL,INTERSTATE,WYOMING,386.003,0.0,386.003,0.0,0.0,0.0,0.0,0.0,0.0,0.0,0.0,0.0,0.0,0.0,0.0,0.0,0.0,0.0,0.0,0.0,0.0,0.0,386.003,0.0,0.0,386.003
2/2/2026,2023.0,20240457.0,21554.0,30826.0,WILLIAMS FIELD SERVICES,HVL,INTRASTATE,COLORADO,35.901,0.0,35.901,0.308,0.0,0.0,0.0,0.308,0.0,0.0,0.0,0.0,0.0,0.0,0.0,0.0,0.0,0.0,0.0,0.0,0.0,0.0,36.209,0.0,0.0,36.209
2/2/2026,2023.0,20240457.0,21554.0,30826.0,WILLIAMS FIELD SERVICES,HVL,INTRASTATE,WEST VIRGINIA,27.652,0.0,27.652,0.0,0.0,0.0,0.0,0.0,0.0,0.0,0.0,0.0,0.0,0.0,0.0,0.0,0.0,0.0,0.0,0.0,0.0,0.0,27.652,0.0,0.0,27.652
2/2/2026,2023.0,20240343.0,21595.0,30829.0,ENTERPRISE CRUDE PIPELINE LLC,Crude Oil,INTERSTATE,NEW MEXICO,87.68,0.0,87.68,0.047,0.0,0.0,0.0,0.047,0.0,0.0,0.0,0.0,0.0,0.0,0.0,0.0,0.0,0.0,0.0,0.0,0.0,0.0,87.727,0.0,0.0,87.727
2/2/2026,2023.0,20240343.0,21595.0,30829.0,ENTERPRISE CRUDE PIPELINE LLC,Crude Oil,INTERSTATE,OKLAHOMA,322.382,0.0,322.382,0.0,0.0,0.0,0.0,0.0,0.0,0.0,0.0,0.0,0.0,0.0,0.0,0.0,0.0,0.0,0.0,0.0,0.0,0.0,322.382,0.0,0.0,322.382
2/2/2026,2023.0,20240343.0,21595.0,30829.0,ENTERPRISE CRUDE PIPELINE LLC,Crude Oil,INTERSTATE,TEXAS,1662.289,0.0,1662.289,0.462,0.0,0.0,0.0,0.462,0.0,0.0,0.0,0.0,0.0,0.0,0.0,0.0,0.0,0.0,0.0,0.0,0.0,0.0,1662.751,0.0,0.0,1662.751
2/2/2026,2023.0,20240343.0,21595.0,30829.0,ENTERPRISE CRUDE PIPELINE LLC,Crude Oil,INTRASTATE,NEW MEXICO,1.774,0.0,1.774,0.0,0.0,0.0,0.0,0.0,0.0,0.0,0.0,0.0,0.0,0.0,0.0,0.0,0.0,0.0,0.0,0.0,0.0,0.0,1.774,0.0,0.0,1.774
2/2/2026,2023.0,20240343.0,21595.0,30829.0,ENTERPRISE CRUDE PIPELINE LLC,Crude Oil,INTRASTATE,TEXAS,1447.465,0.0,1447.465,0.0,7.608,0.0,0.0,7.608,0.0,0.0,0.0,0.0,0.0,0.0,0.0,0.0,0.0,0.0,0.0,0.0,0.0,0.0,1455.073,0.0,0.0,1455.073
2/2/2026,2023.0,20240340.0,21594.0,30829.0,ENTERPRISE CRUDE PIPELINE LLC,Refined and/or Petroleum Product (non-HVL),INTERSTATE,TEXAS,21.443,0.0,21.443,0.0,0.0,0.0,0.0,0.0,0.0,0.0,0.0,0.0,0.0,0.0,0.0,0.0,0.0,0.0,0.0,0.0,0.0,0.0,21.443,0.0,0.0,21.443
2/2/2026,2023.0,20240340.0,21594.0,30829.0,ENTERPRISE CRUDE PIPELINE LLC,Refined and/or Petroleum Product (non-HVL),INTRASTATE,TEXAS,1.908,0.0,1.908,0.0,0.0,0.0,0.0,0.0,0.0,0.0,0.0,0.0,0.0,0.0,0.0,0.0,0.0,0.0,0.0,0.0,0.0,0.0,1.908,0.0,0.0,1.908
2/2/2026,2023.0,20240439.0,21255.0,30834.0,TIDELANDS OIL PRODUCTION COMPANY,Crude Oil,INTRASTATE,CALIFORNIA,0.0,0.0,0.0,2.06,0.0,0.0,0.0,2.06,0.0,0.0,0.0,0.0,0.0,0.0,0.0,0.0,0.0,0.0,0.0,0.0,0.0,0.0,2.06,0.0,0.0,2.06
2/2/2026,2023.0,20240105.0,20876.0,30901.0,MENZIES AVIATION,Refined and/or Petroleum Product (non-HVL),INTRASTATE,ALASKA,7.6,0.0,7.6,0.0,0.0,0.0,0.0,0.0,0.0,0.0,0.0,0.0,0.0,0.0,0.0,0.0,0.0,0.0,0.0,0.0,0.0,0.0,7.6,0.0,0.0,7.6
2/2/2026,2023.0,20240708.0,21534.0,30909.0,TRANSMONTAIGNE OPERATING COMPANY L.P.,Crude Oil,INTRASTATE,CALIFORNIA,0.0,0.0,0.0,1.9,0.0,0.0,0.0,1.9,0.0,0.0,0.0,0.0,0.0,0.0,0.0,0.0,0.0,0.0,0.0,0.0,0.0,0.0,1.9,0.0,0.0,1.9
2/2/2026,2023.0,20240613.0,21433.0,30909.0,TRANSMONTAIGNE OPERATING COMPANY L.P.,Refined and/or Petroleum Product (non-HVL),INTRASTATE,CALIFORNIA,0.0,0.0,0.0,6.3,0.0,0.0,0.0,6.3,0.0,0.0,0.0,0.0,0.0,0.0,0.0,0.0,0.0,0.0,0.0,0.0,0.0,0.0,6.3,0.0,0.0,6.3
2/2/2026,2023.0,20240613.0,21433.0,30909.0,TRANSMONTAIGNE OPERATING COMPANY L.P.,Refined and/or Petroleum Product (non-HVL),INTRASTATE,GEORGIA,0.0,0.0,0.0,0.58,0.0,0.0,0.0,0.58,0.0,0.0,0.0,0.0,0.0,0.0,0.0,0.0,0.0,0.0,0.0,0.0,0.0,0.0,0.58,0.0,0.0,0.58
2/2/2026,2023.0,20240613.0,21433.0,30909.0,TRANSMONTAIGNE OPERATING COMPANY L.P.,Refined and/or Petroleum Product (non-HVL),INTRASTATE,MISSISSIPPI,35.0,0.0,35.0,0.0,5.59,0.0,0.0,5.59,0.0,0.0,0.0,0.0,0.0,0.0,0.0,0.0,0.0,0.0,0.0,0.0,0.0,0.0,40.59,0.0,0.0,40.59
2/2/2026,2023.0,20240613.0,21433.0,30909.0,TRANSMONTAIGNE OPERATING COMPANY L.P.,Refined and/or Petroleum Product (non-HVL),INTRASTATE,TEXAS,32.74,0.0,32.74,0.0,0.0,0.0,0.0,0.0,0.0,0.0,0.0,0.0,0.0,0.0,0.0,0.0,0.0,0.0,0.0,0.0,0.0,0.0,32.74,0.0,0.0,32.74
2/2/2026,2023.0,20240458.0,21275.0,30940.0,"WILLIAMS ENERGY, LLC",HVL,INTRASTATE,LOUISIANA,23.08,0.0,23.08,0.0,0.0,0.0,0.0,0.0,0.0,0.0,0.0,0.0,0.0,0.0,0.0,0.0,0.0,0.0,0.0,0.0,0.0,0.0,23.08,0.0,0.0,23.08
2/2/2026,2023.0,20240213.0,21020.0,30959.0,"DOW INFRACO, LLC",HVL,INTRASTATE,TEXAS,66.18,0.0,66.18,22.58,0.0,0.0,0.0,22.58,0.0,0.0,0.0,0.0,0.0,0.0,0.0,0.0,0.0,0.0,0.0,0.0,0.0,0.0,88.76,0.0,0.0,88.76
2/2/2026,2023.0,20240215.0,21046.0,30959.0,"DOW INFRACO, LLC",Refined and/or Petroleum Product (non-HVL),INTRASTATE,TEXAS,57.6,0.0,57.6,12.78,0.0,0.0,0.0,12.78,0.0,0.0,0.0,0.0,0.0,0.0,0.0,0.0,0.0,0.0,0.0,0.0,0.0,0.0,70.38,0.0,0.0,70.38
2/2/2026,2023.0,20240399.0,21213.0,31023.0,CITGO REFINING & CHEMICAL CO. L.P.,Crude Oil,INTRASTATE,TEXAS,4.15,0.0,4.15,0.0,0.0,0.0,0.0,0.0,0.0,0.0,0.0,0.0,0.0,0.0,0.0,0.0,0.0,0.0,0.0,0.0,0.0,0.0,4.15,0.0,0.0,4.15
2/2/2026,2023.0,20240401.0,21215.0,31023.0,CITGO REFINING & CHEMICAL CO. L.P.,HVL,INTRASTATE,TEXAS,1.46,0.0,1.46,4.93,0.0,0.0,0.0,4.93,0.0,0.0,0.0,0.0,0.0,0.0,0.0,0.0,0.0,0.0,0.0,0.0,0.0,0.0,6.39,0.0,0.0,6.39
2/2/2026,2023.0,20240400.0,21214.0,31023.0,CITGO REFINING & CHEMICAL CO. L.P.,Refined and/or Petroleum Product (non-HVL),INTRASTATE,TEXAS,18.1,0.0,18.1,34.24,0.0,0.0,0.0,34.24,0.0,0.0,0.0,0.0,0.0,0.0,0.0,0.0,0.0,0.0,0.0,0.0,0.0,0.0,52.34,0.0,0.0,52.34
2/2/2026,2023.0,20240480.0,21297.0,31045.0,"GENESIS PIPELINE USA, L.P.",Crude Oil,INTERSTATE,ALABAMA,53.7,0.0,53.7,9.1,5.63,0.0,0.0,14.73,0.0,0.0,0.0,0.0,0.0,0.0,0.0,0.0,0.0,0.0,0.0,0.0,0.0,0.0,68.43,0.0,0.0,68.43
2/2/2026,2023.0,20240480.0,21297.0,31045.0,"GENESIS PIPELINE USA, L.P.",Crude Oil,INTERSTATE,FLORIDA,34.16,0.0,34.16,9.0,0.36,0.0,0.0,9.36,0.0,0.0,0.0,0.0,0.0,0.0,0.0,0.0,0.0,0.0,0.0,0.0,0.0,0.0,43.52,0.0,0.0,43.52
2/2/2026,2023.0,20240480.0,21297.0,31045.0,"GENESIS PIPELINE USA, L.P.",Crude Oil,INTERSTATE,LOUISIANA,38.12,0.0,38.12,0.0,0.0,0.0,0.0,0.0,0.0,0.0,0.0,0.0,0.0,0.0,0.0,0.0,0.0,0.0,0.0,0.0,0.0,0.0,38.12,0.0,0.0,38.12
2/2/2026,2023.0,20240480.0,21297.0,31045.0,"GENESIS PIPELINE USA, L.P.",Crude Oil,INTERSTATE,MISSISSIPPI,143.71,0.0,143.71,46.16,11.75,0.0,0.0,57.91,0.0,0.0,0.0,0.0,0.0,0.0,0.0,0.0,0.0,0.0,0.0,0.0,0.0,0.0,201.62,0.0,0.0,201.62
2/2/2026,2023.0,20240080.0,20837.0,31049.0,MCCHORD PIPELINE CO.,Refined and/or Petroleum Product (non-HVL),INTRASTATE,WASHINGTON,14.25,0.0,14.25,0.0,0.0,0.0,0.0,0.0,0.0,0.0,0.0,0.0,0.0,0.0,0.0,0.0,0.0,0.0,0.0,0.0,0.0,0.0,14.25,0.0,0.0,14.25
2/2/2026,2023.0,20240158.0,21590.0,31051.0,"TIDEWATER, INC",Refined and/or Petroleum Product (non-HVL),INTRASTATE,OREGON,0.0,0.0,0.0,0.0,10.56,0.0,0.0,10.56,0.0,0.0,0.0,0.0,0.0,0.0,0.0,0.0,0.0,0.0,0.0,0.0,0.0,0.0,10.56,0.0,0.0,10.56
2/2/2026,2023.0,20240158.0,21590.0,31051.0,"TIDEWATER, INC",Refined and/or Petroleum Product (non-HVL),INTRASTATE,WASHINGTON,0.0,0.0,0.0,0.0,6.83,0.0,0.0,6.83,0.0,0.0,0.0,0.0,0.0,0.0,0.0,0.0,0.0,0.0,0.0,0.0,0.0,0.0,6.83,0.0,0.0,6.83
2/2/2026,2023.0,20240234.0,21041.0,31056.0,"SIGNATURE FLIGHT SUPPORT, M&O _ HONOLULU",Refined and/or Petroleum Product (non-HVL),INTRASTATE,HAWAII,0.0,0.0,0.0,6.0,0.0,0.0,0.0,6.0,0.0,0.0,0.0,0.0,0.0,0.0,0.0,0.0,0.0,0.0,0.0,0.0,0.0,0.0,6.0,0.0,0.0,6.0
2/2/2026,2023.0,20240132.0,20918.0,31057.0,"HECO - HAWAIIAN ELECTRIC COMPANY, INC.",Refined and/or Petroleum Product (non-HVL),INTRASTATE,HAWAII,18.02,0.0,18.02,0.0,0.0,0.0,0.0,0.0,0.0,0.0,0.0,0.0,0.0,0.0,0.0,0.0,0.0,0.0,0.0,0.0,0.0,0.0,18.02,0.0,0.0,18.02
2/2/2026,2023.0,20240345.0,21156.0,31059.0,BASF CORPORATION,HVL,INTRASTATE,TEXAS,8.26,0.0,8.26,1.97,0.0,0.0,0.0,1.97,0.0,0.0,0.0,0.0,0.0,0.0,0.0,0.0,0.0,0.0,0.0,0.0,0.0,0.0,10.23,0.0,0.0,10.23
2/2/2026,2023.0,20240667.0,21683.0,31075.0,E&B NATURAL RESOURCES MANAGEMENT CORP,Crude Oil,INTRASTATE,CALIFORNIA,0.0,0.0,0.0,6.68,0.0,0.0,0.0,6.68,0.0,0.0,0.0,0.0,0.0,0.0,0.0,0.0,0.0,0.0,0.0,0.0,0.0,0.0,6.68,0.0,0.0,6.68
2/2/2026,2023.0,20240242.0,21050.0,31083.0,HAWAII ELECTRIC LIGHT,Refined and/or Petroleum Product (non-HVL),INTRASTATE,HAWAII,2.0,0.0,2.0,0.0,0.0,0.0,0.0,0.0,0.0,0.0,0.0,0.0,0.0,0.0,0.0,0.0,0.0,0.0,0.0,0.0,0.0,0.0,2.0,0.0,0.0,2.0
2/2/2026,2023.0,20240534.0,21351.0,31130.0,"DCP MIDSTREAM, LP",HVL,INTERSTATE,COLORADO,220.595,0.0,220.595,0.0,0.0,0.0,0.0,0.0,0.0,0.0,0.0,0.0,0.0,0.0,0.0,0.0,0.0,0.0,0.0,0.0,0.0,0.0,220.595,0.0,0.0,220.595
2/2/2026,2023.0,20240534.0,21351.0,31130.0,"DCP MIDSTREAM, LP",HVL,INTERSTATE,KANSAS,232.155,0.0,232.155,0.0,0.0,0.0,0.0,0.0,0.0,0.0,0.0,0.0,0.0,0.0,0.0,0.0,0.0,0.0,0.0,0.0,0.0,0.0,232.155,0.0,0.0,232.155
2/2/2026,2023.0,20240534.0,21351.0,31130.0,"DCP MIDSTREAM, LP",HVL,INTERSTATE,LOUISIANA,175.554,0.0,175.554,0.0,0.0,0.0,0.0,0.0,0.0,0.0,0.0,0.0,0.0,0.0,0.0,0.0,0.0,0.0,0.0,0.0,0.0,0.0,175.554,0.0,0.0,175.554
2/2/2026,2023.0,20240534.0,21351.0,31130.0,"DCP MIDSTREAM, LP",HVL,INTERSTATE,NEW MEXICO,45.456,0.0,45.456,0.0,0.0,0.0,0.0,0.0,0.0,0.0,0.0,0.0,0.0,0.0,0.0,0.0,0.0,0.0,0.0,0.0,0.0,0.0,45.456,0.0,0.0,45.456
2/2/2026,2023.0,20240534.0,21351.0,31130.0,"DCP MIDSTREAM, LP",HVL,INTERSTATE,OKLAHOMA,553.074,0.0,553.074,0.0,0.0,0.0,0.0,0.0,0.0,0.0,0.0,0.0,0.0,0.0,0.0,0.0,0.0,0.0,0.0,0.0,0.0,0.0,553.074,0.0,0.0,553.074
2/2/2026,2023.0,20240534.0,21351.0,31130.0,"DCP MIDSTREAM, LP",HVL,INTERSTATE,TEXAS,542.129,0.0,542.129,0.0,0.0,0.0,0.0,0.0,0.0,0.0,0.0,0.0,0.0,0.0,0.0,0.0,0.0,0.0,0.0,0.0,0.0,0.0,542.129,0.0,0.0,542.129
2/2/2026,2023.0,20240534.0,21351.0,31130.0,"DCP MIDSTREAM, LP",HVL,INTRASTATE,COLORADO,52.59,0.0,52.59,0.121,0.0,0.0,0.0,0.121,0.0,0.0,0.0,0.0,0.0,0.0,0.0,0.0,0.0,0.0,0.0,0.0,0.0,0.0,52.711,0.0,0.0,52.711
2/2/2026,2023.0,20240534.0,21351.0,31130.0,"DCP MIDSTREAM, LP",HVL,INTRASTATE,MICHIGAN,4.204,0.0,4.204,0.057,0.0,0.0,0.0,0.057,0.0,0.972,0.0,0.0,0.972,0.0,0.0,0.0,0.0,0.0,0.0,0.0,0.0,0.0,5.233,0.0,0.0,5.233
2/2/2026,2023.0,20240534.0,21351.0,31130.0,"DCP MIDSTREAM, LP",HVL,INTRASTATE,TEXAS,1436.822,0.0,1436.822,0.0,0.0,0.0,0.0,0.0,0.0,0.0,0.0,0.0,0.0,0.0,0.0,0.0,0.0,0.0,0.0,0.0,0.0,0.0,1436.822,0.0,0.0,1436.822
2/2/2026,2023.0,20240534.0,21351.0,31130.0,"DCP MIDSTREAM, LP",HVL,INTRASTATE,WYOMING,0.0,0.0,0.0,0.0,0.0,0.0,0.0,0.0,0.0,0.0,0.0,0.0,0.0,0.0,0.0,0.0,0.0,0.0,0.0,0.0,0.0,0.0,0.0,0.0,0.0,0.0
2/2/2026,2023.0,20240537.0,21354.0,31130.0,"DCP MIDSTREAM, LP",Refined and/or Petroleum Product (non-HVL),INTRASTATE,NEW MEXICO,0.015,0.0,0.015,0.0,2.993,0.0,0.0,2.993,0.0,0.0,0.0,0.0,0.0,0.0,0.0,0.0,0.0,0.0,0.0,0.0,0.0,0.0,3.008,0.0,0.0,3.008
2/2/2026,2023.0,20240162.0,20958.0,31135.0,PETRO-DIAMOND TERMINAL COMPANY,Refined and/or Petroleum Product (non-HVL),INTRASTATE,CALIFORNIA,0.0,0.0,0.0,1.44,0.0,0.0,0.0,1.44,0.0,0.0,0.0,0.0,0.0,0.0,0.0,0.0,0.0,0.0,0.0,0.0,0.0,0.0,1.44,0.0,0.0,1.44
2/2/2026,2023.0,20240170.0,20966.0,31136.0,WICKLAND PIPELINES LLC,Refined and/or Petroleum Product (non-HVL),INTRASTATE,CALIFORNIA,15.59,0.0,15.59,1.98,0.0,0.0,0.0,1.98,0.0,0.0,0.0,0.0,0.0,0.0,0.0,0.0,0.0,0.0,0.0,0.0,0.0,0.0,17.57,0.0,0.0,17.57
2/2/2026,2023.0,20240502.0,21319.0,31166.0,MUSTANG  PIPE  LINE  LLC,Crude Oil,INTERSTATE,ILLINOIS,209.7,0.0,209.7,0.0,0.0,0.0,0.0,0.0,0.0,0.0,0.0,0.0,0.0,0.0,0.0,0.0,0.0,0.0,0.0,0.0,0.0,0.0,209.7,0.0,0.0,209.7
2/2/2026,2023.0,20240379.0,21193.0,31167.0,MOEM PIPELINE LLC,Crude Oil,INTERSTATE,LOUISIANA,55.91,0.0,55.91,0.0,0.0,0.0,0.0,0.0,0.0,0.0,0.0,0.0,0.0,0.0,0.0,0.0,0.0,0.0,0.0,0.0,0.0,0.0,55.91,0.0,0.0,55.91
2/2/2026,2023.0,20240654.0,21475.0,31174.0,"SHELL PIPELINE CO., L.P.",Crude Oil,INTERSTATE,ILLINOIS,1.19,0.0,1.19,0.0,0.0,0.0,0.0,0.0,0.0,0.0,0.0,0.0,0.0,0.0,0.0,0.0,0.0,0.0,0.0,0.0,0.0,0.0,1.19,0.0,0.0,1.19
2/2/2026,2023.0,20240654.0,21475.0,31174.0,"SHELL PIPELINE CO., L.P.",Crude Oil,INTERSTATE,LOUISIANA,633.77,65.47,699.24,0.0,0.0,0.0,0.0,0.0,0.0,0.0,0.0,0.0,0.0,0.0,0.0,0.0,0.0,0.0,0.0,0.0,0.0,0.0,633.77,65.47,0.0,699.24
2/2/2026,2023.0,20240654.0,21475.0,31174.0,"SHELL PIPELINE CO., L.P.",Crude Oil,INTERSTATE,OCS-Gulf of Mexico,0.0,1219.13,1219.13,0.0,0.0,0.0,0.0,0.0,0.0,0.0,0.0,0.0,0.0,0.0,0.0,0.0,0.0,0.0,0.0,0.0,0.0,0.0,0.0,1219.13,0.0,1219.13
2/2/2026,2023.0,20240654.0,21475.0,31174.0,"SHELL PIPELINE CO., L.P.",Crude Oil,INTERSTATE,TEXAS,116.68,0.0,116.68,0.0,0.0,0.0,0.0,0.0,0.0,0.0,0.0,0.0,0.0,0.0,0.0,0.0,0.0,0.0,0.0,0.0,0.0,0.0,116.68,0.0,0.0,116.68
2/2/2026,2023.0,20240677.0,21499.0,31174.0,"SHELL PIPELINE CO., L.P.",HVL,INTERSTATE,LOUISIANA,332.15,0.0,332.15,0.0,0.0,0.0,0.0,0.0,0.0,0.0,0.0,0.0,0.0,0.0,0.0,0.0,0.0,0.0,0.0,0.0,0.0,0.0,332.15,0.0,0.0,332.15
2/2/2026,2023.0,20240677.0,21499.0,31174.0,"SHELL PIPELINE CO., L.P.",HVL,INTERSTATE,OHIO,43.7,0.0,43.7,0.0,0.0,0.0,0.0,0.0,0.0,0.0,0.0,0.0,0.0,0.0,0.0,0.0,0.0,0.0,0.0,0.0,0.0,0.0,43.7,0.0,0.0,43.7
2/2/2026,2023.0,20240677.0,21499.0,31174.0,"SHELL PIPELINE CO., L.P.",HVL,INTERSTATE,PENNSYLVANIA,45.8,0.0,45.8,0.0,0.0,0.0,0.0,0.0,0.0,0.0,0.0,0.0,0.0,0.0,0.0,0.0,0.0,0.0,0.0,0.0,0.0,0.0,45.8,0.0,0.0,45.8
2/2/2026,2023.0,20240677.0,21499.0,31174.0,"SHELL PIPELINE CO., L.P.",HVL,INTERSTATE,TEXAS,113.61,0.0,113.61,0.0,0.0,0.0,0.0,0.0,0.0,0.0,0.0,0.0,0.0,0.0,0.0,0.0,0.0,0.0,0.0,0.0,0.0,0.0,113.61,0.0,0.0,113.61
2/2/2026,2023.0,20240677.0,21499.0,31174.0,"SHELL PIPELINE CO., L.P.",HVL,INTERSTATE,WEST VIRGINIA,8.71,0.0,8.71,0.0,0.0,0.0,0.0,0.0,0.0,0.0,0.0,0.0,0.0,0.0,0.0,0.0,0.0,0.0,0.0,0.0,0.0,0.0,8.71,0.0,0.0,8.71
2/2/2026,2023.0,20240677.0,21499.0,31174.0,"SHELL PIPELINE CO., L.P.",HVL,INTRASTATE,LOUISIANA,78.26,0.0,78.26,0.0,0.0,0.0,0.0,0.0,0.0,0.0,0.0,0.0,0.0,0.0,0.0,0.0,0.0,0.0,0.0,0.0,0.0,0.0,78.26,0.0,0.0,78.26
2/2/2026,2023.0,20240677.0,21499.0,31174.0,"SHELL PIPELINE CO., L.P.",HVL,INTRASTATE,TEXAS,119.41,0.0,119.41,0.0,0.0,0.0,0.0,0.0,0.0,0.0,0.0,0.0,0.0,0.0,0.0,0.0,0.0,0.0,0.0,0.0,0.0,0.0,119.41,0.0,0.0,119.41
2/2/2026,2023.0,20240678.0,21500.0,31174.0,"SHELL PIPELINE CO., L.P.",Refined and/or Petroleum Product (non-HVL),INTERSTATE,ILLINOIS,0.79,0.0,0.79,0.0,0.0,0.0,0.0,0.0,0.0,0.0,0.0,0.0,0.0,0.0,0.0,0.0,0.0,0.0,0.0,0.0,0.0,0.0,0.79,0.0,0.0,0.79
2/2/2026,2023.0,20240678.0,21500.0,31174.0,"SHELL PIPELINE CO., L.P.",Refined and/or Petroleum Product (non-HVL),INTERSTATE,LOUISIANA,157.65,0.0,157.65,0.0,0.0,0.0,0.0,0.0,0.0,0.0,0.0,0.0,0.0,0.0,0.0,0.0,0.0,0.0,0.0,0.0,0.0,0.0,157.65,0.0,0.0,157.65
2/2/2026,2023.0,20240678.0,21500.0,31174.0,"SHELL PIPELINE CO., L.P.",Refined and/or Petroleum Product (non-HVL),INTERSTATE,OREGON,0.0,0.0,0.0,0.0,0.0,0.0,0.0,0.0,0.0,0.0,0.0,0.0,0.0,0.0,0.0,0.0,0.0,0.0,0.0,0.0,0.0,0.0,0.0,0.0,0.0,0.0
2/2/2026,2023.0,20240678.0,21500.0,31174.0,"SHELL PIPELINE CO., L.P.",Refined and/or Petroleum Product (non-HVL),INTERSTATE,TEXAS,7.54,0.0,7.54,0.0,0.0,0.0,0.0,0.0,0.0,0.0,0.0,0.0,0.0,0.0,0.0,0.0,0.0,0.0,0.0,0.0,0.0,0.0,7.54,0.0,0.0,7.54
2/2/2026,2023.0,20240678.0,21500.0,31174.0,"SHELL PIPELINE CO., L.P.",Refined and/or Petroleum Product (non-HVL),INTRASTATE,CALIFORNIA,60.52,0.0,60.52,0.0,0.0,0.0,0.0,0.0,0.0,0.0,0.0,0.0,0.0,0.0,0.0,0.0,0.0,0.0,0.0,0.0,0.0,0.0,60.52,0.0,0.0,60.52
2/2/2026,2023.0,20240678.0,21500.0,31174.0,"SHELL PIPELINE CO., L.P.",Refined and/or Petroleum Product (non-HVL),INTRASTATE,ILLINOIS,5.88,0.0,5.88,0.0,0.0,0.0,0.0,0.0,0.0,0.0,0.0,0.0,0.0,0.0,0.0,0.0,0.0,0.0,0.0,0.0,0.0,0.0,5.88,0.0,0.0,5.88
2/2/2026,2023.0,20240678.0,21500.0,31174.0,"SHELL PIPELINE CO., L.P.",Refined and/or Petroleum Product (non-HVL),INTRASTATE,LOUISIANA,10.67,0.0,10.67,0.0,0.0,0.0,0.0,0.0,0.0,0.0,0.0,0.0,0.0,0.0,0.0,0.0,0.0,0.0,0.0,0.0,0.0,0.0,10.67,0.0,0.0,10.67
2/2/2026,2023.0,20240678.0,21500.0,31174.0,"SHELL PIPELINE CO., L.P.",Refined and/or Petroleum Product (non-HVL),INTRASTATE,TEXAS,29.72,0.0,29.72,0.0,0.0,0.0,0.0,0.0,0.0,0.0,0.0,0.0,0.0,0.0,0.0,0.0,0.0,0.0,0.0,0.0,0.0,0.0,29.72,0.0,0.0,29.72
2/2/2026,2023.0,20240477.0,21294.0,31178.0,XTO ENERGY INC,CO2,INTRASTATE,TEXAS,24.9,0.0,24.9,0.0,0.0,0.0,0.0,0.0,0.0,0.0,0.0,0.0,0.0,0.0,0.0,0.0,0.0,0.0,0.0,0.0,0.0,0.0,24.9,0.0,0.0,24.9
2/2/2026,2023.0,20240478.0,21295.0,31178.0,XTO ENERGY INC,Crude Oil,INTRASTATE,NEW MEXICO,159.2,0.0,159.2,0.0,0.0,0.0,0.0,0.0,0.0,0.0,0.0,0.0,0.0,0.0,0.0,0.0,0.0,0.0,0.0,0.0,0.0,0.0,159.2,0.0,0.0,159.2
2/2/2026,2023.0,20240478.0,21295.0,31178.0,XTO ENERGY INC,Crude Oil,INTRASTATE,TEXAS,12.5,0.0,12.5,0.0,0.0,0.0,0.0,0.0,0.0,0.0,0.0,0.0,0.0,7.23,0.0,0.0,7.23,0.0,0.0,0.0,0.0,0.0,19.73,0.0,0.0,19.73
2/2/2026,2023.0,20240476.0,21293.0,31178.0,XTO ENERGY INC,HVL,INTRASTATE,LOUISIANA,0.0,0.0,0.0,0.0,12.1,0.0,0.0,12.1,0.0,0.0,0.0,0.0,0.0,0.0,0.0,0.0,0.0,0.0,0.0,0.0,0.0,0.0,12.1,0.0,0.0,12.1
2/2/2026,2023.0,20240476.0,21293.0,31178.0,XTO ENERGY INC,HVL,INTRASTATE,NEW MEXICO,92.3,0.0,92.3,0.0,0.0,0.0,0.0,0.0,0.0,0.0,0.0,0.0,0.0,0.0,0.0,0.0,0.0,0.0,0.0,0.0,0.0,0.0,92.3,0.0,0.0,92.3
2/2/2026,2023.0,20240476.0,21293.0,31178.0,XTO ENERGY INC,HVL,INTRASTATE,TEXAS,3.6,0.0,3.6,0.0,0.0,0.0,0.0,0.0,0.0,0.0,0.0,0.0,0.0,0.0,0.0,0.0,0.0,0.0,0.0,0.0,0.0,0.0,3.6,0.0,0.0,3.6
2/2/2026,2023.0,20240125.0,20901.0,31189.0,BP PIPELINE (NORTH AMERICA) INC.,Crude Oil,INTERSTATE,ILLINOIS,519.4,0.0,519.4,0.0,0.0,0.0,0.0,0.0,0.0,0.0,0.0,0.0,0.0,0.0,0.0,0.0,0.0,0.0,0.0,0.0,0.0,0.0,519.4,0.0,0.0,519.4
2/2/2026,2023.0,20240125.0,20901.0,31189.0,BP PIPELINE (NORTH AMERICA) INC.,Crude Oil,INTERSTATE,INDIANA,41.2,0.0,41.2,0.0,0.0,0.0,0.0,0.0,0.0,0.0,0.0,0.0,0.0,0.0,0.0,0.0,0.0,0.0,0.0,0.0,0.0,0.0,41.2,0.0,0.0,41.2
2/2/2026,2023.0,20240125.0,20901.0,31189.0,BP PIPELINE (NORTH AMERICA) INC.,Crude Oil,INTERSTATE,IOWA,16.0,0.0,16.0,0.0,0.0,0.0,0.0,0.0,0.0,0.0,0.0,0.0,0.0,0.0,0.0,0.0,0.0,0.0,0.0,0.0,0.0,0.0,16.0,0.0,0.0,16.0
2/2/2026,2023.0,20240125.0,20901.0,31189.0,BP PIPELINE (NORTH AMERICA) INC.,Crude Oil,INTERSTATE,KANSAS,132.4,0.0,132.4,0.0,0.0,0.0,0.0,0.0,0.0,0.0,0.0,0.0,0.0,0.0,0.0,0.0,0.0,0.0,0.0,0.0,0.0,0.0,132.4,0.0,0.0,132.4
2/2/2026,2023.0,20240125.0,20901.0,31189.0,BP PIPELINE (NORTH AMERICA) INC.,Crude Oil,INTERSTATE,MISSOURI,217.1,0.0,217.1,0.0,0.0,0.0,0.0,0.0,0.0,0.0,0.0,0.0,0.0,0.0,0.0,0.0,0.0,0.0,0.0,0.0,0.0,0.0,217.1,0.0,0.0,217.1
2/2/2026,2023.0,20240125.0,20901.0,31189.0,BP PIPELINE (NORTH AMERICA) INC.,Crude Oil,INTERSTATE,OKLAHOMA,88.8,0.0,88.8,0.0,0.0,0.0,0.0,0.0,0.0,0.0,0.0,0.0,0.0,0.0,0.0,0.0,0.0,0.0,0.0,0.0,0.0,0.0,88.8,0.0,0.0,88.8
2/2/2026,2023.0,20240125.0,20901.0,31189.0,BP PIPELINE (NORTH AMERICA) INC.,Crude Oil,INTRASTATE,WASHINGTON,5.3,0.0,5.3,0.0,0.0,0.0,0.0,0.0,0.0,0.0,0.0,0.0,0.0,0.0,0.0,0.0,0.0,0.0,0.0,0.0,0.0,0.0,5.3,0.0,0.0,5.3
2/2/2026,2023.0,20240123.0,20899.0,31189.0,BP PIPELINE (NORTH AMERICA) INC.,HVL,INTERSTATE,INDIANA,1.7,0.0,1.7,0.0,0.0,0.0,0.0,0.0,0.0,0.0,0.0,0.0,0.0,0.0,0.0,0.0,0.0,0.0,0.0,0.0,0.0,0.0,1.7,0.0,0.0,1.7
2/2/2026,2023.0,20240123.0,20899.0,31189.0,BP PIPELINE (NORTH AMERICA) INC.,HVL,INTRASTATE,WASHINGTON,4.9,0.0,4.9,0.0,0.0,0.0,0.0,0.0,0.0,0.0,0.0,0.0,0.0,0.0,0.0,0.0,0.0,0.0,0.0,0.0,0.0,0.0,4.9,0.0,0.0,4.9
2/2/2026,2023.0,20240124.0,20900.0,31189.0,BP PIPELINE (NORTH AMERICA) INC.,Refined and/or Petroleum Product (non-HVL),INTERSTATE,ALABAMA,26.1,0.0,26.1,0.0,0.0,0.0,0.0,0.0,0.0,0.0,0.0,0.0,0.0,0.0,0.0,0.0,0.0,0.0,0.0,0.0,0.0,0.0,26.1,0.0,0.0,26.1
2/2/2026,2023.0,20240124.0,20900.0,31189.0,BP PIPELINE (NORTH AMERICA) INC.,Refined and/or Petroleum Product (non-HVL),INTERSTATE,ILLINOIS,147.6,0.0,147.6,0.0,0.0,0.0,0.0,0.0,0.0,0.0,0.0,0.0,0.0,0.0,0.0,0.0,0.0,0.0,0.0,0.0,0.0,0.0,147.6,0.0,0.0,147.6
2/2/2026,2023.0,20240124.0,20900.0,31189.0,BP PIPELINE (NORTH AMERICA) INC.,Refined and/or Petroleum Product (non-HVL),INTERSTATE,INDIANA,140.9,0.0,140.9,0.0,0.0,0.0,0.0,0.0,0.0,0.0,0.0,0.0,0.0,0.0,0.0,0.0,0.0,0.0,0.0,0.0,0.0,0.0,140.9,0.0,0.0,140.9
2/2/2026,2023.0,20240124.0,20900.0,31189.0,BP PIPELINE (NORTH AMERICA) INC.,Refined and/or Petroleum Product (non-HVL),INTERSTATE,KANSAS,72.5,0.0,72.5,0.0,0.0,0.0,0.0,0.0,0.0,0.0,0.0,0.0,0.0,0.0,0.0,0.0,0.0,0.0,0.0,0.0,0.0,0.0,72.5,0.0,0.0,72.5
2/2/2026,2023.0,20240124.0,20900.0,31189.0,BP PIPELINE (NORTH AMERICA) INC.,Refined and/or Petroleum Product (non-HVL),INTERSTATE,KENTUCKY,97.4,0.0,97.4,0.0,0.0,0.0,0.0,0.0,0.0,0.0,0.0,0.0,0.0,0.0,0.0,0.0,0.0,0.0,0.0,0.0,0.0,0.0,97.4,0.0,0.0,97.4
2/2/2026,2023.0,20240124.0,20900.0,31189.0,BP PIPELINE (NORTH AMERICA) INC.,Refined and/or Petroleum Product (non-HVL),INTERSTATE,MISSOURI,7.1,0.0,7.1,0.0,0.0,0.0,0.0,0.0,0.0,0.0,0.0,0.0,0.0,0.0,0.0,0.0,0.0,0.0,0.0,0.0,0.0,0.0,7.1,0.0,0.0,7.1
2/2/2026,2023.0,20240124.0,20900.0,31189.0,BP PIPELINE (NORTH AMERICA) INC.,Refined and/or Petroleum Product (non-HVL),INTERSTATE,TENNESSEE,128.6,0.0,128.6,0.0,0.0,0.0,0.0,0.0,0.0,0.0,0.0,0.0,0.0,0.0,0.0,0.0,0.0,0.0,0.0,0.0,0.0,0.0,128.6,0.0,0.0,128.6
2/2/2026,2023.0,20240072.0,20824.0,31199.0,ALLIANCE PIPELINE L.P.,HVL,INTRASTATE,NORTH DAKOTA,0.26,0.0,0.26,0.0,0.0,0.0,0.0,0.0,0.0,0.0,0.0,0.0,0.0,0.0,0.0,0.0,0.0,0.0,0.0,0.0,0.0,0.0,0.26,0.0,0.0,0.26
2/2/2026,2023.0,20240440.0,21256.0,31228.0,"CALIFORNIA RESOURCES ELK HILLS, LLC",HVL,INTRASTATE,CALIFORNIA,22.13,0.0,22.13,0.0,0.0,0.0,0.0,0.0,0.0,0.0,0.0,0.0,0.0,0.0,0.0,0.0,0.0,0.0,0.0,0.0,0.0,0.0,22.13,0.0,0.0,22.13
2/2/2026,2023.0,20240441.0,21257.0,31228.0,"CALIFORNIA RESOURCES ELK HILLS, LLC",Refined and/or Petroleum Product (non-HVL),INTRASTATE,CALIFORNIA,11.09,0.0,11.09,0.0,0.0,0.0,0.0,0.0,0.0,0.0,0.0,0.0,0.0,0.0,0.0,0.0,0.0,0.0,0.0,0.0,0.0,0.0,11.09,0.0,0.0,11.09
2/2/2026,2023.0,20240665.0,21486.0,31256.0,"JGE GAS SOLUTIONS, LP",HVL,INTRASTATE,TEXAS,36.75,0.0,36.75,0.0,0.0,0.0,0.0,0.0,0.0,0.0,0.0,0.0,0.0,0.0,0.0,0.0,0.0,0.0,0.0,0.0,0.0,0.0,36.75,0.0,0.0,36.75
2/2/2026,2023.0,20240098.0,21604.0,31285.0,HOUSTON AMMONIA TERMINAL,HVL,INTRASTATE,TEXAS,0.0,0.0,0.0,6.2,0.0,0.0,0.0,6.2,0.0,0.0,0.0,0.0,0.0,0.0,0.0,0.0,0.0,0.0,0.0,0.0,0.0,0.0,6.2,0.0,0.0,6.2
2/2/2026,2023.0,20240019.0,20770.0,31312.0,WEST PHOENIX POWER PLANT,Refined and/or Petroleum Product (non-HVL),INTRASTATE,ARIZONA,0.0,0.0,0.0,2.0,0.0,0.0,0.0,2.0,0.0,0.0,0.0,0.0,0.0,0.0,0.0,0.0,0.0,0.0,0.0,0.0,0.0,0.0,2.0,0.0,0.0,2.0
2/2/2026,2023.0,20240637.0,21458.0,31371.0,"BUCKEYE DEVELOPMENT & LOGISTICS, LLC",Crude Oil,INTRASTATE,TEXAS,24.048,0.0,24.048,0.0,0.0,0.0,0.0,0.0,0.0,0.0,0.0,0.0,0.0,0.0,0.0,0.0,0.0,0.0,0.0,0.0,0.0,0.0,24.048,0.0,0.0,24.048
2/2/2026,2023.0,20240638.0,21459.0,31371.0,"BUCKEYE DEVELOPMENT & LOGISTICS, LLC",HVL,INTERSTATE,LOUISIANA,8.173,0.0,8.173,0.0,0.0,0.0,0.0,0.0,0.0,0.0,0.0,0.0,0.0,0.0,0.0,0.0,0.0,0.0,0.0,0.0,0.0,0.0,8.173,0.0,0.0,8.173
2/2/2026,2023.0,20240638.0,21459.0,31371.0,"BUCKEYE DEVELOPMENT & LOGISTICS, LLC",HVL,INTERSTATE,MICHIGAN,0.0,0.0,0.0,6.01,0.0,0.0,0.0,6.01,0.0,0.0,0.0,0.0,0.0,0.0,0.0,0.0,0.0,0.0,0.0,0.0,0.0,0.0,6.01,0.0,0.0,6.01
2/2/2026,2023.0,20240638.0,21459.0,31371.0,"BUCKEYE DEVELOPMENT & LOGISTICS, LLC",HVL,INTRASTATE,LOUISIANA,17.203,0.0,17.203,0.0,0.0,0.0,0.0,0.0,0.0,0.0,0.0,0.0,0.0,0.0,0.0,0.0,0.0,0.0,0.0,0.0,0.0,0.0,17.203,0.0,0.0,17.203
2/2/2026,2023.0,20240638.0,21459.0,31371.0,"BUCKEYE DEVELOPMENT & LOGISTICS, LLC",HVL,INTRASTATE,TEXAS,523.663,0.0,523.663,20.733,0.0,0.0,0.0,20.733,0.0,0.0,0.0,0.0,0.0,0.0,0.0,0.0,0.0,0.0,0.0,0.0,0.0,0.0,544.396,0.0,0.0,544.396
2/2/2026,2023.0,20240639.0,21460.0,31371.0,"BUCKEYE DEVELOPMENT & LOGISTICS, LLC",Refined and/or Petroleum Product (non-HVL),INTERSTATE,OHIO,4.105,0.0,4.105,0.0,0.0,0.0,0.0,0.0,0.0,0.0,0.0,0.0,0.0,0.0,0.0,0.0,0.0,0.0,0.0,0.0,0.0,0.0,4.105,0.0,0.0,4.105
2/2/2026,2023.0,20240639.0,21460.0,31371.0,"BUCKEYE DEVELOPMENT & LOGISTICS, LLC",Refined and/or Petroleum Product (non-HVL),INTERSTATE,TEXAS,27.776,0.0,27.776,0.0,0.0,0.0,0.0,0.0,0.0,0.0,0.0,0.0,0.0,0.0,0.0,0.0,0.0,0.0,0.0,0.0,0.0,0.0,27.776,0.0,0.0,27.776
2/2/2026,2023.0,20240639.0,21460.0,31371.0,"BUCKEYE DEVELOPMENT & LOGISTICS, LLC",Refined and/or Petroleum Product (non-HVL),INTRASTATE,TEXAS,6.78,0.0,6.78,0.0,0.0,0.0,0.0,0.0,0.0,0.0,0.0,0.0,0.0,0.0,0.0,0.0,0.0,0.0,0.0,0.0,0.0,0.0,6.78,0.0,0.0,6.78
2/2/2026,2023.0,20240231.0,21038.0,31372.0,TICONA POLYMERS INC,Refined and/or Petroleum Product (non-HVL),INTRASTATE,TEXAS,48.34,0.0,48.34,0.0,0.0,0.0,0.0,0.0,0.0,0.0,0.0,0.0,0.0,0.0,0.0,0.0,0.0,0.0,0.0,0.0,0.0,0.0,48.34,0.0,0.0,48.34
2/2/2026,2023.0,20240154.0,20950.0,31391.0,"LINDE GAS NORTH AMERICA, LLC",CO2,INTRASTATE,WYOMING,7.24,0.0,7.24,0.0,0.0,0.0,0.0,0.0,0.0,0.0,0.0,0.0,0.0,0.0,0.0,0.0,0.0,0.0,0.0,0.0,0.0,0.0,7.24,0.0,0.0,7.24
2/2/2026,2023.0,20240694.0,21516.0,31420.0,VOPAK TERMINAL LOS ANGELES INC.,Refined and/or Petroleum Product (non-HVL),INTRASTATE,CALIFORNIA,10.67,0.0,10.67,0.0,0.0,0.0,0.0,0.0,0.0,0.0,0.0,0.0,0.0,0.0,0.0,0.0,0.0,0.0,0.0,0.0,0.0,0.0,10.67,0.0,0.0,10.67
2/2/2026,2023.0,20240308.0,21160.0,31425.0,"PALO DURO PIPELINES (TEXAS GATHERING), L.P.",HVL,INTRASTATE,TEXAS,26.27,0.0,26.27,0.0,0.0,0.0,0.0,0.0,0.0,0.0,0.0,0.0,0.0,0.0,0.0,0.0,0.0,0.0,0.0,0.0,0.0,0.0,26.27,0.0,0.0,26.27
2/2/2026,2023.0,20240549.0,21366.0,31448.0,ENBRIDGE PIPELINES (TOLEDO) INC,Crude Oil,INTERSTATE,MICHIGAN,138.343,0.0,138.343,0.0,0.0,0.0,0.0,0.0,0.0,0.0,0.0,0.0,0.0,0.0,0.0,0.0,0.0,0.0,0.0,0.0,0.0,0.0,138.343,0.0,0.0,138.343
2/2/2026,2023.0,20240549.0,21366.0,31448.0,ENBRIDGE PIPELINES (TOLEDO) INC,Crude Oil,INTERSTATE,OHIO,10.46,0.0,10.46,0.0,0.0,0.0,0.0,0.0,0.0,0.0,0.0,0.0,0.0,0.0,0.0,0.0,0.0,0.0,0.0,0.0,0.0,0.0,10.46,0.0,0.0,10.46
2/2/2026,2023.0,20240394.0,21208.0,31451.0,KINDER MORGAN TEXAS PIPELINE CO,Refined and/or Petroleum Product (non-HVL),INTRASTATE,TEXAS,3.27,0.0,3.27,0.0,0.0,0.0,0.0,0.0,0.0,0.0,0.0,0.0,0.0,0.0,0.0,0.0,0.0,0.0,0.0,0.0,0.0,0.0,3.27,0.0,0.0,3.27
2/2/2026,2023.0,20240524.0,21341.0,31454.0,"NUSTAR LOGISTICS, L.P.",Crude Oil,INTERSTATE,OKLAHOMA,82.65,0.0,82.65,0.0,0.0,0.0,0.0,0.0,0.0,0.0,0.0,0.0,0.0,0.0,0.0,0.0,0.0,0.0,0.0,0.0,0.0,0.0,82.65,0.0,0.0,82.65
2/2/2026,2023.0,20240524.0,21341.0,31454.0,"NUSTAR LOGISTICS, L.P.",Crude Oil,INTERSTATE,TEXAS,63.69,0.0,63.69,0.0,0.0,0.0,0.0,0.0,0.0,0.0,0.0,0.0,0.0,0.0,0.0,0.0,0.0,0.0,0.0,0.0,0.0,0.0,63.69,0.0,0.0,63.69
2/2/2026,2023.0,20240524.0,21341.0,31454.0,"NUSTAR LOGISTICS, L.P.",Crude Oil,INTRASTATE,TEXAS,737.23,0.0,737.23,0.0,1.89,0.0,0.0,1.89,0.02,0.01,0.0,0.0,0.03,0.0,0.0,0.0,0.0,0.0,0.0,0.0,0.0,0.0,739.15,0.0,0.0,739.15
2/2/2026,2023.0,20240525.0,21342.0,31454.0,"NUSTAR LOGISTICS, L.P.",HVL,INTRASTATE,TEXAS,187.78,0.0,187.78,0.0,0.0,0.0,0.0,0.0,0.0,0.0,0.0,0.0,0.0,0.0,0.0,0.0,0.0,0.0,0.0,0.0,0.0,0.0,187.78,0.0,0.0,187.78
2/2/2026,2023.0,20240523.0,21340.0,31454.0,"NUSTAR LOGISTICS, L.P.",Refined and/or Petroleum Product (non-HVL),INTERSTATE,COLORADO,273.0,0.0,273.0,0.0,0.0,0.0,0.0,0.0,0.0,0.0,0.0,0.0,0.0,0.0,0.0,0.0,0.0,0.0,0.0,0.0,0.0,0.0,273.0,0.0,0.0,273.0
2/2/2026,2023.0,20240523.0,21340.0,31454.0,"NUSTAR LOGISTICS, L.P.",Refined and/or Petroleum Product (non-HVL),INTERSTATE,NEW MEXICO,542.66,0.0,542.66,0.0,0.0,0.0,0.0,0.0,0.0,0.0,0.0,0.0,0.0,0.0,0.0,0.0,0.0,0.0,0.0,0.0,0.0,0.0,542.66,0.0,0.0,542.66
2/2/2026,2023.0,20240523.0,21340.0,31454.0,"NUSTAR LOGISTICS, L.P.",Refined and/or Petroleum Product (non-HVL),INTERSTATE,OKLAHOMA,127.42,0.0,127.42,0.0,0.0,0.0,0.0,0.0,0.0,0.0,0.0,0.0,0.0,0.0,0.0,0.0,0.0,0.0,0.0,0.0,0.0,0.0,127.42,0.0,0.0,127.42
2/2/2026,2023.0,20240523.0,21340.0,31454.0,"NUSTAR LOGISTICS, L.P.",Refined and/or Petroleum Product (non-HVL),INTERSTATE,TEXAS,764.77,0.0,764.77,0.82,0.0,0.0,0.0,0.82,0.0,0.6,0.0,0.0,0.6,0.0,0.0,0.0,0.0,0.0,0.0,0.0,0.0,0.0,766.19,0.0,0.0,766.19
2/2/2026,2023.0,20240523.0,21340.0,31454.0,"NUSTAR LOGISTICS, L.P.",Refined and/or Petroleum Product (non-HVL),INTRASTATE,TEXAS,816.96,0.0,816.96,3.24,0.21,0.0,0.0,3.45,3.57,0.15,0.0,0.0,3.72,0.0,0.0,0.0,0.0,0.0,0.0,0.0,0.0,0.0,824.13,0.0,0.0,824.13
2/2/2026,2023.0,20240453.0,21270.0,31455.0,"CALUMET MONTANA REFINING, LLC",Crude Oil,INTRASTATE,MONTANA,2.6,0.0,2.6,0.0,0.0,0.0,0.0,0.0,0.0,0.0,0.0,0.0,0.0,0.0,0.0,0.0,0.0,0.0,0.0,0.0,0.0,0.0,2.6,0.0,0.0,2.6
2/2/2026,2023.0,20240507.0,21605.0,31460.0,DOD DEFENSE ENERGY SUPPORT CENTER,Refined and/or Petroleum Product (non-HVL),INTRASTATE,CALIFORNIA,0.0,0.0,0.0,5.26,0.0,0.0,0.0,5.26,0.0,0.0,0.0,0.0,0.0,0.0,0.0,0.0,0.0,0.0,0.0,0.0,0.0,0.0,5.26,0.0,0.0,5.26
2/2/2026,2023.0,20240711.0,21539.0,31475.0,TRINITY PIPELINE GP LLC,CO2,INTERSTATE,NEW MEXICO,57.44,0.0,57.44,0.0,0.0,0.0,0.0,0.0,0.0,0.0,0.0,0.0,0.0,0.0,0.0,0.0,0.0,0.0,0.0,0.0,0.0,0.0,57.44,0.0,0.0,57.44
2/2/2026,2023.0,20240711.0,21539.0,31475.0,TRINITY PIPELINE GP LLC,CO2,INTERSTATE,TEXAS,42.57,0.0,42.57,0.0,0.0,0.0,0.0,0.0,0.0,0.0,0.0,0.0,0.0,0.0,0.0,0.0,0.0,0.0,0.0,0.0,0.0,0.0,42.57,0.0,0.0,42.57
2/2/2026,2023.0,20240711.0,21539.0,31475.0,TRINITY PIPELINE GP LLC,CO2,INTRASTATE,NEW MEXICO,52.9,0.0,52.9,0.0,0.0,0.0,0.0,0.0,0.0,0.0,0.0,0.0,0.0,0.0,0.0,0.0,0.0,0.0,0.0,0.0,0.0,0.0,52.9,0.0,0.0,52.9
2/2/2026,2023.0,20240711.0,21539.0,31475.0,TRINITY PIPELINE GP LLC,CO2,INTRASTATE,TEXAS,26.93,0.0,26.93,0.0,0.0,0.0,0.0,0.0,0.0,0.0,0.0,0.0,0.0,0.0,0.0,0.0,0.0,0.0,0.0,0.0,0.0,0.0,26.93,0.0,0.0,26.93
2/2/2026,2023.0,20240258.0,21633.0,31476.0,ET CRUDE OPERATING LLC,Crude Oil,INTERSTATE,KANSAS,45.06,0.0,45.06,0.0,0.0,0.0,0.0,0.0,0.0,0.0,0.0,0.0,0.0,0.0,0.0,0.0,0.0,0.0,0.0,0.0,0.0,0.0,45.06,0.0,0.0,45.06
2/2/2026,2023.0,20240258.0,21633.0,31476.0,ET CRUDE OPERATING LLC,Crude Oil,INTERSTATE,NORTH DAKOTA,0.0,0.0,0.0,0.0,0.75,0.0,0.0,0.75,0.0,0.0,0.0,0.0,0.0,0.0,0.0,0.0,0.0,0.0,0.0,0.0,0.0,0.0,0.75,0.0,0.0,0.75
2/2/2026,2023.0,20240258.0,21633.0,31476.0,ET CRUDE OPERATING LLC,Crude Oil,INTERSTATE,OKLAHOMA,33.99,0.0,33.99,2.53,15.26,0.0,0.0,17.79,0.0,0.28,0.0,0.0,0.28,0.0,0.0,0.0,0.0,0.0,0.0,0.0,0.0,0.0,52.06,0.0,0.0,52.06
2/2/2026,2023.0,20240258.0,21633.0,31476.0,ET CRUDE OPERATING LLC,Crude Oil,INTRASTATE,COLORADO,91.24,0.0,91.24,0.0,0.19,0.0,0.0,0.19,0.0,0.0,0.0,0.0,0.0,0.0,0.0,0.0,0.0,0.0,0.0,0.0,0.0,0.0,91.43,0.0,0.0,91.43
2/2/2026,2023.0,20240258.0,21633.0,31476.0,ET CRUDE OPERATING LLC,Crude Oil,INTRASTATE,LOUISIANA,34.59,0.0,34.59,0.64,0.0,0.0,0.0,0.64,0.0,0.0,0.0,0.0,0.0,0.0,0.0,0.0,0.0,0.0,0.0,0.0,0.0,0.0,35.23,0.0,0.0,35.23
2/2/2026,2023.0,20240258.0,21633.0,31476.0,ET CRUDE OPERATING LLC,Crude Oil,INTRASTATE,OKLAHOMA,0.0,0.0,0.0,0.0,5.27,0.0,0.0,5.27,0.0,0.0,0.0,0.0,0.0,0.0,0.0,0.0,0.0,0.0,0.0,0.0,0.0,0.0,5.27,0.0,0.0,5.27
2/2/2026,2023.0,20240259.0,21067.0,31476.0,ET CRUDE OPERATING LLC,HVL,INTRASTATE,LOUISIANA,34.66,0.0,34.66,0.0,0.0,0.0,0.0,0.0,0.0,0.0,0.0,0.0,0.0,0.0,0.0,0.0,0.0,0.0,0.0,0.0,0.0,0.0,34.66,0.0,0.0,34.66
2/2/2026,2023.0,20240260.0,21068.0,31476.0,ET CRUDE OPERATING LLC,Refined and/or Petroleum Product (non-HVL),INTRASTATE,LOUISIANA,35.37,0.0,35.37,0.63,0.0,0.0,0.0,0.63,0.0,0.0,0.0,0.0,0.0,0.0,0.0,0.0,0.0,0.0,0.0,0.0,0.0,0.0,36.0,0.0,0.0,36.0
2/2/2026,2023.0,20240515.0,21332.0,31502.0,OCCIDENTAL PERMIAN LTD,HVL,INTRASTATE,TEXAS,14.78,0.0,14.78,0.0,0.0,0.0,0.0,0.0,0.0,0.0,0.0,0.0,0.0,0.0,0.0,0.0,0.0,0.0,0.0,0.0,0.0,0.0,14.78,0.0,0.0,14.78
2/2/2026,2023.0,20240513.0,21629.0,31506.0,CONOCOPHILLIPS COMPANY (E&P-L-48),Crude Oil,INTRASTATE,TEXAS,0.0,0.0,0.0,0.0,98.2,0.0,0.0,98.2,0.0,0.0,0.0,0.0,0.0,0.0,0.1,0.0,0.1,0.0,0.0,0.0,0.0,0.0,98.3,0.0,0.0,98.3
2/2/2026,2023.0,20240335.0,21146.0,31517.0,ASCEND PERFORMANCE MATERIALS TEXAS INC,HVL,INTRASTATE,TEXAS,93.69,0.0,93.69,29.45,0.0,0.0,0.0,29.45,0.0,0.0,0.0,0.0,0.0,0.0,0.0,0.0,0.0,0.0,0.0,0.0,0.0,0.0,123.14,0.0,0.0,123.14
2/2/2026,2023.0,20240552.0,21369.0,31523.0,ANDERSON OIL LTD,Crude Oil,INTRASTATE,TEXAS,0.0,0.0,0.0,0.355,0.0,0.0,0.0,0.355,0.0,0.0,0.0,0.0,0.0,0.0,0.0,0.0,0.0,0.0,0.0,0.0,0.0,0.0,0.355,0.0,0.0,0.355
2/2/2026,2023.0,20240128.0,20904.0,31526.0,DELAWARE STORAGE AND PIPELINE COMPANY,Refined and/or Petroleum Product (non-HVL),INTRASTATE,DELAWARE,0.0,0.0,0.0,10.61,0.0,0.0,0.0,10.61,0.0,0.0,0.0,0.0,0.0,0.0,0.0,0.0,0.0,0.0,0.0,0.0,0.0,0.0,10.61,0.0,0.0,10.61
2/2/2026,2023.0,20240569.0,21386.0,31552.0,ALPINE TRANSPORTATION CO.,Crude Oil,INTERSTATE,ALASKA,34.634,0.0,34.634,0.0,0.0,0.0,0.0,0.0,0.0,0.0,0.0,0.0,0.0,0.0,0.0,0.0,0.0,0.0,0.0,0.0,0.0,0.0,34.634,0.0,0.0,34.634
2/2/2026,2023.0,20240114.0,20888.0,31554.0,"BOARDWALK PETROCHEMICAL PIPELINE, LLC",HVL,INTERSTATE,LOUISIANA,162.3,0.0,162.3,0.0,0.0,0.0,0.0,0.0,0.0,0.0,0.0,0.0,0.0,0.0,0.0,0.0,0.0,0.0,0.0,0.0,0.0,0.0,162.3,0.0,0.0,162.3
2/2/2026,2023.0,20240114.0,20888.0,31554.0,"BOARDWALK PETROCHEMICAL PIPELINE, LLC",HVL,INTERSTATE,TEXAS,15.6,0.0,15.6,0.0,0.0,0.0,0.0,0.0,0.0,0.0,0.0,0.0,0.0,0.0,0.0,0.0,0.0,0.0,0.0,0.0,0.0,0.0,15.6,0.0,0.0,15.6
2/2/2026,2023.0,20240157.0,20953.0,31555.0,KINDER MORGAN CO2 CO. LLC,CO2,INTERSTATE,COLORADO,115.79,0.0,115.79,0.0,0.0,0.0,0.0,0.0,0.0,0.0,0.0,0.0,0.0,0.0,0.0,0.0,0.0,0.0,0.0,0.0,0.0,0.0,115.79,0.0,0.0,115.79
2/2/2026,2023.0,20240157.0,20953.0,31555.0,KINDER MORGAN CO2 CO. LLC,CO2,INTERSTATE,NEW MEXICO,484.99,0.0,484.99,0.0,0.0,0.0,0.0,0.0,0.0,0.0,0.0,0.0,0.0,0.0,0.0,0.0,0.0,0.0,0.0,0.0,0.0,0.0,484.99,0.0,0.0,484.99
2/2/2026,2023.0,20240157.0,20953.0,31555.0,KINDER MORGAN CO2 CO. LLC,CO2,INTERSTATE,TEXAS,704.31,0.0,704.31,0.0,0.0,0.0,0.0,0.0,0.0,0.0,0.0,0.0,0.0,0.0,0.0,0.0,0.0,0.0,0.0,0.0,0.0,0.0,704.31,0.0,0.0,704.31
2/2/2026,2023.0,20240157.0,20953.0,31555.0,KINDER MORGAN CO2 CO. LLC,CO2,INTRASTATE,TEXAS,4.04,0.0,4.04,0.0,0.0,0.0,0.0,0.0,0.0,0.0,0.0,0.0,0.0,0.0,0.0,0.0,0.0,0.0,0.0,0.0,0.0,0.0,4.04,0.0,0.0,4.04
2/2/2026,2023.0,20240425.0,21240.0,31563.0,"WHITECAP PIPE LINE COMPANY, L.L.C.",Crude Oil,INTERSTATE,OCS-Gulf of Mexico,0.0,43.2,43.2,0.0,0.0,0.0,0.0,0.0,0.0,0.0,0.0,0.0,0.0,0.0,0.0,0.0,0.0,0.0,0.0,0.0,0.0,0.0,0.0,43.2,0.0,43.2
2/2/2026,2023.0,20240276.0,21086.0,31579.0,"MAGELLAN PIPELINES HOLDINGS, LP",Crude Oil,INTERSTATE,OKLAHOMA,147.69,0.0,147.69,0.0,0.0,0.0,0.0,0.0,0.0,0.0,0.0,0.0,0.0,0.0,0.0,0.0,0.0,0.0,0.0,0.0,0.0,0.0,147.69,0.0,0.0,147.69
2/2/2026,2023.0,20240276.0,21086.0,31579.0,"MAGELLAN PIPELINES HOLDINGS, LP",Crude Oil,INTRASTATE,TEXAS,5.87,0.0,5.87,0.02,0.01,0.0,0.0,0.03,0.0,0.0,0.0,0.0,0.0,0.0,0.0,0.0,0.0,0.0,0.0,0.0,0.0,0.0,5.9,0.0,0.0,5.9
2/2/2026,2023.0,20240277.0,21087.0,31579.0,"MAGELLAN PIPELINES HOLDINGS, LP",Refined and/or Petroleum Product (non-HVL),INTRASTATE,TEXAS,16.08,0.0,16.08,13.72,0.32,0.0,0.0,14.04,0.0,0.0,0.0,0.0,0.0,0.0,0.0,0.0,0.0,0.0,0.0,0.0,0.0,0.0,30.12,0.0,0.0,30.12
2/2/2026,2023.0,20240580.0,21397.0,31580.0,"MAGELLAN TERMINALS HOLDINGS, LP",Crude Oil,INTERSTATE,OKLAHOMA,11.73,0.0,11.73,0.0,2.84,0.0,0.0,2.84,0.0,0.0,0.0,0.0,0.0,0.0,0.0,0.0,0.0,0.0,0.0,0.0,0.0,0.0,14.57,0.0,0.0,14.57
2/2/2026,2023.0,20240581.0,21398.0,31580.0,"MAGELLAN TERMINALS HOLDINGS, LP",Refined and/or Petroleum Product (non-HVL),INTRASTATE,TEXAS,13.44,0.0,13.44,2.33,0.0,0.0,0.0,2.33,0.0,0.0,0.0,0.0,0.0,0.0,0.0,0.0,0.0,0.0,0.0,0.0,0.0,0.0,15.77,0.0,0.0,15.77
2/2/2026,2023.0,20240223.0,21030.0,31613.0,M6 MIDSTREAM LLC,HVL,INTRASTATE,TEXAS,158.49,0.0,158.49,0.0,0.0,0.0,0.0,0.0,0.0,0.0,0.0,0.0,0.0,0.0,0.0,0.0,0.0,0.0,0.0,0.0,0.0,0.0,158.49,0.0,0.0,158.49
2/2/2026,2023.0,20240355.0,21169.0,31618.0,ENTERPRISE PRODUCTS OPERATING LLC,Crude Oil,INTRASTATE,TEXAS,62.201,0.0,62.201,0.0,2.706,0.0,0.0,2.706,0.0,0.0,0.0,0.0,0.0,0.0,0.0,0.0,0.0,0.0,0.0,0.0,0.0,0.0,64.907,0.0,0.0,64.907
2/2/2026,2023.0,20240422.0,21237.0,31618.0,ENTERPRISE PRODUCTS OPERATING LLC,HVL,INTERSTATE,ALABAMA,18.536,0.0,18.536,0.0,0.0,0.0,0.0,0.0,0.0,0.0,0.0,0.0,0.0,0.0,0.0,0.0,0.0,0.0,0.0,0.0,0.0,0.0,18.536,0.0,0.0,18.536
2/2/2026,2023.0,20240422.0,21237.0,31618.0,ENTERPRISE PRODUCTS OPERATING LLC,HVL,INTERSTATE,ARKANSAS,676.21,0.0,676.21,0.38,0.0,0.0,0.0,0.38,0.0,0.0,0.0,0.0,0.0,0.0,0.0,0.0,0.0,0.0,0.0,0.0,0.0,0.0,676.59,0.0,0.0,676.59
2/2/2026,2023.0,20240422.0,21237.0,31618.0,ENTERPRISE PRODUCTS OPERATING LLC,HVL,INTERSTATE,COLORADO,733.452,0.0,733.452,0.0,0.0,0.0,0.0,0.0,0.0,0.0,0.0,0.0,0.0,0.0,0.0,0.0,0.0,0.0,0.0,0.0,0.0,0.0,733.452,0.0,0.0,733.452
2/2/2026,2023.0,20240422.0,21237.0,31618.0,ENTERPRISE PRODUCTS OPERATING LLC,HVL,INTERSTATE,ILLINOIS,797.803,0.0,797.803,0.0,0.0,0.0,0.0,0.0,0.0,0.0,0.0,0.0,0.0,0.0,0.0,0.0,0.0,0.0,0.0,0.0,0.0,0.0,797.803,0.0,0.0,797.803
2/2/2026,2023.0,20240422.0,21237.0,31618.0,ENTERPRISE PRODUCTS OPERATING LLC,HVL,INTERSTATE,INDIANA,581.589,0.0,581.589,0.0,0.0,0.0,0.0,0.0,0.0,0.0,0.0,0.0,0.0,0.0,0.0,0.0,0.0,0.0,0.0,0.0,0.0,0.0,581.589,0.0,0.0,581.589
2/2/2026,2023.0,20240422.0,21237.0,31618.0,ENTERPRISE PRODUCTS OPERATING LLC,HVL,INTERSTATE,IOWA,748.253,0.0,748.253,0.0,0.0,0.0,0.0,0.0,0.0,0.0,0.0,0.0,0.0,0.0,0.0,0.0,0.0,0.0,0.0,0.0,0.0,0.0,748.253,0.0,0.0,748.253
2/2/2026,2023.0,20240422.0,21237.0,31618.0,ENTERPRISE PRODUCTS OPERATING LLC,HVL,INTERSTATE,KANSAS,1596.276,0.0,1596.276,0.0,0.193,0.0,0.0,0.193,0.0,0.0,0.0,0.0,0.0,0.0,0.0,0.0,0.0,0.0,0.0,0.0,0.0,0.0,1596.469,0.0,0.0,1596.469
2/2/2026,2023.0,20240422.0,21237.0,31618.0,ENTERPRISE PRODUCTS OPERATING LLC,HVL,INTERSTATE,KENTUCKY,9.801,0.0,9.801,0.0,0.0,0.0,0.0,0.0,0.0,0.0,0.0,0.0,0.0,0.0,0.0,0.0,0.0,0.0,0.0,0.0,0.0,0.0,9.801,0.0,0.0,9.801
2/2/2026,2023.0,20240422.0,21237.0,31618.0,ENTERPRISE PRODUCTS OPERATING LLC,HVL,INTERSTATE,LOUISIANA,972.056,0.0,972.056,0.0,0.0,0.0,0.0,0.0,0.0,0.0,0.0,0.0,0.0,0.0,0.0,0.0,0.0,0.0,0.0,0.0,0.0,0.0,972.056,0.0,0.0,972.056
2/2/2026,2023.0,20240422.0,21237.0,31618.0,ENTERPRISE PRODUCTS OPERATING LLC,HVL,INTERSTATE,MINNESOTA,212.507,0.0,212.507,0.0,0.416,0.0,0.0,0.416,0.0,0.0,0.0,0.0,0.0,0.0,0.0,0.0,0.0,0.0,0.0,0.0,0.0,0.0,212.923,0.0,0.0,212.923
2/2/2026,2023.0,20240422.0,21237.0,31618.0,ENTERPRISE PRODUCTS OPERATING LLC,HVL,INTERSTATE,MISSISSIPPI,93.249,0.0,93.249,0.0,0.0,0.0,0.0,0.0,0.0,0.0,0.0,0.0,0.0,0.0,0.0,0.0,0.0,0.0,0.0,0.0,0.0,0.0,93.249,0.0,0.0,93.249
2/2/2026,2023.0,20240422.0,21237.0,31618.0,ENTERPRISE PRODUCTS OPERATING LLC,HVL,INTERSTATE,MISSOURI,537.368,0.0,537.368,0.0,0.0,0.0,0.0,0.0,0.0,0.0,0.0,0.0,0.0,0.0,0.0,0.0,0.0,0.0,0.0,0.0,0.0,0.0,537.368,0.0,0.0,537.368
2/2/2026,2023.0,20240422.0,21237.0,31618.0,ENTERPRISE PRODUCTS OPERATING LLC,HVL,INTERSTATE,NEBRASKA,290.542,0.0,290.542,0.0,0.0,0.0,0.0,0.0,0.0,0.0,0.0,0.0,0.0,0.0,0.0,0.0,0.0,0.0,0.0,0.0,0.0,0.0,290.542,0.0,0.0,290.542
2/2/2026,2023.0,20240422.0,21237.0,31618.0,ENTERPRISE PRODUCTS OPERATING LLC,HVL,INTERSTATE,NEW MEXICO,1446.999,0.0,1446.999,0.0,0.0,0.0,0.0,0.0,0.0,0.0,0.0,0.0,0.0,0.0,0.0,0.0,0.0,0.0,0.0,0.0,0.0,0.0,1446.999,0.0,0.0,1446.999
2/2/2026,2023.0,20240422.0,21237.0,31618.0,ENTERPRISE PRODUCTS OPERATING LLC,HVL,INTERSTATE,NEW YORK,197.895,0.0,197.895,0.0,0.0,0.0,0.0,0.0,0.0,0.0,0.0,0.0,0.0,0.0,0.0,0.0,0.0,0.0,0.0,0.0,0.0,0.0,197.895,0.0,0.0,197.895
2/2/2026,2023.0,20240422.0,21237.0,31618.0,ENTERPRISE PRODUCTS OPERATING LLC,HVL,INTERSTATE,OHIO,641.888,0.0,641.888,0.0,0.0,0.0,0.0,0.0,0.0,0.0,0.0,0.0,0.0,0.0,0.0,0.0,0.0,0.0,0.0,0.0,0.0,0.0,641.888,0.0,0.0,641.888
2/2/2026,2023.0,20240422.0,21237.0,31618.0,ENTERPRISE PRODUCTS OPERATING LLC,HVL,INTERSTATE,OKLAHOMA,403.879,0.0,403.879,0.0,0.0,0.0,0.0,0.0,0.0,0.0,0.0,0.0,0.0,0.0,0.0,0.0,0.0,0.0,0.0,0.0,0.0,0.0,403.879,0.0,0.0,403.879
2/2/2026,2023.0,20240422.0,21237.0,31618.0,ENTERPRISE PRODUCTS OPERATING LLC,HVL,INTERSTATE,PENNSYLVANIA,560.042,0.0,560.042,0.0,0.109,0.0,0.0,0.109,0.0,0.0,0.0,0.0,0.0,0.0,0.0,0.0,0.0,0.0,0.0,0.0,0.0,0.0,560.151,0.0,0.0,560.151
2/2/2026,2023.0,20240422.0,21237.0,31618.0,ENTERPRISE PRODUCTS OPERATING LLC,HVL,INTERSTATE,TEXAS,4097.049,0.0,4097.049,0.0,0.0,0.0,0.0,0.0,0.0,0.0,0.0,0.0,0.0,0.0,0.0,0.0,0.0,0.0,0.0,0.0,0.0,0.0,4097.049,0.0,0.0,4097.049
2/2/2026,2023.0,20240422.0,21237.0,31618.0,ENTERPRISE PRODUCTS OPERATING LLC,HVL,INTERSTATE,UTAH,533.589,0.0,533.589,0.0,0.0,0.0,0.0,0.0,0.0,0.0,0.0,0.0,0.0,0.0,0.0,0.0,0.0,0.0,0.0,0.0,0.0,0.0,533.589,0.0,0.0,533.589
2/2/2026,2023.0,20240422.0,21237.0,31618.0,ENTERPRISE PRODUCTS OPERATING LLC,HVL,INTERSTATE,WEST VIRGINIA,22.366,0.0,22.366,0.0,0.0,0.0,0.0,0.0,0.0,0.0,0.0,0.0,0.0,0.0,0.0,0.0,0.0,0.0,0.0,0.0,0.0,0.0,22.366,0.0,0.0,22.366
2/2/2026,2023.0,20240422.0,21237.0,31618.0,ENTERPRISE PRODUCTS OPERATING LLC,HVL,INTERSTATE,WISCONSIN,70.518,0.0,70.518,0.0,0.006,0.0,0.0,0.006,0.0,0.0,0.0,0.0,0.0,0.0,0.0,0.0,0.0,0.0,0.0,0.0,0.0,0.0,70.524,0.0,0.0,70.524
2/2/2026,2023.0,20240422.0,21237.0,31618.0,ENTERPRISE PRODUCTS OPERATING LLC,HVL,INTERSTATE,WYOMING,465.927,0.0,465.927,0.0,0.0,0.0,0.0,0.0,0.0,0.0,0.0,0.0,0.0,0.0,0.0,0.0,0.0,0.0,0.0,0.0,0.0,0.0,465.927,0.0,0.0,465.927
2/2/2026,2023.0,20240422.0,21237.0,31618.0,ENTERPRISE PRODUCTS OPERATING LLC,HVL,INTRASTATE,LOUISIANA,1182.004,0.0,1182.004,0.0,4.051,0.0,0.0,4.051,0.0,0.0,0.0,0.0,0.0,0.0,0.0,0.0,0.0,0.0,0.0,0.0,0.0,0.0,1186.055,0.0,0.0,1186.055
2/2/2026,2023.0,20240422.0,21237.0,31618.0,ENTERPRISE PRODUCTS OPERATING LLC,HVL,INTRASTATE,TEXAS,5675.519,0.0,5675.519,0.0,16.58,0.0,0.0,16.58,0.0,0.0,0.0,0.0,0.0,0.0,0.0,0.0,0.0,0.0,0.0,0.0,0.0,0.0,5692.099,0.0,0.0,5692.099
2/2/2026,2023.0,20240422.0,21237.0,31618.0,ENTERPRISE PRODUCTS OPERATING LLC,HVL,INTRASTATE,WYOMING,3.391,0.0,3.391,0.0,0.0,0.0,0.0,0.0,0.0,0.0,0.0,0.0,0.0,0.0,0.0,0.0,0.0,0.0,0.0,0.0,0.0,0.0,3.391,0.0,0.0,3.391
2/2/2026,2023.0,20240365.0,21179.0,31618.0,ENTERPRISE PRODUCTS OPERATING LLC,Refined and/or Petroleum Product (non-HVL),INTERSTATE,ARKANSAS,37.663,0.0,37.663,0.0,0.0,0.0,0.0,0.0,0.0,0.0,0.0,0.0,0.0,0.0,0.0,0.0,0.0,0.0,0.0,0.0,0.0,0.0,37.663,0.0,0.0,37.663
2/2/2026,2023.0,20240365.0,21179.0,31618.0,ENTERPRISE PRODUCTS OPERATING LLC,Refined and/or Petroleum Product (non-HVL),INTERSTATE,ILLINOIS,34.614,0.0,34.614,0.0,0.0,0.0,0.0,0.0,0.0,0.0,0.0,0.0,0.0,0.0,0.0,0.0,0.0,0.0,0.0,0.0,0.0,0.0,34.614,0.0,0.0,34.614
2/2/2026,2023.0,20240365.0,21179.0,31618.0,ENTERPRISE PRODUCTS OPERATING LLC,Refined and/or Petroleum Product (non-HVL),INTERSTATE,INDIANA,29.919,0.0,29.919,0.0,0.0,0.0,0.0,0.0,0.0,0.0,0.0,0.0,0.0,0.0,0.0,0.0,0.0,0.0,0.0,0.0,0.0,0.0,29.919,0.0,0.0,29.919
2/2/2026,2023.0,20240365.0,21179.0,31618.0,ENTERPRISE PRODUCTS OPERATING LLC,Refined and/or Petroleum Product (non-HVL),INTERSTATE,KANSAS,0.557,0.0,0.557,0.0,0.0,0.0,0.0,0.0,0.0,0.0,0.0,0.0,0.0,0.0,0.0,0.0,0.0,0.0,0.0,0.0,0.0,0.0,0.557,0.0,0.0,0.557
2/2/2026,2023.0,20240365.0,21179.0,31618.0,ENTERPRISE PRODUCTS OPERATING LLC,Refined and/or Petroleum Product (non-HVL),INTERSTATE,KENTUCKY,9.304,0.0,9.304,0.0,0.0,0.0,0.0,0.0,0.0,0.0,0.0,0.0,0.0,0.0,0.0,0.0,0.0,0.0,0.0,0.0,0.0,0.0,9.304,0.0,0.0,9.304
2/2/2026,2023.0,20240365.0,21179.0,31618.0,ENTERPRISE PRODUCTS OPERATING LLC,Refined and/or Petroleum Product (non-HVL),INTERSTATE,LOUISIANA,73.429,0.0,73.429,0.0,2.905,0.0,0.0,2.905,0.0,0.0,0.0,0.0,0.0,0.0,0.0,0.0,0.0,0.0,0.0,0.0,0.0,0.0,76.334,0.0,0.0,76.334
2/2/2026,2023.0,20240365.0,21179.0,31618.0,ENTERPRISE PRODUCTS OPERATING LLC,Refined and/or Petroleum Product (non-HVL),INTERSTATE,OHIO,37.971,0.0,37.971,0.0,0.0,0.0,0.0,0.0,0.0,0.0,0.0,0.0,0.0,0.0,0.0,0.0,0.0,0.0,0.0,0.0,0.0,0.0,37.971,0.0,0.0,37.971
2/2/2026,2023.0,20240365.0,21179.0,31618.0,ENTERPRISE PRODUCTS OPERATING LLC,Refined and/or Petroleum Product (non-HVL),INTERSTATE,TENNESSEE,6.773,0.0,6.773,0.0,0.0,0.0,0.0,0.0,0.0,0.0,0.0,0.0,0.0,0.0,0.0,0.0,0.0,0.0,0.0,0.0,0.0,0.0,6.773,0.0,0.0,6.773
2/2/2026,2023.0,20240365.0,21179.0,31618.0,ENTERPRISE PRODUCTS OPERATING LLC,Refined and/or Petroleum Product (non-HVL),INTERSTATE,TEXAS,85.719,0.0,85.719,0.0,0.0,0.0,0.0,0.0,0.0,0.0,0.0,0.0,0.0,0.0,0.0,0.0,0.0,0.0,0.0,0.0,0.0,0.0,85.719,0.0,0.0,85.719
2/2/2026,2023.0,20240365.0,21179.0,31618.0,ENTERPRISE PRODUCTS OPERATING LLC,Refined and/or Petroleum Product (non-HVL),INTRASTATE,LOUISIANA,81.979,0.0,81.979,0.0,0.0,0.0,0.0,0.0,0.0,0.0,0.0,0.0,0.0,0.0,0.0,0.0,0.0,0.0,0.0,0.0,0.0,0.0,81.979,0.0,0.0,81.979
2/2/2026,2023.0,20240365.0,21179.0,31618.0,ENTERPRISE PRODUCTS OPERATING LLC,Refined and/or Petroleum Product (non-HVL),INTRASTATE,NEW MEXICO,334.105,0.0,334.105,0.0,0.0,0.0,0.0,0.0,0.0,0.0,0.0,0.0,0.0,0.0,0.0,0.0,0.0,0.0,0.0,0.0,0.0,0.0,334.105,0.0,0.0,334.105
2/2/2026,2023.0,20240365.0,21179.0,31618.0,ENTERPRISE PRODUCTS OPERATING LLC,Refined and/or Petroleum Product (non-HVL),INTRASTATE,TEXAS,289.372,0.0,289.372,0.0,16.662,0.0,0.0,16.662,0.0,0.0,0.0,0.0,0.0,0.0,0.0,0.0,0.0,0.0,0.0,0.0,0.0,0.0,306.034,0.0,0.0,306.034
2/2/2026,2023.0,20240631.0,21452.0,31627.0,"DENBURY ONSHORE, LLC",CO2,INTERSTATE,LOUISIANA,74.27,0.0,74.27,0.0,0.0,0.0,0.0,0.0,0.0,0.0,0.0,0.0,0.0,0.0,0.0,0.0,0.0,0.0,0.0,0.0,0.0,0.0,74.27,0.0,0.0,74.27
2/2/2026,2023.0,20240631.0,21452.0,31627.0,"DENBURY ONSHORE, LLC",CO2,INTERSTATE,MISSISSIPPI,249.36,0.0,249.36,0.0,0.0,0.0,0.0,0.0,0.0,0.0,0.0,0.0,0.0,0.0,0.0,0.0,0.0,0.0,0.0,0.0,0.0,0.0,249.36,0.0,0.0,249.36
2/2/2026,2023.0,20240631.0,21452.0,31627.0,"DENBURY ONSHORE, LLC",CO2,INTRASTATE,MISSISSIPPI,95.0,0.0,95.0,0.0,0.0,0.0,0.0,0.0,0.0,0.0,0.0,0.0,0.0,0.0,0.0,0.0,0.0,0.0,0.0,0.0,0.0,0.0,95.0,0.0,0.0,95.0
2/2/2026,2023.0,20240631.0,21452.0,31627.0,"DENBURY ONSHORE, LLC",CO2,INTRASTATE,WYOMING,46.66,0.0,46.66,0.0,0.0,0.0,0.0,0.0,0.0,0.0,0.0,0.0,0.0,0.0,0.0,0.0,0.0,0.0,0.0,0.0,0.0,0.0,46.66,0.0,0.0,46.66
2/2/2026,2023.0,20240267.0,21077.0,31663.0,NAVAJO NATION OIL AND GAS COMPANY,Crude Oil,INTERSTATE,COLORADO,12.09,0.0,12.09,0.0,0.0,0.0,0.0,0.0,0.0,0.0,0.0,0.0,0.0,0.0,0.0,0.0,0.0,0.0,0.0,0.0,0.0,0.0,12.09,0.0,0.0,12.09
2/2/2026,2023.0,20240267.0,21077.0,31663.0,NAVAJO NATION OIL AND GAS COMPANY,Crude Oil,INTERSTATE,NEW MEXICO,42.29,0.0,42.29,0.0,16.0,0.0,0.0,16.0,0.0,0.0,0.0,0.0,0.0,0.0,0.0,0.0,0.0,0.0,0.0,0.0,0.0,0.0,58.29,0.0,0.0,58.29
2/2/2026,2023.0,20240267.0,21077.0,31663.0,NAVAJO NATION OIL AND GAS COMPANY,Crude Oil,INTERSTATE,UTAH,17.34,0.0,17.34,0.0,0.0,0.0,0.0,0.0,0.0,0.0,0.0,0.0,0.0,0.0,0.0,0.0,0.0,0.0,0.0,0.0,0.0,0.0,17.34,0.0,0.0,17.34
2/2/2026,2023.0,20240531.0,21680.0,31684.0,PHILLIPS 66 PIPELINE LLC,Crude Oil,INTERSTATE,ILLINOIS,2.83,0.0,2.83,0.0,0.0,0.0,0.0,0.0,0.0,0.0,0.0,0.0,0.0,0.0,0.0,0.0,0.0,0.0,0.0,0.0,0.0,0.0,2.83,0.0,0.0,2.83
2/2/2026,2023.0,20240531.0,21680.0,31684.0,PHILLIPS 66 PIPELINE LLC,Crude Oil,INTERSTATE,LOUISIANA,10.79,0.0,10.79,0.63,0.0,0.0,0.0,0.63,0.0,0.0,0.0,0.0,0.0,0.0,0.0,0.0,0.0,0.0,0.0,0.0,0.0,0.0,11.42,0.0,0.0,11.42
2/2/2026,2023.0,20240531.0,21680.0,31684.0,PHILLIPS 66 PIPELINE LLC,Crude Oil,INTERSTATE,MONTANA,752.14,0.0,752.14,0.0,0.0,0.0,0.0,0.0,0.0,0.0,0.0,0.0,0.0,0.0,0.0,0.0,0.0,0.0,0.0,0.0,0.0,0.0,752.14,0.0,0.0,752.14
2/2/2026,2023.0,20240531.0,21680.0,31684.0,PHILLIPS 66 PIPELINE LLC,Crude Oil,INTERSTATE,NEW MEXICO,33.74,0.0,33.74,0.0,0.0,0.0,0.0,0.0,0.0,0.0,0.0,0.0,0.0,0.0,0.0,0.0,0.0,0.0,0.0,0.0,0.0,0.0,33.74,0.0,0.0,33.74
2/2/2026,2023.0,20240531.0,21680.0,31684.0,PHILLIPS 66 PIPELINE LLC,Crude Oil,INTERSTATE,NORTH DAKOTA,95.71,0.0,95.71,0.0,0.0,0.0,0.0,0.0,0.0,0.0,0.0,0.0,0.0,0.0,0.0,0.0,0.0,0.0,0.0,0.0,0.0,0.0,95.71,0.0,0.0,95.71
2/2/2026,2023.0,20240531.0,21680.0,31684.0,PHILLIPS 66 PIPELINE LLC,Crude Oil,INTERSTATE,OKLAHOMA,460.32,0.0,460.32,0.0,0.0,0.0,0.0,0.0,0.0,0.0,0.0,0.0,0.0,0.0,0.0,0.0,0.0,0.0,0.0,0.0,0.0,0.0,460.32,0.0,0.0,460.32
2/2/2026,2023.0,20240531.0,21680.0,31684.0,PHILLIPS 66 PIPELINE LLC,Crude Oil,INTERSTATE,TEXAS,631.34,0.0,631.34,0.0,0.0,0.0,0.0,0.0,0.0,0.0,0.0,0.0,0.0,0.0,0.0,0.0,0.0,0.0,0.0,0.0,0.0,0.0,631.34,0.0,0.0,631.34
2/2/2026,2023.0,20240531.0,21680.0,31684.0,PHILLIPS 66 PIPELINE LLC,Crude Oil,INTRASTATE,CALIFORNIA,413.25,0.0,413.25,11.86,0.0,0.0,0.0,11.86,0.0,0.0,0.0,0.0,0.0,0.0,0.0,0.0,0.0,0.0,0.0,0.0,0.0,0.0,425.11,0.0,0.0,425.11
2/2/2026,2023.0,20240531.0,21680.0,31684.0,PHILLIPS 66 PIPELINE LLC,Crude Oil,INTRASTATE,LOUISIANA,79.41,0.0,79.41,0.0,0.0,0.0,0.0,0.0,0.0,0.0,0.0,0.0,0.0,0.0,0.0,0.0,0.0,0.0,0.0,0.0,0.0,0.0,79.41,0.0,0.0,79.41
2/2/2026,2023.0,20240531.0,21680.0,31684.0,PHILLIPS 66 PIPELINE LLC,Crude Oil,INTRASTATE,MONTANA,0.0,0.0,0.0,0.0,0.0,0.0,0.0,0.0,0.0,0.0,0.0,0.0,0.0,0.0,0.0,0.0,0.0,0.0,0.0,0.0,0.0,0.0,0.0,0.0,0.0,0.0
2/2/2026,2023.0,20240531.0,21680.0,31684.0,PHILLIPS 66 PIPELINE LLC,Crude Oil,INTRASTATE,OKLAHOMA,0.0,0.0,0.0,1.64,0.0,0.0,0.0,1.64,0.0,0.0,0.0,0.0,0.0,0.0,0.0,0.0,0.0,0.0,0.0,0.0,0.0,0.0,1.64,0.0,0.0,1.64
2/2/2026,2023.0,20240531.0,21680.0,31684.0,PHILLIPS 66 PIPELINE LLC,Crude Oil,INTRASTATE,TEXAS,96.97,0.0,96.97,10.34,0.0,0.0,0.0,10.34,0.0,0.0,0.0,0.0,0.0,0.0,0.0,0.0,0.0,0.0,0.0,0.0,0.0,0.0,107.31,0.0,0.0,107.31
2/2/2026,2023.0,20240532.0,21679.0,31684.0,PHILLIPS 66 PIPELINE LLC,HVL,INTERSTATE,COLORADO,137.95,0.0,137.95,0.0,0.0,0.0,0.0,0.0,0.0,0.0,0.0,0.0,0.0,0.0,0.0,0.0,0.0,0.0,0.0,0.0,0.0,0.0,137.95,0.0,0.0,137.95
2/2/2026,2023.0,20240532.0,21679.0,31684.0,PHILLIPS 66 PIPELINE LLC,HVL,INTERSTATE,ILLINOIS,11.61,0.0,11.61,0.0,0.0,0.0,0.0,0.0,0.0,0.0,0.0,0.0,0.0,0.0,0.0,0.0,0.0,0.0,0.0,0.0,0.0,0.0,11.61,0.0,0.0,11.61
2/2/2026,2023.0,20240532.0,21679.0,31684.0,PHILLIPS 66 PIPELINE LLC,HVL,INTERSTATE,KANSAS,437.15,0.0,437.15,0.0,0.0,0.0,0.0,0.0,0.0,0.0,0.0,0.0,0.0,0.0,0.0,0.0,0.0,0.0,0.0,0.0,0.0,0.0,437.15,0.0,0.0,437.15
2/2/2026,2023.0,20240532.0,21679.0,31684.0,PHILLIPS 66 PIPELINE LLC,HVL,INTERSTATE,LOUISIANA,31.54,0.0,31.54,0.0,0.0,0.0,0.0,0.0,0.0,0.0,0.0,0.0,0.0,0.0,0.0,0.0,0.0,0.0,0.0,0.0,0.0,0.0,31.54,0.0,0.0,31.54
2/2/2026,2023.0,20240532.0,21679.0,31684.0,PHILLIPS 66 PIPELINE LLC,HVL,INTERSTATE,MISSOURI,245.32,0.0,245.32,0.0,0.0,0.0,0.0,0.0,0.0,0.0,0.0,0.0,0.0,0.0,0.0,0.0,0.0,0.0,0.0,0.0,0.0,0.0,245.32,0.0,0.0,245.32
2/2/2026,2023.0,20240532.0,21679.0,31684.0,PHILLIPS 66 PIPELINE LLC,HVL,INTERSTATE,NEW MEXICO,115.42,0.0,115.42,0.0,0.0,0.0,0.0,0.0,0.0,0.0,0.0,0.0,0.0,0.0,0.0,0.0,0.0,0.0,0.0,0.0,0.0,0.0,115.42,0.0,0.0,115.42
2/2/2026,2023.0,20240532.0,21679.0,31684.0,PHILLIPS 66 PIPELINE LLC,HVL,INTERSTATE,OKLAHOMA,253.72,0.0,253.72,0.0,0.0,0.0,0.0,0.0,0.0,0.0,0.0,0.0,0.0,0.0,0.0,0.0,0.0,0.0,0.0,0.0,0.0,0.0,253.72,0.0,0.0,253.72
2/2/2026,2023.0,20240532.0,21679.0,31684.0,PHILLIPS 66 PIPELINE LLC,HVL,INTERSTATE,TEXAS,1174.5,0.0,1174.5,0.0,0.0,0.0,0.0,0.0,0.0,0.0,0.0,0.0,0.0,0.0,0.0,0.0,0.0,0.0,0.0,0.0,0.0,0.0,1174.5,0.0,0.0,1174.5
2/2/2026,2023.0,20240532.0,21679.0,31684.0,PHILLIPS 66 PIPELINE LLC,HVL,INTERSTATE,WYOMING,138.58,0.0,138.58,0.0,0.0,0.0,0.0,0.0,0.0,0.0,0.0,0.0,0.0,0.0,0.0,0.0,0.0,0.0,0.0,0.0,0.0,0.0,138.58,0.0,0.0,138.58
2/2/2026,2023.0,20240532.0,21679.0,31684.0,PHILLIPS 66 PIPELINE LLC,HVL,INTRASTATE,LOUISIANA,495.68,0.0,495.68,0.0,0.0,0.0,0.0,0.0,0.0,0.0,0.0,0.0,0.0,0.0,0.0,0.0,0.0,0.0,0.0,0.0,0.0,0.0,495.68,0.0,0.0,495.68
2/2/2026,2023.0,20240532.0,21679.0,31684.0,PHILLIPS 66 PIPELINE LLC,HVL,INTRASTATE,TEXAS,616.43,0.0,616.43,0.0,0.0,0.0,0.0,0.0,0.0,0.0,0.0,0.0,0.0,0.0,0.0,0.0,0.0,0.0,0.0,0.0,0.0,0.0,616.43,0.0,0.0,616.43
2/2/2026,2023.0,20240533.0,21681.0,31684.0,PHILLIPS 66 PIPELINE LLC,Refined and/or Petroleum Product (non-HVL),INTERSTATE,COLORADO,485.95,0.0,485.95,0.55,0.0,0.0,0.0,0.55,0.0,0.0,0.0,0.0,0.0,0.0,0.0,0.0,0.0,0.0,0.0,0.0,0.0,0.0,486.5,0.0,0.0,486.5
2/2/2026,2023.0,20240533.0,21681.0,31684.0,PHILLIPS 66 PIPELINE LLC,Refined and/or Petroleum Product (non-HVL),INTERSTATE,IDAHO,79.61,0.0,79.61,0.0,0.0,0.0,0.0,0.0,0.0,0.0,0.0,0.0,0.0,0.0,0.0,0.0,0.0,0.0,0.0,0.0,0.0,0.0,79.61,0.0,0.0,79.61
2/2/2026,2023.0,20240533.0,21681.0,31684.0,PHILLIPS 66 PIPELINE LLC,Refined and/or Petroleum Product (non-HVL),INTERSTATE,ILLINOIS,17.11,0.0,17.11,0.0,0.0,0.0,0.0,0.0,0.0,0.0,0.0,0.0,0.0,0.0,0.0,0.0,0.0,0.0,0.0,0.0,0.0,0.0,17.11,0.0,0.0,17.11
2/2/2026,2023.0,20240533.0,21681.0,31684.0,PHILLIPS 66 PIPELINE LLC,Refined and/or Petroleum Product (non-HVL),INTERSTATE,KANSAS,554.91,0.0,554.91,14.08,0.0,0.0,0.0,14.08,0.0,0.0,0.0,0.0,0.0,0.0,0.0,0.0,0.0,0.0,0.0,0.0,0.0,0.0,568.99,0.0,0.0,568.99
2/2/2026,2023.0,20240533.0,21681.0,31684.0,PHILLIPS 66 PIPELINE LLC,Refined and/or Petroleum Product (non-HVL),INTERSTATE,LOUISIANA,9.83,0.0,9.83,1.64,0.0,0.0,0.0,1.64,0.0,0.0,0.0,0.0,0.0,0.0,0.0,0.0,0.0,0.0,0.0,0.0,0.0,0.0,11.47,0.0,0.0,11.47
2/2/2026,2023.0,20240533.0,21681.0,31684.0,PHILLIPS 66 PIPELINE LLC,Refined and/or Petroleum Product (non-HVL),INTERSTATE,MISSOURI,295.19,0.0,295.19,0.0,0.0,0.0,0.0,0.0,0.0,0.0,0.0,0.0,0.0,0.0,0.0,0.0,0.0,0.0,0.0,0.0,0.0,0.0,295.19,0.0,0.0,295.19
2/2/2026,2023.0,20240533.0,21681.0,31684.0,PHILLIPS 66 PIPELINE LLC,Refined and/or Petroleum Product (non-HVL),INTERSTATE,MONTANA,578.35,0.0,578.35,0.0,0.0,0.0,0.0,0.0,0.0,0.0,0.0,0.0,0.0,0.0,0.0,0.0,0.0,0.0,0.0,0.0,0.0,0.0,578.35,0.0,0.0,578.35
2/2/2026,2023.0,20240533.0,21681.0,31684.0,PHILLIPS 66 PIPELINE LLC,Refined and/or Petroleum Product (non-HVL),INTERSTATE,NEW JERSEY,0.0,0.0,0.0,2.03,0.0,0.0,0.0,2.03,0.0,0.0,0.0,0.0,0.0,0.0,0.0,0.0,0.0,0.0,0.0,0.0,0.0,0.0,2.03,0.0,0.0,2.03
2/2/2026,2023.0,20240533.0,21681.0,31684.0,PHILLIPS 66 PIPELINE LLC,Refined and/or Petroleum Product (non-HVL),INTERSTATE,OKLAHOMA,677.29,0.0,677.29,0.0,0.0,0.0,0.0,0.0,0.0,0.0,0.0,0.0,0.0,0.0,0.0,0.0,0.0,0.0,0.0,0.0,0.0,0.0,677.29,0.0,0.0,677.29
2/2/2026,2023.0,20240533.0,21681.0,31684.0,PHILLIPS 66 PIPELINE LLC,Refined and/or Petroleum Product (non-HVL),INTERSTATE,TEXAS,525.02,0.0,525.02,0.0,0.0,0.0,0.0,0.0,0.0,0.0,0.0,0.0,0.0,0.0,0.0,0.0,0.0,0.0,0.0,0.0,0.0,0.0,525.02,0.0,0.0,525.02
2/2/2026,2023.0,20240533.0,21681.0,31684.0,PHILLIPS 66 PIPELINE LLC,Refined and/or Petroleum Product (non-HVL),INTERSTATE,UTAH,108.8,0.0,108.8,5.12,0.0,0.0,0.0,5.12,0.0,0.0,0.0,0.0,0.0,0.0,0.0,0.0,0.0,0.0,0.0,0.0,0.0,0.0,113.92,0.0,0.0,113.92
2/2/2026,2023.0,20240533.0,21681.0,31684.0,PHILLIPS 66 PIPELINE LLC,Refined and/or Petroleum Product (non-HVL),INTERSTATE,WASHINGTON,130.22,0.0,130.22,2.48,0.0,0.0,0.0,2.48,0.0,0.0,0.0,0.0,0.0,0.0,0.0,0.0,0.0,0.0,0.0,0.0,0.0,0.0,132.7,0.0,0.0,132.7
2/2/2026,2023.0,20240533.0,21681.0,31684.0,PHILLIPS 66 PIPELINE LLC,Refined and/or Petroleum Product (non-HVL),INTERSTATE,WYOMING,707.08,0.0,707.08,0.36,0.0,0.0,0.0,0.36,0.0,0.0,0.0,0.0,0.0,0.0,0.0,0.0,0.0,0.0,0.0,0.0,0.0,0.0,707.44,0.0,0.0,707.44
2/2/2026,2023.0,20240533.0,21681.0,31684.0,PHILLIPS 66 PIPELINE LLC,Refined and/or Petroleum Product (non-HVL),INTRASTATE,CALIFORNIA,268.86,0.0,268.86,0.0,0.0,0.0,0.0,0.0,0.0,0.0,0.0,0.0,0.0,0.0,0.0,0.0,0.0,0.0,0.0,0.0,0.0,0.0,268.86,0.0,0.0,268.86
2/2/2026,2023.0,20240533.0,21681.0,31684.0,PHILLIPS 66 PIPELINE LLC,Refined and/or Petroleum Product (non-HVL),INTRASTATE,LOUISIANA,17.68,0.0,17.68,0.0,0.0,0.0,0.0,0.0,0.0,0.0,0.0,0.0,0.0,0.0,0.0,0.0,0.0,0.0,0.0,0.0,0.0,0.0,17.68,0.0,0.0,17.68
2/2/2026,2023.0,20240533.0,21681.0,31684.0,PHILLIPS 66 PIPELINE LLC,Refined and/or Petroleum Product (non-HVL),INTRASTATE,TEXAS,171.29,0.0,171.29,0.0,0.0,0.0,0.0,0.0,0.0,0.0,0.0,0.0,0.0,0.0,0.0,0.0,0.0,0.0,0.0,0.0,0.0,0.0,171.29,0.0,0.0,171.29
2/2/2026,2023.0,20240459.0,21276.0,31687.0,"HILL-LAKE GAS STORAGE, LLC",HVL,INTRASTATE,TEXAS,1.91,0.0,1.91,0.0,0.0,0.0,0.0,0.0,0.0,0.0,0.0,0.0,0.0,0.0,0.0,0.0,0.0,0.0,0.0,0.0,0.0,0.0,1.91,0.0,0.0,1.91
2/2/2026,2023.0,20240460.0,21277.0,31703.0,"WILLIAMS MLP OPERATING, LLC",HVL,INTRASTATE,WEST VIRGINIA,5.52,0.0,5.52,0.0,0.0,0.0,0.0,0.0,0.0,0.0,0.0,0.0,0.0,0.0,0.0,0.0,0.0,0.0,0.0,0.0,0.0,0.0,5.52,0.0,0.0,5.52
2/2/2026,2023.0,20240427.0,21242.0,31707.0,CHEVRON U.S.A. INC - PERMIAN BASIN,Crude Oil,INTRASTATE,NEW MEXICO,0.0,0.0,0.0,0.0,0.0,0.0,0.0,0.0,0.0,0.0,0.0,0.0,0.0,0.0,0.0,0.0,0.0,0.0,0.0,0.0,0.0,0.0,0.0,0.0,0.0,0.0
2/2/2026,2023.0,20240427.0,21242.0,31707.0,CHEVRON U.S.A. INC - PERMIAN BASIN,Crude Oil,INTRASTATE,TEXAS,0.0,0.0,0.0,0.0,0.0,0.0,0.0,0.0,0.0,0.0,0.0,0.0,0.0,0.0,0.0,0.0,0.0,0.0,0.0,0.0,0.0,0.0,0.0,0.0,0.0,0.0
2/2/2026,2023.0,20240395.0,21862.0,31719.0,HILAND PARTNERS HOLDINGS LLC,HVL,INTRASTATE,MONTANA,8.85,0.0,8.85,0.0,0.0,0.0,0.0,0.0,0.0,0.0,0.0,0.0,0.0,0.0,0.0,0.0,0.0,0.0,0.0,0.0,0.0,0.0,8.85,0.0,0.0,8.85
2/2/2026,2023.0,20240395.0,21862.0,31719.0,HILAND PARTNERS HOLDINGS LLC,HVL,INTRASTATE,NORTH DAKOTA,12.95,0.0,12.95,0.0,0.0,0.0,0.0,0.0,0.0,0.0,0.0,0.0,0.0,0.0,0.0,0.0,0.0,0.0,0.0,0.0,0.0,0.0,12.95,0.0,0.0,12.95
2/2/2026,2023.0,20240555.0,21372.0,31720.0,"EXPRESS HOLDINGS (USA), LLC",Crude Oil,INTERSTATE,ILLINOIS,1.326,0.0,1.326,2.951,0.0,0.0,0.0,2.951,0.0,0.0,0.0,0.0,0.0,0.0,0.0,0.0,0.0,0.0,0.0,0.0,0.0,0.0,4.277,0.0,0.0,4.277
2/2/2026,2023.0,20240555.0,21372.0,31720.0,"EXPRESS HOLDINGS (USA), LLC",Crude Oil,INTERSTATE,KANSAS,98.584,0.0,98.584,0.0,0.0,0.0,0.0,0.0,0.0,0.0,0.0,0.0,0.0,0.0,0.0,0.0,0.0,0.0,0.0,0.0,0.0,0.0,98.584,0.0,0.0,98.584
2/2/2026,2023.0,20240555.0,21372.0,31720.0,"EXPRESS HOLDINGS (USA), LLC",Crude Oil,INTERSTATE,MISSOURI,271.652,0.0,271.652,0.0,0.0,0.0,0.0,0.0,0.0,0.0,0.0,0.0,0.0,0.0,0.0,0.0,0.0,0.0,0.0,0.0,0.0,0.0,271.652,0.0,0.0,271.652
2/2/2026,2023.0,20240555.0,21372.0,31720.0,"EXPRESS HOLDINGS (USA), LLC",Crude Oil,INTERSTATE,MONTANA,304.121,0.0,304.121,0.0,0.0,0.0,0.0,0.0,0.0,0.0,0.0,0.0,0.0,0.0,0.0,0.0,0.0,0.0,0.0,0.0,0.0,0.0,304.121,0.0,0.0,304.121
2/2/2026,2023.0,20240555.0,21372.0,31720.0,"EXPRESS HOLDINGS (USA), LLC",Crude Oil,INTERSTATE,NEBRASKA,409.937,0.0,409.937,0.0,0.0,0.0,0.0,0.0,0.0,0.0,0.0,0.0,0.0,0.0,0.0,0.0,0.0,0.0,0.0,0.0,0.0,0.0,409.937,0.0,0.0,409.937
2/2/2026,2023.0,20240555.0,21372.0,31720.0,"EXPRESS HOLDINGS (USA), LLC",Crude Oil,INTERSTATE,WYOMING,361.771,0.0,361.771,3.057,0.0,0.0,0.0,3.057,0.0,0.0,0.0,0.0,0.0,0.0,0.0,0.0,0.0,0.0,0.0,0.0,0.0,0.0,364.828,0.0,0.0,364.828
2/2/2026,2023.0,20240398.0,21212.0,31721.0,PIPELINE TECHNOLOGY,HVL,INTRASTATE,LOUISIANA,0.0,0.0,0.0,6.3,0.0,0.0,0.0,6.3,0.0,0.0,0.0,0.0,0.0,0.0,0.0,0.0,0.0,0.0,0.0,0.0,0.0,0.0,6.3,0.0,0.0,6.3
2/2/2026,2023.0,20240397.0,21211.0,31721.0,PIPELINE TECHNOLOGY,Refined and/or Petroleum Product (non-HVL),INTRASTATE,LOUISIANA,0.0,0.0,0.0,5.0,17.0,0.0,0.0,22.0,0.0,0.0,0.0,0.0,0.0,0.0,0.0,0.0,0.0,0.0,0.0,0.0,0.0,0.0,22.0,0.0,0.0,22.0
2/2/2026,2023.0,20240542.0,21708.0,31723.0,EXXON MOBIL CORPORATION,Crude Oil,INTERSTATE,LOUISIANA,0.148,0.0,0.148,0.28,0.0,0.0,0.0,0.28,0.0,0.0,0.0,0.0,0.0,0.0,0.0,0.0,0.0,0.0,0.0,0.0,0.0,0.0,0.428,0.0,0.0,0.428
2/2/2026,2023.0,20240542.0,21708.0,31723.0,EXXON MOBIL CORPORATION,Crude Oil,INTRASTATE,LOUISIANA,7.458,0.0,7.458,3.038,0.0,0.0,0.0,3.038,0.0,0.0,0.0,0.0,0.0,0.0,0.0,0.0,0.0,0.0,0.0,0.0,0.0,0.0,10.496,0.0,0.0,10.496
2/2/2026,2023.0,20240543.0,21707.0,31723.0,EXXON MOBIL CORPORATION,Refined and/or Petroleum Product (non-HVL),INTRASTATE,LOUISIANA,23.413,0.0,23.413,0.0,0.0,0.0,0.0,0.0,0.0,0.0,0.0,0.0,0.0,0.0,0.0,0.0,0.0,0.0,0.0,0.0,0.0,0.0,23.413,0.0,0.0,23.413
2/2/2026,2023.0,20240686.0,21508.0,31755.0,"NOBLE ENERGY, INC. RBU",Crude Oil,INTRASTATE,COLORADO,22.41,0.0,22.41,0.0,21.5,0.0,0.0,21.5,0.0,0.0,0.0,0.0,0.0,0.0,0.0,0.0,0.0,0.0,0.0,0.0,0.0,0.0,43.91,0.0,0.0,43.91
2/2/2026,2023.0,20240445.0,21262.0,31755.0,"NOBLE ENERGY, INC. RBU",HVL,INTRASTATE,COLORADO,7.79,0.0,7.79,0.0,0.0,0.0,0.0,0.0,0.0,0.0,0.0,0.0,0.0,0.0,0.0,0.0,0.0,0.0,0.0,0.0,0.0,0.0,7.79,0.0,0.0,7.79
2/2/2026,2023.0,20240018.0,20769.0,31779.0,SWISSPORT FUELING INC,Refined and/or Petroleum Product (non-HVL),INTRASTATE,ARIZONA,0.0,0.0,0.0,12.28,0.0,0.0,0.0,12.28,0.0,0.0,0.0,0.0,0.0,0.0,0.0,0.0,0.0,0.0,0.0,0.0,0.0,0.0,12.28,0.0,0.0,12.28
2/2/2026,2023.0,20240551.0,21368.0,31801.0,TANDEM ENERGY CORPORATION,Crude Oil,INTRASTATE,TEXAS,0.0,0.0,0.0,0.245,0.0,0.0,0.0,0.245,0.0,0.0,0.0,0.0,0.0,0.0,0.0,0.0,0.0,3.444,0.0,0.0,0.0,3.444,3.689,0.0,0.0,3.689
2/2/2026,2023.0,20240461.0,21278.0,31816.0,"MID-CONTINENT FRACTIONATION AND STORAGE, L.L.C.",HVL,INTRASTATE,KANSAS,45.525,0.0,45.525,16.13,0.0,0.0,0.0,16.13,0.0,0.0,0.0,0.0,0.0,0.0,0.0,0.0,0.0,0.0,0.0,0.0,0.0,0.0,61.655,0.0,0.0,61.655
2/2/2026,2023.0,20240462.0,21279.0,31816.0,"MID-CONTINENT FRACTIONATION AND STORAGE, L.L.C.",Refined and/or Petroleum Product (non-HVL),INTRASTATE,KANSAS,3.242,0.0,3.242,0.01,0.0,0.0,0.0,0.01,0.0,0.0,0.0,0.0,0.0,0.0,0.0,0.0,0.0,0.0,0.0,0.0,0.0,0.0,3.252,0.0,0.0,3.252
2/2/2026,2023.0,20240239.0,21047.0,31822.0,SUNCOR ENERGY (USA) PIPELINE CO.,Crude Oil,INTERSTATE,COLORADO,105.0,0.0,105.0,0.0,0.0,0.0,0.0,0.0,0.0,0.0,0.0,0.0,0.0,0.0,0.0,0.0,0.0,0.0,0.0,0.0,0.0,0.0,105.0,0.0,0.0,105.0
2/2/2026,2023.0,20240239.0,21047.0,31822.0,SUNCOR ENERGY (USA) PIPELINE CO.,Crude Oil,INTERSTATE,WYOMING,17.77,0.0,17.77,0.0,0.0,0.0,0.0,0.0,0.0,0.0,0.0,0.0,0.0,0.0,0.0,0.0,0.0,0.0,0.0,0.0,0.0,0.0,17.77,0.0,0.0,17.77
2/2/2026,2023.0,20240239.0,21047.0,31822.0,SUNCOR ENERGY (USA) PIPELINE CO.,Crude Oil,INTRASTATE,COLORADO,25.88,0.0,25.88,0.0,0.0,0.0,0.0,0.0,0.0,0.0,0.0,0.0,0.0,0.0,0.0,0.0,0.0,0.0,0.0,0.0,0.0,0.0,25.88,0.0,0.0,25.88
2/2/2026,2023.0,20240239.0,21047.0,31822.0,SUNCOR ENERGY (USA) PIPELINE CO.,Crude Oil,INTRASTATE,WYOMING,219.0,0.0,219.0,0.0,0.0,0.0,0.0,0.0,0.0,0.0,0.0,0.0,0.0,0.0,0.0,0.0,0.0,0.0,0.0,0.0,0.0,0.0,219.0,0.0,0.0,219.0
2/2/2026,2023.0,20240240.0,21048.0,31822.0,SUNCOR ENERGY (USA) PIPELINE CO.,Refined and/or Petroleum Product (non-HVL),INTRASTATE,COLORADO,0.0,0.0,0.0,4.17,0.0,0.0,0.0,4.17,0.0,0.0,0.0,0.0,0.0,0.0,0.0,0.0,0.0,0.0,0.0,0.0,0.0,0.0,4.17,0.0,0.0,4.17
2/2/2026,2023.0,20240244.0,21052.0,31847.0,"CALUMET COTTON VALLEY REFINING, LLC.",Refined and/or Petroleum Product (non-HVL),INTRASTATE,LOUISIANA,0.0,0.0,0.0,0.0,6.35,0.0,0.0,6.35,0.0,0.0,0.0,0.0,0.0,0.0,0.0,0.0,0.0,0.0,0.0,0.0,0.0,0.0,6.35,0.0,0.0,6.35
2/2/2026,2023.0,20240261.0,21069.0,31863.0,HFOTCO LLC,Crude Oil,INTRASTATE,TEXAS,20.6,0.0,20.6,0.0,0.0,0.0,0.0,0.0,0.0,0.0,0.0,0.0,0.0,0.0,0.0,0.0,0.0,0.0,0.0,0.0,0.0,0.0,20.6,0.0,0.0,20.6
2/2/2026,2023.0,20240143.0,20938.0,31864.0,APACHE CORPORATION,CO2,INTRASTATE,TEXAS,41.13,0.0,41.13,0.0,0.0,0.0,0.0,0.0,0.0,0.0,0.0,0.0,0.0,0.0,0.0,0.0,0.0,0.0,0.0,0.0,0.0,0.0,41.13,0.0,0.0,41.13
2/2/2026,2023.0,20240691.0,21558.0,31864.0,APACHE CORPORATION,Crude Oil,INTERSTATE,LOUISIANA,0.0,0.0,0.0,0.0,17.1,16.42,0.0,33.52,0.0,0.0,0.0,0.0,0.0,0.0,0.0,0.0,0.0,0.0,0.0,0.0,0.0,0.0,17.1,16.42,0.0,33.52
2/2/2026,2023.0,20240691.0,21558.0,31864.0,APACHE CORPORATION,Crude Oil,INTERSTATE,OCS-Gulf of Mexico,0.0,0.0,0.0,0.0,0.0,7.01,0.0,7.01,0.0,0.0,0.0,0.0,0.0,0.0,0.0,0.0,0.0,0.0,0.0,0.0,0.0,0.0,0.0,7.01,0.0,7.01
2/2/2026,2023.0,20240691.0,21558.0,31864.0,APACHE CORPORATION,Crude Oil,INTRASTATE,TEXAS,19.75,0.0,19.75,0.0,0.0,0.0,0.0,0.0,0.0,0.0,0.0,0.0,0.0,0.0,0.0,0.0,0.0,0.0,0.0,0.0,0.0,0.0,19.75,0.0,0.0,19.75
2/2/2026,2023.0,20240370.0,21184.0,31878.0,BRIDGER PIPELINE LLC,Crude Oil,INTERSTATE,MONTANA,602.0,0.0,602.0,0.0,0.0,0.0,0.0,0.0,0.0,0.0,0.0,0.0,0.0,0.0,0.0,0.0,0.0,0.0,0.0,0.0,0.0,0.0,602.0,0.0,0.0,602.0
2/2/2026,2023.0,20240370.0,21184.0,31878.0,BRIDGER PIPELINE LLC,Crude Oil,INTERSTATE,NORTH DAKOTA,341.0,0.0,341.0,0.0,0.0,0.0,0.0,0.0,0.0,0.0,0.0,0.0,0.0,0.0,0.0,0.0,0.0,0.0,0.0,0.0,0.0,0.0,341.0,0.0,0.0,341.0
2/2/2026,2023.0,20240370.0,21184.0,31878.0,BRIDGER PIPELINE LLC,Crude Oil,INTERSTATE,SOUTH DAKOTA,0.0,0.0,0.0,0.0,0.0,0.0,0.0,0.0,0.0,0.0,0.0,0.0,0.0,0.0,0.0,0.0,0.0,0.0,0.0,0.0,0.0,0.0,0.0,0.0,0.0,0.0
2/2/2026,2023.0,20240370.0,21184.0,31878.0,BRIDGER PIPELINE LLC,Crude Oil,INTERSTATE,WYOMING,850.0,0.0,850.0,0.0,0.0,0.0,0.0,0.0,0.0,0.0,0.0,0.0,0.0,0.0,0.0,0.0,0.0,0.0,0.0,0.0,0.0,0.0,850.0,0.0,0.0,850.0
2/2/2026,2023.0,20240371.0,21185.0,31878.0,BRIDGER PIPELINE LLC,Refined and/or Petroleum Product (non-HVL),INTERSTATE,WYOMING,76.0,0.0,76.0,0.0,0.0,0.0,0.0,0.0,0.0,0.0,0.0,0.0,0.0,0.0,0.0,0.0,0.0,0.0,0.0,0.0,0.0,0.0,76.0,0.0,0.0,76.0
2/2/2026,2023.0,20240334.0,21145.0,31888.0,CENTURION PIPELINE L.P.,Crude Oil,INTERSTATE,NEW MEXICO,204.06,0.0,204.06,0.0,11.5,0.0,0.0,11.5,0.0,49.4,0.0,0.0,49.4,0.0,0.0,0.0,0.0,0.0,0.0,0.0,0.0,0.0,264.96,0.0,0.0,264.96
2/2/2026,2023.0,20240334.0,21145.0,31888.0,CENTURION PIPELINE L.P.,Crude Oil,INTERSTATE,OKLAHOMA,419.1,0.0,419.1,0.19,2.16,0.0,0.0,2.35,0.0,0.0,0.0,0.0,0.0,0.0,0.0,0.0,0.0,0.0,0.0,0.0,0.0,0.0,421.45,0.0,0.0,421.45
2/2/2026,2023.0,20240334.0,21145.0,31888.0,CENTURION PIPELINE L.P.,Crude Oil,INTERSTATE,TEXAS,634.19,0.0,634.19,0.0,0.0,0.0,0.0,0.0,0.0,0.0,0.0,0.0,0.0,0.0,0.0,0.0,0.0,0.0,0.0,0.0,0.0,0.0,634.19,0.0,0.0,634.19
2/2/2026,2023.0,20240334.0,21145.0,31888.0,CENTURION PIPELINE L.P.,Crude Oil,INTRASTATE,TEXAS,806.39,0.0,806.39,156.76,135.62,0.0,0.0,292.38,0.0,0.0,0.0,0.0,0.0,0.0,0.52,0.0,0.52,0.0,0.0,0.0,0.0,0.0,1099.29,0.0,0.0,1099.29
2/2/2026,2023.0,20240087.0,21560.0,31914.0,NGL SUPPLY TERMINAL COMPANY LLC,HVL,INTRASTATE,MICHIGAN,225.0,0.0,225.0,0.0,0.0,0.0,0.0,0.0,0.0,0.0,0.0,0.0,0.0,0.0,0.0,0.0,0.0,0.0,0.0,0.0,0.0,0.0,225.0,0.0,0.0,225.0
2/2/2026,2023.0,20240369.0,21183.0,31919.0,MIDSTREAM ENERGY PARTNERS (USA) LLC,HVL,INTRASTATE,CALIFORNIA,28.3,0.0,28.3,0.0,18.86,0.0,0.0,18.86,0.0,0.0,0.0,0.0,0.0,0.0,0.0,0.0,0.0,0.0,0.0,0.0,0.0,0.0,47.16,0.0,0.0,47.16
2/2/2026,2023.0,20240201.0,21002.0,31933.0,CALCASIEU REFINING COMPANY,Refined and/or Petroleum Product (non-HVL),INTRASTATE,LOUISIANA,0.0,0.0,0.0,5.4,0.0,0.0,0.0,5.4,0.0,0.0,0.0,0.0,0.0,0.0,0.0,0.0,0.0,0.0,0.0,0.0,0.0,0.0,5.4,0.0,0.0,5.4
2/2/2026,2023.0,20240025.0,20776.0,31943.0,COLT MIDSTREAM LLC,HVL,INTRASTATE,TEXAS,16.36,0.0,16.36,0.0,0.0,0.0,0.0,0.0,0.0,0.0,0.0,0.0,0.0,0.0,0.0,0.0,0.0,0.0,0.0,0.0,0.0,0.0,16.36,0.0,0.0,16.36
2/2/2026,2023.0,20240557.0,21374.0,31947.0,ENBRIDGE PIPELINES (OZARK) L.L.C.,Crude Oil,INTRASTATE,KANSAS,5.0,0.0,5.0,0.0,0.0,0.0,0.0,0.0,0.0,0.0,0.0,0.0,0.0,0.0,0.0,0.0,0.0,0.0,0.0,0.0,0.0,0.0,5.0,0.0,0.0,5.0
2/2/2026,2023.0,20240557.0,21374.0,31947.0,ENBRIDGE PIPELINES (OZARK) L.L.C.,Crude Oil,INTRASTATE,OKLAHOMA,47.151,0.0,47.151,0.0,0.0,0.0,0.0,0.0,0.0,0.0,0.0,0.0,0.0,0.0,0.0,0.0,0.0,0.0,0.0,0.0,0.0,0.0,47.151,0.0,0.0,47.151
2/2/2026,2023.0,20240558.0,21375.0,31948.0,ENBRIDGE STORAGE (PATOKA) L.L.C.,Crude Oil,INTERSTATE,ILLINOIS,0.0,0.0,0.0,0.0,0.0,0.0,0.0,0.0,0.0,0.0,0.0,0.0,0.0,0.0,0.0,0.0,0.0,0.0,0.0,0.0,0.0,0.0,0.0,0.0,0.0,0.0
2/2/2026,2023.0,20240155.0,20951.0,31957.0,KINDER MORGAN WINK PIPELINE LLC,Crude Oil,INTERSTATE,TEXAS,431.74,0.0,431.74,0.0,0.0,0.0,0.0,0.0,0.0,0.0,0.0,0.0,0.0,0.0,0.0,0.0,0.0,0.0,0.0,0.0,0.0,0.0,431.74,0.0,0.0,431.74
2/2/2026,2023.0,20240155.0,20951.0,31957.0,KINDER MORGAN WINK PIPELINE LLC,Crude Oil,INTRASTATE,TEXAS,1.52,0.0,1.52,0.0,0.0,0.0,0.0,0.0,0.0,0.0,0.0,0.0,0.0,0.0,0.0,0.0,0.0,0.0,0.0,0.0,0.0,0.0,1.52,0.0,0.0,1.52
2/2/2026,2023.0,20240572.0,21389.0,31970.0,"CONOCOPHILLIPS ALASKA, INC.",Refined and/or Petroleum Product (non-HVL),INTRASTATE,ALASKA,0.116,0.0,0.116,0.0,34.628,0.0,0.0,34.628,0.0,0.0,0.0,0.0,0.0,0.0,0.0,0.0,0.0,0.0,0.0,0.0,0.0,0.0,34.744,0.0,0.0,34.744
2/2/2026,2023.0,20240237.0,21044.0,31994.0,"PANTHER OPERATING COMPANY, LLC",Crude Oil,INTERSTATE,LOUISIANA,10.94,37.35,48.29,0.0,0.0,0.0,0.0,0.0,0.0,0.0,0.0,0.0,0.0,0.0,0.0,0.0,0.0,0.0,0.0,0.0,0.0,0.0,10.94,37.35,0.0,48.29
2/2/2026,2023.0,20240237.0,21044.0,31994.0,"PANTHER OPERATING COMPANY, LLC",Crude Oil,INTERSTATE,OCS-Gulf of Mexico,0.0,145.63,145.63,0.0,0.0,0.0,0.0,0.0,0.0,0.0,0.0,0.0,0.0,0.0,0.0,0.0,0.0,0.0,0.0,0.0,0.0,0.0,0.0,145.63,0.0,145.63
2/2/2026,2023.0,20240318.0,21129.0,32005.0,"ENLINK PROCESSING SERVICES, LLC",HVL,INTERSTATE,LOUISIANA,246.976,0.0,246.976,0.0,0.0,0.0,0.0,0.0,0.0,0.0,0.0,0.0,0.0,0.0,0.0,0.0,0.0,0.0,0.0,0.0,0.0,0.0,246.976,0.0,0.0,246.976
2/2/2026,2023.0,20240318.0,21129.0,32005.0,"ENLINK PROCESSING SERVICES, LLC",HVL,INTERSTATE,TEXAS,64.393,0.0,64.393,0.0,0.0,0.0,0.0,0.0,0.0,0.0,0.0,0.0,0.0,0.0,0.0,0.0,0.0,0.0,0.0,0.0,0.0,0.0,64.393,0.0,0.0,64.393
2/2/2026,2023.0,20240318.0,21129.0,32005.0,"ENLINK PROCESSING SERVICES, LLC",HVL,INTRASTATE,LOUISIANA,422.474,0.0,422.474,0.0,0.0,0.0,0.0,0.0,0.0,0.0,0.0,0.0,0.0,0.0,0.0,0.0,0.0,0.0,0.0,0.0,0.0,0.0,422.474,0.0,0.0,422.474
2/2/2026,2023.0,20240316.0,21127.0,32005.0,"ENLINK PROCESSING SERVICES, LLC",Refined and/or Petroleum Product (non-HVL),INTRASTATE,LOUISIANA,22.894,0.0,22.894,0.0,0.0,0.0,0.0,0.0,0.0,0.0,0.0,0.0,0.0,0.0,0.0,0.0,0.0,0.0,0.0,0.0,0.0,0.0,22.894,0.0,0.0,22.894
2/2/2026,2023.0,20240010.0,20754.0,32007.0,"SUPERIOR MIDSTREAM, LLC",HVL,INTRASTATE,OKLAHOMA,25.99,0.0,25.99,3.35,0.0,0.0,0.0,3.35,0.0,0.0,0.0,0.0,0.0,0.0,0.0,0.0,0.0,0.0,0.0,0.0,0.0,0.0,29.34,0.0,0.0,29.34
2/2/2026,2023.0,20240646.0,21566.0,32011.0,"HOLLY ENERGY PARTNERS - OPERATING, L.P.",Crude Oil,INTERSTATE,NEW MEXICO,28.11,0.0,28.11,0.0,4.47,0.0,0.0,4.47,0.0,0.0,0.0,0.0,0.0,0.0,0.0,0.0,0.0,0.0,0.0,0.0,0.0,0.0,32.58,0.0,0.0,32.58
2/2/2026,2023.0,20240646.0,21566.0,32011.0,"HOLLY ENERGY PARTNERS - OPERATING, L.P.",Crude Oil,INTERSTATE,TEXAS,24.21,0.0,24.21,0.0,0.99,0.0,0.0,0.99,0.0,0.0,0.0,0.0,0.0,0.0,0.0,0.0,0.0,0.0,0.0,0.0,0.0,0.0,25.2,0.0,0.0,25.2
2/2/2026,2023.0,20240646.0,21566.0,32011.0,"HOLLY ENERGY PARTNERS - OPERATING, L.P.",Crude Oil,INTERSTATE,UTAH,229.97,0.0,229.97,0.61,1.43,0.0,0.0,2.04,0.0,0.0,0.0,0.0,0.0,0.0,0.0,0.0,0.0,0.0,0.0,0.0,0.0,0.0,232.01,0.0,0.0,232.01
2/2/2026,2023.0,20240646.0,21566.0,32011.0,"HOLLY ENERGY PARTNERS - OPERATING, L.P.",Crude Oil,INTERSTATE,WYOMING,289.66,0.0,289.66,0.0,1.02,0.0,0.0,1.02,0.0,0.0,0.0,0.0,0.0,0.0,0.0,0.0,0.0,0.0,0.0,0.0,0.0,0.0,290.68,0.0,0.0,290.68
2/2/2026,2023.0,20240646.0,21566.0,32011.0,"HOLLY ENERGY PARTNERS - OPERATING, L.P.",Crude Oil,INTRASTATE,KANSAS,3.94,0.0,3.94,0.0,0.0,0.0,0.0,0.0,0.0,0.0,0.0,0.0,0.0,0.0,0.0,0.0,0.0,0.0,0.0,0.0,0.0,0.0,3.94,0.0,0.0,3.94
2/2/2026,2023.0,20240646.0,21566.0,32011.0,"HOLLY ENERGY PARTNERS - OPERATING, L.P.",Crude Oil,INTRASTATE,NEW MEXICO,226.67,0.0,226.67,2.69,68.17,0.0,0.0,70.86,0.0,0.0,0.0,0.0,0.0,0.0,0.0,0.0,0.0,0.0,0.0,0.0,0.0,0.0,297.53,0.0,0.0,297.53
2/2/2026,2023.0,20240646.0,21566.0,32011.0,"HOLLY ENERGY PARTNERS - OPERATING, L.P.",Crude Oil,INTRASTATE,TEXAS,30.11,0.0,30.11,0.0,0.39,0.0,0.0,0.39,0.0,0.0,0.0,0.0,0.0,0.0,0.0,0.0,0.0,0.0,0.0,0.0,0.0,0.0,30.5,0.0,0.0,30.5
2/2/2026,2023.0,20240646.0,21566.0,32011.0,"HOLLY ENERGY PARTNERS - OPERATING, L.P.",Crude Oil,INTRASTATE,UTAH,0.0,0.0,0.0,0.0,0.0,0.0,0.0,0.0,0.0,0.0,0.0,0.0,0.0,0.0,0.0,0.0,0.0,0.0,0.0,0.0,0.0,0.0,0.0,0.0,0.0,0.0
2/2/2026,2023.0,20240647.0,21567.0,32011.0,"HOLLY ENERGY PARTNERS - OPERATING, L.P.",Refined and/or Petroleum Product (non-HVL),INTERSTATE,NEBRASKA,170.68,0.0,170.68,0.0,0.0,0.0,0.0,0.0,0.0,0.0,0.0,0.0,0.0,0.0,0.0,0.0,0.0,0.0,0.0,0.0,0.0,0.0,170.68,0.0,0.0,170.68
2/2/2026,2023.0,20240647.0,21567.0,32011.0,"HOLLY ENERGY PARTNERS - OPERATING, L.P.",Refined and/or Petroleum Product (non-HVL),INTERSTATE,NEW MEXICO,68.55,0.0,68.55,0.0,0.0,0.0,0.0,0.0,0.0,0.0,0.0,0.0,0.0,0.0,0.0,0.0,0.0,0.0,0.0,0.0,0.0,0.0,68.55,0.0,0.0,68.55
2/2/2026,2023.0,20240647.0,21567.0,32011.0,"HOLLY ENERGY PARTNERS - OPERATING, L.P.",Refined and/or Petroleum Product (non-HVL),INTERSTATE,TEXAS,160.97,0.0,160.97,5.07,9.68,0.0,0.0,14.75,0.0,0.0,0.0,0.0,0.0,0.0,0.0,0.0,0.0,0.0,0.0,0.0,0.0,0.0,175.72,0.0,0.0,175.72
2/2/2026,2023.0,20240647.0,21567.0,32011.0,"HOLLY ENERGY PARTNERS - OPERATING, L.P.",Refined and/or Petroleum Product (non-HVL),INTERSTATE,UTAH,4.76,0.0,4.76,0.0,0.0,0.0,0.0,0.0,0.0,0.0,0.0,0.0,0.0,0.0,0.0,0.0,0.0,0.0,0.0,0.0,0.0,0.0,4.76,0.0,0.0,4.76
2/2/2026,2023.0,20240647.0,21567.0,32011.0,"HOLLY ENERGY PARTNERS - OPERATING, L.P.",Refined and/or Petroleum Product (non-HVL),INTERSTATE,WYOMING,39.0,0.0,39.0,0.0,0.0,0.0,0.0,0.0,0.0,0.0,0.0,0.0,0.0,0.0,0.0,0.0,0.0,0.0,0.0,0.0,0.0,0.0,39.0,0.0,0.0,39.0
2/2/2026,2023.0,20240647.0,21567.0,32011.0,"HOLLY ENERGY PARTNERS - OPERATING, L.P.",Refined and/or Petroleum Product (non-HVL),INTRASTATE,IDAHO,13.24,0.0,13.24,0.03,0.03,0.0,0.0,0.06,0.0,0.0,0.0,0.0,0.0,0.0,0.0,0.0,0.0,0.0,0.0,0.0,0.0,0.0,13.3,0.0,0.0,13.3
2/2/2026,2023.0,20240647.0,21567.0,32011.0,"HOLLY ENERGY PARTNERS - OPERATING, L.P.",Refined and/or Petroleum Product (non-HVL),INTRASTATE,NEW MEXICO,194.24,0.0,194.24,1.91,32.92,0.0,0.0,34.83,0.0,0.0,0.0,0.0,0.0,0.0,0.0,0.0,0.0,0.0,0.0,0.0,0.0,0.0,229.07,0.0,0.0,229.07
2/2/2026,2023.0,20240647.0,21567.0,32011.0,"HOLLY ENERGY PARTNERS - OPERATING, L.P.",Refined and/or Petroleum Product (non-HVL),INTRASTATE,OKLAHOMA,1.53,0.0,1.53,1.52,0.0,0.0,0.0,1.52,0.0,0.0,0.0,0.0,0.0,0.0,0.0,0.0,0.0,0.0,0.0,0.0,0.0,0.0,3.05,0.0,0.0,3.05
2/2/2026,2023.0,20240647.0,21567.0,32011.0,"HOLLY ENERGY PARTNERS - OPERATING, L.P.",Refined and/or Petroleum Product (non-HVL),INTRASTATE,TEXAS,468.87,0.0,468.87,2.34,4.08,0.0,0.0,6.42,0.0,0.0,0.0,0.0,0.0,0.0,0.0,0.0,0.0,0.0,0.0,0.0,0.0,0.0,475.29,0.0,0.0,475.29
2/2/2026,2023.0,20240647.0,21567.0,32011.0,"HOLLY ENERGY PARTNERS - OPERATING, L.P.",Refined and/or Petroleum Product (non-HVL),INTRASTATE,UTAH,3.81,0.0,3.81,1.88,0.0,0.0,0.0,1.88,0.0,0.0,0.0,0.0,0.0,0.0,0.0,0.0,0.0,0.0,0.0,0.0,0.0,0.0,5.69,0.0,0.0,5.69
2/2/2026,2023.0,20240647.0,21567.0,32011.0,"HOLLY ENERGY PARTNERS - OPERATING, L.P.",Refined and/or Petroleum Product (non-HVL),INTRASTATE,WYOMING,4.0,0.0,4.0,0.0,0.0,0.0,0.0,0.0,0.0,0.0,0.0,0.0,0.0,0.0,0.0,0.0,0.0,0.0,0.0,0.0,0.0,0.0,4.0,0.0,0.0,4.0
2/2/2026,2023.0,20240426.0,21241.0,32051.0,"MARTIN OPERATING PARTNERSHIP, L.P.",Refined and/or Petroleum Product (non-HVL),INTRASTATE,TEXAS,0.0,0.0,0.0,0.0,5.82,0.0,0.0,5.82,0.0,0.0,0.0,0.0,0.0,0.0,0.0,0.0,0.0,0.0,0.0,0.0,0.0,0.0,5.82,0.0,0.0,5.82
2/2/2026,2023.0,20240701.0,21524.0,32052.0,"WHITE MARLIN OPERATING COMPANY, LLC",Crude Oil,INTRASTATE,TEXAS,0.0,6.52,6.52,0.0,0.0,0.0,0.0,0.0,0.0,0.0,0.0,0.0,0.0,0.0,0.0,0.0,0.0,0.0,0.0,0.0,0.0,0.0,0.0,6.52,0.0,6.52
2/2/2026,2023.0,20240135.0,20921.0,32062.0,IMTT-PIPELINE,Refined and/or Petroleum Product (non-HVL),INTERSTATE,NEW JERSEY,0.82,0.0,0.82,5.9,0.0,0.0,0.0,5.9,0.0,0.0,0.0,0.0,0.0,0.0,0.0,0.0,0.0,0.0,0.0,0.0,0.0,0.0,6.72,0.0,0.0,6.72
2/2/2026,2023.0,20240135.0,20921.0,32062.0,IMTT-PIPELINE,Refined and/or Petroleum Product (non-HVL),INTERSTATE,NEW YORK,0.0,0.0,0.0,2.83,0.0,0.0,0.0,2.83,0.0,0.0,0.0,0.0,0.0,0.0,0.0,0.0,0.0,0.0,0.0,0.0,0.0,0.0,2.83,0.0,0.0,2.83
2/2/2026,2023.0,20240560.0,21377.0,32080.0,"CCPS TRANSPORTATION, LLC",Crude Oil,INTERSTATE,ILLINOIS,336.282,0.0,336.282,0.0,0.0,0.0,0.0,0.0,0.0,0.0,0.0,0.0,0.0,0.0,0.0,0.0,0.0,0.0,0.0,0.0,0.0,0.0,336.282,0.0,0.0,336.282
2/2/2026,2023.0,20240560.0,21377.0,32080.0,"CCPS TRANSPORTATION, LLC",Crude Oil,INTERSTATE,KANSAS,245.406,0.0,245.406,0.0,0.0,0.0,0.0,0.0,0.0,0.0,0.0,0.0,0.0,0.0,0.0,0.0,0.0,0.0,0.0,0.0,0.0,0.0,245.406,0.0,0.0,245.406
2/2/2026,2023.0,20240560.0,21377.0,32080.0,"CCPS TRANSPORTATION, LLC",Crude Oil,INTERSTATE,MISSOURI,414.471,0.0,414.471,0.0,0.0,0.0,0.0,0.0,0.0,0.0,0.0,0.0,0.0,0.0,0.0,0.0,0.0,0.0,0.0,0.0,0.0,0.0,414.471,0.0,0.0,414.471
2/2/2026,2023.0,20240560.0,21377.0,32080.0,"CCPS TRANSPORTATION, LLC",Crude Oil,INTERSTATE,OKLAHOMA,184.747,0.0,184.747,0.0,0.0,0.0,0.0,0.0,0.0,0.0,0.0,0.0,0.0,0.0,0.0,0.0,0.0,0.0,0.0,0.0,0.0,0.0,184.747,0.0,0.0,184.747
2/2/2026,2023.0,20240688.0,21510.0,32083.0,"DCOR, LLC",Crude Oil,INTERSTATE,CALIFORNIA,0.0,3.65,3.65,0.0,0.0,15.21,0.0,15.21,0.0,0.0,0.0,0.0,0.0,0.0,0.0,0.0,0.0,0.0,0.0,0.0,0.0,0.0,0.0,18.86,0.0,18.86
2/2/2026,2023.0,20240688.0,21510.0,32083.0,"DCOR, LLC",Crude Oil,INTERSTATE,OCS-Pacific,0.0,6.36,6.36,0.0,0.0,6.58,0.0,6.58,0.0,0.0,0.0,0.0,0.0,0.0,0.0,0.0,0.0,0.0,0.0,0.0,0.0,0.0,0.0,12.94,0.0,12.94
2/2/2026,2023.0,20240688.0,21510.0,32083.0,"DCOR, LLC",Crude Oil,INTRASTATE,CALIFORNIA,19.65,0.0,19.65,2.7,0.0,0.0,0.0,2.7,0.0,0.0,0.0,0.0,0.0,0.0,0.0,0.0,0.0,0.0,0.0,0.0,0.0,0.0,22.35,0.0,0.0,22.35
2/2/2026,2023.0,20240463.0,21280.0,32091.0,"WILLIAMS OIL GATHERING, LLC",Crude Oil,INTERSTATE,LOUISIANA,0.0,17.92,17.92,0.0,0.0,0.0,0.0,0.0,0.0,0.0,0.0,0.0,0.0,0.0,0.0,0.0,0.0,0.0,0.0,0.0,0.0,0.0,0.0,17.92,0.0,17.92
2/2/2026,2023.0,20240463.0,21280.0,32091.0,"WILLIAMS OIL GATHERING, LLC",Crude Oil,INTERSTATE,OCS-Gulf of Mexico,0.0,377.36,377.36,0.0,0.0,0.0,0.0,0.0,0.0,0.0,0.0,0.0,0.0,0.0,0.0,0.0,0.0,0.0,0.0,0.0,0.0,0.0,0.0,377.36,0.0,377.36
2/2/2026,2023.0,20240198.0,20999.0,32094.0,AUX SABLE LIQUID PRODUCTS,HVL,INTRASTATE,ILLINOIS,31.93,0.0,31.93,0.0,0.0,0.0,0.0,0.0,0.0,0.0,0.0,0.0,0.0,0.0,0.0,0.0,0.0,0.0,0.0,0.0,0.0,0.0,31.93,0.0,0.0,31.93
2/2/2026,2023.0,20240359.0,21173.0,32095.0,"LBC HOUSTON, L.P.",HVL,INTRASTATE,TEXAS,0.0,0.0,0.0,1.88,0.0,0.0,0.0,1.88,0.0,0.0,0.0,0.0,0.0,0.0,0.0,0.0,0.0,0.0,0.0,0.0,0.0,0.0,1.88,0.0,0.0,1.88
2/2/2026,2023.0,20240360.0,21174.0,32095.0,"LBC HOUSTON, L.P.",Refined and/or Petroleum Product (non-HVL),INTRASTATE,TEXAS,3.9,0.0,3.9,0.0,0.0,0.0,0.0,0.0,0.0,0.0,0.0,0.0,0.0,0.0,0.0,0.0,0.0,0.0,0.0,0.0,0.0,0.0,3.9,0.0,0.0,3.9
2/2/2026,2023.0,20240262.0,21070.0,32096.0,WYNNEWOOD REFINERY COMPANY,Crude Oil,INTRASTATE,OKLAHOMA,2.06,0.0,2.06,0.0,0.0,0.0,0.0,0.0,0.0,0.0,0.0,0.0,0.0,0.0,0.0,0.0,0.0,0.0,0.0,0.0,0.0,0.0,2.06,0.0,0.0,2.06
2/2/2026,2023.0,20240263.0,21624.0,32099.0,ENERGY TRANSFER COMPANY,Crude Oil,INTERSTATE,LOUISIANA,0.75,0.0,0.75,0.0,0.0,0.0,0.0,0.0,0.0,0.0,0.0,0.0,0.0,0.0,0.0,0.0,0.0,0.0,0.0,0.0,0.0,0.0,0.75,0.0,0.0,0.75
2/2/2026,2023.0,20240263.0,21624.0,32099.0,ENERGY TRANSFER COMPANY,Crude Oil,INTERSTATE,MICHIGAN,117.5,0.0,117.5,0.0,0.0,0.0,0.0,0.0,0.0,0.0,0.0,0.0,0.0,0.0,0.0,0.0,0.0,0.0,0.0,0.0,0.0,0.0,117.5,0.0,0.0,117.5
2/2/2026,2023.0,20240263.0,21624.0,32099.0,ENERGY TRANSFER COMPANY,Crude Oil,INTERSTATE,NEW MEXICO,40.81,0.0,40.81,0.0,0.0,0.0,0.0,0.0,0.0,0.0,0.0,0.0,0.0,0.0,0.0,0.0,0.0,0.0,0.0,0.0,0.0,0.0,40.81,0.0,0.0,40.81
2/2/2026,2023.0,20240263.0,21624.0,32099.0,ENERGY TRANSFER COMPANY,Crude Oil,INTERSTATE,OHIO,10.64,0.0,10.64,0.0,0.0,0.0,0.0,0.0,0.0,0.0,0.0,0.0,0.0,0.0,0.0,0.0,0.0,0.0,0.0,0.0,0.0,0.0,10.64,0.0,0.0,10.64
2/2/2026,2023.0,20240263.0,21624.0,32099.0,ENERGY TRANSFER COMPANY,Crude Oil,INTERSTATE,OKLAHOMA,149.55,0.0,149.55,0.0,0.0,0.0,0.0,0.0,0.0,0.0,0.0,0.0,0.0,0.0,0.0,0.0,0.0,0.0,0.0,0.0,0.0,0.0,149.55,0.0,0.0,149.55
2/2/2026,2023.0,20240263.0,21624.0,32099.0,ENERGY TRANSFER COMPANY,Crude Oil,INTERSTATE,TEXAS,1041.27,0.0,1041.27,6.15,33.35,0.0,0.0,39.5,0.53,0.0,0.0,0.0,0.53,0.0,0.0,0.0,0.0,0.0,0.0,0.0,0.0,0.0,1081.3,0.0,0.0,1081.3
2/2/2026,2023.0,20240263.0,21624.0,32099.0,ENERGY TRANSFER COMPANY,Crude Oil,INTRASTATE,NEW MEXICO,5.99,0.0,5.99,0.0,0.0,0.0,0.0,0.0,0.0,0.0,0.0,0.0,0.0,0.0,0.0,0.0,0.0,0.0,0.0,0.0,0.0,0.0,5.99,0.0,0.0,5.99
2/2/2026,2023.0,20240263.0,21624.0,32099.0,ENERGY TRANSFER COMPANY,Crude Oil,INTRASTATE,OKLAHOMA,475.01,0.0,475.01,43.43,6.8,0.0,0.0,50.23,35.25,32.33,0.0,0.0,67.58,0.0,0.0,0.0,0.0,2.38,1.05,0.0,0.0,3.43,596.25,0.0,0.0,596.25
2/2/2026,2023.0,20240263.0,21624.0,32099.0,ENERGY TRANSFER COMPANY,Crude Oil,INTRASTATE,TEXAS,1666.18,0.0,1666.18,66.29,111.19,0.0,0.0,177.48,24.78,29.23,0.0,0.0,54.01,0.0,0.0,0.0,0.0,0.42,0.0,0.0,0.0,0.42,1898.09,0.0,0.0,1898.09
2/2/2026,2023.0,20240264.0,21072.0,32099.0,ENERGY TRANSFER COMPANY,HVL,INTERSTATE,NEW MEXICO,62.64,0.0,62.64,0.0,0.0,0.0,0.0,0.0,0.0,0.0,0.0,0.0,0.0,0.0,0.0,0.0,0.0,0.0,0.0,0.0,0.0,0.0,62.64,0.0,0.0,62.64
2/2/2026,2023.0,20240264.0,21072.0,32099.0,ENERGY TRANSFER COMPANY,HVL,INTERSTATE,TEXAS,1025.21,0.0,1025.21,0.0,0.0,0.0,0.0,0.0,0.05,33.93,0.0,0.0,33.98,0.0,0.0,0.0,0.0,0.0,0.0,0.0,0.0,0.0,1059.19,0.0,0.0,1059.19
2/2/2026,2023.0,20240264.0,21072.0,32099.0,ENERGY TRANSFER COMPANY,HVL,INTRASTATE,LOUISIANA,243.93,0.0,243.93,0.0,0.0,0.0,0.0,0.0,0.0,0.0,0.0,0.0,0.0,0.0,0.0,0.0,0.0,0.0,0.0,0.0,0.0,0.0,243.93,0.0,0.0,243.93
2/2/2026,2023.0,20240264.0,21072.0,32099.0,ENERGY TRANSFER COMPANY,HVL,INTRASTATE,NEW MEXICO,32.19,0.0,32.19,0.0,0.0,0.0,0.0,0.0,0.0,0.0,0.0,0.0,0.0,0.0,0.0,0.0,0.0,0.0,0.0,0.0,0.0,0.0,32.19,0.0,0.0,32.19
2/2/2026,2023.0,20240264.0,21072.0,32099.0,ENERGY TRANSFER COMPANY,HVL,INTRASTATE,OKLAHOMA,2.23,0.0,2.23,0.0,0.0,0.0,0.0,0.0,0.0,0.13,0.0,0.0,0.13,0.0,0.0,0.0,0.0,0.0,0.0,0.0,0.0,0.0,2.36,0.0,0.0,2.36
2/2/2026,2023.0,20240264.0,21072.0,32099.0,ENERGY TRANSFER COMPANY,HVL,INTRASTATE,PENNSYLVANIA,14.9,0.0,14.9,0.0,0.0,0.0,0.0,0.0,0.0,0.0,0.0,0.0,0.0,0.0,0.0,0.0,0.0,0.0,0.0,0.0,0.0,0.0,14.9,0.0,0.0,14.9
2/2/2026,2023.0,20240264.0,21072.0,32099.0,ENERGY TRANSFER COMPANY,HVL,INTRASTATE,TEXAS,2159.99,0.0,2159.99,6.42,34.97,0.0,0.0,41.39,0.81,0.11,0.0,0.0,0.92,0.0,0.0,0.0,0.0,0.0,0.0,0.0,0.0,0.0,2202.3,0.0,0.0,2202.3
2/2/2026,2023.0,20240265.0,21073.0,32099.0,ENERGY TRANSFER COMPANY,Refined and/or Petroleum Product (non-HVL),INTRASTATE,TEXAS,130.22,0.0,130.22,0.0,10.07,0.0,0.0,10.07,0.0,0.0,0.0,0.0,0.0,0.0,0.0,0.0,0.0,0.0,0.0,0.0,0.0,0.0,140.29,0.0,0.0,140.29
2/2/2026,2023.0,20240443.0,21830.0,32103.0,CRIMSON PIPELINE L.P.,Crude Oil,INTRASTATE,CALIFORNIA,673.7,0.0,673.7,265.3,539.6,0.0,0.0,804.9,1.5,10.8,0.0,0.0,12.3,0.0,0.0,0.0,0.0,0.0,0.0,0.0,0.0,0.0,1490.9,0.0,0.0,1490.9
2/2/2026,2023.0,20240684.0,21506.0,32109.0,"ONEOK NGL PIPELINE, LLC",HVL,INTERSTATE,COLORADO,149.53,0.0,149.53,0.0,0.0,0.0,0.0,0.0,0.0,0.0,0.0,0.0,0.0,0.0,0.0,0.0,0.0,0.0,0.0,0.0,0.0,0.0,149.53,0.0,0.0,149.53
2/2/2026,2023.0,20240684.0,21506.0,32109.0,"ONEOK NGL PIPELINE, LLC",HVL,INTERSTATE,ILLINOIS,284.92,0.0,284.92,7.54,2.72,0.0,0.0,10.26,0.0,0.0,0.0,0.0,0.0,0.0,0.0,0.0,0.0,0.0,0.0,0.0,0.0,0.0,295.18,0.0,0.0,295.18
2/2/2026,2023.0,20240684.0,21506.0,32109.0,"ONEOK NGL PIPELINE, LLC",HVL,INTERSTATE,INDIANA,4.41,0.0,4.41,0.0,0.0,0.0,0.0,0.0,0.0,0.0,0.0,0.0,0.0,0.0,0.0,0.0,0.0,0.0,0.0,0.0,0.0,0.0,4.41,0.0,0.0,4.41
2/2/2026,2023.0,20240684.0,21506.0,32109.0,"ONEOK NGL PIPELINE, LLC",HVL,INTERSTATE,IOWA,321.54,0.0,321.54,0.88,0.0,0.0,0.0,0.88,0.0,0.0,0.0,0.0,0.0,0.0,0.0,0.0,0.0,0.0,0.0,0.0,0.0,0.0,322.42,0.0,0.0,322.42
2/2/2026,2023.0,20240684.0,21506.0,32109.0,"ONEOK NGL PIPELINE, LLC",HVL,INTERSTATE,KANSAS,1578.29,0.0,1578.29,0.03,0.0,0.0,0.0,0.03,0.47,0.0,0.0,0.0,0.47,0.0,0.0,0.0,0.0,0.0,0.0,0.0,0.0,0.0,1578.79,0.0,0.0,1578.79
2/2/2026,2023.0,20240684.0,21506.0,32109.0,"ONEOK NGL PIPELINE, LLC",HVL,INTERSTATE,MISSOURI,38.43,0.0,38.43,0.0,0.0,0.0,0.0,0.0,0.0,0.0,0.0,0.0,0.0,0.0,0.0,0.0,0.0,0.0,0.0,0.0,0.0,0.0,38.43,0.0,0.0,38.43
2/2/2026,2023.0,20240684.0,21506.0,32109.0,"ONEOK NGL PIPELINE, LLC",HVL,INTERSTATE,MONTANA,461.22,0.0,461.22,0.0,0.0,0.0,0.0,0.0,0.03,0.01,0.0,0.0,0.04,0.0,0.0,0.0,0.0,0.0,0.0,0.0,0.0,0.0,461.26,0.0,0.0,461.26
2/2/2026,2023.0,20240684.0,21506.0,32109.0,"ONEOK NGL PIPELINE, LLC",HVL,INTERSTATE,NEBRASKA,78.61,0.0,78.61,0.0,0.0,0.0,0.0,0.0,0.0,0.0,0.0,0.0,0.0,0.0,0.0,0.0,0.0,0.0,0.0,0.0,0.0,0.0,78.61,0.0,0.0,78.61
2/2/2026,2023.0,20240684.0,21506.0,32109.0,"ONEOK NGL PIPELINE, LLC",HVL,INTERSTATE,NEW MEXICO,224.77,0.0,224.77,0.0,0.0,0.0,0.0,0.0,0.27,0.03,0.0,0.0,0.3,0.0,0.0,0.0,0.0,0.0,0.0,0.0,0.0,0.0,225.07,0.0,0.0,225.07
2/2/2026,2023.0,20240684.0,21506.0,32109.0,"ONEOK NGL PIPELINE, LLC",HVL,INTERSTATE,NORTH DAKOTA,331.62,0.0,331.62,0.0,0.0,0.0,0.0,0.0,0.01,0.0,0.0,0.0,0.01,0.0,0.0,0.0,0.0,0.0,0.0,0.0,0.0,0.0,331.63,0.0,0.0,331.63
2/2/2026,2023.0,20240684.0,21506.0,32109.0,"ONEOK NGL PIPELINE, LLC",HVL,INTERSTATE,OKLAHOMA,1564.88,0.0,1564.88,0.0,0.0,0.0,0.0,0.0,0.01,0.0,0.0,0.0,0.01,0.0,0.0,0.0,0.0,0.0,0.0,0.0,0.0,0.0,1564.89,0.0,0.0,1564.89
2/2/2026,2023.0,20240684.0,21506.0,32109.0,"ONEOK NGL PIPELINE, LLC",HVL,INTERSTATE,TEXAS,4820.41,0.0,4820.41,0.04,0.0,0.0,0.0,0.04,28.86,14.46,0.0,0.0,43.32,0.0,0.0,0.0,0.0,0.0,0.0,0.0,0.0,0.0,4863.77,0.0,0.0,4863.77
2/2/2026,2023.0,20240684.0,21506.0,32109.0,"ONEOK NGL PIPELINE, LLC",HVL,INTERSTATE,WYOMING,735.11,0.0,735.11,0.0,0.0,0.0,0.0,0.0,0.4,0.0,0.0,0.0,0.4,0.0,0.0,0.0,0.0,0.0,0.0,0.0,0.0,0.0,735.51,0.0,0.0,735.51
2/2/2026,2023.0,20240684.0,21506.0,32109.0,"ONEOK NGL PIPELINE, LLC",HVL,INTRASTATE,KANSAS,453.53,0.0,453.53,0.0,0.0,0.0,0.0,0.0,0.0,0.0,0.0,0.0,0.0,0.0,0.0,0.0,0.0,0.0,0.0,0.0,0.0,0.0,453.53,0.0,0.0,453.53
2/2/2026,2023.0,20240684.0,21506.0,32109.0,"ONEOK NGL PIPELINE, LLC",HVL,INTRASTATE,OKLAHOMA,2103.74,0.0,2103.74,0.15,0.0,0.0,0.0,0.15,0.12,3.37,0.0,0.0,3.49,0.0,0.0,0.0,0.0,0.0,0.0,0.0,0.0,0.0,2107.38,0.0,0.0,2107.38
2/2/2026,2023.0,20240684.0,21506.0,32109.0,"ONEOK NGL PIPELINE, LLC",HVL,INTRASTATE,TEXAS,171.06,0.0,171.06,0.0,0.0,0.0,0.0,0.0,0.0,0.0,0.0,0.0,0.0,0.0,0.0,0.0,0.0,0.0,0.0,0.0,0.0,0.0,171.06,0.0,0.0,171.06
2/2/2026,2023.0,20240685.0,21507.0,32109.0,"ONEOK NGL PIPELINE, LLC",Refined and/or Petroleum Product (non-HVL),INTERSTATE,ILLINOIS,1.39,0.0,1.39,0.0,0.0,0.0,0.0,0.0,0.0,0.0,0.0,0.0,0.0,0.0,0.0,0.0,0.0,0.0,0.0,0.0,0.0,0.0,1.39,0.0,0.0,1.39
2/2/2026,2023.0,20240685.0,21507.0,32109.0,"ONEOK NGL PIPELINE, LLC",Refined and/or Petroleum Product (non-HVL),INTERSTATE,IOWA,173.61,0.0,173.61,0.0,0.0,0.0,0.0,0.0,0.0,0.01,0.0,0.0,0.01,0.0,0.0,0.0,0.0,0.0,0.0,0.0,0.0,0.0,173.62,0.0,0.0,173.62
2/2/2026,2023.0,20240685.0,21507.0,32109.0,"ONEOK NGL PIPELINE, LLC",Refined and/or Petroleum Product (non-HVL),INTERSTATE,KANSAS,172.87,0.0,172.87,0.55,0.0,0.0,0.0,0.55,0.0,0.0,0.0,0.0,0.0,0.0,0.0,0.0,0.0,0.0,0.0,0.0,0.0,0.0,173.42,0.0,0.0,173.42
2/2/2026,2023.0,20240685.0,21507.0,32109.0,"ONEOK NGL PIPELINE, LLC",Refined and/or Petroleum Product (non-HVL),INTERSTATE,NEBRASKA,114.12,0.0,114.12,0.0,0.0,0.0,0.0,0.0,0.0,0.0,0.0,0.0,0.0,0.0,0.0,0.0,0.0,0.0,0.0,0.0,0.0,0.0,114.12,0.0,0.0,114.12
2/2/2026,2023.0,20240685.0,21507.0,32109.0,"ONEOK NGL PIPELINE, LLC",Refined and/or Petroleum Product (non-HVL),INTRASTATE,TEXAS,0.28,0.0,0.28,0.0,0.0,0.0,0.0,0.0,0.0,0.71,0.0,0.0,0.71,0.0,0.0,0.0,0.0,0.0,0.0,0.0,0.0,0.0,0.99,0.0,0.0,0.99
2/2/2026,2023.0,20240392.0,21206.0,32114.0,COPANO NGL SERVICES LLC,HVL,INTRASTATE,TEXAS,183.718,0.0,183.718,0.0,0.0,0.0,0.0,0.0,0.0,0.0,0.0,0.0,0.0,0.0,0.0,0.0,0.0,0.0,0.0,0.0,0.0,0.0,183.718,0.0,0.0,183.718
2/2/2026,2023.0,20240320.0,21131.0,32117.0,"ASCENSION PIPELINE COMPANY, LLC",Refined and/or Petroleum Product (non-HVL),INTRASTATE,LOUISIANA,32.48,0.0,32.48,0.0,0.0,0.0,0.0,0.0,0.0,0.0,0.0,0.0,0.0,0.0,0.0,0.0,0.0,0.0,0.0,0.0,0.0,0.0,32.48,0.0,0.0,32.48
2/2/2026,2023.0,20240009.0,20753.0,32120.0,NORTHVILLE INDUSTRIES CORP.,Refined and/or Petroleum Product (non-HVL),INTRASTATE,NEW YORK,36.69,0.0,36.69,0.0,0.0,0.0,0.0,0.0,0.0,0.0,0.0,0.0,0.0,0.0,0.0,0.0,0.0,0.0,0.0,0.0,0.0,0.0,36.69,0.0,0.0,36.69
2/2/2026,2023.0,20240605.0,21637.0,32147.0,MARATHON PIPE LINE LLC,Crude Oil,INTERSTATE,COLORADO,2.7,0.0,2.7,0.0,0.0,0.0,0.0,0.0,0.0,0.0,0.0,0.0,0.0,0.0,0.0,0.0,0.0,0.0,0.0,0.0,0.0,0.0,2.7,0.0,0.0,2.7
2/2/2026,2023.0,20240605.0,21637.0,32147.0,MARATHON PIPE LINE LLC,Crude Oil,INTERSTATE,ILLINOIS,474.1,0.0,474.1,4.3,0.7,0.0,0.0,5.0,0.0,0.0,0.0,0.0,0.0,0.0,0.0,0.0,0.0,0.0,0.0,0.0,0.0,0.0,479.1,0.0,0.0,479.1
2/2/2026,2023.0,20240605.0,21637.0,32147.0,MARATHON PIPE LINE LLC,Crude Oil,INTERSTATE,INDIANA,230.1,0.0,230.1,0.0,0.0,0.0,0.0,0.0,0.0,0.0,0.0,0.0,0.0,0.0,0.0,0.0,0.0,0.0,0.0,0.0,0.0,0.0,230.1,0.0,0.0,230.1
2/2/2026,2023.0,20240605.0,21637.0,32147.0,MARATHON PIPE LINE LLC,Crude Oil,INTERSTATE,KENTUCKY,318.5,0.0,318.5,0.5,0.2,0.0,0.0,0.7,0.0,0.0,0.0,0.0,0.0,0.0,0.0,0.0,0.0,0.0,0.0,0.0,0.0,0.0,319.2,0.0,0.0,319.2
2/2/2026,2023.0,20240605.0,21637.0,32147.0,MARATHON PIPE LINE LLC,Crude Oil,INTERSTATE,LOUISIANA,94.0,0.0,94.0,0.0,0.0,0.0,0.0,0.0,0.0,0.0,0.0,0.0,0.0,0.0,0.0,0.0,0.0,0.0,0.0,0.0,0.0,0.0,94.0,0.0,0.0,94.0
2/2/2026,2023.0,20240605.0,21637.0,32147.0,MARATHON PIPE LINE LLC,Crude Oil,INTERSTATE,MICHIGAN,61.4,0.0,61.4,0.0,0.0,0.0,0.0,0.0,0.0,0.0,0.0,0.0,0.0,0.0,0.0,0.0,0.0,0.0,0.0,0.0,0.0,0.0,61.4,0.0,0.0,61.4
2/2/2026,2023.0,20240605.0,21637.0,32147.0,MARATHON PIPE LINE LLC,Crude Oil,INTERSTATE,MISSISSIPPI,288.9,0.0,288.9,0.0,0.0,0.0,0.0,0.0,0.0,0.0,0.0,0.0,0.0,0.0,0.0,0.0,0.0,0.0,0.0,0.0,0.0,0.0,288.9,0.0,0.0,288.9
2/2/2026,2023.0,20240605.0,21637.0,32147.0,MARATHON PIPE LINE LLC,Crude Oil,INTERSTATE,MISSOURI,295.4,0.0,295.4,0.0,0.0,0.0,0.0,0.0,0.0,0.0,0.0,0.0,0.0,0.0,0.0,0.0,0.0,0.0,0.0,0.0,0.0,0.0,295.4,0.0,0.0,295.4
2/2/2026,2023.0,20240605.0,21637.0,32147.0,MARATHON PIPE LINE LLC,Crude Oil,INTERSTATE,OHIO,37.7,0.0,37.7,0.7,0.0,0.0,0.0,0.7,0.0,0.0,0.0,0.0,0.0,0.0,0.0,0.0,0.0,0.0,0.0,0.0,0.0,0.0,38.4,0.0,0.0,38.4
2/2/2026,2023.0,20240605.0,21637.0,32147.0,MARATHON PIPE LINE LLC,Crude Oil,INTERSTATE,OKLAHOMA,143.7,0.0,143.7,0.0,0.0,0.0,0.0,0.0,0.0,0.0,0.0,0.0,0.0,0.0,0.0,0.0,0.0,0.0,0.0,0.0,0.0,0.0,143.7,0.0,0.0,143.7
2/2/2026,2023.0,20240605.0,21637.0,32147.0,MARATHON PIPE LINE LLC,Crude Oil,INTERSTATE,TENNESSEE,110.3,0.0,110.3,0.0,0.0,0.0,0.0,0.0,0.0,0.0,0.0,0.0,0.0,0.0,0.0,0.0,0.0,0.0,0.0,0.0,0.0,0.0,110.3,0.0,0.0,110.3
2/2/2026,2023.0,20240605.0,21637.0,32147.0,MARATHON PIPE LINE LLC,Crude Oil,INTERSTATE,UTAH,1.1,0.0,1.1,0.0,0.0,0.0,0.0,0.0,0.0,0.0,0.0,0.0,0.0,0.0,0.0,0.0,0.0,0.0,0.0,0.0,0.0,0.0,1.1,0.0,0.0,1.1
2/2/2026,2023.0,20240605.0,21637.0,32147.0,MARATHON PIPE LINE LLC,Crude Oil,INTERSTATE,WEST VIRGINIA,0.0,0.0,0.0,0.0,0.4,0.0,0.0,0.4,0.0,0.0,0.0,0.0,0.0,0.0,0.0,0.0,0.0,0.0,0.0,0.0,0.0,0.0,0.4,0.0,0.0,0.4
2/2/2026,2023.0,20240605.0,21637.0,32147.0,MARATHON PIPE LINE LLC,Crude Oil,INTERSTATE,WYOMING,415.4,0.0,415.4,0.0,0.0,0.0,0.0,0.0,0.0,0.0,0.0,0.0,0.0,0.0,0.0,0.0,0.0,0.0,0.0,0.0,0.0,0.0,415.4,0.0,0.0,415.4
2/2/2026,2023.0,20240605.0,21637.0,32147.0,MARATHON PIPE LINE LLC,Crude Oil,INTRASTATE,CALIFORNIA,29.6,0.0,29.6,4.6,0.0,0.0,0.0,4.6,0.0,0.0,0.0,0.0,0.0,0.0,0.0,0.0,0.0,0.0,0.0,0.0,0.0,0.0,34.2,0.0,0.0,34.2
2/2/2026,2023.0,20240605.0,21637.0,32147.0,MARATHON PIPE LINE LLC,Crude Oil,INTRASTATE,ILLINOIS,6.5,0.0,6.5,0.0,0.0,0.0,0.0,0.0,0.0,0.0,0.0,0.0,0.0,0.0,0.0,0.0,0.0,0.0,0.0,0.0,0.0,0.0,6.5,0.0,0.0,6.5
2/2/2026,2023.0,20240605.0,21637.0,32147.0,MARATHON PIPE LINE LLC,Crude Oil,INTRASTATE,KENTUCKY,0.0,0.0,0.0,0.0,1.8,0.0,0.0,1.8,0.0,0.0,0.0,0.0,0.0,0.0,0.0,0.0,0.0,0.0,0.0,0.0,0.0,0.0,1.8,0.0,0.0,1.8
2/2/2026,2023.0,20240605.0,21637.0,32147.0,MARATHON PIPE LINE LLC,Crude Oil,INTRASTATE,MINNESOTA,2.3,0.0,2.3,4.7,0.0,0.0,0.0,4.7,0.0,0.0,0.0,0.0,0.0,0.0,0.0,0.0,0.0,0.0,0.0,0.0,0.0,0.0,7.0,0.0,0.0,7.0
2/2/2026,2023.0,20240605.0,21637.0,32147.0,MARATHON PIPE LINE LLC,Crude Oil,INTRASTATE,OHIO,152.1,0.0,152.1,1.0,0.0,0.0,0.0,1.0,0.0,0.0,0.0,0.0,0.0,0.0,0.0,0.0,0.0,0.0,0.0,0.0,0.0,0.0,153.1,0.0,0.0,153.1
2/2/2026,2023.0,20240605.0,21637.0,32147.0,MARATHON PIPE LINE LLC,Crude Oil,INTRASTATE,TEXAS,1.3,0.0,1.3,0.0,0.0,0.0,0.0,0.0,0.0,0.0,0.0,0.0,0.0,0.0,0.0,0.0,0.0,0.0,0.0,0.0,0.0,0.0,1.3,0.0,0.0,1.3
2/2/2026,2023.0,20240605.0,21637.0,32147.0,MARATHON PIPE LINE LLC,Crude Oil,INTRASTATE,UTAH,5.2,0.0,5.2,0.0,0.0,0.0,0.0,0.0,0.0,0.0,0.0,0.0,0.0,0.0,0.0,0.0,0.0,0.0,0.0,0.0,0.0,0.0,5.2,0.0,0.0,5.2
2/2/2026,2023.0,20240606.0,21424.0,32147.0,MARATHON PIPE LINE LLC,HVL,INTERSTATE,ILLINOIS,30.6,0.0,30.6,0.0,0.0,0.0,0.0,0.0,0.0,0.0,0.0,0.0,0.0,0.0,0.0,0.0,0.0,0.0,0.0,0.0,0.0,0.0,30.6,0.0,0.0,30.6
2/2/2026,2023.0,20240606.0,21424.0,32147.0,MARATHON PIPE LINE LLC,HVL,INTERSTATE,INDIANA,28.2,0.0,28.2,0.0,0.0,0.0,0.0,0.0,0.0,0.0,0.0,0.0,0.0,0.0,0.0,0.0,0.0,0.0,0.0,0.0,0.0,0.0,28.2,0.0,0.0,28.2
2/2/2026,2023.0,20240606.0,21424.0,32147.0,MARATHON PIPE LINE LLC,HVL,INTERSTATE,KENTUCKY,0.0,0.0,0.0,0.16,0.0,0.0,0.0,0.16,0.0,0.0,0.0,0.0,0.0,0.0,0.0,0.0,0.0,0.0,0.0,0.0,0.0,0.0,0.16,0.0,0.0,0.16
2/2/2026,2023.0,20240606.0,21424.0,32147.0,MARATHON PIPE LINE LLC,HVL,INTERSTATE,NEW MEXICO,115.3,0.0,115.3,0.0,0.0,0.0,0.0,0.0,0.0,0.0,0.0,0.0,0.0,0.0,0.0,0.0,0.0,0.0,0.0,0.0,0.0,0.0,115.3,0.0,0.0,115.3
2/2/2026,2023.0,20240606.0,21424.0,32147.0,MARATHON PIPE LINE LLC,HVL,INTERSTATE,TEXAS,41.3,0.0,41.3,0.0,0.0,0.0,0.0,0.0,0.0,0.0,0.0,0.0,0.0,0.0,0.0,0.0,0.0,0.0,0.0,0.0,0.0,0.0,41.3,0.0,0.0,41.3
2/2/2026,2023.0,20240606.0,21424.0,32147.0,MARATHON PIPE LINE LLC,HVL,INTERSTATE,WEST VIRGINIA,0.0,0.0,0.0,3.1,0.0,0.0,0.0,3.1,0.0,0.0,0.0,0.0,0.0,0.0,0.0,0.0,0.0,0.0,0.0,0.0,0.0,0.0,3.1,0.0,0.0,3.1
2/2/2026,2023.0,20240606.0,21424.0,32147.0,MARATHON PIPE LINE LLC,HVL,INTRASTATE,CALIFORNIA,2.3,0.0,2.3,0.0,0.0,0.0,0.0,0.0,0.0,0.0,0.0,0.0,0.0,0.0,0.0,0.0,0.0,0.0,0.0,0.0,0.0,0.0,2.3,0.0,0.0,2.3
2/2/2026,2023.0,20240606.0,21424.0,32147.0,MARATHON PIPE LINE LLC,HVL,INTRASTATE,MICHIGAN,26.2,0.0,26.2,0.0,0.0,0.0,0.0,0.0,0.0,0.0,0.0,0.0,0.0,0.0,0.0,0.0,0.0,0.0,0.0,0.0,0.0,0.0,26.2,0.0,0.0,26.2
2/2/2026,2023.0,20240606.0,21424.0,32147.0,MARATHON PIPE LINE LLC,HVL,INTRASTATE,TEXAS,212.9,0.0,212.9,0.1,0.0,0.0,0.0,0.1,0.0,0.0,0.0,0.0,0.0,0.0,0.0,0.0,0.0,0.0,0.0,0.0,0.0,0.0,213.0,0.0,0.0,213.0
2/2/2026,2023.0,20240608.0,21426.0,32147.0,MARATHON PIPE LINE LLC,Refined and/or Petroleum Product (non-HVL),INTERSTATE,ARKANSAS,19.7,0.0,19.7,0.0,0.0,0.0,0.0,0.0,0.0,0.0,0.0,0.0,0.0,0.0,0.0,0.0,0.0,0.0,0.0,0.0,0.0,0.0,19.7,0.0,0.0,19.7
2/2/2026,2023.0,20240608.0,21426.0,32147.0,MARATHON PIPE LINE LLC,Refined and/or Petroleum Product (non-HVL),INTERSTATE,IDAHO,554.2,0.0,554.2,0.0,0.0,0.0,0.0,0.0,0.0,0.0,0.0,0.0,0.0,0.0,0.0,0.0,0.0,0.0,0.0,0.0,0.0,0.0,554.2,0.0,0.0,554.2
2/2/2026,2023.0,20240608.0,21426.0,32147.0,MARATHON PIPE LINE LLC,Refined and/or Petroleum Product (non-HVL),INTERSTATE,ILLINOIS,931.1,0.0,931.1,8.4,0.0,0.0,0.0,8.4,0.0,0.0,0.0,0.0,0.0,0.0,0.0,0.0,0.0,0.0,0.0,0.0,0.0,0.0,939.5,0.0,0.0,939.5
2/2/2026,2023.0,20240608.0,21426.0,32147.0,MARATHON PIPE LINE LLC,Refined and/or Petroleum Product (non-HVL),INTERSTATE,INDIANA,718.8,0.0,718.8,6.9,0.0,0.0,0.0,6.9,0.0,0.0,0.0,0.0,0.0,0.0,0.0,0.0,0.0,0.0,0.0,0.0,0.0,0.0,725.7,0.0,0.0,725.7
2/2/2026,2023.0,20240608.0,21426.0,32147.0,MARATHON PIPE LINE LLC,Refined and/or Petroleum Product (non-HVL),INTERSTATE,KENTUCKY,65.6,0.0,65.6,11.9,0.0,0.0,0.0,11.9,0.0,0.0,0.0,0.0,0.0,0.0,0.0,0.0,0.0,0.0,0.0,0.0,0.0,0.0,77.5,0.0,0.0,77.5
2/2/2026,2023.0,20240608.0,21426.0,32147.0,MARATHON PIPE LINE LLC,Refined and/or Petroleum Product (non-HVL),INTERSTATE,LOUISIANA,305.4,0.0,305.4,1.2,3.2,0.0,0.0,4.4,0.0,0.0,0.0,0.0,0.0,0.0,0.0,0.0,0.0,0.0,0.0,0.0,0.0,0.0,309.8,0.0,0.0,309.8
2/2/2026,2023.0,20240608.0,21426.0,32147.0,MARATHON PIPE LINE LLC,Refined and/or Petroleum Product (non-HVL),INTERSTATE,MICHIGAN,121.1,0.0,121.1,0.0,0.0,0.0,0.0,0.0,0.0,0.0,0.0,0.0,0.0,0.0,0.0,0.0,0.0,0.0,0.0,0.0,0.0,0.0,121.1,0.0,0.0,121.1
2/2/2026,2023.0,20240608.0,21426.0,32147.0,MARATHON PIPE LINE LLC,Refined and/or Petroleum Product (non-HVL),INTERSTATE,MISSISSIPPI,151.8,0.0,151.8,0.0,0.0,0.0,0.0,0.0,0.0,0.0,0.0,0.0,0.0,0.0,0.0,0.0,0.0,0.0,0.0,0.0,0.0,0.0,151.8,0.0,0.0,151.8
2/2/2026,2023.0,20240608.0,21426.0,32147.0,MARATHON PIPE LINE LLC,Refined and/or Petroleum Product (non-HVL),INTERSTATE,OHIO,692.0,0.0,692.0,1.6,0.0,0.0,0.0,1.6,0.0,0.0,0.0,0.0,0.0,0.0,0.0,0.0,0.0,0.0,0.0,0.0,0.0,0.0,693.6,0.0,0.0,693.6
2/2/2026,2023.0,20240608.0,21426.0,32147.0,MARATHON PIPE LINE LLC,Refined and/or Petroleum Product (non-HVL),INTERSTATE,OREGON,250.1,0.0,250.1,0.0,0.0,0.0,0.0,0.0,0.0,0.0,0.0,0.0,0.0,0.0,0.0,0.0,0.0,0.0,0.0,0.0,0.0,0.0,250.1,0.0,0.0,250.1
2/2/2026,2023.0,20240608.0,21426.0,32147.0,MARATHON PIPE LINE LLC,Refined and/or Petroleum Product (non-HVL),INTERSTATE,PENNSYLVANIA,12.7,0.0,12.7,0.0,0.0,0.0,0.0,0.0,0.0,0.0,0.0,0.0,0.0,0.0,0.0,0.0,0.0,0.0,0.0,0.0,0.0,0.0,12.7,0.0,0.0,12.7
2/2/2026,2023.0,20240608.0,21426.0,32147.0,MARATHON PIPE LINE LLC,Refined and/or Petroleum Product (non-HVL),INTERSTATE,TENNESSEE,110.6,0.0,110.6,2.3,0.0,0.0,0.0,2.3,0.0,0.0,0.0,0.0,0.0,0.0,0.0,0.0,0.0,0.0,0.0,0.0,0.0,0.0,112.9,0.0,0.0,112.9
2/2/2026,2023.0,20240608.0,21426.0,32147.0,MARATHON PIPE LINE LLC,Refined and/or Petroleum Product (non-HVL),INTERSTATE,TEXAS,78.2,0.0,78.2,7.3,0.0,0.0,0.0,7.3,0.0,0.0,0.0,0.0,0.0,0.0,0.0,0.0,0.0,0.0,0.0,0.0,0.0,0.0,85.5,0.0,0.0,85.5
2/2/2026,2023.0,20240608.0,21426.0,32147.0,MARATHON PIPE LINE LLC,Refined and/or Petroleum Product (non-HVL),INTERSTATE,UTAH,222.3,0.0,222.3,0.0,0.0,0.0,0.0,0.0,0.0,0.0,0.0,0.0,0.0,0.0,0.0,0.0,0.0,0.0,0.0,0.0,0.0,0.0,222.3,0.0,0.0,222.3
2/2/2026,2023.0,20240608.0,21426.0,32147.0,MARATHON PIPE LINE LLC,Refined and/or Petroleum Product (non-HVL),INTERSTATE,WASHINGTON,177.2,0.0,177.2,0.0,0.0,0.0,0.0,0.0,0.0,0.0,0.0,0.0,0.0,0.0,0.0,0.0,0.0,0.0,0.0,0.0,0.0,0.0,177.2,0.0,0.0,177.2
2/2/2026,2023.0,20240608.0,21426.0,32147.0,MARATHON PIPE LINE LLC,Refined and/or Petroleum Product (non-HVL),INTERSTATE,WEST VIRGINIA,3.3,0.0,3.3,7.7,0.0,0.0,0.0,7.7,0.0,0.0,0.0,0.0,0.0,0.0,0.0,0.0,0.0,0.0,0.0,0.0,0.0,0.0,11.0,0.0,0.0,11.0
2/2/2026,2023.0,20240608.0,21426.0,32147.0,MARATHON PIPE LINE LLC,Refined and/or Petroleum Product (non-HVL),INTRASTATE,ALASKA,69.3,0.0,69.3,4.1,0.0,0.0,0.0,4.1,0.0,0.0,0.0,0.0,0.0,0.0,0.0,0.0,0.0,0.0,0.0,0.0,0.0,0.0,73.4,0.0,0.0,73.4
2/2/2026,2023.0,20240608.0,21426.0,32147.0,MARATHON PIPE LINE LLC,Refined and/or Petroleum Product (non-HVL),INTRASTATE,CALIFORNIA,80.7,0.0,80.7,2.0,0.0,0.0,0.0,2.0,0.0,0.0,0.0,0.0,0.0,0.0,0.0,0.0,0.0,0.0,0.0,0.0,0.0,0.0,82.7,0.0,0.0,82.7
2/2/2026,2023.0,20240608.0,21426.0,32147.0,MARATHON PIPE LINE LLC,Refined and/or Petroleum Product (non-HVL),INTRASTATE,KENTUCKY,86.7,0.0,86.7,0.0,0.0,0.0,0.0,0.0,0.0,0.0,0.0,0.0,0.0,0.0,0.0,0.0,0.0,0.0,0.0,0.0,0.0,0.0,86.7,0.0,0.0,86.7
2/2/2026,2023.0,20240608.0,21426.0,32147.0,MARATHON PIPE LINE LLC,Refined and/or Petroleum Product (non-HVL),INTRASTATE,MINNESOTA,6.3,0.0,6.3,0.0,0.0,0.0,0.0,0.0,0.0,0.0,0.0,0.0,0.0,0.0,0.0,0.0,0.0,0.0,0.0,0.0,0.0,0.0,6.3,0.0,0.0,6.3
2/2/2026,2023.0,20240608.0,21426.0,32147.0,MARATHON PIPE LINE LLC,Refined and/or Petroleum Product (non-HVL),INTRASTATE,OHIO,54.1,0.0,54.1,0.1,2.9,0.0,0.0,3.0,0.0,0.0,0.0,0.0,0.0,0.0,0.0,0.0,0.0,0.0,0.0,0.0,0.0,0.0,57.1,0.0,0.0,57.1
2/2/2026,2023.0,20240608.0,21426.0,32147.0,MARATHON PIPE LINE LLC,Refined and/or Petroleum Product (non-HVL),INTRASTATE,TEXAS,3.9,0.0,3.9,0.0,0.0,0.0,0.0,0.0,0.0,0.0,0.0,0.0,0.0,0.0,0.0,0.0,0.0,0.0,0.0,0.0,0.0,0.0,3.9,0.0,0.0,3.9
2/2/2026,2023.0,20240608.0,21426.0,32147.0,MARATHON PIPE LINE LLC,Refined and/or Petroleum Product (non-HVL),INTRASTATE,UTAH,9.0,0.0,9.0,0.0,0.0,0.0,0.0,0.0,0.0,0.0,0.0,0.0,0.0,0.0,0.0,0.0,0.0,0.0,0.0,0.0,0.0,0.0,9.0,0.0,0.0,9.0
2/2/2026,2023.0,20240278.0,21089.0,32174.0,MCCAIN PIPELINE COMPANY,Refined and/or Petroleum Product (non-HVL),INTRASTATE,MISSISSIPPI,0.0,0.0,0.0,0.0,5.1,0.0,0.0,5.1,0.0,0.0,0.0,0.0,0.0,0.0,0.0,0.0,0.0,0.0,0.0,0.0,0.0,0.0,5.1,0.0,0.0,5.1
2/2/2026,2023.0,20240095.0,20858.0,32215.0,NOVA CHEMICALS CORPORATION,HVL,INTRASTATE,MICHIGAN,3.23,0.0,3.23,7.92,0.0,0.0,0.0,7.92,0.0,0.0,0.0,0.0,0.0,0.0,0.0,0.0,0.0,0.0,0.0,0.0,0.0,0.0,11.15,0.0,0.0,11.15
2/2/2026,2023.0,20240228.0,21635.0,32223.0,VALERO REFINING COMPANY-CALIFORNIA,Crude Oil,INTRASTATE,CALIFORNIA,5.203,0.0,5.203,0.0,0.0,0.0,0.0,0.0,0.0,0.0,0.0,0.0,0.0,0.0,0.0,0.0,0.0,0.0,0.0,0.0,0.0,0.0,5.203,0.0,0.0,5.203
2/2/2026,2023.0,20240229.0,21636.0,32223.0,VALERO REFINING COMPANY-CALIFORNIA,Refined and/or Petroleum Product (non-HVL),INTRASTATE,CALIFORNIA,1.573,0.0,1.573,1.819,0.0,0.0,0.0,1.819,0.0,0.0,0.0,0.0,0.0,0.0,0.0,0.0,0.0,0.0,0.0,0.0,0.0,0.0,3.392,0.0,0.0,3.392
2/2/2026,2023.0,20240573.0,21390.0,32224.0,BETA OFFSHORE,Crude Oil,INTERSTATE,CALIFORNIA,2.6,8.85,11.45,0.0,0.0,0.0,0.0,0.0,0.0,0.0,0.0,0.0,0.0,0.0,0.0,0.0,0.0,0.0,0.0,0.0,0.0,0.0,2.6,8.85,0.0,11.45
2/2/2026,2023.0,20240573.0,21390.0,32224.0,BETA OFFSHORE,Crude Oil,INTERSTATE,OCS-Pacific,0.0,6.34,6.34,0.0,0.0,0.0,0.0,0.0,0.0,0.0,0.0,0.0,0.0,0.0,0.0,0.0,0.0,0.0,0.0,0.0,0.0,0.0,0.0,6.34,0.0,6.34
2/2/2026,2023.0,20240044.0,20795.0,32233.0,"BESCO OPERATING, L.P.",Crude Oil,INTRASTATE,TEXAS,0.0,0.0,0.0,0.68,0.0,6.02,0.0,6.7,0.0,0.0,0.0,0.0,0.0,0.0,0.0,0.0,0.0,0.0,0.0,0.0,0.0,0.0,0.68,6.02,0.0,6.7
2/2/2026,2023.0,20240450.0,21267.0,32248.0,"FRONTIER FIELD SERVICES, LLC",HVL,INTRASTATE,NEW MEXICO,7.52,0.0,7.52,0.0,0.0,0.0,0.0,0.0,0.0,0.0,0.0,0.0,0.0,0.0,0.0,0.0,0.0,0.0,0.0,0.0,0.0,0.0,7.52,0.0,0.0,7.52
2/2/2026,2023.0,20240328.0,21139.0,32251.0,"RIBOST TERMINAL LLC, DBA WORLD OIL TERMINALS",Crude Oil,INTRASTATE,CALIFORNIA,0.0,0.0,0.0,0.22,0.0,0.0,0.0,0.22,0.0,0.0,0.0,0.0,0.0,0.0,0.0,0.0,0.0,0.0,0.0,0.0,0.0,0.0,0.22,0.0,0.0,0.22
2/2/2026,2023.0,20240200.0,21001.0,32258.0,PEMBINA COCHIN LLC,Crude Oil,INTERSTATE,ILLINOIS,166.18,0.0,166.18,0.0,0.0,0.0,0.0,0.0,0.0,0.0,0.0,0.0,0.0,0.0,0.0,0.0,0.0,0.0,0.0,0.0,0.0,0.0,166.18,0.0,0.0,166.18
2/2/2026,2023.0,20240200.0,21001.0,32258.0,PEMBINA COCHIN LLC,Crude Oil,INTERSTATE,INDIANA,153.49,0.0,153.49,0.0,0.0,0.0,0.0,0.0,0.0,0.0,0.0,0.0,0.0,0.0,0.0,0.0,0.0,0.0,0.0,0.0,0.0,0.0,153.49,0.0,0.0,153.49
2/2/2026,2023.0,20240200.0,21001.0,32258.0,PEMBINA COCHIN LLC,Crude Oil,INTERSTATE,IOWA,229.67,0.0,229.67,0.0,0.0,0.0,0.0,0.0,0.0,0.0,0.0,0.0,0.0,0.0,0.0,0.0,0.0,0.0,0.0,0.0,0.0,0.0,229.67,0.0,0.0,229.67
2/2/2026,2023.0,20240200.0,21001.0,32258.0,PEMBINA COCHIN LLC,Crude Oil,INTERSTATE,MICHIGAN,12.27,0.0,12.27,0.0,0.0,0.0,0.0,0.0,0.0,0.0,0.0,0.0,0.0,0.0,0.0,0.0,0.0,0.0,0.0,0.0,0.0,0.0,12.27,0.0,0.0,12.27
2/2/2026,2023.0,20240200.0,21001.0,32258.0,PEMBINA COCHIN LLC,Crude Oil,INTERSTATE,MINNESOTA,254.16,0.0,254.16,0.0,0.0,0.0,0.0,0.0,0.0,0.0,0.0,0.0,0.0,0.0,0.0,0.0,0.0,0.0,0.0,0.0,0.0,0.0,254.16,0.0,0.0,254.16
2/2/2026,2023.0,20240200.0,21001.0,32258.0,PEMBINA COCHIN LLC,Crude Oil,INTERSTATE,NORTH DAKOTA,325.98,0.0,325.98,0.0,0.0,0.0,0.0,0.0,0.0,0.0,0.0,0.0,0.0,0.0,0.0,0.0,0.0,0.0,0.0,0.0,0.0,0.0,325.98,0.0,0.0,325.98
2/2/2026,2023.0,20240200.0,21001.0,32258.0,PEMBINA COCHIN LLC,Crude Oil,INTERSTATE,OHIO,48.64,0.0,48.64,0.0,0.0,0.0,0.0,0.0,0.0,0.0,0.0,0.0,0.0,0.0,0.0,0.0,0.0,0.0,0.0,0.0,0.0,0.0,48.64,0.0,0.0,48.64
2/2/2026,2023.0,20240142.0,20937.0,32277.0,OQ CHEMICALS,HVL,INTRASTATE,TEXAS,51.0,0.0,51.0,0.0,0.0,0.0,0.0,0.0,0.0,0.0,0.0,0.0,0.0,0.0,0.0,0.0,0.0,0.0,0.0,0.0,0.0,0.0,51.0,0.0,0.0,51.0
2/2/2026,2023.0,20240175.0,20971.0,32283.0,"FRONT RANGE PIPELINE, LLC.",Crude Oil,INTRASTATE,MONTANA,429.98,0.0,429.98,0.0,0.0,0.0,0.0,0.0,0.0,0.0,0.0,0.0,0.0,0.0,0.0,0.0,0.0,0.0,0.0,0.0,0.0,0.0,429.98,0.0,0.0,429.98
2/2/2026,2023.0,20240610.0,21428.0,32284.0,PENNZOIL-QUAKER STATE D/B/A SOPUS PRODUCTS,Refined and/or Petroleum Product (non-HVL),INTRASTATE,CALIFORNIA,0.0,0.0,0.0,13.16,0.0,0.0,0.0,13.16,0.0,0.0,0.0,0.0,0.0,0.0,0.0,0.0,0.0,0.0,0.0,0.0,0.0,0.0,13.16,0.0,0.0,13.16
2/2/2026,2023.0,20240465.0,21282.0,32285.0,"WORSHAM-STEED GAS STORAGE, LLC",HVL,INTRASTATE,TEXAS,6.77,0.0,6.77,0.0,0.0,0.0,0.0,0.0,0.0,0.0,0.0,0.0,0.0,0.0,0.0,0.0,0.0,0.0,0.0,0.0,0.0,0.0,6.77,0.0,0.0,6.77
2/2/2026,2023.0,20240291.0,21102.0,32288.0,"WHITE CLIFFS PIPELINE, LLC",Crude Oil,INTERSTATE,COLORADO,155.32,0.0,155.32,0.0,0.0,0.0,0.0,0.0,0.0,0.0,0.0,0.0,0.0,0.0,0.0,0.0,0.0,0.0,0.0,0.0,0.0,0.0,155.32,0.0,0.0,155.32
2/2/2026,2023.0,20240291.0,21102.0,32288.0,"WHITE CLIFFS PIPELINE, LLC",Crude Oil,INTERSTATE,KANSAS,283.21,0.0,283.21,0.0,0.0,0.0,0.0,0.0,0.0,0.0,0.0,0.0,0.0,0.0,0.0,0.0,0.0,0.0,0.0,0.0,0.0,0.0,283.21,0.0,0.0,283.21
2/2/2026,2023.0,20240291.0,21102.0,32288.0,"WHITE CLIFFS PIPELINE, LLC",Crude Oil,INTERSTATE,OKLAHOMA,88.49,0.0,88.49,0.0,0.0,0.0,0.0,0.0,0.0,0.0,0.0,0.0,0.0,0.0,0.0,0.0,0.0,0.0,0.0,0.0,0.0,0.0,88.49,0.0,0.0,88.49
2/2/2026,2023.0,20240292.0,21103.0,32288.0,"WHITE CLIFFS PIPELINE, LLC",HVL,INTERSTATE,COLORADO,155.15,0.0,155.15,0.0,0.0,0.0,0.0,0.0,0.0,0.0,0.0,0.0,0.0,0.0,0.0,0.0,0.0,0.0,0.0,0.0,0.0,0.0,155.15,0.0,0.0,155.15
2/2/2026,2023.0,20240292.0,21103.0,32288.0,"WHITE CLIFFS PIPELINE, LLC",HVL,INTERSTATE,KANSAS,282.96,0.0,282.96,0.0,0.0,0.0,0.0,0.0,0.0,0.0,0.0,0.0,0.0,0.0,0.0,0.0,0.0,0.0,0.0,0.0,0.0,0.0,282.96,0.0,0.0,282.96
2/2/2026,2023.0,20240292.0,21103.0,32288.0,"WHITE CLIFFS PIPELINE, LLC",HVL,INTERSTATE,OKLAHOMA,101.2,0.0,101.2,0.0,0.0,0.0,0.0,0.0,0.0,0.0,0.0,0.0,0.0,0.0,0.0,0.0,0.0,0.0,0.0,0.0,0.0,0.0,101.2,0.0,0.0,101.2
2/2/2026,2023.0,20240221.0,21028.0,32293.0,"COPANO FIELD SERVICES/NORTH TEXAS, LLC",HVL,INTRASTATE,TEXAS,4.77,0.0,4.77,0.0,0.0,0.0,0.0,0.0,0.0,0.0,0.0,0.0,0.0,0.0,0.0,0.0,0.0,0.0,0.0,0.0,0.0,0.0,4.77,0.0,0.0,4.77
2/2/2026,2023.0,20240589.0,21406.0,32296.0,TARGA RESOURCES OPERATING LLC,Crude Oil,INTRASTATE,NORTH DAKOTA,93.66,0.0,93.66,4.43,0.0,0.0,0.0,4.43,0.0,0.0,0.0,0.0,0.0,0.0,0.0,0.0,0.0,0.0,0.0,0.0,0.0,0.0,98.09,0.0,0.0,98.09
2/2/2026,2023.0,20240591.0,21408.0,32296.0,TARGA RESOURCES OPERATING LLC,HVL,INTERSTATE,LOUISIANA,25.89,0.0,25.89,0.0,0.0,0.0,0.0,0.0,0.0,0.0,0.0,0.0,0.0,0.0,0.0,0.0,0.0,0.0,0.0,0.0,0.0,0.0,25.89,0.0,0.0,25.89
2/2/2026,2023.0,20240591.0,21408.0,32296.0,TARGA RESOURCES OPERATING LLC,HVL,INTERSTATE,TEXAS,2.26,0.0,2.26,0.0,0.0,0.0,0.0,0.0,0.0,0.0,0.0,0.0,0.0,0.0,0.0,0.0,0.0,0.0,0.0,0.0,0.0,0.0,2.26,0.0,0.0,2.26
2/2/2026,2023.0,20240591.0,21408.0,32296.0,TARGA RESOURCES OPERATING LLC,HVL,INTRASTATE,LOUISIANA,405.97,0.0,405.97,16.583,11.351,0.0,0.0,27.934,0.0,0.0,0.0,0.0,0.0,0.0,0.0,0.0,0.0,0.0,0.0,0.0,0.0,0.0,433.904,0.0,0.0,433.904
2/2/2026,2023.0,20240591.0,21408.0,32296.0,TARGA RESOURCES OPERATING LLC,HVL,INTRASTATE,MISSISSIPPI,1.63,0.0,1.63,0.0,0.0,0.0,0.0,0.0,0.0,0.0,0.0,0.0,0.0,0.0,0.0,0.0,0.0,0.0,0.0,0.0,0.0,0.0,1.63,0.0,0.0,1.63
2/2/2026,2023.0,20240591.0,21408.0,32296.0,TARGA RESOURCES OPERATING LLC,HVL,INTRASTATE,TEXAS,7.32,0.0,7.32,0.0,0.0,0.0,0.0,0.0,0.0,0.0,0.0,0.0,0.0,0.0,0.0,0.0,0.0,0.0,0.0,0.0,0.0,0.0,7.32,0.0,0.0,7.32
2/2/2026,2023.0,20240219.0,21164.0,32296.0,TARGA RESOURCES OPERATING LLC,Refined and/or Petroleum Product (non-HVL),INTRASTATE,LOUISIANA,0.0,0.0,0.0,0.0,1.86,0.0,0.0,1.86,0.0,0.0,0.0,0.0,0.0,0.0,0.0,0.0,0.0,0.0,0.0,0.0,0.0,0.0,1.86,0.0,0.0,1.86
2/2/2026,2023.0,20240219.0,21164.0,32296.0,TARGA RESOURCES OPERATING LLC,Refined and/or Petroleum Product (non-HVL),INTRASTATE,TEXAS,0.68,0.0,0.68,0.0,0.0,0.0,0.0,0.0,0.0,0.0,0.0,0.0,0.0,0.0,0.0,0.0,0.0,0.0,0.0,0.0,0.0,0.0,0.68,0.0,0.0,0.68
2/2/2026,2023.0,20240012.0,20758.0,32312.0,"REPSOL OIL & GAS USA, LLC",Crude Oil,INTRASTATE,TEXAS,61.444,0.0,61.444,0.0,0.0,0.0,0.0,0.0,0.0,0.0,0.0,0.0,0.0,0.0,0.0,0.0,0.0,0.0,0.0,0.0,0.0,0.0,61.444,0.0,0.0,61.444
2/2/2026,2023.0,20240337.0,21148.0,32327.0,TEXAS PIPELINE LLC,HVL,INTRASTATE,TEXAS,54.65,0.0,54.65,0.0,0.0,0.0,0.0,0.0,0.0,0.0,0.0,0.0,0.0,0.0,0.0,0.0,0.0,0.0,0.0,0.0,0.0,0.0,54.65,0.0,0.0,54.65
2/2/2026,2023.0,20240061.0,20812.0,32331.0,"PASADENA REFINING SYSTEM, INC.",Crude Oil,INTRASTATE,TEXAS,0.48,0.0,0.48,1.96,0.0,0.0,0.0,1.96,0.0,0.0,0.0,0.0,0.0,0.0,0.0,0.0,0.0,0.0,0.0,0.0,0.0,0.0,2.44,0.0,0.0,2.44
2/2/2026,2023.0,20240067.0,20818.0,32331.0,"PASADENA REFINING SYSTEM, INC.",HVL,INTRASTATE,TEXAS,5.23,0.0,5.23,0.0,0.0,0.0,0.0,0.0,0.0,0.0,0.0,0.0,0.0,0.0,0.0,0.0,0.0,0.0,0.0,0.0,0.0,0.0,5.23,0.0,0.0,5.23
2/2/2026,2023.0,20240062.0,20813.0,32331.0,"PASADENA REFINING SYSTEM, INC.",Refined and/or Petroleum Product (non-HVL),INTRASTATE,TEXAS,5.23,0.0,5.23,2.781,0.0,0.0,0.0,2.781,0.0,0.0,0.0,0.0,0.0,0.0,0.0,0.0,0.0,0.0,0.0,0.0,0.0,0.0,8.011,0.0,0.0,8.011
2/2/2026,2023.0,20240530.0,21549.0,32334.0,SOUTH BOW INFRASTRUCTURE OPERATIONS INC.,Crude Oil,INTERSTATE,ILLINOIS,58.3,0.0,58.3,0.0,0.0,0.0,0.0,0.0,0.0,0.0,0.0,0.0,0.0,0.0,0.0,0.0,0.0,0.0,0.0,0.0,0.0,0.0,58.3,0.0,0.0,58.3
2/2/2026,2023.0,20240530.0,21549.0,32334.0,SOUTH BOW INFRASTRUCTURE OPERATIONS INC.,Crude Oil,INTERSTATE,KANSAS,310.4,0.0,310.4,0.0,0.0,0.0,0.0,0.0,0.0,0.0,0.0,0.0,0.0,0.0,0.0,0.0,0.0,0.0,0.0,0.0,0.0,0.0,310.4,0.0,0.0,310.4
2/2/2026,2023.0,20240530.0,21549.0,32334.0,SOUTH BOW INFRASTRUCTURE OPERATIONS INC.,Crude Oil,INTERSTATE,MISSOURI,275.8,0.0,275.8,0.0,0.0,0.0,0.0,0.0,0.0,0.0,0.0,0.0,0.0,0.0,0.0,0.0,0.0,0.0,0.0,0.0,0.0,0.0,275.8,0.0,0.0,275.8
2/2/2026,2023.0,20240530.0,21549.0,32334.0,SOUTH BOW INFRASTRUCTURE OPERATIONS INC.,Crude Oil,INTERSTATE,NEBRASKA,217.4,0.0,217.4,0.0,0.0,0.0,0.0,0.0,0.0,0.0,0.0,0.0,0.0,0.0,0.0,0.0,0.0,0.0,0.0,0.0,0.0,0.0,217.4,0.0,0.0,217.4
2/2/2026,2023.0,20240530.0,21549.0,32334.0,SOUTH BOW INFRASTRUCTURE OPERATIONS INC.,Crude Oil,INTERSTATE,NORTH DAKOTA,218.1,0.0,218.1,0.0,0.0,0.0,0.0,0.0,0.0,0.0,0.0,0.0,0.0,0.0,0.0,0.0,0.0,0.0,0.0,0.0,0.0,0.0,218.1,0.0,0.0,218.1
2/2/2026,2023.0,20240530.0,21549.0,32334.0,SOUTH BOW INFRASTRUCTURE OPERATIONS INC.,Crude Oil,INTERSTATE,OKLAHOMA,240.2,0.0,240.2,0.0,1.53,0.0,0.0,1.53,0.0,0.0,0.0,0.0,0.0,0.0,0.0,0.0,0.0,0.0,0.0,0.0,0.0,0.0,241.73,0.0,0.0,241.73
2/2/2026,2023.0,20240530.0,21549.0,32334.0,SOUTH BOW INFRASTRUCTURE OPERATIONS INC.,Crude Oil,INTERSTATE,SOUTH DAKOTA,220.3,0.0,220.3,0.0,0.0,0.0,0.0,0.0,0.0,0.0,0.0,0.0,0.0,0.0,0.0,0.0,0.0,0.0,0.0,0.0,0.0,0.0,220.3,0.0,0.0,220.3
2/2/2026,2023.0,20240530.0,21549.0,32334.0,SOUTH BOW INFRASTRUCTURE OPERATIONS INC.,Crude Oil,INTERSTATE,TEXAS,387.78,0.0,387.78,0.0,0.0,0.0,0.0,0.0,0.0,0.0,0.0,0.0,0.0,0.0,0.0,0.0,0.0,0.0,0.0,0.0,0.0,0.0,387.78,0.0,0.0,387.78
2/2/2026,2023.0,20240374.0,21188.0,32346.0,"TOTAL PETROCHEMICALS PIPELINE USA , INC.",Crude Oil,INTRASTATE,TEXAS,13.6,0.0,13.6,0.0,0.0,0.0,0.0,0.0,0.0,0.0,0.0,0.0,0.0,0.0,0.0,0.0,0.0,0.0,0.0,0.0,0.0,0.0,13.6,0.0,0.0,13.6
2/2/2026,2023.0,20240372.0,22537.0,32346.0,"TOTAL PETROCHEMICALS PIPELINE USA , INC.",HVL,INTRASTATE,TEXAS,11.0,0.0,11.0,0.0,0.0,0.0,0.0,0.0,0.0,0.0,0.0,0.0,0.0,0.0,0.0,0.0,0.0,0.0,0.0,0.0,0.0,0.0,11.0,0.0,0.0,11.0
2/2/2026,2023.0,20240373.0,22539.0,32346.0,"TOTAL PETROCHEMICALS PIPELINE USA , INC.",Refined and/or Petroleum Product (non-HVL),INTRASTATE,TEXAS,14.72,0.0,14.72,0.0,0.0,0.0,0.0,0.0,0.0,0.0,0.0,0.0,0.0,0.0,0.0,0.0,0.0,0.0,0.0,0.0,0.0,0.0,14.72,0.0,0.0,14.72
2/2/2026,2023.0,20240049.0,20800.0,32364.0,"VALERO REFINING-NEW ORLEANS, L.L.C.",Crude Oil,INTRASTATE,LOUISIANA,1.35,0.0,1.35,0.0,0.0,0.0,0.0,0.0,0.0,0.0,0.0,0.0,0.0,0.0,0.0,0.0,0.0,0.0,0.0,0.0,0.0,0.0,1.35,0.0,0.0,1.35
2/2/2026,2023.0,20240050.0,20801.0,32364.0,"VALERO REFINING-NEW ORLEANS, L.L.C.",HVL,INTRASTATE,LOUISIANA,1.56,0.0,1.56,0.0,0.0,0.0,0.0,0.0,0.0,0.0,0.0,0.0,0.0,0.0,0.0,0.0,0.0,0.0,0.0,0.0,0.0,0.0,1.56,0.0,0.0,1.56
2/2/2026,2023.0,20240048.0,20799.0,32364.0,"VALERO REFINING-NEW ORLEANS, L.L.C.",Refined and/or Petroleum Product (non-HVL),INTRASTATE,LOUISIANA,1.62,0.0,1.62,0.0,0.0,0.0,0.0,0.0,0.0,0.0,0.0,0.0,0.0,0.0,0.0,0.0,0.0,0.0,0.0,0.0,0.0,0.0,1.62,0.0,0.0,1.62
2/2/2026,2023.0,20240486.0,21303.0,32407.0,"GENESIS PIPELINE TEXAS, L.P.",Crude Oil,INTRASTATE,TEXAS,14.16,0.0,14.16,79.39,0.0,0.0,0.0,79.39,0.0,0.0,0.0,0.0,0.0,0.0,0.0,0.0,0.0,0.0,0.0,0.0,0.0,0.0,93.55,0.0,0.0,93.55
2/2/2026,2023.0,20240491.0,21602.0,32411.0,"GENESIS PIPELINE ALABAMA, LLC",Crude Oil,INTRASTATE,ALABAMA,31.44,0.0,31.44,0.0,0.0,0.0,0.0,0.0,0.0,0.0,0.0,0.0,0.0,0.0,0.0,0.0,0.0,0.0,0.0,0.0,0.0,0.0,31.44,0.0,0.0,31.44
2/2/2026,2023.0,20240578.0,22478.0,32428.0,"INTERCONTINENTAL TERMINAL COMPANY, LLC",HVL,INTRASTATE,LOUISIANA,0.41,0.0,0.41,0.801,0.0,0.0,0.0,0.801,0.0,0.0,0.0,0.0,0.0,0.0,0.0,0.0,0.0,0.0,0.0,0.0,0.0,0.0,1.211,0.0,0.0,1.211
2/2/2026,2023.0,20240578.0,22478.0,32428.0,"INTERCONTINENTAL TERMINAL COMPANY, LLC",HVL,INTRASTATE,TEXAS,3.19,0.0,3.19,0.0,0.0,0.0,0.0,0.0,0.0,0.0,0.0,0.0,0.0,0.0,0.0,0.0,0.0,0.0,0.0,0.0,0.0,0.0,3.19,0.0,0.0,3.19
2/2/2026,2023.0,20240596.0,21413.0,32428.0,"INTERCONTINENTAL TERMINAL COMPANY, LLC",Refined and/or Petroleum Product (non-HVL),INTRASTATE,TEXAS,11.93,0.0,11.93,0.0,0.0,0.0,0.0,0.0,0.0,0.0,0.0,0.0,0.0,0.0,0.0,0.0,0.0,0.0,0.0,0.0,0.0,0.0,11.93,0.0,0.0,11.93
2/2/2026,2023.0,20240587.0,21404.0,32445.0,TARGA SOUTHTEX NGL PIPELINE LTD.,HVL,INTRASTATE,TEXAS,102.86,0.0,102.86,0.0,0.0,0.0,0.0,0.0,0.0,0.0,0.0,0.0,0.0,0.0,0.0,0.0,0.0,0.0,0.0,0.0,0.0,0.0,102.86,0.0,0.0,102.86
2/2/2026,2023.0,20240586.0,21403.0,32445.0,TARGA SOUTHTEX NGL PIPELINE LTD.,Refined and/or Petroleum Product (non-HVL),INTRASTATE,TEXAS,4.86,0.0,4.86,0.0,0.0,0.0,0.0,0.0,0.0,0.0,0.0,0.0,0.0,0.0,0.0,0.0,0.0,0.0,0.0,0.0,0.0,0.0,4.86,0.0,0.0,4.86
2/2/2026,2023.0,20240411.0,21226.0,32450.0,"ROADRUNNER PIPELINE, L.L.C.",Crude Oil,INTERSTATE,NEW MEXICO,22.63,0.0,22.63,0.0,0.0,0.0,0.0,0.0,0.0,0.0,0.0,0.0,0.0,0.0,0.0,0.0,0.0,0.0,0.0,0.0,0.0,0.0,22.63,0.0,0.0,22.63
2/2/2026,2023.0,20240411.0,21226.0,32450.0,"ROADRUNNER PIPELINE, L.L.C.",Crude Oil,INTERSTATE,TEXAS,46.7,0.0,46.7,0.0,0.0,0.0,0.0,0.0,0.0,0.0,0.0,0.0,0.0,0.0,0.0,0.0,0.0,0.0,0.0,0.0,0.0,0.0,46.7,0.0,0.0,46.7
2/2/2026,2023.0,20240505.0,21654.0,32453.0,BPX (EAGLE FORD) GATHERING LLC,Crude Oil,INTRASTATE,TEXAS,50.38,0.0,50.38,0.0,0.0,0.0,0.0,0.0,0.0,0.0,0.0,0.0,0.0,0.0,0.0,0.0,0.0,0.0,0.0,0.0,0.0,0.0,50.38,0.0,0.0,50.38
2/2/2026,2023.0,20240029.0,20780.0,32473.0,OP RENO LLC,Refined and/or Petroleum Product (non-HVL),INTRASTATE,NEVADA,0.0,0.0,0.0,0.0,0.0,0.0,0.0,0.0,0.0,0.0,0.0,0.0,0.0,0.0,0.0,0.0,0.0,0.0,0.0,0.0,0.0,0.0,0.0,0.0,0.0,0.0
2/2/2026,2023.0,20240297.0,21108.0,32476.0,"TREETOP MIDSTREAM SERVICES, LLC",CO2,INTRASTATE,MISSISSIPPI,0.265,0.0,0.265,0.0,0.0,0.0,0.0,0.0,0.0,0.0,0.0,0.0,0.0,0.0,0.0,0.0,0.0,0.0,0.0,0.0,0.0,0.0,0.265,0.0,0.0,0.265
2/2/2026,2023.0,20240150.0,20946.0,32488.0,"ENI US OPERATING CO, INC",Crude Oil,INTRASTATE,ALASKA,0.0,0.0,0.0,0.0,13.8,0.0,0.0,13.8,0.0,0.0,0.0,0.0,0.0,0.0,0.0,0.0,0.0,0.0,0.0,0.0,0.0,0.0,13.8,0.0,0.0,13.8
2/2/2026,2023.0,20240151.0,20947.0,32488.0,"ENI US OPERATING CO, INC",Refined and/or Petroleum Product (non-HVL),INTRASTATE,ALASKA,2.3,5.7,8.0,0.0,0.0,3.6,0.0,3.6,0.0,0.0,0.0,0.0,0.0,0.0,0.0,0.0,0.0,0.0,0.0,0.0,0.0,0.0,2.3,9.3,0.0,11.6
2/2/2026,2023.0,20240492.0,21309.0,32492.0,"GENESIS CRUDE OIL, L.P.",Crude Oil,INTRASTATE,LOUISIANA,1.84,0.0,1.84,0.0,0.32,0.0,0.0,0.32,0.0,0.0,0.0,0.0,0.0,0.0,0.0,0.0,0.0,0.0,0.0,0.0,0.0,0.0,2.16,0.0,0.0,2.16
2/2/2026,2023.0,20240415.0,21230.0,32493.0,"UNEV PIPELINE, LLC",Refined and/or Petroleum Product (non-HVL),INTERSTATE,NEVADA,70.88,0.0,70.88,0.0,0.0,0.0,0.0,0.0,0.0,0.0,0.0,0.0,0.0,0.0,0.0,0.0,0.0,0.0,0.0,0.0,0.0,0.0,70.88,0.0,0.0,70.88
2/2/2026,2023.0,20240415.0,21230.0,32493.0,"UNEV PIPELINE, LLC",Refined and/or Petroleum Product (non-HVL),INTERSTATE,UTAH,355.64,0.0,355.64,0.0,0.0,0.0,0.0,0.0,0.0,0.0,0.0,0.0,0.0,0.0,0.0,0.0,0.0,0.0,0.0,0.0,0.0,0.0,355.64,0.0,0.0,355.64
2/2/2026,2023.0,20240376.0,21190.0,32495.0,"DELAWARE PIPELINE COMPANY, LLC",Refined and/or Petroleum Product (non-HVL),INTERSTATE,DELAWARE,20.21,0.0,20.21,0.0,0.0,0.0,0.0,0.0,0.0,0.0,0.0,0.0,0.0,0.0,0.0,0.0,0.0,0.0,0.0,0.0,0.0,0.0,20.21,0.0,0.0,20.21
2/2/2026,2023.0,20240376.0,21190.0,32495.0,"DELAWARE PIPELINE COMPANY, LLC",Refined and/or Petroleum Product (non-HVL),INTERSTATE,PENNSYLVANIA,3.17,0.0,3.17,0.0,0.0,0.0,0.0,0.0,0.0,0.0,0.0,0.0,0.0,0.0,0.0,0.0,0.0,0.0,0.0,0.0,0.0,0.0,3.17,0.0,0.0,3.17
2/2/2026,2023.0,20240561.0,21378.0,32502.0,ENBRIDGE PIPELINES (SOUTHERN LIGHTS) L.L.C.,Refined and/or Petroleum Product (non-HVL),INTERSTATE,ILLINOIS,146.024,0.0,146.024,0.0,0.0,0.0,0.0,0.0,0.0,0.0,0.0,0.0,0.0,0.0,0.0,0.0,0.0,0.0,0.0,0.0,0.0,0.0,146.024,0.0,0.0,146.024
2/2/2026,2023.0,20240561.0,21378.0,32502.0,ENBRIDGE PIPELINES (SOUTHERN LIGHTS) L.L.C.,Refined and/or Petroleum Product (non-HVL),INTERSTATE,MINNESOTA,284.82,0.0,284.82,0.0,0.0,0.0,0.0,0.0,0.0,0.0,0.0,0.0,0.0,0.0,0.0,0.0,0.0,0.0,0.0,0.0,0.0,0.0,284.82,0.0,0.0,284.82
2/2/2026,2023.0,20240561.0,21378.0,32502.0,ENBRIDGE PIPELINES (SOUTHERN LIGHTS) L.L.C.,Refined and/or Petroleum Product (non-HVL),INTERSTATE,NORTH DAKOTA,28.029,0.0,28.029,0.0,0.0,0.0,0.0,0.0,0.0,0.0,0.0,0.0,0.0,0.0,0.0,0.0,0.0,0.0,0.0,0.0,0.0,0.0,28.029,0.0,0.0,28.029
2/2/2026,2023.0,20240561.0,21378.0,32502.0,ENBRIDGE PIPELINES (SOUTHERN LIGHTS) L.L.C.,Refined and/or Petroleum Product (non-HVL),INTERSTATE,WISCONSIN,358.383,0.0,358.383,0.0,0.0,0.0,0.0,0.0,0.0,0.0,0.0,0.0,0.0,0.0,0.0,0.0,0.0,0.0,0.0,0.0,0.0,0.0,358.383,0.0,0.0,358.383
2/2/2026,2023.0,20240312.0,21123.0,32503.0,"CALUMET SHREVEPORT REFINING, LLC",Crude Oil,INTRASTATE,LOUISIANA,0.0,0.0,0.0,6.85,0.0,0.0,0.0,6.85,0.0,0.0,0.0,0.0,0.0,0.0,0.0,0.0,0.0,0.0,0.0,0.0,0.0,0.0,6.85,0.0,0.0,6.85
2/2/2026,2023.0,20240716.0,21555.0,32520.0,CITY OF BANGOR,Refined and/or Petroleum Product (non-HVL),INTRASTATE,MAINE,0.934,0.0,0.934,0.0,0.0,0.0,0.0,0.0,0.0,0.0,0.0,0.0,0.0,0.0,0.0,0.0,0.0,0.0,0.0,0.0,0.0,0.0,0.934,0.0,0.0,0.934
2/2/2026,2023.0,20240623.0,21444.0,32537.0,WYOMING PIPELINE COMPANY,Crude Oil,INTRASTATE,WYOMING,49.648,0.0,49.648,0.0,0.0,0.0,0.0,0.0,0.0,0.0,0.0,0.0,0.0,0.0,0.0,0.0,0.0,0.0,0.0,0.0,0.0,0.0,49.648,0.0,0.0,49.648
2/2/2026,2023.0,20240194.0,20993.0,32540.0,ELECTRAGAS INC.,Crude Oil,INTRASTATE,TEXAS,0.0,0.0,0.0,0.0,0.0,3.3,0.0,3.3,0.0,0.0,0.0,0.0,0.0,0.0,0.0,0.0,0.0,0.0,0.0,0.0,0.0,0.0,0.0,3.3,0.0,3.3
2/2/2026,2023.0,20240396.0,21210.0,32541.0,"COPANO NGL SERVICES (MARKHAM), LLC",HVL,INTRASTATE,TEXAS,153.153,0.0,153.153,0.0,0.0,0.0,0.0,0.0,0.0,0.0,0.0,0.0,0.0,0.0,0.0,0.0,0.0,0.0,0.0,0.0,0.0,0.0,153.153,0.0,0.0,153.153
2/2/2026,2023.0,20240633.0,21454.0,32543.0,"DENBURY GREEN PIPELINE-TEXAS, LLC",CO2,INTERSTATE,TEXAS,131.51,0.0,131.51,0.0,0.0,0.0,0.0,0.0,0.0,0.0,0.0,0.0,0.0,0.0,0.0,0.0,0.0,0.0,0.0,0.0,0.0,0.0,131.51,0.0,0.0,131.51
2/2/2026,2023.0,20240630.0,21451.0,32545.0,"DENBURY GULF COAST PIPELINES, LLC",CO2,INTERSTATE,LOUISIANA,242.47,0.0,242.47,0.0,0.0,0.0,0.0,0.0,0.0,0.0,0.0,0.0,0.0,0.0,0.0,0.0,0.0,0.0,0.0,0.0,0.0,0.0,242.47,0.0,0.0,242.47
2/2/2026,2023.0,20240630.0,21451.0,32545.0,"DENBURY GULF COAST PIPELINES, LLC",CO2,INTERSTATE,MISSISSIPPI,139.48,0.0,139.48,0.0,0.0,0.0,0.0,0.0,0.0,0.0,0.0,0.0,0.0,0.0,0.0,0.0,0.0,0.0,0.0,0.0,0.0,0.0,139.48,0.0,0.0,139.48
2/2/2026,2023.0,20240165.0,20961.0,32559.0,"ALON USA KROTZ SPRINGS REFINERY, INC",HVL,INTRASTATE,LOUISIANA,13.2,0.0,13.2,0.0,0.0,0.0,0.0,0.0,0.0,0.0,0.0,0.0,0.0,0.0,0.0,0.0,0.0,0.0,0.0,0.0,0.0,0.0,13.2,0.0,0.0,13.2
2/2/2026,2023.0,20240164.0,20960.0,32559.0,"ALON USA KROTZ SPRINGS REFINERY, INC",Refined and/or Petroleum Product (non-HVL),INTRASTATE,LOUISIANA,0.0,0.0,0.0,0.0,3.0,0.0,0.0,3.0,0.0,0.0,0.0,0.0,0.0,0.0,0.0,0.0,0.0,0.0,0.0,0.0,0.0,0.0,3.0,0.0,0.0,3.0
2/2/2026,2023.0,20240634.0,21455.0,32566.0,GREENCORE PIPELINE COMPANY LLC,CO2,INTERSTATE,MONTANA,8.73,0.0,8.73,0.0,0.0,0.0,0.0,0.0,0.0,0.0,0.0,0.0,0.0,0.0,0.0,0.0,0.0,0.0,0.0,0.0,0.0,0.0,8.73,0.0,0.0,8.73
2/2/2026,2023.0,20240634.0,21455.0,32566.0,GREENCORE PIPELINE COMPANY LLC,CO2,INTERSTATE,WYOMING,222.75,0.0,222.75,0.0,0.0,0.0,0.0,0.0,0.0,0.0,0.0,0.0,0.0,0.0,0.0,0.0,0.0,0.0,0.0,0.0,0.0,0.0,222.75,0.0,0.0,222.75
2/2/2026,2023.0,20240634.0,21455.0,32566.0,GREENCORE PIPELINE COMPANY LLC,CO2,INTRASTATE,WYOMING,3.59,0.0,3.59,0.0,0.0,0.0,0.0,0.0,0.0,0.0,0.0,0.0,0.0,0.0,0.0,0.0,0.0,0.0,0.0,0.0,0.0,0.0,3.59,0.0,0.0,3.59
2/2/2026,2023.0,20240414.0,21229.0,32572.0,"TOLEDO REFINING COMPANY, LLC",Crude Oil,INTRASTATE,OHIO,2.09,0.0,2.09,0.0,0.0,0.0,0.0,0.0,0.0,0.0,0.0,0.0,0.0,0.0,0.0,0.0,0.0,0.0,0.0,0.0,0.0,0.0,2.09,0.0,0.0,2.09
2/2/2026,2023.0,20240413.0,21228.0,32572.0,"TOLEDO REFINING COMPANY, LLC",Refined and/or Petroleum Product (non-HVL),INTRASTATE,OHIO,2.09,0.0,2.09,0.0,0.0,0.0,0.0,0.0,0.0,0.0,0.0,0.0,0.0,0.0,0.0,0.0,0.0,0.0,0.0,0.0,0.0,0.0,2.09,0.0,0.0,2.09
2/2/2026,2023.0,20240064.0,20815.0,32575.0,"DEEPROCK OIL OPERATING, LLC",Crude Oil,INTRASTATE,OKLAHOMA,12.25,0.0,12.25,0.0,1.0,0.0,0.0,1.0,0.0,0.0,0.0,0.0,0.0,0.0,0.0,0.0,0.0,0.0,0.0,0.0,0.0,0.0,13.25,0.0,0.0,13.25
2/2/2026,2023.0,20240710.0,21536.0,32592.0,"TREK RESOURCES, INC",Crude Oil,INTRASTATE,TEXAS,0.0,0.0,0.0,0.095,0.0,1.675,0.0,1.77,0.0,0.0,0.0,0.0,0.0,0.0,0.0,0.0,0.0,0.0,0.0,0.0,0.0,0.0,0.095,1.675,0.0,1.77
2/2/2026,2023.0,20240236.0,21043.0,32595.0,"HIGH POINT GAS GATHERING, LLC",Crude Oil,INTERSTATE,OCS-Gulf of Mexico,0.0,6.138,6.138,0.0,0.0,0.0,0.0,0.0,0.0,0.0,0.0,0.0,0.0,0.0,0.0,0.0,0.0,0.0,0.0,0.0,0.0,0.0,0.0,6.138,0.0,6.138
2/2/2026,2023.0,20240021.0,20772.0,32599.0,"MCLEAN GAS PROCESSING, LLC",HVL,INTRASTATE,TEXAS,21.0,0.0,21.0,0.0,0.0,0.0,0.0,0.0,0.0,0.0,0.0,0.0,0.0,0.0,0.0,0.0,0.0,0.0,0.0,0.0,0.0,0.0,21.0,0.0,0.0,21.0
2/2/2026,2023.0,20240115.0,21544.0,32614.0,"BOARDWALK ETHANE PIPELINE COMPANY, LLC",HVL,INTERSTATE,LOUISIANA,277.85,0.0,277.85,1.38,0.0,0.0,0.0,1.38,4.27,0.0,0.0,0.0,4.27,0.0,0.0,0.0,0.0,0.0,0.0,0.0,0.0,0.0,283.5,0.0,0.0,283.5
2/2/2026,2023.0,20240115.0,21544.0,32614.0,"BOARDWALK ETHANE PIPELINE COMPANY, LLC",HVL,INTERSTATE,TEXAS,87.78,0.0,87.78,0.91,0.0,0.0,0.0,0.91,0.27,0.0,0.0,0.0,0.27,0.0,0.0,0.0,0.0,0.0,0.0,0.0,0.0,0.0,88.96,0.0,0.0,88.96
2/2/2026,2023.0,20240115.0,21544.0,32614.0,"BOARDWALK ETHANE PIPELINE COMPANY, LLC",HVL,INTRASTATE,LOUISIANA,2.83,0.0,2.83,0.56,0.0,0.0,0.0,0.56,0.27,0.0,0.0,0.0,0.27,0.0,0.0,0.0,0.0,0.0,0.0,0.0,0.0,0.0,3.66,0.0,0.0,3.66
2/2/2026,2023.0,20240451.0,21663.0,32619.0,"HILAND CRUDE, LLC",Crude Oil,INTRASTATE,NORTH DAKOTA,277.453,0.0,277.453,0.0,0.0,0.0,0.0,0.0,0.0,0.0,0.0,0.0,0.0,0.0,0.0,0.0,0.0,0.0,0.0,0.0,0.0,0.0,277.453,0.0,0.0,277.453
2/2/2026,2023.0,20240322.0,21133.0,32634.0,"ENLINK PERMIAN, LLC",Crude Oil,INTERSTATE,NEW MEXICO,51.801,0.0,51.801,0.0,0.0,0.0,0.0,0.0,0.0,0.0,0.0,0.0,0.0,0.0,0.0,0.0,0.0,0.0,0.0,0.0,0.0,0.0,51.801,0.0,0.0,51.801
2/2/2026,2023.0,20240322.0,21133.0,32634.0,"ENLINK PERMIAN, LLC",Crude Oil,INTERSTATE,TEXAS,71.445,0.0,71.445,0.0,0.0,0.0,0.0,0.0,0.0,0.0,0.0,0.0,0.0,0.0,0.0,0.0,0.0,0.0,0.0,0.0,0.0,0.0,71.445,0.0,0.0,71.445
2/2/2026,2023.0,20240322.0,21133.0,32634.0,"ENLINK PERMIAN, LLC",Crude Oil,INTRASTATE,NEW MEXICO,0.0,0.0,0.0,0.0,0.0,0.0,0.0,0.0,0.0,0.0,0.0,0.0,0.0,0.0,0.0,0.0,0.0,0.0,0.0,0.0,0.0,0.0,0.0,0.0,0.0,0.0
2/2/2026,2023.0,20240321.0,21132.0,32634.0,"ENLINK PERMIAN, LLC",HVL,INTRASTATE,TEXAS,73.3,0.0,73.3,0.0,0.0,0.0,0.0,0.0,0.0,0.0,0.0,0.0,0.0,0.0,0.0,0.0,0.0,0.0,0.0,0.0,0.0,0.0,73.3,0.0,0.0,73.3
2/2/2026,2023.0,20240241.0,21049.0,32645.0,"HILCORP ALASKA, LLC",Crude Oil,INTRASTATE,ALASKA,0.0,0.0,0.0,0.0,0.0,21.18,0.0,21.18,0.0,0.0,0.0,0.0,0.0,0.0,0.0,0.0,0.0,0.0,0.0,0.0,0.0,0.0,0.0,21.18,0.0,21.18
2/2/2026,2023.0,20240014.0,20764.0,32650.0,LEMM CORPORATION - OPERATIONS,HVL,INTRASTATE,TENNESSEE,0.0,0.0,0.0,8.97,0.0,0.0,0.0,8.97,0.0,0.0,0.0,0.0,0.0,0.0,0.0,0.0,0.0,0.0,0.0,0.0,0.0,0.0,8.97,0.0,0.0,8.97
2/2/2026,2023.0,20240161.0,20957.0,32675.0,"SAMSON EXPLORATION, LLC",Crude Oil,INTRASTATE,WYOMING,0.0,0.0,0.0,0.0,0.0,0.0,0.0,0.0,0.0,0.0,0.0,0.0,0.0,0.0,0.0,0.0,0.0,0.0,0.0,0.0,0.0,0.0,0.0,0.0,0.0,0.0
2/2/2026,2023.0,20240285.0,21096.0,32678.0,KINDER MORGAN CRUDE AND CONDENSATE LLC,Crude Oil,INTRASTATE,TEXAS,266.063,0.0,266.063,0.0,0.0,0.0,0.0,0.0,0.0,0.0,0.0,0.0,0.0,0.0,0.0,0.0,0.0,0.0,0.0,0.0,0.0,0.0,266.063,0.0,0.0,266.063
2/2/2026,2023.0,20240296.0,21107.0,32682.0,"GREENLEAF CO2 SOLUTIONS, LLC",CO2,INTRASTATE,MISSISSIPPI,5.1,0.0,5.1,0.0,0.0,0.0,0.0,0.0,0.0,0.0,0.0,0.0,0.0,0.0,0.0,0.0,0.0,0.0,0.0,0.0,0.0,0.0,5.1,0.0,0.0,5.1
2/2/2026,2023.0,20240293.0,21104.0,32683.0,INLAND CORPORATION,Refined and/or Petroleum Product (non-HVL),INTERSTATE,OHIO,495.05,0.0,495.05,2.02,0.0,0.0,0.0,2.02,41.75,74.43,0.0,0.0,116.18,0.0,0.0,0.0,0.0,0.0,0.0,0.0,0.0,0.0,613.25,0.0,0.0,613.25
2/2/2026,2023.0,20240287.0,21098.0,32688.0,WEST COAST TERMINAL PIPELINE  (WCTP),Crude Oil,INTRASTATE,CALIFORNIA,9.335,0.0,9.335,0.328,0.0,0.0,0.0,0.328,0.0,0.0,0.0,0.0,0.0,0.0,0.0,0.0,0.0,0.0,0.0,0.0,0.0,0.0,9.663,0.0,0.0,9.663
2/2/2026,2023.0,20240288.0,21099.0,32688.0,WEST COAST TERMINAL PIPELINE  (WCTP),Refined and/or Petroleum Product (non-HVL),INTERSTATE,OREGON,8.464,0.0,8.464,0.0,0.0,0.0,0.0,0.0,0.0,0.0,0.0,0.0,0.0,0.0,0.0,0.0,0.0,0.0,0.0,0.0,0.0,0.0,8.464,0.0,0.0,8.464
2/2/2026,2023.0,20240288.0,21099.0,32688.0,WEST COAST TERMINAL PIPELINE  (WCTP),Refined and/or Petroleum Product (non-HVL),INTRASTATE,CALIFORNIA,19.837,0.0,19.837,0.0,0.0,0.0,0.0,0.0,0.0,0.0,0.0,0.0,0.0,0.0,0.0,0.0,0.0,0.0,0.0,0.0,0.0,0.0,19.837,0.0,0.0,19.837
2/2/2026,2023.0,20240069.0,20821.0,38893.0,PTE PIPELINE LLC,Crude Oil,INTERSTATE,ALASKA,22.26,0.0,22.26,0.0,0.0,0.0,0.0,0.0,0.0,0.0,0.0,0.0,0.0,0.0,0.0,0.0,0.0,0.0,0.0,0.0,0.0,0.0,22.26,0.0,0.0,22.26
2/2/2026,2023.0,20240713.0,21542.0,38894.0,"THUNDER BASIN PIPELINE, LLC",Crude Oil,INTRASTATE,WYOMING,0.0,0.0,0.0,0.0,44.58,0.0,0.0,44.58,0.0,0.0,0.0,0.0,0.0,0.0,0.0,0.0,0.0,0.0,0.0,0.0,0.0,0.0,44.58,0.0,0.0,44.58
2/2/2026,2023.0,20240720.0,21900.0,38895.0,KINDER MORGAN SOUTHEAST TERMINALS,Fuel Grade Ethanol (dedicated system),INTRASTATE,NORTH CAROLINA,3.797,0.0,3.797,0.0,0.0,0.0,0.0,0.0,0.0,0.0,0.0,0.0,0.0,0.0,0.0,0.0,0.0,0.0,0.0,0.0,0.0,0.0,3.797,0.0,0.0,3.797
2/2/2026,2023.0,20240577.0,21394.0,38922.0,MIPC LLC,HVL,INTRASTATE,PENNSYLVANIA,0.0,0.0,0.0,0.28,0.0,0.0,0.0,0.28,0.0,0.0,0.0,0.0,0.0,0.0,0.0,0.0,0.0,0.0,0.0,0.0,0.0,0.0,0.28,0.0,0.0,0.28
2/2/2026,2023.0,20240576.0,21393.0,38922.0,MIPC LLC,Refined and/or Petroleum Product (non-HVL),INTERSTATE,NEW JERSEY,4.16,0.0,4.16,1.78,0.0,0.0,0.0,1.78,0.0,0.0,0.0,0.0,0.0,0.0,0.0,0.0,0.0,0.0,0.0,0.0,0.0,0.0,5.94,0.0,0.0,5.94
2/2/2026,2023.0,20240576.0,21393.0,38922.0,MIPC LLC,Refined and/or Petroleum Product (non-HVL),INTERSTATE,PENNSYLVANIA,17.53,0.0,17.53,0.0,0.0,0.0,0.0,0.0,0.0,0.0,0.0,0.0,0.0,0.0,0.0,0.0,0.0,0.0,0.0,0.0,0.0,0.0,17.53,0.0,0.0,17.53
2/2/2026,2023.0,20240576.0,21393.0,38922.0,MIPC LLC,Refined and/or Petroleum Product (non-HVL),INTRASTATE,PENNSYLVANIA,19.424,0.0,19.424,8.379,0.0,0.0,0.0,8.379,0.0,0.0,0.0,0.0,0.0,0.0,0.0,0.0,0.0,0.0,0.0,0.0,0.0,0.0,27.803,0.0,0.0,27.803
2/2/2026,2023.0,20240083.0,20841.0,38924.0,NGL CRUDE TERMINALS,Crude Oil,INTRASTATE,COLORADO,19.0,0.0,19.0,0.0,0.0,0.0,0.0,0.0,0.0,0.0,0.0,0.0,0.0,0.0,0.0,0.0,0.0,0.0,0.0,0.0,0.0,0.0,19.0,0.0,0.0,19.0
2/2/2026,2023.0,20240083.0,20841.0,38924.0,NGL CRUDE TERMINALS,Crude Oil,INTRASTATE,LOUISIANA,0.0,0.0,0.0,2.78,0.0,0.0,0.0,2.78,0.0,0.0,0.0,0.0,0.0,0.0,0.0,0.0,0.0,0.0,0.0,0.0,0.0,0.0,2.78,0.0,0.0,2.78
2/2/2026,2023.0,20240083.0,20841.0,38924.0,NGL CRUDE TERMINALS,Crude Oil,INTRASTATE,OKLAHOMA,0.0,0.0,0.0,0.0,12.3,0.0,0.0,12.3,0.0,0.0,0.0,0.0,0.0,0.0,0.0,0.0,0.0,0.0,0.0,0.0,0.0,0.0,12.3,0.0,0.0,12.3
2/2/2026,2023.0,20240195.0,20994.0,38926.0,BLACK BEAR MIDSTREAM LLC,HVL,INTRASTATE,LOUISIANA,40.1,0.0,40.1,0.0,0.0,0.0,0.0,0.0,0.0,0.0,0.0,0.0,0.0,0.0,0.0,0.0,0.0,0.0,0.0,0.0,0.0,0.0,40.1,0.0,0.0,40.1
2/2/2026,2023.0,20240022.0,20773.0,38927.0,UGI ENERGY SERVICES,HVL,INTRASTATE,OHIO,36.254,0.0,36.254,0.0,0.0,0.0,0.0,0.0,0.0,0.0,0.0,0.0,0.0,0.0,0.0,0.0,0.0,0.0,0.0,0.0,0.0,0.0,36.254,0.0,0.0,36.254
2/2/2026,2023.0,20240001.0,20739.0,38930.0,"PATOKA TERMINAL COMPANY, LLC",Crude Oil,INTRASTATE,ILLINOIS,0.0,0.0,0.0,0.0,0.45,0.0,0.0,0.45,0.0,0.0,0.0,0.0,0.0,0.0,0.0,0.0,0.0,0.0,0.0,0.0,0.0,0.0,0.45,0.0,0.0,0.45
2/2/2026,2023.0,20240309.0,21120.0,38937.0,"PALO DURO TEG, LLC",HVL,INTRASTATE,TEXAS,138.26,0.0,138.26,0.0,0.0,0.0,0.0,0.0,0.0,0.0,0.0,0.0,0.0,0.0,0.0,0.0,0.0,0.0,0.0,0.0,0.0,0.0,138.26,0.0,0.0,138.26
2/2/2026,2023.0,20240093.0,20866.0,38938.0,"WTG NGL PIPELINE COMPANY, LLC",HVL,INTRASTATE,TEXAS,57.729,0.0,57.729,0.0,0.0,0.0,0.0,0.0,0.0,0.0,0.0,0.0,0.0,0.0,0.0,0.0,0.0,0.0,0.0,0.0,0.0,0.0,57.729,0.0,0.0,57.729
2/2/2026,2023.0,20240562.0,21379.0,38945.0,BAKKEN PIPELINE COMPANY LP,Crude Oil,INTERSTATE,NORTH DAKOTA,75.21,0.0,75.21,0.0,0.0,0.0,0.0,0.0,0.0,0.0,0.0,0.0,0.0,0.0,0.0,0.0,0.0,0.0,0.0,0.0,0.0,0.0,75.21,0.0,0.0,75.21
2/2/2026,2023.0,20240052.0,20803.0,38949.0,"NAVARRO MIDSTREAM SERVICES, LLC.",Crude Oil,INTRASTATE,TEXAS,0.0,0.0,0.0,0.0,3.43,0.0,0.0,3.43,0.0,0.0,0.0,0.0,0.0,0.0,0.0,0.0,0.0,0.0,0.0,0.0,0.0,0.0,3.43,0.0,0.0,3.43
2/2/2026,2023.0,20240676.0,21498.0,38964.0,"BELLWETHER DISTRICT HOLDINGS, LLC",HVL,INTRASTATE,PENNSYLVANIA,0.0,0.0,0.0,0.56,0.0,0.0,0.0,0.56,0.0,0.0,0.0,0.0,0.0,0.0,0.0,0.0,0.0,0.0,0.0,0.0,0.0,0.0,0.56,0.0,0.0,0.56
2/2/2026,2023.0,20240675.0,21497.0,38964.0,"BELLWETHER DISTRICT HOLDINGS, LLC",Refined and/or Petroleum Product (non-HVL),INTRASTATE,PENNSYLVANIA,4.13,0.0,4.13,4.34,0.0,0.0,0.0,4.34,0.0,0.0,0.0,0.0,0.0,0.0,0.0,0.0,0.0,0.0,0.0,0.0,0.0,0.0,8.47,0.0,0.0,8.47
2/2/2026,2023.0,20240159.0,20955.0,38989.0,EMERALD GATHERING AND TRANSMISSION,Crude Oil,INTRASTATE,TEXAS,0.0,0.0,0.0,1.69,8.65,0.0,0.0,10.34,0.0,0.0,0.0,0.0,0.0,0.0,0.0,0.0,0.0,0.0,0.0,0.0,0.0,0.0,10.34,0.0,0.0,10.34
2/2/2026,2023.0,20240284.0,21095.0,39010.0,"BLUE RACER MIDSTREAM, LLC",HVL,INTRASTATE,OHIO,28.15,0.0,28.15,0.0,0.0,0.0,0.0,0.0,0.0,0.0,0.0,0.0,0.0,0.0,0.0,0.0,0.0,0.0,0.0,0.0,0.0,0.0,28.15,0.0,0.0,28.15
2/2/2026,2023.0,20240284.0,21095.0,39010.0,"BLUE RACER MIDSTREAM, LLC",HVL,INTRASTATE,WEST VIRGINIA,73.37,0.0,73.37,0.0,0.0,0.0,0.0,0.0,0.0,0.0,0.0,0.0,0.0,0.0,0.0,0.0,0.0,0.0,0.0,0.0,0.0,0.0,73.37,0.0,0.0,73.37
2/2/2026,2023.0,20240574.0,21434.0,39012.0,"SUMMIT MIDSTREAM PARTNERS, LLC",Crude Oil,INTRASTATE,COLORADO,0.0,0.0,0.0,0.0,0.0,0.0,0.0,0.0,0.0,0.0,0.0,0.0,0.0,0.0,0.0,0.0,0.0,0.0,0.0,0.0,0.0,0.0,0.0,0.0,0.0,0.0
2/2/2026,2023.0,20240574.0,21434.0,39012.0,"SUMMIT MIDSTREAM PARTNERS, LLC",Crude Oil,INTRASTATE,NORTH DAKOTA,71.9,0.0,71.9,0.0,0.0,0.0,0.0,0.0,0.0,0.0,0.0,0.0,0.0,0.0,0.0,0.0,0.0,0.0,0.0,0.0,0.0,0.0,71.9,0.0,0.0,71.9
2/2/2026,2023.0,20240566.0,21383.0,39012.0,"SUMMIT MIDSTREAM PARTNERS, LLC",HVL,INTRASTATE,COLORADO,22.3,0.0,22.3,0.0,0.0,0.0,0.0,0.0,0.0,0.0,0.0,0.0,0.0,0.0,0.0,0.0,0.0,0.0,0.0,0.0,0.0,0.0,22.3,0.0,0.0,22.3
2/2/2026,2023.0,20240294.0,21105.0,39020.0,"ENABLE BAKKEN CRUDE SERVICES, LLC",Crude Oil,INTRASTATE,NORTH DAKOTA,0.0,0.0,0.0,0.0,0.0,0.0,0.0,0.0,0.0,0.0,0.0,0.0,0.0,0.0,0.0,0.0,0.0,0.0,0.0,0.0,0.0,0.0,0.0,0.0,0.0,0.0
2/2/2026,2023.0,20240282.0,21093.0,39023.0,DOUBLE EAGLE PIPELINE LLC,Crude Oil,INTRASTATE,TEXAS,204.312,0.0,204.312,0.0,0.0,0.0,0.0,0.0,0.0,0.0,0.0,0.0,0.0,0.0,0.0,0.0,0.0,0.0,0.0,0.0,0.0,0.0,204.312,0.0,0.0,204.312
2/2/2026,2023.0,20240139.0,20934.0,39043.0,"TALLGRASS PONY EXPRESS PIPELINE, LLC",Crude Oil,INTERSTATE,COLORADO,311.02,0.0,311.02,0.0,0.93,0.0,0.0,0.93,0.0,0.0,0.0,0.0,0.0,0.0,0.0,0.0,0.0,0.0,0.0,0.0,0.0,0.0,311.95,0.0,0.0,311.95
2/2/2026,2023.0,20240139.0,20934.0,39043.0,"TALLGRASS PONY EXPRESS PIPELINE, LLC",Crude Oil,INTERSTATE,KANSAS,366.19,0.0,366.19,0.0,0.15,0.0,0.0,0.15,0.0,0.0,0.0,0.0,0.0,0.0,0.0,0.0,0.0,0.0,0.0,0.0,0.0,0.0,366.34,0.0,0.0,366.34
2/2/2026,2023.0,20240139.0,20934.0,39043.0,"TALLGRASS PONY EXPRESS PIPELINE, LLC",Crude Oil,INTERSTATE,NEBRASKA,98.04,0.0,98.04,0.0,0.0,0.0,0.0,0.0,0.0,0.0,0.0,0.0,0.0,0.0,0.0,0.0,0.0,0.0,0.0,0.0,0.0,0.0,98.04,0.0,0.0,98.04
2/2/2026,2023.0,20240139.0,20934.0,39043.0,"TALLGRASS PONY EXPRESS PIPELINE, LLC",Crude Oil,INTERSTATE,OKLAHOMA,82.53,0.0,82.53,0.0,0.4,0.0,0.0,0.4,0.0,0.0,0.0,0.0,0.0,0.0,0.0,0.0,0.0,0.0,0.0,0.0,0.0,0.0,82.93,0.0,0.0,82.93
2/2/2026,2023.0,20240139.0,20934.0,39043.0,"TALLGRASS PONY EXPRESS PIPELINE, LLC",Crude Oil,INTERSTATE,WYOMING,181.75,0.0,181.75,0.0,9.3,0.0,0.0,9.3,0.0,0.0,0.0,0.0,0.0,0.0,0.0,0.0,0.0,0.0,0.0,0.0,0.0,0.0,191.05,0.0,0.0,191.05
2/2/2026,2023.0,20240101.0,20869.0,39046.0,"BRIDGER SWAN RANCH, LLC",Crude Oil,INTRASTATE,WYOMING,4.46,0.0,4.46,0.0,0.0,0.0,0.0,0.0,0.0,0.0,0.0,0.0,0.0,0.0,0.0,0.0,0.0,0.0,0.0,0.0,0.0,0.0,4.46,0.0,0.0,4.46
2/2/2026,2023.0,20240494.0,21311.0,39047.0,"GEL OFFSHORE PIPELINE, LLC",Crude Oil,INTERSTATE,OCS-Gulf of Mexico,0.0,70.84,70.84,0.0,0.0,0.0,0.0,0.0,0.0,0.0,0.0,0.0,0.0,0.0,0.0,0.0,0.0,0.0,0.0,0.0,0.0,0.0,0.0,70.84,0.0,70.84
2/2/2026,2023.0,20240096.0,21607.0,39050.0,"CASPER CRUDE TO RAIL, LLC",Crude Oil,INTERSTATE,WYOMING,6.22,0.0,6.22,6.23,0.0,0.0,0.0,6.23,0.0,0.0,0.0,0.0,0.0,0.0,0.0,0.0,0.0,0.0,0.0,0.0,0.0,0.0,12.45,0.0,0.0,12.45
2/2/2026,2023.0,20240645.0,21575.0,39065.0,HESS ND,Crude Oil,INTRASTATE,NORTH DAKOTA,87.47,0.0,87.47,0.35,30.43,0.0,0.0,30.78,0.0,0.0,0.0,0.0,0.0,0.0,0.0,0.0,0.0,0.0,0.0,0.0,0.0,0.0,118.25,0.0,0.0,118.25
2/2/2026,2023.0,20240693.0,21515.0,39065.0,HESS ND,HVL,INTRASTATE,NORTH DAKOTA,80.68,0.0,80.68,0.0,7.6,0.0,0.0,7.6,0.0,0.0,0.0,0.0,0.0,0.0,0.0,0.0,0.0,0.0,0.0,0.0,0.0,0.0,88.28,0.0,0.0,88.28
2/2/2026,2023.0,20240650.0,21471.0,39065.0,HESS ND,Refined and/or Petroleum Product (non-HVL),INTRASTATE,NORTH DAKOTA,0.0,0.0,0.0,0.0,3.8,0.0,0.0,3.8,0.0,0.0,0.0,0.0,0.0,0.0,0.0,0.0,0.0,0.0,0.0,0.0,0.0,0.0,3.8,0.0,0.0,3.8
2/2/2026,2023.0,20240156.0,20952.0,39069.0,EMPIRE MIDSTREAM LLC,Crude Oil,INTERSTATE,OCS-Gulf of Mexico,0.0,67.65,67.65,0.0,0.0,38.81,0.0,38.81,0.0,0.0,0.0,0.0,0.0,0.0,0.0,0.0,0.0,0.0,0.0,0.0,0.0,0.0,0.0,106.46,0.0,106.46
2/2/2026,2023.0,20240156.0,20952.0,39069.0,EMPIRE MIDSTREAM LLC,Crude Oil,INTRASTATE,LOUISIANA,0.0,0.0,0.0,0.0,0.0,0.0,0.0,0.0,1.803,0.0,0.0,0.0,1.803,0.0,0.0,0.0,0.0,0.0,0.0,0.0,0.0,0.0,1.803,0.0,0.0,1.803
2/2/2026,2023.0,20240197.0,20998.0,39073.0,OCI BEAUMONT LLC,Refined and/or Petroleum Product (non-HVL),INTRASTATE,TEXAS,5.82,0.0,5.82,0.0,0.0,0.0,0.0,0.0,0.0,0.0,0.0,0.0,0.0,0.0,0.0,0.0,0.0,0.0,0.0,0.0,0.0,0.0,5.82,0.0,0.0,5.82
2/2/2026,2023.0,20240689.0,21511.0,39084.0,"CRESCENT MIDSTREAM, LLC",Crude Oil,INTERSTATE,LOUISIANA,421.836,35.956,457.792,0.0,0.0,0.0,0.0,0.0,0.0,0.0,0.0,0.0,0.0,0.0,0.0,0.0,0.0,0.0,0.0,0.0,0.0,0.0,421.836,35.956,0.0,457.792
2/2/2026,2023.0,20240689.0,21511.0,39084.0,"CRESCENT MIDSTREAM, LLC",Crude Oil,INTERSTATE,OCS-Gulf of Mexico,0.0,513.484,513.484,0.0,0.0,0.0,0.0,0.0,0.0,0.0,0.0,0.0,0.0,0.0,0.0,0.0,0.0,0.0,0.0,0.0,0.0,0.0,0.0,513.484,0.0,513.484
2/2/2026,2023.0,20240103.0,21017.0,39090.0,"NUTAAQ PIPELINE, LLC",Crude Oil,INTRASTATE,ALASKA,25.05,0.0,25.05,0.0,0.0,0.0,0.0,0.0,0.0,0.0,0.0,0.0,0.0,0.0,0.0,0.0,0.0,0.0,0.0,0.0,0.0,0.0,25.05,0.0,0.0,25.05
2/2/2026,2023.0,20240208.0,21010.0,39099.0,CALIBER NORTH DAKOTA LLC,Crude Oil,INTRASTATE,NORTH DAKOTA,22.55,0.0,22.55,0.24,0.0,0.0,0.0,0.24,0.0,0.0,0.0,0.0,0.0,0.0,0.0,0.0,0.0,0.0,0.0,0.0,0.0,0.0,22.79,0.0,0.0,22.79
2/2/2026,2023.0,20240209.0,21011.0,39099.0,CALIBER NORTH DAKOTA LLC,HVL,INTRASTATE,NORTH DAKOTA,4.64,0.0,4.64,0.0,0.0,0.0,0.0,0.0,0.0,0.0,0.0,0.0,0.0,0.0,0.0,0.0,0.0,0.0,0.0,0.0,0.0,0.0,4.64,0.0,0.0,4.64
2/2/2026,2023.0,20240290.0,21101.0,39105.0,VALERO PARTNERS OPERATING CO. LLC,Crude Oil,INTERSTATE,MISSISSIPPI,37.9,0.0,37.9,0.0,0.0,0.0,0.0,0.0,0.0,0.0,0.0,0.0,0.0,0.0,0.0,0.0,0.0,0.0,0.0,0.0,0.0,0.0,37.9,0.0,0.0,37.9
2/2/2026,2023.0,20240290.0,21101.0,39105.0,VALERO PARTNERS OPERATING CO. LLC,Crude Oil,INTERSTATE,OKLAHOMA,36.49,0.0,36.49,0.0,0.0,0.0,0.0,0.0,0.0,0.0,0.0,0.0,0.0,0.0,0.0,0.0,0.0,0.0,0.0,0.0,0.0,0.0,36.49,0.0,0.0,36.49
2/2/2026,2023.0,20240290.0,21101.0,39105.0,VALERO PARTNERS OPERATING CO. LLC,Crude Oil,INTERSTATE,TENNESSEE,13.99,0.0,13.99,0.0,0.0,0.0,0.0,0.0,0.0,0.0,0.0,0.0,0.0,0.0,0.0,0.0,0.0,0.0,0.0,0.0,0.0,0.0,13.99,0.0,0.0,13.99
2/2/2026,2023.0,20240290.0,21101.0,39105.0,VALERO PARTNERS OPERATING CO. LLC,Crude Oil,INTERSTATE,TEXAS,109.12,0.0,109.12,0.0,17.59,0.0,0.0,17.59,0.0,0.0,0.0,0.0,0.0,0.0,0.0,0.0,0.0,0.0,0.0,0.0,0.0,0.0,126.71,0.0,0.0,126.71
2/2/2026,2023.0,20240290.0,21101.0,39105.0,VALERO PARTNERS OPERATING CO. LLC,Crude Oil,INTRASTATE,TEXAS,1.79,0.0,1.79,0.0,0.0,0.0,0.0,0.0,0.0,0.0,0.0,0.0,0.0,0.0,0.0,0.0,0.0,0.0,0.0,0.0,0.0,0.0,1.79,0.0,0.0,1.79
2/2/2026,2023.0,20240692.0,21514.0,39105.0,VALERO PARTNERS OPERATING CO. LLC,Refined and/or Petroleum Product (non-HVL),INTERSTATE,ARKANSAS,0.79,0.0,0.79,0.0,0.0,0.0,0.0,0.0,0.0,0.0,0.0,0.0,0.0,0.0,0.0,0.0,0.0,0.0,0.0,0.0,0.0,0.0,0.79,0.0,0.0,0.79
2/2/2026,2023.0,20240692.0,21514.0,39105.0,VALERO PARTNERS OPERATING CO. LLC,Refined and/or Petroleum Product (non-HVL),INTERSTATE,LOUISIANA,86.94,0.0,86.94,0.0,0.0,0.0,0.0,0.0,0.0,0.0,0.0,0.0,0.0,0.0,0.0,0.0,0.0,0.0,0.0,0.0,0.0,0.0,86.94,0.0,0.0,86.94
2/2/2026,2023.0,20240692.0,21514.0,39105.0,VALERO PARTNERS OPERATING CO. LLC,Refined and/or Petroleum Product (non-HVL),INTERSTATE,MISSISSIPPI,55.69,0.0,55.69,0.0,0.0,0.0,0.0,0.0,0.0,0.0,0.0,0.0,0.0,0.0,0.0,0.0,0.0,0.0,0.0,0.0,0.0,0.0,55.69,0.0,0.0,55.69
2/2/2026,2023.0,20240692.0,21514.0,39105.0,VALERO PARTNERS OPERATING CO. LLC,Refined and/or Petroleum Product (non-HVL),INTERSTATE,OKLAHOMA,30.11,0.0,30.11,0.0,0.0,0.0,0.0,0.0,0.0,0.0,0.0,0.0,0.0,0.0,0.0,0.0,0.0,0.0,0.0,0.0,0.0,0.0,30.11,0.0,0.0,30.11
2/2/2026,2023.0,20240692.0,21514.0,39105.0,VALERO PARTNERS OPERATING CO. LLC,Refined and/or Petroleum Product (non-HVL),INTERSTATE,TENNESSEE,8.06,0.0,8.06,0.0,0.0,0.0,0.0,0.0,0.0,0.0,0.0,0.0,0.0,0.0,0.0,0.0,0.0,0.0,0.0,0.0,0.0,0.0,8.06,0.0,0.0,8.06
2/2/2026,2023.0,20240692.0,21514.0,39105.0,VALERO PARTNERS OPERATING CO. LLC,Refined and/or Petroleum Product (non-HVL),INTRASTATE,TENNESSEE,11.14,0.0,11.14,0.0,0.0,0.0,0.0,0.0,0.0,0.0,0.0,0.0,0.0,0.0,0.0,0.0,0.0,0.0,0.0,0.0,0.0,0.0,11.14,0.0,0.0,11.14
2/2/2026,2023.0,20240692.0,21514.0,39105.0,VALERO PARTNERS OPERATING CO. LLC,Refined and/or Petroleum Product (non-HVL),INTRASTATE,TEXAS,14.71,0.0,14.71,8.4,0.0,0.0,0.0,8.4,0.0,0.0,0.0,0.0,0.0,0.0,0.0,0.0,0.0,0.0,0.0,0.0,0.0,0.0,23.11,0.0,0.0,23.11
2/2/2026,2023.0,20240011.0,20756.0,39108.0,BLUEFISH PIPELINE LLC,Refined and/or Petroleum Product (non-HVL),INTRASTATE,NEW MEXICO,0.0,0.0,0.0,4.0,0.0,0.0,0.0,4.0,0.0,0.0,0.0,0.0,0.0,0.0,0.0,0.0,0.0,0.0,0.0,0.0,0.0,0.0,4.0,0.0,0.0,4.0
2/2/2026,2023.0,20240011.0,20756.0,39108.0,BLUEFISH PIPELINE LLC,Refined and/or Petroleum Product (non-HVL),INTRASTATE,TEXAS,13.287,0.0,13.287,0.0,0.0,0.0,0.0,0.0,0.0,0.0,0.0,0.0,0.0,0.0,0.0,0.0,0.0,0.0,0.0,0.0,0.0,0.0,13.287,0.0,0.0,13.287
2/2/2026,2023.0,20240317.0,21128.0,39112.0,"ENLINK MIDSTREAM SERVICES, LLC",Crude Oil,INTRASTATE,OKLAHOMA,35.374,0.0,35.374,0.0,0.0,0.0,0.0,0.0,0.0,0.0,0.0,0.0,0.0,0.0,0.0,0.0,0.0,0.0,0.0,0.0,0.0,0.0,35.374,0.0,0.0,35.374
2/2/2026,2023.0,20240319.0,21130.0,39112.0,"ENLINK MIDSTREAM SERVICES, LLC",HVL,INTRASTATE,OKLAHOMA,13.135,0.0,13.135,0.0,0.0,0.0,0.0,0.0,0.0,0.0,0.0,0.0,0.0,0.0,0.0,0.0,0.0,0.0,0.0,0.0,0.0,0.0,13.135,0.0,0.0,13.135
2/2/2026,2023.0,20240319.0,21130.0,39112.0,"ENLINK MIDSTREAM SERVICES, LLC",HVL,INTRASTATE,TEXAS,112.216,0.0,112.216,0.0,0.0,0.0,0.0,0.0,0.0,0.0,0.0,0.0,0.0,0.0,0.0,0.0,0.0,0.0,0.0,0.0,0.0,0.0,112.216,0.0,0.0,112.216
2/2/2026,2023.0,20240466.0,21283.0,39122.0,UTICA EAST OHIO MIDSTREAM LLC,HVL,INTRASTATE,OHIO,62.73,0.0,62.73,0.0,0.0,0.0,0.0,0.0,0.0,0.0,0.0,0.0,0.0,0.0,0.0,0.0,0.0,0.0,0.0,0.0,0.0,0.0,62.73,0.0,0.0,62.73
2/2/2026,2023.0,20240255.0,21063.0,39131.0,PERMIAN EXPRESS TERMINAL LLC,Crude Oil,INTERSTATE,TEXAS,27.6,0.0,27.6,0.0,0.0,0.0,0.0,0.0,0.0,0.0,0.0,0.0,0.0,0.0,0.0,0.0,0.0,0.0,0.0,0.0,0.0,0.0,27.6,0.0,0.0,27.6
2/2/2026,2023.0,20240085.0,20843.0,39135.0,"VICTORIA EXPRESS PIPELINE, L.L.C.",Crude Oil,INTRASTATE,TEXAS,54.79,0.0,54.79,0.0,2.15,0.0,0.0,2.15,0.0,0.0,0.0,0.0,0.0,0.0,0.0,0.0,0.0,0.0,0.0,0.0,0.0,0.0,56.94,0.0,0.0,56.94
2/2/2026,2023.0,20240113.0,21552.0,39138.0,"BOARDWALK LOUISIANA MIDSTREAM, LLC",HVL,INTRASTATE,LOUISIANA,203.39,0.0,203.39,0.03,0.0,0.0,0.0,0.03,0.0,0.0,0.0,0.0,0.0,0.0,0.0,0.0,0.0,0.0,0.0,0.0,0.0,0.0,203.42,0.0,0.0,203.42
2/2/2026,2023.0,20240113.0,21552.0,39138.0,"BOARDWALK LOUISIANA MIDSTREAM, LLC",HVL,INTRASTATE,TEXAS,1.1,0.0,1.1,0.02,0.0,0.0,0.0,0.02,0.0,0.0,0.0,0.0,0.0,0.0,0.0,0.0,0.0,0.0,0.0,0.0,0.0,0.0,1.12,0.0,0.0,1.12
2/2/2026,2023.0,20240563.0,21380.0,39145.0,ENBRIDGE STORAGE (CUSHING) L.L.C.,Crude Oil,INTERSTATE,OKLAHOMA,24.546,0.0,24.546,0.0,0.0,0.0,0.0,0.0,0.0,0.0,0.0,0.0,0.0,0.0,0.0,0.0,0.0,0.0,0.0,0.0,0.0,0.0,24.546,0.0,0.0,24.546
2/2/2026,2023.0,20240136.0,21577.0,39149.0,IMTT-BAYONNE,Refined and/or Petroleum Product (non-HVL),INTRASTATE,NEW JERSEY,0.18,0.0,0.18,3.49,0.0,0.0,0.0,3.49,0.0,0.0,0.0,0.0,0.0,0.0,0.0,0.0,0.0,0.0,0.0,0.0,0.0,0.0,3.67,0.0,0.0,3.67
2/2/2026,2023.0,20240588.0,21405.0,39156.0,TARGA FRIO LASALLE PIPELINE LP,HVL,INTRASTATE,TEXAS,48.93,0.0,48.93,0.0,0.0,0.0,0.0,0.0,0.0,0.0,0.0,0.0,0.0,0.0,0.0,0.0,0.0,0.0,0.0,0.0,0.0,0.0,48.93,0.0,0.0,48.93
2/2/2026,2023.0,20240332.0,21143.0,39179.0,"AMPLIFY ENERGY OPERATING, LLC",CO2,INTRASTATE,WYOMING,20.0,0.0,20.0,0.0,0.0,0.0,0.0,0.0,0.0,0.0,0.0,0.0,0.0,0.0,0.0,0.0,0.0,0.0,0.0,0.0,0.0,0.0,20.0,0.0,0.0,20.0
2/2/2026,2023.0,20240430.0,21246.0,39183.0,"MEDALLION OPERATING COMPANY, LLC",Crude Oil,INTRASTATE,TEXAS,661.31,0.0,661.31,0.0,0.0,0.0,0.0,0.0,0.0,0.0,0.0,0.0,0.0,0.0,0.0,0.0,0.0,0.0,0.0,0.0,0.0,0.0,661.31,0.0,0.0,661.31
2/2/2026,2023.0,20240601.0,21419.0,39189.0,"SANARE ENERGY PARTNERS, LLC",Crude Oil,INTERSTATE,LOUISIANA,0.0,0.0,0.0,0.48,0.0,7.22,0.0,7.7,0.0,0.0,0.0,0.0,0.0,0.0,0.0,0.0,0.0,0.0,0.0,0.0,0.0,0.0,0.48,7.22,0.0,7.7
2/2/2026,2023.0,20240601.0,21419.0,39189.0,"SANARE ENERGY PARTNERS, LLC",Crude Oil,INTERSTATE,OCS-Gulf of Mexico,0.0,1.6,1.6,0.0,0.0,0.0,0.0,0.0,0.0,0.0,0.0,0.0,0.0,0.0,0.0,0.0,0.0,0.0,0.0,0.0,0.0,0.0,0.0,1.6,0.0,1.6
2/2/2026,2023.0,20240226.0,21033.0,39191.0,CONSOLIDATED EDISON CO OF NY,Refined and/or Petroleum Product (non-HVL),INTRASTATE,NEW YORK,0.0,0.0,0.0,0.71,0.0,0.0,0.0,0.71,0.0,0.0,0.0,0.0,0.0,0.0,0.0,0.0,0.0,0.21,0.0,0.0,0.0,0.21,0.92,0.0,0.0,0.92
2/2/2026,2023.0,20240102.0,20870.0,39196.0,CHEYENNE RAIL HUB,Crude Oil,INTRASTATE,WYOMING,0.0,0.0,0.0,1.8,0.0,0.0,0.0,1.8,0.0,0.0,0.0,0.0,0.0,0.0,0.0,0.0,0.0,0.0,0.0,0.0,0.0,0.0,1.8,0.0,0.0,1.8
2/2/2026,2023.0,20240295.0,21106.0,39205.0,"DAPL-ETCO OPERATIONS MANAGEMENT, LLC",Crude Oil,INTERSTATE,ARKANSAS,19.71,0.0,19.71,0.0,0.0,0.0,0.0,0.0,0.0,0.0,0.0,0.0,0.0,0.0,0.0,0.0,0.0,0.0,0.0,0.0,0.0,0.0,19.71,0.0,0.0,19.71
2/2/2026,2023.0,20240295.0,21106.0,39205.0,"DAPL-ETCO OPERATIONS MANAGEMENT, LLC",Crude Oil,INTERSTATE,ILLINOIS,320.46,0.0,320.46,0.0,0.0,0.0,0.0,0.0,0.0,0.0,0.0,0.0,0.0,0.0,0.0,0.0,0.0,0.0,0.0,0.0,0.0,0.0,320.46,0.0,0.0,320.46
2/2/2026,2023.0,20240295.0,21106.0,39205.0,"DAPL-ETCO OPERATIONS MANAGEMENT, LLC",Crude Oil,INTERSTATE,IOWA,348.08,0.0,348.08,0.0,0.0,0.0,0.0,0.0,0.0,0.0,0.0,0.0,0.0,0.0,0.0,0.0,0.0,0.0,0.0,0.0,0.0,0.0,348.08,0.0,0.0,348.08
2/2/2026,2023.0,20240295.0,21106.0,39205.0,"DAPL-ETCO OPERATIONS MANAGEMENT, LLC",Crude Oil,INTERSTATE,KENTUCKY,51.14,0.0,51.14,0.0,0.0,0.0,0.0,0.0,0.0,0.0,0.0,0.0,0.0,0.0,0.0,0.0,0.0,0.0,0.0,0.0,0.0,0.0,51.14,0.0,0.0,51.14
2/2/2026,2023.0,20240295.0,21106.0,39205.0,"DAPL-ETCO OPERATIONS MANAGEMENT, LLC",Crude Oil,INTERSTATE,LOUISIANA,236.95,0.0,236.95,0.0,0.0,0.0,0.0,0.0,0.0,0.0,0.0,0.0,0.0,0.0,0.0,0.0,0.0,0.0,0.0,0.0,0.0,0.0,236.95,0.0,0.0,236.95
2/2/2026,2023.0,20240295.0,21106.0,39205.0,"DAPL-ETCO OPERATIONS MANAGEMENT, LLC",Crude Oil,INTERSTATE,MISSISSIPPI,152.17,0.0,152.17,0.0,0.0,0.0,0.0,0.0,0.0,0.0,0.0,0.0,0.0,0.0,0.0,0.0,0.0,0.0,0.0,0.0,0.0,0.0,152.17,0.0,0.0,152.17
2/2/2026,2023.0,20240295.0,21106.0,39205.0,"DAPL-ETCO OPERATIONS MANAGEMENT, LLC",Crude Oil,INTERSTATE,NORTH DAKOTA,360.06,0.0,360.06,0.0,0.0,0.0,0.0,0.0,0.0,0.0,0.0,0.0,0.0,0.0,0.0,0.0,0.0,0.0,0.0,0.0,0.0,0.0,360.06,0.0,0.0,360.06
2/2/2026,2023.0,20240295.0,21106.0,39205.0,"DAPL-ETCO OPERATIONS MANAGEMENT, LLC",Crude Oil,INTERSTATE,SOUTH DAKOTA,274.95,0.0,274.95,0.0,0.0,0.0,0.0,0.0,0.0,0.0,0.0,0.0,0.0,0.0,0.0,0.0,0.0,0.0,0.0,0.0,0.0,0.0,274.95,0.0,0.0,274.95
2/2/2026,2023.0,20240295.0,21106.0,39205.0,"DAPL-ETCO OPERATIONS MANAGEMENT, LLC",Crude Oil,INTERSTATE,TENNESSEE,110.62,0.0,110.62,0.0,0.0,0.0,0.0,0.0,0.0,0.0,0.0,0.0,0.0,0.0,0.0,0.0,0.0,0.0,0.0,0.0,0.0,0.0,110.62,0.0,0.0,110.62
2/2/2026,2023.0,20240295.0,21106.0,39205.0,"DAPL-ETCO OPERATIONS MANAGEMENT, LLC",Crude Oil,INTERSTATE,TEXAS,43.69,0.0,43.69,0.0,0.0,0.0,0.0,0.0,0.0,0.0,0.0,0.0,0.0,0.0,0.0,0.0,0.0,0.0,0.0,0.0,0.0,0.0,43.69,0.0,0.0,43.69
2/2/2026,2023.0,20240140.0,20935.0,39216.0,TALLGRASS MIDSTREAM LLC,HVL,INTERSTATE,COLORADO,18.05,0.0,18.05,0.0,0.0,0.0,0.0,0.0,0.0,0.0,0.0,0.0,0.0,0.0,0.0,0.0,0.0,0.0,0.0,0.0,0.0,0.0,18.05,0.0,0.0,18.05
2/2/2026,2023.0,20240070.0,20822.0,39221.0,DAKOTA MIDSTREAM,Crude Oil,INTRASTATE,NORTH DAKOTA,0.0,0.0,0.0,0.0,20.68,0.0,0.0,20.68,0.0,0.0,0.0,0.0,0.0,0.0,0.0,0.0,0.0,0.0,0.0,0.0,0.0,0.0,20.68,0.0,0.0,20.68
2/2/2026,2023.0,20240280.0,21091.0,39229.0,CAMINO REAL GATHERING CO LLC,Crude Oil,INTRASTATE,TEXAS,46.797,0.0,46.797,0.0,0.0,0.0,0.0,0.0,0.0,0.0,0.0,0.0,0.0,0.0,0.0,0.0,0.0,0.0,0.0,0.0,0.0,0.0,46.797,0.0,0.0,46.797
2/2/2026,2023.0,20240351.0,21165.0,39232.0,MATADOR PRODUCTION COMPANY,Crude Oil,INTRASTATE,TEXAS,0.0,0.0,0.0,0.0,0.0,0.0,0.0,0.0,0.0,0.0,0.0,0.0,0.0,0.0,0.0,0.0,0.0,0.0,0.0,0.0,0.0,0.0,0.0,0.0,0.0,0.0
2/2/2026,2023.0,20240614.0,21435.0,39241.0,ZENITH ENERGY TERMINALS JOLIET HOLDINGS LLC,Crude Oil,INTRASTATE,ILLINOIS,4.538,0.0,4.538,0.0,0.0,0.0,0.0,0.0,0.0,0.0,0.0,0.0,0.0,0.0,0.0,0.0,0.0,0.0,0.0,0.0,0.0,0.0,4.538,0.0,0.0,4.538
2/2/2026,2023.0,20240403.0,21217.0,39252.0,"FASKEN OIL AND RANCH, LTD.",Crude Oil,INTRASTATE,TEXAS,0.0,0.0,0.0,0.0,0.0,0.0,0.0,0.0,0.0,0.0,0.0,0.0,0.0,0.0,0.0,0.0,0.0,0.0,34.08,0.0,0.0,34.08,34.08,0.0,0.0,34.08
2/2/2026,2023.0,20240402.0,21216.0,39252.0,"FASKEN OIL AND RANCH, LTD.",HVL,INTRASTATE,TEXAS,3.07,0.0,3.07,0.0,0.0,0.0,0.0,0.0,0.0,0.0,0.0,0.0,0.0,0.0,0.0,0.0,0.0,0.0,0.0,0.0,0.0,0.0,3.07,0.0,0.0,3.07
2/2/2026,2023.0,20240002.0,20742.0,39281.0,BROOKS RANGE PETROLEUM CORPORATION,Crude Oil,INTERSTATE,ALASKA,0.0,0.0,0.0,0.0,0.22,0.0,0.0,0.22,0.0,0.0,0.0,0.0,0.0,0.0,0.0,0.0,0.0,0.0,0.0,0.0,0.0,0.0,0.22,0.0,0.0,0.22
2/2/2026,2023.0,20240235.0,21042.0,39292.0,"TWIN EAGLE MIDSTREAM ASSETS, LLC",Crude Oil,INTERSTATE,WYOMING,4.49,0.0,4.49,0.0,0.0,0.0,0.0,0.0,0.0,0.0,0.0,0.0,0.0,0.0,0.0,0.0,0.0,0.0,0.0,0.0,0.0,0.0,4.49,0.0,0.0,4.49
2/2/2026,2023.0,20240452.0,21543.0,39303.0,"BASA RESOURCES, INC.",Crude Oil,INTRASTATE,TEXAS,0.0,0.0,0.0,15.42,0.0,0.0,0.0,15.42,0.0,0.0,0.0,0.0,0.0,0.0,0.0,0.0,0.0,0.6,0.0,0.0,0.0,0.6,16.02,0.0,0.0,16.02
2/2/2026,2023.0,20240339.0,21150.0,39313.0,"MAVERICK TERMINAL THREE RIVERS, LLC",HVL,INTRASTATE,TEXAS,1.77,0.0,1.77,0.0,0.0,0.0,0.0,0.0,0.0,0.0,0.0,0.0,0.0,0.0,0.0,0.0,0.0,0.0,0.0,0.0,0.0,0.0,1.77,0.0,0.0,1.77
2/2/2026,2023.0,20240416.0,21231.0,39317.0,SCOUT ENERGY MANAGEMENT LLC,CO2,INTRASTATE,COLORADO,11.6,0.0,11.6,0.0,0.0,0.0,0.0,0.0,0.0,0.0,0.0,0.0,0.0,0.0,0.0,0.0,0.0,0.0,0.0,0.0,0.0,0.0,11.6,0.0,0.0,11.6
2/2/2026,2023.0,20240416.0,21231.0,39317.0,SCOUT ENERGY MANAGEMENT LLC,CO2,INTRASTATE,UTAH,73.5,0.0,73.5,0.0,0.0,0.0,0.0,0.0,0.0,0.0,0.0,0.0,0.0,0.0,0.0,0.0,0.0,0.0,0.0,0.0,0.0,0.0,73.5,0.0,0.0,73.5
2/2/2026,2023.0,20240416.0,21231.0,39317.0,SCOUT ENERGY MANAGEMENT LLC,CO2,INTRASTATE,WYOMING,44.4,0.0,44.4,0.0,0.0,0.0,0.0,0.0,0.0,0.0,0.0,0.0,0.0,0.0,0.0,0.0,0.0,0.0,0.0,0.0,0.0,0.0,44.4,0.0,0.0,44.4
2/2/2026,2023.0,20240190.0,20986.0,39325.0,"TALOS ENERGY, LLC",Crude Oil,INTERSTATE,LOUISIANA,0.0,0.149,0.149,4.5,0.0,3.6,0.0,8.1,0.0,0.0,0.0,0.0,0.0,0.0,0.0,0.0,0.0,0.0,0.0,0.0,0.0,0.0,4.5,3.749,0.0,8.249
2/2/2026,2023.0,20240190.0,20986.0,39325.0,"TALOS ENERGY, LLC",Crude Oil,INTERSTATE,OCS-Gulf of Mexico,0.0,27.091,27.091,0.0,0.0,19.4,0.0,19.4,0.0,0.0,0.0,0.0,0.0,0.0,0.0,0.0,0.0,0.0,0.0,0.0,0.0,0.0,0.0,46.491,0.0,46.491
2/2/2026,2023.0,20240495.0,21312.0,39336.0,"BR PORT SERVICES, LLC",Crude Oil,INTRASTATE,LOUISIANA,0.0,0.0,0.0,3.92,0.0,0.0,0.0,3.92,0.0,0.0,0.0,0.0,0.0,0.0,0.0,0.0,0.0,0.0,0.0,0.0,0.0,0.0,3.92,0.0,0.0,3.92
2/2/2026,2023.0,20240575.0,21392.0,39339.0,TINSLEY RESOURCES  LLC,Crude Oil,INTRASTATE,MISSISSIPPI,0.0,0.0,0.0,37.415,0.0,0.0,0.0,37.415,0.0,0.0,0.0,0.0,0.0,0.0,0.0,0.0,0.0,0.0,0.0,0.0,0.0,0.0,37.415,0.0,0.0,37.415
2/2/2026,2023.0,20240168.0,21610.0,39341.0,"CHALMETTE LOUISIANA LIQUIDS, LLC",HVL,INTRASTATE,LOUISIANA,42.28,0.0,42.28,0.0,0.0,0.0,0.0,0.0,0.0,0.0,0.0,0.0,0.0,0.0,0.0,0.0,0.0,0.0,0.0,0.0,0.0,0.0,42.28,0.0,0.0,42.28
2/2/2026,2023.0,20240564.0,21381.0,39347.0,"ILLINOIS EXTENSION PIPELINE COMPANY, L.L.C.",Crude Oil,INTERSTATE,ILLINOIS,168.196,0.0,168.196,0.0,0.0,0.0,0.0,0.0,0.0,0.0,0.0,0.0,0.0,0.0,0.0,0.0,0.0,0.0,0.0,0.0,0.0,0.0,168.196,0.0,0.0,168.196
2/2/2026,2023.0,20240527.0,21344.0,39348.0,"NUSTAR PERMIAN TRANSPORTATION AND STORAGE, LLC",Crude Oil,INTRASTATE,TEXAS,402.35,0.0,402.35,0.0,0.0,0.0,0.0,0.0,0.0,0.0,0.0,0.0,0.0,0.0,0.0,0.0,0.0,0.0,0.0,0.0,0.0,0.0,402.35,0.0,0.0,402.35
2/2/2026,2023.0,20240038.0,20789.0,39349.0,"USG WHEATLAND PIPELINE, LLC",Crude Oil,INTRASTATE,NORTH DAKOTA,0.0,0.0,0.0,0.0,21.143,0.0,0.0,21.143,0.0,0.0,0.0,0.0,0.0,0.0,0.0,0.0,0.0,0.0,0.0,0.0,0.0,0.0,21.143,0.0,0.0,21.143
2/2/2026,2023.0,20240026.0,21580.0,39351.0,"MONARCH OIL PIPELINE, LLC",Crude Oil,INTERSTATE,OKLAHOMA,1.4,0.0,1.4,0.0,0.0,0.0,0.0,0.0,0.0,0.0,0.0,0.0,0.0,0.0,0.0,0.0,0.0,0.0,0.0,0.0,0.0,0.0,1.4,0.0,0.0,1.4
2/2/2026,2023.0,20240026.0,21580.0,39351.0,"MONARCH OIL PIPELINE, LLC",Crude Oil,INTERSTATE,TEXAS,38.3,0.0,38.3,0.0,0.0,0.0,0.0,0.0,0.0,0.0,0.0,0.0,0.0,0.0,0.0,0.0,0.0,0.0,0.0,0.0,0.0,0.0,38.3,0.0,0.0,38.3
2/2/2026,2023.0,20240026.0,21580.0,39351.0,"MONARCH OIL PIPELINE, LLC",Crude Oil,INTRASTATE,TEXAS,13.25,0.0,13.25,0.0,0.0,0.0,0.0,0.0,0.0,0.0,0.0,0.0,0.0,0.0,0.0,0.0,0.0,0.0,0.0,0.0,0.0,0.0,13.25,0.0,0.0,13.25
2/2/2026,2023.0,20240496.0,21313.0,39352.0,"GENESIS OFFSHORE HOLDINGS, LLC",Crude Oil,INTERSTATE,LOUISIANA,45.9,4.32,50.22,0.0,0.0,0.0,0.0,0.0,0.0,0.0,0.0,0.0,0.0,0.0,0.0,0.0,0.0,0.0,0.0,0.0,0.0,0.0,45.9,4.32,0.0,50.22
2/2/2026,2023.0,20240496.0,21313.0,39352.0,"GENESIS OFFSHORE HOLDINGS, LLC",Crude Oil,INTERSTATE,OCS-Gulf of Mexico,0.0,951.92,951.92,0.0,0.0,0.0,0.0,0.0,0.0,0.0,0.0,0.0,0.0,0.0,0.0,0.0,0.0,0.0,0.0,0.0,0.0,0.0,0.0,951.92,0.0,951.92
2/2/2026,2023.0,20240496.0,21313.0,39352.0,"GENESIS OFFSHORE HOLDINGS, LLC",Crude Oil,INTERSTATE,TEXAS,50.86,27.88,78.74,0.0,0.0,0.0,0.0,0.0,0.0,0.0,0.0,0.0,0.0,0.0,0.0,0.0,0.0,0.0,0.0,0.0,0.0,0.0,50.86,27.88,0.0,78.74
2/2/2026,2023.0,20240077.0,20834.0,39354.0,ENBRIDGE OFFSHORE FACILITIES,Crude Oil,INTERSTATE,OCS-Gulf of Mexico,0.0,164.55,164.55,0.0,0.0,0.0,0.0,0.0,0.0,0.0,0.0,0.0,0.0,0.0,0.0,0.0,0.0,0.0,0.0,0.0,0.0,0.0,0.0,164.55,0.0,164.55
2/2/2026,2023.0,20240300.0,21111.0,39368.0,CRESTWOOD MIDSTREAM PARTNERS LP,Crude Oil,INTRASTATE,NORTH DAKOTA,103.78,0.0,103.78,4.4,0.42,0.0,0.0,4.82,0.0,0.0,0.0,0.0,0.0,0.0,0.0,0.0,0.0,0.0,0.0,0.0,0.0,0.0,108.6,0.0,0.0,108.6
2/2/2026,2023.0,20240300.0,21111.0,39368.0,CRESTWOOD MIDSTREAM PARTNERS LP,Crude Oil,INTRASTATE,TEXAS,9.22,0.0,9.22,0.0,0.0,0.0,0.0,0.0,0.0,0.0,0.0,0.0,0.0,0.0,0.0,0.0,0.0,0.0,0.0,0.0,0.0,0.0,9.22,0.0,0.0,9.22
2/2/2026,2023.0,20240301.0,21112.0,39368.0,CRESTWOOD MIDSTREAM PARTNERS LP,HVL,INTERSTATE,SOUTH CAROLINA,62.7,0.0,62.7,0.0,0.0,0.0,0.0,0.0,0.0,0.0,0.0,0.0,0.0,0.0,0.0,0.0,0.0,0.0,0.0,0.0,0.0,0.0,62.7,0.0,0.0,62.7
2/2/2026,2023.0,20240301.0,21112.0,39368.0,CRESTWOOD MIDSTREAM PARTNERS LP,HVL,INTRASTATE,NORTH DAKOTA,2.75,0.0,2.75,0.0,0.0,0.0,0.0,0.0,0.0,0.0,0.0,0.0,0.0,0.0,0.0,0.0,0.0,0.0,0.0,0.0,0.0,0.0,2.75,0.0,0.0,2.75
2/2/2026,2023.0,20240301.0,21112.0,39368.0,CRESTWOOD MIDSTREAM PARTNERS LP,HVL,INTRASTATE,TEXAS,2.27,0.0,2.27,0.0,0.0,0.0,0.0,0.0,0.0,0.0,0.0,0.0,0.0,0.0,0.0,0.0,0.0,0.0,0.0,0.0,0.0,0.0,2.27,0.0,0.0,2.27
2/2/2026,2023.0,20240624.0,21445.0,39369.0,ELLSJET TERMINAL,Refined and/or Petroleum Product (non-HVL),INTRASTATE,SOUTH DAKOTA,0.0,0.0,0.0,6.51,0.0,0.0,0.0,6.51,0.0,0.0,0.0,0.0,0.0,0.0,0.0,0.0,0.0,0.0,0.0,0.0,0.0,0.0,6.51,0.0,0.0,6.51
2/2/2026,2023.0,20240043.0,20794.0,39376.0,"BLUE CUBE OPERATIONS, LLC.",Refined and/or Petroleum Product (non-HVL),INTRASTATE,TEXAS,1.55,0.0,1.55,0.0,0.0,0.0,0.0,0.0,0.0,0.0,0.0,0.0,0.0,0.0,0.0,0.0,0.0,0.0,0.0,0.0,0.0,0.0,1.55,0.0,0.0,1.55
2/2/2026,2023.0,20240696.0,21518.0,39377.0,"WHITNEY OIL & GAS, LLC",Crude Oil,INTRASTATE,LOUISIANA,0.0,0.0,0.0,0.0,0.0,16.642,0.0,16.642,0.0,0.0,0.0,0.0,0.0,0.0,0.0,0.0,0.0,0.0,0.0,0.0,0.0,0.0,0.0,16.642,0.0,16.642
2/2/2026,2023.0,20240498.0,21315.0,39389.0,"GEL TEXAS PIPELINE, LLC",Crude Oil,INTERSTATE,TEXAS,24.42,0.0,24.42,0.69,0.0,0.0,0.0,0.69,0.0,0.0,0.0,0.0,0.0,0.0,0.0,0.0,0.0,0.0,0.0,0.0,0.0,0.0,25.11,0.0,0.0,25.11
2/2/2026,2023.0,20240035.0,20872.0,39398.0,INEOS USA LLC,HVL,INTRASTATE,TEXAS,320.94,0.0,320.94,33.88,52.9,0.0,0.0,86.78,0.0,0.0,0.0,0.0,0.0,0.0,0.0,0.0,0.0,0.0,0.0,0.0,0.0,0.0,407.72,0.0,0.0,407.72
2/2/2026,2023.0,20240036.0,20873.0,39398.0,INEOS USA LLC,Refined and/or Petroleum Product (non-HVL),INTRASTATE,TEXAS,28.89,0.0,28.89,13.92,29.35,0.0,0.0,43.27,0.0,0.0,0.0,0.0,0.0,0.0,0.0,0.0,0.0,0.0,0.0,0.0,0.0,0.0,72.16,0.0,0.0,72.16
2/2/2026,2023.0,20240669.0,22515.0,39401.0,GREAT SALT PLAINS PIPELINE LLC,Crude Oil,INTRASTATE,KANSAS,289.66,0.0,289.66,0.0,20.52,0.0,0.0,20.52,1.04,43.97,0.0,0.0,45.01,0.0,0.0,0.0,0.0,0.0,0.0,0.0,0.0,0.0,355.19,0.0,0.0,355.19
2/2/2026,2023.0,20240669.0,22515.0,39401.0,GREAT SALT PLAINS PIPELINE LLC,Crude Oil,INTRASTATE,OKLAHOMA,161.89,0.0,161.89,0.0,0.0,0.0,0.0,0.0,0.0,0.0,0.0,0.0,0.0,0.0,0.0,0.0,0.0,0.0,0.0,0.0,0.0,0.0,161.89,0.0,0.0,161.89
2/2/2026,2023.0,20240380.0,21194.0,39409.0,"CHALMETTE REFINING, L.L.C.",Crude Oil,INTRASTATE,LOUISIANA,2.1,0.0,2.1,0.0,0.0,0.0,0.0,0.0,0.0,0.0,0.0,0.0,0.0,0.0,0.0,0.0,0.0,0.0,0.0,0.0,0.0,0.0,2.1,0.0,0.0,2.1
2/2/2026,2023.0,20240381.0,21195.0,39409.0,"CHALMETTE REFINING, L.L.C.",Refined and/or Petroleum Product (non-HVL),INTRASTATE,LOUISIANA,1.69,0.0,1.69,0.0,0.0,0.0,0.0,0.0,0.0,0.0,0.0,0.0,0.0,0.0,0.0,0.0,0.0,0.0,0.0,0.0,0.0,0.0,1.69,0.0,0.0,1.69
2/2/2026,2023.0,20240270.0,21080.0,39433.0,"MAGELLAN OPERATING COMPANY, LLC",Crude Oil,INTRASTATE,TEXAS,25.0,0.0,25.0,0.0,0.0,0.0,0.0,0.0,0.0,0.0,0.0,0.0,0.0,0.0,0.0,0.0,0.0,0.0,0.0,0.0,0.0,0.0,25.0,0.0,0.0,25.0
2/2/2026,2023.0,20240271.0,21081.0,39433.0,"MAGELLAN OPERATING COMPANY, LLC",Refined and/or Petroleum Product (non-HVL),INTRASTATE,TEXAS,11.14,0.0,11.14,0.0,0.0,0.0,0.0,0.0,0.0,0.0,0.0,0.0,0.0,0.0,0.0,0.0,0.0,0.0,0.0,0.0,0.0,0.0,11.14,0.0,0.0,11.14
2/2/2026,2023.0,20240013.0,20763.0,39436.0,INDORAMA VENTURES OLEFINS LLC,HVL,INTERSTATE,LOUISIANA,27.7,0.0,27.7,0.0,0.0,0.0,0.0,0.0,0.0,0.0,0.0,0.0,0.0,0.0,0.0,0.0,0.0,0.0,0.0,0.0,0.0,0.0,27.7,0.0,0.0,27.7
2/2/2026,2023.0,20240013.0,20763.0,39436.0,INDORAMA VENTURES OLEFINS LLC,HVL,INTERSTATE,TEXAS,5.0,0.0,5.0,0.0,0.0,0.0,0.0,0.0,0.0,0.0,0.0,0.0,0.0,0.0,0.0,0.0,0.0,0.0,0.0,0.0,0.0,0.0,5.0,0.0,0.0,5.0
2/2/2026,2023.0,20240013.0,20763.0,39436.0,INDORAMA VENTURES OLEFINS LLC,HVL,INTRASTATE,LOUISIANA,0.09,0.0,0.09,0.0,0.0,0.0,0.0,0.0,0.0,0.0,0.0,0.0,0.0,0.0,0.0,0.0,0.0,0.0,0.0,0.0,0.0,0.0,0.09,0.0,0.0,0.09
2/2/2026,2023.0,20240283.0,21094.0,39440.0,DOUBLE H,Crude Oil,INTERSTATE,MONTANA,266.658,0.0,266.658,0.0,0.0,0.0,0.0,0.0,0.0,0.0,0.0,0.0,0.0,0.0,0.0,0.0,0.0,0.0,0.0,0.0,0.0,0.0,266.658,0.0,0.0,266.658
2/2/2026,2023.0,20240283.0,21094.0,39440.0,DOUBLE H,Crude Oil,INTERSTATE,NORTH DAKOTA,0.876,0.0,0.876,0.0,0.0,0.0,0.0,0.0,0.0,0.0,0.0,0.0,0.0,0.0,0.0,0.0,0.0,0.0,0.0,0.0,0.0,0.0,0.876,0.0,0.0,0.876
2/2/2026,2023.0,20240283.0,21094.0,39440.0,DOUBLE H,Crude Oil,INTERSTATE,WYOMING,244.675,0.0,244.675,0.0,0.0,0.0,0.0,0.0,0.0,0.0,0.0,0.0,0.0,0.0,0.0,0.0,0.0,0.0,0.0,0.0,0.0,0.0,244.675,0.0,0.0,244.675
2/2/2026,2023.0,20240283.0,21094.0,39440.0,DOUBLE H,Crude Oil,INTRASTATE,WYOMING,0.274,0.0,0.274,0.0,0.0,0.0,0.0,0.0,0.0,0.0,0.0,0.0,0.0,0.0,0.0,0.0,0.0,0.0,0.0,0.0,0.0,0.0,0.274,0.0,0.0,0.274
2/2/2026,2023.0,20240302.0,21113.0,39462.0,"BAYOU BRIDGE PIPELINE, LLC",Crude Oil,INTERSTATE,LOUISIANA,187.36,0.0,187.36,0.0,0.0,0.0,0.0,0.0,0.0,0.0,0.0,0.0,0.0,0.0,0.0,0.0,0.0,0.0,0.0,0.0,0.0,0.0,187.36,0.0,0.0,187.36
2/2/2026,2023.0,20240302.0,21113.0,39462.0,"BAYOU BRIDGE PIPELINE, LLC",Crude Oil,INTERSTATE,TEXAS,24.89,0.0,24.89,0.0,0.0,0.0,0.0,0.0,0.0,0.0,0.0,0.0,0.0,0.0,0.0,0.0,0.0,0.0,0.0,0.0,0.0,0.0,24.89,0.0,0.0,24.89
2/2/2026,2023.0,20240191.0,20987.0,39467.0,"KURARAY AMERICA, INC.",HVL,INTRASTATE,TEXAS,0.0,0.0,0.0,10.42,0.0,0.0,0.0,10.42,0.0,0.0,0.0,0.0,0.0,0.0,0.0,0.0,0.0,0.0,0.0,0.0,0.0,0.0,10.42,0.0,0.0,10.42
2/2/2026,2023.0,20240352.0,21166.0,39474.0,"ENBRIDGE INGLESIDE, LLC",Crude Oil,INTRASTATE,TEXAS,29.914,0.0,29.914,0.0,0.0,0.0,0.0,0.0,0.0,0.0,0.0,0.0,0.0,0.0,0.0,0.0,0.0,0.0,0.0,0.0,0.0,0.0,29.914,0.0,0.0,29.914
2/2/2026,2023.0,20240353.0,21167.0,39474.0,"ENBRIDGE INGLESIDE, LLC",HVL,INTRASTATE,TEXAS,18.185,0.0,18.185,0.0,0.0,0.0,0.0,0.0,0.0,0.0,0.0,0.0,0.0,0.0,0.0,0.0,0.0,0.0,0.0,0.0,0.0,0.0,18.185,0.0,0.0,18.185
2/2/2026,2023.0,20240609.0,21547.0,39476.0,"BRAZOS MIDSTREAM OPERATING, LLC",HVL,INTRASTATE,TEXAS,12.37,0.0,12.37,0.0,0.0,0.0,0.0,0.0,0.0,0.0,0.0,0.0,0.0,0.0,0.0,0.0,0.0,0.0,0.0,0.0,0.0,0.0,12.37,0.0,0.0,12.37
2/2/2026,2023.0,20240487.0,21304.0,39477.0,"KEYERA ENERGY, INC.",Crude Oil,INTRASTATE,OKLAHOMA,0.0,0.0,0.0,0.0,2.44,0.0,0.0,2.44,0.0,0.0,0.0,0.0,0.0,0.0,0.0,0.0,0.0,0.0,0.0,0.0,0.0,0.0,2.44,0.0,0.0,2.44
2/2/2026,2023.0,20240391.0,21205.0,39487.0,COPANO PROCESSING LLC,HVL,INTRASTATE,TEXAS,3.16,0.0,3.16,0.0,0.0,0.0,0.0,0.0,0.0,0.0,0.0,0.0,0.0,0.0,0.0,0.0,0.0,0.0,0.0,0.0,0.0,0.0,3.16,0.0,0.0,3.16
2/2/2026,2023.0,20240030.0,20781.0,39491.0,EQT PRODUCTION,HVL,INTRASTATE,WEST VIRGINIA,4.52,0.0,4.52,0.0,0.0,0.0,0.0,0.0,0.0,0.0,0.0,0.0,0.0,0.0,0.0,0.0,0.0,0.0,0.0,0.0,0.0,0.0,4.52,0.0,0.0,4.52
2/2/2026,2023.0,20240171.0,21660.0,39492.0,"CELANESE CHEMICALS, INC",HVL,INTRASTATE,TEXAS,0.0,0.0,0.0,12.64,0.0,0.0,0.0,12.64,0.0,0.0,0.0,0.0,0.0,0.0,0.0,0.0,0.0,0.0,0.0,0.0,0.0,0.0,12.64,0.0,0.0,12.64
2/2/2026,2023.0,20240331.0,21142.0,39492.0,"CELANESE CHEMICALS, INC",Refined and/or Petroleum Product (non-HVL),INTRASTATE,TEXAS,0.0,0.0,0.0,4.84,0.0,0.0,0.0,4.84,0.0,0.0,0.0,0.0,0.0,0.0,0.0,0.0,0.0,0.0,0.0,0.0,0.0,0.0,4.84,0.0,0.0,4.84
2/2/2026,2023.0,20240269.0,21079.0,39504.0,"MAGELLAN CRUDE OIL PIPELINE COMPANY, L.P.",Crude Oil,INTERSTATE,TEXAS,466.09,0.0,466.09,3.41,0.0,0.0,0.0,3.41,0.0,0.0,0.0,0.0,0.0,0.0,0.0,0.0,0.0,0.0,0.0,0.0,0.0,0.0,469.5,0.0,0.0,469.5
2/2/2026,2023.0,20240269.0,21079.0,39504.0,"MAGELLAN CRUDE OIL PIPELINE COMPANY, L.P.",Crude Oil,INTRASTATE,TEXAS,125.74,0.0,125.74,0.0,0.0,0.0,0.0,0.0,0.0,0.0,0.0,0.0,0.0,0.0,0.0,0.0,0.0,0.0,0.0,0.0,0.0,0.0,125.74,0.0,0.0,125.74
2/2/2026,2023.0,20240211.0,21018.0,39506.0,PEAK MIDSTREAM GOLDSBORO LLC,Refined and/or Petroleum Product (non-HVL),INTRASTATE,NORTH CAROLINA,0.0,0.0,0.0,5.62,0.0,0.0,0.0,5.62,0.0,0.0,0.0,0.0,0.0,0.0,0.0,0.0,0.0,0.0,0.0,0.0,0.0,0.0,5.62,0.0,0.0,5.62
2/2/2026,2023.0,20240598.0,21415.0,39509.0,"ITC PIPELINE COMPANY, LLC",Refined and/or Petroleum Product (non-HVL),INTRASTATE,TEXAS,7.0,0.0,7.0,4.7,0.0,0.0,0.0,4.7,0.0,0.0,0.0,0.0,0.0,0.0,0.0,0.0,0.0,0.0,0.0,0.0,0.0,0.0,11.7,0.0,0.0,11.7
2/2/2026,2023.0,20240222.0,21029.0,39518.0,KINDER MORGAN UTOPIA LLC,HVL,INTERSTATE,MICHIGAN,60.028,0.0,60.028,0.0,0.0,0.0,0.0,0.0,0.0,0.0,0.0,0.0,0.0,0.0,0.0,0.0,0.0,0.0,0.0,0.0,0.0,0.0,60.028,0.0,0.0,60.028
2/2/2026,2023.0,20240222.0,21029.0,39518.0,KINDER MORGAN UTOPIA LLC,HVL,INTERSTATE,OHIO,205.763,0.0,205.763,0.0,0.0,0.0,0.0,0.0,0.0,0.0,0.0,0.0,0.0,0.0,0.0,0.0,0.0,0.0,0.0,0.0,0.0,0.0,205.763,0.0,0.0,205.763
2/2/2026,2023.0,20240382.0,21196.0,39532.0,TORRANCE BASIN PIPELINE COMPANY LLC,Crude Oil,INTRASTATE,CALIFORNIA,13.89,0.0,13.89,0.0,0.0,0.0,0.0,0.0,0.0,0.0,0.0,0.0,0.0,0.0,0.0,0.0,0.0,0.0,0.0,0.0,0.0,0.0,13.89,0.0,0.0,13.89
2/2/2026,2023.0,20240383.0,21197.0,39532.0,TORRANCE BASIN PIPELINE COMPANY LLC,Refined and/or Petroleum Product (non-HVL),INTRASTATE,CALIFORNIA,8.28,0.0,8.28,0.0,0.0,0.0,0.0,0.0,0.0,0.0,0.0,0.0,0.0,0.0,0.0,0.0,0.0,0.0,0.0,0.0,0.0,0.0,8.28,0.0,0.0,8.28
2/2/2026,2023.0,20240384.0,21198.0,39533.0,TORRANCE LOGISTICS COMPANY LLC,Crude Oil,INTRASTATE,CALIFORNIA,0.84,0.0,0.84,0.0,0.0,0.0,0.0,0.0,0.0,0.0,0.0,0.0,0.0,0.0,0.0,0.0,0.0,0.0,0.0,0.0,0.0,0.0,0.84,0.0,0.0,0.84
2/2/2026,2023.0,20240385.0,21199.0,39533.0,TORRANCE LOGISTICS COMPANY LLC,Refined and/or Petroleum Product (non-HVL),INTRASTATE,CALIFORNIA,0.0,0.0,0.0,0.0,0.0,0.0,0.0,0.0,0.0,0.0,0.0,0.0,0.0,0.0,0.0,0.0,0.0,0.0,0.0,0.0,0.0,0.0,0.0,0.0,0.0,0.0
2/2/2026,2023.0,20240386.0,21200.0,39534.0,TORRANCE VALLEY PIPELINE COMPANY LLC,Crude Oil,INTRASTATE,CALIFORNIA,181.46,0.0,181.46,0.0,0.0,0.0,0.0,0.0,0.0,0.0,0.0,0.0,0.0,0.0,0.0,0.0,0.0,0.0,0.0,0.0,0.0,0.0,181.46,0.0,0.0,181.46
2/2/2026,2023.0,20240387.0,21201.0,39535.0,TORRANCE PIPELINE COMPANY LLC,Crude Oil,INTRASTATE,CALIFORNIA,10.69,0.0,10.69,0.0,0.0,0.0,0.0,0.0,0.0,0.0,0.0,0.0,0.0,0.0,0.0,0.0,0.0,0.0,0.0,0.0,0.0,0.0,10.69,0.0,0.0,10.69
2/2/2026,2023.0,20240388.0,21202.0,39535.0,TORRANCE PIPELINE COMPANY LLC,Refined and/or Petroleum Product (non-HVL),INTRASTATE,CALIFORNIA,85.97,0.0,85.97,0.0,0.0,0.0,0.0,0.0,0.0,0.0,0.0,0.0,0.0,0.0,0.0,0.0,0.0,0.0,0.0,0.0,0.0,0.0,85.97,0.0,0.0,85.97
2/2/2026,2023.0,20240670.0,21491.0,39540.0,"ARB MIDSTREAM, LLC",Crude Oil,INTRASTATE,COLORADO,109.97,0.0,109.97,0.0,36.67,0.0,0.0,36.67,0.0,0.0,0.0,0.0,0.0,0.0,0.0,0.0,0.0,0.0,0.0,0.0,0.0,0.0,146.64,0.0,0.0,146.64
2/2/2026,2023.0,20240571.0,21388.0,39551.0,"STAKEHOLDER MIDSTREAM CRUDE OIL PIPELINE, LLC",Crude Oil,INTRASTATE,NEW MEXICO,0.0,0.0,0.0,0.0,0.0,0.0,0.0,0.0,0.0,0.0,0.0,0.0,0.0,0.0,0.0,0.0,0.0,0.0,0.0,0.0,0.0,0.0,0.0,0.0,0.0,0.0
2/2/2026,2023.0,20240571.0,21388.0,39551.0,"STAKEHOLDER MIDSTREAM CRUDE OIL PIPELINE, LLC",Crude Oil,INTRASTATE,TEXAS,23.66,0.0,23.66,0.0,0.0,0.0,0.0,0.0,0.0,0.0,0.0,0.0,0.0,0.0,0.0,0.0,0.0,0.0,0.0,0.0,0.0,0.0,23.66,0.0,0.0,23.66
2/2/2026,2023.0,20240651.0,21639.0,39556.0,ISLAND ENERGY SERVICES,Refined and/or Petroleum Product (non-HVL),INTRASTATE,HAWAII,45.259,0.0,45.259,0.0,0.0,0.0,0.0,0.0,0.0,0.0,0.0,0.0,0.0,0.0,0.0,0.0,0.0,0.0,0.0,0.0,0.0,0.0,45.259,0.0,0.0,45.259
2/2/2026,2023.0,20240702.0,22510.0,39565.0,TORRENT OIL LLC,Crude Oil,INTRASTATE,TEXAS,0.0,0.0,0.0,0.0,0.0,0.0,0.0,0.0,0.0,0.0,0.0,0.0,0.0,0.0,0.0,0.0,0.0,0.0,0.0,0.0,0.0,0.0,0.0,0.0,0.0,0.0
2/2/2026,2023.0,20240204.0,21431.0,39566.0,TARGA NORTHERN DELAWARE LLC,HVL,INTRASTATE,NEW MEXICO,28.97,0.0,28.97,0.0,0.0,0.0,0.0,0.0,0.0,0.0,0.0,0.0,0.0,0.0,0.0,0.0,0.0,0.0,0.0,0.0,0.0,0.0,28.97,0.0,0.0,28.97
2/2/2026,2023.0,20240207.0,21009.0,39581.0,CALIBER BEAR DEN INTERCONNECT LLC,Crude Oil,INTRASTATE,NORTH DAKOTA,5.7,0.0,5.7,0.0,0.0,0.0,0.0,0.0,0.0,0.0,0.0,0.0,0.0,0.0,0.0,0.0,0.0,0.0,0.0,0.0,0.0,0.0,5.7,0.0,0.0,5.7
2/2/2026,2023.0,20240097.0,20862.0,39587.0,"SAVAGE BAKKEN CONNECTOR, INC",Crude Oil,INTERSTATE,NORTH DAKOTA,0.05,0.0,0.05,0.0,2.0,0.0,0.0,2.0,0.0,0.0,0.0,0.0,0.0,0.0,0.0,0.0,0.0,0.0,0.0,0.0,0.0,0.0,2.05,0.0,0.0,2.05
2/2/2026,2023.0,20240344.0,21155.0,39589.0,"STATELINE CRUDE, LLC",Crude Oil,INTERSTATE,NEW MEXICO,4.58,0.0,4.58,0.0,0.0,0.0,0.0,0.0,0.0,0.0,0.0,0.0,0.0,0.0,0.0,0.0,0.0,0.0,0.0,0.0,0.0,0.0,4.58,0.0,0.0,4.58
2/2/2026,2023.0,20240344.0,21155.0,39589.0,"STATELINE CRUDE, LLC",Crude Oil,INTERSTATE,TEXAS,19.23,0.0,19.23,0.0,0.0,0.0,0.0,0.0,0.0,0.0,0.0,0.0,0.0,0.0,0.0,0.0,0.0,0.0,0.0,0.0,0.0,0.0,19.23,0.0,0.0,19.23
2/2/2026,2023.0,20240306.0,21117.0,39593.0,QEP ENERGY COMPANY,Crude Oil,INTRASTATE,TEXAS,0.0,0.0,0.0,0.0,2.54,0.0,0.0,2.54,0.0,0.0,0.0,0.0,0.0,0.0,0.0,0.0,0.0,0.0,0.0,0.0,0.0,0.0,2.54,0.0,0.0,2.54
2/2/2026,2023.0,20240303.0,21114.0,39596.0,PERMIAN EXPRESS PARTNERS LLC,Crude Oil,INTERSTATE,ARKANSAS,297.43,0.0,297.43,0.01,0.61,0.0,0.0,0.62,0.0,0.0,0.0,0.0,0.0,0.0,0.0,0.0,0.0,0.0,0.0,0.0,0.0,0.0,298.05,0.0,0.0,298.05
2/2/2026,2023.0,20240303.0,21114.0,39596.0,PERMIAN EXPRESS PARTNERS LLC,Crude Oil,INTERSTATE,ILLINOIS,78.21,0.0,78.21,0.0,1.04,0.0,0.0,1.04,0.0,0.0,0.0,0.0,0.0,0.0,0.0,0.0,0.0,0.0,0.0,0.0,0.0,0.0,79.25,0.0,0.0,79.25
2/2/2026,2023.0,20240303.0,21114.0,39596.0,PERMIAN EXPRESS PARTNERS LLC,Crude Oil,INTERSTATE,LOUISIANA,222.91,0.0,222.91,0.0,0.0,0.0,0.0,0.0,0.2,0.0,0.0,0.0,0.2,0.0,0.0,0.0,0.0,0.0,0.0,0.0,0.0,0.0,223.11,0.0,0.0,223.11
2/2/2026,2023.0,20240303.0,21114.0,39596.0,PERMIAN EXPRESS PARTNERS LLC,Crude Oil,INTERSTATE,MISSOURI,121.04,0.0,121.04,0.0,0.0,0.0,0.0,0.0,0.0,0.0,0.0,0.0,0.0,0.0,0.0,0.0,0.0,0.0,0.0,0.0,0.0,0.0,121.04,0.0,0.0,121.04
2/2/2026,2023.0,20240303.0,21114.0,39596.0,PERMIAN EXPRESS PARTNERS LLC,Crude Oil,INTERSTATE,TEXAS,945.06,0.0,945.06,0.0,0.64,0.0,0.0,0.64,0.0,0.0,0.0,0.0,0.0,0.0,0.0,0.0,0.0,0.0,0.0,0.0,0.0,0.0,945.7,0.0,0.0,945.7
2/2/2026,2023.0,20240303.0,21114.0,39596.0,PERMIAN EXPRESS PARTNERS LLC,Crude Oil,INTRASTATE,OKLAHOMA,0.0,0.0,0.0,2.27,0.0,0.0,0.0,2.27,0.0,0.0,0.0,0.0,0.0,0.0,0.0,0.0,0.0,0.0,0.0,0.0,0.0,0.0,2.27,0.0,0.0,2.27
2/2/2026,2023.0,20240303.0,21114.0,39596.0,PERMIAN EXPRESS PARTNERS LLC,Crude Oil,INTRASTATE,TEXAS,24.93,0.0,24.93,1.53,1.33,0.0,0.0,2.86,0.0,0.77,0.0,0.0,0.77,0.0,0.0,0.0,0.0,0.0,0.0,0.0,0.0,0.0,28.56,0.0,0.0,28.56
2/2/2026,2023.0,20240304.0,21115.0,39596.0,PERMIAN EXPRESS PARTNERS LLC,HVL,INTRASTATE,OKLAHOMA,0.0,0.0,0.0,0.0,0.0,0.0,0.0,0.0,2.15,6.73,0.0,0.0,8.88,0.0,0.0,0.0,0.0,0.0,0.0,0.0,0.0,0.0,8.88,0.0,0.0,8.88
2/2/2026,2023.0,20240042.0,20793.0,39600.0,VAQUERO PERMIAN PROCESSING LLC,HVL,INTRASTATE,TEXAS,3.265,0.0,3.265,0.0,0.0,0.0,0.0,0.0,0.0,0.0,0.0,0.0,0.0,0.0,0.0,0.0,0.0,0.0,0.0,0.0,0.0,0.0,3.265,0.0,0.0,3.265
2/2/2026,2023.0,20240704.0,21528.0,39610.0,"CPE GATHERING MIDCON, LLC",Crude Oil,INTRASTATE,OKLAHOMA,16.76,0.0,16.76,0.0,0.0,0.0,0.0,0.0,0.0,0.0,0.0,0.0,0.0,0.0,0.0,0.0,0.0,0.0,0.0,0.0,0.0,0.0,16.76,0.0,0.0,16.76
2/2/2026,2023.0,20240225.0,21032.0,39617.0,EQUILON ENTERPRISES LLC DBA SHELL OIL PRODUCTS US - CONVENT REFINERY,HVL,INTRASTATE,LOUISIANA,20.7,0.0,20.7,0.0,0.0,0.0,0.0,0.0,0.0,0.0,0.0,0.0,0.0,0.0,0.0,0.0,0.0,0.0,0.0,0.0,0.0,0.0,20.7,0.0,0.0,20.7
2/2/2026,2023.0,20240375.0,21224.0,39636.0,"CARBON CALIFORNIA OPERATING COMPANY, LLC",Crude Oil,INTRASTATE,CALIFORNIA,0.0,0.0,0.0,3.7,0.0,0.0,0.0,3.7,0.0,0.0,0.0,0.0,0.0,0.0,0.0,0.0,0.0,0.0,0.0,0.0,0.0,0.0,3.7,0.0,0.0,3.7
2/2/2026,2023.0,20240078.0,20835.0,39637.0,UTAH GAS OP LTD DBA UTAH GAS CORP,HVL,INTERSTATE,COLORADO,15.1,0.0,15.1,0.0,0.0,0.0,0.0,0.0,0.0,0.0,0.0,0.0,0.0,0.0,0.0,0.0,0.0,0.0,0.0,0.0,0.0,0.0,15.1,0.0,0.0,15.1
2/2/2026,2023.0,20240078.0,20835.0,39637.0,UTAH GAS OP LTD DBA UTAH GAS CORP,HVL,INTERSTATE,UTAH,1.6,0.0,1.6,0.0,0.0,0.0,0.0,0.0,0.0,0.0,0.0,0.0,0.0,0.0,0.0,0.0,0.0,0.0,0.0,0.0,0.0,0.0,1.6,0.0,0.0,1.6
2/2/2026,2023.0,20240611.0,21429.0,39639.0,TANKS R US,Refined and/or Petroleum Product (non-HVL),INTRASTATE,MICHIGAN,0.0,0.0,0.0,0.01,0.0,0.0,0.0,0.01,0.0,0.0,0.0,0.0,0.0,0.0,0.0,0.0,0.0,0.0,0.0,0.0,0.0,0.0,0.01,0.0,0.0,0.01
2/2/2026,2023.0,20240167.0,20963.0,39647.0,VALERO TEXAS CITY REFINERY,Refined and/or Petroleum Product (non-HVL),INTRASTATE,TEXAS,5.19,0.0,5.19,0.0,0.0,0.0,0.0,0.0,0.0,0.0,0.0,0.0,0.0,0.0,0.0,0.0,0.0,0.0,0.0,0.0,0.0,0.0,5.19,0.0,0.0,5.19
2/2/2026,2023.0,20240681.0,21503.0,39648.0,VALERO HOUSTON REFINERY,Crude Oil,INTRASTATE,TEXAS,0.0,0.0,0.0,1.398,0.0,0.0,0.0,1.398,0.0,0.0,0.0,0.0,0.0,0.0,0.0,0.0,0.0,0.0,0.0,0.0,0.0,0.0,1.398,0.0,0.0,1.398
2/2/2026,2023.0,20240683.0,21505.0,39648.0,VALERO HOUSTON REFINERY,HVL,INTRASTATE,TEXAS,3.758,0.0,3.758,0.0,0.0,0.0,0.0,0.0,0.0,0.0,0.0,0.0,0.0,0.0,0.0,0.0,0.0,0.0,0.0,0.0,0.0,0.0,3.758,0.0,0.0,3.758
2/2/2026,2023.0,20240682.0,21504.0,39648.0,VALERO HOUSTON REFINERY,Refined and/or Petroleum Product (non-HVL),INTRASTATE,TEXAS,10.956,0.0,10.956,0.0,0.0,0.0,0.0,0.0,0.0,0.0,0.0,0.0,0.0,0.0,0.0,0.0,0.0,0.0,0.0,0.0,0.0,0.0,10.956,0.0,0.0,10.956
2/2/2026,2023.0,20240104.0,21614.0,39649.0,"IRONWOOD MIDSTREAM ENERGY PARTNERS, LLC",Crude Oil,INTRASTATE,TEXAS,84.388,0.0,84.388,0.0,0.0,0.0,0.0,0.0,0.0,0.0,0.0,0.0,0.0,0.0,0.0,0.0,0.0,0.0,0.0,0.0,0.0,0.0,84.388,0.0,0.0,84.388
2/2/2026,2023.0,20240185.0,21561.0,39654.0,ORYX DELAWARE OIL TRANSPORT LLC,Crude Oil,INTERSTATE,NEW MEXICO,139.21,0.0,139.21,0.0,0.0,0.0,0.0,0.0,0.0,0.0,0.0,0.0,0.0,0.0,0.0,0.0,0.0,0.0,0.0,0.0,0.0,0.0,139.21,0.0,0.0,139.21
2/2/2026,2023.0,20240185.0,21561.0,39654.0,ORYX DELAWARE OIL TRANSPORT LLC,Crude Oil,INTERSTATE,TEXAS,507.05,0.0,507.05,0.0,0.0,0.0,0.0,0.0,0.0,0.0,0.0,0.0,0.0,0.0,0.0,0.0,0.0,0.0,0.0,0.0,0.0,0.0,507.05,0.0,0.0,507.05
2/2/2026,2023.0,20240185.0,21561.0,39654.0,ORYX DELAWARE OIL TRANSPORT LLC,Crude Oil,INTRASTATE,TEXAS,54.49,0.0,54.49,0.0,0.0,0.0,0.0,0.0,0.0,0.0,0.0,0.0,0.0,0.0,0.0,0.0,0.0,0.0,0.0,0.0,0.0,0.0,54.49,0.0,0.0,54.49
2/2/2026,2023.0,20240127.0,20903.0,39663.0,ALA ENERGY LLC,HVL,INTRASTATE,WASHINGTON,0.0,0.0,0.0,0.41,0.0,0.0,0.0,0.41,0.0,0.0,0.0,0.0,0.0,0.0,0.0,0.0,0.0,0.0,0.0,0.0,0.0,0.0,0.41,0.0,0.0,0.41
2/2/2026,2023.0,20240166.0,20962.0,39666.0,FORMULA MIDSTREAM PARTNERS LLC,Crude Oil,INTRASTATE,TEXAS,22.15,0.0,22.15,0.0,0.0,0.0,0.0,0.0,0.0,0.0,0.0,0.0,0.0,0.0,0.0,0.0,0.0,0.0,0.0,0.0,0.0,0.0,22.15,0.0,0.0,22.15
2/2/2026,2023.0,20240090.0,20851.0,39675.0,"SCT PIPELINE, LLC",Crude Oil,INTRASTATE,OKLAHOMA,17.49,0.0,17.49,0.0,0.0,0.0,0.0,0.0,0.0,0.0,0.0,0.0,0.0,0.0,0.0,0.0,0.0,0.0,0.0,0.0,0.0,0.0,17.49,0.0,0.0,17.49
2/2/2026,2023.0,20240467.0,21284.0,39684.0,ROCKY MOUNTAIN MIDSTREAM PIPELINE LLC,Crude Oil,INTRASTATE,COLORADO,59.607,0.0,59.607,0.0,0.0,0.0,0.0,0.0,0.0,0.0,0.0,0.0,0.0,0.0,0.0,0.0,0.0,0.0,0.0,0.0,0.0,0.0,59.607,0.0,0.0,59.607
2/2/2026,2023.0,20240468.0,21285.0,39684.0,ROCKY MOUNTAIN MIDSTREAM PIPELINE LLC,HVL,INTRASTATE,COLORADO,22.064,0.0,22.064,0.0,0.0,0.0,0.0,0.0,0.0,0.0,0.0,0.0,0.0,0.0,0.0,0.0,0.0,0.0,0.0,0.0,0.0,0.0,22.064,0.0,0.0,22.064
2/2/2026,2023.0,20240003.0,20743.0,39694.0,"BRIDGE ENERGY, LLC",Crude Oil,INTRASTATE,CALIFORNIA,0.0,0.0,0.0,3.5,0.0,0.0,0.0,3.5,0.0,0.0,0.0,0.0,0.0,0.0,0.0,0.0,0.0,0.0,0.0,0.0,0.0,0.0,3.5,0.0,0.0,3.5
2/2/2026,2023.0,20240138.0,20933.0,39698.0,EXTEX OPERATING COMPANY,Crude Oil,INTRASTATE,LOUISIANA,0.0,0.0,0.0,0.0,0.0,0.21,0.0,0.21,0.0,0.0,0.0,0.0,0.0,0.0,0.0,0.0,0.0,0.0,0.0,0.0,0.0,0.0,0.0,0.21,0.0,0.21
2/2/2026,2023.0,20240706.0,21531.0,39713.0,CANTIUM. LLC,Crude Oil,INTERSTATE,LOUISIANA,0.0,0.0,0.0,0.0,0.0,4.03,0.0,4.03,0.0,0.0,0.0,0.0,0.0,0.0,0.0,0.0,0.0,0.0,0.0,0.0,0.0,0.0,0.0,4.03,0.0,4.03
2/2/2026,2023.0,20240706.0,21531.0,39713.0,CANTIUM. LLC,Crude Oil,INTERSTATE,OCS-Gulf of Mexico,0.0,0.0,0.0,0.0,0.0,1.79,0.0,1.79,0.0,0.0,0.0,0.0,0.0,0.0,0.0,0.0,0.0,0.0,0.0,0.0,0.0,0.0,0.0,1.79,0.0,1.79
2/2/2026,2023.0,20240199.0,21000.0,39731.0,VANTAGE PIPELINE US LP,HVL,INTERSTATE,NORTH DAKOTA,127.11,0.0,127.11,0.0,0.0,0.0,0.0,0.0,0.0,0.0,0.0,0.0,0.0,0.0,0.0,0.0,0.0,0.0,0.0,0.0,0.0,0.0,127.11,0.0,0.0,127.11
2/2/2026,2023.0,20240153.0,20949.0,39739.0,OCELOT ENERGY MANAGEMENT LLC,Refined and/or Petroleum Product (non-HVL),INTRASTATE,TEXAS,16.71,0.0,16.71,0.0,0.0,0.0,0.0,0.0,0.0,0.0,0.0,0.0,0.0,0.0,0.0,0.0,0.0,0.0,0.0,0.0,0.0,0.0,16.71,0.0,0.0,16.71
2/2/2026,2023.0,20240604.0,21422.0,39745.0,"SEAPORT MIDSTREAM PARTNERS, LLC.",Refined and/or Petroleum Product (non-HVL),INTRASTATE,OREGON,0.0,0.0,0.0,0.0,0.0,0.0,0.0,0.0,0.0,0.0,0.0,0.0,0.0,0.0,0.0,0.0,0.0,0.0,0.0,0.0,0.0,0.0,0.0,0.0,0.0,0.0
2/2/2026,2023.0,20240674.0,21785.0,39746.0,ELEVATION MIDSTREAM,Crude Oil,INTRASTATE,COLORADO,17.102,0.0,17.102,0.0,0.0,0.0,0.0,0.0,0.0,0.0,0.0,0.0,0.0,0.0,0.0,0.0,0.0,0.0,0.0,0.0,0.0,0.0,17.102,0.0,0.0,17.102
2/2/2026,2023.0,20240570.0,21387.0,39752.0,"STAKEHOLDER GAS UTILITY, LLC",HVL,INTRASTATE,TEXAS,36.2,0.0,36.2,0.0,0.0,0.0,0.0,0.0,0.0,0.0,0.0,0.0,0.0,0.0,0.0,0.0,0.0,0.0,0.0,0.0,0.0,0.0,36.2,0.0,0.0,36.2
2/2/2026,2023.0,20240470.0,21287.0,39753.0,WILLIAMS FRONT RANGE LLC,HVL,INTRASTATE,COLORADO,3.005,0.0,3.005,0.0,0.0,0.0,0.0,0.0,0.0,0.0,0.0,0.0,0.0,0.0,0.0,0.0,0.0,0.0,0.0,0.0,0.0,0.0,3.005,0.0,0.0,3.005
2/2/2026,2023.0,20240600.0,21613.0,39754.0,CAPTUREPOINT LLC,CO2,INTERSTATE,KANSAS,14.89,0.0,14.89,0.0,0.0,0.0,0.0,0.0,0.0,0.0,0.0,0.0,0.0,0.0,0.0,0.0,0.0,0.0,0.0,0.0,0.0,0.0,14.89,0.0,0.0,14.89
2/2/2026,2023.0,20240600.0,21613.0,39754.0,CAPTUREPOINT LLC,CO2,INTERSTATE,OKLAHOMA,108.29,0.0,108.29,0.0,0.0,0.0,0.0,0.0,0.0,0.0,0.0,0.0,0.0,0.0,0.0,0.0,0.0,0.0,0.0,0.0,0.0,0.0,108.29,0.0,0.0,108.29
2/2/2026,2023.0,20240600.0,21613.0,39754.0,CAPTUREPOINT LLC,CO2,INTERSTATE,TEXAS,119.43,0.0,119.43,0.0,0.0,0.0,0.0,0.0,0.0,0.0,0.0,0.0,0.0,0.0,0.0,0.0,0.0,0.0,0.0,0.0,0.0,0.0,119.43,0.0,0.0,119.43
2/2/2026,2023.0,20240600.0,21613.0,39754.0,CAPTUREPOINT LLC,CO2,INTRASTATE,TEXAS,14.24,0.0,14.24,0.0,0.0,0.0,0.0,0.0,0.0,0.0,0.0,0.0,0.0,0.0,0.0,0.0,0.0,0.0,0.0,0.0,0.0,0.0,14.24,0.0,0.0,14.24
2/2/2026,2023.0,20240338.0,21159.0,39760.0,"THE DOW CHEMICAL COMPANY, SDO",HVL,INTRASTATE,TEXAS,12.9,0.0,12.9,0.18,0.0,0.0,0.0,0.18,0.0,0.0,0.0,0.0,0.0,0.0,0.0,0.0,0.0,0.0,0.0,0.0,0.0,0.0,13.08,0.0,0.0,13.08
2/2/2026,2023.0,20240347.0,21158.0,39760.0,"THE DOW CHEMICAL COMPANY, SDO",Refined and/or Petroleum Product (non-HVL),INTRASTATE,TEXAS,2.6,0.0,2.6,0.0,0.0,0.0,0.0,0.0,0.0,0.0,0.0,0.0,0.0,0.0,0.0,0.0,0.0,0.0,0.0,0.0,0.0,0.0,2.6,0.0,0.0,2.6
2/2/2026,2023.0,20240008.0,20751.0,39771.0,ELK OPERATING SERVICES LLC,CO2,INTERSTATE,COLORADO,12.1,0.0,12.1,0.0,0.0,0.0,0.0,0.0,0.0,0.0,0.0,0.0,0.0,0.0,0.0,0.0,0.0,0.0,0.0,0.0,0.0,0.0,12.1,0.0,0.0,12.1
2/2/2026,2023.0,20240008.0,20751.0,39771.0,ELK OPERATING SERVICES LLC,CO2,INTERSTATE,UTAH,15.6,0.0,15.6,0.0,0.0,0.0,0.0,0.0,0.0,0.0,0.0,0.0,0.0,0.0,0.0,0.0,0.0,0.0,0.0,0.0,0.0,0.0,15.6,0.0,0.0,15.6
2/2/2026,2023.0,20240082.0,20840.0,39774.0,"GLASS MOUNTAIN PIPELINE, LLC",Crude Oil,INTRASTATE,OKLAHOMA,71.9,0.0,71.9,0.0,0.0,0.0,0.0,0.0,0.0,0.0,0.0,0.0,0.0,0.0,0.0,0.0,0.0,0.0,0.0,0.0,0.0,0.0,71.9,0.0,0.0,71.9
2/2/2026,2023.0,20240145.0,20941.0,39785.0,"EPIC CONSOLIDATED OPERATIONS, LLC",Crude Oil,INTRASTATE,TEXAS,873.42,0.0,873.42,0.0,0.0,0.0,0.0,0.0,0.0,0.0,0.0,0.0,0.0,0.0,0.0,0.0,0.0,0.0,0.0,0.0,0.0,0.0,873.42,0.0,0.0,873.42
2/2/2026,2023.0,20240147.0,20943.0,39785.0,"EPIC CONSOLIDATED OPERATIONS, LLC",HVL,INTERSTATE,NEW MEXICO,19.9,0.0,19.9,0.0,0.0,0.0,0.0,0.0,0.0,0.0,0.0,0.0,0.0,0.0,0.0,0.0,0.0,0.0,0.0,0.0,0.0,0.0,19.9,0.0,0.0,19.9
2/2/2026,2023.0,20240147.0,20943.0,39785.0,"EPIC CONSOLIDATED OPERATIONS, LLC",HVL,INTERSTATE,TEXAS,9.0,0.0,9.0,0.0,0.0,0.0,0.0,0.0,0.0,0.0,0.0,0.0,0.0,0.0,0.0,0.0,0.0,0.0,0.0,0.0,0.0,0.0,9.0,0.0,0.0,9.0
2/2/2026,2023.0,20240147.0,20943.0,39785.0,"EPIC CONSOLIDATED OPERATIONS, LLC",HVL,INTRASTATE,TEXAS,1182.3,0.0,1182.3,0.0,0.0,0.0,0.0,0.0,0.0,0.0,0.0,0.0,0.0,0.0,0.0,0.0,0.0,0.0,0.0,0.0,0.0,0.0,1182.3,0.0,0.0,1182.3
2/2/2026,2023.0,20240146.0,20942.0,39785.0,"EPIC CONSOLIDATED OPERATIONS, LLC",Refined and/or Petroleum Product (non-HVL),INTRASTATE,TEXAS,9.46,0.0,9.46,0.0,0.0,0.0,0.0,0.0,0.0,0.0,0.0,0.0,0.0,0.0,0.0,0.0,0.0,0.0,0.0,0.0,0.0,0.0,9.46,0.0,0.0,9.46
2/2/2026,2023.0,20240084.0,21616.0,39794.0,"GULFMARK ENERGY, INC.",Crude Oil,INTRASTATE,TEXAS,0.0,0.0,0.0,0.0,0.73,0.0,0.0,0.73,0.0,0.0,0.0,0.0,0.0,0.0,0.0,0.0,0.0,0.0,0.0,0.0,0.0,0.0,0.73,0.0,0.0,0.73
2/2/2026,2023.0,20250002.0,21648.0,39803.0,"MAJOR MIDSTREAM OPERATING PARTNERS, LLC",HVL,INTRASTATE,TEXAS,0.0,0.0,0.0,25.42,0.0,0.0,0.0,25.42,0.0,0.0,0.0,0.0,0.0,0.0,0.0,0.0,0.0,0.0,0.0,0.0,0.0,0.0,25.42,0.0,0.0,25.42
2/2/2026,2023.0,20240504.0,21321.0,39806.0,"EVX MIDSTREAM PARTNERS, LLC",Crude Oil,INTRASTATE,TEXAS,0.0,0.0,0.0,0.0,20.04,0.0,0.0,20.04,0.0,0.0,0.0,0.0,0.0,0.0,0.0,0.0,0.0,0.0,0.0,0.0,0.0,0.0,20.04,0.0,0.0,20.04
2/2/2026,2023.0,20240366.0,21180.0,39810.0,DIAMONDBACK E&P LLC,Crude Oil,INTRASTATE,TEXAS,0.0,0.0,0.0,0.0,0.0,0.0,0.0,0.0,0.0,0.0,0.0,0.0,0.0,0.0,0.0,0.0,0.0,0.0,0.0,0.0,0.0,0.0,0.0,0.0,0.0,0.0
2/2/2026,2023.0,20240336.0,21147.0,39815.0,"GT PIPELINE, LLC",Refined and/or Petroleum Product (non-HVL),INTRASTATE,TEXAS,6.6,0.0,6.6,0.0,0.0,0.0,0.0,0.0,0.0,0.0,0.0,0.0,0.0,0.0,0.0,0.0,0.0,0.0,0.0,0.0,0.0,0.0,6.6,0.0,0.0,6.6
2/2/2026,2023.0,20240662.0,21483.0,39817.0,TN AVENUE LLC,Crude Oil,INTRASTATE,CALIFORNIA,2.44,0.0,2.44,0.0,0.0,0.0,0.0,0.0,0.0,0.0,0.0,0.0,0.0,0.0,0.0,0.0,0.0,0.0,0.0,0.0,0.0,0.0,2.44,0.0,0.0,2.44
2/2/2026,2023.0,20240464.0,21281.0,39819.0,BREITBURN ENERGY CO2,CO2,INTERSTATE,NEW MEXICO,46.94,0.0,46.94,0.0,0.0,0.0,0.0,0.0,0.0,0.0,0.0,0.0,0.0,0.0,0.0,0.0,0.0,0.0,0.0,0.0,0.0,0.0,46.94,0.0,0.0,46.94
2/2/2026,2023.0,20240464.0,21281.0,39819.0,BREITBURN ENERGY CO2,CO2,INTERSTATE,OKLAHOMA,78.77,0.0,78.77,0.0,0.0,0.0,0.0,0.0,0.0,0.0,0.0,0.0,0.0,0.0,0.0,0.0,0.0,0.0,0.0,0.0,0.0,0.0,78.77,0.0,0.0,78.77
2/2/2026,2023.0,20240464.0,21281.0,39819.0,BREITBURN ENERGY CO2,CO2,INTERSTATE,TEXAS,50.85,0.0,50.85,0.0,0.0,0.0,0.0,0.0,0.0,0.0,0.0,0.0,0.0,0.0,0.0,0.0,0.0,0.0,0.0,0.0,0.0,0.0,50.85,0.0,0.0,50.85
2/2/2026,2023.0,20240341.0,21152.0,39820.0,"MAVERICK TERMINALS CORPUS, LLC",Refined and/or Petroleum Product (non-HVL),INTRASTATE,TEXAS,0.0,0.0,0.0,1.53,0.0,0.0,0.0,1.53,0.0,0.0,0.0,0.0,0.0,0.0,0.0,0.0,0.0,0.0,0.0,0.0,0.0,0.0,1.53,0.0,0.0,1.53
2/2/2026,2023.0,20240092.0,20855.0,39822.0,"SCM PR, LLC",Crude Oil,INTERSTATE,WYOMING,0.0,0.0,0.0,0.0,180.37,0.0,0.0,180.37,0.0,0.0,0.0,0.0,0.0,0.0,0.0,0.0,0.0,0.0,0.0,0.0,0.0,0.0,180.37,0.0,0.0,180.37
2/2/2026,2023.0,20240585.0,21402.0,39823.0,TARGA DOWNSTREAM LLC,HVL,INTERSTATE,NEW MEXICO,21.0,0.0,21.0,0.0,0.0,0.0,0.0,0.0,0.0,0.0,0.0,0.0,0.0,0.0,0.0,0.0,0.0,0.0,0.0,0.0,0.0,0.0,21.0,0.0,0.0,21.0
2/2/2026,2023.0,20240585.0,21402.0,39823.0,TARGA DOWNSTREAM LLC,HVL,INTERSTATE,OKLAHOMA,277.9,0.0,277.9,0.0,0.0,0.0,0.0,0.0,0.0,0.0,0.0,0.0,0.0,0.0,0.0,0.0,0.0,0.0,0.0,0.0,0.0,0.0,277.9,0.0,0.0,277.9
2/2/2026,2023.0,20240585.0,21402.0,39823.0,TARGA DOWNSTREAM LLC,HVL,INTERSTATE,TEXAS,847.19,0.0,847.19,0.0,0.0,0.0,0.0,0.0,0.0,0.0,0.0,0.0,0.0,0.0,0.0,0.0,0.0,0.0,0.0,0.0,0.0,0.0,847.19,0.0,0.0,847.19
2/2/2026,2023.0,20240585.0,21402.0,39823.0,TARGA DOWNSTREAM LLC,HVL,INTRASTATE,TEXAS,112.13,0.0,112.13,0.0,0.0,0.0,0.0,0.0,0.0,0.0,0.0,0.0,0.0,0.0,0.0,0.0,0.0,0.0,0.0,0.0,0.0,0.0,112.13,0.0,0.0,112.13
2/2/2026,2023.0,20240354.0,21168.0,39833.0,"SAN MATEO BLACK RIVER OIL PIPELINE, LLC",Crude Oil,INTRASTATE,NEW MEXICO,36.64,0.0,36.64,0.0,0.0,0.0,0.0,0.0,0.0,0.0,0.0,0.0,0.0,0.0,0.0,0.0,0.0,0.0,0.0,0.0,0.0,0.0,36.64,0.0,0.0,36.64
2/2/2026,2023.0,20240354.0,21168.0,39833.0,"SAN MATEO BLACK RIVER OIL PIPELINE, LLC",Crude Oil,INTRASTATE,TEXAS,0.0,0.0,0.0,0.0,0.0,0.0,0.0,0.0,0.0,0.0,0.0,0.0,0.0,0.0,0.0,0.0,0.0,0.0,0.0,0.0,0.0,0.0,0.0,0.0,0.0,0.0
2/2/2026,2023.0,20240163.0,20959.0,39837.0,PARAMOUNT PIPELINE LLC,Refined and/or Petroleum Product (non-HVL),INTRASTATE,CALIFORNIA,48.81,0.0,48.81,0.0,0.0,0.0,0.0,0.0,0.0,0.0,0.0,0.0,0.0,0.0,0.0,0.0,0.0,0.0,0.0,0.0,0.0,0.0,48.81,0.0,0.0,48.81
2/2/2026,2023.0,20240088.0,20849.0,39841.0,RED BUTTE PIPELINE LLC,Crude Oil,INTERSTATE,MONTANA,0.85,0.0,0.85,0.0,0.0,0.0,0.0,0.0,0.0,0.0,0.0,0.0,0.0,0.0,0.0,0.0,0.0,0.0,0.0,0.0,0.0,0.0,0.85,0.0,0.0,0.85
2/2/2026,2023.0,20240088.0,20849.0,39841.0,RED BUTTE PIPELINE LLC,Crude Oil,INTERSTATE,WYOMING,262.1,0.0,262.1,0.0,0.0,0.0,0.0,0.0,0.0,0.0,0.0,0.0,0.0,0.0,0.0,0.0,0.0,0.0,0.0,0.0,0.0,0.0,262.1,0.0,0.0,262.1
2/2/2026,2023.0,20240086.0,21686.0,39869.0,NAVIGATOR SMS PIPELINE,Crude Oil,INTRASTATE,OKLAHOMA,163.18,0.0,163.18,0.0,0.0,0.0,0.0,0.0,0.0,0.0,0.0,0.0,0.0,0.0,0.0,0.0,0.0,0.0,0.0,0.0,0.0,0.0,163.18,0.0,0.0,163.18
2/2/2026,2023.0,20240054.0,20805.0,39874.0,"BEACON WEST ENERGY GROUP, LLC",Crude Oil,INTERSTATE,CALIFORNIA,0.0,3.55,3.55,0.0,0.0,0.0,0.0,0.0,0.0,0.0,0.0,0.0,0.0,0.0,0.0,0.0,0.0,0.0,0.0,0.0,0.0,0.0,0.0,3.55,0.0,3.55
2/2/2026,2023.0,20240054.0,20805.0,39874.0,"BEACON WEST ENERGY GROUP, LLC",Crude Oil,INTERSTATE,OCS-Pacific,0.0,11.8,11.8,0.0,0.0,0.0,0.0,0.0,0.0,0.0,0.0,0.0,0.0,0.0,0.0,0.0,0.0,0.0,0.0,0.0,0.0,0.0,0.0,11.8,0.0,11.8
2/2/2026,2023.0,20240671.0,21492.0,39887.0,"TEXOMA CRUDE OIL PIPELINE CO., LLC",Crude Oil,INTERSTATE,OKLAHOMA,53.44,0.0,53.44,0.0,0.0,0.0,0.0,0.0,0.0,0.0,0.0,0.0,0.0,0.0,0.0,0.0,0.0,0.0,0.0,0.0,0.0,0.0,53.44,0.0,0.0,53.44
2/2/2026,2023.0,20240671.0,21492.0,39887.0,"TEXOMA CRUDE OIL PIPELINE CO., LLC",Crude Oil,INTERSTATE,TEXAS,87.37,0.0,87.37,0.0,0.0,0.0,0.0,0.0,0.0,0.0,0.0,0.0,0.0,0.0,0.0,0.0,0.0,0.0,0.0,0.0,0.0,0.0,87.37,0.0,0.0,87.37
2/2/2026,2023.0,20240671.0,21492.0,39887.0,"TEXOMA CRUDE OIL PIPELINE CO., LLC",Crude Oil,INTRASTATE,OKLAHOMA,91.97,0.0,91.97,3.17,0.0,0.0,0.0,3.17,0.0,0.0,0.0,0.0,0.0,0.0,0.0,0.0,0.0,0.0,0.0,0.0,0.0,0.0,95.14,0.0,0.0,95.14
2/2/2026,2023.0,20240671.0,21492.0,39887.0,"TEXOMA CRUDE OIL PIPELINE CO., LLC",Crude Oil,INTRASTATE,TEXAS,86.4,0.0,86.4,0.0,0.25,0.0,0.0,0.25,0.0,0.0,0.0,0.0,0.0,0.0,0.0,0.0,0.0,0.0,0.0,0.0,0.0,0.0,86.65,0.0,0.0,86.65
2/2/2026,2023.0,20240182.0,20978.0,39888.0,FORE RIVER ENERGY CENTER,Refined and/or Petroleum Product (non-HVL),INTRASTATE,MASSACHUSETTS,0.0,0.0,0.0,0.3,0.0,0.0,0.0,0.3,0.0,0.0,0.0,0.0,0.0,0.0,0.0,0.0,0.0,0.0,0.0,0.0,0.0,0.0,0.3,0.0,0.0,0.3
2/2/2026,2023.0,20240556.0,21373.0,39892.0,DAYLIGHT PETROLEUM LLC,CO2,INTRASTATE,OKLAHOMA,150.073,0.0,150.073,0.0,0.0,0.0,0.0,0.0,0.0,0.0,0.0,0.0,0.0,0.0,0.0,0.0,0.0,0.0,0.0,0.0,0.0,0.0,150.073,0.0,0.0,150.073
2/2/2026,2023.0,20240554.0,21371.0,39892.0,DAYLIGHT PETROLEUM LLC,Crude Oil,INTRASTATE,TEXAS,0.0,0.0,0.0,1.269,0.0,0.0,0.0,1.269,0.0,0.0,0.0,0.0,0.0,0.0,0.0,0.0,0.0,0.0,0.0,0.0,0.0,0.0,1.269,0.0,0.0,1.269
2/2/2026,2023.0,20240553.0,21370.0,39892.0,DAYLIGHT PETROLEUM LLC,HVL,INTRASTATE,OKLAHOMA,1.202,0.0,1.202,0.0,0.0,0.0,0.0,0.0,0.0,0.0,0.0,0.0,0.0,0.0,0.0,0.0,0.0,0.0,0.0,0.0,0.0,0.0,1.202,0.0,0.0,1.202
2/2/2026,2023.0,20240024.0,20775.0,39905.0,REP PROCESSING,HVL,INTRASTATE,COLORADO,22.4,0.0,22.4,0.0,0.0,0.0,0.0,0.0,0.0,0.0,0.0,0.0,0.0,0.0,0.0,0.0,0.0,0.0,0.0,0.0,0.0,0.0,22.4,0.0,0.0,22.4
2/2/2026,2023.0,20240612.0,21432.0,39906.0,"SEAPORT SOUND TERMINAL, LLC",Refined and/or Petroleum Product (non-HVL),INTRASTATE,WASHINGTON,0.0,0.0,0.0,2.78,0.0,0.0,0.0,2.78,0.0,0.0,0.0,0.0,0.0,0.0,0.0,0.0,0.0,0.0,0.0,0.0,0.0,0.0,2.78,0.0,0.0,2.78
2/2/2026,2023.0,20240187.0,20983.0,39910.0,CANES MIDSTREAM PRODUCTS LLC,HVL,INTRASTATE,TEXAS,21.1,0.0,21.1,0.0,0.0,0.0,0.0,0.0,0.0,0.0,0.0,0.0,0.0,0.0,0.0,0.0,0.0,0.0,0.0,0.0,0.0,0.0,21.1,0.0,0.0,21.1
2/2/2026,2023.0,20240483.0,21300.0,39941.0,"MARKWEST UTICA EMG, L.L.C.",HVL,INTERSTATE,OHIO,5.2,0.0,5.2,0.0,0.0,0.0,0.0,0.0,0.0,0.0,0.0,0.0,0.0,0.0,0.0,0.0,0.0,0.0,0.0,0.0,0.0,0.0,5.2,0.0,0.0,5.2
2/2/2026,2023.0,20240483.0,21300.0,39941.0,"MARKWEST UTICA EMG, L.L.C.",HVL,INTRASTATE,OHIO,114.25,0.0,114.25,0.0,0.0,0.0,0.0,0.0,0.0,0.0,0.0,0.0,0.0,0.0,0.0,0.0,0.0,0.0,0.0,0.0,0.0,0.0,114.25,0.0,0.0,114.25
2/2/2026,2023.0,20240230.0,21638.0,39942.0,"RAVEN BUTENE-1, LLC",HVL,INTRASTATE,TEXAS,4.85,0.0,4.85,0.0,0.0,0.0,0.0,0.0,0.0,0.0,0.0,0.0,0.0,0.0,0.0,0.0,0.0,0.0,0.0,0.0,0.0,0.0,4.85,0.0,0.0,4.85
2/2/2026,2023.0,20240471.0,21288.0,39944.0,BLUESTEM PIPELINE LLC,HVL,INTERSTATE,KANSAS,101.12,0.0,101.12,0.0,0.0,0.0,0.0,0.0,0.0,0.0,0.0,0.0,0.0,0.0,0.0,0.0,0.0,0.0,0.0,0.0,0.0,0.0,101.12,0.0,0.0,101.12
2/2/2026,2023.0,20240471.0,21288.0,39944.0,BLUESTEM PIPELINE LLC,HVL,INTERSTATE,OKLAHOMA,88.26,0.0,88.26,0.0,0.0,0.0,0.0,0.0,0.0,0.0,0.0,0.0,0.0,0.0,0.0,0.0,0.0,0.0,0.0,0.0,0.0,0.0,88.26,0.0,0.0,88.26
2/2/2026,2023.0,20240628.0,21449.0,39950.0,"DKL DELAWARE GATHERING, LLC",Crude Oil,INTRASTATE,NEW MEXICO,49.51,0.0,49.51,0.0,0.0,0.0,0.0,0.0,0.0,0.0,0.0,0.0,0.0,0.0,0.0,0.0,0.0,0.0,0.0,0.0,0.0,0.0,49.51,0.0,0.0,49.51
2/2/2026,2023.0,20240629.0,21450.0,39950.0,"DKL DELAWARE GATHERING, LLC",HVL,INTRASTATE,NEW MEXICO,18.16,0.0,18.16,0.0,0.0,0.0,0.0,0.0,0.0,0.0,0.0,0.0,0.0,0.0,0.0,0.0,0.0,0.0,0.0,0.0,0.0,0.0,18.16,0.0,0.0,18.16
2/2/2026,2023.0,20240134.0,20920.0,39956.0,"MID-ALASKA PIPELINE, LLC",Crude Oil,INTRASTATE,ALASKA,4.27,0.0,4.27,0.69,0.0,0.0,0.0,0.69,0.0,0.0,0.0,0.0,0.0,0.0,0.0,0.0,0.0,0.0,0.0,0.0,0.0,0.0,4.96,0.0,0.0,4.96
2/2/2026,2023.0,20240081.0,20838.0,39962.0,"AMP NGL PIPELINES, LLC",HVL,INTRASTATE,TEXAS,10.73,0.0,10.73,0.0,0.0,0.0,0.0,0.0,0.0,0.0,0.0,0.0,0.0,0.0,0.0,0.0,0.0,0.0,0.0,0.0,0.0,0.0,10.73,0.0,0.0,10.73
2/2/2026,2023.0,20240141.0,20936.0,39963.0,"TALLGRASS POWDER RIVER GATEWAY, LLC",Crude Oil,INTERSTATE,WYOMING,153.82,0.0,153.82,0.0,0.0,0.0,0.0,0.0,0.0,0.0,0.0,0.0,0.0,0.0,0.0,0.0,0.0,0.0,0.0,0.0,0.0,0.0,153.82,0.0,0.0,153.82
2/2/2026,2023.0,20240653.0,21474.0,39967.0,"IMPERIAL CRUDE, LLC",Crude Oil,INTRASTATE,TEXAS,27.26,0.0,27.26,0.0,0.0,0.0,0.0,0.0,0.0,0.0,0.0,0.0,0.0,0.0,0.0,0.0,0.0,0.0,0.0,0.0,0.0,0.0,27.26,0.0,0.0,27.26
2/2/2026,2023.0,20240075.0,20832.0,39973.0,WRB REFINING LP - WOOD RIVER REFINERY,Crude Oil,INTERSTATE,ILLINOIS,0.0,0.0,0.0,0.0,0.0,0.0,0.0,0.0,0.0,0.0,0.0,0.0,0.0,0.0,0.0,0.0,0.0,0.0,0.0,0.0,0.0,0.0,0.0,0.0,0.0,0.0
2/2/2026,2023.0,20240224.0,21031.0,39984.0,CONVERGE MIDSTREAM LLC,Crude Oil,INTRASTATE,TEXAS,38.65,0.0,38.65,0.0,0.0,0.0,0.0,0.0,0.0,0.0,0.0,0.0,0.0,0.0,0.0,0.0,0.0,0.0,0.0,0.0,0.0,0.0,38.65,0.0,0.0,38.65
2/2/2026,2023.0,20240307.0,21118.0,39985.0,COLLEGIATE MIDSTREAM LLC,Crude Oil,INTRASTATE,TEXAS,2.76,0.0,2.76,0.0,0.0,0.0,0.0,0.0,0.0,0.0,0.0,0.0,0.0,0.0,0.0,0.0,0.0,0.0,0.0,0.0,0.0,0.0,2.76,0.0,0.0,2.76
2/2/2026,2023.0,20240323.0,21134.0,40000.0,CP ENERGY LLC,Crude Oil,INTRASTATE,NEW MEXICO,1.7,0.0,1.7,0.0,0.0,0.0,0.0,0.0,0.0,0.0,0.0,0.0,0.0,0.0,0.0,0.0,0.0,0.0,0.0,0.0,0.0,0.0,1.7,0.0,0.0,1.7
2/2/2026,2023.0,20240323.0,21134.0,40000.0,CP ENERGY LLC,Crude Oil,INTRASTATE,OKLAHOMA,0.0,0.0,0.0,0.0,0.0,0.0,0.0,0.0,0.0,0.0,0.0,0.0,0.0,0.0,0.0,0.0,0.0,0.0,0.0,0.0,0.0,0.0,0.0,0.0,0.0,0.0
2/2/2026,2023.0,20240176.0,21589.0,40004.0,WILDCAT OIL GATHERING,Crude Oil,INTRASTATE,OKLAHOMA,11.16,0.0,11.16,0.0,0.0,0.0,0.0,0.0,0.0,0.0,0.0,0.0,0.0,0.0,0.0,0.0,0.0,0.0,0.0,0.0,0.0,0.0,11.16,0.0,0.0,11.16
2/2/2026,2023.0,20240210.0,21012.0,40010.0,CALIBER SPRING CREEK LLC,Crude Oil,INTRASTATE,NORTH DAKOTA,30.31,0.0,30.31,0.29,0.0,0.0,0.0,0.29,0.0,0.0,0.0,0.0,0.0,0.0,0.0,0.0,0.0,0.0,0.0,0.0,0.0,0.0,30.6,0.0,0.0,30.6
2/2/2026,2023.0,20240193.0,20992.0,40016.0,"SADDLE BUTTE POWDER FLATS MIDSTREAM, LLC",Crude Oil,INTRASTATE,WYOMING,136.0,0.0,136.0,0.0,0.0,0.0,0.0,0.0,0.0,0.0,0.0,0.0,0.0,0.0,0.0,0.0,0.0,0.0,0.0,0.0,0.0,0.0,136.0,0.0,0.0,136.0
2/2/2026,2023.0,20240503.0,21621.0,40026.0,"WINK TO WEBSTER PIPELINE, LLC",Crude Oil,INTRASTATE,TEXAS,635.52,0.0,635.52,0.0,0.0,0.0,0.0,0.0,0.0,0.0,0.0,0.0,0.0,0.0,0.0,0.0,0.0,0.0,0.0,0.0,0.0,0.0,635.52,0.0,0.0,635.52
2/2/2026,2023.0,20240112.0,20886.0,40028.0,LAMBDA ENERGY GATHERING LLC,Crude Oil,INTERSTATE,MICHIGAN,0.0,0.0,0.0,8.93,51.48,0.0,0.0,60.41,0.0,0.0,0.0,0.0,0.0,0.0,0.0,0.0,0.0,0.0,0.0,0.0,0.0,0.0,60.41,0.0,0.0,60.41
2/2/2026,2023.0,20240314.0,21662.0,40030.0,"GIBSON ENERGY INFRASTRUCTURE, LLC",Crude Oil,INTRASTATE,TEXAS,45.91,0.0,45.91,0.0,8.73,0.0,0.0,8.73,0.0,0.0,0.0,0.0,0.0,0.0,0.0,0.0,0.0,0.0,0.0,0.0,0.0,0.0,54.64,0.0,0.0,54.64
2/2/2026,2023.0,20240657.0,21478.0,40033.0,"VOPAK TERMINALS DEER PARK, INC.",HVL,INTRASTATE,TEXAS,0.0,0.0,0.0,4.196,0.0,0.0,0.0,4.196,0.0,0.0,0.0,0.0,0.0,0.0,0.0,0.0,0.0,0.0,0.0,0.0,0.0,0.0,4.196,0.0,0.0,4.196
2/2/2026,2023.0,20240658.0,21479.0,40033.0,"VOPAK TERMINALS DEER PARK, INC.",Refined and/or Petroleum Product (non-HVL),INTRASTATE,TEXAS,0.0,0.0,0.0,4.14,0.0,0.0,0.0,4.14,0.0,0.0,0.0,0.0,0.0,0.0,0.0,0.0,0.0,0.0,0.0,0.0,0.0,0.0,4.14,0.0,0.0,4.14
2/2/2026,2023.0,20240664.0,21485.0,40034.0,TEXAS PETROLEUM INVESTMENT COMPANY,Crude Oil,INTRASTATE,LOUISIANA,0.0,0.0,0.0,0.0,0.0,10.77,0.0,10.77,0.0,0.0,0.0,0.0,0.0,0.0,0.0,0.0,0.0,0.0,0.0,0.0,0.0,0.0,0.0,10.77,0.0,10.77
2/2/2026,2023.0,20240106.0,20877.0,40050.0,ECO ENERGY NATURAL GAS LLC,HVL,INTRASTATE,TENNESSEE,0.0,0.0,0.0,0.0,3.49,0.0,0.0,3.49,0.0,0.0,0.0,0.0,0.0,0.0,0.0,0.0,0.0,0.0,0.0,0.0,0.0,0.0,3.49,0.0,0.0,3.49
2/2/2026,2023.0,20240152.0,20948.0,40051.0,VALERO REFINING - MERAUX LLC,Refined and/or Petroleum Product (non-HVL),INTRASTATE,LOUISIANA,0.85,0.0,0.85,0.0,0.0,0.0,0.0,0.0,0.0,0.0,0.0,0.0,0.0,0.0,0.0,0.0,0.0,0.0,0.0,0.0,0.0,0.0,0.85,0.0,0.0,0.85
2/2/2026,2023.0,20240184.0,20980.0,40059.0,"ORYX MIDLAND OIL GATHERING, LLC",Crude Oil,INTRASTATE,TEXAS,134.06,0.0,134.06,0.0,0.0,0.0,0.0,0.0,0.0,0.0,0.0,0.0,0.0,0.0,1.3,0.0,1.3,0.0,0.0,0.0,0.0,0.0,135.36,0.0,0.0,135.36
2/2/2026,2023.0,20240417.0,21232.0,40061.0,"CUSHING CONNECT PIPELINE HOLDINGS, LLC.",Crude Oil,INTRASTATE,OKLAHOMA,50.2,0.0,50.2,0.0,0.0,0.0,0.0,0.0,0.0,0.0,0.0,0.0,0.0,0.0,0.0,0.0,0.0,0.0,0.0,0.0,0.0,0.0,50.2,0.0,0.0,50.2
2/2/2026,2023.0,20240041.0,20792.0,40063.0,"ROARING FORK MIDSTREAM, LLC",Crude Oil,INTRASTATE,WYOMING,19.4,0.0,19.4,0.0,0.0,0.0,0.0,0.0,0.0,0.0,0.0,0.0,0.0,0.0,0.0,0.0,0.0,0.0,0.0,0.0,0.0,0.0,19.4,0.0,0.0,19.4
2/2/2026,2023.0,20240040.0,20791.0,40063.0,"ROARING FORK MIDSTREAM, LLC",HVL,INTERSTATE,COLORADO,3.86,0.0,3.86,0.0,0.0,0.0,0.0,0.0,0.0,0.0,0.0,0.0,0.0,0.0,0.0,0.0,0.0,0.0,0.0,0.0,0.0,0.0,3.86,0.0,0.0,3.86
2/2/2026,2023.0,20240040.0,20791.0,40063.0,"ROARING FORK MIDSTREAM, LLC",HVL,INTERSTATE,WYOMING,2.12,0.0,2.12,0.0,0.0,0.0,0.0,0.0,0.0,0.0,0.0,0.0,0.0,0.0,0.0,0.0,0.0,0.0,0.0,0.0,0.0,0.0,2.12,0.0,0.0,2.12
2/2/2026,2023.0,20240390.0,21204.0,40076.0,MARTINEZ PIPELINE COMPANY LLC,Refined and/or Petroleum Product (non-HVL),INTRASTATE,CALIFORNIA,0.22,0.0,0.22,0.0,0.0,0.0,0.0,0.0,0.0,0.0,0.0,0.0,0.0,0.0,0.0,0.0,0.0,0.0,0.0,0.0,0.0,0.0,0.22,0.0,0.0,0.22
2/2/2026,2023.0,20240568.0,21385.0,40080.0,INDORAMA VENTURES OXIDES LLC,HVL,INTRASTATE,TEXAS,6.57,0.0,6.57,1.13,0.0,0.0,0.0,1.13,0.0,0.0,0.0,0.0,0.0,0.0,0.0,0.0,0.0,0.0,0.0,0.0,0.0,0.0,7.7,0.0,0.0,7.7
2/2/2026,2023.0,20240567.0,21384.0,40080.0,INDORAMA VENTURES OXIDES LLC,Refined and/or Petroleum Product (non-HVL),INTRASTATE,TEXAS,2.6,0.0,2.6,12.79,0.0,0.0,0.0,12.79,0.0,0.0,0.0,0.0,0.0,0.0,0.0,0.0,0.0,0.0,0.0,0.0,0.0,0.0,15.39,0.0,0.0,15.39
2/2/2026,2023.0,20240017.0,20768.0,40087.0,OE2 NORTH LLC,HVL,INTRASTATE,NORTH DAKOTA,0.0,0.0,0.0,0.0,1.28,0.0,0.0,1.28,0.0,0.0,0.0,0.0,0.0,0.0,0.0,0.0,0.0,0.0,0.0,0.0,0.0,0.0,1.28,0.0,0.0,1.28
2/2/2026,2023.0,20240004.0,20744.0,40122.0,BCE-MACH III MIDSTREAM HOLDINGS LLC,HVL,INTRASTATE,OKLAHOMA,15.06,0.0,15.06,0.0,0.0,0.0,0.0,0.0,0.0,0.0,0.0,0.0,0.0,0.0,0.0,0.0,0.0,0.0,0.0,0.0,0.0,0.0,15.06,0.0,0.0,15.06
2/2/2026,2023.0,20240512.0,21329.0,40127.0,"THE SAN ANTONIO REFINERY, LLC",Crude Oil,INTRASTATE,TEXAS,49.9,0.0,49.9,0.0,0.0,0.0,0.0,0.0,0.0,0.0,0.0,0.0,0.0,0.0,0.0,0.0,0.0,0.0,0.0,0.0,0.0,0.0,49.9,0.0,0.0,49.9
2/2/2026,2023.0,20240420.0,21235.0,40134.0,PASADENA PERFORMANCE PRODUCTS,HVL,INTRASTATE,TEXAS,4.18,0.0,4.18,0.0,0.0,0.0,0.0,0.0,0.0,0.0,0.0,0.0,0.0,0.0,0.0,0.0,0.0,0.0,0.0,0.0,0.0,0.0,4.18,0.0,0.0,4.18
2/2/2026,2023.0,20240419.0,21234.0,40134.0,PASADENA PERFORMANCE PRODUCTS,Refined and/or Petroleum Product (non-HVL),INTRASTATE,TEXAS,3.73,0.0,3.73,0.0,0.0,0.0,0.0,0.0,0.0,0.0,0.0,0.0,0.0,0.0,0.0,0.0,0.0,0.0,0.0,0.0,0.0,0.0,3.73,0.0,0.0,3.73
2/2/2026,2023.0,20240661.0,21482.0,40135.0,"EVERLINE COMPLIANCE, LLC",CO2,INTRASTATE,TEXAS,81.1,0.0,81.1,0.0,0.0,0.0,0.0,0.0,0.0,0.0,0.0,0.0,0.0,0.0,0.0,0.0,0.0,0.0,0.0,0.0,0.0,0.0,81.1,0.0,0.0,81.1
2/2/2026,2023.0,20240660.0,21596.0,40135.0,"EVERLINE COMPLIANCE, LLC",Refined and/or Petroleum Product (non-HVL),INTRASTATE,CALIFORNIA,3.51,0.0,3.51,6.72,0.0,0.0,0.0,6.72,0.0,0.0,0.0,0.0,0.0,0.0,0.0,0.0,0.0,0.0,0.0,0.0,0.0,0.0,10.23,0.0,0.0,10.23
2/2/2026,2023.0,20240695.0,21653.0,40138.0,"ECHO CANYON PIPELINE, LLC",Crude Oil,INTRASTATE,TEXAS,144.72,0.0,144.72,0.0,0.0,0.0,0.0,0.0,0.0,0.0,0.0,0.0,0.0,0.0,0.0,0.0,0.0,0.0,0.0,0.0,0.0,0.0,144.72,0.0,0.0,144.72
2/2/2026,2023.0,20240361.0,21175.0,40142.0,"MAX MIDSTREAM TEXAS, LLC",Crude Oil,INTRASTATE,TEXAS,20.89,0.0,20.89,0.0,0.0,0.0,0.0,0.0,0.0,0.0,0.0,0.0,0.0,0.0,0.0,0.0,0.0,0.0,0.0,0.0,0.0,0.0,20.89,0.0,0.0,20.89
2/2/2026,2023.0,20240148.0,20944.0,40145.0,"POTAC, LLC",Crude Oil,INTRASTATE,TEXAS,1.25,0.0,1.25,0.0,0.0,0.0,0.0,0.0,0.0,0.0,0.0,0.0,0.0,0.0,0.0,0.0,0.0,0.0,0.0,0.0,0.0,0.0,1.25,0.0,0.0,1.25
2/2/2026,2023.0,20240481.0,21298.0,40145.0,"POTAC, LLC",Refined and/or Petroleum Product (non-HVL),INTRASTATE,TEXAS,0.0,0.0,0.0,0.0,0.0,0.0,0.0,0.0,0.0,0.0,0.0,0.0,0.0,0.0,0.0,0.0,0.0,0.0,0.0,0.0,0.0,0.0,0.0,0.0,0.0,0.0
2/2/2026,2023.0,20240428.0,21244.0,40146.0,"CONTINENTAL RESOURCES, INC.",Crude Oil,INTRASTATE,NORTH DAKOTA,0.0,0.0,0.0,0.0,0.7,0.0,0.0,0.7,0.0,0.0,0.0,0.0,0.0,0.0,0.0,0.0,0.0,0.0,0.0,0.0,0.0,0.0,0.7,0.0,0.0,0.7
2/2/2026,2023.0,20240428.0,21244.0,40146.0,"CONTINENTAL RESOURCES, INC.",Crude Oil,INTRASTATE,OKLAHOMA,0.0,0.0,0.0,0.0,5.676,0.0,0.0,5.676,0.0,0.0,0.0,0.0,0.0,0.0,0.0,0.0,0.0,0.0,0.0,0.0,0.0,0.0,5.676,0.0,0.0,5.676
2/2/2026,2023.0,20240479.0,21646.0,40149.0,MPLX LP,Crude Oil,INTERSTATE,MONTANA,12.97,0.0,12.97,0.0,0.0,0.0,0.0,0.0,0.0,0.0,0.0,0.0,0.0,0.0,0.0,0.0,0.0,0.0,0.0,0.0,0.0,0.0,12.97,0.0,0.0,12.97
2/2/2026,2023.0,20240479.0,21646.0,40149.0,MPLX LP,Crude Oil,INTERSTATE,NEW MEXICO,545.31,0.0,545.31,0.0,0.0,0.0,0.0,0.0,0.0,0.0,0.0,0.0,0.0,0.0,0.0,0.0,0.0,0.0,0.0,0.0,0.0,0.0,545.31,0.0,0.0,545.31
2/2/2026,2023.0,20240479.0,21646.0,40149.0,MPLX LP,Crude Oil,INTERSTATE,NORTH DAKOTA,401.1,0.0,401.1,0.0,0.0,0.0,0.0,0.0,0.0,0.0,0.0,0.0,0.0,0.0,0.0,0.0,0.0,0.0,0.0,0.0,0.0,0.0,401.1,0.0,0.0,401.1
2/2/2026,2023.0,20240479.0,21646.0,40149.0,MPLX LP,Crude Oil,INTERSTATE,TEXAS,199.72,0.0,199.72,0.0,0.0,0.0,0.0,0.0,0.0,0.0,0.0,0.0,0.0,0.0,0.0,0.0,0.0,0.0,0.0,0.0,0.0,0.0,199.72,0.0,0.0,199.72
2/2/2026,2023.0,20240479.0,21646.0,40149.0,MPLX LP,Crude Oil,INTERSTATE,WYOMING,1.42,0.0,1.42,0.0,0.0,0.0,0.0,0.0,0.0,0.0,0.0,0.0,0.0,0.0,0.0,0.0,0.0,0.0,0.0,0.0,0.0,0.0,1.42,0.0,0.0,1.42
2/2/2026,2023.0,20240479.0,21646.0,40149.0,MPLX LP,Crude Oil,INTRASTATE,MONTANA,0.0,0.0,0.0,0.0,0.0,0.0,0.0,0.0,0.0,0.0,0.0,0.0,0.0,0.0,0.0,0.0,0.0,0.0,0.0,0.0,0.0,0.0,0.0,0.0,0.0,0.0
2/2/2026,2023.0,20240479.0,21646.0,40149.0,MPLX LP,Crude Oil,INTRASTATE,NEW MEXICO,0.0,0.0,0.0,0.0,0.0,0.0,0.0,0.0,0.0,0.0,0.0,0.0,0.0,0.0,0.0,0.0,0.0,0.0,0.0,0.0,0.0,0.0,0.0,0.0,0.0,0.0
2/2/2026,2023.0,20240479.0,21646.0,40149.0,MPLX LP,Crude Oil,INTRASTATE,NORTH DAKOTA,9.74,0.0,9.74,0.0,0.0,0.0,0.0,0.0,0.0,0.0,0.0,0.0,0.0,0.0,0.0,0.0,0.0,0.0,0.0,0.0,0.0,0.0,9.74,0.0,0.0,9.74
2/2/2026,2023.0,20240479.0,21646.0,40149.0,MPLX LP,Crude Oil,INTRASTATE,OKLAHOMA,15.79,0.0,15.79,0.0,0.0,0.0,0.0,0.0,0.0,0.0,0.0,0.0,0.0,0.0,0.0,0.0,0.0,0.0,0.0,0.0,0.0,0.0,15.79,0.0,0.0,15.79
2/2/2026,2023.0,20240479.0,21646.0,40149.0,MPLX LP,Crude Oil,INTRASTATE,TEXAS,0.0,0.0,0.0,0.0,0.0,0.0,0.0,0.0,0.0,0.0,0.0,0.0,0.0,0.0,0.0,0.0,0.0,0.0,0.0,0.0,0.0,0.0,0.0,0.0,0.0,0.0
2/2/2026,2023.0,20240479.0,21646.0,40149.0,MPLX LP,Crude Oil,INTRASTATE,WEST VIRGINIA,0.0,0.0,0.0,0.0,0.0,0.0,0.0,0.0,0.0,0.0,0.0,0.0,0.0,0.0,0.0,0.0,0.0,0.0,0.0,0.0,0.0,0.0,0.0,0.0,0.0,0.0
2/2/2026,2023.0,20240479.0,21646.0,40149.0,MPLX LP,Crude Oil,INTRASTATE,WYOMING,1.14,0.0,1.14,0.0,0.0,0.0,0.0,0.0,0.0,0.0,0.0,0.0,0.0,0.0,0.0,0.0,0.0,0.0,0.0,0.0,0.0,0.0,1.14,0.0,0.0,1.14
2/2/2026,2023.0,20240482.0,21618.0,40149.0,MPLX LP,HVL,INTERSTATE,KENTUCKY,77.54,0.0,77.54,0.0,0.0,0.0,0.0,0.0,0.0,0.0,0.0,0.0,0.0,0.0,0.0,0.0,0.0,0.0,0.0,0.0,0.0,0.0,77.54,0.0,0.0,77.54
2/2/2026,2023.0,20240482.0,21618.0,40149.0,MPLX LP,HVL,INTERSTATE,OHIO,58.71,0.0,58.71,0.0,0.0,0.0,0.0,0.0,0.0,0.0,0.0,0.0,0.0,0.0,0.0,0.0,0.0,0.0,0.0,0.0,0.0,0.0,58.71,0.0,0.0,58.71
2/2/2026,2023.0,20240482.0,21618.0,40149.0,MPLX LP,HVL,INTERSTATE,PENNSYLVANIA,116.11,0.0,116.11,0.0,0.0,0.0,0.0,0.0,0.0,0.0,0.0,0.0,0.0,0.0,0.0,0.0,0.0,0.0,0.0,0.0,0.0,0.0,116.11,0.0,0.0,116.11
2/2/2026,2023.0,20240482.0,21618.0,40149.0,MPLX LP,HVL,INTERSTATE,TEXAS,11.79,0.0,11.79,0.0,0.0,0.0,0.0,0.0,0.0,0.0,0.0,0.0,0.0,0.0,0.0,0.0,0.0,0.0,0.0,0.0,0.0,0.0,11.79,0.0,0.0,11.79
2/2/2026,2023.0,20240482.0,21618.0,40149.0,MPLX LP,HVL,INTERSTATE,WEST VIRGINIA,329.18,0.0,329.18,0.0,0.0,0.0,0.0,0.0,0.0,0.0,0.0,0.0,0.0,0.0,0.0,0.0,0.0,0.0,0.0,0.0,0.0,0.0,329.18,0.0,0.0,329.18
2/2/2026,2023.0,20240482.0,21618.0,40149.0,MPLX LP,HVL,INTRASTATE,NORTH DAKOTA,103.76,0.0,103.76,0.0,0.0,0.0,0.0,0.0,0.0,0.0,0.0,0.0,0.0,0.0,0.0,0.0,0.0,0.0,0.0,0.0,0.0,0.0,103.76,0.0,0.0,103.76
2/2/2026,2023.0,20240482.0,21618.0,40149.0,MPLX LP,HVL,INTRASTATE,OKLAHOMA,3.22,0.0,3.22,0.0,0.0,0.0,0.0,0.0,0.0,0.0,0.0,0.0,0.0,0.0,0.0,0.0,0.0,0.0,0.0,0.0,0.0,0.0,3.22,0.0,0.0,3.22
2/2/2026,2023.0,20240482.0,21618.0,40149.0,MPLX LP,HVL,INTRASTATE,PENNSYLVANIA,22.19,0.0,22.19,0.0,0.0,0.0,0.0,0.0,0.0,0.0,0.0,0.0,0.0,0.0,0.0,0.0,0.0,0.0,0.0,0.0,0.0,0.0,22.19,0.0,0.0,22.19
2/2/2026,2023.0,20240482.0,21618.0,40149.0,MPLX LP,HVL,INTRASTATE,TEXAS,11.98,0.0,11.98,0.0,0.0,0.0,0.0,0.0,0.0,0.0,0.0,0.0,0.0,0.0,0.0,0.0,0.0,0.0,0.0,0.0,0.0,0.0,11.98,0.0,0.0,11.98
2/2/2026,2023.0,20240482.0,21618.0,40149.0,MPLX LP,HVL,INTRASTATE,UTAH,26.459,0.0,26.459,0.0,0.0,0.0,0.0,0.0,0.0,0.0,0.0,0.0,0.0,0.0,0.0,0.0,0.0,0.0,0.0,0.0,0.0,0.0,26.459,0.0,0.0,26.459
2/2/2026,2023.0,20240482.0,21618.0,40149.0,MPLX LP,HVL,INTRASTATE,WEST VIRGINIA,2.75,0.0,2.75,0.0,0.0,0.0,0.0,0.0,0.0,0.0,0.0,0.0,0.0,0.0,0.0,0.0,0.0,0.0,0.0,0.0,0.0,0.0,2.75,0.0,0.0,2.75
2/2/2026,2023.0,20240482.0,21618.0,40149.0,MPLX LP,HVL,INTRASTATE,WYOMING,0.0,0.0,0.0,0.0,9.48,0.0,0.0,9.48,0.0,0.0,0.0,0.0,0.0,0.0,0.0,0.0,0.0,0.0,0.0,0.0,0.0,0.0,9.48,0.0,0.0,9.48
2/2/2026,2023.0,20240456.0,21273.0,40155.0,COWBOY MIDSTREAM LLC,Crude Oil,INTRASTATE,WYOMING,27.04,0.0,27.04,0.0,0.0,0.0,0.0,0.0,0.0,0.0,0.0,0.0,0.0,0.0,0.0,0.0,0.0,0.0,0.0,0.0,0.0,0.0,27.04,0.0,0.0,27.04
2/2/2026,2023.0,20240091.0,20852.0,40158.0,PORT ARTHUR TERMINAL LLC,Crude Oil,INTRASTATE,TEXAS,11.73,0.0,11.73,0.0,0.0,0.0,0.0,0.0,0.0,0.0,0.0,0.0,0.0,0.0,0.0,0.0,0.0,0.0,0.0,0.0,0.0,0.0,11.73,0.0,0.0,11.73
2/2/2026,2023.0,20240205.0,21006.0,40170.0,EASTON ENERGY PIPELINES LLC,HVL,INTERSTATE,LOUISIANA,0.0,0.0,0.0,52.0,0.0,0.0,0.0,52.0,0.0,0.0,0.0,0.0,0.0,0.0,0.0,0.0,0.0,0.0,0.0,0.0,0.0,0.0,52.0,0.0,0.0,52.0
2/2/2026,2023.0,20240205.0,21006.0,40170.0,EASTON ENERGY PIPELINES LLC,HVL,INTERSTATE,TEXAS,0.0,0.0,0.0,1.62,0.0,0.0,0.0,1.62,0.0,0.0,0.0,0.0,0.0,0.0,0.0,0.0,0.0,0.0,0.0,0.0,0.0,0.0,1.62,0.0,0.0,1.62
2/2/2026,2023.0,20240205.0,21006.0,40170.0,EASTON ENERGY PIPELINES LLC,HVL,INTRASTATE,TEXAS,176.28,0.0,176.28,147.52,0.0,0.0,0.0,147.52,0.0,0.0,0.0,0.0,0.0,0.0,0.0,0.0,0.0,0.0,0.0,0.0,0.0,0.0,323.8,0.0,0.0,323.8
2/2/2026,2023.0,20240206.0,21007.0,40170.0,EASTON ENERGY PIPELINES LLC,Refined and/or Petroleum Product (non-HVL),INTRASTATE,TEXAS,77.22,0.0,77.22,1.13,0.0,0.0,0.0,1.13,0.0,0.0,0.0,0.0,0.0,0.0,0.0,0.0,0.0,0.0,0.0,0.0,0.0,0.0,78.35,0.0,0.0,78.35
2/2/2026,2023.0,20240356.0,21170.0,40171.0,PERDIDO ENERGY,Crude Oil,INTRASTATE,LOUISIANA,0.0,0.0,0.0,0.0,0.66,0.0,0.0,0.66,0.0,0.0,0.0,0.0,0.0,0.0,0.0,0.0,0.0,0.0,0.0,0.0,0.0,0.0,0.66,0.0,0.0,0.66
2/2/2026,2023.0,20240423.0,21238.0,40174.0,"UNDERGROUND SERVICES MARKHAM, LLC  NGL/Y-MIX",HVL,INTRASTATE,TEXAS,0.0,0.0,0.0,1.3,0.0,0.0,0.0,1.3,0.0,0.0,0.0,0.0,0.0,0.0,0.0,0.0,0.0,0.0,0.0,0.0,0.0,0.0,1.3,0.0,0.0,1.3
2/2/2026,2023.0,20240126.0,20902.0,40177.0,"LADDER CREEK, LLC",HVL,INTRASTATE,COLORADO,40.8,0.0,40.8,0.0,0.0,0.0,0.0,0.0,0.0,0.0,0.0,0.0,0.0,0.0,0.0,0.0,0.0,0.0,0.0,0.0,0.0,0.0,40.8,0.0,0.0,40.8
2/2/2026,2023.0,20240333.0,21144.0,40182.0,TAPROOT ROCKIES MIDSTREAM LLC,Crude Oil,INTRASTATE,COLORADO,90.556,0.0,90.556,0.0,0.0,0.0,0.0,0.0,0.0,0.0,0.0,0.0,0.0,0.0,0.0,0.0,0.0,0.0,0.0,0.0,0.0,0.0,90.556,0.0,0.0,90.556
2/2/2026,2023.0,20240516.0,21333.0,40190.0,OXY WTP LP,Crude Oil,INTRASTATE,TEXAS,0.0,0.0,0.0,0.0,23.96,0.0,0.0,23.96,0.0,0.0,0.0,0.0,0.0,0.0,0.0,0.0,0.0,0.0,0.0,0.0,0.0,0.0,23.96,0.0,0.0,23.96
2/2/2026,2023.0,20240442.0,21259.0,40192.0,ZENITH ENERGY WEST COAST TERMINALS LLC,Crude Oil,INTRASTATE,CALIFORNIA,69.28,0.0,69.28,0.0,0.0,0.0,0.0,0.0,0.0,0.0,0.0,0.0,0.0,0.0,0.0,0.0,0.0,0.0,0.0,0.0,0.0,0.0,69.28,0.0,0.0,69.28
2/2/2026,2023.0,20240656.0,21477.0,40204.0,"SCM OPERATIONS, LLC",Crude Oil,INTERSTATE,NEW MEXICO,85.113,0.0,85.113,0.0,0.0,0.0,0.0,0.0,0.0,0.0,0.0,0.0,0.0,0.0,0.0,0.0,0.0,0.0,0.0,0.0,0.0,0.0,85.113,0.0,0.0,85.113
2/2/2026,2023.0,20240656.0,21477.0,40204.0,"SCM OPERATIONS, LLC",Crude Oil,INTERSTATE,TEXAS,101.57,0.0,101.57,0.0,0.0,0.0,0.0,0.0,0.0,0.0,0.0,0.0,0.0,0.0,0.0,0.0,0.0,0.0,0.0,0.0,0.0,0.0,101.57,0.0,0.0,101.57
2/2/2026,2023.0,20240656.0,21477.0,40204.0,"SCM OPERATIONS, LLC",Crude Oil,INTRASTATE,TEXAS,0.0,0.0,0.0,0.0,0.0,0.0,0.0,0.0,0.0,0.0,0.0,0.0,0.0,0.0,0.0,0.0,0.0,0.0,0.0,0.0,0.0,0.0,0.0,0.0,0.0,0.0
2/2/2026,2023.0,20240652.0,22076.0,40204.0,"SCM OPERATIONS, LLC",HVL,INTRASTATE,TEXAS,34.91,0.0,34.91,0.0,0.0,0.0,0.0,0.0,0.0,0.0,0.0,0.0,0.0,0.0,0.0,0.0,0.0,0.0,0.0,0.0,0.0,0.0,34.91,0.0,0.0,34.91
2/2/2026,2023.0,20240144.0,21651.0,40206.0,"ROSEFIELD OPERATING COMPANY, LLC",Crude Oil,INTERSTATE,LOUISIANA,0.0,16.32,16.32,0.0,0.0,0.0,0.0,0.0,0.0,0.0,0.0,0.0,0.0,0.0,0.0,0.0,0.0,0.0,0.0,0.0,0.0,0.0,0.0,16.32,0.0,16.32
2/2/2026,2023.0,20240144.0,21651.0,40206.0,"ROSEFIELD OPERATING COMPANY, LLC",Crude Oil,INTERSTATE,OCS-Gulf of Mexico,268.95,0.0,268.95,0.0,0.0,0.0,0.0,0.0,0.0,0.0,0.0,0.0,0.0,0.0,0.0,0.0,0.0,0.0,0.0,0.0,0.0,0.0,268.95,0.0,0.0,268.95
2/2/2026,2023.0,20240144.0,21651.0,40206.0,"ROSEFIELD OPERATING COMPANY, LLC",Crude Oil,INTERSTATE,TEXAS,33.24,0.0,33.24,0.0,0.0,0.0,0.0,0.0,0.0,0.0,0.0,0.0,0.0,0.0,0.0,0.0,0.0,0.0,0.0,0.0,0.0,0.0,33.24,0.0,0.0,33.24
2/2/2026,2023.0,20240518.0,21335.0,40213.0,"BRETON SOUND GATHERING, LLC",Crude Oil,INTRASTATE,LOUISIANA,0.0,0.0,0.0,0.0,0.0,10.7,0.0,10.7,0.0,0.0,0.0,0.0,0.0,0.0,0.0,0.0,0.0,0.0,0.0,0.0,0.0,0.0,0.0,10.7,0.0,10.7
2/2/2026,2023.0,20240705.0,21529.0,40221.0,"CURLEW MIDSTREAM, LLC",Crude Oil,INTRASTATE,LOUISIANA,0.0,0.0,0.0,0.0,8.39,0.0,0.0,8.39,0.0,0.0,0.0,0.0,0.0,0.0,0.0,0.0,0.0,0.0,0.0,0.0,0.0,0.0,8.39,0.0,0.0,8.39
2/2/2026,2023.0,20240094.0,21568.0,40227.0,NAVIGATOR BORGER EXPRESS LLC,Crude Oil,INTERSTATE,OKLAHOMA,98.44,0.0,98.44,0.0,0.0,0.0,0.0,0.0,0.0,0.0,0.0,0.0,0.0,0.0,0.0,0.0,0.0,0.0,0.0,0.0,0.0,0.0,98.44,0.0,0.0,98.44
2/2/2026,2023.0,20240094.0,21568.0,40227.0,NAVIGATOR BORGER EXPRESS LLC,Crude Oil,INTERSTATE,TEXAS,94.0,0.0,94.0,0.0,0.0,0.0,0.0,0.0,0.0,0.0,0.0,0.0,0.0,0.0,0.0,0.0,0.0,0.0,0.0,0.0,0.0,0.0,94.0,0.0,0.0,94.0
2/2/2026,2023.0,20240310.0,21121.0,40231.0,"SCURRY MIDSTREAM, LLC",HVL,INTRASTATE,TEXAS,3.29,0.0,3.29,0.0,0.0,0.0,0.0,0.0,0.0,0.0,0.0,0.0,0.0,0.0,0.0,0.0,0.0,0.0,0.0,0.0,0.0,0.0,3.29,0.0,0.0,3.29
2/2/2026,2023.0,20240408.0,21222.0,40238.0,"GRAYSON MILL OPERATING, LLC",Crude Oil,INTRASTATE,NORTH DAKOTA,0.0,0.0,0.0,18.5,28.24,0.0,0.0,46.74,0.0,0.0,0.0,0.0,0.0,0.0,0.0,0.0,0.0,0.0,0.0,0.0,0.0,0.0,46.74,0.0,0.0,46.74
2/2/2026,2023.0,20240679.0,21501.0,40244.0,"DENBURY GREEN PIPELINE-MONTANA, LLC",CO2,INTERSTATE,MONTANA,113.72,0.0,113.72,0.0,0.0,0.0,0.0,0.0,0.0,0.0,0.0,0.0,0.0,0.0,0.0,0.0,0.0,0.0,0.0,0.0,0.0,0.0,113.72,0.0,0.0,113.72
2/2/2026,2023.0,20240016.0,20767.0,40249.0,LEESBURG LP,HVL,INTRASTATE,TEXAS,1.8,0.0,1.8,0.0,0.0,0.0,0.0,0.0,0.0,0.0,0.0,0.0,0.0,0.0,0.0,0.0,0.0,0.0,0.0,0.0,0.0,0.0,1.8,0.0,0.0,1.8
2/2/2026,2023.0,20240188.0,20984.0,40252.0,CANES MIDSTREAM LOGISTICS LLC,Crude Oil,INTRASTATE,TEXAS,0.0,0.0,0.0,0.0,0.0,0.0,0.0,0.0,0.0,0.0,0.0,0.0,0.0,0.0,0.0,0.0,0.0,0.0,0.0,0.0,0.0,0.0,0.0,0.0,0.0,0.0
2/2/2026,2023.0,20240680.0,21502.0,40256.0,"DENBURY GREEN PIPELINE-NORTH DAKOTA, LLC",CO2,INTERSTATE,NORTH DAKOTA,9.26,0.0,9.26,0.0,0.0,0.0,0.0,0.0,0.0,0.0,0.0,0.0,0.0,0.0,0.0,0.0,0.0,0.0,0.0,0.0,0.0,0.0,9.26,0.0,0.0,9.26
2/2/2026,2023.0,20240342.0,21153.0,40266.0,"HEP JAVELINA COMPANY, LLC",HVL,INTRASTATE,TEXAS,32.18,0.0,32.18,2.71,0.0,0.0,0.0,2.71,0.0,0.0,0.0,0.0,0.0,0.0,0.0,0.0,0.0,0.0,0.0,0.0,0.0,0.0,34.89,0.0,0.0,34.89
2/2/2026,2023.0,20240117.0,20892.0,40268.0,"GARY CLIMATE SOLUTIONS, LLC",CO2,INTRASTATE,KANSAS,14.3,0.0,14.3,0.0,0.0,0.0,0.0,0.0,0.0,0.0,0.0,0.0,0.0,0.0,0.0,0.0,0.0,0.0,0.0,0.0,0.0,0.0,14.3,0.0,0.0,14.3
2/2/2026,2023.0,20240348.0,21161.0,40271.0,INTERNATIONAL- MATEX TANK TERMINALS LLC,Refined and/or Petroleum Product (non-HVL),INTRASTATE,LOUISIANA,4.84,0.0,4.84,0.0,0.0,0.0,0.0,0.0,0.0,0.0,0.0,0.0,0.0,0.0,0.0,0.0,0.0,0.0,0.0,0.0,0.0,0.0,4.84,0.0,0.0,4.84
2/2/2026,2023.0,20240266.0,21074.0,40275.0,SENTINEL MIDSTREAM OPERATING LLC,Crude Oil,INTERSTATE,TEXAS,20.61,0.0,20.61,0.0,0.0,0.0,0.0,0.0,0.0,0.0,0.0,0.0,0.0,0.0,0.0,0.0,0.0,0.0,0.0,0.0,0.0,0.0,20.61,0.0,0.0,20.61
2/2/2026,2023.0,20240266.0,21074.0,40275.0,SENTINEL MIDSTREAM OPERATING LLC,Crude Oil,INTRASTATE,LOUISIANA,129.47,0.0,129.47,0.44,0.0,0.0,0.0,0.44,0.0,0.0,0.0,0.0,0.0,0.0,0.0,0.0,0.0,0.0,0.0,0.0,0.0,0.0,129.91,0.0,0.0,129.91
2/2/2026,2023.0,20240266.0,21074.0,40275.0,SENTINEL MIDSTREAM OPERATING LLC,Crude Oil,INTRASTATE,TEXAS,9.23,0.0,9.23,0.0,0.0,0.0,0.0,0.0,0.0,0.0,0.0,0.0,0.0,0.0,0.0,0.0,0.0,0.0,0.0,0.0,0.0,0.0,9.23,0.0,0.0,9.23
2/2/2026,2023.0,20240474.0,21291.0,40277.0,"VERTEX REFINING ALABAMA,LLC",Crude Oil,INTRASTATE,ALABAMA,6.3,0.0,6.3,0.0,0.0,0.0,0.0,0.0,0.0,0.0,0.0,0.0,0.0,0.0,0.0,0.0,0.0,0.0,0.0,0.0,0.0,0.0,6.3,0.0,0.0,6.3
2/2/2026,2023.0,20240475.0,21292.0,40277.0,"VERTEX REFINING ALABAMA,LLC",Refined and/or Petroleum Product (non-HVL),INTRASTATE,ALABAMA,6.28,0.0,6.28,0.0,0.0,0.0,0.0,0.0,0.0,0.0,0.0,0.0,0.0,0.0,0.0,0.0,0.0,0.0,0.0,0.0,0.0,0.0,6.28,0.0,0.0,6.28
2/2/2026,2023.0,20240220.0,21027.0,40279.0,MENZIES (LAXFUEL),Refined and/or Petroleum Product (non-HVL),INTRASTATE,CALIFORNIA,0.0,0.0,0.0,0.0,0.0,0.0,0.0,0.0,0.0,0.0,0.0,0.0,0.0,0.0,0.0,0.0,0.0,0.0,0.0,0.0,0.0,0.0,0.0,0.0,0.0,0.0
2/2/2026,2023.0,20240367.0,21181.0,40282.0,EQUILON ENTERPRISES LLC DBA SHELL OIL PRODUCTS,Fuel Grade Ethanol (dedicated system),INTRASTATE,CALIFORNIA,14.47,0.0,14.47,0.0,0.0,0.0,0.0,0.0,0.0,0.0,0.0,0.0,0.0,0.0,0.0,0.0,0.0,0.0,0.0,0.0,0.0,0.0,14.47,0.0,0.0,14.47
2/2/2026,2023.0,20240368.0,21649.0,40282.0,EQUILON ENTERPRISES LLC DBA SHELL OIL PRODUCTS,Refined and/or Petroleum Product (non-HVL),INTRASTATE,CALIFORNIA,79.69,0.0,79.69,0.0,0.0,0.0,0.0,0.0,0.0,0.0,0.0,0.0,0.0,0.0,0.0,0.0,0.0,0.0,0.0,0.0,0.0,0.0,79.69,0.0,0.0,79.69
2/2/2026,2023.0,20240412.0,21227.0,40283.0,"SUNOCO, LLC",Refined and/or Petroleum Product (non-HVL),INTERSTATE,MARYLAND,5.49,0.0,5.49,3.01,0.0,0.0,0.0,3.01,0.0,0.0,0.0,0.0,0.0,0.0,0.0,0.0,0.0,0.0,0.0,0.0,0.0,0.0,8.5,0.0,0.0,8.5
2/2/2026,2023.0,20240412.0,21227.0,40283.0,"SUNOCO, LLC",Refined and/or Petroleum Product (non-HVL),INTERSTATE,NEW JERSEY,1.33,0.0,1.33,0.26,0.0,0.0,0.0,0.26,0.0,0.0,0.0,0.0,0.0,0.0,0.0,0.0,0.0,0.0,0.0,0.0,0.0,0.0,1.59,0.0,0.0,1.59
2/2/2026,2023.0,20240412.0,21227.0,40283.0,"SUNOCO, LLC",Refined and/or Petroleum Product (non-HVL),INTERSTATE,NEW YORK,0.04,0.0,0.04,0.2,0.0,0.0,0.0,0.2,0.0,0.0,0.0,0.0,0.0,0.0,0.0,0.0,0.0,0.0,0.0,0.0,0.0,0.0,0.24,0.0,0.0,0.24
2/2/2026,2023.0,20240412.0,21227.0,40283.0,"SUNOCO, LLC",Refined and/or Petroleum Product (non-HVL),INTERSTATE,WASHINGTON DC,2.67,0.0,2.67,0.14,0.0,0.0,0.0,0.14,0.0,0.0,0.0,0.0,0.0,0.0,0.0,0.0,0.0,0.0,0.0,0.0,0.0,0.0,2.81,0.0,0.0,2.81
2/2/2026,2023.0,20240412.0,21227.0,40283.0,"SUNOCO, LLC",Refined and/or Petroleum Product (non-HVL),INTRASTATE,NEW JERSEY,3.15,0.0,3.15,2.14,0.0,0.0,0.0,2.14,0.25,0.0,0.0,0.0,0.25,0.0,0.0,0.0,0.0,0.0,0.0,0.0,0.0,0.0,5.54,0.0,0.0,5.54
2/2/2026,2023.0,20240412.0,21227.0,40283.0,"SUNOCO, LLC",Refined and/or Petroleum Product (non-HVL),INTRASTATE,OHIO,0.0,0.0,0.0,1.69,0.0,0.0,0.0,1.69,0.0,0.0,0.0,0.0,0.0,0.0,0.0,0.0,0.0,0.0,0.0,0.0,0.0,0.0,1.69,0.0,0.0,1.69
2/2/2026,2023.0,20240412.0,21227.0,40283.0,"SUNOCO, LLC",Refined and/or Petroleum Product (non-HVL),INTRASTATE,VIRGINIA,6.53,0.0,6.53,2.66,0.0,0.0,0.0,2.66,0.0,0.0,0.0,0.0,0.0,0.0,0.0,0.0,0.0,0.0,0.0,0.0,0.0,0.0,9.19,0.0,0.0,9.19
2/2/2026,2023.0,20240616.0,21437.0,40295.0,"FUNDARE RESOURCES OPERATING COMPANY, LLC",Crude Oil,INTRASTATE,COLORADO,6.97,0.0,6.97,0.0,4.55,0.0,0.0,4.55,0.0,0.0,0.0,0.0,0.0,0.0,0.0,0.0,0.0,0.0,0.0,0.0,0.0,0.0,11.52,0.0,0.0,11.52
2/2/2026,2023.0,20240617.0,21438.0,40295.0,"FUNDARE RESOURCES OPERATING COMPANY, LLC",HVL,INTRASTATE,COLORADO,0.18,0.0,0.18,0.0,0.0,0.0,0.0,0.0,0.0,0.0,0.0,0.0,0.0,0.0,0.0,0.0,0.0,0.0,0.0,0.0,0.0,0.0,0.18,0.0,0.0,0.18
2/2/2026,2023.0,20240119.0,20895.0,40306.0,SWISSPORT INC,Refined and/or Petroleum Product (non-HVL),INTRASTATE,NEVADA,3.7,0.0,3.7,0.0,0.0,0.0,0.0,0.0,0.0,0.0,0.0,0.0,0.0,0.0,0.0,0.0,0.0,0.0,0.0,0.0,0.0,0.0,3.7,0.0,0.0,3.7
2/2/2026,2023.0,20240178.0,20974.0,40313.0,"CALNRG OPERATING, LLC",Crude Oil,INTRASTATE,CALIFORNIA,0.0,0.0,0.0,2.69,0.0,0.0,0.0,2.69,0.0,0.0,0.0,0.0,0.0,0.0,0.0,0.0,0.0,0.0,0.0,0.0,0.0,0.0,2.69,0.0,0.0,2.69
2/2/2026,2023.0,20240508.0,21325.0,40318.0,OLYMPUS TERMINALS LLC,Crude Oil,INTRASTATE,CALIFORNIA,3.59,0.0,3.59,0.0,0.0,0.0,0.0,0.0,0.0,0.0,0.0,0.0,0.0,0.0,0.0,0.0,0.0,0.0,0.0,0.0,0.0,0.0,3.59,0.0,0.0,3.59
2/2/2026,2023.0,20240509.0,21626.0,40318.0,OLYMPUS TERMINALS LLC,Refined and/or Petroleum Product (non-HVL),INTRASTATE,CALIFORNIA,7.74,0.0,7.74,0.45,0.0,0.0,0.0,0.45,0.0,0.0,0.0,0.0,0.0,0.0,0.0,0.0,0.0,0.0,0.0,0.0,0.0,0.0,8.19,0.0,0.0,8.19
2/2/2026,2023.0,20240051.0,20802.0,40321.0,PINNACLE DOS PICOS LLC,Crude Oil,INTRASTATE,TEXAS,4.9,0.0,4.9,0.0,0.0,0.0,0.0,0.0,0.0,0.0,0.0,0.0,0.0,0.0,0.0,0.0,0.0,0.0,0.0,0.0,0.0,0.0,4.9,0.0,0.0,4.9
2/2/2026,2023.0,20240110.0,20884.0,40322.0,CONTANGO RESOURCES,CO2,INTERSTATE,WYOMING,0.0,0.0,0.0,0.0,0.0,0.0,0.0,0.0,0.0,0.0,0.0,0.0,0.0,0.0,0.0,0.0,0.0,0.0,0.0,0.0,0.0,0.0,0.0,0.0,0.0,0.0
2/2/2026,2023.0,20240110.0,20884.0,40322.0,CONTANGO RESOURCES,CO2,INTRASTATE,WYOMING,155.0,0.0,155.0,0.0,0.0,0.0,0.0,0.0,0.0,0.0,0.0,0.0,0.0,0.0,0.0,0.0,0.0,0.0,0.0,0.0,0.0,0.0,155.0,0.0,0.0,155.0
2/2/2026,2023.0,20240005.0,20746.0,40325.0,PLACID MIDSTREAM LLC,Crude Oil,INTRASTATE,LOUISIANA,16.0,0.0,16.0,0.0,0.0,0.0,0.0,0.0,0.0,0.0,0.0,0.0,0.0,0.0,0.0,0.0,0.0,0.0,0.0,0.0,0.0,0.0,16.0,0.0,0.0,16.0
2/2/2026,2023.0,20240099.0,21600.0,40329.0,NAVIGATOR PANHANDLE HOLDCO LLC,Crude Oil,INTERSTATE,OKLAHOMA,184.65,0.0,184.65,0.0,0.0,0.0,0.0,0.0,0.0,0.0,0.0,0.0,0.0,0.0,0.0,0.0,0.0,0.0,0.0,0.0,0.0,0.0,184.65,0.0,0.0,184.65
2/2/2026,2023.0,20240100.0,20868.0,40330.0,NAVIGATOR PH CROSSING LLC,Crude Oil,INTERSTATE,OKLAHOMA,16.12,0.0,16.12,0.0,0.0,0.0,0.0,0.0,0.0,0.0,0.0,0.0,0.0,0.0,0.0,0.0,0.0,0.0,0.0,0.0,0.0,0.0,16.12,0.0,0.0,16.12
2/2/2026,2023.0,20240100.0,20868.0,40330.0,NAVIGATOR PH CROSSING LLC,Crude Oil,INTERSTATE,TEXAS,49.38,0.0,49.38,0.0,0.0,0.0,0.0,0.0,0.0,0.0,0.0,0.0,0.0,0.0,0.0,0.0,0.0,0.0,0.0,0.0,0.0,0.0,49.38,0.0,0.0,49.38
2/2/2026,2023.0,20250003.0,21667.0,40335.0,PHOENIX PARK ENERGY MARKETING LLC,HVL,INTRASTATE,TEXAS,46.47,0.0,46.47,10.41,0.0,0.0,0.0,10.41,0.0,0.0,0.0,0.0,0.0,0.0,0.0,0.0,0.0,0.0,0.0,0.0,0.0,0.0,56.88,0.0,0.0,56.88
2/2/2026,2023.0,20240257.0,21065.0,40337.0,CRESTONE PEAK RESOURCES LP,Crude Oil,INTRASTATE,COLORADO,0.0,0.0,0.0,39.49,0.0,0.0,0.0,39.49,0.0,0.0,0.0,0.0,0.0,0.0,0.0,0.0,0.0,0.0,0.0,0.0,0.0,0.0,39.49,0.0,0.0,39.49
2/2/2026,2023.0,20240449.0,21606.0,40379.0,NOBLE ENERGY INC,Crude Oil,INTRASTATE,TEXAS,0.0,0.0,0.0,8.523,0.0,0.0,0.0,8.523,0.0,0.0,0.0,0.0,0.0,0.0,0.0,0.0,0.0,0.0,0.0,0.0,0.0,0.0,8.523,0.0,0.0,8.523
2/2/2026,2023.0,20240063.0,20814.0,40413.0,PRESIDIO PETROLEUM LLC,Crude Oil,INTRASTATE,TEXAS,0.0,0.0,0.0,0.0,0.0,0.0,0.0,0.0,0.0,0.0,0.0,0.0,0.0,0.0,0.0,0.0,0.0,0.0,0.0,0.0,0.0,0.0,0.0,0.0,0.0,0.0
2/2/2026,2023.0,20240603.0,21421.0,40414.0,"BKV MIDSTREAM, LLC",CO2,INTRASTATE,TEXAS,1.3,0.0,1.3,0.0,0.0,0.0,0.0,0.0,0.0,0.0,0.0,0.0,0.0,0.0,0.0,0.0,0.0,0.0,0.0,0.0,0.0,0.0,1.3,0.0,0.0,1.3
2/2/2026,2023.0,20240418.0,21233.0,40419.0,CHEVRON MIDSTREAM SERVICES LLC,Crude Oil,INTRASTATE,COLORADO,204.66,0.0,204.66,0.0,0.0,0.0,0.0,0.0,0.0,0.0,0.0,0.0,0.0,0.0,0.0,0.0,0.0,0.0,0.0,0.0,0.0,0.0,204.66,0.0,0.0,204.66
2/2/2026,2023.0,20240418.0,21233.0,40419.0,CHEVRON MIDSTREAM SERVICES LLC,Crude Oil,INTRASTATE,TEXAS,79.75,0.0,79.75,0.0,0.0,0.0,0.0,0.0,0.0,0.0,0.0,0.0,0.0,0.0,0.0,0.0,0.0,0.0,0.0,0.0,0.0,0.0,79.75,0.0,0.0,79.75
2/2/2026,2023.0,20240666.0,21487.0,40423.0,BAYOU MIDSTREAM,Crude Oil,INTRASTATE,MONTANA,6.93,0.0,6.93,0.0,0.0,0.0,0.0,0.0,0.0,0.0,0.0,0.0,0.0,0.0,0.0,0.0,0.0,0.0,0.0,0.0,0.0,0.0,6.93,0.0,0.0,6.93
2/2/2026,2023.0,20240666.0,21487.0,40423.0,BAYOU MIDSTREAM,Crude Oil,INTRASTATE,NORTH DAKOTA,23.01,0.0,23.01,0.0,0.0,0.0,0.0,0.0,0.0,0.0,0.0,0.0,0.0,0.0,0.0,0.0,0.0,0.0,0.0,0.0,0.0,0.0,23.01,0.0,0.0,23.01
2/2/2026,2023.0,20240060.0,20811.0,40425.0,"DOW HYDROCARBONS & RESOURCES, INC, GRAND BAYOU OPERATIONS",HVL,INTRASTATE,LOUISIANA,10.36,0.0,10.36,0.0,0.0,0.0,0.0,0.0,0.0,0.0,0.0,0.0,0.0,0.0,0.0,0.0,0.0,0.0,0.0,0.0,0.0,0.0,10.36,0.0,0.0,10.36
2/2/2026,2023.0,20240076.0,20833.0,40429.0,GAP MIDSTREAM LLC,Crude Oil,INTRASTATE,NORTH DAKOTA,0.0,0.0,0.0,2.19,66.64,0.0,0.0,68.83,0.0,0.0,0.0,0.0,0.0,0.0,0.0,0.0,0.0,0.0,0.0,0.0,0.0,0.0,68.83,0.0,0.0,68.83
2/2/2026,2023.0,20240362.0,21176.0,40438.0,"PERMIAN RESOURCES OPERATING, LLC",Crude Oil,INTRASTATE,TEXAS,0.0,0.0,0.0,1.27,0.0,0.0,0.0,1.27,0.0,0.0,0.0,0.0,0.0,0.0,0.0,0.0,0.0,1.09,0.0,0.0,0.0,1.09,2.36,0.0,0.0,2.36
2/2/2026,2023.0,20240594.0,21541.0,40461.0,"GOM SHELF, LLC",Crude Oil,INTERSTATE,LOUISIANA,0.0,0.0,0.0,0.0,5.81,18.88,0.0,24.69,0.0,0.0,0.0,0.0,0.0,0.0,0.0,0.0,0.0,0.0,0.0,0.0,0.0,0.0,5.81,18.88,0.0,24.69
2/2/2026,2023.0,20240594.0,21541.0,40461.0,"GOM SHELF, LLC",Crude Oil,INTERSTATE,OCS-Gulf of Mexico,0.0,0.0,0.0,0.0,0.0,39.6,0.0,39.6,0.0,0.0,0.0,0.0,0.0,0.0,0.0,0.0,0.0,0.0,0.0,0.0,0.0,0.0,0.0,39.6,0.0,39.6
2/2/2026,2023.0,20240594.0,21541.0,40461.0,"GOM SHELF, LLC",Crude Oil,INTRASTATE,LOUISIANA,0.0,0.0,0.0,0.0,14.6,0.0,0.0,14.6,0.0,0.0,0.0,0.0,0.0,0.0,0.0,0.0,0.0,0.0,0.0,0.0,0.0,0.0,14.6,0.0,0.0,14.6
2/2/2026,2023.0,20240046.0,20797.0,40466.0,"GEOSOUTHERN OPERATING II, LLC",Crude Oil,INTRASTATE,TEXAS,0.0,0.0,0.0,0.0,0.0,0.0,0.0,0.0,0.0,0.0,0.0,0.0,0.0,0.0,0.0,0.0,0.0,0.0,0.0,0.0,0.0,0.0,0.0,0.0,0.0,0.0
2/2/2026,2023.0,20240015.0,20765.0,40475.0,PACIFIC PIPELINE COMPANY,Crude Oil,INTRASTATE,CALIFORNIA,124.43,0.0,124.43,0.0,0.0,0.0,0.0,0.0,0.0,0.0,0.0,0.0,0.0,0.0,0.0,0.0,0.0,0.0,0.0,0.0,0.0,0.0,124.43,0.0,0.0,124.43
2/2/2026,2023.0,20240179.0,20975.0,40479.0,ADVANTAGE PIPELINE LLC,Crude Oil,INTRASTATE,TEXAS,68.25,0.0,68.25,0.0,0.0,0.0,0.0,0.0,0.0,0.0,0.0,0.0,0.0,0.0,0.0,0.0,0.0,0.0,0.0,0.0,0.0,0.0,68.25,0.0,0.0,68.25
2/2/2026,2023.0,20240111.0,20885.0,40489.0,"SILVERBOW RESOURCES OPER, LLC",Crude Oil,INTRASTATE,TEXAS,0.0,0.0,0.0,0.0,0.0,0.0,0.0,0.0,0.0,0.0,0.0,0.0,0.0,0.0,0.0,0.0,0.0,0.0,0.0,0.0,0.0,0.0,0.0,0.0,0.0,0.0
2/2/2026,2023.0,20240056.0,20807.0,40491.0,INEOS USA OIL & GAS LLC,Crude Oil,INTRASTATE,TEXAS,0.0,0.0,0.0,0.0,0.0,0.0,0.0,0.0,0.0,0.0,0.0,0.0,0.0,0.0,0.0,0.0,0.0,0.0,0.0,0.0,0.0,0.0,0.0,0.0,0.0,0.0
2/2/2026,2023.0,20240177.0,21562.0,40498.0,PLAINS PIPELINE MIDCON LLC,Crude Oil,INTERSTATE,COLORADO,6.95,0.0,6.95,0.0,0.0,0.0,0.0,0.0,0.0,0.0,0.0,0.0,0.0,0.0,0.0,0.0,0.0,0.0,0.0,0.0,0.0,0.0,6.95,0.0,0.0,6.95
2/2/2026,2023.0,20240177.0,21562.0,40498.0,PLAINS PIPELINE MIDCON LLC,Crude Oil,INTERSTATE,KANSAS,89.25,0.0,89.25,0.0,0.0,0.0,0.0,0.0,0.0,0.0,0.0,0.0,0.0,0.0,0.0,0.0,0.0,0.0,0.0,0.0,0.0,0.0,89.25,0.0,0.0,89.25
2/2/2026,2023.0,20240177.0,21562.0,40498.0,PLAINS PIPELINE MIDCON LLC,Crude Oil,INTERSTATE,NEBRASKA,0.0,0.0,0.0,0.0,0.0,0.0,0.0,0.0,0.0,0.0,0.0,0.0,0.0,0.0,0.0,0.0,0.0,0.0,0.0,0.0,0.0,0.0,0.0,0.0,0.0,0.0
2/2/2026,2023.0,20240177.0,21562.0,40498.0,PLAINS PIPELINE MIDCON LLC,Crude Oil,INTERSTATE,OKLAHOMA,462.49,0.0,462.49,0.0,0.0,0.0,0.0,0.0,0.0,0.0,0.0,0.0,0.0,0.0,0.0,0.0,0.0,0.0,0.0,0.0,0.0,0.0,462.49,0.0,0.0,462.49
2/2/2026,2023.0,20240177.0,21562.0,40498.0,PLAINS PIPELINE MIDCON LLC,Crude Oil,INTERSTATE,TEXAS,11.7,0.0,11.7,0.0,0.0,0.0,0.0,0.0,0.0,0.0,0.0,0.0,0.0,0.0,0.0,0.0,0.0,0.0,0.0,0.0,0.0,0.0,11.7,0.0,0.0,11.7
2/2/2026,2023.0,20240177.0,21562.0,40498.0,PLAINS PIPELINE MIDCON LLC,Crude Oil,INTRASTATE,COLORADO,2.38,0.0,2.38,0.0,0.0,0.0,0.0,0.0,0.0,0.0,0.0,0.0,0.0,0.0,0.0,0.0,0.0,0.0,0.0,0.0,0.0,0.0,2.38,0.0,0.0,2.38
2/2/2026,2023.0,20240177.0,21562.0,40498.0,PLAINS PIPELINE MIDCON LLC,Crude Oil,INTRASTATE,KANSAS,2.29,0.0,2.29,0.0,0.0,0.0,0.0,0.0,0.0,0.0,0.0,0.0,0.0,0.0,0.0,0.0,0.0,0.0,0.0,0.0,0.0,0.0,2.29,0.0,0.0,2.29
2/2/2026,2023.0,20240177.0,21562.0,40498.0,PLAINS PIPELINE MIDCON LLC,Crude Oil,INTRASTATE,OKLAHOMA,263.41,0.0,263.41,0.0,0.0,0.0,0.0,0.0,0.0,0.0,0.0,0.0,0.0,0.0,0.0,0.0,0.0,0.0,0.0,0.0,0.0,0.0,263.41,0.0,0.0,263.41
2/2/2026,2023.0,20250260.0,21965.0,40502.0,SHIPROCK SAN JUAN LLC,Crude Oil,INTRASTATE,NEW MEXICO,0.0,0.0,0.0,0.0,0.0,0.0,0.0,0.0,0.0,0.0,0.0,0.0,0.0,0.0,0.0,0.0,0.0,0.0,0.0,0.0,0.0,0.0,0.0,0.0,0.0,0.0
2/2/2026,2023.0,20240118.0,21781.0,40526.0,AIRCRAFT SERVICE INTERNATIONAL INC,Refined and/or Petroleum Product (non-HVL),INTRASTATE,TEXAS,0.0,0.0,0.0,1.49,0.0,0.0,0.0,1.49,0.0,0.0,0.0,0.0,0.0,0.0,0.0,0.0,0.0,0.0,0.0,0.0,0.0,0.0,1.49,0.0,0.0,1.49
2/2/2026,2023.0,20240673.0,21625.0,40534.0,JET INFRASTRUCTURE,Refined and/or Petroleum Product (non-HVL),INTERSTATE,NEW MEXICO,68.52,0.0,68.52,0.0,0.0,0.0,0.0,0.0,0.0,0.0,0.0,0.0,0.0,0.0,0.0,0.0,0.0,0.0,0.0,0.0,0.0,0.0,68.52,0.0,0.0,68.52
2/2/2026,2023.0,20240673.0,21625.0,40534.0,JET INFRASTRUCTURE,Refined and/or Petroleum Product (non-HVL),INTERSTATE,TEXAS,4.5,0.0,4.5,0.0,0.0,0.0,0.0,0.0,0.0,0.0,0.0,0.0,0.0,0.0,0.0,0.0,0.0,0.0,0.0,0.0,0.0,0.0,4.5,0.0,0.0,4.5
2/2/2026,2023.0,20240673.0,21625.0,40534.0,JET INFRASTRUCTURE,Refined and/or Petroleum Product (non-HVL),INTRASTATE,CALIFORNIA,3.71,0.0,3.71,0.58,0.0,0.0,0.0,0.58,0.0,0.0,0.0,0.0,0.0,0.0,0.0,0.0,0.0,0.0,0.0,0.0,0.0,0.0,4.29,0.0,0.0,4.29
2/2/2026,2023.0,20240673.0,21625.0,40534.0,JET INFRASTRUCTURE,Refined and/or Petroleum Product (non-HVL),INTRASTATE,FLORIDA,35.14,0.0,35.14,0.0,0.0,0.0,0.0,0.0,0.0,0.0,0.0,0.0,0.0,0.0,0.0,0.0,0.0,0.0,0.0,0.0,0.0,0.0,35.14,0.0,0.0,35.14
2/2/2026,2023.0,20240673.0,21625.0,40534.0,JET INFRASTRUCTURE,Refined and/or Petroleum Product (non-HVL),INTRASTATE,GEORGIA,0.0,0.0,0.0,0.0,0.0,0.0,0.0,0.0,8.96,8.28,0.0,0.0,17.24,0.0,0.0,0.0,0.0,0.0,0.0,0.0,0.0,0.0,17.24,0.0,0.0,17.24
2/2/2026,2023.0,20240673.0,21625.0,40534.0,JET INFRASTRUCTURE,Refined and/or Petroleum Product (non-HVL),INTRASTATE,NEVADA,0.0,0.0,0.0,3.03,0.0,0.0,0.0,3.03,0.0,0.0,0.0,0.0,0.0,0.0,0.0,0.0,0.0,0.0,0.0,0.0,0.0,0.0,3.03,0.0,0.0,3.03
2/2/2026,2023.0,20240673.0,21625.0,40534.0,JET INFRASTRUCTURE,Refined and/or Petroleum Product (non-HVL),INTRASTATE,TENNESSEE,8.98,0.0,8.98,2.13,0.0,0.0,0.0,2.13,0.0,0.0,0.0,0.0,0.0,0.0,0.0,0.0,0.0,0.0,0.0,0.0,0.0,0.0,11.11,0.0,0.0,11.11
2/2/2026,2023.0,20240227.0,21034.0,40538.0,ZARVONA ENERGY LLC,Crude Oil,INTRASTATE,TEXAS,0.0,0.0,0.0,0.0,0.0,0.0,0.0,0.0,0.0,0.0,0.0,0.0,0.0,0.0,0.0,0.0,0.0,0.0,0.0,0.0,0.0,0.0,0.0,0.0,0.0,0.0
2/2/2026,2023.0,20240047.0,21784.0,40539.0,"SLANT OPERATING, LLC",Crude Oil,INTRASTATE,TEXAS,5.22,0.0,5.22,0.0,0.0,0.0,0.0,0.0,0.0,0.0,0.0,0.0,0.0,0.0,0.0,0.0,0.0,0.0,0.0,0.0,0.0,0.0,5.22,0.0,0.0,5.22
2/2/2026,2023.0,20240045.0,20796.0,40559.0,"GATHERER MIDSTREAM, LLC",Crude Oil,INTRASTATE,TEXAS,0.0,0.0,0.0,0.0,0.0,0.0,0.0,0.0,0.0,0.0,0.0,0.0,0.0,0.0,0.0,0.0,0.0,0.0,0.0,0.0,0.0,0.0,0.0,0.0,0.0,0.0
2/2/2026,2023.0,20240520.0,21337.0,40586.0,BPX MIDSTREAM LLC,Crude Oil,INTRASTATE,TEXAS,4.74,0.0,4.74,0.0,0.0,0.0,0.0,0.0,0.0,0.0,0.0,0.0,0.0,0.0,0.0,0.0,0.0,0.0,0.0,0.0,0.0,0.0,4.74,0.0,0.0,4.74
2/2/2026,2023.0,20240058.0,20809.0,40605.0,JAVELIN ENERGY PARTNERS MGMT LLC,Crude Oil,INTRASTATE,TEXAS,0.0,0.0,0.0,0.0,0.0,0.0,0.0,0.0,0.0,0.0,0.0,0.0,0.0,0.0,0.0,0.0,0.0,0.0,0.0,0.0,0.0,0.0,0.0,0.0,0.0,0.0
2/2/2026,2023.0,20240268.0,21078.0,40624.0,"PAR ROCKY MOUNTAIN MIDSTREAM, LLC",Crude Oil,INTRASTATE,MONTANA,70.68,0.0,70.68,0.29,0.0,0.0,0.0,0.29,0.0,0.0,0.0,0.0,0.0,0.0,0.0,0.0,0.0,0.0,0.0,0.0,0.0,0.0,70.97,0.0,0.0,70.97
2/2/2026,2023.0,20240247.0,21076.0,40624.0,"PAR ROCKY MOUNTAIN MIDSTREAM, LLC",Refined and/or Petroleum Product (non-HVL),INTERSTATE,WASHINGTON,0.9,0.0,0.9,0.05,0.0,0.0,0.0,0.05,0.0,0.0,0.0,0.0,0.0,0.0,0.0,0.0,0.0,0.0,0.0,0.0,0.0,0.0,0.95,0.0,0.0,0.95
2/2/2026,2023.0,20240424.0,21239.0,40647.0,"DLK BLACK RIVER MIDSTREAM, LLC",HVL,INTRASTATE,NEW MEXICO,1.048,0.0,1.048,0.0,0.0,0.0,0.0,0.0,0.0,0.0,0.0,0.0,0.0,0.0,0.0,0.0,0.0,0.0,0.0,0.0,0.0,0.0,1.048,0.0,0.0,1.048
2/2/2026,2023.0,20240565.0,21382.0,40668.0,ENBRIDGE HOLDINGS (GRAY OAK) LLC,Crude Oil,INTRASTATE,TEXAS,859.813,0.0,859.813,0.0,0.0,0.0,0.0,0.0,0.0,0.0,0.0,0.0,0.0,0.0,0.0,0.0,0.0,0.0,0.0,0.0,0.0,0.0,859.813,0.0,0.0,859.813
2/2/2026,2023.0,20240599.0,21797.0,40680.0,"GUARDIAN DECOMMISSIONING, INC.",Crude Oil,INTERSTATE,LOUISIANA,0.0,0.0,0.0,0.0,0.0,11.32,0.0,11.32,0.0,0.0,0.0,0.0,0.0,0.0,0.0,0.0,0.0,0.0,0.0,0.0,0.0,0.0,0.0,11.32,0.0,11.32
2/2/2026,2023.0,20240717.0,21564.0,40701.0,"CARDINAL DELAWARE BASIN, LLC",HVL,INTRASTATE,TEXAS,6.52,0.0,6.52,0.0,0.0,0.0,0.0,0.0,0.0,0.0,0.0,0.0,0.0,0.0,0.0,0.0,0.0,0.0,0.0,0.0,0.0,0.0,6.52,0.0,0.0,6.52
2/2/2026,2023.0,20240690.0,21608.0,40702.0,BETA CRUDE CONNECTOR,Crude Oil,INTRASTATE,TEXAS,73.16,0.0,73.16,0.0,0.0,0.0,0.0,0.0,0.0,0.0,0.0,0.0,0.0,0.0,0.0,0.0,0.0,0.0,0.0,0.0,0.0,0.0,73.16,0.0,0.0,73.16
2/2/2026,2023.0,20240707.0,21532.0,40706.0,LGOT LP,Crude Oil,INTRASTATE,LOUISIANA,14.0,0.0,14.0,0.0,0.0,0.0,0.0,0.0,0.0,0.0,0.0,0.0,0.0,0.0,0.0,0.0,0.0,0.0,0.0,0.0,0.0,0.0,14.0,0.0,0.0,14.0
2/2/2026,2023.0,20240007.0,20749.0,40707.0,GRANITE CREEK ENERGY LLC,Crude Oil,INTRASTATE,WYOMING,0.0,0.0,0.0,0.0,11.4,0.0,0.0,11.4,0.0,0.0,0.0,0.0,0.0,0.0,0.0,0.0,0.0,0.0,0.0,0.0,0.0,0.0,11.4,0.0,0.0,11.4
2/2/2026,2023.0,20240718.0,21583.0,40714.0,"SILVER MOUNTAIN ENERGY, LLC",CO2,INTRASTATE,COLORADO,0.0,0.0,0.0,0.0,15.0,0.0,0.0,15.0,0.0,0.0,0.0,0.0,0.0,0.0,0.0,0.0,0.0,0.0,0.0,0.0,0.0,0.0,15.0,0.0,0.0,15.0
2/2/2026,2023.0,20240709.0,21535.0,40717.0,MENZIES AVIATION (SFO FUEL COMPANY),Refined and/or Petroleum Product (non-HVL),INTRASTATE,CALIFORNIA,0.0,0.0,0.0,0.0,0.0,0.0,0.0,0.0,0.0,0.0,0.0,0.0,0.0,0.0,0.0,0.0,0.0,0.0,0.0,0.0,0.0,0.0,0.0,0.0,0.0,0.0
2/2/2026,2023.0,20250721.0,22541.0,40718.0,"OSWEGO HARBOR POWER, LLC",Refined and/or Petroleum Product (non-HVL),INTRASTATE,NEW YORK,4.2,0.0,4.2,0.0,0.0,0.0,0.0,0.0,0.0,0.0,0.0,0.0,0.0,0.0,0.0,0.0,0.0,0.0,0.0,0.0,0.0,0.0,4.2,0.0,0.0,4.2
2/2/2026,2023.0,20240160.0,20956.0,40719.0,NRG MAINTENANCE SERVICES LLC.,CO2,INTRASTATE,TEXAS,0.36,0.0,0.36,0.0,0.0,0.0,0.0,0.0,0.0,0.0,0.0,0.0,0.0,0.0,0.0,0.0,0.0,0.0,0.0,0.0,0.0,0.0,0.36,0.0,0.0,0.36
2/2/2026,2023.0,20240057.0,20808.0,40749.0,"RIDGEMAR ENERGY OPERATING, LLC",Crude Oil,INTRASTATE,TEXAS,0.0,0.0,0.0,0.0,0.0,0.0,0.0,0.0,0.0,0.0,0.0,0.0,0.0,0.0,0.0,0.0,0.0,0.0,0.0,0.0,0.0,0.0,0.0,0.0,0.0,0.0
2/2/2026,2023.0,20240506.0,21609.0,40759.0,"TIVOLI SERVICES, LLC",Crude Oil,INTRASTATE,TEXAS,136.68,0.0,136.68,0.0,0.0,0.0,0.0,0.0,0.0,0.0,0.0,0.0,0.0,0.0,0.0,0.0,0.0,0.0,0.0,0.0,0.0,0.0,136.68,0.0,0.0,136.68
2/2/2026,2023.0,20240181.0,20977.0,40765.0,POPB NM CRUDE II LLC,Crude Oil,INTERSTATE,NEW MEXICO,32.1,0.0,32.1,0.0,0.0,0.0,0.0,0.0,0.0,0.0,0.0,0.0,0.0,0.0,0.0,0.0,0.0,0.0,0.0,0.0,0.0,0.0,32.1,0.0,0.0,32.1
2/2/2026,2023.0,20240108.0,20882.0,40768.0,"KINETIK HOLDINGS, LP",Crude Oil,INTRASTATE,TEXAS,65.56,0.0,65.56,0.0,0.0,0.0,0.0,0.0,0.0,0.0,0.0,0.0,0.0,0.0,0.0,0.0,0.0,0.0,9.11,0.0,0.0,9.11,74.67,0.0,0.0,74.67
2/2/2026,2023.0,20240107.0,20881.0,40768.0,"KINETIK HOLDINGS, LP",HVL,INTRASTATE,TEXAS,123.54,0.0,123.54,0.0,0.0,0.0,0.0,0.0,0.0,0.0,0.0,0.0,0.0,0.0,0.0,0.0,0.0,0.0,0.0,0.0,0.0,0.0,123.54,0.0,0.0,123.54
2/2/2026,2023.0,20240714.0,21545.0,40775.0,JEFFERSON RAILPORT TERMINAL I TEXAS LLC,Crude Oil,INTRASTATE,TEXAS,0.0,0.0,0.0,0.0,0.0,0.0,0.0,0.0,0.0,0.0,0.0,0.0,0.0,0.0,0.0,0.0,0.0,0.0,0.0,0.0,0.0,0.0,0.0,0.0,0.0,0.0
2/2/2026,2023.0,20240668.0,21489.0,40797.0,MUSTANG HOLDING LLC,Crude Oil,INTERSTATE,ALASKA,0.218,0.0,0.218,0.0,0.0,0.0,0.0,0.0,0.0,0.0,0.0,0.0,0.0,0.0,0.0,0.0,0.0,0.0,0.0,0.0,0.0,0.0,0.218,0.0,0.0,0.218
2/2/2026,2023.0,20240116.0,20890.0,40801.0,"BOARDWALK PURITY PIPELINES COMPANY, LLC",HVL,INTRASTATE,TEXAS,0.0,0.0,0.0,15.8,0.0,0.0,0.0,15.8,0.0,0.0,0.0,0.0,0.0,0.0,0.0,0.0,0.0,0.0,0.0,0.0,0.0,0.0,15.8,0.0,0.0,15.8
2/2/2026,2023.0,20240357.0,21533.0,40870.0,CENTRAL CRUDE INC,Crude Oil,INTRASTATE,LOUISIANA,79.7,0.0,79.7,0.0,0.0,0.0,0.0,0.0,0.0,0.0,0.0,0.0,0.0,0.0,0.0,0.0,0.0,0.0,0.0,0.0,0.0,0.0,79.7,0.0,0.0,79.7
2/2/2026,2023.0,20240659.0,21480.0,99001.0,DEFENSE FUEL SUPPLY POINT,Refined and/or Petroleum Product (non-HVL),INTRASTATE,SOUTH CAROLINA,0.0,0.0,0.0,4.72,0.0,0.0,0.0,4.72,0.0,0.0,0.0,0.0,0.0,0.0,0.0,0.0,0.0,0.0,0.0,0.0,0.0,0.0,4.72,0.0,0.0,4.72
2/2/2026,2023.0,20240602.0,21420.0,99002.0,TAMPA AIRPORT PIPELINE CORPORATION,Refined and/or Petroleum Product (non-HVL),INTRASTATE,FLORIDA,0.0,0.0,0.0,10.5,0.0,0.0,0.0,10.5,0.0,0.0,0.0,0.0,0.0,0.0,0.0,0.0,0.0,0.0,0.0,0.0,0.0,0.0,10.5,0.0,0.0,10.5
2/2/2026,2023.0,20240329.0,21140.0,99031.0,CITGO PETROLEUM CORPORATION (TERMINALS),Refined and/or Petroleum Product (non-HVL),INTERSTATE,INDIANA,0.0,0.0,0.0,0.0,0.0,0.0,0.0,0.0,0.0,0.0,0.0,0.0,0.0,0.0,0.0,0.0,0.0,0.0,0.0,0.0,0.0,0.0,0.0,0.0,0.0,0.0
2/2/2026,2023.0,20240329.0,21140.0,99031.0,CITGO PETROLEUM CORPORATION (TERMINALS),Refined and/or Petroleum Product (non-HVL),INTERSTATE,NEW JERSEY,0.0,0.0,0.0,0.0,0.0,0.0,0.0,0.0,0.0,0.0,0.0,0.0,0.0,0.0,0.0,0.0,0.0,0.0,0.0,0.0,0.0,0.0,0.0,0.0,0.0,0.0
2/2/2026,2023.0,20240329.0,21140.0,99031.0,CITGO PETROLEUM CORPORATION (TERMINALS),Refined and/or Petroleum Product (non-HVL),INTERSTATE,OHIO,0.0,0.0,0.0,0.0,0.0,0.0,0.0,0.0,0.0,0.0,0.0,0.0,0.0,0.0,0.0,0.0,0.0,0.0,0.0,0.0,0.0,0.0,0.0,0.0,0.0,0.0
2/2/2026,2023.0,20240329.0,21140.0,99031.0,CITGO PETROLEUM CORPORATION (TERMINALS),Refined and/or Petroleum Product (non-HVL),INTRASTATE,FLORIDA,0.0,0.0,0.0,1.219,0.0,0.0,0.0,1.219,0.0,0.0,0.0,0.0,0.0,0.0,0.0,0.0,0.0,0.0,0.0,0.0,0.0,0.0,1.219,0.0,0.0,1.219
2/2/2026,2023.0,20240329.0,21140.0,99031.0,CITGO PETROLEUM CORPORATION (TERMINALS),Refined and/or Petroleum Product (non-HVL),INTRASTATE,ILLINOIS,0.0,0.0,0.0,0.637,0.0,0.0,0.0,0.637,0.0,0.0,0.0,0.0,0.0,0.0,0.0,0.0,0.0,0.0,0.0,0.0,0.0,0.0,0.637,0.0,0.0,0.637
2/2/2026,2023.0,20240329.0,21140.0,99031.0,CITGO PETROLEUM CORPORATION (TERMINALS),Refined and/or Petroleum Product (non-HVL),INTRASTATE,INDIANA,4.927,0.0,4.927,0.344,0.0,0.0,0.0,0.344,0.0,0.0,0.0,0.0,0.0,0.0,0.0,0.0,0.0,0.0,0.0,0.0,0.0,0.0,5.271,0.0,0.0,5.271
2/2/2026,2023.0,20240329.0,21140.0,99031.0,CITGO PETROLEUM CORPORATION (TERMINALS),Refined and/or Petroleum Product (non-HVL),INTRASTATE,MICHIGAN,0.048,0.0,0.048,0.207,0.0,0.0,0.0,0.207,0.0,0.0,0.0,0.0,0.0,0.0,0.0,0.0,0.0,0.0,0.0,0.0,0.0,0.0,0.255,0.0,0.0,0.255
2/2/2026,2023.0,20240329.0,21140.0,99031.0,CITGO PETROLEUM CORPORATION (TERMINALS),Refined and/or Petroleum Product (non-HVL),INTRASTATE,NEW JERSEY,0.514,0.0,0.514,10.214,0.0,0.0,0.0,10.214,0.0,0.0,0.0,0.0,0.0,0.0,0.0,0.0,0.0,0.0,0.0,0.0,0.0,0.0,10.728,0.0,0.0,10.728
2/2/2026,2023.0,20240329.0,21140.0,99031.0,CITGO PETROLEUM CORPORATION (TERMINALS),Refined and/or Petroleum Product (non-HVL),INTRASTATE,OHIO,1.189,0.0,1.189,1.058,0.0,0.0,0.0,1.058,0.0,0.0,0.0,0.0,0.0,0.0,0.0,0.0,0.0,0.0,0.0,0.0,0.0,0.0,2.247,0.0,0.0,2.247
2/2/2026,2023.0,20240023.0,20774.0,99043.0,PETROLEUM FUEL AND TERMINAL COMPANY,Refined and/or Petroleum Product (non-HVL),INTRASTATE,MARYLAND,0.0,0.0,0.0,3.1,0.0,0.0,0.0,3.1,0.0,0.0,0.0,0.0,0.0,0.0,0.0,0.0,0.0,0.0,0.0,0.0,0.0,0.0,3.1,0.0,0.0,3.1
,,,,,,,,,,,,,,,,,,,,,,,,,,,,,,,,,,
,,,,,,,,,,,,,,,,,,,,,,,,,,,,,,,,,,
,,,,,,,,,,,,,,,,,,,,,,,,,,,,,,,,,,
,,,,,,,,,,,,,,,,,,,,,,,,,,,,,,,,,,
,,,,,,,,,,,,,,,,,,,,,,,,,,,,,,,,,,
,,,,,,,,,,,,,,,,,,,,,,,,,,,,,,,,,,
,,,,,,,,,,,,,,,,,,,,,,,,,,,,,,,,,,
,,,,,,,,,,,,,,,,,,,,,,,,,,,,,,,,,,
,,,,,,,,,,,,,,,,,,,,,,,,,,,,,,,,,,
,,,,,,,,,,,,,,,,,,,,,,,,,,,,,,,,,,
,,,,,,,,,,,,,,,,,,,,,,,,,,,,,,,,,,
,,,,,,,,,,,,,,,,,,,,,,,,,,,,,,,,,,
,,,,,,,,,,,,,,,,,,,,,,,,,,,,,,,,,,
,,,,,,,,,,,,,,,,,,,,,,,,,,,,,,,,,,
,,,,,,,,,,,,,,,,,,,,,,,,,,,,,,,,,,
,,,,,,,,,,,,,,,,,,,,,,,,,,,,,,,,,,
,,,,,,,,,,,,,,,,,,,,,,,,,,,,,,,,,,
,,,,,,,,,,,,,,,,,,,,,,,,,,,,,,,,,,
,,,,,,,,,,,,,,,,,,,,,,,,,,,,,,,,,,
,,,,,,,,,,,,,,,,,,,,,,,,,,,,,,,,,,
,,,,,,,,,,,,,,,,,,,,,,,,,,,,,,,,,,
,,,,,,,,,,,,,,,,,,,,,,,,,,,,,,,,,,
,,,,,,,,,,,,,,,,,,,,,,,,,,,,,,,,,,
,,,,,,,,,,,,,,,,,,,,,,,,,,,,,,,,,,
,,,,,,,,,,,,,,,,,,,,,,,,,,,,,,,,,,
,,,,,,,,,,,,,,,,,,,,,,,,,,,,,,,,,,
,,,,,,,,,,,,,,,,,,,,,,,,,,,,,,,,,,
,,,,,,,,,,,,,,,,,,,,,,,,,,,,,,,,,,
,,,,,,,,,,,,,,,,,,,,,,,,,,,,,,,,,,
,,,,,,,,,,,,,,,,,,,,,,,,,,,,,,,,,,
,,,,,,,,,,,,,,,,,,,,,,,,,,,,,,,,,,
,,,,,,,,,,,,,,,,,,,,,,,,,,,,,,,,,,
,,,,,,,,,,,,,,,,,,,,,,,,,,,,,,,,,,
,,,,,,,,,,,,,,,,,,,,,,,,,,,,,,,,,,
,,,,,,,,,,,,,,,,,,,,,,,,,,,,,,,,,,
,,,,,,,,,,,,,,,,,,,,,,,,,,,,,,,,,,
,,,,,,,,,,,,,,,,,,,,,,,,,,,,,,,,,,
,,,,,,,,,,,,,,,,,,,,,,,,,,,,,,,,,,
,,,,,,,,,,,,,,,,,,,,,,,,,,,,,,,,,,
,,,,,,,,,,,,,,,,,,,,,,,,,,,,,,,,,,
,,,,,,,,,,,,,,,,,,,,,,,,,,,,,,,,,,
,,,,,,,,,,,,,,,,,,,,,,,,,,,,,,,,,,
,,,,,,,,,,,,,,,,,,,,,,,,,,,,,,,,,,
,,,,,,,,,,,,,,,,,,,,,,,,,,,,,,,,,,
,,,,,,,,,,,,,,,,,,,,,,,,,,,,,,,,,,
,,,,,,,,,,,,,,,,,,,,,,,,,,,,,,,,,,
,,,,,,,,,,,,,,,,,,,,,,,,,,,,,,,,,,
,,,,,,,,,,,,,,,,,,,,,,,,,,,,,,,,,,
,,,,,,,,,,,,,,,,,,,,,,,,,,,,,,,,,,
,,,,,,,,,,,,,,,,,,,,,,,,,,,,,,,,,,
,,,,,,,,,,,,,,,,,,,,,,,,,,,,,,,,,,
,,,,,,,,,,,,,,,,,,,,,,,,,,,,,,,,,,
,,,,,,,,,,,,,,,,,,,,,,,,,,,,,,,,,,
,,,,,,,,,,,,,,,,,,,,,,,,,,,,,,,,,,
,,,,,,,,,,,,,,,,,,,,,,,,,,,,,,,,,,
,,,,,,,,,,,,,,,,,,,,,,,,,,,,,,,,,,
,,,,,,,,,,,,,,,,,,,,,,,,,,,,,,,,,,
,,,,,,,,,,,,,,,,,,,,,,,,,,,,,,,,,,
,,,,,,,,,,,,,,,,,,,,,,,,,,,,,,,,,,
,,,,,,,,,,,,,,,,,,,,,,,,,,,,,,,,,,
,,,,,,,,,,,,,,,,,,,,,,,,,,,,,,,,,,
,,,,,,,,,,,,,,,,,,,,,,,,,,,,,,,,,,
,,,,,,,,,,,,,,,,,,,,,,,,,,,,,,,,,,
,,,,,,,,,,,,,,,,,,,,,,,,,,,,,,,,,,
,,,,,,,,,,,,,,,,,,,,,,,,,,,,,,,,,,
,,,,,,,,,,,,,,,,,,,,,,,,,,,,,,,,,,
,,,,,,,,,,,,,,,,,,,,,,,,,,,,,,,,,,
,,,,,,,,,,,,,,,,,,,,,,,,,,,,,,,,,,
,,,,,,,,,,,,,,,,,,,,,,,,,,,,,,,,,,
,,,,,,,,,,,,,,,,,,,,,,,,,,,,,,,,,,
,,,,,,,,,,,,,,,,,,,,,,,,,,,,,,,,,,
,,,,,,,,,,,,,,,,,,,,,,,,,,,,,,,,,,
,,,,,,,,,,,,,,,,,,,,,,,,,,,,,,,,,,
,,,,,,,,,,,,,,,,,,,,,,,,,,,,,,,,,,
,,,,,,,,,,,,,,,,,,,,,,,,,,,,,,,,,,
,,,,,,,,,,,,,,,,,,,,,,,,,,,,,,,,,,
,,,,,,,,,,,,,,,,,,,,,,,,,,,,,,,,,,
,,,,,,,,,,,,,,,,,,,,,,,,,,,,,,,,,,
,,,,,,,,,,,,,,,,,,,,,,,,,,,,,,,,,,
,,,,,,,,,,,,,,,,,,,,,,,,,,,,,,,,,,
,,,,,,,,,,,,,,,,,,,,,,,,,,,,,,,,,,
,,,,,,,,,,,,,,,,,,,,,,,,,,,,,,,,,,
,,,,,,,,,,,,,,,,,,,,,,,,,,,,,,,,,,
,,,,,,,,,,,,,,,,,,,,,,,,,,,,,,,,,,
,,,,,,,,,,,,,,,,,,,,,,,,,,,,,,,,,,
