DATAFILE_AS_OF,REPORT_YEAR,REPORT_NUMBER,SUPPLEMENTAL_NUMBER,OPERATOR_ID,PARTA2NAMEOFCOMP,PARTA5COMMODITY,INTER_INTRA,STATE_NAME,PARTQUNKWNHF,PARTQPRE40HF,PARTQ1940HF,PARTQ1950HF,PARTQ1960HF,PARTQ1970HF,PARTQ1980HF,PARTQ1990HF,PARTQ2000HF,PARTQ2010HF,PARTQ2020HF,PARTQTOTALHF,PARTQUNKWNLF,PARTQPRE40LF,PARTQ1940LF,PARTQ1950LF,PARTQ1960LF,PARTQ1970LF,PARTQ1980LF,PARTQ1990LF,PARTQ2000LF,PARTQ2010LF,PARTQ2020LF,PARTQTOTALLF,PARTQUNKWNTOTAL,PARTQPRE40TOTAL,PARTQ1940TOTAL,PARTQ1950TOTAL,PARTQ1960TOTAL,PARTQ1970TOTAL,PARTQ1980TOTAL,PARTQ1990TOTAL,PARTQ2000TOTAL,PARTQ2010TOTAL,PARTQ2020TOTAL,PARTQTOTAL
2/2/2026,2023.0,20240071.0,20823.0,117.0,AIR PRODUCTS & CHEMICALS INC,CO2,INTRASTATE,TEXAS,,,,,,,,,,12.91,,12.91,,,,,,,,,,,,0.0,,,,,,,,,,12.91,,12.91
2/2/2026,2023.0,20240358.0,21557.0,300.0,"PLAINS PIPELINE, L.P.",Crude Oil,INTERSTATE,ALABAMA,,,,,,11.2,0.38,12.62,4.82,19.39,,48.41,,,,11.19,,,,,,,,11.19,,,,11.19,,11.2,0.38,12.62,4.82,19.39,,59.6
2/2/2026,2023.0,20240358.0,21557.0,300.0,"PLAINS PIPELINE, L.P.",Crude Oil,INTERSTATE,ARKANSAS,,,,,,,,,,282.97,,282.97,,,,,,,,,,,,0.0,,,,,,,,,,282.97,,282.97
2/2/2026,2023.0,20240358.0,21557.0,300.0,"PLAINS PIPELINE, L.P.",Crude Oil,INTERSTATE,COLORADO,,,,,,,0.0,,,10.54,,10.54,,,,,,,,,,,,0.0,,,,,,,0.0,,,10.54,,10.54
2/2/2026,2023.0,20240358.0,21557.0,300.0,"PLAINS PIPELINE, L.P.",Crude Oil,INTERSTATE,ILLINOIS,,,,,,,0.09,0.34,,0.05,,0.48,,,,,1.51,,,,,,,1.51,,,,,1.51,,0.09,0.34,,0.05,,1.99
2/2/2026,2023.0,20240358.0,21557.0,300.0,"PLAINS PIPELINE, L.P.",Crude Oil,INTERSTATE,KANSAS,,,,,,,,,3.82,,,3.82,,,,,,,,,,,,0.0,,,,,,,,,3.82,,,3.82
2/2/2026,2023.0,20240358.0,21557.0,300.0,"PLAINS PIPELINE, L.P.",Crude Oil,INTERSTATE,LOUISIANA,,,,,,11.6,,,7.86,43.36,0.11,62.93,,13.13,4.1,,,,,,,,,17.23,,13.13,4.1,,,11.6,,,7.86,43.36,0.11,80.16
2/2/2026,2023.0,20240358.0,21557.0,300.0,"PLAINS PIPELINE, L.P.",Crude Oil,INTERSTATE,MISSISSIPPI,43.41,,,,,46.37,2.19,37.37,73.39,23.75,0.62,227.1,,,,45.22,133.91,,,,,,,179.13,43.41,,,45.22,133.91,46.37,2.19,37.37,73.39,23.75,0.62,406.23
2/2/2026,2023.0,20240358.0,21557.0,300.0,"PLAINS PIPELINE, L.P.",Crude Oil,INTERSTATE,MONTANA,,,,,,6.21,,69.4,4.89,47.43,,127.93,,,,,,,,,,,,0.0,,,,,,6.21,,69.4,4.89,47.43,,127.93
2/2/2026,2023.0,20240358.0,21557.0,300.0,"PLAINS PIPELINE, L.P.",Crude Oil,INTERSTATE,NEW MEXICO,,,,,,,,,,177.74,25.49,203.23,,0.24,6.26,49.4,,,,,,,,55.9,,0.24,6.26,49.4,,,,,,177.74,25.49,259.13
2/2/2026,2023.0,20240358.0,21557.0,300.0,"PLAINS PIPELINE, L.P.",Crude Oil,INTERSTATE,NORTH DAKOTA,,,,,,,,,6.71,54.77,0.07,61.55,,,,,11.54,,,,,,,11.54,,,,,11.54,,,,6.71,54.77,0.07,73.09
2/2/2026,2023.0,20240358.0,21557.0,300.0,"PLAINS PIPELINE, L.P.",Crude Oil,INTERSTATE,OKLAHOMA,,,,,,2.28,0.54,0.67,94.33,329.25,2.2,429.27,,,148.67,0.02,0.0,,,,,,,148.69,,,148.67,0.02,0.0,2.28,0.54,0.67,94.33,329.25,2.2,577.96
2/2/2026,2023.0,20240358.0,21557.0,300.0,"PLAINS PIPELINE, L.P.",Crude Oil,INTERSTATE,TENNESSEE,,,,,,,,,,6.58,,6.58,,,,,,,,,,,,0.0,,,,,,,,,,6.58,,6.58
2/2/2026,2023.0,20240358.0,21557.0,300.0,"PLAINS PIPELINE, L.P.",Crude Oil,INTERSTATE,TEXAS,,,,,,0.41,5.64,10.48,4.41,1291.58,17.72,1330.24,,42.77,370.19,,75.66,0.0,,,,,,488.62,,42.77,370.19,,75.66,0.41,5.64,10.48,4.41,1291.58,17.72,1818.86
2/2/2026,2023.0,20240358.0,21557.0,300.0,"PLAINS PIPELINE, L.P.",Crude Oil,INTERSTATE,WYOMING,,,,,,,2.19,125.02,96.09,19.96,,243.26,,,,1.01,52.17,,,,,,,53.18,,,,1.01,52.17,,2.19,125.02,96.09,19.96,,296.44
2/2/2026,2023.0,20240358.0,21557.0,300.0,"PLAINS PIPELINE, L.P.",Crude Oil,INTRASTATE,CALIFORNIA,,,,,,6.8,15.48,132.12,14.49,7.97,0.9,177.76,,,,94.5,42.25,,,,,,,136.75,,,,94.5,42.25,6.8,15.48,132.12,14.49,7.97,0.9,314.51
2/2/2026,2023.0,20240358.0,21557.0,300.0,"PLAINS PIPELINE, L.P.",Crude Oil,INTRASTATE,MISSISSIPPI,,,,,,5.33,6.25,6.54,0.07,0.01,,18.2,,,6.25,,13.67,,,,,,,19.92,,,6.25,,13.67,5.33,6.25,6.54,0.07,0.01,,38.12
2/2/2026,2023.0,20240358.0,21557.0,300.0,"PLAINS PIPELINE, L.P.",Crude Oil,INTRASTATE,MONTANA,,,,,,,,,2.62,,,2.62,,,,,,,,,,,,0.0,,,,,,,,,2.62,,,2.62
2/2/2026,2023.0,20240358.0,21557.0,300.0,"PLAINS PIPELINE, L.P.",Crude Oil,INTRASTATE,NEW MEXICO,,,,,,,,22.91,,54.26,0.2,77.37,,,,,,,,,,,,0.0,,,,,,,,22.91,,54.26,0.2,77.37
2/2/2026,2023.0,20240358.0,21557.0,300.0,"PLAINS PIPELINE, L.P.",Crude Oil,INTRASTATE,OKLAHOMA,,,,,,21.22,26.86,2.73,2.19,105.14,2.45,160.59,,,,0.1,,,,,,,,0.1,,,,0.1,,21.22,26.86,2.73,2.19,105.14,2.45,160.69
2/2/2026,2023.0,20240358.0,21557.0,300.0,"PLAINS PIPELINE, L.P.",Crude Oil,INTRASTATE,TEXAS,,,,,,97.79,6.49,22.66,52.5,1491.57,20.29,1691.3,,1.04,76.55,45.18,59.44,,,,,,,182.21,,1.04,76.55,45.18,59.44,97.79,6.49,22.66,52.5,1491.57,20.29,1873.51
2/2/2026,2023.0,20240183.0,20979.0,300.0,"PLAINS PIPELINE, L.P.",HVL,INTERSTATE,MICHIGAN,,,,,,,,0.01,,,0.05,0.06,,,,,,,,,,,,0.0,,,,,,,,0.01,,,0.05,0.06
2/2/2026,2023.0,20240183.0,20979.0,300.0,"PLAINS PIPELINE, L.P.",HVL,INTRASTATE,CALIFORNIA,,,,,,,,,,38.89,,38.89,,,,,,,,,,,,0.0,,,,,,,,,,38.89,,38.89
2/2/2026,2023.0,20240183.0,20979.0,300.0,"PLAINS PIPELINE, L.P.",HVL,INTRASTATE,TEXAS,,,,,,,,,,9.16,2.65,11.81,,,,,,,,,,,,0.0,,,,,,,,,,9.16,2.65,11.81
2/2/2026,2023.0,20240122.0,20898.0,395.0,AMOCO OIL CO,Refined and/or Petroleum Product (non-HVL),INTERSTATE,ILLINOIS,0.0,0.0,0.0,0.0,0.0,0.0,15.4,2.0,0.9,0.2,0.0,18.5,0.0,0.0,15.0,0.0,0.4,0.0,0.0,0.0,0.0,0.0,0.0,15.4,0.0,0.0,15.0,0.0,0.4,0.0,15.4,2.0,0.9,0.2,0.0,33.9
2/2/2026,2023.0,20240122.0,20898.0,395.0,AMOCO OIL CO,Refined and/or Petroleum Product (non-HVL),INTERSTATE,INDIANA,0.0,0.0,0.0,0.0,0.0,0.0,2.4,1.1,2.9,0.7,0.0,7.1,0.0,0.0,0.0,0.0,0.5,0.9,0.0,0.0,0.0,0.0,0.0,1.4,0.0,0.0,0.0,0.0,0.5,0.9,2.4,1.1,2.9,0.7,0.0,8.5
2/2/2026,2023.0,20240122.0,20898.0,395.0,AMOCO OIL CO,Refined and/or Petroleum Product (non-HVL),INTERSTATE,IOWA,0.0,0.0,0.0,0.0,0.0,0.0,0.0,0.1,0.1,0.0,0.0,0.2,0.0,0.0,0.0,0.0,0.0,0.0,0.0,0.0,0.0,0.0,0.0,0.0,0.0,0.0,0.0,0.0,0.0,0.0,0.0,0.1,0.1,0.0,0.0,0.2
2/2/2026,2023.0,20240122.0,20898.0,395.0,AMOCO OIL CO,Refined and/or Petroleum Product (non-HVL),INTERSTATE,MICHIGAN,0.0,0.0,0.0,0.0,0.0,0.5,0.1,0.1,0.0,0.5,0.0,1.2,0.0,0.0,0.0,0.0,0.0,0.0,0.0,0.0,0.0,0.0,0.0,0.0,0.0,0.0,0.0,0.0,0.0,0.5,0.1,0.1,0.0,0.5,0.0,1.2
2/2/2026,2023.0,20240122.0,20898.0,395.0,AMOCO OIL CO,Refined and/or Petroleum Product (non-HVL),INTERSTATE,MINNESOTA,0.0,0.0,0.0,0.0,0.0,0.0,0.1,0.7,0.8,0.0,0.0,1.6,0.0,0.0,0.0,0.0,0.0,0.0,0.0,0.0,0.0,0.0,0.0,0.0,0.0,0.0,0.0,0.0,0.0,0.0,0.1,0.7,0.8,0.0,0.0,1.6
2/2/2026,2023.0,20240122.0,20898.0,395.0,AMOCO OIL CO,Refined and/or Petroleum Product (non-HVL),INTERSTATE,MISSOURI,0.0,0.0,0.0,0.0,0.0,0.1,0.4,54.6,0.3,0.0,0.0,55.4,0.0,0.0,0.0,0.0,0.0,0.0,0.0,0.0,0.0,0.0,0.0,0.0,0.0,0.0,0.0,0.0,0.0,0.1,0.4,54.6,0.3,0.0,0.0,55.4
2/2/2026,2023.0,20240625.0,21593.0,473.0,"WESTERN MIDSTREAM PARTNERS, LP",Crude Oil,INTRASTATE,COLORADO,,,,,,,,,,136.6,4.8,141.4,,,,,,,,,,,,0.0,,,,,,,,,,136.6,4.8,141.4
2/2/2026,2023.0,20240625.0,21593.0,473.0,"WESTERN MIDSTREAM PARTNERS, LP",Crude Oil,INTRASTATE,TEXAS,,,,,,,,,,312.5,24.1,336.6,,,,,,,,,,0.0,0.0,0.0,,,,,,,,,,312.5,24.1,336.6
2/2/2026,2023.0,20240625.0,21593.0,473.0,"WESTERN MIDSTREAM PARTNERS, LP",Crude Oil,INTRASTATE,WYOMING,,,,,,,,,,,,0.0,,,,,32.0,,,,,,,32.0,,,,,32.0,,,,,,,32.0
2/2/2026,2023.0,20240632.0,21592.0,473.0,"WESTERN MIDSTREAM PARTNERS, LP",HVL,INTRASTATE,COLORADO,,,,,,3.5,,4.2,0.3,65.5,1.0,74.5,,,,,,,,,,,,0.0,,,,,,3.5,,4.2,0.3,65.5,1.0,74.5
2/2/2026,2023.0,20240632.0,21592.0,473.0,"WESTERN MIDSTREAM PARTNERS, LP",HVL,INTRASTATE,TEXAS,,,,,,,,,,60.2,1.7,61.9,,,,,,,,,,,,0.0,,,,,,,,,,60.2,1.7,61.9
2/2/2026,2023.0,20240632.0,21592.0,473.0,"WESTERN MIDSTREAM PARTNERS, LP",HVL,INTRASTATE,UTAH,,,,,,,,,17.6,15.1,,32.7,,,,,,,,,,,,0.0,,,,,,,,,17.6,15.1,,32.7
2/2/2026,2023.0,20240632.0,21592.0,473.0,"WESTERN MIDSTREAM PARTNERS, LP",HVL,INTRASTATE,WYOMING,,,,,,85.6,,,,32.4,,118.0,,,,,,,,,,,,0.0,,,,,,85.6,,,,32.4,,118.0
2/2/2026,2023.0,20240429.0,21245.0,515.0,DAKOTA GASIFICATION COMPANY,CO2,INTERSTATE,NORTH DAKOTA,,,,,,,,160.86,,0.27,,161.13,,,,,,,,,,,,0.0,,,,,,,,160.86,,0.27,,161.13
2/2/2026,2023.0,20240454.0,21271.0,994.0,"WILLIAMS FIELD SERVICES - GULF COAST COMPANY, LP",Crude Oil,INTERSTATE,OCS-Gulf of Mexico,0.0,0.0,0.0,0.0,0.0,0.0,0.0,0.0,5.9,0.0,0.0,5.9,0.0,0.0,0.0,0.0,0.0,0.0,0.0,0.0,0.0,0.0,0.0,0.0,0.0,0.0,0.0,0.0,0.0,0.0,0.0,0.0,5.9,0.0,0.0,5.9
2/2/2026,2023.0,20240663.0,21484.0,999.0,"PACIFIC COAST ENERGY COMPANY, LP",Crude Oil,INTRASTATE,CALIFORNIA,,,,,,,,,,,,0.0,,,,,,,,,,,,0.0,,,,,,,,,,,,
2/2/2026,2023.0,20240196.0,20997.0,1541.0,"HILCORP NORTH SLOPE, LLC",Crude Oil,INTRASTATE,ALASKA,0.0,0.0,0.0,0.0,0.0,0.0,4.245,0.0,0.0,0.0,0.0,4.245,0.0,0.0,0.0,0.0,0.0,0.0,0.0,0.0,0.0,0.0,0.0,0.0,0.0,0.0,0.0,0.0,0.0,0.0,4.245,0.0,0.0,0.0,0.0,4.245
2/2/2026,2023.0,20240641.0,21462.0,1845.0,"BUCKEYE PARTNERS, LP",Crude Oil,INTERSTATE,INDIANA,,,,,,,,,,1.52,,1.52,,,,,,,,,,,,0.0,,,,,,,,,,1.52,,1.52
2/2/2026,2023.0,20240641.0,21462.0,1845.0,"BUCKEYE PARTNERS, LP",Crude Oil,INTERSTATE,OHIO,,,,,,,,,,,,0.0,,,1.168,,,,,,,,,1.168,,,1.168,,,,,,,,,1.168
2/2/2026,2023.0,20240641.0,21462.0,1845.0,"BUCKEYE PARTNERS, LP",Crude Oil,INTRASTATE,TEXAS,,,,,,,,,,3.202,0.298,3.5,,,,,,,,,,,,0.0,,,,,,,,,,3.202,0.298,3.5
2/2/2026,2023.0,20240640.0,21461.0,1845.0,"BUCKEYE PARTNERS, LP",Fuel Grade Ethanol (dedicated system),INTERSTATE,FLORIDA,,,,,,,,,,1.61,,1.61,,,,,,,,,,,,0.0,,,,,,,,,,1.61,,1.61
2/2/2026,2023.0,20240640.0,21461.0,1845.0,"BUCKEYE PARTNERS, LP",Fuel Grade Ethanol (dedicated system),INTRASTATE,FLORIDA,,,,,,,,,,1.722,,1.722,,,,,,,,,,,,0.0,,,,,,,,,,1.722,,1.722
2/2/2026,2023.0,20240642.0,21463.0,1845.0,"BUCKEYE PARTNERS, LP",HVL,INTERSTATE,ILLINOIS,,,,,,,,,13.079,,,13.079,0.46,,,,,,,,,,,0.46,0.46,,,,,,,,13.079,,,13.539
2/2/2026,2023.0,20240642.0,21463.0,1845.0,"BUCKEYE PARTNERS, LP",HVL,INTERSTATE,INDIANA,,,,,,,,,0.61,0.198,,0.808,,,,,1.011,,,,,,,1.011,,,,,1.011,,,,0.61,0.198,,1.819
2/2/2026,2023.0,20240642.0,21463.0,1845.0,"BUCKEYE PARTNERS, LP",HVL,INTERSTATE,OHIO,,,,,,,,,,,,0.0,,,,0.91,,,,,,,,0.91,,,,0.91,,,,,,,,0.91
2/2/2026,2023.0,20240642.0,21463.0,1845.0,"BUCKEYE PARTNERS, LP",HVL,INTRASTATE,FLORIDA,,,,,,,,,,1.733,,1.733,,,,,,,,,,,,0.0,,,,,,,,,,1.733,,1.733
2/2/2026,2023.0,20240642.0,21463.0,1845.0,"BUCKEYE PARTNERS, LP",HVL,INTRASTATE,TEXAS,,,,,,,,6.051,4.791,3.106,0.918,14.866,,,,,,,,,,,,0.0,,,,,,,,6.051,4.791,3.106,0.918,14.866
2/2/2026,2023.0,20240643.0,21650.0,1845.0,"BUCKEYE PARTNERS, LP",Refined and/or Petroleum Product (non-HVL),INTERSTATE,CONNECTICUT,,,,,,9.102,1.745,2.928,7.188,0.123,0.128,21.214,,,,0.155,69.417,,,,,,,69.572,,,,0.155,69.417,9.102,1.745,2.928,7.188,0.123,0.128,90.786
2/2/2026,2023.0,20240643.0,21650.0,1845.0,"BUCKEYE PARTNERS, LP",Refined and/or Petroleum Product (non-HVL),INTERSTATE,DELAWARE,,,,,,3.054,,,,,,3.054,,,,,,,,,,,,0.0,,,,,,3.054,,,,,,3.054
2/2/2026,2023.0,20240643.0,21650.0,1845.0,"BUCKEYE PARTNERS, LP",Refined and/or Petroleum Product (non-HVL),INTERSTATE,FLORIDA,,,,,,,,,,1.623,,1.623,,,,,,,,,,,,0.0,,,,,,,,,,1.623,,1.623
2/2/2026,2023.0,20240643.0,21650.0,1845.0,"BUCKEYE PARTNERS, LP",Refined and/or Petroleum Product (non-HVL),INTERSTATE,ILLINOIS,,,,,,15.559,7.646,16.161,1.894,3.373,0.839,45.472,,227.972,,248.392,146.266,,,,,,,622.63,,227.972,,248.392,146.266,15.559,7.646,16.161,1.894,3.373,0.839,668.102
2/2/2026,2023.0,20240643.0,21650.0,1845.0,"BUCKEYE PARTNERS, LP",Refined and/or Petroleum Product (non-HVL),INTERSTATE,INDIANA,,,,,,10.892,0.695,9.2,37.285,3.024,1.313,62.409,,85.175,154.12,139.75,375.65,,,,,,,754.695,,85.175,154.12,139.75,375.65,10.892,0.695,9.2,37.285,3.024,1.313,817.104
2/2/2026,2023.0,20240643.0,21650.0,1845.0,"BUCKEYE PARTNERS, LP",Refined and/or Petroleum Product (non-HVL),INTERSTATE,IOWA,,,,,,2.323,0.682,1.004,0.85,2.713,0.917,8.489,,,,106.992,0.118,,,,,,,107.11,,,,106.992,0.118,2.323,0.682,1.004,0.85,2.713,0.917,115.599
2/2/2026,2023.0,20240643.0,21650.0,1845.0,"BUCKEYE PARTNERS, LP",Refined and/or Petroleum Product (non-HVL),INTERSTATE,MAINE,,,,,,0.64,0.475,0.517,0.178,,0.002,1.812,,,,,,,,,,,,0.0,,,,,,0.64,0.475,0.517,0.178,,0.002,1.812
2/2/2026,2023.0,20240643.0,21650.0,1845.0,"BUCKEYE PARTNERS, LP",Refined and/or Petroleum Product (non-HVL),INTERSTATE,MASSACHUSETTS,,,,,,,0.002,0.553,0.048,0.249,,0.852,,,,,20.028,,,,,,,20.028,,,,,20.028,,0.002,0.553,0.048,0.249,,20.88
2/2/2026,2023.0,20240643.0,21650.0,1845.0,"BUCKEYE PARTNERS, LP",Refined and/or Petroleum Product (non-HVL),INTERSTATE,MICHIGAN,,,,,,44.292,8.29,3.019,2.814,2.895,0.11,61.42,0.661,,0.104,97.883,173.733,,,,,,,272.381,0.661,,0.104,97.883,173.733,44.292,8.29,3.019,2.814,2.895,0.11,333.801
2/2/2026,2023.0,20240643.0,21650.0,1845.0,"BUCKEYE PARTNERS, LP",Refined and/or Petroleum Product (non-HVL),INTERSTATE,MISSOURI,,,,,,0.965,4.122,6.4,2.37,3.165,0.814,17.836,,4.873,,,,,,,,,,4.873,,4.873,,,,0.965,4.122,6.4,2.37,3.165,0.814,22.709
2/2/2026,2023.0,20240643.0,21650.0,1845.0,"BUCKEYE PARTNERS, LP",Refined and/or Petroleum Product (non-HVL),INTERSTATE,NEW JERSEY,,,,,,50.716,0.095,0.361,0.901,10.046,0.172,62.291,1.801,,,17.514,17.863,,,,,,,37.178,1.801,,,17.514,17.863,50.716,0.095,0.361,0.901,10.046,0.172,99.469
2/2/2026,2023.0,20240643.0,21650.0,1845.0,"BUCKEYE PARTNERS, LP",Refined and/or Petroleum Product (non-HVL),INTERSTATE,NEW YORK,,,,,,0.784,7.723,3.739,3.548,6.369,0.213,22.376,,,225.481,108.627,90.781,,,,,,,424.889,,,225.481,108.627,90.781,0.784,7.723,3.739,3.548,6.369,0.213,447.265
2/2/2026,2023.0,20240643.0,21650.0,1845.0,"BUCKEYE PARTNERS, LP",Refined and/or Petroleum Product (non-HVL),INTERSTATE,OHIO,,,,,,167.596,21.02,4.177,19.63,10.382,2.339,225.144,,0.821,157.526,126.327,464.8,,,,,,,749.474,,0.821,157.526,126.327,464.8,167.596,21.02,4.177,19.63,10.382,2.339,974.618
2/2/2026,2023.0,20240643.0,21650.0,1845.0,"BUCKEYE PARTNERS, LP",Refined and/or Petroleum Product (non-HVL),INTERSTATE,PENNSYLVANIA,,,,,,40.21,2.636,11.052,29.984,4.011,0.306,88.199,,,240.715,101.71,205.691,,,,,,,548.116,,,240.715,101.71,205.691,40.21,2.636,11.052,29.984,4.011,0.306,636.315
2/2/2026,2023.0,20240643.0,21650.0,1845.0,"BUCKEYE PARTNERS, LP",Refined and/or Petroleum Product (non-HVL),INTRASTATE,ALABAMA,,,,,,,,,,0.021,,0.021,,,,,1.959,,,,,,,1.959,,,,,1.959,,,,,0.021,,1.98
2/2/2026,2023.0,20240643.0,21650.0,1845.0,"BUCKEYE PARTNERS, LP",Refined and/or Petroleum Product (non-HVL),INTRASTATE,TEXAS,,,,,,,,,,,,0.0,,,,,,,,,,,,0.0,,,,,,,,,,,,
2/2/2026,2023.0,20240028.0,20779.0,2162.0,DOW PIPELINE LLC - CAYUSE,HVL,INTERSTATE,LOUISIANA,,,,,,163.89,,,,0.51,0.0,164.4,,,,,,,,,,,0.0,0.0,,,,,,163.89,,,,0.51,0.0,164.4
2/2/2026,2023.0,20240028.0,20779.0,2162.0,DOW PIPELINE LLC - CAYUSE,HVL,INTERSTATE,TEXAS,,,,,,82.35,0.08,,,0.21,0.0,82.64,,,,,,,,,,,0.0,0.0,,,,,,82.35,0.08,,,0.21,0.0,82.64
2/2/2026,2023.0,20240186.0,20982.0,2170.0,CENEX PIPELINE LLC,Refined and/or Petroleum Product (non-HVL),INTERSTATE,MONTANA,0.0,0.0,0.0,0.0,0.0,18.2,0.0,20.02,110.24,136.89,34.11,319.46,0.0,0.0,0.0,2.05,11.4,0.0,0.0,0.0,0.0,0.0,0.0,13.45,0.0,0.0,0.0,2.05,11.4,18.2,0.0,20.02,110.24,136.89,34.11,332.91
2/2/2026,2023.0,20240186.0,20982.0,2170.0,CENEX PIPELINE LLC,Refined and/or Petroleum Product (non-HVL),INTERSTATE,NORTH DAKOTA,0.0,0.0,0.0,0.0,0.0,0.0,0.0,254.86,0.0,0.68,147.17,402.71,0.0,0.0,0.0,0.0,38.58,0.0,0.0,0.0,0.0,0.0,0.0,38.58,0.0,0.0,0.0,0.0,38.58,0.0,0.0,254.86,0.0,0.68,147.17,441.29
2/2/2026,2023.0,20240281.0,21092.0,2190.0,CENTRAL FLORIDA PIPELINE CORP,Refined and/or Petroleum Product (non-HVL),INTRASTATE,FLORIDA,0.0,0.0,0.0,0.0,0.0,81.082,1.661,112.035,1.269,4.28,1.212,201.539,0.0,0.0,0.0,0.0,3.955,0.0,0.0,0.0,0.0,0.0,0.0,3.955,0.0,0.0,0.0,0.0,3.955,81.082,1.661,112.035,1.269,4.28,1.212,205.494
2/2/2026,2023.0,20240324.0,21135.0,2387.0,CITGO PIPELINE CO,Crude Oil,INTERSTATE,LOUISIANA,,,,,,,,,,,0.112,0.112,,,,,,,,,,,,0.0,,,,,,,,,,,0.112,0.112
2/2/2026,2023.0,20240324.0,21135.0,2387.0,CITGO PIPELINE CO,Crude Oil,INTERSTATE,TEXAS,,,,,,,,0.174,0.14,,0.36,0.674,0.0,,,,,0.015,,,,,,0.015,0.0,,,,,0.015,,0.174,0.14,,0.36,0.689
2/2/2026,2023.0,20240644.0,21652.0,2552.0,COLONIAL PIPELINE CO,Refined and/or Petroleum Product (non-HVL),INTERSTATE,ALABAMA,0.27,0.0,0.0,0.0,2.01,12.1,3.09,0.93,2.94,0.0,0.0,21.34,0.0,0.0,0.0,0.0,0.0,0.0,0.0,0.0,0.0,0.0,0.0,0.0,0.27,0.0,0.0,0.0,2.01,12.1,3.09,0.93,2.94,0.0,0.0,21.34
2/2/2026,2023.0,20240644.0,21652.0,2552.0,COLONIAL PIPELINE CO,Refined and/or Petroleum Product (non-HVL),INTERSTATE,DELAWARE,0.0,0.0,0.0,0.0,0.0,0.0,0.0,0.0,0.0,0.0,0.0,0.0,0.0,0.0,0.0,0.0,0.0,0.0,0.0,0.0,0.0,0.0,0.0,0.0,0.0,0.0,0.0,0.0,0.0,0.0,0.0,0.0,0.0,0.0,0.0,0.0
2/2/2026,2023.0,20240644.0,21652.0,2552.0,COLONIAL PIPELINE CO,Refined and/or Petroleum Product (non-HVL),INTERSTATE,GEORGIA,5.48,0.0,0.0,0.0,1.56,364.61,118.0,22.63,5.35,0.0,0.0,517.63,0.0,0.0,0.0,0.09,112.54,0.0,0.0,0.0,0.0,0.0,0.0,112.63,5.48,0.0,0.0,0.09,114.1,364.61,118.0,22.63,5.35,0.0,0.0,630.26
2/2/2026,2023.0,20240644.0,21652.0,2552.0,COLONIAL PIPELINE CO,Refined and/or Petroleum Product (non-HVL),INTERSTATE,LOUISIANA,0.0,0.0,0.0,0.0,0.15,29.1,0.0,14.67,0.0,1.4,0.0,45.32,0.0,0.0,0.0,0.0,14.99,0.0,0.0,0.0,0.0,0.0,0.0,14.99,0.0,0.0,0.0,0.0,15.14,29.1,0.0,14.67,0.0,1.4,0.0,60.31
2/2/2026,2023.0,20240644.0,21652.0,2552.0,COLONIAL PIPELINE CO,Refined and/or Petroleum Product (non-HVL),INTERSTATE,MARYLAND,0.32,0.0,0.0,0.0,4.57,0.28,40.64,1.18,0.41,0.0,0.0,47.4,0.14,0.0,0.0,0.0,77.6,0.0,0.0,0.0,0.0,0.0,0.0,77.74,0.46,0.0,0.0,0.0,82.17,0.28,40.64,1.18,0.41,0.0,0.0,125.14
2/2/2026,2023.0,20240644.0,21652.0,2552.0,COLONIAL PIPELINE CO,Refined and/or Petroleum Product (non-HVL),INTERSTATE,MISSISSIPPI,0.0,0.0,0.0,0.0,0.0,102.62,0.0,2.34,0.0,1.17,0.0,106.13,0.0,0.0,0.0,0.0,0.0,0.0,0.0,0.0,0.0,0.0,0.0,0.0,0.0,0.0,0.0,0.0,0.0,102.62,0.0,2.34,0.0,1.17,0.0,106.13
2/2/2026,2023.0,20240644.0,21652.0,2552.0,COLONIAL PIPELINE CO,Refined and/or Petroleum Product (non-HVL),INTERSTATE,NEW JERSEY,0.03,0.0,0.0,0.0,17.7,0.07,1.95,1.29,2.95,0.12,0.0,24.11,2.05,0.0,0.0,4.9,41.3,0.0,0.0,0.0,0.0,0.0,0.0,48.25,2.08,0.0,0.0,4.9,59.0,0.07,1.95,1.29,2.95,0.12,0.0,72.36
2/2/2026,2023.0,20240644.0,21652.0,2552.0,COLONIAL PIPELINE CO,Refined and/or Petroleum Product (non-HVL),INTERSTATE,NEW YORK,0.0,0.0,0.0,0.0,3.74,0.0,0.0,0.65,0.72,0.07,0.0,5.18,0.0,,0.0,0.39,1.2,0.0,0.0,0.0,0.0,0.0,0.0,1.59,0.0,0.0,0.0,0.39,4.94,0.0,0.0,0.65,0.72,0.07,0.0,6.77
2/2/2026,2023.0,20240644.0,21652.0,2552.0,COLONIAL PIPELINE CO,Refined and/or Petroleum Product (non-HVL),INTERSTATE,NORTH CAROLINA,0.4,0.0,0.0,0.0,0.2,105.13,17.39,3.09,0.54,2.75,0.66,130.16,0.37,0.0,0.0,0.0,260.04,0.0,0.0,0.0,0.0,0.0,0.0,260.41,0.77,0.0,0.0,0.0,260.24,105.13,17.39,3.09,0.54,2.75,0.66,390.57
2/2/2026,2023.0,20240644.0,21652.0,2552.0,COLONIAL PIPELINE CO,Refined and/or Petroleum Product (non-HVL),INTERSTATE,PENNSYLVANIA,0.0,0.0,0.0,0.0,0.0,0.0,0.0,0.0,0.01,0.0,0.0,0.01,1.3,0.0,0.0,0.0,2.71,0.0,0.0,0.0,0.0,0.0,0.0,4.01,1.3,0.0,0.0,0.0,2.71,0.0,0.0,0.0,0.01,0.0,0.0,4.02
2/2/2026,2023.0,20240644.0,21652.0,2552.0,COLONIAL PIPELINE CO,Refined and/or Petroleum Product (non-HVL),INTERSTATE,SOUTH CAROLINA,0.0,0.0,0.0,0.0,75.46,43.95,0.0,32.74,6.67,0.0,0.0,158.82,0.0,0.0,0.0,0.0,4.4,0.0,0.0,0.0,0.0,0.0,0.0,4.4,0.0,0.0,0.0,0.0,79.86,43.95,0.0,32.74,6.67,0.0,0.0,163.22
2/2/2026,2023.0,20240644.0,21652.0,2552.0,COLONIAL PIPELINE CO,Refined and/or Petroleum Product (non-HVL),INTERSTATE,TENNESSEE,1.23,0.0,0.0,0.0,70.47,136.04,33.88,19.02,44.35,0.16,0.0,305.15,0.61,0.0,0.0,0.0,132.59,0.0,0.0,0.0,0.0,0.0,0.0,133.2,1.84,0.0,0.0,0.0,203.06,136.04,33.88,19.02,44.35,0.16,0.0,438.35
2/2/2026,2023.0,20240644.0,21652.0,2552.0,COLONIAL PIPELINE CO,Refined and/or Petroleum Product (non-HVL),INTERSTATE,TEXAS,0.0,0.0,0.0,0.0,6.26,0.0,0.0,10.31,0.0,0.0,0.0,16.57,0.0,0.0,0.0,0.0,2.11,0.0,0.0,0.0,0.0,0.0,0.0,2.11,0.0,0.0,0.0,0.0,8.37,0.0,0.0,10.31,0.0,0.0,0.0,18.68
2/2/2026,2023.0,20240644.0,21652.0,2552.0,COLONIAL PIPELINE CO,Refined and/or Petroleum Product (non-HVL),INTERSTATE,VIRGINIA,0.3,0.0,0.0,0.0,113.71,43.71,7.35,0.0,3.53,0.14,0.0,168.74,0.0,0.0,0.0,0.0,162.65,0.0,0.0,0.0,0.0,0.0,0.0,162.65,0.3,0.0,0.0,0.0,276.36,43.71,7.35,0.0,3.53,0.14,0.0,331.39
2/2/2026,2023.0,20240644.0,21652.0,2552.0,COLONIAL PIPELINE CO,Refined and/or Petroleum Product (non-HVL),INTERSTATE,WASHINGTON DC,0.0,0.0,0.0,0.0,0.0,0.0,0.0,0.0,0.0,0.0,0.0,0.0,0.0,0.0,0.0,0.0,0.0,0.0,0.0,0.0,0.0,0.0,0.0,0.0,0.0,0.0,0.0,0.0,0.0,0.0,0.0,0.0,0.0,0.0,0.0,0.0
2/2/2026,2023.0,20240066.0,20817.0,2714.0,"EASTERN GAS TRANSMISSION AND STORAGE, INC.",HVL,INTERSTATE,PENNSYLVANIA,0.0,0.0,0.0,0.0,0.0,8.826,41.009,0.473,0.382,0.501,0.0,51.191,0.0,0.0,0.0,0.0,0.0,0.0,0.0,0.0,0.0,0.0,0.0,0.0,0.0,0.0,0.0,0.0,0.0,8.826,41.009,0.473,0.382,0.501,0.0,51.191
2/2/2026,2023.0,20240066.0,20817.0,2714.0,"EASTERN GAS TRANSMISSION AND STORAGE, INC.",HVL,INTERSTATE,WEST VIRGINIA,0.0,0.0,0.0,0.0,1.082,2.983,13.961,0.119,0.254,0.0,0.021,18.42,0.0,0.0,0.0,0.0,0.0,0.0,0.0,0.0,0.0,0.0,0.0,0.0,0.0,0.0,0.0,0.0,1.082,2.983,13.961,0.119,0.254,0.0,0.021,18.42
2/2/2026,2023.0,20240066.0,20817.0,2714.0,"EASTERN GAS TRANSMISSION AND STORAGE, INC.",HVL,INTRASTATE,WEST VIRGINIA,0.0,0.0,0.0,0.0,4.906,0.0,0.717,0.0,0.049,0.277,0.0,5.949,0.0,0.0,0.0,0.0,0.0,0.0,0.0,0.0,0.0,0.0,0.0,0.0,0.0,0.0,0.0,0.0,4.906,0.0,0.717,0.0,0.049,0.277,0.0,5.949
2/2/2026,2023.0,20240065.0,20816.0,2714.0,"EASTERN GAS TRANSMISSION AND STORAGE, INC.",Refined and/or Petroleum Product (non-HVL),INTRASTATE,WEST VIRGINIA,0.0,0.0,0.0,0.0,0.0,0.0,0.0,27.182,0.013,1.905,0.0,29.1,0.0,0.0,0.0,0.0,0.0,0.0,0.0,0.0,0.0,0.0,0.0,0.0,0.0,0.0,0.0,0.0,0.0,0.0,0.0,27.182,0.013,1.905,0.0,29.1
2/2/2026,2023.0,20240501.0,21631.0,2731.0,CHEVRON PIPE LINE CO,Crude Oil,INTERSTATE,COLORADO,0.0,0.0,0.0,0.0,0.0,0.0,0.0,0.0,0.0,0.2,,0.2,0.0,0.0,0.0,12.7,0.0,0.0,0.0,0.0,0.0,0.0,,12.7,0.0,0.0,0.0,12.7,0.0,0.0,0.0,0.0,0.0,0.2,,12.9
2/2/2026,2023.0,20240501.0,21631.0,2731.0,CHEVRON PIPE LINE CO,Crude Oil,INTERSTATE,LOUISIANA,0.0,0.0,0.0,0.0,1.6,0.8,0.0,0.0,23.3,0.4,,26.1,0.0,0.0,0.0,0.0,0.0,0.0,0.0,0.0,0.0,0.0,,0.0,0.0,0.0,0.0,0.0,1.6,0.8,0.0,0.0,23.3,0.4,,26.1
2/2/2026,2023.0,20240501.0,21631.0,2731.0,CHEVRON PIPE LINE CO,Crude Oil,INTERSTATE,MISSISSIPPI,0.0,0.0,0.0,0.0,0.0,0.0,0.0,0.0,0.0,0.0,0.0,0.0,0.0,0.0,0.0,0.0,0.0,0.0,0.0,0.0,0.0,0.0,0.0,0.0,0.0,0.0,0.0,0.0,0.0,0.0,0.0,0.0,0.0,0.0,0.0,0.0
2/2/2026,2023.0,20240501.0,21631.0,2731.0,CHEVRON PIPE LINE CO,Crude Oil,INTERSTATE,OCS-Gulf of Mexico,0.0,0.0,0.0,0.0,0.0,0.0,0.0,0.0,0.0,0.0,0.0,0.0,0.0,0.0,0.0,0.0,0.0,0.0,0.0,0.0,0.0,0.0,0.0,0.0,0.0,0.0,0.0,0.0,0.0,0.0,0.0,0.0,0.0,0.0,0.0,0.0
2/2/2026,2023.0,20240501.0,21631.0,2731.0,CHEVRON PIPE LINE CO,Crude Oil,INTERSTATE,UTAH,0.0,0.0,0.0,0.0,0.0,0.0,0.0,0.0,0.2,0.1,,0.3,0.0,0.0,0.0,0.0,0.0,0.0,0.0,0.0,0.0,0.0,,0.0,0.0,0.0,0.0,0.0,0.0,0.0,0.0,0.0,0.2,0.1,,0.3
2/2/2026,2023.0,20240501.0,21631.0,2731.0,CHEVRON PIPE LINE CO,Crude Oil,INTRASTATE,CALIFORNIA,0.0,0.0,0.0,0.0,0.0,9.0,0.0,6.1,0.0,0.3,,15.4,0.0,0.0,0.0,0.0,0.0,0.0,0.0,0.0,0.0,0.0,,0.0,0.0,0.0,0.0,0.0,0.0,9.0,0.0,6.1,0.0,0.3,,15.4
2/2/2026,2023.0,20240444.0,21261.0,2731.0,CHEVRON PIPE LINE CO,HVL,INTRASTATE,LOUISIANA,0.0,0.0,0.0,0.0,0.0,18.3,0.0,0.0,0.0,0.2,,18.5,0.0,0.0,0.0,0.0,0.0,0.0,0.0,0.0,0.0,0.0,,0.0,0.0,0.0,0.0,0.0,0.0,18.3,0.0,0.0,0.0,0.2,,18.5
2/2/2026,2023.0,20240444.0,21261.0,2731.0,CHEVRON PIPE LINE CO,HVL,INTRASTATE,TEXAS,0.0,0.0,0.0,0.0,58.1,146.1,71.4,139.2,43.4,73.0,,531.2,,,,56.5,86.4,,,,,,,142.9,0.0,0.0,0.0,56.5,144.5,146.1,71.4,139.2,43.4,73.0,,674.1
2/2/2026,2023.0,20240655.0,21476.0,2731.0,CHEVRON PIPE LINE CO,Refined and/or Petroleum Product (non-HVL),INTRASTATE,CALIFORNIA,0.0,0.0,0.0,0.0,0.0,33.7,1.3,11.7,7.1,0.3,,54.1,0.0,0.0,9.9,,86.1,0.0,0.0,0.0,0.0,0.0,,96.0,0.0,0.0,9.9,0.0,86.1,33.7,1.3,11.7,7.1,0.3,,150.1
2/2/2026,2023.0,20240655.0,21476.0,2731.0,CHEVRON PIPE LINE CO,Refined and/or Petroleum Product (non-HVL),INTRASTATE,UTAH,0.0,0.0,0.0,0.0,0.0,0.0,0.0,0.0,0.0,0.0,,0.0,0.0,0.0,0.0,0.0,0.0,0.0,0.0,0.0,0.0,0.0,,0.0,0.0,0.0,0.0,0.0,0.0,0.0,0.0,0.0,0.0,0.0,,0.0
2/2/2026,2023.0,20240068.0,20820.0,2767.0,"HARVEST ALASKA, LLC",Crude Oil,INTERSTATE,ALASKA,,,,,,,36.97,11.51,,,,48.48,,,,,,,,,,,,0.0,,,,,,,36.97,11.51,,,,48.48
2/2/2026,2023.0,20240068.0,20820.0,2767.0,"HARVEST ALASKA, LLC",Crude Oil,INTRASTATE,ALASKA,,,,,16.14,,0.26,,,0.06,,16.46,,,,,,,,,,,,0.0,,,,,16.14,,0.26,,,0.06,,16.46
2/2/2026,2023.0,20240350.0,21163.0,3445.0,DIXIE PIPELINE COMPANY LLC,HVL,INTERSTATE,ALABAMA,0.151,0.0,0.0,0.0,34.626,0.0,0.083,0.767,2.587,0.508,0.314,39.036,0.0,0.0,0.0,0.0,209.506,0.0,0.402,0.549,1.458,0.134,0.147,212.196,0.151,0.0,0.0,0.0,244.132,0.0,0.485,1.316,4.045,0.642,0.461,251.232
2/2/2026,2023.0,20240350.0,21163.0,3445.0,DIXIE PIPELINE COMPANY LLC,HVL,INTERSTATE,GEORGIA,0.0,0.0,0.0,0.0,284.264,4.892,0.011,0.522,2.458,0.187,0.0,292.334,0.0,0.0,0.0,0.0,63.139,0.012,0.033,1.713,1.033,0.445,0.0,66.375,0.0,0.0,0.0,0.0,347.403,4.904,0.044,2.235,3.491,0.632,0.0,358.709
2/2/2026,2023.0,20240350.0,21163.0,3445.0,DIXIE PIPELINE COMPANY LLC,HVL,INTERSTATE,LOUISIANA,0.0,0.0,0.0,0.0,0.113,0.808,1.969,1.906,4.859,1.168,0.968,11.791,0.0,0.0,0.0,0.0,221.258,0.061,0.004,0.009,0.018,0.132,0.019,221.501,0.0,0.0,0.0,0.0,221.371,0.869,1.973,1.915,4.877,1.3,0.987,233.292
2/2/2026,2023.0,20240350.0,21163.0,3445.0,DIXIE PIPELINE COMPANY LLC,HVL,INTERSTATE,MISSISSIPPI,0.0,0.0,0.0,0.0,0.411,0.0,0.981,0.374,0.958,0.189,0.011,2.924,0.0,0.0,0.0,0.0,117.899,0.0,0.467,0.037,1.315,0.201,0.004,119.923,0.0,0.0,0.0,0.0,118.31,0.0,1.448,0.411,2.273,0.39,0.015,122.847
2/2/2026,2023.0,20240350.0,21163.0,3445.0,DIXIE PIPELINE COMPANY LLC,HVL,INTERSTATE,NORTH CAROLINA,0.092,0.0,0.0,0.0,73.931,0.103,12.338,0.249,1.221,0.376,0.047,88.357,0.074,0.0,0.0,0.0,0.17,0.508,0.0,0.007,0.042,0.0,0.0,0.801,0.166,0.0,0.0,0.0,74.101,0.611,12.338,0.256,1.263,0.376,0.047,89.158
2/2/2026,2023.0,20240350.0,21163.0,3445.0,DIXIE PIPELINE COMPANY LLC,HVL,INTERSTATE,SOUTH CAROLINA,0.011,0.0,0.0,0.0,157.346,0.131,0.298,1.115,1.394,1.742,0.0,162.037,0.016,0.0,0.0,0.0,0.104,0.636,0.028,0.009,0.011,0.034,0.0,0.838,0.027,0.0,0.0,0.0,157.45,0.767,0.326,1.124,1.405,1.776,0.0,162.875
2/2/2026,2023.0,20240350.0,21163.0,3445.0,DIXIE PIPELINE COMPANY LLC,HVL,INTERSTATE,TEXAS,0.0,0.0,0.0,0.0,0.025,0.0,0.076,0.05,2.791,0.014,0.024,2.98,0.0,0.0,0.0,0.0,74.993,0.0,0.0,0.869,0.014,0.006,0.0,75.882,0.0,0.0,0.0,0.0,75.018,0.0,0.076,0.919,2.805,0.02,0.024,78.862
2/2/2026,2023.0,20240032.0,20783.0,3527.0,DOW PIPELINE LLC,HVL,INTRASTATE,TEXAS,0.1,0.0,0.0,0.0,0.18,90.03,0.83,4.04,0.9,115.41,0.22,211.71,39.62,0.0,79.29,10.24,34.41,15.93,0.0,0.0,0.18,0.7,0.01,180.38,39.72,0.0,79.29,10.24,34.59,105.96,0.83,4.04,1.08,116.11,0.23,392.09
2/2/2026,2023.0,20240031.0,20782.0,3535.0,DOW PIPELINE LLC,HVL,INTRASTATE,LOUISIANA,0.0,0.0,0.0,0.0,0.0,42.33,56.43,0.0,36.89,0.0,0.0,135.65,0.05,0.0,0.0,0.0,61.72,0.0,0.0,0.0,0.0,0.0,0.0,61.77,0.05,0.0,0.0,0.0,61.72,42.33,56.43,0.0,36.89,0.0,0.0,197.42
2/2/2026,2023.0,20240592.0,21409.0,4430.0,VALERO TERMINALING AND DISTRIBUTION COMPANY,Crude Oil,INTERSTATE,TENNESSEE,0.0,0.0,0.0,0.0,0.0,0.0,0.0,0.0,0.0,0.24,0.0,0.24,0.0,0.0,0.0,0.0,0.0,0.0,0.0,,0.0,0.0,0.0,0.0,0.0,0.0,0.0,0.0,0.0,0.0,0.0,0.0,0.0,0.24,0.0,0.24
2/2/2026,2023.0,20240592.0,21409.0,4430.0,VALERO TERMINALING AND DISTRIBUTION COMPANY,Crude Oil,INTRASTATE,TEXAS,,,,,,,,,,1.81,,1.81,,,,,,,,,,,,0.0,,,,,,,,,,1.81,,1.81
2/2/2026,2023.0,20240597.0,21414.0,4430.0,VALERO TERMINALING AND DISTRIBUTION COMPANY,HVL,INTERSTATE,TEXAS,,,,,53.27,,,,,,,53.27,,,,,0.0,,,,,,,0.0,,,,,53.27,,,,,,,53.27
2/2/2026,2023.0,20240597.0,21414.0,4430.0,VALERO TERMINALING AND DISTRIBUTION COMPANY,HVL,INTRASTATE,TEXAS,,,,,,,4.48,1.63,,0.34,,6.45,,,,,,,,,,,,0.0,,,,,,,4.48,1.63,,0.34,,6.45
2/2/2026,2023.0,20240590.0,21407.0,4430.0,VALERO TERMINALING AND DISTRIBUTION COMPANY,Refined and/or Petroleum Product (non-HVL),INTERSTATE,ILLINOIS,0.0,0.0,0.0,0.0,0.0,0.0,0.19,0.17,1.27,0.26,0.4,2.29,0.0,0.0,0.0,8.22,0.0,0.0,0.0,0.0,0.0,0.0,0.0,8.22,0.0,0.0,0.0,8.22,0.0,0.0,0.19,0.17,1.27,0.26,0.4,10.51
2/2/2026,2023.0,20240590.0,21407.0,4430.0,VALERO TERMINALING AND DISTRIBUTION COMPANY,Refined and/or Petroleum Product (non-HVL),INTERSTATE,INDIANA,,,,,,,,,,,,0.0,,,,2.474,,,,,0.002,,,2.476,,,,2.474,,,,,0.002,,,2.476
2/2/2026,2023.0,20240590.0,21407.0,4430.0,VALERO TERMINALING AND DISTRIBUTION COMPANY,Refined and/or Petroleum Product (non-HVL),INTRASTATE,TENNESSEE,0.0,0.0,0.0,0.0,0.0,0.0,0.0,0.0,0.45,0.0,0.0,0.45,0.0,0.0,0.0,0.0,0.0,0.0,0.0,0.0,0.0,0.0,0.0,0.0,0.0,0.0,0.0,0.0,0.0,0.0,0.0,0.0,0.45,0.0,0.0,0.45
2/2/2026,2023.0,20240590.0,21407.0,4430.0,VALERO TERMINALING AND DISTRIBUTION COMPANY,Refined and/or Petroleum Product (non-HVL),INTRASTATE,TEXAS,0.0,0.0,0.0,0.0,0.0,0.0,0.0,0.0,1.98,69.07,0.11,71.16,0.0,0.0,0.0,0.0,0.0,0.0,0.0,0.0,0.0,0.0,0.0,0.0,0.0,0.0,0.0,0.0,0.0,0.0,0.0,0.0,1.98,69.07,0.11,71.16
2/2/2026,2023.0,20240073.0,20825.0,4461.0,"EOG RESOURCES, INC",Crude Oil,INTRASTATE,TEXAS,0.0,0.0,0.0,0.0,0.0,0.0,0.0,0.0,0.0,52.455,,52.455,0.0,0.0,0.0,0.0,0.0,0.0,0.0,0.0,0.0,0.0,,0.0,0.0,0.0,0.0,0.0,0.0,0.0,0.0,0.0,0.0,52.455,,52.455
2/2/2026,2023.0,20240212.0,21019.0,4472.0,CYPRESS INTERSTATE PIPELINE LLC,HVL,INTERSTATE,LOUISIANA,0.0,0.0,0.0,0.0,0.0,0.0,0.0,27.134,0.0,0.0,,27.134,0.0,0.0,0.0,0.0,0.0,0.0,0.0,0.0,0.0,0.0,,0.0,0.0,0.0,0.0,0.0,0.0,0.0,0.0,27.134,0.0,0.0,,27.134
2/2/2026,2023.0,20240212.0,21019.0,4472.0,CYPRESS INTERSTATE PIPELINE LLC,HVL,INTERSTATE,TEXAS,0.0,0.0,0.0,0.0,0.0,0.0,0.0,77.2,0.0,0.0,,77.2,0.0,0.0,0.0,0.0,0.0,0.0,0.0,0.0,0.0,0.0,,0.0,0.0,0.0,0.0,0.0,0.0,0.0,0.0,77.2,0.0,0.0,,77.2
2/2/2026,2023.0,20240192.0,20991.0,4805.0,EXPLORER PIPELINE CO,Refined and/or Petroleum Product (non-HVL),INTERSTATE,ILLINOIS,0.0,0.0,0.0,0.0,0.0,55.8,1.15,0.18,0.37,18.46,0.0,75.96,0.0,0.0,0.0,0.0,0.0,0.0,0.0,0.0,0.0,0.0,0.0,0.0,0.0,0.0,0.0,0.0,0.0,55.8,1.15,0.18,0.37,18.46,0.0,75.96
2/2/2026,2023.0,20240192.0,20991.0,4805.0,EXPLORER PIPELINE CO,Refined and/or Petroleum Product (non-HVL),INTERSTATE,INDIANA,0.0,0.0,0.0,0.0,0.0,17.79,0.0,0.0,1.41,0.84,0.0,20.04,0.0,0.0,0.0,2.2,0.0,0.0,0.0,0.0,0.0,0.0,0.0,2.2,0.0,0.0,0.0,2.2,0.0,17.79,0.0,0.0,1.41,0.84,0.0,22.24
2/2/2026,2023.0,20240192.0,20991.0,4805.0,EXPLORER PIPELINE CO,Refined and/or Petroleum Product (non-HVL),INTERSTATE,MISSOURI,,0.0,0.0,0.0,0.0,290.89,0.0,0.93,0.69,0.17,,292.68,,,,,,,,,,,,0.0,,0.0,0.0,0.0,0.0,290.89,0.0,0.93,0.69,0.17,,292.68
2/2/2026,2023.0,20240192.0,20991.0,4805.0,EXPLORER PIPELINE CO,Refined and/or Petroleum Product (non-HVL),INTERSTATE,OKLAHOMA,,,,,,106.47,,0.31,0.64,0.75,0.08,108.25,,,0.17,0.28,,,,,,,,0.45,,,0.17,0.28,,106.47,,0.31,0.64,0.75,0.08,108.7
2/2/2026,2023.0,20240192.0,20991.0,4805.0,EXPLORER PIPELINE CO,Refined and/or Petroleum Product (non-HVL),INTERSTATE,TEXAS,0.0,0.0,0.0,0.0,11.89,86.37,10.17,29.89,5.67,19.65,47.5,211.14,,,1.73,2.76,2.3,0.0,0.0,0.0,,,,6.79,0.0,0.0,1.73,2.76,14.19,86.37,10.17,29.89,5.67,19.65,47.5,217.93
2/2/2026,2023.0,20240550.0,21367.0,4906.0,EXXONMOBIL PIPELINE COMPANY LLC,Crude Oil,INTERSTATE,LOUISIANA,,,,,,,,46.43,,0.08,,46.51,,,,,,,,,,,,0.0,,,,,,,,46.43,,0.08,,46.51
2/2/2026,2023.0,20240550.0,21367.0,4906.0,EXXONMOBIL PIPELINE COMPANY LLC,Crude Oil,INTERSTATE,NEW MEXICO,,,,,,,,,,,,0.0,,,,,,,,,,,,0.0,,,,,,,,,,,,
2/2/2026,2023.0,20240550.0,21367.0,4906.0,EXXONMOBIL PIPELINE COMPANY LLC,Crude Oil,INTERSTATE,OCS-Gulf of Mexico,,,,,,,,,61.8,0.01,,61.81,,,,,,,,,,,,0.0,,,,,,,,,61.8,0.01,,61.81
2/2/2026,2023.0,20240550.0,21367.0,4906.0,EXXONMOBIL PIPELINE COMPANY LLC,Crude Oil,INTERSTATE,TEXAS,,,,,,,0.73,11.51,14.44,0.32,,27.0,,,,,,,,,,,,0.0,,,,,,,0.73,11.51,14.44,0.32,,27.0
2/2/2026,2023.0,20240550.0,21367.0,4906.0,EXXONMOBIL PIPELINE COMPANY LLC,Crude Oil,INTRASTATE,TEXAS,,,,,,,,,,,,0.0,,,,,,,,,,,,0.0,,,,,,,,,,,,
2/2/2026,2023.0,20240469.0,21286.0,4906.0,EXXONMOBIL PIPELINE COMPANY LLC,HVL,INTRASTATE,LOUISIANA,,,,,,,44.2,181.18,8.74,0.31,,234.43,1.0,,,71.91,34.25,52.34,,,,,,159.5,1.0,,,71.91,34.25,52.34,44.2,181.18,8.74,0.31,,393.93
2/2/2026,2023.0,20240469.0,21286.0,4906.0,EXXONMOBIL PIPELINE COMPANY LLC,HVL,INTRASTATE,TEXAS,,,,,2.36,,130.68,71.56,4.83,2.2,,211.63,0.04,0.51,,0.09,67.54,255.98,,,,,,324.16,0.04,0.51,,0.09,69.9,255.98,130.68,71.56,4.83,2.2,,535.79
2/2/2026,2023.0,20240473.0,21623.0,4906.0,EXXONMOBIL PIPELINE COMPANY LLC,Refined and/or Petroleum Product (non-HVL),INTERSTATE,ILLINOIS,,,,,,,,,,,,0.0,,,,,,,,,,,,0.0,,,,,,,,,,,,
2/2/2026,2023.0,20240473.0,21623.0,4906.0,EXXONMOBIL PIPELINE COMPANY LLC,Refined and/or Petroleum Product (non-HVL),INTERSTATE,LOUISIANA,,,,,,,,17.15,,,,17.15,,,,,,,,,,,,0.0,,,,,,,,17.15,,,,17.15
2/2/2026,2023.0,20240473.0,21623.0,4906.0,EXXONMOBIL PIPELINE COMPANY LLC,Refined and/or Petroleum Product (non-HVL),INTERSTATE,TEXAS,,,,,,,0.03,7.44,0.91,,,8.38,,,,,,10.57,,,,,,10.57,,,,,,10.57,0.03,7.44,0.91,,,18.95
2/2/2026,2023.0,20240473.0,21623.0,4906.0,EXXONMOBIL PIPELINE COMPANY LLC,Refined and/or Petroleum Product (non-HVL),INTRASTATE,LOUISIANA,,,,,,,,,,,,0.0,,,,2.33,0.02,,,,,,,2.35,,,,2.33,0.02,,,,,,,2.35
2/2/2026,2023.0,20240473.0,21623.0,4906.0,EXXONMOBIL PIPELINE COMPANY LLC,Refined and/or Petroleum Product (non-HVL),INTRASTATE,TEXAS,,,,,49.31,2.05,40.1,2.67,8.64,2.8,10.12,115.69,0.23,,0.01,,188.28,1.41,,,,,,189.93,0.23,,0.01,,237.59,3.46,40.1,2.67,8.64,2.8,10.12,305.62
2/2/2026,2023.0,20240559.0,21376.0,4908.0,"EXXONMOBIL PRODUCTION COMPANY, A DIVISION OF EXXON MOBIL CORPORATION",CO2,INTRASTATE,WYOMING,,,,,,,,,,,,0.0,,,,,,,,,,,,0.0,,,,,,,,,,,,
2/2/2026,2023.0,20240074.0,20826.0,4908.0,"EXXONMOBIL PRODUCTION COMPANY, A DIVISION OF EXXON MOBIL CORPORATION",Crude Oil,INTERSTATE,CALIFORNIA,,,,,,,,,,,,0.0,,,,,,,,,,,,0.0,,,,,,,,,,,,
2/2/2026,2023.0,20240074.0,20826.0,4908.0,"EXXONMOBIL PRODUCTION COMPANY, A DIVISION OF EXXON MOBIL CORPORATION",Crude Oil,INTERSTATE,OCS-Pacific,,,,,,,,,,,,0.0,,,,,,,,,,,,0.0,,,,,,,,,,,,
2/2/2026,2023.0,20240274.0,21084.0,5081.0,"COFFEYVILLE RESOURCES CRUDE TRANSPORTATION, LLC",Crude Oil,INTERSTATE,KANSAS,0.0,0.0,,0.0,0.0,1.59,,19.18,,7.2,,27.97,0.0,0.0,55.5,6.42,18.52,0.0,0.0,0.0,0.0,0.0,,80.44,0.0,0.0,55.5,6.42,18.52,1.59,0.0,19.18,0.0,7.2,,108.41
2/2/2026,2023.0,20240274.0,21084.0,5081.0,"COFFEYVILLE RESOURCES CRUDE TRANSPORTATION, LLC",Crude Oil,INTERSTATE,OKLAHOMA,0.0,0.0,0.0,0.0,0.0,0.0,0.3,0.04,0.07,0.0,,0.41,0.0,0.0,31.52,14.95,1.33,0.0,0.0,0.0,0.0,0.0,,47.8,0.0,0.0,31.52,14.95,1.33,0.0,0.3,0.04,0.07,0.0,,48.21
2/2/2026,2023.0,20240274.0,21084.0,5081.0,"COFFEYVILLE RESOURCES CRUDE TRANSPORTATION, LLC",Crude Oil,INTRASTATE,KANSAS,0.0,0.0,0.0,0.0,0.0,0.0,0.0,0.0,0.0,10.59,,10.59,0.0,0.0,0.0,25.4,11.01,0.0,0.0,0.0,0.0,0.0,,36.41,0.0,0.0,0.0,25.4,11.01,0.0,0.0,0.0,0.0,10.59,,47.0
2/2/2026,2023.0,20240274.0,21084.0,5081.0,"COFFEYVILLE RESOURCES CRUDE TRANSPORTATION, LLC",Crude Oil,INTRASTATE,OKLAHOMA,,,,,,0.28,0.28,8.12,53.28,41.92,0.85,104.73,,112.58,180.59,9.41,,,,,,,,302.58,,112.58,180.59,9.41,,0.28,0.28,8.12,53.28,41.92,0.85,407.31
2/2/2026,2023.0,20240189.0,20985.0,6911.0,TRECORA PIPELINE LLC,Refined and/or Petroleum Product (non-HVL),INTRASTATE,TEXAS,0.0,0.0,0.0,0.0,0.0,10.0,0.0,0.0,0.0,28.0,16.0,54.0,0.0,0.0,0.0,0.0,0.0,0.0,0.0,0.0,0.0,0.0,0.0,0.0,0.0,0.0,0.0,0.0,0.0,10.0,0.0,0.0,0.0,28.0,16.0,54.0
2/2/2026,2023.0,20240248.0,21056.0,7063.0,HARBOR PIPELINE CO,Refined and/or Petroleum Product (non-HVL),INTERSTATE,NEW JERSEY,0.06,0.0,0.0,0.0,0.0,0.0,0.45,0.07,0.07,3.04,0.24,3.93,0.0,0.0,0.0,0.0,0.0,0.0,0.0,0.0,0.0,0.0,0.0,0.0,0.06,0.0,0.0,0.0,0.0,0.0,0.45,0.07,0.07,3.04,0.24,3.93
2/2/2026,2023.0,20240363.0,21177.0,7660.0,HUNT CRUDE OIL SUPPLY CO,Crude Oil,INTERSTATE,ALABAMA,,,,,,105.0,,,,,,105.0,,,,,,,,,,,,0.0,,,,,,105.0,,,,,,105.0
2/2/2026,2023.0,20240363.0,21177.0,7660.0,HUNT CRUDE OIL SUPPLY CO,Crude Oil,INTERSTATE,MISSISSIPPI,,,,,,21.24,,21.8,6.2,1.63,,50.87,,,,,46.85,,,,,,,46.85,,,,,46.85,21.24,,21.8,6.2,1.63,,97.72
2/2/2026,2023.0,20240363.0,21177.0,7660.0,HUNT CRUDE OIL SUPPLY CO,Crude Oil,INTRASTATE,ALABAMA,,,,,,,,20.6,1.41,,,22.01,,,,,8.31,,,,,,,8.31,,,,,8.31,,,20.6,1.41,,,30.32
2/2/2026,2023.0,20240133.0,20919.0,8014.0,IDAHO PIPELINE CORP,Refined and/or Petroleum Product (non-HVL),INTRASTATE,IDAHO,,,,,,,2.32,,,,,2.32,,,,,,,,,,,,0.0,,,,,,,2.32,,,,,2.32
2/2/2026,2023.0,20240137.0,20923.0,8175.0,INTERSTATE STORAGE & PIPELINE C0,Refined and/or Petroleum Product (non-HVL),INTRASTATE,NEW JERSEY,,,,,,,,,,,,0.0,,,,,11.25,,,,,,,11.25,,,,,11.25,,,,,,,11.25
2/2/2026,2023.0,20240172.0,20968.0,9175.0,JAYHAWK PIPELINE LLC,Crude Oil,INTERSTATE,KANSAS,0.0,0.0,0.0,0.0,0.0,0.0,0.0,3.33,57.47,31.48,41.05,133.33,0.0,0.0,0.0,274.59,74.83,53.27,0.0,0.0,0.0,0.0,,402.69,0.0,0.0,0.0,274.59,74.83,53.27,0.0,3.33,57.47,31.48,41.05,536.02
2/2/2026,2023.0,20240172.0,20968.0,9175.0,JAYHAWK PIPELINE LLC,Crude Oil,INTERSTATE,NEBRASKA,0.0,0.0,0.0,0.0,0.0,0.0,0.0,0.0,28.95,0.0,0.0,28.95,0.0,0.0,0.0,,0.0,0.0,0.0,0.0,0.0,0.0,0.0,0.0,0.0,0.0,0.0,0.0,0.0,0.0,0.0,0.0,28.95,0.0,0.0,28.95
2/2/2026,2023.0,20240172.0,20968.0,9175.0,JAYHAWK PIPELINE LLC,Crude Oil,INTERSTATE,OKLAHOMA,0.0,0.0,0.0,0.0,0.0,0.0,0.0,23.39,0.0,0.04,0.0,23.43,0.0,0.0,0.0,0.0,0.0,26.33,0.0,0.0,0.0,0.0,0.0,26.33,0.0,0.0,0.0,0.0,0.0,26.33,0.0,23.39,0.0,0.04,0.0,49.76
2/2/2026,2023.0,20240172.0,20968.0,9175.0,JAYHAWK PIPELINE LLC,Crude Oil,INTERSTATE,TEXAS,0.0,,0.0,0.0,0.0,0.0,0.0,17.34,0.0,0.0,0.0,17.34,0.0,0.0,0.0,0.0,0.0,0.0,0.0,0.0,0.0,0.0,0.0,0.0,0.0,0.0,0.0,0.0,0.0,0.0,0.0,17.34,0.0,0.0,0.0,17.34
2/2/2026,2023.0,20240172.0,20968.0,9175.0,JAYHAWK PIPELINE LLC,Crude Oil,INTRASTATE,KANSAS,0.0,0.0,0.0,0.0,0.0,0.0,0.0,0.0,0.0,71.74,21.31,93.05,0.0,0.0,0.0,48.03,0.0,0.0,0.0,0.0,0.0,0.0,0.0,48.03,0.0,0.0,0.0,48.03,0.0,0.0,0.0,0.0,0.0,71.74,21.31,141.08
2/2/2026,2023.0,20240522.0,21339.0,10012.0,NUSTAR PIPELINE OPERATING PARTNERSHIP L.P.,HVL,INTERSTATE,ARKANSAS,0.0,0.0,0.0,0.0,12.98,250.51,0.13,0.35,0.08,0.25,5.78,270.08,0.0,0.0,0.0,0.0,0.0,0.0,0.0,0.0,0.0,0.0,,0.0,0.0,0.0,0.0,0.0,12.98,250.51,0.13,0.35,0.08,0.25,5.78,270.08
2/2/2026,2023.0,20240522.0,21339.0,10012.0,NUSTAR PIPELINE OPERATING PARTNERSHIP L.P.,HVL,INTERSTATE,ILLINOIS,0.0,0.0,0.0,0.0,0.0,113.38,0.0,2.86,0.21,32.3,28.71,177.46,0.0,0.0,0.0,0.0,0.0,0.0,0.0,0.0,0.0,0.0,0.0,0.0,0.0,0.0,0.0,0.0,0.0,113.38,0.0,2.86,0.21,32.3,28.71,177.46
2/2/2026,2023.0,20240522.0,21339.0,10012.0,NUSTAR PIPELINE OPERATING PARTNERSHIP L.P.,HVL,INTERSTATE,INDIANA,0.0,0.0,0.0,0.0,0.0,170.08,0.0,0.02,0.0,0.02,0.0,170.12,0.0,0.0,0.0,0.0,0.0,0.0,0.0,0.0,0.0,0.0,0.0,0.0,0.0,0.0,0.0,0.0,0.0,170.08,0.0,0.02,0.0,0.02,0.0,170.12
2/2/2026,2023.0,20240522.0,21339.0,10012.0,NUSTAR PIPELINE OPERATING PARTNERSHIP L.P.,HVL,INTERSTATE,IOWA,0.0,0.0,0.0,0.0,0.0,426.38,0.0,0.29,0.29,0.69,0.01,427.66,0.0,0.0,0.0,0.0,0.0,0.0,0.0,0.0,0.0,0.0,0.0,0.0,0.0,0.0,0.0,0.0,0.0,426.38,0.0,0.29,0.29,0.69,0.01,427.66
2/2/2026,2023.0,20240522.0,21339.0,10012.0,NUSTAR PIPELINE OPERATING PARTNERSHIP L.P.,HVL,INTERSTATE,KANSAS,0.0,0.0,0.0,0.0,0.0,0.01,0.49,0.11,0.21,26.03,0.23,27.08,0.08,0.0,0.0,8.98,0.56,0.0,0.0,0.0,0.0,0.0,0.0,9.62,0.08,0.0,0.0,8.98,0.56,0.01,0.49,0.11,0.21,26.03,0.23,36.7
2/2/2026,2023.0,20240522.0,21339.0,10012.0,NUSTAR PIPELINE OPERATING PARTNERSHIP L.P.,HVL,INTERSTATE,LOUISIANA,0.0,0.0,0.0,0.0,207.1,120.03,1.99,0.35,6.41,0.1,0.06,336.04,0.0,0.0,0.0,0.0,0.0,0.0,0.0,0.0,0.0,0.0,0.0,0.0,0.0,0.0,0.0,0.0,207.1,120.03,1.99,0.35,6.41,0.1,0.06,336.04
2/2/2026,2023.0,20240522.0,21339.0,10012.0,NUSTAR PIPELINE OPERATING PARTNERSHIP L.P.,HVL,INTERSTATE,MISSOURI,0.0,0.0,0.0,0.0,0.0,362.37,0.2,17.41,0.45,2.24,0.36,383.03,0.0,0.0,0.0,0.0,0.0,0.0,0.0,0.0,0.0,0.0,0.0,0.0,0.0,0.0,0.0,0.0,0.0,362.37,0.2,17.41,0.45,2.24,0.36,383.03
2/2/2026,2023.0,20240522.0,21339.0,10012.0,NUSTAR PIPELINE OPERATING PARTNERSHIP L.P.,HVL,INTERSTATE,NEBRASKA,0.0,0.0,0.0,0.0,0.0,141.52,0.24,0.5,1.98,0.85,1.06,146.15,0.02,0.0,0.0,128.39,0.0,0.0,0.0,0.0,0.0,0.0,0.0,128.41,0.02,0.0,0.0,128.39,0.0,141.52,0.24,0.5,1.98,0.85,1.06,274.56
2/2/2026,2023.0,20240522.0,21339.0,10012.0,NUSTAR PIPELINE OPERATING PARTNERSHIP L.P.,HVL,INTERSTATE,SOUTH DAKOTA,0.0,0.0,0.0,0.0,0.0,0.0,0.0,0.01,0.0,0.4,0.0,0.41,0.0,0.0,0.0,1.66,0.0,0.0,0.0,0.0,0.0,0.0,0.0,1.66,0.0,0.0,0.0,1.66,0.0,0.0,0.0,0.01,0.0,0.4,0.0,2.07
2/2/2026,2023.0,20240521.0,21338.0,10012.0,NUSTAR PIPELINE OPERATING PARTNERSHIP L.P.,Refined and/or Petroleum Product (non-HVL),INTERSTATE,IOWA,0.0,0.0,0.0,0.0,0.0,0.21,0.97,0.55,1.95,2.0,1.61,7.29,0.17,0.0,0.0,0.0,77.39,0.0,0.0,0.0,0.0,0.0,0.0,77.56,0.17,0.0,0.0,0.0,77.39,0.21,0.97,0.55,1.95,2.0,1.61,84.85
2/2/2026,2023.0,20240521.0,21338.0,10012.0,NUSTAR PIPELINE OPERATING PARTNERSHIP L.P.,Refined and/or Petroleum Product (non-HVL),INTERSTATE,KANSAS,0.0,0.0,0.0,12.67,45.25,0.15,110.07,13.36,15.41,5.79,10.12,212.82,0.0,0.0,0.08,32.31,19.41,0.0,0.0,0.0,0.0,0.0,0.0,51.8,0.0,0.0,0.08,44.98,64.66,0.15,110.07,13.36,15.41,5.79,10.12,264.62
2/2/2026,2023.0,20240521.0,21338.0,10012.0,NUSTAR PIPELINE OPERATING PARTNERSHIP L.P.,Refined and/or Petroleum Product (non-HVL),INTERSTATE,MINNESOTA,0.0,0.0,0.0,0.0,0.0,0.43,0.0,1.88,0.24,0.66,0.12,3.33,0.12,0.0,0.88,0.0,0.0,0.0,0.0,0.0,0.0,0.0,0.0,1.0,0.12,0.0,0.88,0.0,0.0,0.43,0.0,1.88,0.24,0.66,0.12,4.33
2/2/2026,2023.0,20240521.0,21338.0,10012.0,NUSTAR PIPELINE OPERATING PARTNERSHIP L.P.,Refined and/or Petroleum Product (non-HVL),INTERSTATE,NEBRASKA,0.0,0.0,0.0,0.0,106.32,0.33,240.92,4.03,4.56,1.57,0.65,358.38,0.0,0.0,0.0,0.0,10.04,0.0,0.0,0.0,0.0,0.0,0.0,10.04,0.0,0.0,0.0,0.0,116.36,0.33,240.92,4.03,4.56,1.57,0.65,368.42
2/2/2026,2023.0,20240521.0,21338.0,10012.0,NUSTAR PIPELINE OPERATING PARTNERSHIP L.P.,Refined and/or Petroleum Product (non-HVL),INTERSTATE,NORTH DAKOTA,0.76,0.0,0.0,0.0,64.3,2.72,0.0,0.23,1.13,8.53,2.24,79.91,0.0,0.0,0.0,0.0,0.0,0.0,0.0,0.0,0.0,0.0,0.0,0.0,0.76,0.0,0.0,0.0,64.3,2.72,0.0,0.23,1.13,8.53,2.24,79.91
2/2/2026,2023.0,20240521.0,21338.0,10012.0,NUSTAR PIPELINE OPERATING PARTNERSHIP L.P.,Refined and/or Petroleum Product (non-HVL),INTERSTATE,SOUTH DAKOTA,0.0,0.0,0.0,0.0,194.9,0.0,0.2,0.65,10.47,1.37,0.48,208.07,0.0,0.0,0.0,0.0,37.71,36.54,0.0,0.0,0.0,0.0,0.0,74.25,0.0,0.0,0.0,0.0,232.61,36.54,0.2,0.65,10.47,1.37,0.48,282.32
2/2/2026,2023.0,20240521.0,21338.0,10012.0,NUSTAR PIPELINE OPERATING PARTNERSHIP L.P.,Refined and/or Petroleum Product (non-HVL),INTRASTATE,WYOMING,0.0,0.0,0.0,0.0,6.54,0.0,0.0,0.0,0.23,0.0,0.0,6.77,0.0,0.0,0.0,0.0,0.0,0.0,0.0,0.0,0.0,0.0,0.0,0.0,0.0,0.0,0.0,0.0,6.54,0.0,0.0,0.0,0.23,0.0,0.0,6.77
2/2/2026,2023.0,20240484.0,21655.0,10250.0,KIANTONE PIPELINE CORP,Crude Oil,INTERSTATE,NEW YORK,,,,,,68.93,0.1,,0.21,0.46,,69.7,,,,,18.36,,,,,,,18.36,,,,,18.36,68.93,0.1,,0.21,0.46,,88.06
2/2/2026,2023.0,20240484.0,21655.0,10250.0,KIANTONE PIPELINE CORP,Crude Oil,INTERSTATE,PENNSYLVANIA,,,,,,13.29,,0.04,0.01,0.02,3.5,16.86,,,,,,,,,,,,0.0,,,,,,13.29,,0.04,0.01,0.02,3.5,16.86
2/2/2026,2023.0,20240488.0,21305.0,10250.0,KIANTONE PIPELINE CORP,Refined and/or Petroleum Product (non-HVL),INTRASTATE,PENNSYLVANIA,,,,,,4.315,0.307,0.098,1.314,0.035,0.591,6.66,,,,,,,,,,,,0.0,,,,,,4.315,0.307,0.098,1.314,0.035,0.591,6.66
2/2/2026,2023.0,20240548.0,21365.0,10346.0,KUPARUK TRANSPORTATION CO,Crude Oil,INTERSTATE,ALASKA,,,,,,,,,,,,0.0,,,,,,,,,,,,0.0,,,,,,,,,,,,
2/2/2026,2023.0,20240055.0,20806.0,11032.0,SPIRE MISSOURI INC. EAST,HVL,INTERSTATE,ILLINOIS,,,,,,4.187,,,0.255,,0.0,4.442,,0.0,,,16.098,,,,,,0.0,16.098,,0.0,,,16.098,4.187,,,0.255,,0.0,20.54
2/2/2026,2023.0,20240055.0,20806.0,11032.0,SPIRE MISSOURI INC. EAST,HVL,INTERSTATE,MISSOURI,,,,,,,1.73,,,0.181,0.0,1.911,,,,0.0,9.315,,,,,,0.0,9.315,,,,0.0,9.315,,1.73,,,0.181,0.0,11.226
2/2/2026,2023.0,20240546.0,21363.0,11169.0,"ENBRIDGE ENERGY, LIMITED PARTNERSHIP",Crude Oil,INTERSTATE,ILLINOIS,0.0,0.0,0.0,0.0,0.0,0.0,0.0,115.003,21.921,0.33,0.0,137.254,0.0,0.0,0.0,0.0,0.0,0.0,0.0,0.0,0.0,0.0,0.0,0.0,0.0,0.0,0.0,0.0,0.0,0.0,0.0,115.003,21.921,0.33,0.0,137.254
2/2/2026,2023.0,20240546.0,21363.0,11169.0,"ENBRIDGE ENERGY, LIMITED PARTNERSHIP",Crude Oil,INTERSTATE,INDIANA,0.0,0.0,0.0,0.0,0.0,0.0,0.0,0.0,4.522,0.0,0.004,4.526,0.0,0.0,0.0,0.0,0.0,0.0,0.0,0.0,0.0,0.0,0.0,0.0,0.0,0.0,0.0,0.0,0.0,0.0,0.0,0.0,4.522,0.0,0.004,4.526
2/2/2026,2023.0,20240546.0,21363.0,11169.0,"ENBRIDGE ENERGY, LIMITED PARTNERSHIP",Crude Oil,INTERSTATE,MICHIGAN,0.0,0.0,0.0,0.0,0.0,0.0,0.0,0.0,0.0,0.0,0.0,0.0,0.0,0.0,0.0,0.0,0.0,0.0,0.0,0.0,0.0,0.0,0.0,0.0,0.0,0.0,0.0,0.0,0.0,0.0,0.0,0.0,0.0,0.0,0.0,0.0
2/2/2026,2023.0,20240546.0,21363.0,11169.0,"ENBRIDGE ENERGY, LIMITED PARTNERSHIP",Crude Oil,INTERSTATE,MINNESOTA,0.0,0.0,0.0,0.0,0.0,0.0,0.0,0.0,108.565,0.0,0.0,108.565,0.0,0.0,0.0,0.0,0.0,0.0,0.0,0.0,0.0,0.0,0.0,0.0,0.0,0.0,0.0,0.0,0.0,0.0,0.0,0.0,108.565,0.0,0.0,108.565
2/2/2026,2023.0,20240546.0,21363.0,11169.0,"ENBRIDGE ENERGY, LIMITED PARTNERSHIP",Crude Oil,INTERSTATE,NORTH DAKOTA,0.0,0.0,0.0,0.0,0.0,0.0,0.0,0.0,28.027,0.0,0.0,28.027,0.0,0.0,0.0,0.0,0.0,0.0,0.0,0.0,0.0,0.0,0.0,0.0,0.0,0.0,0.0,0.0,0.0,0.0,0.0,0.0,28.027,0.0,0.0,28.027
2/2/2026,2023.0,20240546.0,21363.0,11169.0,"ENBRIDGE ENERGY, LIMITED PARTNERSHIP",Crude Oil,INTERSTATE,WISCONSIN,0.0,0.0,0.0,0.0,0.0,0.0,0.0,345.615,0.006,0.115,0.0,345.736,0.0,0.0,0.0,0.0,0.0,0.0,0.0,0.0,0.0,0.0,0.0,0.0,0.0,0.0,0.0,0.0,0.0,0.0,0.0,345.615,0.006,0.115,0.0,345.736
2/2/2026,2023.0,20240545.0,21362.0,11169.0,"ENBRIDGE ENERGY, LIMITED PARTNERSHIP",HVL,INTERSTATE,MINNESOTA,0.0,0.0,0.0,0.0,0.0,0.042,0.0,108.065,0.0,0.0,0.0,108.107,0.0,0.0,0.0,176.538,0.0,0.0,0.0,0.0,0.0,0.0,0.0,176.538,0.0,0.0,0.0,176.538,0.0,0.042,0.0,108.065,0.0,0.0,0.0,284.645
2/2/2026,2023.0,20240545.0,21362.0,11169.0,"ENBRIDGE ENERGY, LIMITED PARTNERSHIP",HVL,INTERSTATE,NORTH DAKOTA,0.0,0.0,0.0,0.0,0.0,0.0,0.0,27.944,0.0,0.0,0.0,27.944,0.0,0.0,0.0,0.0,0.0,0.0,0.0,0.0,0.0,0.0,0.0,0.0,0.0,0.0,0.0,0.0,0.0,0.0,0.0,27.944,0.0,0.0,0.0,27.944
2/2/2026,2023.0,20240545.0,21362.0,11169.0,"ENBRIDGE ENERGY, LIMITED PARTNERSHIP",HVL,INTERSTATE,WISCONSIN,0.0,0.0,0.0,0.0,0.0,0.002,0.0,0.0,0.0,0.0,0.0,0.002,0.0,0.0,0.0,13.259,0.0,0.0,0.0,0.0,0.0,0.0,0.0,13.259,0.0,0.0,0.0,13.259,0.0,0.002,0.0,0.0,0.0,0.0,0.0,13.261
2/2/2026,2023.0,20240233.0,21040.0,11272.0,LAVACA PIPELINE CO,HVL,INTRASTATE,TEXAS,,,,,,,,35.05,10.93,,,45.98,,,,,,,,,,,,0.0,,,,,,,,35.05,10.93,,,45.98
2/2/2026,2023.0,20240232.0,21039.0,11272.0,LAVACA PIPELINE CO,Refined and/or Petroleum Product (non-HVL),INTRASTATE,TEXAS,,,,,,,,4.28,,,,4.28,,,,,,,,,,,,0.0,,,,,,,,4.28,,,,4.28
2/2/2026,2023.0,20240618.0,21439.0,11551.0,"DELEK LOGISTICS OPERATING, LLC.",Crude Oil,INTERSTATE,ARKANSAS,0.0,0.0,0.0,0.0,0.0,0.0,0.0,0.0,15.37,0.0,0.0,15.37,0.0,15.35,0.0,0.0,0.0,0.0,0.0,0.0,0.0,0.0,0.0,15.35,0.0,15.35,0.0,0.0,0.0,0.0,0.0,0.0,15.37,0.0,0.0,30.72
2/2/2026,2023.0,20240618.0,21439.0,11551.0,"DELEK LOGISTICS OPERATING, LLC.",Crude Oil,INTERSTATE,LOUISIANA,0.0,0.0,0.0,0.0,0.0,0.0,0.0,0.0,48.17,0.0,0.0,48.17,0.0,2.52,0.0,14.43,0.0,,0.0,0.0,0.0,0.0,0.05,17.0,0.0,2.52,0.0,14.43,0.0,0.0,0.0,0.0,48.17,0.0,0.05,65.17
2/2/2026,2023.0,20240618.0,21439.0,11551.0,"DELEK LOGISTICS OPERATING, LLC.",Crude Oil,INTRASTATE,ARKANSAS,0.0,0.0,0.0,0.0,0.0,0.0,0.0,0.12,31.56,11.81,0.0,43.49,0.0,30.08,26.28,5.46,0.0,0.0,0.0,0.0,0.0,0.0,0.0,61.82,0.0,30.08,26.28,5.46,0.0,0.0,0.0,0.12,31.56,11.81,0.0,105.31
2/2/2026,2023.0,20240618.0,21439.0,11551.0,"DELEK LOGISTICS OPERATING, LLC.",Crude Oil,INTRASTATE,TEXAS,0.0,0.0,0.0,0.0,0.0,0.0,0.05,2.08,3.43,4.07,0.28,9.91,0.0,186.46,0.0,0.0,0.0,0.0,0.0,0.0,0.0,0.0,0.0,186.46,0.0,186.46,0.0,0.0,0.0,0.0,0.05,2.08,3.43,4.07,0.28,196.37
2/2/2026,2023.0,20240619.0,21440.0,11551.0,"DELEK LOGISTICS OPERATING, LLC.",Refined and/or Petroleum Product (non-HVL),INTRASTATE,ARKANSAS,0.0,0.0,0.0,0.0,0.0,7.97,0.0,0.24,8.41,0.0,0.0,16.62,0.0,4.43,149.32,0.0,0.0,0.0,0.0,0.0,0.0,0.0,0.0,153.75,0.0,4.43,149.32,0.0,0.0,7.97,0.0,0.24,8.41,0.0,0.0,170.37
2/2/2026,2023.0,20240245.0,21053.0,11733.0,LOOP LLC,Crude Oil,INTERSTATE,LOUISIANA,,,,,,,,,,,,0.0,,,,,,,,,,,,0.0,,,,,,,,,,,,
2/2/2026,2023.0,20240245.0,21053.0,11733.0,LOOP LLC,Crude Oil,INTERSTATE,OCS-Gulf of Mexico,,,,,,,,,,,,0.0,,,,,,,,,,,,0.0,,,,,,,,,,,,
2/2/2026,2023.0,20240246.0,21054.0,11733.0,LOOP LLC,Refined and/or Petroleum Product (non-HVL),INTERSTATE,LOUISIANA,,,,,,,,,,,,0.0,,,,,,,,,,,,0.0,,,,,,,,,,,,
2/2/2026,2023.0,20240246.0,21054.0,11733.0,LOOP LLC,Refined and/or Petroleum Product (non-HVL),INTERSTATE,OCS-Gulf of Mexico,,,,,,,,,,,,0.0,,,,,,,,,,,,0.0,,,,,,,,,,,,
2/2/2026,2023.0,20240249.0,21057.0,12470.0,MID - VALLEY PIPELINE CO,Crude Oil,INTERSTATE,ARKANSAS,0.0,0.0,0.0,0.0,0.0,0.0,0.0,0.0,0.0,0.0,,0.0,0.0,0.0,0.0,0.0,0.0,0.0,0.0,0.0,0.0,0.0,,0.0,0.0,0.0,0.0,0.0,0.0,0.0,0.0,0.0,0.0,0.0,,0.0
2/2/2026,2023.0,20240249.0,21057.0,12470.0,MID - VALLEY PIPELINE CO,Crude Oil,INTERSTATE,KENTUCKY,0.0,0.0,0.0,0.0,0.0,0.0,0.0,0.0,0.0,0.0,0.0,0.0,0.0,0.0,0.0,0.0,0.0,0.0,0.0,0.0,0.0,0.0,0.0,0.0,0.0,0.0,0.0,0.0,0.0,0.0,0.0,0.0,0.0,0.0,0.0,0.0
2/2/2026,2023.0,20240249.0,21057.0,12470.0,MID - VALLEY PIPELINE CO,Crude Oil,INTERSTATE,LOUISIANA,0.0,0.0,0.0,0.0,0.0,0.0,0.0,0.19,0.42,0.0,,0.61,0.0,0.0,0.0,0.0,0.0,0.0,0.0,0.0,0.0,0.0,,0.0,0.0,0.0,0.0,0.0,0.0,0.0,0.0,0.19,0.42,0.0,,0.61
2/2/2026,2023.0,20240249.0,21057.0,12470.0,MID - VALLEY PIPELINE CO,Crude Oil,INTERSTATE,MICHIGAN,0.0,0.0,0.0,0.0,0.0,0.0,0.0,0.0,0.0,,0.0,0.0,0.0,0.0,0.0,0.0,0.0,0.0,0.0,0.0,0.0,0.0,0.0,0.0,0.0,0.0,0.0,0.0,0.0,0.0,0.0,0.0,0.0,0.0,0.0,0.0
2/2/2026,2023.0,20240249.0,21057.0,12470.0,MID - VALLEY PIPELINE CO,Crude Oil,INTERSTATE,MISSISSIPPI,0.0,0.0,0.0,0.0,0.0,0.0,0.0,0.0,0.0,0.0,0.0,0.0,0.0,0.0,0.0,0.0,0.0,0.0,0.0,0.0,0.0,0.0,0.0,0.0,0.0,0.0,0.0,0.0,0.0,0.0,0.0,0.0,0.0,0.0,0.0,0.0
2/2/2026,2023.0,20240249.0,21057.0,12470.0,MID - VALLEY PIPELINE CO,Crude Oil,INTERSTATE,OHIO,0.0,0.0,0.0,0.0,0.0,0.0,0.39,0.14,0.0,,0.0,0.53,0.0,0.0,0.0,0.0,0.47,0.0,0.0,0.0,0.0,0.0,0.0,0.47,0.0,0.0,0.0,0.0,0.47,0.0,0.39,0.14,0.0,0.0,0.0,1.0
2/2/2026,2023.0,20240249.0,21057.0,12470.0,MID - VALLEY PIPELINE CO,Crude Oil,INTERSTATE,TENNESSEE,0.0,0.0,0.0,0.0,0.0,0.0,0.0,0.0,0.0,0.0,0.04,0.04,0.0,0.0,0.0,0.0,0.0,0.0,0.0,0.0,0.0,0.0,0.0,0.0,0.0,0.0,0.0,0.0,0.0,0.0,0.0,0.0,0.0,0.0,0.04,0.04
2/2/2026,2023.0,20240249.0,21057.0,12470.0,MID - VALLEY PIPELINE CO,Crude Oil,INTERSTATE,TEXAS,0.0,0.0,0.0,0.0,0.0,0.0,0.0,0.0,0.0,0.0,0.0,0.0,0.0,0.0,0.0,0.0,0.0,0.0,0.0,0.0,0.0,0.0,0.0,0.0,0.0,0.0,0.0,0.0,0.0,0.0,0.0,0.0,0.0,0.0,0.0,0.0
2/2/2026,2023.0,20240485.0,21302.0,12624.0,EXXONMOBIL OIL CORPORATION,Crude Oil,INTRASTATE,TEXAS,,,,,,,,5.97,,,,5.97,,,,,,,,,,,,0.0,,,,,,,,5.97,,,,5.97
2/2/2026,2023.0,20240489.0,21306.0,12624.0,EXXONMOBIL OIL CORPORATION,HVL,INTRASTATE,TEXAS,,,,,,38.32,0.0,0.64,0.7,0.24,,39.9,0.02,,,35.12,0.57,5.92,,,,,,41.63,0.02,,,35.12,0.57,44.24,0.0,0.64,0.7,0.24,,81.53
2/2/2026,2023.0,20240490.0,21307.0,12624.0,EXXONMOBIL OIL CORPORATION,Refined and/or Petroleum Product (non-HVL),INTRASTATE,TEXAS,,,,,,,0.02,,0.14,7.52,,7.68,,,,,1.39,,,,,,,1.39,,,,,1.39,,0.02,,0.14,7.52,,9.07
2/2/2026,2023.0,20240497.0,21314.0,12628.0,MOBIL  PIPE  LINE COMPANY,Crude Oil,INTERSTATE,ILLINOIS,,,,,,,,,,,,0.0,,,,,,,,,,,,0.0,,,,,,,,,,,,
2/2/2026,2023.0,20240497.0,21314.0,12628.0,MOBIL  PIPE  LINE COMPANY,Crude Oil,INTRASTATE,TEXAS,,,,,,,,,,,,0.0,,,,,,,,,,,,0.0,,,,,,,,,,,,
2/2/2026,2023.0,20240493.0,21310.0,12628.0,MOBIL  PIPE  LINE COMPANY,HVL,INTRASTATE,TEXAS,,,,,,,2.3,0.82,9.88,0.01,,13.01,0.16,,,20.09,,32.76,,,,,,53.01,0.16,,,20.09,,32.76,2.3,0.82,9.88,0.01,,66.02
2/2/2026,2023.0,20240499.0,21316.0,12628.0,MOBIL  PIPE  LINE COMPANY,Refined and/or Petroleum Product (non-HVL),INTRASTATE,ILLINOIS,,,,,,,,,0.29,,,0.29,,,,,,2.65,,,,,,2.65,,,,,,2.65,,,0.29,,,2.94
2/2/2026,2023.0,20240500.0,21317.0,12634.0,EXXONMOBIL OIL CORPORATION,HVL,INTRASTATE,TEXAS,,,,,,,14.85,12.24,0.65,0.05,,27.79,12.08,,,57.1,45.39,1.59,,,,,,116.16,12.08,,,57.1,45.39,1.59,14.85,12.24,0.65,0.05,,143.95
2/2/2026,2023.0,20240149.0,20945.0,12913.0,SUPERIOR REFINING COMPANY LLC,Refined and/or Petroleum Product (non-HVL),INTRASTATE,WISCONSIN,,,,,,,,0.525,,,,0.525,,,,3.241,,,,,,,,3.241,,,,3.241,,,,0.525,,,,3.766
2/2/2026,2023.0,20240719.0,21591.0,14145.0,"ENLINK OHIO RIVER VALLEY PIPELINE, LLC",Crude Oil,INTERSTATE,OHIO,,,,,,0.322,33.871,,0.011,0.027,,34.231,,,,,,,,,,,,0.0,,,,,,0.322,33.871,,0.011,0.027,,34.231
2/2/2026,2023.0,20240406.0,21220.0,14194.0,"OILTANKING, HOUSTON LP",Refined and/or Petroleum Product (non-HVL),INTRASTATE,TEXAS,,,,,,,,,5.28,,,5.28,,,,,,,,,,,,0.0,,,,,,,,,5.28,,,5.28
2/2/2026,2023.0,20240410.0,21225.0,14391.0,"OSAGE PIPE LINE COMPANY, LLC",Crude Oil,INTERSTATE,KANSAS,,,,,,57.07,,0.3,2.9,,,60.27,,,,,,0.04,,,,,,0.04,,,,,,57.11,,0.3,2.9,,,60.31
2/2/2026,2023.0,20240410.0,21225.0,14391.0,"OSAGE PIPE LINE COMPANY, LLC",Crude Oil,INTERSTATE,OKLAHOMA,,,,,,74.6,,0.17,,,,74.77,,,,,,0.58,,,,,,0.58,,,,,,75.18,,0.17,,,,75.35
2/2/2026,2023.0,20240648.0,21565.0,15156.0,SINCLAIR TRANSPORTATION COMPANY,Crude Oil,INTERSTATE,COLORADO,0.0,0.0,0.0,0.0,0.0,0.0,0.0,0.0,2.63,0.13,0.0,2.76,0.0,0.0,0.0,0.0,15.43,0.0,0.0,0.0,0.0,0.0,0.0,15.43,0.0,0.0,0.0,0.0,15.43,0.0,0.0,0.0,2.63,0.13,0.0,18.19
2/2/2026,2023.0,20240648.0,21565.0,15156.0,SINCLAIR TRANSPORTATION COMPANY,Crude Oil,INTERSTATE,WYOMING,0.0,0.0,0.0,0.0,168.41,98.73,0.0,13.61,104.75,31.65,0.0,417.15,0.0,0.0,0.0,0.0,0.0,0.0,0.0,0.0,0.0,0.0,0.0,0.0,0.0,0.0,0.0,0.0,168.41,98.73,0.0,13.61,104.75,31.65,0.0,417.15
2/2/2026,2023.0,20240648.0,21565.0,15156.0,SINCLAIR TRANSPORTATION COMPANY,Crude Oil,INTRASTATE,WYOMING,0.0,0.0,0.0,0.0,0.0,12.74,0.0,0.37,8.07,6.28,0.19,27.65,0.0,0.0,77.54,0.0,0.0,0.0,0.0,0.0,0.0,0.0,0.0,77.54,0.0,0.0,77.54,0.0,0.0,12.74,0.0,0.37,8.07,6.28,0.19,105.19
2/2/2026,2023.0,20240649.0,21470.0,15156.0,SINCLAIR TRANSPORTATION COMPANY,Refined and/or Petroleum Product (non-HVL),INTERSTATE,COLORADO,0.0,0.0,0.0,0.0,0.0,0.0,0.01,15.61,7.92,40.52,0.01,64.07,0.0,0.0,0.0,0.0,58.48,0.0,0.0,0.0,0.0,0.0,0.0,58.48,0.0,0.0,0.0,0.0,58.48,0.0,0.01,15.61,7.92,40.52,0.01,122.55
2/2/2026,2023.0,20240649.0,21470.0,15156.0,SINCLAIR TRANSPORTATION COMPANY,Refined and/or Petroleum Product (non-HVL),INTERSTATE,IOWA,0.0,0.0,0.0,0.0,0.0,0.0,0.0,0.05,1.74,2.48,0.0,4.27,0.0,0.0,0.0,0.0,0.0,0.0,0.0,0.0,0.0,0.0,0.0,0.0,0.0,0.0,0.0,0.0,0.0,0.0,0.0,0.05,1.74,2.48,0.0,4.27
2/2/2026,2023.0,20240649.0,21470.0,15156.0,SINCLAIR TRANSPORTATION COMPANY,Refined and/or Petroleum Product (non-HVL),INTERSTATE,KANSAS,0.0,0.0,0.0,0.0,5.28,0.0,0.0,0.99,0.86,0.0,0.0,7.13,0.0,0.0,0.0,0.0,0.78,0.0,0.0,0.0,0.0,0.0,0.0,0.78,0.0,0.0,0.0,0.0,6.06,0.0,0.0,0.99,0.86,0.0,0.0,7.91
2/2/2026,2023.0,20240649.0,21470.0,15156.0,SINCLAIR TRANSPORTATION COMPANY,Refined and/or Petroleum Product (non-HVL),INTERSTATE,MISSOURI,,,,,,,,,27.04,24.76,1.58,53.38,0.0,0.0,0.0,0.0,0.91,0.0,0.0,1.91,,,,2.82,0.0,0.0,0.0,0.0,0.91,0.0,0.0,1.91,27.04,24.76,1.58,56.2
2/2/2026,2023.0,20240649.0,21470.0,15156.0,SINCLAIR TRANSPORTATION COMPANY,Refined and/or Petroleum Product (non-HVL),INTERSTATE,WYOMING,0.0,0.0,0.0,0.0,0.0,0.0,0.03,4.6,1.45,0.22,0.0,6.3,0.0,0.0,0.0,0.0,109.75,0.0,0.0,0.0,0.0,0.0,0.0,109.75,0.0,0.0,0.0,0.0,109.75,0.0,0.03,4.6,1.45,0.22,0.0,116.05
2/2/2026,2023.0,20240649.0,21470.0,15156.0,SINCLAIR TRANSPORTATION COMPANY,Refined and/or Petroleum Product (non-HVL),INTRASTATE,WYOMING,0.0,0.0,0.0,0.0,0.0,55.57,0.0,21.32,29.22,2.3,0.01,108.42,0.0,0.0,0.0,0.0,5.08,0.0,0.0,0.0,0.0,0.0,0.0,5.08,0.0,0.0,0.0,0.0,5.08,55.57,0.0,21.32,29.22,2.3,0.01,113.5
2/2/2026,2023.0,20240528.0,21345.0,15485.0,PHILLIPS 66 COMPANY - SWEENY REFINERY,Crude Oil,INTRASTATE,TEXAS,0.0,0.0,0.0,0.0,0.0,1.41,0.0,0.0,0.0,0.0,,1.41,0.0,0.0,0.0,0.0,0.0,0.0,0.0,0.0,0.0,0.0,,0.0,0.0,0.0,0.0,0.0,0.0,1.41,0.0,0.0,0.0,0.0,,1.41
2/2/2026,2023.0,20240529.0,21346.0,15485.0,PHILLIPS 66 COMPANY - SWEENY REFINERY,Refined and/or Petroleum Product (non-HVL),INTRASTATE,TEXAS,0.0,0.0,0.0,0.0,0.0,4.16,3.51,0.0,0.0,,,7.67,0.0,0.0,30.81,0.0,3.1,0.0,0.0,0.0,0.0,0.0,,33.91,0.0,0.0,30.81,0.0,3.1,4.16,3.51,0.0,0.0,0.0,,41.58
2/2/2026,2023.0,20240079.0,20836.0,15602.0,PIONEER NATURAL RESOURCES,Crude Oil,INTRASTATE,TEXAS,,,,,,,,,,,,0.0,,,,,,,,,,,,0.0,,,,,,,,,,,,
2/2/2026,2023.0,20240006.0,20747.0,15645.0,PLACID PIPELINE COMPANY LLC,Refined and/or Petroleum Product (non-HVL),INTRASTATE,LOUISIANA,,,,,0.0,,,,,,0.0,0.0,,,,,0.037,,,,,,0.0,0.037,,,,,0.037,,,,,,0.0,0.037
2/2/2026,2023.0,20240289.0,21100.0,15674.0,PRODUCTS (SE) PIPE LINE CORPORATION,Refined and/or Petroleum Product (non-HVL),INTERSTATE,ALABAMA,0.0,0.0,0.0,0.0,0.0,8.309,0.0,11.253,5.111,1.559,0.364,26.596,0.0,0.0,0.0,0.0,0.0,0.0,0.0,0.0,0.0,0.0,0.0,0.0,0.0,0.0,0.0,0.0,0.0,8.309,0.0,11.253,5.111,1.559,0.364,26.596
2/2/2026,2023.0,20240289.0,21100.0,15674.0,PRODUCTS (SE) PIPE LINE CORPORATION,Refined and/or Petroleum Product (non-HVL),INTERSTATE,GEORGIA,0.0,0.0,0.0,0.0,119.914,91.566,34.381,6.27,3.628,1.217,0.192,257.168,0.0,0.0,0.0,0.0,0.039,0.404,0.0,0.0,0.0,0.0,0.0,0.443,0.0,0.0,0.0,0.0,119.953,91.97,34.381,6.27,3.628,1.217,0.192,257.611
2/2/2026,2023.0,20240289.0,21100.0,15674.0,PRODUCTS (SE) PIPE LINE CORPORATION,Refined and/or Petroleum Product (non-HVL),INTERSTATE,LOUISIANA,0.0,0.0,0.0,0.0,0.0,0.0,0.061,1.934,0.31,0.004,0.214,2.523,0.0,0.0,49.985,0.0,0.014,0.0,0.0,0.0,0.0,0.0,0.0,49.999,0.0,0.0,49.985,0.0,0.014,0.0,0.061,1.934,0.31,0.004,0.214,52.522
2/2/2026,2023.0,20240289.0,21100.0,15674.0,PRODUCTS (SE) PIPE LINE CORPORATION,Refined and/or Petroleum Product (non-HVL),INTERSTATE,MISSISSIPPI,0.0,0.0,0.0,0.0,111.804,139.559,0.127,0.767,1.067,0.313,0.009,253.646,0.0,0.0,0.595,0.0,0.0,0.0,0.0,0.0,0.0,0.0,0.0,0.595,0.0,0.0,0.595,0.0,111.804,139.559,0.127,0.767,1.067,0.313,0.009,254.241
2/2/2026,2023.0,20240289.0,21100.0,15674.0,PRODUCTS (SE) PIPE LINE CORPORATION,Refined and/or Petroleum Product (non-HVL),INTERSTATE,NORTH CAROLINA,0.0,0.0,0.0,0.0,0.705,0.0,4.104,0.724,4.302,1.577,0.0,11.412,0.0,0.0,0.0,0.388,53.57,0.0,0.0,0.0,0.0,0.0,0.0,53.958,0.0,0.0,0.0,0.388,54.275,0.0,4.104,0.724,4.302,1.577,0.0,65.37
2/2/2026,2023.0,20240289.0,21100.0,15674.0,PRODUCTS (SE) PIPE LINE CORPORATION,Refined and/or Petroleum Product (non-HVL),INTERSTATE,SOUTH CAROLINA,0.0,0.0,0.0,0.0,0.0,0.0,0.0,0.055,0.041,0.0,0.0,0.096,0.0,0.0,0.0,0.027,0.0,0.0,0.0,0.0,0.0,0.0,0.0,0.027,0.0,0.0,0.0,0.027,0.0,0.0,0.0,0.055,0.041,0.0,0.0,0.123
2/2/2026,2023.0,20240289.0,21100.0,15674.0,PRODUCTS (SE) PIPE LINE CORPORATION,Refined and/or Petroleum Product (non-HVL),INTERSTATE,TENNESSEE,0.0,0.0,0.0,0.0,0.0,0.07,0.513,1.861,0.498,0.408,0.0,3.35,0.0,0.0,8.31,0.0,0.0,0.0,0.0,0.0,0.0,0.0,0.0,8.31,0.0,0.0,8.31,0.0,0.0,0.07,0.513,1.861,0.498,0.408,0.0,11.66
2/2/2026,2023.0,20240289.0,21100.0,15674.0,PRODUCTS (SE) PIPE LINE CORPORATION,Refined and/or Petroleum Product (non-HVL),INTERSTATE,VIRGINIA,0.0,0.0,0.0,0.0,24.846,3.155,14.321,9.031,2.385,5.822,0.013,59.573,0.0,0.0,0.0,0.0,208.791,0.063,0.0,0.0,0.0,0.0,0.0,208.854,0.0,0.0,0.0,0.0,233.637,3.218,14.321,9.031,2.385,5.822,0.013,268.427
2/2/2026,2023.0,20240547.0,21364.0,15774.0,NORTH DAKOTA PIPELINE COMPANY LLC,Crude Oil,INTERSTATE,MINNESOTA,0.0,0.0,0.0,0.0,0.0,0.0,0.0,0.0,0.0,0.0,0.0,0.0,0.0,0.0,0.0,0.0,75.203,0.0,0.0,0.0,0.0,0.0,0.0,75.203,0.0,0.0,0.0,0.0,75.203,0.0,0.0,0.0,0.0,0.0,0.0,75.203
2/2/2026,2023.0,20240547.0,21364.0,15774.0,NORTH DAKOTA PIPELINE COMPANY LLC,Crude Oil,INTERSTATE,MONTANA,0.0,0.0,0.0,0.0,0.0,0.0,0.0,0.0,0.0,0.0,0.0,0.0,0.0,0.0,0.0,0.0,63.98,0.0,0.0,0.0,0.0,0.0,0.0,63.98,0.0,0.0,0.0,0.0,63.98,0.0,0.0,0.0,0.0,0.0,0.0,63.98
2/2/2026,2023.0,20240547.0,21364.0,15774.0,NORTH DAKOTA PIPELINE COMPANY LLC,Crude Oil,INTERSTATE,NORTH DAKOTA,0.0,0.0,0.0,0.0,0.0,0.0,65.173,0.0,51.309,68.99,0.831,186.303,0.0,0.0,0.0,0.0,430.729,0.0,0.0,0.0,0.0,0.0,0.0,430.729,0.0,0.0,0.0,0.0,430.729,0.0,65.173,0.0,51.309,68.99,0.831,617.032
2/2/2026,2023.0,20240672.0,21493.0,15786.0,PORTLAND PIPE LINE CORPORATION,Crude Oil,INTERSTATE,MAINE,0.0,0.0,0.0,0.0,0.0,0.0,0.0,1.0,0.0,0.0,0.0,1.0,0.0,0.0,0.0,71.0,0.0,0.0,0.0,0.0,0.0,0.0,0.0,71.0,0.0,0.0,0.0,71.0,0.0,0.0,0.0,1.0,0.0,0.0,0.0,72.0
2/2/2026,2023.0,20240672.0,21493.0,15786.0,PORTLAND PIPE LINE CORPORATION,Crude Oil,INTERSTATE,NEW HAMPSHIRE,0.0,0.0,0.0,0.0,0.0,0.0,0.0,0.0,0.0,0.0,0.0,0.0,0.0,0.0,0.0,35.5,0.0,0.0,0.0,0.0,0.0,0.0,0.0,35.5,0.0,0.0,0.0,35.5,0.0,0.0,0.0,0.0,0.0,0.0,0.0,35.5
2/2/2026,2023.0,20240672.0,21493.0,15786.0,PORTLAND PIPE LINE CORPORATION,Crude Oil,INTERSTATE,VERMONT,0.0,0.0,0.0,0.0,0.0,0.0,0.0,0.0,0.0,0.0,0.0,0.0,0.0,0.0,0.0,58.5,0.0,0.0,0.0,0.0,0.0,0.0,0.0,58.5,0.0,0.0,0.0,58.5,0.0,0.0,0.0,0.0,0.0,0.0,0.0,58.5
2/2/2026,2023.0,20240238.0,21045.0,15825.0,WESTLAKE US 2 LLC,HVL,INTERSTATE,LOUISIANA,,,,,,35.0,,,,,,35.0,,,,,,,,,,,,0.0,,,,,,35.0,,,,,,35.0
2/2/2026,2023.0,20240238.0,21045.0,15825.0,WESTLAKE US 2 LLC,HVL,INTERSTATE,TEXAS,,,,,,2.61,,,,,,2.61,,,,,,,,,,,,0.0,,,,,,2.61,,,,,,2.61
2/2/2026,2023.0,20240620.0,21441.0,15851.0,"DELEK MARKETING AND SUPPLY, LP",Crude Oil,INTRASTATE,TEXAS,0.0,0.0,0.0,0.0,0.0,0.0,0.0,0.0,0.0,81.97,8.72,90.69,0.0,0.0,0.0,0.0,3.76,0.0,0.0,,0.0,,0.0,3.76,0.0,0.0,0.0,0.0,3.76,0.0,0.0,0.0,0.0,81.97,8.72,94.45
2/2/2026,2023.0,20240621.0,21442.0,15851.0,"DELEK MARKETING AND SUPPLY, LP",Refined and/or Petroleum Product (non-HVL),INTRASTATE,TEXAS,0.0,0.0,0.0,0.0,0.0,57.32,0.0,87.38,0.0,0.1,0.0,144.8,0.0,0.0,0.0,0.0,0.0,3.68,0.0,0.0,0.0,0.0,0.0,3.68,0.0,0.0,0.0,0.0,0.0,61.0,0.0,87.38,0.0,0.1,0.0,148.48
2/2/2026,2023.0,20240346.0,21157.0,15915.0,"PIPELINES OF PUERTO RICO INCD, THE",Refined and/or Petroleum Product (non-HVL),INTRASTATE,PUERTO RICO,,,,,,,,,1.0,,0.004,1.004,,,,,8.496,,,,0.0,,,8.496,,,,,8.496,,,,1.0,,0.004,9.5
2/2/2026,2023.0,20240712.0,22492.0,15979.0,"ERGON TERMINALING, INC.",Crude Oil,INTERSTATE,OHIO,,,,,,,,,,,,0.0,,,,,,,,,,,,0.0,,,,,,,,,,,,
2/2/2026,2023.0,20240712.0,22492.0,15979.0,"ERGON TERMINALING, INC.",Crude Oil,INTERSTATE,WEST VIRGINIA,0.0,0.0,0.0,0.0,0.0,0.0,0.0,0.0,0.0,0.0,0.0,0.0,0.0,0.0,0.0,0.0,0.0,0.0,0.0,0.0,0.0,0.0,0.0,0.0,0.0,0.0,0.0,0.0,0.0,0.0,0.0,0.0,0.0,0.0,0.0,0.0
2/2/2026,2023.0,20240327.0,21138.0,18092.0,"SFPP, LP",Refined and/or Petroleum Product (non-HVL),INTERSTATE,ARIZONA,0.0,0.0,0.0,0.0,0.0,0.0,161.331,41.022,205.8,0.877,0.0,409.03,0.0,0.0,0.0,22.707,126.821,0.136,0.194,0.291,0.0,0.0,0.0,150.149,0.0,0.0,0.0,22.707,126.821,0.136,161.525,41.313,205.8,0.877,0.0,559.179
2/2/2026,2023.0,20240327.0,21138.0,18092.0,"SFPP, LP",Refined and/or Petroleum Product (non-HVL),INTERSTATE,CALIFORNIA,0.0,0.0,0.0,0.0,11.589,48.889,247.81,20.561,83.197,8.169,0.36,420.575,0.0,0.0,0.0,78.635,15.6,2.098,0.0,0.0,0.0,0.0,0.0,96.333,0.0,0.0,0.0,78.635,27.189,50.987,247.81,20.561,83.197,8.169,0.36,516.908
2/2/2026,2023.0,20240327.0,21138.0,18092.0,"SFPP, LP",Refined and/or Petroleum Product (non-HVL),INTERSTATE,NEVADA,0.0,0.0,0.0,0.0,0.0,0.0,8.46,8.934,3.798,0.121,0.0,21.313,0.0,0.0,0.0,52.255,0.149,0.0,0.0,0.0,0.0,0.0,0.0,52.404,0.0,0.0,0.0,52.255,0.149,0.0,8.46,8.934,3.798,0.121,0.0,73.717
2/2/2026,2023.0,20240327.0,21138.0,18092.0,"SFPP, LP",Refined and/or Petroleum Product (non-HVL),INTERSTATE,NEW MEXICO,0.0,0.0,0.0,0.0,85.202,0.0,0.0,0.0,163.206,0.014,0.01,248.432,0.0,0.0,0.0,0.0,77.287,0.0,0.0,0.0,0.0,0.0,0.0,77.287,0.0,0.0,0.0,0.0,162.489,0.0,0.0,0.0,163.206,0.014,0.01,325.719
2/2/2026,2023.0,20240327.0,21138.0,18092.0,"SFPP, LP",Refined and/or Petroleum Product (non-HVL),INTERSTATE,OREGON,0.0,0.0,0.0,0.0,0.0,1.027,0.618,2.424,2.273,0.034,0.697,7.073,0.0,0.0,0.0,0.0,117.57,2.275,0.0,0.0,0.0,0.0,0.0,119.845,0.0,0.0,0.0,0.0,117.57,3.302,0.618,2.424,2.273,0.034,0.697,126.918
2/2/2026,2023.0,20240327.0,21138.0,18092.0,"SFPP, LP",Refined and/or Petroleum Product (non-HVL),INTERSTATE,TEXAS,0.0,0.0,0.0,0.0,6.368,0.304,0.0,1.75,31.986,0.031,0.0,40.439,0.0,0.0,0.0,0.0,10.594,0.0,0.0,0.0,0.0,0.0,0.0,10.594,0.0,0.0,0.0,0.0,16.962,0.304,0.0,1.75,31.986,0.031,0.0,51.033
2/2/2026,2023.0,20240327.0,21138.0,18092.0,"SFPP, LP",Refined and/or Petroleum Product (non-HVL),INTRASTATE,CALIFORNIA,0.0,0.0,0.0,5.45,87.331,27.794,266.79,62.451,36.692,6.428,2.106,495.042,0.0,0.0,0.0,123.949,283.62,1.691,0.0,0.005,0.0,0.0,0.0,409.265,0.0,0.0,0.0,129.399,370.951,29.485,266.79,62.456,36.692,6.428,2.106,904.307
2/2/2026,2023.0,20240327.0,21138.0,18092.0,"SFPP, LP",Refined and/or Petroleum Product (non-HVL),INTRASTATE,OREGON,0.0,0.0,0.0,0.0,0.0,0.417,0.0,0.0,0.0,0.0,0.0,0.417,0.0,0.0,0.0,0.0,3.862,0.0,0.0,0.0,0.0,0.0,0.0,3.862,0.0,0.0,0.0,0.0,3.862,0.417,0.0,0.0,0.0,0.0,0.0,4.279
2/2/2026,2023.0,20240327.0,21138.0,18092.0,"SFPP, LP",Refined and/or Petroleum Product (non-HVL),INTRASTATE,TEXAS,0.0,0.0,0.0,0.0,0.0,0.0,0.0,0.0,0.002,0.0,0.0,0.002,0.0,0.0,0.0,0.0,5.637,0.0,0.0,0.0,0.0,0.0,0.0,5.637,0.0,0.0,0.0,0.0,5.637,0.0,0.0,0.0,0.002,0.0,0.0,5.639
2/2/2026,2023.0,20240120.0,20896.0,18386.0,BP OIL PIPELINE CO,Refined and/or Petroleum Product (non-HVL),INTERSTATE,KENTUCKY,0.0,0.0,0.0,0.0,0.0,0.0,0.0,0.5,0.0,0.0,0.0,0.5,0.0,0.0,0.0,0.0,0.0,0.0,0.0,0.0,0.0,0.0,0.0,0.0,0.0,0.0,0.0,0.0,0.0,0.0,0.0,0.5,0.0,0.0,0.0,0.5
2/2/2026,2023.0,20240120.0,20896.0,18386.0,BP OIL PIPELINE CO,Refined and/or Petroleum Product (non-HVL),INTERSTATE,OHIO,0.0,0.0,0.0,0.0,0.0,0.4,0.5,1.6,0.1,0.0,0.0,2.6,0.0,17.8,0.0,0.0,0.0,,0.0,0.0,,0.0,0.0,17.8,0.0,17.8,0.0,0.0,0.0,0.4,0.5,1.6,0.1,0.0,0.0,20.4
2/2/2026,2023.0,20240120.0,20896.0,18386.0,BP OIL PIPELINE CO,Refined and/or Petroleum Product (non-HVL),INTRASTATE,OHIO,0.0,0.0,0.0,0.0,0.0,0.7,3.5,0.0,1.0,0.0,0.0,5.2,0.0,0.0,0.0,0.0,0.0,0.0,0.0,0.0,0.0,0.0,0.0,0.0,0.0,0.0,0.0,0.0,0.0,0.7,3.5,0.0,1.0,0.0,0.0,5.2
2/2/2026,2023.0,20240687.0,22092.0,18667.0,FREEPORT-MCMORAN OIL & GAS,Crude Oil,INTERSTATE,CALIFORNIA,,,,,,,15.4,,,,,15.4,,,,,,,,,,,,0.0,,,,,,,15.4,,,,,15.4
2/2/2026,2023.0,20240687.0,22092.0,18667.0,FREEPORT-MCMORAN OIL & GAS,Crude Oil,INTERSTATE,OCS-Pacific,0.0,0.0,0.0,0.0,0.0,0.0,4.25,0.0,0.0,0.0,0.0,4.25,0.0,0.0,0.0,0.0,0.0,0.0,0.0,0.0,0.0,0.0,0.0,0.0,0.0,0.0,0.0,0.0,0.0,0.0,4.25,0.0,0.0,0.0,0.0,4.25
2/2/2026,2023.0,20240687.0,22092.0,18667.0,FREEPORT-MCMORAN OIL & GAS,Crude Oil,INTRASTATE,CALIFORNIA,,,,,,,24.26,,,,,24.26,,,,,,,,,,,,0.0,,,,,,,24.26,,,,,24.26
2/2/2026,2023.0,20240539.0,21356.0,18678.0,ST LOUIS PIPELINE OPERATING LLC,Refined and/or Petroleum Product (non-HVL),INTERSTATE,ILLINOIS,0.0,0.0,0.0,0.0,0.0,0.0,4.264,0.5,1.36,0.38,0.0,6.504,0.0,0.0,0.0,0.0,0.0,0.0,0.0,,0.0,0.0,0.0,0.0,0.0,0.0,0.0,0.0,0.0,0.0,4.264,0.5,1.36,0.38,0.0,6.504
2/2/2026,2023.0,20240539.0,21356.0,18678.0,ST LOUIS PIPELINE OPERATING LLC,Refined and/or Petroleum Product (non-HVL),INTERSTATE,MISSOURI,0.0,0.0,0.0,0.0,0.0,0.0,8.347,0.5,3.38,0.0,0.95,13.177,0.0,0.0,0.0,0.0,0.0,0.0,0.0,0.0,0.0,0.0,0.0,0.0,0.0,0.0,0.0,0.0,0.0,0.0,8.347,0.5,3.38,0.0,0.95,13.177
2/2/2026,2023.0,20240250.0,21058.0,18718.0,SUNOCO PIPELINE L.P.,Crude Oil,INTERSTATE,PENNSYLVANIA,0.0,0.0,0.0,0.0,0.0,0.0,0.0,0.0,1.9,0.0,0.0,1.9,0.0,0.0,0.0,0.0,0.28,0.0,0.0,0.0,0.0,0.0,0.0,0.28,0.0,0.0,0.0,0.0,0.28,0.0,0.0,0.0,1.9,0.0,0.0,2.18
2/2/2026,2023.0,20240251.0,21059.0,18718.0,SUNOCO PIPELINE L.P.,HVL,INTERSTATE,DELAWARE,0.0,0.0,0.0,0.0,0.0,0.0,0.0,0.4,0.0,0.04,0.0,0.44,0.0,0.0,0.0,0.0,0.0,0.0,0.0,0.0,0.0,0.0,0.0,0.0,0.0,0.0,0.0,0.0,0.0,0.0,0.0,0.4,0.0,0.04,0.0,0.44
2/2/2026,2023.0,20240251.0,21059.0,18718.0,SUNOCO PIPELINE L.P.,HVL,INTERSTATE,MICHIGAN,0.0,0.0,0.0,0.0,0.0,0.19,0.61,1.41,0.46,5.39,0.13,8.19,0.0,0.59,0.0,2.25,0.0,0.0,0.0,0.0,0.0,0.0,0.0,2.84,0.0,0.59,0.0,2.25,0.0,0.19,0.61,1.41,0.46,5.39,0.13,11.03
2/2/2026,2023.0,20240251.0,21059.0,18718.0,SUNOCO PIPELINE L.P.,HVL,INTERSTATE,NEW JERSEY,0.0,0.0,0.0,0.0,0.0,0.0,0.0,4.6,0.0,0.0,0.0,4.6,0.0,,0.0,,19.12,0.0,0.0,0.0,0.0,0.0,0.0,19.12,0.0,0.0,0.0,0.0,19.12,0.0,0.0,4.6,0.0,0.0,0.0,23.72
2/2/2026,2023.0,20240251.0,21059.0,18718.0,SUNOCO PIPELINE L.P.,HVL,INTERSTATE,OHIO,0.0,0.0,0.0,0.0,0.0,0.07,0.88,0.59,1.29,33.17,0.0,36.0,0.0,0.12,0.0,0.0,54.54,0.0,0.0,0.0,0.0,0.0,0.0,54.66,0.0,0.12,0.0,0.0,54.54,0.07,0.88,0.59,1.29,33.17,0.0,90.66
2/2/2026,2023.0,20240251.0,21059.0,18718.0,SUNOCO PIPELINE L.P.,HVL,INTERSTATE,PENNSYLVANIA,0.0,0.0,0.0,0.0,0.0,0.02,0.0,16.95,2.46,403.24,283.24,705.91,0.0,0.0,0.0,0.0,17.96,0.0,0.0,0.0,0.0,0.0,0.0,17.96,0.0,0.0,0.0,0.0,17.96,0.02,0.0,16.95,2.46,403.24,283.24,723.87
2/2/2026,2023.0,20240251.0,21059.0,18718.0,SUNOCO PIPELINE L.P.,HVL,INTERSTATE,WEST VIRGINIA,0.0,0.0,0.0,0.0,0.0,0.0,0.0,0.0,0.0,10.16,0.0,10.16,0.0,0.0,0.0,0.0,0.0,0.0,0.0,0.0,0.0,0.0,0.0,0.0,0.0,0.0,0.0,0.0,0.0,0.0,0.0,0.0,0.0,10.16,0.0,10.16
2/2/2026,2023.0,20240251.0,21059.0,18718.0,SUNOCO PIPELINE L.P.,HVL,INTRASTATE,TEXAS,0.0,0.0,0.0,0.0,0.0,0.42,1.75,0.07,0.64,6.8,0.07,9.75,0.0,0.0,41.77,0.0,0.25,0.0,0.0,0.0,0.0,0.0,0.0,42.02,0.0,0.0,41.77,0.0,0.25,0.42,1.75,0.07,0.64,6.8,0.07,51.77
2/2/2026,2023.0,20240252.0,22529.0,18718.0,SUNOCO PIPELINE L.P.,Refined and/or Petroleum Product (non-HVL),INTERSTATE,DELAWARE,0.0,0.0,0.0,0.0,0.0,0.0,0.0,0.2,0.0,0.0,0.0,0.2,0.0,0.0,0.0,0.0,1.09,0.0,0.0,0.0,0.0,0.0,0.0,1.09,0.0,0.0,0.0,0.0,1.09,0.0,0.0,0.2,0.0,0.0,0.0,1.29
2/2/2026,2023.0,20240252.0,22529.0,18718.0,SUNOCO PIPELINE L.P.,Refined and/or Petroleum Product (non-HVL),INTERSTATE,MICHIGAN,0.0,0.0,0.0,0.0,0.0,0.3,2.82,0.92,0.82,0.63,0.0,5.49,0.0,0.0,0.06,0.0,0.0,0.0,0.0,0.0,0.0,0.0,0.0,0.06,0.0,0.0,0.06,0.0,0.0,0.3,2.82,0.92,0.82,0.63,0.0,5.55
2/2/2026,2023.0,20240252.0,22529.0,18718.0,SUNOCO PIPELINE L.P.,Refined and/or Petroleum Product (non-HVL),INTERSTATE,NEW JERSEY,0.0,0.0,0.0,0.0,0.0,0.45,17.85,5.02,0.44,0.38,0.0,24.14,0.0,0.0,0.0,4.68,10.15,0.0,0.0,0.0,0.0,0.0,0.0,14.83,0.0,0.0,0.0,4.68,10.15,0.45,17.85,5.02,0.44,0.38,0.0,38.97
2/2/2026,2023.0,20240252.0,22529.0,18718.0,SUNOCO PIPELINE L.P.,Refined and/or Petroleum Product (non-HVL),INTERSTATE,NEW YORK,1.42,0.0,0.0,0.0,0.0,2.04,0.16,0.59,0.71,0.01,0.0,4.93,0.0,0.23,0.0,0.0,0.09,0.0,0.0,0.0,0.0,0.0,0.0,0.32,1.42,0.23,0.0,0.0,0.09,2.04,0.16,0.59,0.71,0.01,0.0,5.25
2/2/2026,2023.0,20240252.0,22529.0,18718.0,SUNOCO PIPELINE L.P.,Refined and/or Petroleum Product (non-HVL),INTERSTATE,OHIO,0.35,0.0,0.0,0.0,0.0,29.55,0.0,0.21,0.46,141.19,0.02,171.78,0.0,0.0,0.0,0.0,2.16,0.0,0.0,0.0,0.0,0.0,0.0,2.16,0.35,0.0,0.0,0.0,2.16,29.55,0.0,0.21,0.46,141.19,0.02,173.94
2/2/2026,2023.0,20240252.0,22529.0,18718.0,SUNOCO PIPELINE L.P.,Refined and/or Petroleum Product (non-HVL),INTERSTATE,PENNSYLVANIA,0.0,0.0,0.0,0.0,0.0,2.69,6.56,29.05,12.74,42.72,3.44,97.2,0.0,1.53,0.0,0.5,111.9,0.0,0.0,0.0,0.0,0.0,0.0,113.93,0.0,1.53,0.0,0.5,111.9,2.69,6.56,29.05,12.74,42.72,3.44,211.13
2/2/2026,2023.0,20240252.0,22529.0,18718.0,SUNOCO PIPELINE L.P.,Refined and/or Petroleum Product (non-HVL),INTRASTATE,MASSACHUSETTS,0.0,0.0,0.0,0.0,0.0,0.0,0.0,0.0,0.0,0.31,0.0,0.31,0.0,0.0,0.0,0.0,0.0,0.0,0.0,0.0,0.0,0.0,0.0,0.0,0.0,0.0,0.0,0.0,0.0,0.0,0.0,0.0,0.0,0.31,0.0,0.31
2/2/2026,2023.0,20240252.0,22529.0,18718.0,SUNOCO PIPELINE L.P.,Refined and/or Petroleum Product (non-HVL),INTRASTATE,TEXAS,0.0,0.0,0.0,0.0,0.0,177.13,35.42,2.97,1.34,15.98,1.4,234.24,0.0,20.69,259.95,18.5,0.82,0.0,0.0,0.0,0.0,0.0,0.0,299.96,0.0,20.69,259.95,18.5,0.82,177.13,35.42,2.97,1.34,15.98,1.4,534.2
2/2/2026,2023.0,20240407.0,21221.0,19319.0,"TPC GROUP, LLC",HVL,INTRASTATE,LOUISIANA,,,,,,,,,,,,0.0,,,,1.871,,,,,,,,1.871,,,,1.871,,,,,,,,1.871
2/2/2026,2023.0,20240407.0,21221.0,19319.0,"TPC GROUP, LLC",HVL,INTRASTATE,TEXAS,,,,,,33.677,0.46,9.121,4.172,0.781,0.687,48.898,,9.933,0.824,,42.501,,,,,,,53.258,,9.933,0.824,,42.501,33.677,0.46,9.121,4.172,0.781,0.687,102.156
2/2/2026,2023.0,20240409.0,21223.0,19319.0,"TPC GROUP, LLC",Refined and/or Petroleum Product (non-HVL),INTRASTATE,LOUISIANA,,,,,,,,,,,,0.0,,,,0.684,,,,,,,,0.684,,,,0.684,,,,,,,,0.684
2/2/2026,2023.0,20240409.0,21223.0,19319.0,"TPC GROUP, LLC",Refined and/or Petroleum Product (non-HVL),INTRASTATE,TEXAS,,,,,,,,3.314,,,,3.314,,,12.541,,3.561,,,,,,,16.102,,,12.541,,3.561,,,3.314,,,,19.416
2/2/2026,2023.0,20240438.0,21254.0,19410.0,THUMS LONG BEACH CO,Crude Oil,INTRASTATE,CALIFORNIA,,,,,3.09,,,,,,,3.09,,,,,,,,,,,,0.0,,,,,3.09,,,,,,,3.09
2/2/2026,2023.0,20240377.0,21191.0,19481.0,T & M TERMINAL CO,Refined and/or Petroleum Product (non-HVL),INTERSTATE,MISSISSIPPI,,,,,,1.46,,,,,,1.46,,,,,,,,,,,,0.0,,,,,,1.46,,,,,,1.46
2/2/2026,2023.0,20240421.0,21236.0,19585.0,TRANS MOUNTAIN PIPELINE (PUGET SOUND) LLC,Crude Oil,INTERSTATE,WASHINGTON,0.0,0.0,0.0,0.0,0.0,0.0,0.0,0.0,0.0,0.0,0.0,0.0,0.0,0.0,0.0,0.0,0.0,0.0,0.0,0.0,0.0,0.0,0.0,0.0,0.0,0.0,0.0,0.0,0.0,0.0,0.0,0.0,0.0,0.0,0.0,0.0
2/2/2026,2023.0,20240027.0,20778.0,19892.0,UCAR PIPELINE LLC,HVL,INTRASTATE,LOUISIANA,0.0,0.0,0.0,0.0,0.0,0.0,1.17,0.0,0.0,0.0,0.0,1.17,0.0,0.0,0.0,0.0,39.54,0.0,0.0,0.0,25.25,0.0,0.0,64.79,0.0,0.0,0.0,0.0,39.54,0.0,1.17,0.0,25.25,0.0,0.0,65.96
2/2/2026,2023.0,20240256.0,21064.0,20046.0,UNION CARBIDE CHEMICALS & PLASTICS CO INC,HVL,INTRASTATE,WEST VIRGINIA,0.0,0.0,0.0,0.0,0.0,0.0,0.0,0.0,0.0,0.0,0.0,0.0,0.0,0.0,0.0,0.0,0.0,0.0,0.0,0.0,0.0,0.0,0.0,0.0,0.0,0.0,0.0,0.0,0.0,0.0,0.0,0.0,0.0,0.0,0.0,0.0
2/2/2026,2023.0,20240431.0,21247.0,20202.0,ULTRAMAR INC.,Crude Oil,INTRASTATE,CALIFORNIA,,,,,,,,,,,,0.0,,,,,,,,,,,,0.0,,,,,,,,,,,,
2/2/2026,2023.0,20240432.0,21248.0,20202.0,ULTRAMAR INC.,HVL,INTRASTATE,CALIFORNIA,,,,,,,,,,,,0.0,,,,,,,,,,,,0.0,,,,,,,,,,,,
2/2/2026,2023.0,20240433.0,21249.0,20202.0,ULTRAMAR INC.,Refined and/or Petroleum Product (non-HVL),INTRASTATE,CALIFORNIA,,,,,,,2.184,,,,,2.184,,,,,,1.041,,,,,,1.041,,,,,,1.041,2.184,,,,,3.225
2/2/2026,2023.0,20240330.0,21141.0,21359.0,SASOL CHEMICALS USA LLC,Refined and/or Petroleum Product (non-HVL),INTRASTATE,LOUISIANA,,,,,,,,,,,,0.0,,,,,,,,,,,,0.0,,,,,,,,,,,,
2/2/2026,2023.0,20240636.0,21457.0,22430.0,WEST SHORE PIPELINE CO,Crude Oil,INTERSTATE,ILLINOIS,,,,,,,,,,0.005,,0.005,,,,3.483,0.01,,,,,,,3.493,,,,3.483,0.01,,,,,0.005,,3.498
2/2/2026,2023.0,20240635.0,21456.0,22430.0,WEST SHORE PIPELINE CO,Refined and/or Petroleum Product (non-HVL),INTERSTATE,ILLINOIS,,,,,,66.344,2.418,2.74,0.223,1.499,0.383,73.607,,,,16.848,110.672,0.964,,,,,,128.484,,,,16.848,110.672,67.308,2.418,2.74,0.223,1.499,0.383,202.091
2/2/2026,2023.0,20240635.0,21456.0,22430.0,WEST SHORE PIPELINE CO,Refined and/or Petroleum Product (non-HVL),INTERSTATE,INDIANA,,,,,,0.437,,0.171,0.001,,,0.609,,,,,1.633,,,,,,,1.633,,,,,1.633,0.437,,0.171,0.001,,,2.242
2/2/2026,2023.0,20240635.0,21456.0,22430.0,WEST SHORE PIPELINE CO,Refined and/or Petroleum Product (non-HVL),INTERSTATE,WISCONSIN,,,,,0.054,0.854,0.897,0.323,,0.857,,2.985,,,,0.056,127.571,0.005,,,,,,127.632,,,,0.056,127.625,0.859,0.897,0.323,,0.857,,130.617
2/2/2026,2023.0,20240253.0,21632.0,22442.0,WEST TEXAS GULF PIPELINE CO,Crude Oil,INTERSTATE,TEXAS,0.0,0.0,0.0,0.0,0.0,0.0,0.0,0.41,0.03,0.61,0.05,1.1,0.0,0.0,0.0,0.64,0.0,0.56,0.0,0.0,0.0,0.0,0.0,1.2,0.0,0.0,0.0,0.64,0.0,0.56,0.0,0.41,0.03,0.61,0.05,2.3
2/2/2026,2023.0,20240203.0,21004.0,22465.0,TARGA PIPELINE MID-CONTINENT WESTTEX LLC,Refined and/or Petroleum Product (non-HVL),INTRASTATE,TEXAS,,,,,,,,,,,7.16,7.16,,,,,,,,,,,,0.0,,,,,,,,,,,7.16,7.16
2/2/2026,2023.0,20240582.0,21399.0,22610.0,"MAGELLAN PIPELINE COMPANY, LP",Crude Oil,INTERSTATE,COLORADO,,,,,,,,,,210.87,0.01,210.88,,,,,,,,,,,,0.0,,,,,,,,,,210.87,0.01,210.88
2/2/2026,2023.0,20240582.0,21399.0,22610.0,"MAGELLAN PIPELINE COMPANY, LP",Crude Oil,INTERSTATE,KANSAS,,,,,,,,19.91,,285.04,0.04,304.99,,,,,56.36,1.68,,,,,,58.04,,,,,56.36,1.68,,19.91,,285.04,0.04,363.03
2/2/2026,2023.0,20240582.0,21399.0,22610.0,"MAGELLAN PIPELINE COMPANY, LP",Crude Oil,INTERSTATE,OKLAHOMA,,,,,,44.42,0.54,0.22,0.28,100.03,0.1,145.59,,,,,74.04,11.74,,,,,,85.78,,,,,74.04,56.16,0.54,0.22,0.28,100.03,0.1,231.37
2/2/2026,2023.0,20240582.0,21399.0,22610.0,"MAGELLAN PIPELINE COMPANY, LP",Crude Oil,INTERSTATE,TEXAS,,,,,,,,,,408.37,,408.37,,,,,,,,,,,,0.0,,,,,,,,,,408.37,,408.37
2/2/2026,2023.0,20240582.0,21399.0,22610.0,"MAGELLAN PIPELINE COMPANY, LP",Crude Oil,INTERSTATE,WYOMING,,,,,,,,,,9.92,,9.92,,,,,,,,,,,,0.0,,,,,,,,,,9.92,,9.92
2/2/2026,2023.0,20240582.0,21399.0,22610.0,"MAGELLAN PIPELINE COMPANY, LP",Crude Oil,INTRASTATE,OKLAHOMA,,,,,,,,0.55,0.29,0.65,,1.49,,,21.61,,,,,,,,,21.61,,,21.61,,,,,0.55,0.29,0.65,,23.1
2/2/2026,2023.0,20240583.0,21400.0,22610.0,"MAGELLAN PIPELINE COMPANY, LP",HVL,INTERSTATE,ILLINOIS,,,,,,,0.05,0.12,0.1,0.11,,0.38,,,,49.12,0.01,0.25,,,,,,49.38,,,,49.12,0.01,0.25,0.05,0.12,0.1,0.11,,49.76
2/2/2026,2023.0,20240583.0,21400.0,22610.0,"MAGELLAN PIPELINE COMPANY, LP",HVL,INTERSTATE,IOWA,,,,,109.9,0.4,0.39,1.39,0.68,0.94,,113.7,,0.03,,38.63,13.24,,,,,,,51.9,,0.03,,38.63,123.14,0.4,0.39,1.39,0.68,0.94,,165.6
2/2/2026,2023.0,20240583.0,21400.0,22610.0,"MAGELLAN PIPELINE COMPANY, LP",HVL,INTERSTATE,KANSAS,,,,,,,,,0.37,0.77,,1.14,,,,,0.37,0.71,,,,,,1.08,,,,,0.37,0.71,,,0.37,0.77,,2.22
2/2/2026,2023.0,20240583.0,21400.0,22610.0,"MAGELLAN PIPELINE COMPANY, LP",HVL,INTERSTATE,MINNESOTA,,,,,,,,,,0.04,,0.04,,,,,,,,,,,,0.0,,,,,,,,,,0.04,,0.04
2/2/2026,2023.0,20240583.0,21400.0,22610.0,"MAGELLAN PIPELINE COMPANY, LP",HVL,INTERSTATE,MISSOURI,,,,,,2.71,0.19,2.63,17.06,0.55,,23.14,,,,16.3,0.44,,,,,,,16.74,,,,16.3,0.44,2.71,0.19,2.63,17.06,0.55,,39.88
2/2/2026,2023.0,20240583.0,21400.0,22610.0,"MAGELLAN PIPELINE COMPANY, LP",HVL,INTRASTATE,TEXAS,,,,,,,,,,,3.15,3.15,,,,,,,,,,,,0.0,,,,,,,,,,,3.15,3.15
2/2/2026,2023.0,20240584.0,21401.0,22610.0,"MAGELLAN PIPELINE COMPANY, LP",Refined and/or Petroleum Product (non-HVL),INTERSTATE,ARKANSAS,,,,,,,135.26,34.44,,57.26,,226.96,,,,,,,,,,,,0.0,,,,,,,135.26,34.44,,57.26,,226.96
2/2/2026,2023.0,20240584.0,21401.0,22610.0,"MAGELLAN PIPELINE COMPANY, LP",Refined and/or Petroleum Product (non-HVL),INTERSTATE,COLORADO,,,,,,138.98,0.55,21.14,2.81,9.94,1.85,175.27,,,,,77.35,21.13,,,,,,98.48,,,,,77.35,160.11,0.55,21.14,2.81,9.94,1.85,273.75
2/2/2026,2023.0,20240584.0,21401.0,22610.0,"MAGELLAN PIPELINE COMPANY, LP",Refined and/or Petroleum Product (non-HVL),INTERSTATE,ILLINOIS,,,,,,0.35,0.64,1.18,1.03,0.25,0.02,3.47,,39.78,87.16,127.85,0.13,1.73,,,,,,256.65,,39.78,87.16,127.85,0.13,2.08,0.64,1.18,1.03,0.25,0.02,260.12
2/2/2026,2023.0,20240584.0,21401.0,22610.0,"MAGELLAN PIPELINE COMPANY, LP",Refined and/or Petroleum Product (non-HVL),INTERSTATE,IOWA,,,,,184.8,84.41,1.43,7.43,1.82,1.51,,281.4,,,,289.94,60.3,29.43,,,,,,379.67,,,,289.94,245.1,113.84,1.43,7.43,1.82,1.51,,661.07
2/2/2026,2023.0,20240584.0,21401.0,22610.0,"MAGELLAN PIPELINE COMPANY, LP",Refined and/or Petroleum Product (non-HVL),INTERSTATE,KANSAS,,,,,47.91,547.36,7.85,64.86,44.14,22.18,0.66,734.96,4.7,7.38,91.14,366.46,181.22,16.58,0.15,,,,,667.63,4.7,7.38,91.14,366.46,229.13,563.94,8.0,64.86,44.14,22.18,0.66,1402.59
2/2/2026,2023.0,20240584.0,21401.0,22610.0,"MAGELLAN PIPELINE COMPANY, LP",Refined and/or Petroleum Product (non-HVL),INTERSTATE,MINNESOTA,,,,,83.27,2.65,17.09,6.88,5.27,2.58,0.18,117.92,,,250.82,437.18,16.6,52.07,,,,,,756.67,,,250.82,437.18,99.87,54.72,17.09,6.88,5.27,2.58,0.18,874.59
2/2/2026,2023.0,20240584.0,21401.0,22610.0,"MAGELLAN PIPELINE COMPANY, LP",Refined and/or Petroleum Product (non-HVL),INTERSTATE,MISSOURI,,,,,69.5,61.86,56.04,4.6,2.84,2.11,0.08,197.03,,60.31,66.32,14.77,136.0,0.53,,,,,,277.93,,60.31,66.32,14.77,205.5,62.39,56.04,4.6,2.84,2.11,0.08,474.96
2/2/2026,2023.0,20240584.0,21401.0,22610.0,"MAGELLAN PIPELINE COMPANY, LP",Refined and/or Petroleum Product (non-HVL),INTERSTATE,NEBRASKA,,,,,0.5,0.94,0.43,2.46,2.17,1.6,,8.1,,,,131.52,2.96,4.67,,,,,,139.15,,,,131.52,3.46,5.61,0.43,2.46,2.17,1.6,,147.25
2/2/2026,2023.0,20240584.0,21401.0,22610.0,"MAGELLAN PIPELINE COMPANY, LP",Refined and/or Petroleum Product (non-HVL),INTERSTATE,NEW MEXICO,,,,,,,3.99,,,17.49,,21.48,,,,128.96,,1.17,,,,,,130.13,,,,128.96,,1.17,3.99,,,17.49,,151.61
2/2/2026,2023.0,20240584.0,21401.0,22610.0,"MAGELLAN PIPELINE COMPANY, LP",Refined and/or Petroleum Product (non-HVL),INTERSTATE,NORTH DAKOTA,,,,,,0.51,0.67,1.25,0.49,1.37,0.41,4.7,,,74.54,4.11,1.69,1.97,,,,,,82.31,,,74.54,4.11,1.69,2.48,0.67,1.25,0.49,1.37,0.41,87.01
2/2/2026,2023.0,20240584.0,21401.0,22610.0,"MAGELLAN PIPELINE COMPANY, LP",Refined and/or Petroleum Product (non-HVL),INTERSTATE,OKLAHOMA,,,,,,31.81,14.92,104.78,33.59,3.53,2.73,191.36,,44.72,0.06,148.93,0.01,24.26,,,,,,217.98,,44.72,0.06,148.93,0.01,56.07,14.92,104.78,33.59,3.53,2.73,409.34
2/2/2026,2023.0,20240584.0,21401.0,22610.0,"MAGELLAN PIPELINE COMPANY, LP",Refined and/or Petroleum Product (non-HVL),INTERSTATE,SOUTH DAKOTA,,,,,,,0.14,1.27,2.11,0.14,,3.66,,,35.78,0.71,96.03,0.66,,,,,,133.18,,,35.78,0.71,96.03,0.66,0.14,1.27,2.11,0.14,,136.84
2/2/2026,2023.0,20240584.0,21401.0,22610.0,"MAGELLAN PIPELINE COMPANY, LP",Refined and/or Petroleum Product (non-HVL),INTERSTATE,TEXAS,,,,,2.73,2.36,42.43,287.38,133.56,118.15,188.99,775.6,,,282.44,722.96,16.35,3.12,,,,,,1024.87,,,282.44,722.96,19.08,5.48,42.43,287.38,133.56,118.15,188.99,1800.47
2/2/2026,2023.0,20240584.0,21401.0,22610.0,"MAGELLAN PIPELINE COMPANY, LP",Refined and/or Petroleum Product (non-HVL),INTERSTATE,WISCONSIN,,,,,,0.04,0.41,2.55,,0.01,0.03,3.04,,,,89.18,79.06,0.0,,,,,,168.24,,,,89.18,79.06,0.04,0.41,2.55,,0.01,0.03,171.28
2/2/2026,2023.0,20240584.0,21401.0,22610.0,"MAGELLAN PIPELINE COMPANY, LP",Refined and/or Petroleum Product (non-HVL),INTERSTATE,WYOMING,,,,,0.03,,0.08,,,0.01,,0.12,,,0.8,,64.67,,,,,,,65.47,,,0.8,,64.7,,0.08,,,0.01,,65.59
2/2/2026,2023.0,20240584.0,21401.0,22610.0,"MAGELLAN PIPELINE COMPANY, LP",Refined and/or Petroleum Product (non-HVL),INTRASTATE,TEXAS,,,,,,,0.98,,8.26,155.37,2.66,167.27,1.75,,,,,,,,,,,1.75,1.75,,,,,,0.98,,8.26,155.37,2.66,169.02
2/2/2026,2023.0,20240243.0,21051.0,22830.0,WOLVERINE PIPELINE CO,Refined and/or Petroleum Product (non-HVL),INTERSTATE,ILLINOIS,,,,,,56.492,,0.851,0.127,0.6,,58.07,,,,,33.804,,,,,,,33.804,,,,,33.804,56.492,,0.851,0.127,0.6,,91.874
2/2/2026,2023.0,20240243.0,21051.0,22830.0,WOLVERINE PIPELINE CO,Refined and/or Petroleum Product (non-HVL),INTERSTATE,INDIANA,,,,,0.749,72.8,2.271,0.047,3.423,2.866,0.001,82.157,,,,6.735,13.565,6.098,,,,,,26.398,,,,6.735,14.314,78.898,2.271,0.047,3.423,2.866,0.001,108.555
2/2/2026,2023.0,20240243.0,21051.0,22830.0,WOLVERINE PIPELINE CO,Refined and/or Petroleum Product (non-HVL),INTERSTATE,MICHIGAN,,,,,,104.466,0.897,6.266,34.593,36.209,,182.431,,79.849,,44.369,71.295,,0.564,,,,,196.077,,79.849,,44.369,71.295,104.466,1.461,6.266,34.593,36.209,,378.508
2/2/2026,2023.0,20240436.0,21252.0,22855.0,"FLINT HILLS RESOURCES, LC",Crude Oil,INTERSTATE,ILLINOIS,0.0,,0.0,0.0,0.0,0.0,4.73,0.0,0.31,0.0,0.0,5.04,0.0,,0.0,0.0,0.0,0.0,0.0,,0.0,0.0,0.0,0.0,0.0,,0.0,0.0,0.0,0.0,4.73,0.0,0.31,0.0,0.0,5.04
2/2/2026,2023.0,20240436.0,21252.0,22855.0,"FLINT HILLS RESOURCES, LC",Crude Oil,INTERSTATE,IOWA,0.0,0.0,0.0,0.0,0.0,0.0,0.0,0.0,0.0,0.0,0.0,0.0,0.0,0.0,0.0,0.0,0.0,0.0,0.0,0.0,0.0,0.0,0.0,0.0,0.0,0.0,0.0,0.0,0.0,0.0,0.0,0.0,0.0,0.0,0.0,0.0
2/2/2026,2023.0,20240436.0,21252.0,22855.0,"FLINT HILLS RESOURCES, LC",Crude Oil,INTERSTATE,MINNESOTA,0.0,0.0,0.0,0.0,0.0,112.83,312.13,0.0,304.54,0.0,0.0,729.5,0.0,0.0,0.0,200.28,0.0,0.0,0.0,0.0,0.0,0.0,0.0,200.28,0.0,0.0,0.0,200.28,0.0,112.83,312.13,0.0,304.54,0.0,0.0,929.78
2/2/2026,2023.0,20240436.0,21252.0,22855.0,"FLINT HILLS RESOURCES, LC",Crude Oil,INTERSTATE,MISSOURI,0.0,,0.0,0.0,0.0,0.0,234.92,13.82,0.0,0.0,0.0,248.74,0.0,,0.0,0.0,0.0,0.0,0.0,0.0,0.0,0.0,0.0,0.0,0.0,,0.0,0.0,0.0,0.0,234.92,13.82,0.0,0.0,0.0,248.74
2/2/2026,2023.0,20240436.0,21252.0,22855.0,"FLINT HILLS RESOURCES, LC",Crude Oil,INTRASTATE,TEXAS,0.0,0.0,0.0,0.0,0.0,28.45,209.25,63.57,12.28,119.63,0.0,433.18,0.0,0.0,0.0,13.73,0.0,0.0,0.0,0.0,0.0,0.0,0.0,13.73,0.0,0.0,0.0,13.73,0.0,28.45,209.25,63.57,12.28,119.63,0.0,446.91
2/2/2026,2023.0,20240437.0,21253.0,22855.0,"FLINT HILLS RESOURCES, LC",HVL,INTERSTATE,MINNESOTA,0.0,0.0,0.0,0.0,0.0,0.0,0.0,0.0,0.0,0.0,1.83,1.83,0.0,0.0,0.0,0.0,19.98,0.0,0.0,0.0,0.0,0.0,0.0,19.98,0.0,0.0,0.0,0.0,19.98,0.0,0.0,0.0,0.0,0.0,1.83,21.81
2/2/2026,2023.0,20240437.0,21253.0,22855.0,"FLINT HILLS RESOURCES, LC",HVL,INTERSTATE,WISCONSIN,0.0,0.0,0.0,0.0,0.0,0.0,0.0,0.0,0.0,0.0,0.0,0.0,0.0,0.0,0.0,0.0,153.97,0.0,0.0,0.0,0.0,0.0,0.0,153.97,0.0,0.0,0.0,0.0,153.97,0.0,0.0,0.0,0.0,0.0,0.0,153.97
2/2/2026,2023.0,20240437.0,21253.0,22855.0,"FLINT HILLS RESOURCES, LC",HVL,INTRASTATE,MINNESOTA,,,,,,,,,,,1.49,1.49,,,,,,,,,,,,0.0,,,,,,,,,,,1.49,1.49
2/2/2026,2023.0,20240437.0,21253.0,22855.0,"FLINT HILLS RESOURCES, LC",HVL,INTRASTATE,TEXAS,0.0,0.0,0.0,0.0,0.0,16.54,121.21,51.74,9.67,21.26,9.88,230.3,0.0,0.0,1.98,0.87,24.3,0.0,0.0,0.0,0.0,0.0,0.0,27.15,0.0,0.0,1.98,0.87,24.3,16.54,121.21,51.74,9.67,21.26,9.88,257.45
2/2/2026,2023.0,20240510.0,21327.0,22855.0,"FLINT HILLS RESOURCES, LC",Refined and/or Petroleum Product (non-HVL),INTERSTATE,IOWA,0.0,0.0,0.0,0.0,0.0,25.29,0.0,0.0,0.0,0.0,0.0,25.29,0.0,0.0,0.0,0.0,0.0,0.0,0.0,0.0,0.0,0.0,0.0,0.0,0.0,0.0,0.0,0.0,0.0,25.29,0.0,0.0,0.0,0.0,0.0,25.29
2/2/2026,2023.0,20240510.0,21327.0,22855.0,"FLINT HILLS RESOURCES, LC",Refined and/or Petroleum Product (non-HVL),INTERSTATE,MINNESOTA,0.0,0.0,0.0,0.0,0.0,97.79,16.23,0.0,0.0,0.0,0.0,114.02,0.0,0.0,0.0,0.0,0.0,0.0,0.0,0.0,0.0,0.0,0.0,0.0,0.0,0.0,0.0,0.0,0.0,97.79,16.23,0.0,0.0,0.0,0.0,114.02
2/2/2026,2023.0,20240510.0,21327.0,22855.0,"FLINT HILLS RESOURCES, LC",Refined and/or Petroleum Product (non-HVL),INTERSTATE,WISCONSIN,0.0,0.0,0.0,0.0,0.0,0.0,351.25,11.61,0.0,0.0,0.0,362.86,0.0,0.0,0.0,0.0,0.0,0.0,0.0,0.0,0.0,0.0,0.0,0.0,0.0,0.0,0.0,0.0,0.0,0.0,351.25,11.61,0.0,0.0,0.0,362.86
2/2/2026,2023.0,20240510.0,21327.0,22855.0,"FLINT HILLS RESOURCES, LC",Refined and/or Petroleum Product (non-HVL),INTRASTATE,MINNESOTA,0.0,0.0,0.0,0.0,0.0,0.0,12.91,0.0,0.0,0.0,0.0,12.91,0.0,0.0,0.0,0.0,0.0,0.0,0.0,0.0,0.0,0.0,0.0,0.0,0.0,0.0,0.0,0.0,0.0,0.0,12.91,0.0,0.0,0.0,0.0,12.91
2/2/2026,2023.0,20240510.0,21327.0,22855.0,"FLINT HILLS RESOURCES, LC",Refined and/or Petroleum Product (non-HVL),INTRASTATE,TEXAS,0.0,0.0,0.0,0.0,0.0,1.42,446.77,333.5,4.58,37.49,1.88,825.64,0.0,6.26,1.38,0.21,0.0,0.0,0.0,0.0,0.0,0.0,0.0,7.85,0.0,6.26,1.38,0.21,0.0,1.42,446.77,333.5,4.58,37.49,1.88,833.49
2/2/2026,2023.0,20240607.0,21425.0,25146.0,"EQUISTAR CHEMICALS, L.P.",HVL,INTRASTATE,LOUISIANA,,,,,,,25.813,,,,,25.813,,,,,,,,,,,,0.0,,,,,,,25.813,,,,,25.813
2/2/2026,2023.0,20240607.0,21425.0,25146.0,"EQUISTAR CHEMICALS, L.P.",HVL,INTRASTATE,TEXAS,0.0,0.0,0.0,29.381,1.229,345.928,122.517,203.086,6.155,4.832,1.205,714.333,0.0,0.0,0.0,28.511,81.625,367.491,0.0,0.0,0.0,0.0,,477.627,0.0,0.0,0.0,57.892,82.854,713.419,122.517,203.086,6.155,4.832,1.205,1191.96
2/2/2026,2023.0,20240579.0,21396.0,25146.0,"EQUISTAR CHEMICALS, L.P.",Refined and/or Petroleum Product (non-HVL),INTRASTATE,TEXAS,,,,,,61.098,0.013,53.916,,,,115.027,,,,0.1,,12.862,,,,,,12.962,,,,0.1,,73.96,0.013,53.916,,,,127.989
2/2/2026,2023.0,20240039.0,20790.0,26039.0,FLORIDA POWER & LIGHT CO,Refined and/or Petroleum Product (non-HVL),INTRASTATE,FLORIDA,,,,,,13.91,,,,,,13.91,,,,,,,,,,,,0.0,,,,,,13.91,,,,,,13.91
2/2/2026,2023.0,20240311.0,21612.0,26041.0,"KINDER MORGAN LIQUID TERMINALS, LLC",HVL,INTRASTATE,TEXAS,0.0,0.0,0.0,0.0,0.0,0.0,0.0,0.0,0.0,0.722,0.0,0.722,0.0,0.0,0.0,0.0,0.0,0.0,0.0,0.0,0.0,0.0,0.0,0.0,0.0,0.0,0.0,0.0,0.0,0.0,0.0,0.0,0.0,0.722,0.0,0.722
2/2/2026,2023.0,20240315.0,21611.0,26041.0,"KINDER MORGAN LIQUID TERMINALS, LLC",Refined and/or Petroleum Product (non-HVL),INTERSTATE,ILLINOIS,0.0,0.0,0.0,0.0,0.0,0.0,0.0,0.0,2.319,0.0,0.0,2.319,0.0,0.0,0.0,0.0,0.0,0.0,0.0,0.0,0.0,0.0,0.0,0.0,0.0,0.0,0.0,0.0,0.0,0.0,0.0,0.0,2.319,0.0,0.0,2.319
2/2/2026,2023.0,20240315.0,21611.0,26041.0,"KINDER MORGAN LIQUID TERMINALS, LLC",Refined and/or Petroleum Product (non-HVL),INTRASTATE,LOUISIANA,0.0,0.0,0.0,0.0,0.0,0.0,0.0,9.733,0.0,2.525,0.475,12.733,0.0,0.0,0.0,0.0,0.0,0.0,0.0,0.0,0.0,0.0,,0.0,0.0,0.0,0.0,0.0,0.0,0.0,0.0,9.733,0.0,2.525,0.475,12.733
2/2/2026,2023.0,20240315.0,21611.0,26041.0,"KINDER MORGAN LIQUID TERMINALS, LLC",Refined and/or Petroleum Product (non-HVL),INTRASTATE,NEW JERSEY,0.0,0.0,0.0,3.18,0.0,0.984,2.113,0.0,1.392,0.382,0.471,8.522,0.0,0.0,0.0,0.0,0.0,0.0,0.0,0.0,0.0,0.0,,0.0,0.0,0.0,0.0,3.18,0.0,0.984,2.113,0.0,1.392,0.382,0.471,8.522
2/2/2026,2023.0,20240315.0,21611.0,26041.0,"KINDER MORGAN LIQUID TERMINALS, LLC",Refined and/or Petroleum Product (non-HVL),INTRASTATE,NORTH CAROLINA,0.0,0.0,0.0,0.0,0.0,0.0,0.0,25.264,0.0,0.0,0.0,25.264,,,,,,,,,,,,0.0,0.0,0.0,0.0,0.0,0.0,0.0,0.0,25.264,0.0,0.0,0.0,25.264
2/2/2026,2023.0,20240315.0,21611.0,26041.0,"KINDER MORGAN LIQUID TERMINALS, LLC",Refined and/or Petroleum Product (non-HVL),INTRASTATE,TEXAS,0.0,,0.0,0.0,0.0,4.295,6.925,5.715,7.739,9.281,3.558,37.513,,,,,,,,,,,,0.0,0.0,,0.0,0.0,0.0,4.295,6.925,5.715,7.739,9.281,3.558,37.513
2/2/2026,2023.0,20240511.0,21328.0,26045.0,"PAR HAWAII REFINING, LLC",Refined and/or Petroleum Product (non-HVL),INTRASTATE,HAWAII,0.0,0.0,0.0,0.0,0.0,22.0,0.0,0.0,0.0,0.0,0.0,22.0,0.0,0.0,0.0,0.0,2.0,0.0,0.0,0.0,0.0,0.0,0.0,2.0,0.0,0.0,0.0,0.0,2.0,22.0,0.0,0.0,0.0,0.0,0.0,24.0
2/2/2026,2023.0,20240364.0,21178.0,26048.0,HUNT REFINING CO,Refined and/or Petroleum Product (non-HVL),INTRASTATE,ALABAMA,,,,,,,23.72,,23.72,,,47.44,,,,,,,,,,,,0.0,,,,,,,23.72,,23.72,,,47.44
2/2/2026,2023.0,20240446.0,21263.0,26049.0,"COUNTRYMARK REFINING AND LOGISTICS, LLC",Crude Oil,INTERSTATE,ILLINOIS,0.0,0.0,0.0,0.0,0.0,0.04,0.1,22.0,60.9,51.59,2.283,136.913,0.0,0.0,0.0,0.0,0.0,0.0,0.0,0.0,0.0,0.0,,0.0,0.0,0.0,0.0,0.0,0.0,0.04,0.1,22.0,60.9,51.59,2.283,136.913
2/2/2026,2023.0,20240446.0,21263.0,26049.0,"COUNTRYMARK REFINING AND LOGISTICS, LLC",Crude Oil,INTERSTATE,INDIANA,,,,,,,,12.2,,,,12.2,,,0.7,,,,,,,,,0.7,,,0.7,,,,,12.2,,,,12.9
2/2/2026,2023.0,20240446.0,21263.0,26049.0,"COUNTRYMARK REFINING AND LOGISTICS, LLC",Crude Oil,INTERSTATE,KENTUCKY,0.0,0.0,0.0,0.0,0.0,0.0,0.0,0.5,0.0,0.0,,0.5,0.0,0.0,0.0,0.0,0.0,0.0,0.0,0.0,0.0,0.0,,0.0,0.0,0.0,0.0,0.0,0.0,0.0,0.0,0.5,0.0,0.0,,0.5
2/2/2026,2023.0,20240446.0,21263.0,26049.0,"COUNTRYMARK REFINING AND LOGISTICS, LLC",Crude Oil,INTRASTATE,ILLINOIS,,,,,,,,,,0.06,,0.06,,,,,,,,,,,,0.0,,,,,,,,,,0.06,,0.06
2/2/2026,2023.0,20240446.0,21263.0,26049.0,"COUNTRYMARK REFINING AND LOGISTICS, LLC",Crude Oil,INTRASTATE,INDIANA,0.0,0.0,0.0,0.0,0.0,0.1,0.0,,,,,0.1,0.0,0.0,0.0,0.0,0.0,0.0,0.0,0.0,0.0,0.0,,0.0,0.0,0.0,0.0,0.0,0.0,0.1,0.0,0.0,0.0,0.0,,0.1
2/2/2026,2023.0,20240447.0,21264.0,26049.0,"COUNTRYMARK REFINING AND LOGISTICS, LLC",Refined and/or Petroleum Product (non-HVL),INTRASTATE,INDIANA,0.0,0.0,0.0,0.0,0.0,0.0,17.5,0.1,0.7,1.08,2.11,21.49,0.0,0.0,0.0,50.0,0.1,0.0,0.0,0.0,0.0,0.0,,50.1,0.0,0.0,0.0,50.0,0.1,0.0,17.5,0.1,0.7,1.08,2.11,71.59
2/2/2026,2023.0,20240273.0,21083.0,26054.0,KEY WEST PIPELINE CO,Refined and/or Petroleum Product (non-HVL),INTRASTATE,FLORIDA,0.0,0.0,0.0,0.0,0.0,0.0,0.0,1.0,0.0,0.0,0.0,1.0,0.0,0.0,0.0,0.0,0.0,0.0,0.0,0.0,0.0,0.0,0.0,0.0,0.0,0.0,0.0,0.0,0.0,0.0,0.0,1.0,0.0,0.0,0.0,1.0
2/2/2026,2023.0,20240622.0,21443.0,26061.0,"DELEK CRUDE LOGISTICS, LLC.",Crude Oil,INTERSTATE,OKLAHOMA,0.0,0.0,0.0,0.0,0.0,0.0,0.0,0.0,0.0,0.0,0.0,0.0,0.0,0.0,0.0,0.0,39.66,0.0,0.0,0.0,0.0,0.0,0.0,39.66,0.0,0.0,0.0,0.0,39.66,0.0,0.0,0.0,0.0,0.0,0.0,39.66
2/2/2026,2023.0,20240622.0,21443.0,26061.0,"DELEK CRUDE LOGISTICS, LLC.",Crude Oil,INTERSTATE,TEXAS,0.0,0.0,0.0,0.0,103.07,0.0,0.0,0.0,0.0,0.0,0.0,103.07,0.0,0.0,0.0,0.0,0.0,0.0,0.0,0.0,0.0,0.0,0.0,0.0,0.0,0.0,0.0,0.0,103.07,0.0,0.0,0.0,0.0,0.0,0.0,103.07
2/2/2026,2023.0,20240622.0,21443.0,26061.0,"DELEK CRUDE LOGISTICS, LLC.",Crude Oil,INTRASTATE,TEXAS,0.0,0.0,0.0,0.0,0.0,0.0,8.75,10.65,1.18,2.37,1.11,24.06,0.0,152.46,67.95,0.52,33.14,11.28,0.0,0.0,0.0,0.0,0.0,265.35,0.0,152.46,67.95,0.52,33.14,11.28,8.75,10.65,1.18,2.37,1.11,289.41
2/2/2026,2023.0,20240626.0,21447.0,26061.0,"DELEK CRUDE LOGISTICS, LLC.",Refined and/or Petroleum Product (non-HVL),INTRASTATE,TEXAS,0.0,0.0,0.0,0.0,0.0,0.0,104.03,0.0,0.0,0.61,0.03,104.67,0.0,0.0,0.0,,13.42,0.0,0.0,0.0,0.0,0.0,0.0,13.42,0.0,0.0,0.0,0.0,13.42,0.0,104.03,0.0,0.0,0.61,0.03,118.09
2/2/2026,2023.0,20240169.0,20965.0,26065.0,CHS MCPHERSON REFINERY INC.,Crude Oil,INTERSTATE,KANSAS,,,,,,,,,,,,0.0,,,,,,,,,,,,0.0,,,,,,,,,,,,
2/2/2026,2023.0,20240173.0,20969.0,26065.0,CHS MCPHERSON REFINERY INC.,HVL,INTRASTATE,KANSAS,0.0,0.0,0.0,0.0,0.0,0.0,0.0,0.0,0.0,0.119,0.153,0.272,0.0,0.0,0.0,3.614,0.0,0.0,0.0,0.0,0.0,0.0,0.0,3.614,0.0,0.0,0.0,3.614,0.0,0.0,0.0,0.0,0.0,0.119,0.153,3.886
2/2/2026,2023.0,20240174.0,20970.0,26065.0,CHS MCPHERSON REFINERY INC.,Refined and/or Petroleum Product (non-HVL),INTRASTATE,KANSAS,0.0,0.0,0.0,0.0,0.0,0.0,0.0,0.0,0.0,0.0,0.0,0.0,0.0,0.0,0.0,0.0,0.0,0.0,0.0,0.0,0.0,0.0,0.0,0.0,0.0,0.0,0.0,0.0,0.0,0.0,0.0,0.0,0.0,0.0,0.0,0.0
2/2/2026,2023.0,20240349.0,21556.0,26085.0,"PLAINS MARKETING, L.P.",Crude Oil,INTERSTATE,ALABAMA,,,,,,1.56,,,0.03,0.19,,1.78,,,,,,,,,,,,0.0,,,,,,1.56,,,0.03,0.19,,1.78
2/2/2026,2023.0,20240349.0,21556.0,26085.0,"PLAINS MARKETING, L.P.",Crude Oil,INTERSTATE,ILLINOIS,,,,,,,,,0.06,,,0.06,,,,0.74,,,,,,,,0.74,,,,0.74,,,,,0.06,,,0.8
2/2/2026,2023.0,20240349.0,21556.0,26085.0,"PLAINS MARKETING, L.P.",Crude Oil,INTRASTATE,CALIFORNIA,,,,,,,30.97,37.41,2.88,11.64,,82.9,,,0.13,,,,,,,,,0.13,,,0.13,,,,30.97,37.41,2.88,11.64,,83.03
2/2/2026,2023.0,20240349.0,21556.0,26085.0,"PLAINS MARKETING, L.P.",Crude Oil,INTRASTATE,LOUISIANA,,,,,,,,,,,,0.0,,,3.9,,,,,,,,,3.9,,,3.9,,,,,,,,,3.9
2/2/2026,2023.0,20240349.0,21556.0,26085.0,"PLAINS MARKETING, L.P.",Crude Oil,INTRASTATE,NEW MEXICO,,,,,,,,0.35,,,,0.35,,,,,,,,,,,,0.0,,,,,,,,0.35,,,,0.35
2/2/2026,2023.0,20240349.0,21556.0,26085.0,"PLAINS MARKETING, L.P.",Crude Oil,INTRASTATE,TEXAS,,,,,,,,,0.3,0.47,,0.77,,,,,,,,,,,,0.0,,,,,,,,,0.3,0.47,,0.77
2/2/2026,2023.0,20240180.0,20976.0,26085.0,"PLAINS MARKETING, L.P.",HVL,INTERSTATE,MICHIGAN,,,,,,,,,,,,0.0,,,,,,,,,,,,0.0,,,,,,,,,,,,
2/2/2026,2023.0,20240180.0,20976.0,26085.0,"PLAINS MARKETING, L.P.",HVL,INTRASTATE,ARIZONA,,,,,,2.92,,,,5.83,2.83,11.58,,,,,,,,,,,,0.0,,,,,,2.92,,,,5.83,2.83,11.58
2/2/2026,2023.0,20240037.0,20788.0,26086.0,SEADRIFT PIPELINE LLC,HVL,INTRASTATE,TEXAS,0.0,0.0,0.0,0.0,42.77,135.38,8.3,6.26,46.99,1.1,4.66,245.46,3.64,0.0,0.0,53.57,77.08,0.0,0.17,0.0,0.09,3.24,0.01,137.8,3.64,0.0,0.0,53.57,119.85,135.38,8.47,6.26,47.08,4.34,4.67,383.26
2/2/2026,2023.0,20240526.0,21343.0,26094.0,"SHORE TERMINALS, LLC",Refined and/or Petroleum Product (non-HVL),INTRASTATE,CALIFORNIA,0.0,0.0,0.0,0.0,0.0,0.0,1.03,0.0,0.0,0.0,,1.03,0.0,0.0,0.0,0.0,0.0,0.0,0.0,0.0,0.0,0.0,,0.0,0.0,0.0,0.0,0.0,0.0,0.0,1.03,0.0,0.0,0.0,,1.03
2/2/2026,2023.0,20240526.0,21343.0,26094.0,"SHORE TERMINALS, LLC",Refined and/or Petroleum Product (non-HVL),INTRASTATE,OREGON,0.0,0.0,0.0,0.0,0.0,0.31,0.0,0.0,0.0,0.0,0.0,0.31,0.0,0.0,0.0,0.0,0.0,0.0,0.0,0.0,0.0,0.0,0.0,0.0,0.0,0.0,0.0,0.0,0.0,0.31,0.0,0.0,0.0,0.0,0.0,0.31
2/2/2026,2023.0,20240448.0,21265.0,26099.0,TAMPA BAY PIPELINE CO.,HVL,INTRASTATE,FLORIDA,0.0,0.0,0.0,0.0,0.0,37.7,27.86,1.17,19.21,3.16,,89.1,0.0,0.0,0.0,0.0,0.0,0.0,0.0,0.0,0.0,0.0,,0.0,0.0,0.0,0.0,0.0,0.0,37.7,27.86,1.17,19.21,3.16,,89.1
2/2/2026,2023.0,20240216.0,21023.0,26103.0,"TEXAS EASTMAN DIVISION, EASTMAN CHEMICAL CO",HVL,INTRASTATE,TEXAS,0.0,0.0,0.0,0.0,0.0,0.0,217.4,0.0,0.8,1.6,0.7,220.5,0.0,0.0,0.0,0.0,182.2,0.0,0.0,0.0,0.0,0.0,0.0,182.2,0.0,0.0,0.0,0.0,182.2,0.0,217.4,0.0,0.8,1.6,0.7,402.7
2/2/2026,2023.0,20240536.0,21353.0,26112.0,"VALERO REFINING-TEXAS, L.P.",Crude Oil,INTRASTATE,TEXAS,0.0,0.0,0.0,0.0,0.0,0.0,2.545,0.0,3.075,0.0,0.0,5.62,0.0,0.0,0.0,0.0,0.0,0.0,0.0,0.0,0.0,0.0,0.0,0.0,0.0,0.0,0.0,0.0,0.0,0.0,2.545,0.0,3.075,0.0,0.0,5.62
2/2/2026,2023.0,20240535.0,21352.0,26112.0,"VALERO REFINING-TEXAS, L.P.",HVL,INTRASTATE,TEXAS,0.0,0.0,0.0,0.0,0.0,0.0,7.435,0.0,4.068,0.0,0.0,11.503,0.0,0.0,0.0,0.0,0.0,0.0,0.0,0.0,0.0,0.0,0.0,0.0,0.0,0.0,0.0,0.0,0.0,0.0,7.435,0.0,4.068,0.0,0.0,11.503
2/2/2026,2023.0,20240538.0,21355.0,26112.0,"VALERO REFINING-TEXAS, L.P.",Refined and/or Petroleum Product (non-HVL),INTRASTATE,TEXAS,0.0,0.0,0.0,0.0,0.0,0.0,5.141,0.0,22.625,0.098,0.0,27.864,0.0,0.0,0.0,0.0,0.0,0.0,0.0,0.0,0.0,0.0,0.0,0.0,0.0,0.0,0.0,0.0,0.0,0.0,5.141,0.0,22.625,0.098,0.0,27.864
2/2/2026,2023.0,20240378.0,21192.0,26120.0,COLLINS PIPELINE CO,Refined and/or Petroleum Product (non-HVL),INTERSTATE,LOUISIANA,,,,,,16.64,0.03,0.01,,1.08,0.07,17.83,,,,,,,,,,,,0.0,,,,,,16.64,0.03,0.01,,1.08,0.07,17.83
2/2/2026,2023.0,20240378.0,21192.0,26120.0,COLLINS PIPELINE CO,Refined and/or Petroleum Product (non-HVL),INTERSTATE,MISSISSIPPI,,,,,,49.76,,,,,,49.76,,,,,,24.09,,,,,,24.09,,,,,,73.85,,,,,,73.85
2/2/2026,2023.0,20240279.0,21601.0,26125.0,CALNEV PIPELINE CO,Refined and/or Petroleum Product (non-HVL),INTERSTATE,CALIFORNIA,0.0,0.0,0.0,0.0,0.0,190.666,6.901,0.003,3.013,0.578,0.181,201.342,0.0,0.0,0.0,0.0,187.162,0.384,0.0,0.0,0.0,0.0,0.0,187.546,0.0,0.0,0.0,0.0,187.162,191.05,6.901,0.003,3.013,0.578,0.181,388.888
2/2/2026,2023.0,20240279.0,21601.0,26125.0,CALNEV PIPELINE CO,Refined and/or Petroleum Product (non-HVL),INTERSTATE,NEVADA,0.0,0.0,0.0,0.0,0.0,41.881,0.461,15.644,5.873,0.012,0.259,64.13,0.0,0.0,0.0,0.0,51.71,0.0,0.0,0.0,0.0,0.0,0.0,51.71,0.0,0.0,0.0,0.0,51.71,41.881,0.461,15.644,5.873,0.012,0.259,115.84
2/2/2026,2023.0,20240279.0,21601.0,26125.0,CALNEV PIPELINE CO,Refined and/or Petroleum Product (non-HVL),INTRASTATE,CALIFORNIA,0.0,0.0,0.0,0.0,0.0,2.366,50.79,3.09,3.92,0.026,0.0,60.192,0.0,0.0,0.0,0.0,0.114,0.0,0.14,0.0,0.005,0.0,0.0,0.259,0.0,0.0,0.0,0.0,0.114,2.366,50.93,3.09,3.925,0.026,0.0,60.451
2/2/2026,2023.0,20240279.0,21601.0,26125.0,CALNEV PIPELINE CO,Refined and/or Petroleum Product (non-HVL),INTRASTATE,NEVADA,0.0,0.0,0.0,0.0,0.0,0.0,0.0,0.0,0.0,0.0,,0.0,0.0,0.0,0.0,0.0,0.623,0.0,0.0,0.0,0.0,0.0,,0.623,0.0,0.0,0.0,0.0,0.623,0.0,0.0,0.0,0.0,0.0,,0.623
2/2/2026,2023.0,20240627.0,21448.0,26136.0,PARAMOUNT PETROLEUM CORP,Refined and/or Petroleum Product (non-HVL),INTRASTATE,CALIFORNIA,0.0,0.0,0.0,0.0,0.0,0.0,0.0,0.0,0.0,0.0,0.0,0.0,0.0,0.0,0.0,0.45,0.0,0.0,0.0,0.0,0.0,0.0,0.0,0.45,0.0,0.0,0.0,0.45,0.0,0.0,0.0,0.0,0.0,0.0,0.0,0.45
2/2/2026,2023.0,20240033.0,20784.0,26149.0,ALYESKA PIPELINE SERVICE CO,Crude Oil,INTERSTATE,ALASKA,0.0,0.0,0.0,0.0,0.0,0.0,0.0,0.0,0.0,0.0,0.0,0.0,0.0,0.0,0.0,0.0,0.0,0.0,0.0,0.0,0.0,0.0,0.0,0.0,0.0,0.0,0.0,0.0,0.0,0.0,0.0,0.0,0.0,0.0,0.0,0.0
2/2/2026,2023.0,20240218.0,21025.0,26302.0,MUSTANG PIPELINE CO,HVL,INTRASTATE,TEXAS,0.0,0.0,0.0,0.0,0.0,0.0,88.3,0.0,0.0,0.0,0.7,89.0,0.0,0.0,0.0,0.0,0.0,0.0,0.0,0.0,0.0,0.0,0.0,0.0,0.0,0.0,0.0,0.0,0.0,0.0,88.3,0.0,0.0,0.0,0.7,89.0
2/2/2026,2023.0,20250038.0,21714.0,26303.0,UNOCAL PIPELINE CO - EASTERN REGION,Crude Oil,INTRASTATE,TEXAS,0.0,0.0,0.0,0.0,0.0,0.0,0.0,0.0,0.0,0.0,0.0,0.0,0.0,0.0,0.0,0.0,0.0,0.0,0.0,0.0,0.0,0.0,0.0,0.0,0.0,0.0,0.0,0.0,0.0,0.0,0.0,0.0,0.0,0.0,0.0,0.0
2/2/2026,2023.0,20240254.0,21062.0,26330.0,"ENABLE OKLAHOMA INTRASTATE TRANSMISSION, LLC",HVL,INTRASTATE,OKLAHOMA,,,,,,,4.33,,,7.25,,11.58,,,,,,,,,,,,0.0,,,,,,,4.33,,,7.25,,11.58
2/2/2026,2023.0,20240697.0,21579.0,30003.0,HOUSTON REFINING LP.,Crude Oil,INTRASTATE,TEXAS,0.0,0.0,0.0,0.0,1.0,1.0,0.0,0.0,1.0,0.0,0.0,3.0,0.0,0.0,0.0,0.0,0.0,0.0,0.0,0.0,0.0,0.0,0.0,0.0,0.0,0.0,0.0,0.0,1.0,1.0,0.0,0.0,1.0,0.0,0.0,3.0
2/2/2026,2023.0,20240109.0,20883.0,30020.0,W & T OFFSHORE INC,Refined and/or Petroleum Product (non-HVL),INTRASTATE,ALABAMA,,,,,,,,,,,,0.0,,,,,,,,,,,,0.0,,,,,,,,,,,,
2/2/2026,2023.0,20240214.0,21021.0,30544.0,OCCIDENTAL CHEMICAL CORP,HVL,INTRASTATE,TEXAS,,,,,,,,,,,,0.0,,,,,,,,,,,,0.0,,,,,,,,,,,,
2/2/2026,2023.0,20240595.0,21412.0,30626.0,TARGA NGL PIPE LINE CO,HVL,INTERSTATE,LOUISIANA,,,21.73,,,,,,,,,21.73,,,,,,,,,,0.07,0.23,0.3,,,21.73,,,,,,,0.07,0.23,22.03
2/2/2026,2023.0,20240595.0,21412.0,30626.0,TARGA NGL PIPE LINE CO,HVL,INTERSTATE,TEXAS,,,,,,7.51,,,0.19,0.67,0.32,8.69,,,41.01,33.49,,,,,,,,74.5,,,41.01,33.49,,7.51,,,0.19,0.67,0.32,83.19
2/2/2026,2023.0,20240595.0,21412.0,30626.0,TARGA NGL PIPE LINE CO,HVL,INTRASTATE,TEXAS,,,,,,30.09,0.23,8.65,2.29,29.08,0.55,70.89,,0.0,0.0,2.02,0.0,,,,,,,2.02,,0.0,0.0,2.02,0.0,30.09,0.23,8.65,2.29,29.08,0.55,72.91
2/2/2026,2023.0,20240593.0,21581.0,30626.0,TARGA NGL PIPE LINE CO,Refined and/or Petroleum Product (non-HVL),INTRASTATE,TEXAS,,,,,,0.33,0.99,38.22,,27.49,2.91,69.94,,,,47.58,31.8,,,,,,,79.38,,,,47.58,31.8,0.33,0.99,38.22,,27.49,2.91,149.32
2/2/2026,2023.0,20240544.0,21628.0,30657.0,BRAVO PIPELINE COMPANY,CO2,INTERSTATE,COLORADO,0.0,0.0,0.0,0.0,0.0,0.0,89.0,0.0,0.0,0.0,,89.0,0.0,0.0,0.0,0.0,0.0,0.0,0.0,0.0,0.0,0.0,,0.0,0.0,0.0,0.0,0.0,0.0,0.0,89.0,0.0,0.0,0.0,,89.0
2/2/2026,2023.0,20240544.0,21628.0,30657.0,BRAVO PIPELINE COMPANY,CO2,INTERSTATE,NEW MEXICO,0.0,0.0,0.0,0.0,0.0,0.0,364.83,0.0,11.5,0.0,,376.33,0.0,0.0,0.0,0.0,0.0,0.0,0.0,0.0,0.0,0.0,,0.0,0.0,0.0,0.0,0.0,0.0,0.0,364.83,0.0,11.5,0.0,,376.33
2/2/2026,2023.0,20240544.0,21628.0,30657.0,BRAVO PIPELINE COMPANY,CO2,INTERSTATE,TEXAS,0.0,0.0,0.0,0.0,0.0,0.0,193.0,217.6,0.0,12.5,,423.1,,,,,,,,,,,,0.0,0.0,0.0,0.0,0.0,0.0,0.0,193.0,217.6,0.0,12.5,,423.1
2/2/2026,2023.0,20240544.0,21628.0,30657.0,BRAVO PIPELINE COMPANY,CO2,INTRASTATE,TEXAS,0.0,0.0,0.0,0.0,0.0,0.0,8.87,11.72,122.95,17.03,,160.57,,,,,,,,,,,,0.0,0.0,0.0,0.0,0.0,0.0,0.0,8.87,11.72,122.95,17.03,,160.57
2/2/2026,2023.0,20240217.0,21024.0,30658.0,KERN ENERGY,Crude Oil,INTRASTATE,CALIFORNIA,0.0,0.0,7.91,0.0,0.0,0.0,3.53,0.66,6.5,0.0,0.0,18.6,0.0,0.0,0.0,0.0,0.0,0.0,0.0,0.0,0.0,0.0,0.0,0.0,0.0,0.0,7.91,0.0,0.0,0.0,3.53,0.66,6.5,0.0,0.0,18.6
2/2/2026,2023.0,20240313.0,21124.0,30666.0,"ENMARK ENERGY, INC",CO2,INTRASTATE,MISSISSIPPI,,,,,,3.39,4.92,1.32,,,,9.63,,,,,,,,,,,,0.0,,,,,,3.39,4.92,1.32,,,,9.63
2/2/2026,2023.0,20240299.0,21110.0,30683.0,WESTLAKE PETROCHEMICALS LLC,HVL,INTRASTATE,LOUISIANA,0.0,0.0,0.0,0.0,0.0,0.0,0.0,2.026,3.529,0.0,,5.555,,,,,,,,,,,,0.0,0.0,0.0,0.0,0.0,0.0,0.0,0.0,2.026,3.529,0.0,,5.555
2/2/2026,2023.0,20240298.0,21109.0,30683.0,WESTLAKE PETROCHEMICALS LLC,Refined and/or Petroleum Product (non-HVL),INTRASTATE,LOUISIANA,0.0,0.0,0.0,0.0,0.0,0.0,0.0,0.0,0.0,0.0,,0.0,0.0,0.0,0.0,0.0,0.0,0.0,0.0,0.0,0.0,0.0,,0.0,0.0,0.0,0.0,0.0,0.0,0.0,0.0,0.0,0.0,0.0,,0.0
2/2/2026,2023.0,20240393.0,21207.0,30711.0,HILCORP ENERGY COMPANY,Crude Oil,INTRASTATE,LOUISIANA,0.0,0.0,0.0,0.0,0.0,0.0,0.0,1.967,0.0,0.0,0.0,1.967,0.0,0.0,0.0,0.0,0.0,0.0,0.0,0.0,0.0,0.0,0.0,0.0,0.0,0.0,0.0,0.0,0.0,0.0,0.0,1.967,0.0,0.0,0.0,1.967
2/2/2026,2023.0,20240326.0,21137.0,30755.0,CITGO PRODUCTS PIPELINE CO,HVL,INTERSTATE,LOUISIANA,,,,,,,,23.452,,,,23.452,,,,,,,,,,,,0.0,,,,,,,,23.452,,,,23.452
2/2/2026,2023.0,20240326.0,21137.0,30755.0,CITGO PRODUCTS PIPELINE CO,HVL,INTERSTATE,TEXAS,,,,,,32.002,,53.368,,1.071,,86.441,,,,,,,,,,,,0.0,,,,,,32.002,,53.368,,1.071,,86.441
2/2/2026,2023.0,20240325.0,21136.0,30755.0,CITGO PRODUCTS PIPELINE CO,Refined and/or Petroleum Product (non-HVL),INTRASTATE,TEXAS,0.012,,,,,0.055,,3.197,0.481,0.377,0.433,4.555,35.465,,,,0.313,,,,,,,35.778,35.477,,,,0.313,0.055,,3.197,0.481,0.377,0.433,40.333
2/2/2026,2023.0,20240615.0,21436.0,30756.0,WYOMING REFINING CO,Refined and/or Petroleum Product (non-HVL),INTRASTATE,WYOMING,,,,,,,40.26,,0.1,,,40.36,,,,,,,,,,,,0.0,,,,,,,40.26,,0.1,,,40.36
2/2/2026,2023.0,20240514.0,21331.0,30777.0,MOTIVA ENTERPRISE LLC,Crude Oil,INTRASTATE,TEXAS,,,,5.55,,2.62,,,,,,8.17,,,,,,,,,,,,0.0,,,,5.55,,2.62,,,,,,8.17
2/2/2026,2023.0,20240519.0,21336.0,30777.0,MOTIVA ENTERPRISE LLC,HVL,INTRASTATE,TEXAS,0.0,0.0,0.0,0.0,3.5,97.05,124.43,44.78,1.75,4.56,0.0,276.07,0.0,0.0,0.62,40.64,0.0,0.0,0.0,0.0,0.0,0.0,0.0,41.26,0.0,0.0,0.62,40.64,3.5,97.05,124.43,44.78,1.75,4.56,0.0,317.33
2/2/2026,2023.0,20240517.0,21627.0,30777.0,MOTIVA ENTERPRISE LLC,Refined and/or Petroleum Product (non-HVL),INTRASTATE,TEXAS,0.0,0.0,0.0,0.0,0.0,0.0,0.0,25.13,2.83,1.5,0.0,29.46,0.0,12.87,1.56,2.83,0.0,1.15,0.0,0.0,0.0,0.0,0.0,18.41,0.0,12.87,1.56,2.83,0.0,1.15,0.0,25.13,2.83,1.5,0.0,47.87
2/2/2026,2023.0,20240121.0,20897.0,30781.0,OLYMPIC PIPE LINE COMPANY,Refined and/or Petroleum Product (non-HVL),INTERSTATE,OREGON,0.0,0.0,0.0,0.0,13.5,1.5,0.0,0.0,0.0,0.0,0.0,15.0,0.0,0.0,0.0,0.0,0.3,0.0,0.0,0.0,0.0,0.0,0.0,0.3,0.0,0.0,0.0,0.0,13.8,1.5,0.0,0.0,0.0,0.0,0.0,15.3
2/2/2026,2023.0,20240121.0,20897.0,30781.0,OLYMPIC PIPE LINE COMPANY,Refined and/or Petroleum Product (non-HVL),INTERSTATE,WASHINGTON,0.0,0.0,0.0,0.0,207.3,77.7,0.1,4.2,5.0,0.6,0.0,294.9,0.0,0.0,0.0,0.0,32.6,0.0,0.0,0.0,0.0,0.0,0.0,32.6,0.0,0.0,0.0,0.0,239.9,77.7,0.1,4.2,5.0,0.6,0.0,327.5
2/2/2026,2023.0,20240121.0,20897.0,30781.0,OLYMPIC PIPE LINE COMPANY,Refined and/or Petroleum Product (non-HVL),INTRASTATE,WASHINGTON,0.0,0.0,0.0,0.0,19.5,5.7,0.5,0.0,0.0,0.0,0.0,25.7,0.0,0.0,0.0,0.0,0.0,0.0,0.0,0.0,0.0,0.0,0.0,0.0,0.0,0.0,0.0,0.0,19.5,5.7,0.5,0.0,0.0,0.0,0.0,25.7
2/2/2026,2023.0,20240275.0,21615.0,30782.0,HARVEST MIDSTREAM COMPANY,Crude Oil,INTERSTATE,LOUISIANA,,,,0.627,,9.736,47.697,8.623,1.839,5.284,,73.806,,,,,,,,,,,,0.0,,,,0.627,,9.736,47.697,8.623,1.839,5.284,,73.806
2/2/2026,2023.0,20240275.0,21615.0,30782.0,HARVEST MIDSTREAM COMPANY,Crude Oil,INTERSTATE,TEXAS,,,,,,,,2.912,,,,2.912,,,,,,,,,,,,0.0,,,,,,,,2.912,,,,2.912
2/2/2026,2023.0,20240275.0,21615.0,30782.0,HARVEST MIDSTREAM COMPANY,Crude Oil,INTRASTATE,LOUISIANA,,,6.043,103.244,17.07,0.492,4.318,5.555,29.779,17.9,4.448,188.849,,,28.138,8.719,0.492,,,,,,,37.349,,,34.181,111.963,17.562,0.492,4.318,5.555,29.779,17.9,4.448,226.198
2/2/2026,2023.0,20240275.0,21615.0,30782.0,HARVEST MIDSTREAM COMPANY,Crude Oil,INTRASTATE,NORTH DAKOTA,,,,,,,,,,23.897,2.406,26.303,,,,,,,,,,,,0.0,,,,,,,,,,23.897,2.406,26.303
2/2/2026,2023.0,20240275.0,21615.0,30782.0,HARVEST MIDSTREAM COMPANY,Crude Oil,INTRASTATE,TEXAS,,,,,,17.566,,108.47,8.647,274.028,24.73,433.441,,,,,,,,,,,,0.0,,,,,,17.566,,108.47,8.647,274.028,24.73,433.441
2/2/2026,2023.0,20250022.0,21694.0,30792.0,LAMAR OIL & GAS,Crude Oil,INTRASTATE,TEXAS,,,,,,0.0,,,4.5,4.21,0.0,8.71,,,,,,,,,,,0.0,0.0,,,,,,0.0,,,4.5,4.21,0.0,8.71
2/2/2026,2023.0,20240020.0,20771.0,30825.0,CITGO PETROLEUM CORPORATION (REFINERY),HVL,INTRASTATE,LOUISIANA,0.0,0.0,0.0,0.0,0.0,0.0,0.0,0.0,0.0,0.0,0.0,0.0,0.0,0.0,0.0,0.0,0.0,0.0,0.0,0.0,0.0,0.0,0.0,0.0,0.0,0.0,0.0,0.0,0.0,0.0,0.0,0.0,0.0,0.0,0.0,0.0
2/2/2026,2023.0,20240457.0,21554.0,30826.0,WILLIAMS FIELD SERVICES,HVL,INTERSTATE,COLORADO,,,,,,,,,389.027,4.872,,393.899,,,,,,,,,,,,0.0,,,,,,,,,389.027,4.872,,393.899
2/2/2026,2023.0,20240457.0,21554.0,30826.0,WILLIAMS FIELD SERVICES,HVL,INTERSTATE,KANSAS,,,,,,,,,261.208,,0.001,261.209,,,,,,,,,,,,0.0,,,,,,,,,261.208,,0.001,261.209
2/2/2026,2023.0,20240457.0,21554.0,30826.0,WILLIAMS FIELD SERVICES,HVL,INTERSTATE,OHIO,,,,,,,,,,50.42,,50.42,,,,,,,,,,,,0.0,,,,,,,,,,50.42,,50.42
2/2/2026,2023.0,20240457.0,21554.0,30826.0,WILLIAMS FIELD SERVICES,HVL,INTERSTATE,PENNSYLVANIA,,,,,,,,,,,,0.0,,,,,,,,,,,,0.0,,,,,,,,,,,,
2/2/2026,2023.0,20240457.0,21554.0,30826.0,WILLIAMS FIELD SERVICES,HVL,INTERSTATE,WEST VIRGINIA,,,,,,,,,,0.529,,0.529,,,,,,,,,,,,0.0,,,,,,,,,,0.529,,0.529
2/2/2026,2023.0,20240457.0,21554.0,30826.0,WILLIAMS FIELD SERVICES,HVL,INTERSTATE,WYOMING,,,,,,,,,385.981,0.023,,386.004,,,,,,,,,,,,0.0,,,,,,,,,385.981,0.023,,386.004
2/2/2026,2023.0,20240457.0,21554.0,30826.0,WILLIAMS FIELD SERVICES,HVL,INTRASTATE,COLORADO,0.308,,,,,,24.396,,11.11,0.27,,36.084,,,,,,,,,,,,0.0,0.308,,,,,,24.396,,11.11,0.27,,36.084
2/2/2026,2023.0,20240457.0,21554.0,30826.0,WILLIAMS FIELD SERVICES,HVL,INTRASTATE,WEST VIRGINIA,,,,,,,,,,27.652,,27.652,,,,,,,,,,,,0.0,,,,,,,,,,27.652,,27.652
2/2/2026,2023.0,20240343.0,21595.0,30829.0,ENTERPRISE CRUDE PIPELINE LLC,Crude Oil,INTERSTATE,NEW MEXICO,0.0,0.0,0.0,0.0,0.0,0.0,5.689,0.089,24.296,52.151,0.0,82.225,0.0,0.0,0.0,0.0,0.0,0.0,0.0,0.0,0.0,0.0,0.0,0.0,0.0,0.0,0.0,0.0,0.0,0.0,5.689,0.089,24.296,52.151,0.0,82.225
2/2/2026,2023.0,20240343.0,21595.0,30829.0,ENTERPRISE CRUDE PIPELINE LLC,Crude Oil,INTERSTATE,OKLAHOMA,1.734,0.0,0.0,0.0,0.0,0.0,0.0,5.192,1.431,2.139,0.0,10.496,0.0,0.0,0.0,0.0,0.0,0.0,0.0,0.0,0.0,0.0,0.0,0.0,1.734,0.0,0.0,0.0,0.0,0.0,0.0,5.192,1.431,2.139,0.0,10.496
2/2/2026,2023.0,20240343.0,21595.0,30829.0,ENTERPRISE CRUDE PIPELINE LLC,Crude Oil,INTERSTATE,TEXAS,0.0,0.0,0.0,0.0,0.108,0.839,79.126,2.406,47.648,256.233,0.0,386.36,0.016,0.0,2.467,2.723,22.544,0.041,0.272,7.313,0.149,0.0,0.0,35.525,0.016,0.0,2.467,2.723,22.652,0.88,79.398,9.719,47.797,256.233,0.0,421.885
2/2/2026,2023.0,20240343.0,21595.0,30829.0,ENTERPRISE CRUDE PIPELINE LLC,Crude Oil,INTRASTATE,NEW MEXICO,0.0,0.0,0.0,0.0,0.0,0.0,0.0,0.0,1.774,0.0,0.0,1.774,0.0,0.0,0.0,0.0,0.0,0.0,0.0,0.0,0.0,0.0,0.0,0.0,0.0,0.0,0.0,0.0,0.0,0.0,0.0,0.0,1.774,0.0,0.0,1.774
2/2/2026,2023.0,20240343.0,21595.0,30829.0,ENTERPRISE CRUDE PIPELINE LLC,Crude Oil,INTRASTATE,TEXAS,0.776,0.0,0.0,0.0,0.0,14.916,3.587,388.762,16.487,800.801,51.565,1276.894,0.0,0.0,0.0,44.011,0.0,0.0,0.0,0.0,0.0,0.0,0.0,44.011,0.776,0.0,0.0,44.011,0.0,14.916,3.587,388.762,16.487,800.801,51.565,1320.905
2/2/2026,2023.0,20240340.0,21594.0,30829.0,ENTERPRISE CRUDE PIPELINE LLC,Refined and/or Petroleum Product (non-HVL),INTERSTATE,TEXAS,0.0,0.0,0.0,0.0,0.0,0.0,0.0,0.0,0.0,0.0,0.0,0.0,0.0,0.0,0.0,0.0,0.0,0.0,0.0,0.0,21.443,0.0,0.0,21.443,0.0,0.0,0.0,0.0,0.0,0.0,0.0,0.0,21.443,0.0,0.0,21.443
2/2/2026,2023.0,20240340.0,21594.0,30829.0,ENTERPRISE CRUDE PIPELINE LLC,Refined and/or Petroleum Product (non-HVL),INTRASTATE,TEXAS,0.0,0.0,0.0,0.0,0.0,0.0,0.0,1.908,0.0,0.0,0.0,1.908,0.0,0.0,0.0,0.0,0.0,0.0,0.0,0.0,0.0,0.0,0.0,0.0,0.0,0.0,0.0,0.0,0.0,0.0,0.0,1.908,0.0,0.0,0.0,1.908
2/2/2026,2023.0,20240439.0,21255.0,30834.0,TIDELANDS OIL PRODUCTION COMPANY,Crude Oil,INTRASTATE,CALIFORNIA,,,,,,,,,,,,0.0,,,,,,,,,,,,0.0,,,,,,,,,,,,
2/2/2026,2023.0,20240105.0,20876.0,30901.0,MENZIES AVIATION,Refined and/or Petroleum Product (non-HVL),INTRASTATE,ALASKA,,,,,,,,7.6,,,,7.6,,,,,,,,,,,,0.0,,,,,,,,7.6,,,,7.6
2/2/2026,2023.0,20240708.0,21534.0,30909.0,TRANSMONTAIGNE OPERATING COMPANY L.P.,Crude Oil,INTRASTATE,CALIFORNIA,0.0,0.0,0.0,0.0,0.0,0.0,0.0,1.9,0.0,0.0,0.0,1.9,0.0,0.0,0.0,0.0,0.0,0.0,0.0,0.0,0.0,0.0,0.0,0.0,0.0,0.0,0.0,0.0,0.0,0.0,0.0,1.9,0.0,0.0,0.0,1.9
2/2/2026,2023.0,20240613.0,21433.0,30909.0,TRANSMONTAIGNE OPERATING COMPANY L.P.,Refined and/or Petroleum Product (non-HVL),INTRASTATE,CALIFORNIA,0.0,0.0,0.0,0.0,0.0,2.78,0.0,2.5,0.0,1.0,0.02,6.3,0.0,0.0,0.0,0.0,0.0,0.0,0.0,0.0,0.0,0.0,0.0,0.0,0.0,0.0,0.0,0.0,0.0,2.78,0.0,2.5,0.0,1.0,0.02,6.3
2/2/2026,2023.0,20240613.0,21433.0,30909.0,TRANSMONTAIGNE OPERATING COMPANY L.P.,Refined and/or Petroleum Product (non-HVL),INTRASTATE,GEORGIA,0.0,0.0,0.0,0.0,0.0,0.0,0.0,0.0,0.58,0.0,0.0,0.58,0.0,0.0,0.0,0.0,0.0,0.0,0.0,0.0,0.0,0.0,0.0,0.0,0.0,0.0,0.0,0.0,0.0,0.0,0.0,0.0,0.58,0.0,0.0,0.58
2/2/2026,2023.0,20240613.0,21433.0,30909.0,TRANSMONTAIGNE OPERATING COMPANY L.P.,Refined and/or Petroleum Product (non-HVL),INTRASTATE,MISSISSIPPI,0.0,0.0,0.0,0.0,0.0,2.25,1.69,0.0,0.83,0.07,0.0,4.84,0.0,0.0,0.0,0.5,0.9,0.0,0.0,0.0,0.0,0.0,0.0,1.4,0.0,0.0,0.0,0.5,0.9,2.25,1.69,0.0,0.83,0.07,0.0,6.24
2/2/2026,2023.0,20240613.0,21433.0,30909.0,TRANSMONTAIGNE OPERATING COMPANY L.P.,Refined and/or Petroleum Product (non-HVL),INTRASTATE,TEXAS,0.0,0.0,0.0,0.0,0.0,0.0,0.0,16.0,16.29,0.45,0.0,32.74,0.0,0.0,0.0,0.0,0.0,0.0,0.0,0.0,0.0,0.0,0.0,0.0,0.0,0.0,0.0,0.0,0.0,0.0,0.0,16.0,16.29,0.45,0.0,32.74
2/2/2026,2023.0,20240458.0,21275.0,30940.0,"WILLIAMS ENERGY, LLC",HVL,INTRASTATE,LOUISIANA,0.0,0.0,0.0,15.08,0.0,0.0,0.0,6.27,0.98,0.73,0.0,23.06,0.0,0.0,0.0,0.0,0.0,0.0,0.0,0.0,0.0,0.0,0.0,0.0,0.0,0.0,0.0,15.08,0.0,0.0,0.0,6.27,0.98,0.73,0.0,23.06
2/2/2026,2023.0,20240213.0,21020.0,30959.0,"DOW INFRACO, LLC",HVL,INTRASTATE,TEXAS,0.0,0.0,0.0,0.0,0.0,15.33,9.81,19.38,6.4,6.69,0.21,57.82,6.15,1.3,0.0,0.0,23.49,0.0,0.0,0.0,0.0,0.0,,30.94,6.15,1.3,0.0,0.0,23.49,15.33,9.81,19.38,6.4,6.69,0.21,88.76
2/2/2026,2023.0,20240215.0,21046.0,30959.0,"DOW INFRACO, LLC",Refined and/or Petroleum Product (non-HVL),INTRASTATE,TEXAS,,0.0,0.0,0.0,0.0,0.06,7.11,20.97,12.99,0.65,8.44,50.22,0.89,0.0,0.0,0.0,6.04,0.0,,,0.0,0.0,0.0,6.93,0.89,0.0,0.0,0.0,6.04,0.06,7.11,20.97,12.99,0.65,8.44,57.15
2/2/2026,2023.0,20240399.0,21213.0,31023.0,CITGO REFINING & CHEMICAL CO. L.P.,Crude Oil,INTRASTATE,TEXAS,0.0,0.0,0.0,0.0,0.0,0.0,0.0,0.0,0.0,0.0,0.0,0.0,0.0,0.0,0.0,0.0,0.0,0.0,0.0,0.0,0.0,0.0,0.0,0.0,0.0,0.0,0.0,0.0,0.0,0.0,0.0,0.0,0.0,0.0,0.0,0.0
2/2/2026,2023.0,20240401.0,21215.0,31023.0,CITGO REFINING & CHEMICAL CO. L.P.,HVL,INTRASTATE,TEXAS,0.0,0.0,0.0,0.0,0.0,0.0,4.93,0.0,0.0,0.0,0.0,4.93,0.0,0.0,0.0,0.0,0.0,0.0,0.0,0.0,0.0,0.0,0.0,0.0,0.0,0.0,0.0,0.0,0.0,0.0,4.93,0.0,0.0,0.0,0.0,4.93
2/2/2026,2023.0,20240400.0,21214.0,31023.0,CITGO REFINING & CHEMICAL CO. L.P.,Refined and/or Petroleum Product (non-HVL),INTRASTATE,TEXAS,,0.91,0.0,0.0,0.0,0.0,38.9,0.0,0.0,0.0,0.0,39.81,0.0,,0.0,0.0,0.0,0.0,0.0,,0.0,0.0,0.0,0.0,0.0,0.91,0.0,0.0,0.0,0.0,38.9,0.0,0.0,0.0,0.0,39.81
2/2/2026,2023.0,20240480.0,21297.0,31045.0,"GENESIS PIPELINE USA, L.P.",Crude Oil,INTERSTATE,ALABAMA,0.0,0.0,0.0,0.0,0.0,12.66,5.19,13.16,0.0,0.0,0.0,31.01,0.0,0.0,0.0,0.0,0.0,0.0,0.0,0.0,0.0,0.0,0.0,0.0,0.0,0.0,0.0,0.0,0.0,12.66,5.19,13.16,0.0,0.0,0.0,31.01
2/2/2026,2023.0,20240480.0,21297.0,31045.0,"GENESIS PIPELINE USA, L.P.",Crude Oil,INTERSTATE,FLORIDA,0.0,0.0,0.0,0.0,0.0,40.91,0.42,0.0,0.0,0.0,0.0,41.33,0.0,0.0,0.0,0.0,0.0,0.0,0.0,0.0,0.0,0.0,0.0,0.0,0.0,0.0,0.0,0.0,0.0,40.91,0.42,0.0,0.0,0.0,0.0,41.33
2/2/2026,2023.0,20240480.0,21297.0,31045.0,"GENESIS PIPELINE USA, L.P.",Crude Oil,INTERSTATE,LOUISIANA,0.0,0.0,0.0,0.0,0.0,0.0,0.0,0.0,0.0,31.31,0.0,31.31,0.0,0.0,0.0,0.0,0.0,0.0,0.0,0.0,0.0,0.0,0.0,0.0,0.0,0.0,0.0,0.0,0.0,0.0,0.0,0.0,0.0,31.31,0.0,31.31
2/2/2026,2023.0,20240480.0,21297.0,31045.0,"GENESIS PIPELINE USA, L.P.",Crude Oil,INTERSTATE,MISSISSIPPI,0.0,0.0,0.0,0.0,0.0,0.0,0.0,0.0,11.27,0.0,0.0,11.27,0.0,2.85,0.0,0.0,17.71,0.0,0.0,0.0,0.0,0.0,0.0,20.56,0.0,2.85,0.0,0.0,17.71,0.0,0.0,0.0,11.27,0.0,0.0,31.83
2/2/2026,2023.0,20240080.0,20837.0,31049.0,MCCHORD PIPELINE CO.,Refined and/or Petroleum Product (non-HVL),INTRASTATE,WASHINGTON,,,,,,,,,,,0.0,0.0,,,,,13.25,,,,,,0.0,13.25,,,,,13.25,,,,,,0.0,13.25
2/2/2026,2023.0,20240158.0,21590.0,31051.0,"TIDEWATER, INC",Refined and/or Petroleum Product (non-HVL),INTRASTATE,OREGON,0.0,0.0,0.0,0.0,0.0,10.56,0.0,0.0,0.0,0.0,0.0,10.56,0.0,0.0,0.0,0.0,0.0,0.0,0.0,0.0,0.0,0.0,0.0,0.0,0.0,0.0,0.0,0.0,0.0,10.56,0.0,0.0,0.0,0.0,0.0,10.56
2/2/2026,2023.0,20240158.0,21590.0,31051.0,"TIDEWATER, INC",Refined and/or Petroleum Product (non-HVL),INTRASTATE,WASHINGTON,0.0,0.0,0.0,0.0,0.0,0.0,1.67,4.04,1.02,0.1,,6.83,0.0,0.0,0.0,0.0,0.0,0.0,0.0,0.0,0.0,0.0,,0.0,0.0,0.0,0.0,0.0,0.0,0.0,1.67,4.04,1.02,0.1,,6.83
2/2/2026,2023.0,20240234.0,21041.0,31056.0,"SIGNATURE FLIGHT SUPPORT, M&O _ HONOLULU",Refined and/or Petroleum Product (non-HVL),INTRASTATE,HAWAII,,,,,,,,,,,0.0,0.0,,,,,3.0,,,,,,0.0,3.0,,,,,3.0,,,,,,0.0,3.0
2/2/2026,2023.0,20240132.0,20918.0,31057.0,"HECO - HAWAIIAN ELECTRIC COMPANY, INC.",Refined and/or Petroleum Product (non-HVL),INTRASTATE,HAWAII,0.0,0.0,0.0,0.0,0.0,0.0,0.0,0.0,13.01,0.0,0.29,13.3,0.0,0.0,0.0,0.0,0.0,0.0,0.0,0.0,0.0,0.0,0.0,0.0,0.0,0.0,0.0,0.0,0.0,0.0,0.0,0.0,13.01,0.0,0.29,13.3
2/2/2026,2023.0,20240345.0,21156.0,31059.0,BASF CORPORATION,HVL,INTRASTATE,TEXAS,,,,,,0.24,7.24,,,,,7.48,,,,,,,,,,,,0.0,,,,,,0.24,7.24,,,,,7.48
2/2/2026,2023.0,20240667.0,21683.0,31075.0,E&B NATURAL RESOURCES MANAGEMENT CORP,Crude Oil,INTRASTATE,CALIFORNIA,,,,,,,,,,,,0.0,,,,,,,,,,,,0.0,,,,,,,,,,,,
2/2/2026,2023.0,20240242.0,21050.0,31083.0,HAWAII ELECTRIC LIGHT,Refined and/or Petroleum Product (non-HVL),INTRASTATE,HAWAII,0.0,0.0,0.0,0.0,0.0,0.44,0.0,0.0,0.02,0.0,0.0,0.46,0.0,0.0,0.0,0.54,1.0,0.0,0.0,,0.0,0.0,0.0,1.54,0.0,0.0,0.0,0.54,1.0,0.44,0.0,0.0,0.02,0.0,0.0,2.0
2/2/2026,2023.0,20240534.0,21351.0,31130.0,"DCP MIDSTREAM, LP",HVL,INTERSTATE,COLORADO,0.0,0.0,0.0,0.0,0.0,173.357,0.004,35.446,2.124,9.664,0.0,220.595,0.0,0.0,0.0,0.0,0.0,0.0,0.0,0.0,0.0,0.0,0.0,0.0,0.0,0.0,0.0,0.0,0.0,173.357,0.004,35.446,2.124,9.664,0.0,220.595
2/2/2026,2023.0,20240534.0,21351.0,31130.0,"DCP MIDSTREAM, LP",HVL,INTERSTATE,KANSAS,0.0,0.0,0.0,0.0,0.0,208.916,0.019,0.052,0.177,22.99,0.0,232.154,0.0,0.0,0.0,0.0,0.0,0.0,0.0,0.0,0.0,0.0,0.0,0.0,0.0,0.0,0.0,0.0,0.0,208.916,0.019,0.052,0.177,22.99,0.0,232.154
2/2/2026,2023.0,20240534.0,21351.0,31130.0,"DCP MIDSTREAM, LP",HVL,INTERSTATE,LOUISIANA,0.0,0.0,0.0,0.0,0.0,0.21,0.066,46.451,0.067,0.043,,46.837,0.0,0.0,0.0,0.0,128.717,0.0,0.0,0.0,0.0,0.0,,128.717,0.0,0.0,0.0,0.0,128.717,0.21,0.066,46.451,0.067,0.043,,175.554
2/2/2026,2023.0,20240534.0,21351.0,31130.0,"DCP MIDSTREAM, LP",HVL,INTERSTATE,NEW MEXICO,0.0,0.0,0.0,0.0,0.0,0.0,0.0,0.0,0.0,45.456,0.0,45.456,0.0,0.0,0.0,0.0,0.0,0.0,0.0,0.0,0.0,0.0,0.0,0.0,0.0,0.0,0.0,0.0,0.0,0.0,0.0,0.0,0.0,45.456,0.0,45.456
2/2/2026,2023.0,20240534.0,21351.0,31130.0,"DCP MIDSTREAM, LP",HVL,INTERSTATE,OKLAHOMA,0.0,0.0,0.0,0.0,0.0,0.0,20.343,0.505,0.056,398.024,0.0,418.928,0.0,0.0,0.0,46.152,87.994,0.0,0.0,0.0,0.0,0.0,0.0,134.146,0.0,0.0,0.0,46.152,87.994,0.0,20.343,0.505,0.056,398.024,0.0,553.074
2/2/2026,2023.0,20240534.0,21351.0,31130.0,"DCP MIDSTREAM, LP",HVL,INTERSTATE,TEXAS,0.0,0.0,0.0,0.0,0.0,5.426,0.0,12.096,1.965,48.019,0.0,67.506,0.0,0.0,0.0,354.703,119.92,0.0,0.0,0.0,0.0,0.0,,474.623,0.0,0.0,0.0,354.703,119.92,5.426,0.0,12.096,1.965,48.019,0.0,542.129
2/2/2026,2023.0,20240534.0,21351.0,31130.0,"DCP MIDSTREAM, LP",HVL,INTRASTATE,COLORADO,0.0,0.0,0.0,0.0,0.0,0.0,17.453,0.0,0.183,21.886,0.0,39.522,13.188,,,,,,,,,,,13.188,13.188,0.0,0.0,0.0,0.0,0.0,17.453,0.0,0.183,21.886,0.0,52.71
2/2/2026,2023.0,20240534.0,21351.0,31130.0,"DCP MIDSTREAM, LP",HVL,INTRASTATE,MICHIGAN,0.0,0.0,0.0,0.0,0.0,3.402,0.0,0.282,0.0,0.546,0.972,5.202,0.031,,,,,,,,,,,0.031,0.031,0.0,0.0,0.0,0.0,3.402,0.0,0.282,0.0,0.546,0.972,5.233
2/2/2026,2023.0,20240534.0,21351.0,31130.0,"DCP MIDSTREAM, LP",HVL,INTRASTATE,TEXAS,0.0,0.0,0.0,,0.0,0.0,,48.616,140.735,1236.264,6.383,1431.998,4.824,0.0,0.0,0.0,0.0,0.0,0.0,0.0,0.0,0.0,0.0,4.824,4.824,0.0,0.0,0.0,0.0,0.0,0.0,48.616,140.735,1236.264,6.383,1436.822
2/2/2026,2023.0,20240537.0,21354.0,31130.0,"DCP MIDSTREAM, LP",Refined and/or Petroleum Product (non-HVL),INTRASTATE,NEW MEXICO,0.0,0.0,0.0,0.0,0.0,0.0,0.0,0.0,0.439,2.569,0.0,3.008,0.0,0.0,0.0,0.0,0.0,0.0,0.0,0.0,0.0,0.0,0.0,0.0,0.0,0.0,0.0,0.0,0.0,0.0,0.0,0.0,0.439,2.569,0.0,3.008
2/2/2026,2023.0,20240162.0,20958.0,31135.0,PETRO-DIAMOND TERMINAL COMPANY,Refined and/or Petroleum Product (non-HVL),INTRASTATE,CALIFORNIA,,,,,,,,,,,,0.0,,,,,,,,,,,,0.0,,,,,,,,,,,,
2/2/2026,2023.0,20240170.0,20966.0,31136.0,WICKLAND PIPELINES LLC,Refined and/or Petroleum Product (non-HVL),INTRASTATE,CALIFORNIA,,,,,,,,,9.68,7.89,,17.57,,,,,,,,,,,,0.0,,,,,,,,,9.68,7.89,,17.57
2/2/2026,2023.0,20240502.0,21319.0,31166.0,MUSTANG  PIPE  LINE  LLC,Crude Oil,INTERSTATE,ILLINOIS,,,,,,,,0.73,0.05,0.07,0.0,0.85,,,,,,,,,,,0.0,0.0,,,,,,,,0.73,0.05,0.07,0.0,0.85
2/2/2026,2023.0,20240379.0,21193.0,31167.0,MOEM PIPELINE LLC,Crude Oil,INTERSTATE,LOUISIANA,0.0,0.0,0.0,0.0,0.0,54.54,0.0,0.03,0.33,0.8,0.0,55.7,0.0,0.0,0.0,0.0,0.0,0.02,0.0,0.0,0.0,0.0,0.0,0.02,0.0,0.0,0.0,0.0,0.0,54.56,0.0,0.03,0.33,0.8,0.0,55.72
2/2/2026,2023.0,20240654.0,21475.0,31174.0,"SHELL PIPELINE CO., L.P.",Crude Oil,INTERSTATE,ILLINOIS,0.0,0.0,0.0,0.0,0.0,1.11,0.0,0.0,0.0,0.0,,1.11,0.0,0.0,0.0,0.0,0.0,0.0,0.0,0.0,0.0,0.0,,0.0,0.0,0.0,0.0,0.0,0.0,1.11,0.0,0.0,0.0,0.0,,1.11
2/2/2026,2023.0,20240654.0,21475.0,31174.0,"SHELL PIPELINE CO., L.P.",Crude Oil,INTERSTATE,LOUISIANA,0.0,0.0,0.0,0.0,59.67,0.09,77.02,60.98,8.28,4.4,0.58,211.02,0.0,0.0,0.0,4.05,16.55,31.41,0.0,0.0,0.0,0.0,0.0,52.01,0.0,0.0,0.0,4.05,76.22,31.5,77.02,60.98,8.28,4.4,0.58,263.03
2/2/2026,2023.0,20240654.0,21475.0,31174.0,"SHELL PIPELINE CO., L.P.",Crude Oil,INTERSTATE,OCS-Gulf of Mexico,0.0,0.0,0.0,0.0,0.0,0.0,0.0,180.72,44.22,39.64,0.25,264.83,0.0,0.0,0.0,0.0,0.0,0.0,0.0,0.0,0.0,0.0,,0.0,0.0,0.0,0.0,0.0,0.0,0.0,0.0,180.72,44.22,39.64,0.25,264.83
2/2/2026,2023.0,20240654.0,21475.0,31174.0,"SHELL PIPELINE CO., L.P.",Crude Oil,INTERSTATE,TEXAS,0.0,0.0,0.0,0.0,0.0,0.0,0.03,7.61,5.6,1.4,4.06,18.7,0.0,0.0,52.5,0.0,4.16,0.0,0.0,0.0,0.0,0.0,0.0,56.66,0.0,0.0,52.5,0.0,4.16,0.0,0.03,7.61,5.6,1.4,4.06,75.36
2/2/2026,2023.0,20240677.0,21499.0,31174.0,"SHELL PIPELINE CO., L.P.",HVL,INTERSTATE,LOUISIANA,0.0,0.0,0.0,0.0,0.0,218.52,18.92,18.75,3.06,0.0,0.0,259.25,0.0,0.0,0.0,0.0,0.0,0.0,0.0,0.0,0.0,0.0,,0.0,0.0,0.0,0.0,0.0,0.0,218.52,18.92,18.75,3.06,0.0,0.0,259.25
2/2/2026,2023.0,20240677.0,21499.0,31174.0,"SHELL PIPELINE CO., L.P.",HVL,INTERSTATE,OHIO,,,,,,,,,,,43.62,43.62,,,,,,,,,,,,0.0,,,,,,,,,,,43.62,43.62
2/2/2026,2023.0,20240677.0,21499.0,31174.0,"SHELL PIPELINE CO., L.P.",HVL,INTERSTATE,PENNSYLVANIA,,,,,,,,,,,45.8,45.8,,,,,,,,,,,,0.0,,,,,,,,,,,45.8,45.8
2/2/2026,2023.0,20240677.0,21499.0,31174.0,"SHELL PIPELINE CO., L.P.",HVL,INTERSTATE,TEXAS,0.0,0.0,0.0,0.0,0.0,88.96,0.98,0.12,0.31,0.0,0.0,90.37,0.0,0.0,0.0,0.0,14.03,0.0,0.0,0.0,0.0,0.0,0.0,14.03,0.0,0.0,0.0,0.0,14.03,88.96,0.98,0.12,0.31,0.0,0.0,104.4
2/2/2026,2023.0,20240677.0,21499.0,31174.0,"SHELL PIPELINE CO., L.P.",HVL,INTERSTATE,WEST VIRGINIA,,,,,,,,,,,8.71,8.71,,,,,,,,,,,,0.0,,,,,,,,,,,8.71,8.71
2/2/2026,2023.0,20240677.0,21499.0,31174.0,"SHELL PIPELINE CO., L.P.",HVL,INTRASTATE,LOUISIANA,0.0,0.0,0.0,0.0,0.0,22.68,0.0,20.39,1.69,0.0,,44.76,0.0,0.0,0.0,0.0,0.0,0.04,0.0,0.0,0.0,0.0,,0.04,0.0,0.0,0.0,0.0,0.0,22.72,0.0,20.39,1.69,0.0,,44.8
2/2/2026,2023.0,20240677.0,21499.0,31174.0,"SHELL PIPELINE CO., L.P.",HVL,INTRASTATE,TEXAS,0.0,0.0,0.0,0.0,14.25,48.14,1.77,20.95,7.14,0.55,0.0,92.8,0.0,0.0,0.0,1.28,1.5,0.0,0.0,0.0,0.0,0.0,0.0,2.78,0.0,0.0,0.0,1.28,15.75,48.14,1.77,20.95,7.14,0.55,0.0,95.58
2/2/2026,2023.0,20240678.0,21500.0,31174.0,"SHELL PIPELINE CO., L.P.",Refined and/or Petroleum Product (non-HVL),INTERSTATE,ILLINOIS,,,,,,,,,,0.14,,0.14,,,,,,,,,,,,0.0,,,,,,,,,,0.14,,0.14
2/2/2026,2023.0,20240678.0,21500.0,31174.0,"SHELL PIPELINE CO., L.P.",Refined and/or Petroleum Product (non-HVL),INTERSTATE,LOUISIANA,0.0,0.0,0.0,0.0,0.0,0.0,18.69,0.22,75.0,0.46,0.0,94.37,0.0,0.0,0.0,9.62,52.78,0.0,0.0,0.0,0.0,0.0,0.0,62.4,0.0,0.0,0.0,9.62,52.78,0.0,18.69,0.22,75.0,0.46,0.0,156.77
2/2/2026,2023.0,20240678.0,21500.0,31174.0,"SHELL PIPELINE CO., L.P.",Refined and/or Petroleum Product (non-HVL),INTERSTATE,TEXAS,,,,,,,,7.44,,,,7.44,,,,,,,,,,,,0.0,,,,,,,,7.44,,,,7.44
2/2/2026,2023.0,20240678.0,21500.0,31174.0,"SHELL PIPELINE CO., L.P.",Refined and/or Petroleum Product (non-HVL),INTRASTATE,CALIFORNIA,,,,0.0,0.0,16.35,6.52,0.06,2.85,0.0,,25.78,,,,1.26,24.7,0.0,0.0,0.0,0.0,,,25.96,,,,1.26,24.7,16.35,6.52,0.06,2.85,0.0,,51.74
2/2/2026,2023.0,20240678.0,21500.0,31174.0,"SHELL PIPELINE CO., L.P.",Refined and/or Petroleum Product (non-HVL),INTRASTATE,ILLINOIS,,,,0.0,,,,,,,,0.0,,,,3.4,,,,,,,,3.4,,,,3.4,,,,,,,,3.4
2/2/2026,2023.0,20240678.0,21500.0,31174.0,"SHELL PIPELINE CO., L.P.",Refined and/or Petroleum Product (non-HVL),INTRASTATE,LOUISIANA,,,,,,9.69,,,0.01,,,9.7,,,,,,0.0,,,,,,0.0,,,,,,9.69,,,0.01,,,9.7
2/2/2026,2023.0,20240678.0,21500.0,31174.0,"SHELL PIPELINE CO., L.P.",Refined and/or Petroleum Product (non-HVL),INTRASTATE,TEXAS,,,,,,0.56,0.0,9.8,2.14,0.0,,12.5,,,,,,0.0,,0.0,0.0,,,0.0,,,,,,0.56,0.0,9.8,2.14,0.0,,12.5
2/2/2026,2023.0,20240477.0,21294.0,31178.0,XTO ENERGY INC,CO2,INTRASTATE,TEXAS,,,,,,,,,,,,0.0,,,,,,,,,,,,0.0,,,,,,,,,,,,
2/2/2026,2023.0,20240478.0,21295.0,31178.0,XTO ENERGY INC,Crude Oil,INTRASTATE,NEW MEXICO,,,,,,,,,,20.0,139.2,159.2,,,,,,,,,,,,0.0,,,,,,,,,,20.0,139.2,159.2
2/2/2026,2023.0,20240478.0,21295.0,31178.0,XTO ENERGY INC,Crude Oil,INTRASTATE,TEXAS,,,,,,,,,,12.5,,12.5,,,,,,,,,,,,0.0,,,,,,,,,,12.5,,12.5
2/2/2026,2023.0,20240476.0,21293.0,31178.0,XTO ENERGY INC,HVL,INTRASTATE,LOUISIANA,,,,,,,,,,,,0.0,,,,,,,,,,,,0.0,,,,,,,,,,,,
2/2/2026,2023.0,20240476.0,21293.0,31178.0,XTO ENERGY INC,HVL,INTRASTATE,NEW MEXICO,,,,,,,,,,,92.3,92.3,,,,,,,,,,,,0.0,,,,,,,,,,,92.3,92.3
2/2/2026,2023.0,20240476.0,21293.0,31178.0,XTO ENERGY INC,HVL,INTRASTATE,TEXAS,,,,,,,,,,,,0.0,,,,,,,,,,,,0.0,,,,,,,,,,,,
2/2/2026,2023.0,20240125.0,20901.0,31189.0,BP PIPELINE (NORTH AMERICA) INC.,Crude Oil,INTERSTATE,ILLINOIS,0.0,0.0,0.0,0.0,27.3,0.0,0.3,7.0,0.5,0.3,0.0,35.4,0.0,0.0,0.0,40.7,0.0,0.0,0.0,0.0,0.0,0.0,0.0,40.7,0.0,0.0,0.0,40.7,27.3,0.0,0.3,7.0,0.5,0.3,0.0,76.1
2/2/2026,2023.0,20240125.0,20901.0,31189.0,BP PIPELINE (NORTH AMERICA) INC.,Crude Oil,INTERSTATE,INDIANA,0.0,0.0,0.0,0.0,0.0,0.1,0.0,1.1,1.6,1.4,0.0,4.2,0.0,0.0,0.0,7.8,0.0,0.8,0.0,0.0,0.0,0.0,0.0,8.6,0.0,0.0,0.0,7.8,0.0,0.9,0.0,1.1,1.6,1.4,0.0,12.8
2/2/2026,2023.0,20240125.0,20901.0,31189.0,BP PIPELINE (NORTH AMERICA) INC.,Crude Oil,INTERSTATE,IOWA,0.0,0.0,0.0,0.0,0.0,0.0,0.0,0.0,0.2,0.0,0.0,0.2,0.0,0.0,0.0,0.0,0.0,0.0,0.0,0.0,0.0,0.0,0.0,0.0,0.0,0.0,0.0,0.0,0.0,0.0,0.0,0.0,0.2,0.0,0.0,0.2
2/2/2026,2023.0,20240125.0,20901.0,31189.0,BP PIPELINE (NORTH AMERICA) INC.,Crude Oil,INTERSTATE,KANSAS,0.0,0.0,0.0,0.0,0.0,0.2,0.2,0.0,0.1,0.0,0.0,0.5,0.0,0.0,0.0,0.0,0.0,0.0,0.0,0.0,0.0,0.0,0.0,0.0,0.0,0.0,0.0,0.0,0.0,0.2,0.2,0.0,0.1,0.0,0.0,0.5
2/2/2026,2023.0,20240125.0,20901.0,31189.0,BP PIPELINE (NORTH AMERICA) INC.,Crude Oil,INTERSTATE,MISSOURI,0.0,0.0,0.0,0.0,0.0,0.3,0.2,0.7,1.6,0.1,0.0,2.9,0.0,0.0,0.0,0.0,0.1,0.0,0.0,0.0,0.0,0.0,0.0,0.1,0.0,0.0,0.0,0.0,0.1,0.3,0.2,0.7,1.6,0.1,0.0,3.0
2/2/2026,2023.0,20240125.0,20901.0,31189.0,BP PIPELINE (NORTH AMERICA) INC.,Crude Oil,INTERSTATE,OKLAHOMA,0.0,0.0,0.0,0.0,0.0,0.0,0.5,0.5,0.0,0.0,,1.0,0.0,0.0,0.0,0.0,0.0,0.0,0.0,0.0,0.0,0.0,,0.0,0.0,0.0,0.0,0.0,0.0,0.0,0.5,0.5,0.0,0.0,,1.0
2/2/2026,2023.0,20240125.0,20901.0,31189.0,BP PIPELINE (NORTH AMERICA) INC.,Crude Oil,INTRASTATE,WASHINGTON,0.0,0.0,0.0,0.0,0.0,0.0,0.0,0.0,0.5,0.0,0.0,0.5,0.0,0.0,0.0,0.0,0.0,4.8,0.0,0.0,0.0,0.0,0.0,4.8,0.0,0.0,0.0,0.0,0.0,4.8,0.0,0.0,0.5,0.0,0.0,5.3
2/2/2026,2023.0,20240123.0,20899.0,31189.0,BP PIPELINE (NORTH AMERICA) INC.,HVL,INTERSTATE,INDIANA,0.0,0.0,0.0,0.0,0.0,0.0,0.0,0.0,0.0,0.0,0.0,0.0,0.0,0.0,0.0,0.0,0.0,0.0,0.0,0.0,0.0,0.0,0.0,0.0,0.0,0.0,0.0,0.0,0.0,0.0,0.0,0.0,0.0,0.0,0.0,0.0
2/2/2026,2023.0,20240123.0,20899.0,31189.0,BP PIPELINE (NORTH AMERICA) INC.,HVL,INTRASTATE,WASHINGTON,0.0,0.0,0.0,0.0,0.0,0.0,4.8,0.1,0.0,0.0,,4.9,0.0,0.0,0.0,0.0,0.0,0.0,0.0,0.0,0.0,0.0,,0.0,0.0,0.0,0.0,0.0,0.0,0.0,4.8,0.1,0.0,0.0,,4.9
2/2/2026,2023.0,20240124.0,20900.0,31189.0,BP PIPELINE (NORTH AMERICA) INC.,Refined and/or Petroleum Product (non-HVL),INTERSTATE,ALABAMA,0.0,0.0,0.0,0.0,0.0,25.8,0.0,0.1,0.0,0.0,,25.9,0.0,0.0,0.0,0.0,0.0,0.0,0.0,0.0,0.0,0.0,,0.0,0.0,0.0,0.0,0.0,0.0,25.8,0.0,0.1,0.0,0.0,,25.9
2/2/2026,2023.0,20240124.0,20900.0,31189.0,BP PIPELINE (NORTH AMERICA) INC.,Refined and/or Petroleum Product (non-HVL),INTERSTATE,ILLINOIS,0.0,0.0,0.0,0.0,0.0,135.0,0.1,0.4,0.0,0.1,0.0,135.6,0.0,10.4,0.0,0.0,0.0,0.0,0.0,0.0,0.0,0.0,0.0,10.4,0.0,10.4,0.0,0.0,0.0,135.0,0.1,0.4,0.0,0.1,0.0,146.0
2/2/2026,2023.0,20240124.0,20900.0,31189.0,BP PIPELINE (NORTH AMERICA) INC.,Refined and/or Petroleum Product (non-HVL),INTERSTATE,INDIANA,0.0,0.0,0.0,0.0,0.0,134.0,2.7,3.7,0.0,0.2,0.0,140.6,0.0,0.0,0.0,0.0,0.0,0.0,0.0,0.0,0.0,0.0,0.0,0.0,0.0,0.0,0.0,0.0,0.0,134.0,2.7,3.7,0.0,0.2,0.0,140.6
2/2/2026,2023.0,20240124.0,20900.0,31189.0,BP PIPELINE (NORTH AMERICA) INC.,Refined and/or Petroleum Product (non-HVL),INTERSTATE,KANSAS,0.0,0.0,0.0,0.0,0.0,0.0,0.0,1.1,0.0,0.0,,1.1,0.0,0.0,0.0,1.3,0.0,0.0,0.0,0.0,0.0,0.0,,1.3,0.0,0.0,0.0,1.3,0.0,0.0,0.0,1.1,0.0,0.0,,2.4
2/2/2026,2023.0,20240124.0,20900.0,31189.0,BP PIPELINE (NORTH AMERICA) INC.,Refined and/or Petroleum Product (non-HVL),INTERSTATE,KENTUCKY,0.0,0.0,0.0,0.0,0.0,97.0,0.0,0.3,0.0,0.0,0.0,97.3,0.0,0.0,0.0,0.0,0.0,0.0,0.0,0.0,0.0,0.0,0.0,0.0,0.0,0.0,0.0,0.0,0.0,97.0,0.0,0.3,0.0,0.0,0.0,97.3
2/2/2026,2023.0,20240124.0,20900.0,31189.0,BP PIPELINE (NORTH AMERICA) INC.,Refined and/or Petroleum Product (non-HVL),INTERSTATE,MISSOURI,0.0,0.0,0.0,0.0,0.0,0.0,0.0,0.0,0.0,0.0,,0.0,0.0,0.0,0.0,7.1,0.0,0.0,0.0,0.0,0.0,0.0,,7.1,0.0,0.0,0.0,7.1,0.0,0.0,0.0,0.0,0.0,0.0,,7.1
2/2/2026,2023.0,20240124.0,20900.0,31189.0,BP PIPELINE (NORTH AMERICA) INC.,Refined and/or Petroleum Product (non-HVL),INTERSTATE,TENNESSEE,0.0,0.0,0.0,0.0,0.0,126.9,0.0,0.1,0.8,0.0,0.0,127.8,0.0,0.0,0.0,0.0,0.0,0.0,0.0,0.0,0.0,0.0,0.0,0.0,0.0,0.0,0.0,0.0,0.0,126.9,0.0,0.1,0.8,0.0,0.0,127.8
2/2/2026,2023.0,20240072.0,20824.0,31199.0,ALLIANCE PIPELINE L.P.,HVL,INTRASTATE,NORTH DAKOTA,0.0,0.0,0.0,0.0,0.0,0.0,0.0,0.0,0.0,0.26,0.0,0.26,0.0,0.0,0.0,0.0,0.0,0.0,0.0,0.0,0.0,0.0,0.0,0.0,0.0,0.0,0.0,0.0,0.0,0.0,0.0,0.0,0.0,0.26,0.0,0.26
2/2/2026,2023.0,20240440.0,21256.0,31228.0,"CALIFORNIA RESOURCES ELK HILLS, LLC",HVL,INTRASTATE,CALIFORNIA,,,,,,,,,,,,0.0,,,,,,,,,,,,0.0,,,,,,,,,,,,
2/2/2026,2023.0,20240441.0,21257.0,31228.0,"CALIFORNIA RESOURCES ELK HILLS, LLC",Refined and/or Petroleum Product (non-HVL),INTRASTATE,CALIFORNIA,,,,,,,,,,,,0.0,,,,,,,,,,,,0.0,,,,,,,,,,,,
2/2/2026,2023.0,20240665.0,21486.0,31256.0,"JGE GAS SOLUTIONS, LP",HVL,INTRASTATE,TEXAS,,,,,,,,,22.46,,,22.46,,,,,14.29,,,,,,,14.29,,,,,14.29,,,,22.46,,,36.75
2/2/2026,2023.0,20240098.0,21604.0,31285.0,HOUSTON AMMONIA TERMINAL,HVL,INTRASTATE,TEXAS,,,,,,,6.2,,,,,6.2,,,,,,,,,,,,0.0,,,,,,,6.2,,,,,6.2
2/2/2026,2023.0,20240019.0,20770.0,31312.0,WEST PHOENIX POWER PLANT,Refined and/or Petroleum Product (non-HVL),INTRASTATE,ARIZONA,0.0,0.0,0.0,0.0,0.0,2.0,0.0,0.0,0.0,0.0,0.0,2.0,0.0,0.0,,0.0,0.0,0.0,0.0,0.0,0.0,0.0,0.0,0.0,0.0,0.0,0.0,0.0,0.0,2.0,0.0,0.0,0.0,0.0,0.0,2.0
2/2/2026,2023.0,20240637.0,21458.0,31371.0,"BUCKEYE DEVELOPMENT & LOGISTICS, LLC",Crude Oil,INTRASTATE,TEXAS,,,,,,,,2.116,,,21.097,23.213,,,,,,,,,,,,0.0,,,,,,,,2.116,,,21.097,23.213
2/2/2026,2023.0,20240638.0,21459.0,31371.0,"BUCKEYE DEVELOPMENT & LOGISTICS, LLC",HVL,INTERSTATE,LOUISIANA,,,,,,8.173,,,,,,8.173,,,,,,,,,,,,0.0,,,,,,8.173,,,,,,8.173
2/2/2026,2023.0,20240638.0,21459.0,31371.0,"BUCKEYE DEVELOPMENT & LOGISTICS, LLC",HVL,INTERSTATE,MICHIGAN,,,,,,,6.01,,,,,6.01,,,,,,,,,,,,0.0,,,,,,,6.01,,,,,6.01
2/2/2026,2023.0,20240638.0,21459.0,31371.0,"BUCKEYE DEVELOPMENT & LOGISTICS, LLC",HVL,INTRASTATE,LOUISIANA,,,,,,,17.203,,,,,17.203,,,,,,,,,,,,0.0,,,,,,,17.203,,,,,17.203
2/2/2026,2023.0,20240638.0,21459.0,31371.0,"BUCKEYE DEVELOPMENT & LOGISTICS, LLC",HVL,INTRASTATE,TEXAS,,,,,,29.436,,250.284,88.401,116.665,0.653,485.439,,,21.221,23.971,3.365,,,,,,,48.557,,,21.221,23.971,3.365,29.436,,250.284,88.401,116.665,0.653,533.996
2/2/2026,2023.0,20240639.0,21460.0,31371.0,"BUCKEYE DEVELOPMENT & LOGISTICS, LLC",Refined and/or Petroleum Product (non-HVL),INTERSTATE,OHIO,,,,,,,,,,1.652,,1.652,,,,,,,,,,,,0.0,,,,,,,,,,1.652,,1.652
2/2/2026,2023.0,20240639.0,21460.0,31371.0,"BUCKEYE DEVELOPMENT & LOGISTICS, LLC",Refined and/or Petroleum Product (non-HVL),INTERSTATE,TEXAS,,,,,,,,,27.774,0.002,,27.776,,,,,,,,,,,,0.0,,,,,,,,,27.774,0.002,,27.776
2/2/2026,2023.0,20240639.0,21460.0,31371.0,"BUCKEYE DEVELOPMENT & LOGISTICS, LLC",Refined and/or Petroleum Product (non-HVL),INTRASTATE,TEXAS,,,,,,,,0.596,0.328,,4.536,5.46,,,,,,,,,,,,0.0,,,,,,,,0.596,0.328,,4.536,5.46
2/2/2026,2023.0,20240231.0,21038.0,31372.0,TICONA POLYMERS INC,Refined and/or Petroleum Product (non-HVL),INTRASTATE,TEXAS,,,,,,,,,,,,0.0,,,,,,,,,,,,0.0,,,,,,,,,,,,
2/2/2026,2023.0,20240154.0,20950.0,31391.0,"LINDE GAS NORTH AMERICA, LLC",CO2,INTRASTATE,WYOMING,,,,,,,,,,,,0.0,,,,,,,,,,,,0.0,,,,,,,,,,,,
2/2/2026,2023.0,20240694.0,21516.0,31420.0,VOPAK TERMINAL LOS ANGELES INC.,Refined and/or Petroleum Product (non-HVL),INTRASTATE,CALIFORNIA,,,,,,,9.67,,,1.0,,10.67,,,,,,,,,,,,0.0,,,,,,,9.67,,,1.0,,10.67
2/2/2026,2023.0,20240308.0,21160.0,31425.0,"PALO DURO PIPELINES (TEXAS GATHERING), L.P.",HVL,INTRASTATE,TEXAS,,,,,,17.69,,,0.54,8.04,,26.27,,,,,,,,,,,,0.0,,,,,,17.69,,,0.54,8.04,,26.27
2/2/2026,2023.0,20240549.0,21366.0,31448.0,ENBRIDGE PIPELINES (TOLEDO) INC,Crude Oil,INTERSTATE,MICHIGAN,0.0,0.0,0.0,0.0,0.0,0.0,0.0,36.823,0.0,33.391,0.0,70.214,0.0,0.0,0.0,40.96,0.0,0.0,0.0,0.0,0.0,0.0,0.0,40.96,0.0,0.0,0.0,40.96,0.0,0.0,0.0,36.823,0.0,33.391,0.0,111.174
2/2/2026,2023.0,20240549.0,21366.0,31448.0,ENBRIDGE PIPELINES (TOLEDO) INC,Crude Oil,INTERSTATE,OHIO,0.0,0.0,0.0,0.0,0.0,0.0,0.0,0.004,0.0,0.0,0.0,0.004,0.0,0.0,0.0,1.77,0.0,0.0,0.0,0.0,0.0,0.0,0.0,1.77,0.0,0.0,0.0,1.77,0.0,0.0,0.0,0.004,0.0,0.0,0.0,1.774
2/2/2026,2023.0,20240394.0,21208.0,31451.0,KINDER MORGAN TEXAS PIPELINE CO,Refined and/or Petroleum Product (non-HVL),INTRASTATE,TEXAS,0.0,0.0,0.0,0.0,0.0,0.0,0.0,0.0,0.0,0.0,0.0,0.0,0.0,0.0,0.0,0.0,3.27,0.0,0.0,0.0,0.0,0.0,0.0,3.27,0.0,0.0,0.0,0.0,3.27,0.0,0.0,0.0,0.0,0.0,0.0,3.27
2/2/2026,2023.0,20240524.0,21341.0,31454.0,"NUSTAR LOGISTICS, L.P.",Crude Oil,INTERSTATE,OKLAHOMA,0.0,0.0,0.0,0.0,0.0,0.0,8.78,48.84,4.32,0.2,0.0,62.14,0.0,0.0,0.0,0.0,0.0,0.0,0.0,0.0,0.0,0.0,0.0,0.0,0.0,0.0,0.0,0.0,0.0,0.0,8.78,48.84,4.32,0.2,0.0,62.14
2/2/2026,2023.0,20240524.0,21341.0,31454.0,"NUSTAR LOGISTICS, L.P.",Crude Oil,INTERSTATE,TEXAS,0.0,0.0,0.0,0.0,0.0,0.0,0.0,1.57,0.0,31.61,0.0,33.18,0.0,0.0,0.0,30.51,0.0,0.0,0.0,0.0,0.0,0.0,0.0,30.51,0.0,0.0,0.0,30.51,0.0,0.0,0.0,1.57,0.0,31.61,0.0,63.69
2/2/2026,2023.0,20240524.0,21341.0,31454.0,"NUSTAR LOGISTICS, L.P.",Crude Oil,INTRASTATE,TEXAS,0.0,0.0,0.0,0.0,3.98,15.83,27.44,343.08,1.0,264.98,3.08,659.39,0.0,0.0,0.0,0.0,0.0,0.0,0.0,0.0,0.0,0.0,0.0,0.0,0.0,0.0,0.0,0.0,3.98,15.83,27.44,343.08,1.0,264.98,3.08,659.39
2/2/2026,2023.0,20240525.0,21342.0,31454.0,"NUSTAR LOGISTICS, L.P.",HVL,INTRASTATE,TEXAS,0.0,0.0,0.0,0.0,35.72,0.0,0.0,0.41,27.7,22.2,0.22,86.25,0.0,0.0,0.0,0.0,101.5,0.0,0.0,0.0,0.0,0.0,0.0,101.5,0.0,0.0,0.0,0.0,137.22,0.0,0.0,0.41,27.7,22.2,0.22,187.75
2/2/2026,2023.0,20240523.0,21340.0,31454.0,"NUSTAR LOGISTICS, L.P.",Refined and/or Petroleum Product (non-HVL),INTERSTATE,COLORADO,0.0,0.0,0.0,0.0,0.0,0.0,0.0,266.31,3.06,3.62,0.0,272.99,0.0,0.0,0.0,0.0,0.0,0.0,0.0,0.0,0.0,0.0,0.0,0.0,0.0,0.0,0.0,0.0,0.0,0.0,0.0,266.31,3.06,3.62,0.0,272.99
2/2/2026,2023.0,20240523.0,21340.0,31454.0,"NUSTAR LOGISTICS, L.P.",Refined and/or Petroleum Product (non-HVL),INTERSTATE,NEW MEXICO,0.0,0.0,0.0,0.0,0.0,0.0,0.0,482.46,5.32,0.01,1.3,489.09,0.0,0.0,0.0,49.53,0.0,0.0,0.0,0.0,0.0,0.0,0.0,49.53,0.0,0.0,0.0,49.53,0.0,0.0,0.0,482.46,5.32,0.01,1.3,538.62
2/2/2026,2023.0,20240523.0,21340.0,31454.0,"NUSTAR LOGISTICS, L.P.",Refined and/or Petroleum Product (non-HVL),INTERSTATE,OKLAHOMA,0.0,0.0,0.0,0.0,0.0,77.69,9.87,39.75,0.09,0.02,0.0,127.42,0.0,0.0,0.0,0.0,0.0,0.0,0.0,0.0,0.0,0.0,0.0,0.0,0.0,0.0,0.0,0.0,0.0,77.69,9.87,39.75,0.09,0.02,0.0,127.42
2/2/2026,2023.0,20240523.0,21340.0,31454.0,"NUSTAR LOGISTICS, L.P.",Refined and/or Petroleum Product (non-HVL),INTERSTATE,TEXAS,0.0,0.0,0.0,0.01,0.0,251.14,0.0,358.96,118.43,1.86,4.25,734.65,0.0,0.0,0.0,27.72,0.0,0.0,0.0,0.0,0.0,0.0,0.0,27.72,0.0,0.0,0.0,27.73,0.0,251.14,0.0,358.96,118.43,1.86,4.25,762.37
2/2/2026,2023.0,20240523.0,21340.0,31454.0,"NUSTAR LOGISTICS, L.P.",Refined and/or Petroleum Product (non-HVL),INTRASTATE,TEXAS,0.0,0.0,0.0,0.0,0.9,104.73,65.9,158.37,75.62,94.05,12.64,512.21,0.0,0.0,0.0,183.66,16.91,2.13,0.0,0.0,0.0,0.0,0.0,202.7,0.0,0.0,0.0,183.66,17.81,106.86,65.9,158.37,75.62,94.05,12.64,714.91
2/2/2026,2023.0,20240453.0,21270.0,31455.0,"CALUMET MONTANA REFINING, LLC",Crude Oil,INTRASTATE,MONTANA,0.0,0.0,0.0,0.0,0.0,0.0,0.0,0.0,2.6,0.0,0.0,2.6,0.0,0.0,0.0,0.0,0.0,0.0,0.0,0.0,0.0,0.0,0.0,0.0,0.0,0.0,0.0,0.0,0.0,0.0,0.0,0.0,2.6,0.0,0.0,2.6
2/2/2026,2023.0,20240507.0,21605.0,31460.0,DOD DEFENSE ENERGY SUPPORT CENTER,Refined and/or Petroleum Product (non-HVL),INTRASTATE,CALIFORNIA,0.0,0.0,0.0,0.0,0.0,0.0,0.0,0.0,0.0,0.0,0.0,0.0,0.0,0.0,0.0,5.26,0.0,0.0,0.0,0.0,0.0,0.0,0.0,5.26,0.0,0.0,0.0,5.26,0.0,0.0,0.0,0.0,0.0,0.0,0.0,5.26
2/2/2026,2023.0,20240711.0,21539.0,31475.0,TRINITY PIPELINE GP LLC,CO2,INTERSTATE,NEW MEXICO,0.0,0.0,0.0,0.0,0.0,0.0,57.44,0.0,0.0,0.0,0.0,57.44,0.0,0.0,0.0,0.0,0.0,0.0,0.0,0.0,0.0,0.0,0.0,0.0,0.0,0.0,0.0,0.0,0.0,0.0,57.44,0.0,0.0,0.0,0.0,57.44
2/2/2026,2023.0,20240711.0,21539.0,31475.0,TRINITY PIPELINE GP LLC,CO2,INTERSTATE,TEXAS,0.0,0.0,0.0,0.0,0.0,0.0,42.57,0.0,0.0,0.0,0.0,42.57,0.0,0.0,0.0,0.0,0.0,0.0,0.0,0.0,0.0,0.0,0.0,0.0,0.0,0.0,0.0,0.0,0.0,0.0,42.57,0.0,0.0,0.0,0.0,42.57
2/2/2026,2023.0,20240711.0,21539.0,31475.0,TRINITY PIPELINE GP LLC,CO2,INTRASTATE,NEW MEXICO,0.0,0.0,0.0,0.0,0.0,0.0,52.9,0.0,0.0,0.0,0.0,52.9,0.0,0.0,0.0,0.0,0.0,0.0,0.0,0.0,0.0,0.0,0.0,0.0,0.0,0.0,0.0,0.0,0.0,0.0,52.9,0.0,0.0,0.0,0.0,52.9
2/2/2026,2023.0,20240711.0,21539.0,31475.0,TRINITY PIPELINE GP LLC,CO2,INTRASTATE,TEXAS,0.0,0.0,0.0,0.0,0.0,0.0,26.93,0.0,0.0,0.0,0.0,26.93,0.0,0.0,0.0,0.0,0.0,0.0,0.0,0.0,0.0,0.0,0.0,0.0,0.0,0.0,0.0,0.0,0.0,0.0,26.93,0.0,0.0,0.0,0.0,26.93
2/2/2026,2023.0,20240258.0,21633.0,31476.0,ET CRUDE OPERATING LLC,Crude Oil,INTERSTATE,KANSAS,0.0,0.0,0.0,0.0,0.0,0.0,0.0,0.0,25.56,19.5,0.0,45.06,0.0,0.0,0.0,0.0,0.0,0.0,0.0,0.0,0.0,0.0,0.0,0.0,0.0,0.0,0.0,0.0,0.0,0.0,0.0,0.0,25.56,19.5,0.0,45.06
2/2/2026,2023.0,20240258.0,21633.0,31476.0,ET CRUDE OPERATING LLC,Crude Oil,INTERSTATE,NORTH DAKOTA,0.0,0.0,0.0,0.0,0.0,0.0,0.0,0.0,0.0,0.75,0.0,0.75,0.0,0.0,0.0,0.0,0.0,0.0,0.0,0.0,0.0,0.0,0.0,0.0,0.0,0.0,0.0,0.0,0.0,0.0,0.0,0.0,0.0,0.75,0.0,0.75
2/2/2026,2023.0,20240258.0,21633.0,31476.0,ET CRUDE OPERATING LLC,Crude Oil,INTERSTATE,OKLAHOMA,0.0,0.0,0.0,0.0,0.0,0.0,0.0,0.0,19.39,32.39,0.0,51.78,0.0,0.0,0.0,0.0,0.0,0.0,0.0,0.0,0.0,0.0,0.0,0.0,0.0,0.0,0.0,0.0,0.0,0.0,0.0,0.0,19.39,32.39,0.0,51.78
2/2/2026,2023.0,20240258.0,21633.0,31476.0,ET CRUDE OPERATING LLC,Crude Oil,INTRASTATE,COLORADO,0.0,0.0,0.0,0.0,0.0,0.0,0.0,0.0,0.0,75.53,15.7,91.23,0.0,0.0,0.0,0.0,0.0,0.0,0.0,0.0,0.0,0.0,0.0,0.0,0.0,0.0,0.0,0.0,0.0,0.0,0.0,0.0,0.0,75.53,15.7,91.23
2/2/2026,2023.0,20240258.0,21633.0,31476.0,ET CRUDE OPERATING LLC,Crude Oil,INTRASTATE,LOUISIANA,0.0,0.0,0.0,0.0,0.0,0.0,0.0,0.0,0.0,35.23,0.0,35.23,0.0,0.0,0.0,0.0,0.0,0.0,0.0,0.0,0.0,0.0,0.0,0.0,0.0,0.0,0.0,0.0,0.0,0.0,0.0,0.0,0.0,35.23,0.0,35.23
2/2/2026,2023.0,20240258.0,21633.0,31476.0,ET CRUDE OPERATING LLC,Crude Oil,INTRASTATE,OKLAHOMA,0.0,0.0,0.0,0.0,0.0,0.0,0.0,0.0,0.0,0.15,0.0,0.15,0.0,0.0,0.0,5.12,0.0,0.0,0.0,0.0,0.0,0.0,0.0,5.12,0.0,0.0,0.0,5.12,0.0,0.0,0.0,0.0,0.0,0.15,0.0,5.27
2/2/2026,2023.0,20240259.0,21067.0,31476.0,ET CRUDE OPERATING LLC,HVL,INTRASTATE,LOUISIANA,,,,,,,,,,34.47,,34.47,,,,,,,,,,,,0.0,,,,,,,,,,34.47,,34.47
2/2/2026,2023.0,20240260.0,21068.0,31476.0,ET CRUDE OPERATING LLC,Refined and/or Petroleum Product (non-HVL),INTRASTATE,LOUISIANA,,,,,,,,,,35.81,,35.81,,,,,,,,,,,,0.0,,,,,,,,,,35.81,,35.81
2/2/2026,2023.0,20240515.0,21332.0,31502.0,OCCIDENTAL PERMIAN LTD,HVL,INTRASTATE,TEXAS,,,,,,,,,2.27,12.51,,14.78,,,,,,,,,,,,0.0,,,,,,,,,2.27,12.51,,14.78
2/2/2026,2023.0,20240513.0,21629.0,31506.0,CONOCOPHILLIPS COMPANY (E&P-L-48),Crude Oil,INTRASTATE,TEXAS,,,,,,,,,,97.9,0.4,98.3,,,,,,,,,,,,0.0,,,,,,,,,,97.9,0.4,98.3
2/2/2026,2023.0,20240335.0,21146.0,31517.0,ASCEND PERFORMANCE MATERIALS TEXAS INC,HVL,INTRASTATE,TEXAS,,,,,,22.829,,6.61,,,,29.439,,,,,23.2,,,,,,,23.2,,,,,23.2,22.829,,6.61,,,,52.639
2/2/2026,2023.0,20240552.0,21369.0,31523.0,ANDERSON OIL LTD,Crude Oil,INTRASTATE,TEXAS,,,,,,,,,,,,0.0,,,,,,,,,,,,0.0,,,,,,,,,,,,
2/2/2026,2023.0,20240128.0,20904.0,31526.0,DELAWARE STORAGE AND PIPELINE COMPANY,Refined and/or Petroleum Product (non-HVL),INTRASTATE,DELAWARE,,,,,,,,,,,,0.0,,,,,9.81,,,,,,,9.81,,,,,9.81,,,,,,,9.81
2/2/2026,2023.0,20240569.0,21386.0,31552.0,ALPINE TRANSPORTATION CO.,Crude Oil,INTERSTATE,ALASKA,0.0,0.0,0.0,0.0,0.0,0.0,0.0,0.0,34.634,0.0,,34.634,0.0,0.0,0.0,0.0,0.0,0.0,0.0,0.0,0.0,0.0,,0.0,0.0,0.0,0.0,0.0,0.0,0.0,0.0,0.0,34.634,0.0,,34.634
2/2/2026,2023.0,20240114.0,20888.0,31554.0,"BOARDWALK PETROCHEMICAL PIPELINE, LLC",HVL,INTERSTATE,LOUISIANA,,,,,,,,,0.98,0.51,0.0,1.49,,,,153.45,,,,,,,0.0,153.45,,,,153.45,,,,,0.98,0.51,0.0,154.94
2/2/2026,2023.0,20240114.0,20888.0,31554.0,"BOARDWALK PETROCHEMICAL PIPELINE, LLC",HVL,INTERSTATE,TEXAS,,,,,,,,,1.47,0.07,0.74,2.28,,,,13.19,,,,,,,0.0,13.19,,,,13.19,,,,,1.47,0.07,0.74,15.47
2/2/2026,2023.0,20240157.0,20953.0,31555.0,KINDER MORGAN CO2 CO. LLC,CO2,INTERSTATE,COLORADO,0.0,0.0,0.0,0.0,0.0,0.0,11.57,11.09,10.32,3.45,0.0,36.43,0.0,0.0,0.0,0.0,0.0,0.0,23.65,0.0,0.0,0.0,0.0,23.65,0.0,0.0,0.0,0.0,0.0,0.0,35.22,11.09,10.32,3.45,0.0,60.08
2/2/2026,2023.0,20240157.0,20953.0,31555.0,KINDER MORGAN CO2 CO. LLC,CO2,INTERSTATE,NEW MEXICO,0.0,0.0,0.0,0.0,0.0,0.0,0.0,57.06,0.0,0.0,0.0,57.06,0.0,0.0,0.0,0.0,0.0,0.0,0.0,0.0,0.0,0.0,0.0,0.0,0.0,0.0,0.0,0.0,0.0,0.0,0.0,57.06,0.0,0.0,0.0,57.06
2/2/2026,2023.0,20240157.0,20953.0,31555.0,KINDER MORGAN CO2 CO. LLC,CO2,INTERSTATE,TEXAS,0.0,0.0,0.0,0.0,0.0,0.0,,27.01,3.3,0.01,0.0,30.32,0.0,0.0,0.0,0.0,0.0,0.0,0.0,,112.92,0.0,0.0,112.92,0.0,0.0,0.0,0.0,0.0,0.0,0.0,27.01,116.22,0.01,0.0,143.24
2/2/2026,2023.0,20240157.0,20953.0,31555.0,KINDER MORGAN CO2 CO. LLC,CO2,INTRASTATE,TEXAS,0.0,0.0,0.0,0.0,0.0,0.0,0.0,0.0,0.0,0.0,0.0,0.0,0.0,0.0,0.0,0.0,0.0,0.0,0.0,0.0,0.0,0.0,0.0,0.0,0.0,0.0,0.0,0.0,0.0,0.0,0.0,0.0,0.0,0.0,0.0,0.0
2/2/2026,2023.0,20240425.0,21240.0,31563.0,"WHITECAP PIPE LINE COMPANY, L.L.C.",Crude Oil,INTERSTATE,OCS-Gulf of Mexico,0.0,0.0,0.0,0.0,0.0,0.0,0.0,0.0,0.0,0.0,,0.0,0.0,0.0,0.0,0.0,0.0,0.0,0.0,0.0,0.0,0.0,,0.0,0.0,0.0,0.0,0.0,0.0,0.0,0.0,0.0,0.0,0.0,,0.0
2/2/2026,2023.0,20240276.0,21086.0,31579.0,"MAGELLAN PIPELINES HOLDINGS, LP",Crude Oil,INTERSTATE,OKLAHOMA,,,,,,0.51,1.03,4.49,1.24,1.46,,8.73,,,10.05,0.98,0.14,0.15,,,,,,11.32,,,10.05,0.98,0.14,0.66,1.03,4.49,1.24,1.46,,20.05
2/2/2026,2023.0,20240276.0,21086.0,31579.0,"MAGELLAN PIPELINES HOLDINGS, LP",Crude Oil,INTRASTATE,TEXAS,,,,,,,,,,5.9,,5.9,,,,,,,,,,,,0.0,,,,,,,,,,5.9,,5.9
2/2/2026,2023.0,20240277.0,21087.0,31579.0,"MAGELLAN PIPELINES HOLDINGS, LP",Refined and/or Petroleum Product (non-HVL),INTRASTATE,TEXAS,,,,,6.12,,2.45,,0.41,11.98,0.01,20.97,0.25,,,,6.9,,,,,,,7.15,0.25,,,,13.02,,2.45,,0.41,11.98,0.01,28.12
2/2/2026,2023.0,20240580.0,21397.0,31580.0,"MAGELLAN TERMINALS HOLDINGS, LP",Crude Oil,INTERSTATE,OKLAHOMA,,,,,,,,,,4.63,1.96,6.59,2.75,,1.34,,2.01,,,,,,,6.1,2.75,,1.34,,2.01,,,,,4.63,1.96,12.69
2/2/2026,2023.0,20240581.0,21398.0,31580.0,"MAGELLAN TERMINALS HOLDINGS, LP",Refined and/or Petroleum Product (non-HVL),INTRASTATE,TEXAS,,,,,,,4.97,0.28,1.67,0.03,0.16,7.11,,,,,,,,,,,,0.0,,,,,,,4.97,0.28,1.67,0.03,0.16,7.11
2/2/2026,2023.0,20240223.0,21030.0,31613.0,M6 MIDSTREAM LLC,HVL,INTRASTATE,TEXAS,,,,,,42.627,5.422,1.18,65.983,43.278,,158.49,,,,,,,,,,,,0.0,,,,,,42.627,5.422,1.18,65.983,43.278,,158.49
2/2/2026,2023.0,20240355.0,21169.0,31618.0,ENTERPRISE PRODUCTS OPERATING LLC,Crude Oil,INTRASTATE,TEXAS,0.0,0.0,0.0,0.0,0.0,0.0,0.0,0.0,1.115,13.381,0.0,14.496,0.0,0.0,0.0,0.0,1.015,0.0,0.0,0.0,0.0,0.0,0.0,1.015,0.0,0.0,0.0,0.0,1.015,0.0,0.0,0.0,1.115,13.381,0.0,15.511
2/2/2026,2023.0,20240422.0,21237.0,31618.0,ENTERPRISE PRODUCTS OPERATING LLC,HVL,INTERSTATE,ALABAMA,0.0,0.0,0.0,0.0,0.0,0.0,0.0,18.536,0.0,0.0,0.0,18.536,0.0,0.0,0.0,0.0,0.0,0.0,0.0,0.0,0.0,0.0,0.0,0.0,0.0,0.0,0.0,0.0,0.0,0.0,0.0,18.536,0.0,0.0,0.0,18.536
2/2/2026,2023.0,20240422.0,21237.0,31618.0,ENTERPRISE PRODUCTS OPERATING LLC,HVL,INTERSTATE,ARKANSAS,0.0,0.0,0.007,0.006,0.008,272.92,0.044,0.475,0.983,5.58,0.0,280.023,155.685,0.0,32.714,0.0,43.99,0.0,0.0,3.73,2.299,1.257,0.0,239.675,155.685,0.0,32.721,0.006,43.998,272.92,0.044,4.205,3.282,6.837,0.0,519.698
2/2/2026,2023.0,20240422.0,21237.0,31618.0,ENTERPRISE PRODUCTS OPERATING LLC,HVL,INTERSTATE,COLORADO,0.0,0.0,0.0,0.0,0.0,0.0,144.837,160.98,70.701,356.011,0.0,732.529,0.0,0.0,0.0,0.0,0.0,0.0,0.0,0.0,0.0,0.0,0.0,0.0,0.0,0.0,0.0,0.0,0.0,0.0,144.837,160.98,70.701,356.011,0.0,732.529
2/2/2026,2023.0,20240422.0,21237.0,31618.0,ENTERPRISE PRODUCTS OPERATING LLC,HVL,INTERSTATE,ILLINOIS,0.005,0.0,0.0,0.003,72.628,196.825,230.714,21.059,13.194,9.679,0.0,544.107,51.72,0.0,0.0,0.0,9.394,16.991,0.02,0.162,1.043,0.0,0.0,79.33,51.725,0.0,0.0,0.003,82.022,213.816,230.734,21.221,14.237,9.679,0.0,623.437
2/2/2026,2023.0,20240422.0,21237.0,31618.0,ENTERPRISE PRODUCTS OPERATING LLC,HVL,INTERSTATE,INDIANA,0.035,0.0,0.0,0.072,0.0,126.227,0.0,0.795,0.689,69.556,0.0,197.374,126.684,0.0,0.0,35.458,0.0,0.0,0.0,0.632,3.341,5.443,0.0,171.558,126.719,0.0,0.0,35.53,0.0,126.227,0.0,1.427,4.03,74.999,0.0,368.932
2/2/2026,2023.0,20240422.0,21237.0,31618.0,ENTERPRISE PRODUCTS OPERATING LLC,HVL,INTERSTATE,IOWA,0.006,0.0,0.0,0.0,48.994,202.717,1.296,18.383,2.154,11.374,0.512,285.436,0.02,0.0,0.0,0.0,372.268,31.624,1.306,2.417,0.161,1.642,0.109,409.547,0.026,0.0,0.0,0.0,421.262,234.341,2.602,20.8,2.315,13.016,0.621,694.983
2/2/2026,2023.0,20240422.0,21237.0,31618.0,ENTERPRISE PRODUCTS OPERATING LLC,HVL,INTERSTATE,KANSAS,0.55,0.0,0.0,0.0,402.304,306.655,215.262,134.936,75.068,13.493,0.027,1148.295,0.0,0.0,0.0,0.0,139.009,12.343,1.01,0.199,39.681,0.518,0.0,192.76,0.55,0.0,0.0,0.0,541.313,318.998,216.272,135.135,114.749,14.011,0.027,1341.055
2/2/2026,2023.0,20240422.0,21237.0,31618.0,ENTERPRISE PRODUCTS OPERATING LLC,HVL,INTERSTATE,KENTUCKY,0.0,0.0,0.0,0.0,0.0,0.0,0.0,0.0,0.0,0.0,0.0,0.0,0.0,0.0,0.0,0.0,0.0,0.0,0.005,0.0,0.0,0.0,0.0,0.005,0.0,0.0,0.0,0.0,0.0,0.0,0.005,0.0,0.0,0.0,0.0,0.005
2/2/2026,2023.0,20240422.0,21237.0,31618.0,ENTERPRISE PRODUCTS OPERATING LLC,HVL,INTERSTATE,LOUISIANA,23.985,0.0,0.061,0.007,0.0,127.504,0.0,300.107,126.608,240.906,4.117,823.295,0.0,0.0,91.788,36.091,0.0,0.0,0.0,0.0,0.709,3.256,0.0,131.844,23.985,0.0,91.849,36.098,0.0,127.504,0.0,300.107,127.317,244.162,4.117,955.139
2/2/2026,2023.0,20240422.0,21237.0,31618.0,ENTERPRISE PRODUCTS OPERATING LLC,HVL,INTERSTATE,MINNESOTA,0.119,0.0,0.0,0.0,4.304,2.221,0.15,0.633,0.275,0.221,0.0,7.923,0.0,0.0,0.0,0.0,2.108,63.107,0.0,0.178,0.0,0.026,0.0,65.419,0.119,0.0,0.0,0.0,6.412,65.328,0.15,0.811,0.275,0.247,0.0,73.342
2/2/2026,2023.0,20240422.0,21237.0,31618.0,ENTERPRISE PRODUCTS OPERATING LLC,HVL,INTERSTATE,MISSISSIPPI,0.0,0.0,0.0,0.0,0.0,0.0,0.0,62.355,2.755,27.29,0.0,92.4,0.0,0.0,0.0,0.0,0.458,0.0,0.0,0.0,0.0,0.0,0.0,0.458,0.0,0.0,0.0,0.0,0.458,0.0,0.0,62.355,2.755,27.29,0.0,92.858
2/2/2026,2023.0,20240422.0,21237.0,31618.0,ENTERPRISE PRODUCTS OPERATING LLC,HVL,INTERSTATE,MISSOURI,0.0,0.0,0.0,0.0,4.016,187.578,1.913,29.062,3.631,27.683,0.013,253.896,56.895,0.0,0.0,0.0,170.149,0.947,4.386,0.075,1.379,0.004,0.006,233.841,56.895,0.0,0.0,0.0,174.165,188.525,6.299,29.137,5.01,27.687,0.019,487.737
2/2/2026,2023.0,20240422.0,21237.0,31618.0,ENTERPRISE PRODUCTS OPERATING LLC,HVL,INTERSTATE,NEBRASKA,0.004,0.0,0.0,0.0,182.869,1.762,1.285,8.459,0.872,3.629,0.0,198.88,0.0,0.0,0.0,0.0,87.157,3.892,0.009,0.207,0.029,0.117,0.0,91.411,0.004,0.0,0.0,0.0,270.026,5.654,1.294,8.666,0.901,3.746,0.0,290.291
2/2/2026,2023.0,20240422.0,21237.0,31618.0,ENTERPRISE PRODUCTS OPERATING LLC,HVL,INTERSTATE,NEW MEXICO,0.0,0.0,0.0,0.0,0.084,123.641,435.961,454.859,29.714,253.562,0.049,1297.87,0.0,0.0,0.0,0.0,28.634,0.091,0.004,0.105,96.549,4.461,0.916,130.76,0.0,0.0,0.0,0.0,28.718,123.732,435.965,454.964,126.263,258.023,0.965,1428.63
2/2/2026,2023.0,20240422.0,21237.0,31618.0,ENTERPRISE PRODUCTS OPERATING LLC,HVL,INTERSTATE,NEW YORK,0.0,0.0,0.0,0.0,0.0,0.0,0.18,0.082,0.0,0.191,0.0,0.453,0.0,,0.0,0.0,187.487,0.0,0.0,0.663,8.006,0.089,0.0,196.245,0.0,0.0,0.0,0.0,187.487,0.0,0.18,0.745,8.006,0.28,0.0,196.698
2/2/2026,2023.0,20240422.0,21237.0,31618.0,ENTERPRISE PRODUCTS OPERATING LLC,HVL,INTERSTATE,OHIO,0.0,0.0,0.0,0.0,0.006,0.0,8.903,0.053,0.067,263.748,0.0,272.777,33.522,0.0,0.0,0.0,0.052,0.0,0.0,0.0,0.0,0.0,0.0,33.574,33.522,0.0,0.0,0.0,0.058,0.0,8.903,0.053,0.067,263.748,0.0,306.351
2/2/2026,2023.0,20240422.0,21237.0,31618.0,ENTERPRISE PRODUCTS OPERATING LLC,HVL,INTERSTATE,OKLAHOMA,0.005,0.0,0.0,0.0,68.877,30.138,54.299,23.233,12.336,39.988,0.001,228.877,0.0,0.0,0.0,0.0,78.145,1.639,0.0,0.0,41.755,0.0,0.0,121.539,0.005,0.0,0.0,0.0,147.022,31.777,54.299,23.233,54.091,39.988,0.001,350.416
2/2/2026,2023.0,20240422.0,21237.0,31618.0,ENTERPRISE PRODUCTS OPERATING LLC,HVL,INTERSTATE,PENNSYLVANIA,0.0,0.0,0.0,0.0,0.0,49.993,0.0,1.759,1.525,18.866,0.0,72.143,0.0,0.0,0.0,0.0,154.468,0.0,0.0,0.305,18.939,0.315,0.0,174.027,0.0,0.0,0.0,0.0,154.468,49.993,0.0,2.064,20.464,19.181,0.0,246.17
2/2/2026,2023.0,20240422.0,21237.0,31618.0,ENTERPRISE PRODUCTS OPERATING LLC,HVL,INTERSTATE,TEXAS,293.84,1.222,0.037,0.776,68.269,748.285,138.204,537.212,134.069,979.429,4.219,2905.562,3.373,0.0,67.277,127.082,498.224,82.408,0.763,7.381,76.244,3.893,0.0,866.645,297.213,1.222,67.314,127.858,566.493,830.693,138.967,544.593,210.313,983.322,4.219,3772.207
2/2/2026,2023.0,20240422.0,21237.0,31618.0,ENTERPRISE PRODUCTS OPERATING LLC,HVL,INTERSTATE,UTAH,0.0,0.0,0.0,0.0,0.0,0.0,242.648,232.564,8.857,49.407,0.0,533.476,0.008,0.0,0.0,,0.0,0.0,0.036,0.0,0.0,0.0,0.0,0.044,0.008,0.0,0.0,0.0,0.0,0.0,242.684,232.564,8.857,49.407,0.0,533.52
2/2/2026,2023.0,20240422.0,21237.0,31618.0,ENTERPRISE PRODUCTS OPERATING LLC,HVL,INTERSTATE,WEST VIRGINIA,0.0,0.0,0.0,0.0,0.0,6.915,0.0,0.0,0.0,7.815,0.0,14.73,0.0,0.0,0.0,0.0,0.0,0.0,0.0,0.0,0.0,0.0,0.0,0.0,0.0,0.0,0.0,0.0,0.0,6.915,0.0,0.0,0.0,7.815,0.0,14.73
2/2/2026,2023.0,20240422.0,21237.0,31618.0,ENTERPRISE PRODUCTS OPERATING LLC,HVL,INTERSTATE,WISCONSIN,0.007,0.0,0.0,0.0,0.053,0.249,0.0,2.233,0.0,0.021,0.0,2.563,0.0,0.0,0.0,0.0,67.495,0.0,0.0,0.423,0.0,0.029,0.0,67.947,0.007,0.0,0.0,0.0,67.548,0.249,0.0,2.656,0.0,0.05,0.0,70.51
2/2/2026,2023.0,20240422.0,21237.0,31618.0,ENTERPRISE PRODUCTS OPERATING LLC,HVL,INTERSTATE,WYOMING,0.201,0.0,0.0,0.0,0.0,0.0,328.631,68.209,25.24,1.109,0.0,423.39,0.0,0.0,0.0,0.0,0.0,0.0,0.162,0.0,42.241,0.0,0.0,42.403,0.201,0.0,0.0,0.0,0.0,0.0,328.793,68.209,67.481,1.109,0.0,465.793
2/2/2026,2023.0,20240422.0,21237.0,31618.0,ENTERPRISE PRODUCTS OPERATING LLC,HVL,INTRASTATE,LOUISIANA,4.549,0.0,0.0,0.0,108.369,191.461,67.009,92.268,167.183,13.123,2.443,646.405,32.223,0.0,0.0,0.0,319.966,31.894,0.0,0.694,7.197,0.038,0.046,392.058,36.772,0.0,0.0,0.0,428.335,223.355,67.009,92.962,174.38,13.161,2.489,1038.463
2/2/2026,2023.0,20240422.0,21237.0,31618.0,ENTERPRISE PRODUCTS OPERATING LLC,HVL,INTRASTATE,TEXAS,22.948,0.0,0.014,0.262,92.458,318.689,1061.039,964.814,364.448,1179.698,374.183,4378.553,145.14,0.0,24.293,168.992,441.639,15.762,7.991,74.632,38.289,0.919,0.117,917.774,168.088,0.0,24.307,169.254,534.097,334.451,1069.03,1039.446,402.737,1180.617,374.3,5296.327
2/2/2026,2023.0,20240422.0,21237.0,31618.0,ENTERPRISE PRODUCTS OPERATING LLC,HVL,INTRASTATE,WYOMING,0.0,0.0,0.0,0.0,0.0,0.0,0.0,0.0,3.391,0.0,0.0,3.391,0.0,0.0,0.0,0.0,0.0,0.0,0.0,0.0,0.0,0.0,0.0,0.0,0.0,0.0,0.0,0.0,0.0,0.0,0.0,0.0,3.391,0.0,0.0,3.391
2/2/2026,2023.0,20240365.0,21179.0,31618.0,ENTERPRISE PRODUCTS OPERATING LLC,Refined and/or Petroleum Product (non-HVL),INTERSTATE,ARKANSAS,0.0,0.0,0.0,0.0,0.0,0.0,0.0,35.962,1.701,0.0,0.0,37.663,0.0,0.0,0.0,0.0,0.0,0.0,0.0,0.0,0.0,0.0,0.0,0.0,0.0,0.0,0.0,0.0,0.0,0.0,0.0,35.962,1.701,0.0,0.0,37.663
2/2/2026,2023.0,20240365.0,21179.0,31618.0,ENTERPRISE PRODUCTS OPERATING LLC,Refined and/or Petroleum Product (non-HVL),INTERSTATE,ILLINOIS,0.072,0.0,0.0,0.0,0.0,0.0,2.793,0.009,0.0,16.094,0.0,18.968,0.0,0.0,0.0,0.0,0.0,0.0,0.0,0.0,0.0,0.0,0.0,0.0,0.072,0.0,0.0,0.0,0.0,0.0,2.793,0.009,0.0,16.094,0.0,18.968
2/2/2026,2023.0,20240365.0,21179.0,31618.0,ENTERPRISE PRODUCTS OPERATING LLC,Refined and/or Petroleum Product (non-HVL),INTERSTATE,INDIANA,0.0,0.0,0.0,0.0,0.0,0.0,0.0,0.408,5.512,0.0,0.0,5.92,0.0,0.0,0.0,0.0,0.0,0.0,0.0,0.0,0.0,0.0,0.0,0.0,0.0,0.0,0.0,0.0,0.0,0.0,0.0,0.408,5.512,0.0,0.0,5.92
2/2/2026,2023.0,20240365.0,21179.0,31618.0,ENTERPRISE PRODUCTS OPERATING LLC,Refined and/or Petroleum Product (non-HVL),INTERSTATE,KANSAS,0.0,0.0,0.0,0.0,0.0,0.0,0.0,0.0,0.0,0.0,0.0,0.0,0.0,0.0,0.0,0.0,0.0,0.0,0.0,0.0,0.0,0.0,0.0,0.0,0.0,0.0,0.0,0.0,0.0,0.0,0.0,0.0,0.0,0.0,0.0,0.0
2/2/2026,2023.0,20240365.0,21179.0,31618.0,ENTERPRISE PRODUCTS OPERATING LLC,Refined and/or Petroleum Product (non-HVL),INTERSTATE,KENTUCKY,0.0,0.0,0.0,0.0,0.0,0.0,0.0,8.325,0.239,0.0,0.0,8.564,0.0,0.0,0.0,0.0,0.0,0.0,0.0,0.0,0.0,0.0,0.0,0.0,0.0,0.0,0.0,0.0,0.0,0.0,0.0,8.325,0.239,0.0,0.0,8.564
2/2/2026,2023.0,20240365.0,21179.0,31618.0,ENTERPRISE PRODUCTS OPERATING LLC,Refined and/or Petroleum Product (non-HVL),INTERSTATE,LOUISIANA,0.005,0.0,0.0,0.003,0.003,0.0,0.049,23.063,2.484,0.033,0.0,25.64,6.059,0.0,0.0,2.418,0.325,0.121,0.0,0.0,0.038,0.0,0.0,8.961,6.064,0.0,0.0,2.421,0.328,0.121,0.049,23.063,2.522,0.033,0.0,34.601
2/2/2026,2023.0,20240365.0,21179.0,31618.0,ENTERPRISE PRODUCTS OPERATING LLC,Refined and/or Petroleum Product (non-HVL),INTERSTATE,OHIO,0.0,0.0,0.0,0.0,0.0,0.0,0.0,4.268,0.0,0.0,0.0,4.268,0.0,0.0,0.0,0.0,0.0,0.0,0.0,0.0,0.0,0.0,0.0,0.0,0.0,0.0,0.0,0.0,0.0,0.0,0.0,4.268,0.0,0.0,0.0,4.268
2/2/2026,2023.0,20240365.0,21179.0,31618.0,ENTERPRISE PRODUCTS OPERATING LLC,Refined and/or Petroleum Product (non-HVL),INTERSTATE,TENNESSEE,0.0,0.0,0.0,0.0,0.0,0.0,0.0,0.0,6.773,0.0,0.0,6.773,0.0,0.0,0.0,0.0,0.0,0.0,0.0,0.0,0.0,0.0,0.0,0.0,0.0,0.0,0.0,0.0,0.0,0.0,0.0,0.0,6.773,0.0,0.0,6.773
2/2/2026,2023.0,20240365.0,21179.0,31618.0,ENTERPRISE PRODUCTS OPERATING LLC,Refined and/or Petroleum Product (non-HVL),INTERSTATE,TEXAS,0.524,0.0,0.0,0.0,0.0,0.243,0.0,0.199,9.726,10.528,0.049,21.269,0.0,0.0,56.287,0.0,0.0,1.926,0.0,0.031,0.37,0.0,0.0,58.614,0.524,0.0,56.287,0.0,0.0,2.169,0.0,0.23,10.096,10.528,0.049,79.883
2/2/2026,2023.0,20240365.0,21179.0,31618.0,ENTERPRISE PRODUCTS OPERATING LLC,Refined and/or Petroleum Product (non-HVL),INTRASTATE,LOUISIANA,0.0,0.0,0.0,0.0,0.0,0.0,0.0,0.0,19.278,62.7,0.0,81.978,0.0,0.0,0.0,0.0,0.0,0.0,0.0,0.0,0.0,0.0,0.0,0.0,0.0,0.0,0.0,0.0,0.0,0.0,0.0,0.0,19.278,62.7,0.0,81.978
2/2/2026,2023.0,20240365.0,21179.0,31618.0,ENTERPRISE PRODUCTS OPERATING LLC,Refined and/or Petroleum Product (non-HVL),INTRASTATE,NEW MEXICO,0.004,0.0,0.0,0.0,0.0,299.813,0.035,30.213,3.436,0.139,0.0,333.64,0.0,0.0,0.0,0.0,0.0,0.151,0.0,0.008,0.001,0.0,0.0,0.16,0.004,0.0,0.0,0.0,0.0,299.964,0.035,30.221,3.437,0.139,0.0,333.8
2/2/2026,2023.0,20240365.0,21179.0,31618.0,ENTERPRISE PRODUCTS OPERATING LLC,Refined and/or Petroleum Product (non-HVL),INTRASTATE,TEXAS,0.629,0.0,0.003,0.0,0.036,43.037,7.654,18.719,99.949,5.662,2.585,178.274,3.113,0.0,1.888,10.711,5.379,11.867,0.0,0.918,19.106,0.006,0.0,52.988,3.742,0.0,1.891,10.711,5.415,54.904,7.654,19.637,119.055,5.668,2.585,231.262
2/2/2026,2023.0,20240631.0,21452.0,31627.0,"DENBURY ONSHORE, LLC",CO2,INTERSTATE,LOUISIANA,0.0,0.0,0.0,0.0,0.0,0.0,68.35,0.0,5.92,0.0,,74.27,0.0,0.0,0.0,0.0,0.0,0.0,0.0,0.0,0.0,0.0,,0.0,0.0,0.0,0.0,0.0,0.0,0.0,68.35,0.0,5.92,0.0,,74.27
2/2/2026,2023.0,20240631.0,21452.0,31627.0,"DENBURY ONSHORE, LLC",CO2,INTERSTATE,MISSISSIPPI,0.0,0.0,0.0,0.0,0.0,0.0,163.26,4.16,41.9,40.04,,249.36,0.0,0.0,0.0,0.0,0.0,0.0,0.0,0.0,0.0,0.0,,0.0,0.0,0.0,0.0,0.0,0.0,0.0,163.26,4.16,41.9,40.04,,249.36
2/2/2026,2023.0,20240631.0,21452.0,31627.0,"DENBURY ONSHORE, LLC",CO2,INTRASTATE,MISSISSIPPI,0.0,0.0,0.0,0.0,0.0,0.0,0.0,0.0,94.99,0.01,,95.0,0.0,0.0,0.0,0.0,0.0,0.0,0.0,0.0,0.0,0.0,,0.0,0.0,0.0,0.0,0.0,0.0,0.0,0.0,0.0,94.99,0.01,,95.0
2/2/2026,2023.0,20240631.0,21452.0,31627.0,"DENBURY ONSHORE, LLC",CO2,INTRASTATE,WYOMING,0.0,0.0,0.0,0.0,0.0,0.0,0.0,0.0,46.66,0.0,0.0,46.66,0.0,0.0,0.0,0.0,0.0,0.0,0.0,0.0,0.0,0.0,0.0,0.0,0.0,0.0,0.0,0.0,0.0,0.0,0.0,0.0,46.66,0.0,0.0,46.66
2/2/2026,2023.0,20240267.0,21077.0,31663.0,NAVAJO NATION OIL AND GAS COMPANY,Crude Oil,INTERSTATE,COLORADO,,,,,,,,,,,,0.0,,,,12.09,,,,,,,,12.09,,,,12.09,,,,,,,,12.09
2/2/2026,2023.0,20240267.0,21077.0,31663.0,NAVAJO NATION OIL AND GAS COMPANY,Crude Oil,INTERSTATE,NEW MEXICO,,,,,,,,,,0.15,0.04,0.19,,,,51.75,,,,,,,,51.75,,,,51.75,,,,,,0.15,0.04,51.94
2/2/2026,2023.0,20240267.0,21077.0,31663.0,NAVAJO NATION OIL AND GAS COMPANY,Crude Oil,INTERSTATE,UTAH,,,,,,,,,,0.07,,0.07,,,,16.97,,,,,,,,16.97,,,,16.97,,,,,,0.07,,17.04
2/2/2026,2023.0,20240531.0,21680.0,31684.0,PHILLIPS 66 PIPELINE LLC,Crude Oil,INTERSTATE,ILLINOIS,0.0,0.0,0.0,0.0,0.0,0.0,0.0,0.0,0.63,0.0,,0.63,2.2,0.0,0.0,0.0,0.0,0.0,0.0,0.0,0.0,0.0,,2.2,2.2,0.0,0.0,0.0,0.0,0.0,0.0,0.0,0.63,0.0,,2.83
2/2/2026,2023.0,20240531.0,21680.0,31684.0,PHILLIPS 66 PIPELINE LLC,Crude Oil,INTERSTATE,LOUISIANA,0.0,0.0,0.0,0.0,0.0,0.0,3.87,0.89,0.0,0.0,,4.76,0.0,0.0,0.0,6.65,0.0,0.0,0.0,0.0,0.0,0.0,,6.65,0.0,0.0,0.0,6.65,0.0,0.0,3.87,0.89,0.0,0.0,,11.41
2/2/2026,2023.0,20240531.0,21680.0,31684.0,PHILLIPS 66 PIPELINE LLC,Crude Oil,INTERSTATE,MONTANA,0.0,0.0,0.0,0.0,0.0,0.79,0.41,35.37,6.2,7.12,25.22,75.11,0.0,0.0,0.0,0.0,476.95,0.0,0.0,0.0,0.0,0.0,,476.95,0.0,0.0,0.0,0.0,476.95,0.79,0.41,35.37,6.2,7.12,25.22,552.06
2/2/2026,2023.0,20240531.0,21680.0,31684.0,PHILLIPS 66 PIPELINE LLC,Crude Oil,INTERSTATE,NEW MEXICO,0.0,0.0,0.0,0.0,0.0,11.18,1.1,9.48,3.44,0.0,0.0,25.2,0.0,0.0,5.91,0.0,1.02,0.0,0.0,0.0,0.0,0.0,,6.93,0.0,0.0,5.91,0.0,1.02,11.18,1.1,9.48,3.44,0.0,0.0,32.13
2/2/2026,2023.0,20240531.0,21680.0,31684.0,PHILLIPS 66 PIPELINE LLC,Crude Oil,INTERSTATE,NORTH DAKOTA,,,,,,,,,,95.71,,95.71,,,,,,,,,,,,0.0,,,,,,,,,,95.71,,95.71
2/2/2026,2023.0,20240531.0,21680.0,31684.0,PHILLIPS 66 PIPELINE LLC,Crude Oil,INTERSTATE,OKLAHOMA,0.0,0.0,0.0,0.0,0.0,6.56,3.32,63.36,7.87,1.29,0.18,82.58,3.02,0.0,0.0,362.82,6.97,0.0,0.0,0.0,0.0,0.0,,372.81,3.02,0.0,0.0,362.82,6.97,6.56,3.32,63.36,7.87,1.29,0.18,455.39
2/2/2026,2023.0,20240531.0,21680.0,31684.0,PHILLIPS 66 PIPELINE LLC,Crude Oil,INTERSTATE,TEXAS,,,,,,6.26,1.47,6.72,12.6,0.76,0.01,27.82,,,452.44,149.67,0.9,,,,,,,603.01,,,452.44,149.67,0.9,6.26,1.47,6.72,12.6,0.76,0.01,630.83
2/2/2026,2023.0,20240531.0,21680.0,31684.0,PHILLIPS 66 PIPELINE LLC,Crude Oil,INTRASTATE,CALIFORNIA,,0.0,0.0,0.0,0.0,18.63,31.93,47.83,9.39,17.14,0.37,125.29,7.41,0.0,8.66,271.38,4.98,0.0,0.0,0.0,0.0,0.0,,292.43,7.41,0.0,8.66,271.38,4.98,18.63,31.93,47.83,9.39,17.14,0.37,417.72
2/2/2026,2023.0,20240531.0,21680.0,31684.0,PHILLIPS 66 PIPELINE LLC,Crude Oil,INTRASTATE,LOUISIANA,0.0,0.0,0.0,0.0,0.0,0.0,0.07,0.09,3.67,0.09,,3.92,0.86,,0.0,21.6,12.04,0.0,0.0,0.0,0.0,0.0,,34.5,0.86,0.0,0.0,21.6,12.04,0.0,0.07,0.09,3.67,0.09,,38.42
2/2/2026,2023.0,20240531.0,21680.0,31684.0,PHILLIPS 66 PIPELINE LLC,Crude Oil,INTRASTATE,OKLAHOMA,0.0,0.0,0.0,0.0,0.0,0.0,0.0,0.0,0.0,1.64,,1.64,0.0,0.0,0.0,0.0,0.0,0.0,0.0,0.0,0.0,0.0,,0.0,0.0,0.0,0.0,0.0,0.0,0.0,0.0,0.0,0.0,1.64,,1.64
2/2/2026,2023.0,20240531.0,21680.0,31684.0,PHILLIPS 66 PIPELINE LLC,Crude Oil,INTRASTATE,TEXAS,0.0,0.0,0.0,0.0,0.0,32.77,0.04,12.39,14.14,17.58,0.0,76.92,0.0,0.0,9.62,10.99,9.52,0.0,0.0,0.0,0.0,0.0,,30.13,0.0,0.0,9.62,10.99,9.52,32.77,0.04,12.39,14.14,17.58,0.0,107.05
2/2/2026,2023.0,20240532.0,21679.0,31684.0,PHILLIPS 66 PIPELINE LLC,HVL,INTERSTATE,COLORADO,,,,,,101.41,,17.44,1.8,14.16,,134.81,,,,2.44,,,,,,,,2.44,,,,2.44,,101.41,,17.44,1.8,14.16,,137.25
2/2/2026,2023.0,20240532.0,21679.0,31684.0,PHILLIPS 66 PIPELINE LLC,HVL,INTERSTATE,ILLINOIS,,,,,,6.06,0.25,5.0,,,,11.31,,,,,,,,,,,,0.0,,,,,,6.06,0.25,5.0,,,,11.31
2/2/2026,2023.0,20240532.0,21679.0,31684.0,PHILLIPS 66 PIPELINE LLC,HVL,INTERSTATE,KANSAS,,,,,,6.22,99.79,55.48,0.56,1.17,1.43,164.65,,,12.85,147.45,4.98,,,,,,,165.28,,,12.85,147.45,4.98,6.22,99.79,55.48,0.56,1.17,1.43,329.93
2/2/2026,2023.0,20240532.0,21679.0,31684.0,PHILLIPS 66 PIPELINE LLC,HVL,INTERSTATE,LOUISIANA,,,,,,,0.55,1.56,0.14,0.02,0.34,2.61,,,,,28.46,0.0,,,,,,28.46,,,,,28.46,0.0,0.55,1.56,0.14,0.02,0.34,31.07
2/2/2026,2023.0,20240532.0,21679.0,31684.0,PHILLIPS 66 PIPELINE LLC,HVL,INTERSTATE,MISSOURI,,,,,,98.77,0.01,0.42,0.11,51.95,76.88,228.14,,,15.8,0.06,,,,,,,,15.86,,,15.8,0.06,,98.77,0.01,0.42,0.11,51.95,76.88,244.0
2/2/2026,2023.0,20240532.0,21679.0,31684.0,PHILLIPS 66 PIPELINE LLC,HVL,INTERSTATE,NEW MEXICO,,,,,,37.55,1.12,13.7,,0.09,,52.46,,,16.53,1.04,44.16,,,,,,,61.73,,,16.53,1.04,44.16,37.55,1.12,13.7,,0.09,,114.19
2/2/2026,2023.0,20240532.0,21679.0,31684.0,PHILLIPS 66 PIPELINE LLC,HVL,INTERSTATE,OKLAHOMA,,,,,,0.0,34.37,0.67,0.71,2.32,25.34,63.41,,,,46.63,119.53,,,,,,,166.16,,,,46.63,119.53,0.0,34.37,0.67,0.71,2.32,25.34,229.57
2/2/2026,2023.0,20240532.0,21679.0,31684.0,PHILLIPS 66 PIPELINE LLC,HVL,INTERSTATE,TEXAS,,,,,,13.37,19.31,333.43,0.53,270.87,179.83,817.34,,,46.48,137.25,32.06,,,,,,,215.79,,,46.48,137.25,32.06,13.37,19.31,333.43,0.53,270.87,179.83,1033.13
2/2/2026,2023.0,20240532.0,21679.0,31684.0,PHILLIPS 66 PIPELINE LLC,HVL,INTERSTATE,WYOMING,,,,,,138.58,,,,,,138.58,,,,,,,,,,,,0.0,,,,,,138.58,,,,,,138.58
2/2/2026,2023.0,20240532.0,21679.0,31684.0,PHILLIPS 66 PIPELINE LLC,HVL,INTRASTATE,LOUISIANA,,,,,,37.31,15.79,154.98,3.89,0.26,,212.23,,,1.17,23.16,108.9,,,,,,,133.23,,,1.17,23.16,108.9,37.31,15.79,154.98,3.89,0.26,,345.46
2/2/2026,2023.0,20240532.0,21679.0,31684.0,PHILLIPS 66 PIPELINE LLC,HVL,INTRASTATE,TEXAS,,,,,,161.69,81.54,48.53,4.49,1.71,5.87,303.83,1.92,0.42,3.61,25.47,176.78,,,,,,,208.2,1.92,0.42,3.61,25.47,176.78,161.69,81.54,48.53,4.49,1.71,5.87,512.03
2/2/2026,2023.0,20240533.0,21681.0,31684.0,PHILLIPS 66 PIPELINE LLC,Refined and/or Petroleum Product (non-HVL),INTERSTATE,COLORADO,0.0,0.0,0.0,0.0,0.0,183.41,29.49,7.06,10.81,34.69,0.18,265.64,0.0,0.0,78.85,137.73,2.38,0.0,0.0,0.0,0.0,0.0,0.0,218.96,0.0,0.0,78.85,137.73,2.38,183.41,29.49,7.06,10.81,34.69,0.18,484.6
2/2/2026,2023.0,20240533.0,21681.0,31684.0,PHILLIPS 66 PIPELINE LLC,Refined and/or Petroleum Product (non-HVL),INTERSTATE,IDAHO,0.0,0.0,0.0,0.0,0.0,0.0,0.0,1.39,6.43,10.69,,18.51,0.0,0.0,0.0,61.02,0.0,0.0,0.0,0.0,0.0,0.0,,61.02,0.0,0.0,0.0,61.02,0.0,0.0,0.0,1.39,6.43,10.69,,79.53
2/2/2026,2023.0,20240533.0,21681.0,31684.0,PHILLIPS 66 PIPELINE LLC,Refined and/or Petroleum Product (non-HVL),INTERSTATE,ILLINOIS,0.0,0.0,0.0,0.0,0.0,0.0,7.67,0.0,4.63,0.18,,12.48,0.0,4.39,0.0,0.19,0.0,0.0,0.0,0.0,0.0,0.0,,4.58,0.0,4.39,0.0,0.19,0.0,0.0,7.67,0.0,4.63,0.18,,17.06
2/2/2026,2023.0,20240533.0,21681.0,31684.0,PHILLIPS 66 PIPELINE LLC,Refined and/or Petroleum Product (non-HVL),INTERSTATE,KANSAS,0.0,0.0,0.0,0.0,0.0,6.59,304.83,121.59,7.83,1.44,1.91,444.19,0.0,0.0,50.37,3.4,41.1,0.0,0.0,0.0,0.0,0.0,,94.87,0.0,0.0,50.37,3.4,41.1,6.59,304.83,121.59,7.83,1.44,1.91,539.06
2/2/2026,2023.0,20240533.0,21681.0,31684.0,PHILLIPS 66 PIPELINE LLC,Refined and/or Petroleum Product (non-HVL),INTERSTATE,LOUISIANA,0.0,0.0,0.0,0.0,0.0,0.63,0.15,0.05,0.0,1.27,,2.1,0.0,0.0,0.0,0.0,9.33,0.0,0.0,0.0,0.0,0.0,,9.33,0.0,0.0,0.0,0.0,9.33,0.63,0.15,0.05,0.0,1.27,,11.43
2/2/2026,2023.0,20240533.0,21681.0,31684.0,PHILLIPS 66 PIPELINE LLC,Refined and/or Petroleum Product (non-HVL),INTERSTATE,MISSOURI,0.0,0.0,0.0,0.0,0.0,4.84,0.41,14.47,1.69,55.18,0.27,76.86,0.0,0.0,0.0,102.93,0.36,0.0,0.0,0.0,0.0,0.0,,103.29,0.0,0.0,0.0,102.93,0.36,4.84,0.41,14.47,1.69,55.18,0.27,180.15
2/2/2026,2023.0,20240533.0,21681.0,31684.0,PHILLIPS 66 PIPELINE LLC,Refined and/or Petroleum Product (non-HVL),INTERSTATE,MONTANA,0.0,0.0,0.0,0.0,0.0,4.41,15.74,23.68,19.24,14.36,0.0,77.43,0.0,0.0,0.0,146.28,143.52,0.0,0.0,0.0,0.0,0.0,,289.8,0.0,0.0,0.0,146.28,143.52,4.41,15.74,23.68,19.24,14.36,0.0,367.23
2/2/2026,2023.0,20240533.0,21681.0,31684.0,PHILLIPS 66 PIPELINE LLC,Refined and/or Petroleum Product (non-HVL),INTERSTATE,NEW JERSEY,0.0,0.0,0.0,0.0,0.0,0.0,0.0,0.0,0.0,0.0,,0.0,0.0,0.0,0.0,2.03,0.0,0.0,0.0,0.0,0.0,0.0,,2.03,0.0,0.0,0.0,2.03,0.0,0.0,0.0,0.0,0.0,0.0,,2.03
2/2/2026,2023.0,20240533.0,21681.0,31684.0,PHILLIPS 66 PIPELINE LLC,Refined and/or Petroleum Product (non-HVL),INTERSTATE,OKLAHOMA,0.0,0.0,0.0,0.0,0.0,44.87,87.13,136.54,60.9,103.21,59.34,491.99,0.0,33.08,33.27,41.37,75.98,0.0,0.0,0.0,0.0,0.0,,183.7,0.0,33.08,33.27,41.37,75.98,44.87,87.13,136.54,60.9,103.21,59.34,675.69
2/2/2026,2023.0,20240533.0,21681.0,31684.0,PHILLIPS 66 PIPELINE LLC,Refined and/or Petroleum Product (non-HVL),INTERSTATE,TEXAS,0.0,0.0,0.0,0.0,0.0,100.88,141.99,73.09,1.16,4.19,8.05,329.36,0.0,0.0,34.67,21.79,52.58,0.0,0.0,0.0,0.0,0.0,,109.04,0.0,0.0,34.67,21.79,52.58,100.88,141.99,73.09,1.16,4.19,8.05,438.4
2/2/2026,2023.0,20240533.0,21681.0,31684.0,PHILLIPS 66 PIPELINE LLC,Refined and/or Petroleum Product (non-HVL),INTERSTATE,UTAH,0.0,0.0,0.0,0.0,0.0,0.0,0.0,1.44,34.6,1.57,0.11,37.72,0.0,0.0,0.0,66.88,2.2,0.0,0.0,0.0,0.0,0.0,,69.08,0.0,0.0,0.0,66.88,2.2,0.0,0.0,1.44,34.6,1.57,0.11,106.8
2/2/2026,2023.0,20240533.0,21681.0,31684.0,PHILLIPS 66 PIPELINE LLC,Refined and/or Petroleum Product (non-HVL),INTERSTATE,WASHINGTON,0.0,0.0,0.0,0.0,0.0,0.0,4.94,2.73,1.26,1.31,0.01,10.25,0.0,0.0,0.0,39.09,83.34,0.0,0.0,0.0,0.0,0.0,,122.43,0.0,0.0,0.0,39.09,83.34,0.0,4.94,2.73,1.26,1.31,0.01,132.68
2/2/2026,2023.0,20240533.0,21681.0,31684.0,PHILLIPS 66 PIPELINE LLC,Refined and/or Petroleum Product (non-HVL),INTERSTATE,WYOMING,0.0,0.0,0.0,0.0,0.0,0.0,45.4,3.24,230.86,5.93,6.2,291.63,0.0,0.0,0.0,151.92,150.0,0.0,0.0,0.0,0.0,0.0,,301.92,0.0,0.0,0.0,151.92,150.0,0.0,45.4,3.24,230.86,5.93,6.2,593.55
2/2/2026,2023.0,20240533.0,21681.0,31684.0,PHILLIPS 66 PIPELINE LLC,Refined and/or Petroleum Product (non-HVL),INTRASTATE,CALIFORNIA,0.0,0.0,0.0,0.0,0.0,13.67,17.49,44.31,11.0,9.05,0.65,96.17,0.12,0.0,33.01,67.36,39.42,0.0,0.0,0.0,0.0,0.0,,139.91,0.12,0.0,33.01,67.36,39.42,13.67,17.49,44.31,11.0,9.05,0.65,236.08
2/2/2026,2023.0,20240533.0,21681.0,31684.0,PHILLIPS 66 PIPELINE LLC,Refined and/or Petroleum Product (non-HVL),INTRASTATE,LOUISIANA,0.0,0.0,0.0,0.0,0.0,0.0,0.0,6.34,0.0,0.0,,6.34,0.0,0.0,0.0,4.3,0.0,0.0,0.0,0.0,0.0,0.0,,4.3,0.0,0.0,0.0,4.3,0.0,0.0,0.0,6.34,0.0,0.0,,10.64
2/2/2026,2023.0,20240533.0,21681.0,31684.0,PHILLIPS 66 PIPELINE LLC,Refined and/or Petroleum Product (non-HVL),INTRASTATE,TEXAS,0.0,0.0,0.0,0.0,0.0,12.44,9.11,56.28,6.82,40.65,0.39,125.69,0.0,0.0,4.2,25.69,12.28,0.0,0.0,0.0,0.0,0.0,,42.17,0.0,0.0,4.2,25.69,12.28,12.44,9.11,56.28,6.82,40.65,0.39,167.86
2/2/2026,2023.0,20240459.0,21276.0,31687.0,"HILL-LAKE GAS STORAGE, LLC",HVL,INTRASTATE,TEXAS,,,,,,,,,1.91,,,1.91,,,,,,,,,,,,0.0,,,,,,,,,1.91,,,1.91
2/2/2026,2023.0,20240460.0,21277.0,31703.0,"WILLIAMS MLP OPERATING, LLC",HVL,INTRASTATE,WEST VIRGINIA,,,,,,,,,,5.52,,5.52,,,,,,,,,,,,0.0,,,,,,,,,,5.52,,5.52
2/2/2026,2023.0,20240395.0,21862.0,31719.0,HILAND PARTNERS HOLDINGS LLC,HVL,INTRASTATE,MONTANA,0.0,0.0,0.0,0.0,0.0,0.0,0.0,0.0,8.85,0.0,0.0,8.85,0.0,0.0,0.0,0.0,0.0,0.0,0.0,0.0,0.0,0.0,0.0,0.0,0.0,0.0,0.0,0.0,0.0,0.0,0.0,0.0,8.85,0.0,0.0,8.85
2/2/2026,2023.0,20240395.0,21862.0,31719.0,HILAND PARTNERS HOLDINGS LLC,HVL,INTRASTATE,NORTH DAKOTA,0.0,0.0,0.0,0.0,0.0,0.0,0.0,0.0,0.0,12.94,0.0,12.94,0.0,0.0,0.0,0.0,0.0,0.0,0.0,0.0,0.0,0.0,0.0,0.0,0.0,0.0,0.0,0.0,0.0,0.0,0.0,0.0,0.0,12.94,0.0,12.94
2/2/2026,2023.0,20240555.0,21372.0,31720.0,"EXPRESS HOLDINGS (USA), LLC",Crude Oil,INTERSTATE,ILLINOIS,0.0,0.0,0.0,0.0,0.0,0.0,0.0,0.001,0.007,0.0,0.56,0.568,0.0,0.0,0.0,3.709,0.0,0.0,0.0,0.0,0.0,0.0,0.0,3.709,0.0,0.0,0.0,3.709,0.0,0.0,0.0,0.001,0.007,0.0,0.56,4.277
2/2/2026,2023.0,20240555.0,21372.0,31720.0,"EXPRESS HOLDINGS (USA), LLC",Crude Oil,INTERSTATE,KANSAS,0.0,0.0,0.0,0.0,0.0,0.0,0.0,1.488,0.0,0.515,0.0,2.003,0.0,0.0,0.0,0.0,0.007,0.0,0.0,0.0,0.0,0.0,0.0,0.007,0.0,0.0,0.0,0.0,0.007,0.0,0.0,1.488,0.0,0.515,0.0,2.01
2/2/2026,2023.0,20240555.0,21372.0,31720.0,"EXPRESS HOLDINGS (USA), LLC",Crude Oil,INTERSTATE,MISSOURI,0.0,0.0,0.0,0.0,0.0,0.047,0.017,2.182,0.237,0.392,0.754,3.629,0.0,0.0,0.0,111.194,0.0,0.0,0.0,0.0,0.0,0.0,0.0,111.194,0.0,0.0,0.0,111.194,0.0,0.047,0.017,2.182,0.237,0.392,0.754,114.823
2/2/2026,2023.0,20240555.0,21372.0,31720.0,"EXPRESS HOLDINGS (USA), LLC",Crude Oil,INTERSTATE,MONTANA,0.0,0.0,0.0,0.0,0.0,0.0,0.0,304.117,0.004,0.0,,304.121,0.0,0.0,0.0,0.0,0.0,0.0,0.0,0.0,0.0,0.0,,0.0,0.0,0.0,0.0,0.0,0.0,0.0,0.0,304.117,0.004,0.0,,304.121
2/2/2026,2023.0,20240555.0,21372.0,31720.0,"EXPRESS HOLDINGS (USA), LLC",Crude Oil,INTERSTATE,NEBRASKA,0.0,0.0,0.0,0.0,0.0,0.057,0.0,3.787,0.136,0.41,0.088,4.478,0.0,0.0,0.0,1.495,0.0,0.0,0.0,0.0,0.0,0.0,0.0,1.495,0.0,0.0,0.0,1.495,0.0,0.057,0.0,3.787,0.136,0.41,0.088,5.973
2/2/2026,2023.0,20240555.0,21372.0,31720.0,"EXPRESS HOLDINGS (USA), LLC",Crude Oil,INTERSTATE,WYOMING,0.0,0.0,0.0,0.0,0.0,0.084,0.019,211.895,0.008,0.0,0.0,212.006,0.0,0.0,0.0,69.056,0.0,0.0,0.0,0.0,0.0,0.0,0.0,69.056,0.0,0.0,0.0,69.056,0.0,0.084,0.019,211.895,0.008,0.0,0.0,281.062
2/2/2026,2023.0,20240398.0,21212.0,31721.0,PIPELINE TECHNOLOGY,HVL,INTRASTATE,LOUISIANA,,,,,,,,,3.3,3.0,,6.3,,,,,,,,,,,,0.0,,,,,,,,,3.3,3.0,,6.3
2/2/2026,2023.0,20240397.0,21211.0,31721.0,PIPELINE TECHNOLOGY,Refined and/or Petroleum Product (non-HVL),INTRASTATE,LOUISIANA,,,,,,,,,22.0,,,22.0,,,,,,,,,,,,0.0,,,,,,,,,22.0,,,22.0
2/2/2026,2023.0,20240542.0,21708.0,31723.0,EXXON MOBIL CORPORATION,Crude Oil,INTERSTATE,LOUISIANA,,,,,,,,,,,,0.0,,,,,,,,,,,,0.0,,,,,,,,,,,,
2/2/2026,2023.0,20240542.0,21708.0,31723.0,EXXON MOBIL CORPORATION,Crude Oil,INTRASTATE,LOUISIANA,,,,,,,,,,,,0.0,,,,,,,,,,,,0.0,,,,,,,,,,,,
2/2/2026,2023.0,20240543.0,21707.0,31723.0,EXXON MOBIL CORPORATION,Refined and/or Petroleum Product (non-HVL),INTRASTATE,LOUISIANA,0.0,0.0,0.0,0.0,0.0,0.0,0.0,0.0,0.0,0.0,,0.0,0.0,0.0,0.0,0.0,0.0,0.0,0.0,0.0,0.0,0.0,,0.0,0.0,0.0,0.0,0.0,0.0,0.0,0.0,0.0,0.0,0.0,,0.0
2/2/2026,2023.0,20240686.0,21508.0,31755.0,"NOBLE ENERGY, INC. RBU",Crude Oil,INTRASTATE,COLORADO,0.0,0.0,0.0,0.0,0.0,0.0,0.0,0.0,0.0,27.56,16.35,43.91,0.0,0.0,0.0,0.0,0.0,0.0,0.0,0.0,0.0,0.0,0.0,0.0,0.0,0.0,0.0,0.0,0.0,0.0,0.0,0.0,0.0,27.56,16.35,43.91
2/2/2026,2023.0,20240445.0,21262.0,31755.0,"NOBLE ENERGY, INC. RBU",HVL,INTRASTATE,COLORADO,0.0,0.0,0.0,0.0,0.0,0.0,0.0,0.0,0.0,7.6,0.19,7.79,0.0,0.0,0.0,0.0,0.0,0.0,0.0,0.0,0.0,0.0,0.0,0.0,0.0,0.0,0.0,0.0,0.0,0.0,0.0,0.0,0.0,7.6,0.19,7.79
2/2/2026,2023.0,20240018.0,20769.0,31779.0,SWISSPORT FUELING INC,Refined and/or Petroleum Product (non-HVL),INTRASTATE,ARIZONA,,,,,,,12.28,,,,0.0,12.28,,,,,,,,,,,0.0,0.0,,,,,,,12.28,,,,0.0,12.28
2/2/2026,2023.0,20240551.0,21368.0,31801.0,TANDEM ENERGY CORPORATION,Crude Oil,INTRASTATE,TEXAS,,,,,,,,,,,,0.0,,,,,,,,,,,,0.0,,,,,,,,,,,,
2/2/2026,2023.0,20240461.0,21278.0,31816.0,"MID-CONTINENT FRACTIONATION AND STORAGE, L.L.C.",HVL,INTRASTATE,KANSAS,10.469,0.0,0.0,0.0,0.0,23.163,0.0,19.897,3.364,3.792,0.009,60.694,,0.0,0.0,0.0,0.0,0.0,0.0,0.0,0.0,0.0,,0.0,10.469,0.0,0.0,0.0,0.0,23.163,0.0,19.897,3.364,3.792,0.009,60.694
2/2/2026,2023.0,20240462.0,21279.0,31816.0,"MID-CONTINENT FRACTIONATION AND STORAGE, L.L.C.",Refined and/or Petroleum Product (non-HVL),INTRASTATE,KANSAS,1.831,,,,,1.414,,,,,0.006,3.251,,,,,,,,,,,,0.0,1.831,,,,,1.414,,,,,0.006,3.251
2/2/2026,2023.0,20240239.0,21047.0,31822.0,SUNCOR ENERGY (USA) PIPELINE CO.,Crude Oil,INTERSTATE,COLORADO,0.0,0.0,0.0,0.0,0.0,0.0,0.1,0.0,0.0,45.2,0.0,45.3,0.0,0.0,59.7,0.0,0.0,0.0,0.0,0.0,0.0,0.0,0.0,59.7,0.0,0.0,59.7,0.0,0.0,0.0,0.1,0.0,0.0,45.2,0.0,105.0
2/2/2026,2023.0,20240239.0,21047.0,31822.0,SUNCOR ENERGY (USA) PIPELINE CO.,Crude Oil,INTERSTATE,WYOMING,0.0,0.0,0.0,0.0,0.0,0.0,0.0,0.0,0.0,8.8,0.0,8.8,0.0,0.0,8.97,0.0,0.0,0.0,0.0,0.0,0.0,0.0,0.0,8.97,0.0,0.0,8.97,0.0,0.0,0.0,0.0,0.0,0.0,8.8,0.0,17.77
2/2/2026,2023.0,20240239.0,21047.0,31822.0,SUNCOR ENERGY (USA) PIPELINE CO.,Crude Oil,INTRASTATE,COLORADO,0.0,0.0,0.0,0.0,0.0,0.0,0.0,0.0,0.0,1.6,,1.6,0.0,0.0,24.1,0.0,0.0,0.0,0.0,0.0,0.0,0.0,,24.1,0.0,0.0,24.1,0.0,0.0,0.0,0.0,0.0,0.0,1.6,,25.7
2/2/2026,2023.0,20240239.0,21047.0,31822.0,SUNCOR ENERGY (USA) PIPELINE CO.,Crude Oil,INTRASTATE,WYOMING,0.0,0.0,0.0,0.0,0.0,28.89,57.0,0.0,0.0,0.31,0.0,86.2,0.0,53.9,78.9,0.0,0.0,0.0,0.0,0.0,0.0,0.0,0.0,132.8,0.0,53.9,78.9,0.0,0.0,28.89,57.0,0.0,0.0,0.31,0.0,219.0
2/2/2026,2023.0,20240240.0,21048.0,31822.0,SUNCOR ENERGY (USA) PIPELINE CO.,Refined and/or Petroleum Product (non-HVL),INTRASTATE,COLORADO,0.0,0.0,0.0,0.0,0.0,0.0,0.0,0.0,0.0,0.0,0.0,0.0,0.0,0.0,0.0,0.0,3.71,0.0,0.0,0.0,0.0,0.0,0.0,3.71,0.0,0.0,0.0,0.0,3.71,0.0,0.0,0.0,0.0,0.0,0.0,3.71
2/2/2026,2023.0,20240244.0,21052.0,31847.0,"CALUMET COTTON VALLEY REFINING, LLC.",Refined and/or Petroleum Product (non-HVL),INTRASTATE,LOUISIANA,,,,,,,,6.35,,,,6.35,,,,,,,,,,,,0.0,,,,,,,,6.35,,,,6.35
2/2/2026,2023.0,20240261.0,21069.0,31863.0,HFOTCO LLC,Crude Oil,INTRASTATE,TEXAS,0.0,0.0,0.0,0.0,0.0,0.0,0.0,10.38,0.0,10.22,0.0,20.6,0.0,0.0,0.0,0.0,0.0,0.0,0.0,0.0,0.0,0.0,0.0,0.0,0.0,0.0,0.0,0.0,0.0,0.0,0.0,10.38,0.0,10.22,0.0,20.6
2/2/2026,2023.0,20240143.0,20938.0,31864.0,APACHE CORPORATION,CO2,INTRASTATE,TEXAS,,,,,,,,,,,,0.0,,,,,,,,,,,,0.0,,,,,,,,,,,,
2/2/2026,2023.0,20240691.0,21558.0,31864.0,APACHE CORPORATION,Crude Oil,INTERSTATE,LOUISIANA,,,,,,,,,,,,0.0,,,,,,,,,,,,0.0,,,,,,,,,,,,
2/2/2026,2023.0,20240691.0,21558.0,31864.0,APACHE CORPORATION,Crude Oil,INTERSTATE,OCS-Gulf of Mexico,,,,,,,,,,,,0.0,,,,,,,,,,,,0.0,,,,,,,,,,,,
2/2/2026,2023.0,20240691.0,21558.0,31864.0,APACHE CORPORATION,Crude Oil,INTRASTATE,TEXAS,,,,,,,,,,,,0.0,,,,,,,,,,,,0.0,,,,,,,,,,,,
2/2/2026,2023.0,20240370.0,21184.0,31878.0,BRIDGER PIPELINE LLC,Crude Oil,INTERSTATE,MONTANA,0.0,0.0,0.0,57.0,0.0,67.0,33.0,0.0,0.0,99.0,65.0,321.0,0.0,0.0,0.0,73.0,9.0,112.0,0.0,0.0,0.0,0.0,0.0,194.0,0.0,0.0,0.0,130.0,9.0,179.0,33.0,0.0,0.0,99.0,65.0,515.0
2/2/2026,2023.0,20240370.0,21184.0,31878.0,BRIDGER PIPELINE LLC,Crude Oil,INTERSTATE,NORTH DAKOTA,0.0,0.0,0.0,0.0,0.0,39.0,44.0,1.0,47.0,130.0,80.0,341.0,0.0,0.0,0.0,0.0,0.0,0.0,0.0,0.0,0.0,0.0,0.0,0.0,0.0,0.0,0.0,0.0,0.0,39.0,44.0,1.0,47.0,130.0,80.0,341.0
2/2/2026,2023.0,20240370.0,21184.0,31878.0,BRIDGER PIPELINE LLC,Crude Oil,INTERSTATE,WYOMING,,,,62.0,4.0,15.0,,7.0,2.0,73.0,194.0,357.0,,,,34.0,341.0,,,,,,0.0,375.0,,,,96.0,345.0,15.0,,7.0,2.0,73.0,194.0,732.0
2/2/2026,2023.0,20240371.0,21185.0,31878.0,BRIDGER PIPELINE LLC,Refined and/or Petroleum Product (non-HVL),INTERSTATE,WYOMING,,,,,49.0,,,27.0,,,,76.0,,,,,,,,,,,,0.0,,,,,49.0,,,27.0,,,,76.0
2/2/2026,2023.0,20240334.0,21145.0,31888.0,CENTURION PIPELINE L.P.,Crude Oil,INTERSTATE,NEW MEXICO,0.0,0.0,0.0,0.0,0.0,68.92,0.0,35.05,0.02,59.92,0.73,164.64,12.63,0.0,0.0,0.04,0.0,0.0,0.0,0.0,0.0,0.0,0.0,12.67,12.63,0.0,0.0,0.04,0.0,68.92,0.0,35.05,0.02,59.92,0.73,177.31
2/2/2026,2023.0,20240334.0,21145.0,31888.0,CENTURION PIPELINE L.P.,Crude Oil,INTERSTATE,OKLAHOMA,0.0,0.0,0.0,0.0,0.0,2.3,4.0,12.88,3.59,0.25,0.6,23.62,0.0,5.5,113.28,0.05,14.78,0.0,0.0,0.0,0.0,0.0,0.0,133.61,0.0,5.5,113.28,0.05,14.78,2.3,4.0,12.88,3.59,0.25,0.6,157.23
2/2/2026,2023.0,20240334.0,21145.0,31888.0,CENTURION PIPELINE L.P.,Crude Oil,INTERSTATE,TEXAS,0.0,0.0,0.0,0.0,0.0,40.5,0.4,17.9,0.8,0.5,0.24,60.34,179.1,0.0,75.5,35.7,34.6,0.0,0.0,0.0,0.0,0.0,0.0,324.9,179.1,0.0,75.5,35.7,34.6,40.5,0.4,17.9,0.8,0.5,0.24,385.24
2/2/2026,2023.0,20240334.0,21145.0,31888.0,CENTURION PIPELINE L.P.,Crude Oil,INTRASTATE,TEXAS,0.0,0.0,0.0,0.0,0.0,0.0,12.0,2.67,37.57,76.53,61.55,190.32,110.81,0.0,73.68,30.7,0.0,0.0,0.0,0.0,0.0,0.0,0.0,215.19,110.81,0.0,73.68,30.7,0.0,0.0,12.0,2.67,37.57,76.53,61.55,405.51
2/2/2026,2023.0,20240087.0,21560.0,31914.0,NGL SUPPLY TERMINAL COMPANY LLC,HVL,INTRASTATE,MICHIGAN,,,,,,225.0,,,,,,225.0,,,,,,,,,,,,0.0,,,,,,225.0,,,,,,225.0
2/2/2026,2023.0,20240369.0,21183.0,31919.0,MIDSTREAM ENERGY PARTNERS (USA) LLC,HVL,INTRASTATE,CALIFORNIA,0.0,0.0,0.0,0.0,0.0,0.0,0.0,0.0,47.16,0.0,0.0,47.16,0.0,0.0,0.0,0.0,0.0,0.0,0.0,0.0,0.0,0.0,0.0,0.0,0.0,0.0,0.0,0.0,0.0,0.0,0.0,0.0,47.16,0.0,0.0,47.16
2/2/2026,2023.0,20240201.0,21002.0,31933.0,CALCASIEU REFINING COMPANY,Refined and/or Petroleum Product (non-HVL),INTRASTATE,LOUISIANA,0.0,0.0,0.0,0.0,0.0,0.0,5.4,0.0,0.0,0.0,0.0,5.4,0.0,0.0,0.0,0.0,0.0,0.0,0.0,0.0,0.0,0.0,0.0,0.0,0.0,0.0,0.0,0.0,0.0,0.0,5.4,0.0,0.0,0.0,0.0,5.4
2/2/2026,2023.0,20240025.0,20776.0,31943.0,COLT MIDSTREAM LLC,HVL,INTRASTATE,TEXAS,,,,,,15.5,,0.86,0.0,,0.0,16.36,,,,,,,,,,,0.0,0.0,,,,,,15.5,,0.86,0.0,,0.0,16.36
2/2/2026,2023.0,20240557.0,21374.0,31947.0,ENBRIDGE PIPELINES (OZARK) L.L.C.,Crude Oil,INTRASTATE,KANSAS,0.0,0.0,0.0,0.0,0.0,0.0,0.0,0.0,0.0,0.0,0.0,0.0,0.0,0.0,0.0,0.0,0.0,0.0,0.0,0.0,0.0,0.0,0.0,0.0,0.0,0.0,0.0,0.0,0.0,0.0,0.0,0.0,0.0,0.0,0.0,0.0
2/2/2026,2023.0,20240557.0,21374.0,31947.0,ENBRIDGE PIPELINES (OZARK) L.L.C.,Crude Oil,INTRASTATE,OKLAHOMA,0.0,0.0,0.0,0.0,0.0,0.0,0.0,0.0,0.212,0.0,0.0,0.212,0.0,0.0,15.14,0.0,0.0,0.0,0.0,0.0,0.0,0.0,0.0,15.14,0.0,0.0,15.14,0.0,0.0,0.0,0.0,0.0,0.212,0.0,0.0,15.352
2/2/2026,2023.0,20240558.0,21375.0,31948.0,ENBRIDGE STORAGE (PATOKA) L.L.C.,Crude Oil,INTERSTATE,ILLINOIS,,,,,,,,,,,,0.0,,,,,,,,,,,,0.0,,,,,,,,,,,,
2/2/2026,2023.0,20240155.0,20951.0,31957.0,KINDER MORGAN WINK PIPELINE LLC,Crude Oil,INTERSTATE,TEXAS,0.0,0.0,,0.0,0.0,0.0,0.0,13.11,3.64,0.32,0.0,17.07,0.0,0.0,17.49,180.69,0.08,0.31,0.0,0.0,0.0,0.0,0.0,198.57,0.0,0.0,17.49,180.69,0.08,0.31,0.0,13.11,3.64,0.32,0.0,215.64
2/2/2026,2023.0,20240155.0,20951.0,31957.0,KINDER MORGAN WINK PIPELINE LLC,Crude Oil,INTRASTATE,TEXAS,0.0,0.0,0.0,0.0,0.0,0.0,0.0,0.0,1.52,0.0,0.0,1.52,0.0,0.0,0.0,0.0,0.0,0.0,0.0,0.0,0.0,0.0,0.0,0.0,0.0,0.0,0.0,0.0,0.0,0.0,0.0,0.0,1.52,0.0,0.0,1.52
2/2/2026,2023.0,20240572.0,21389.0,31970.0,"CONOCOPHILLIPS ALASKA, INC.",Refined and/or Petroleum Product (non-HVL),INTRASTATE,ALASKA,,,,,,,,,,,,0.0,,,,,,,,,,,,0.0,,,,,,,,,,,,
2/2/2026,2023.0,20240237.0,21044.0,31994.0,"PANTHER OPERATING COMPANY, LLC",Crude Oil,INTERSTATE,LOUISIANA,0.0,0.0,0.0,0.0,0.0,0.0,0.0,4.01,0.0,0.0,0.0,4.01,0.0,0.0,0.0,0.0,12.89,0.0,23.07,0.0,0.0,0.0,0.0,35.96,0.0,0.0,0.0,0.0,12.89,0.0,23.07,4.01,0.0,0.0,0.0,39.97
2/2/2026,2023.0,20240237.0,21044.0,31994.0,"PANTHER OPERATING COMPANY, LLC",Crude Oil,INTERSTATE,OCS-Gulf of Mexico,0.0,0.0,0.0,0.0,0.0,0.0,0.0,59.75,0.0,0.0,5.78,65.53,0.0,0.0,0.0,0.0,0.0,0.0,0.0,0.0,0.0,0.0,0.0,0.0,0.0,0.0,0.0,0.0,0.0,0.0,0.0,59.75,0.0,0.0,5.78,65.53
2/2/2026,2023.0,20240318.0,21129.0,32005.0,"ENLINK PROCESSING SERVICES, LLC",HVL,INTERSTATE,LOUISIANA,0.0,0.0,0.0,0.0,0.0,52.002,12.252,0.0,0.0,125.58,0.0,189.834,0.0,,0.0,0.0,2.518,50.08,0.0,4.544,0.0,0.0,0.0,57.142,0.0,0.0,0.0,0.0,2.518,102.082,12.252,4.544,0.0,125.58,0.0,246.976
2/2/2026,2023.0,20240318.0,21129.0,32005.0,"ENLINK PROCESSING SERVICES, LLC",HVL,INTERSTATE,TEXAS,0.0,0.0,0.0,0.0,0.0,0.0,0.0,0.0,0.0,64.393,0.0,64.393,0.0,0.0,0.0,0.0,0.0,0.0,0.0,0.0,0.0,0.0,0.0,0.0,0.0,0.0,0.0,0.0,0.0,0.0,0.0,0.0,0.0,64.393,0.0,64.393
2/2/2026,2023.0,20240318.0,21129.0,32005.0,"ENLINK PROCESSING SERVICES, LLC",HVL,INTRASTATE,LOUISIANA,0.0,0.0,0.0,0.0,38.902,21.443,82.192,39.076,0.302,52.222,0.0,234.137,0.0,0.0,0.0,0.0,147.446,20.409,20.38,0.102,0.0,0.0,0.0,188.337,0.0,0.0,0.0,0.0,186.348,41.852,102.572,39.178,0.302,52.222,0.0,422.474
2/2/2026,2023.0,20240316.0,21127.0,32005.0,"ENLINK PROCESSING SERVICES, LLC",Refined and/or Petroleum Product (non-HVL),INTRASTATE,LOUISIANA,0.0,0.0,0.0,0.0,0.0,0.0,15.535,3.396,0.0,1.753,0.0,20.684,0.0,0.0,0.0,0.0,2.21,0.0,0.0,0.0,0.0,0.0,0.0,2.21,0.0,0.0,0.0,0.0,2.21,0.0,15.535,3.396,0.0,1.753,0.0,22.894
2/2/2026,2023.0,20240010.0,20754.0,32007.0,"SUPERIOR MIDSTREAM, LLC",HVL,INTRASTATE,OKLAHOMA,0.0,0.0,0.0,0.0,0.0,0.0,0.0,0.0,4.39,24.95,0.0,29.34,0.0,0.0,0.0,0.0,0.0,0.0,0.0,0.0,0.0,0.0,0.0,0.0,0.0,0.0,0.0,0.0,0.0,0.0,0.0,0.0,4.39,24.95,0.0,29.34
2/2/2026,2023.0,20240646.0,21566.0,32011.0,"HOLLY ENERGY PARTNERS - OPERATING, L.P.",Crude Oil,INTERSTATE,NEW MEXICO,,0.0,0.0,0.0,0.0,0.0,6.87,0.01,15.92,0.0,,22.8,,0.0,6.57,0.0,0.0,0.0,0.0,0.0,0.0,0.0,,6.57,,0.0,6.57,0.0,0.0,0.0,6.87,0.01,15.92,0.0,,29.37
2/2/2026,2023.0,20240646.0,21566.0,32011.0,"HOLLY ENERGY PARTNERS - OPERATING, L.P.",Crude Oil,INTERSTATE,TEXAS,,0.0,0.0,0.0,0.0,0.0,3.97,0.0,9.99,0.0,,13.96,,,11.23,0.0,0.0,0.0,0.0,0.0,0.0,0.0,,11.23,,0.0,11.23,0.0,0.0,0.0,3.97,0.0,9.99,0.0,,25.19
2/2/2026,2023.0,20240646.0,21566.0,32011.0,"HOLLY ENERGY PARTNERS - OPERATING, L.P.",Crude Oil,INTERSTATE,UTAH,0.0,,,,,,41.13,0.71,95.09,,,136.93,0.0,69.49,24.55,,,,,,,,,94.04,0.0,69.49,24.55,,,,41.13,0.71,95.09,,,230.97
2/2/2026,2023.0,20240646.0,21566.0,32011.0,"HOLLY ENERGY PARTNERS - OPERATING, L.P.",Crude Oil,INTERSTATE,WYOMING,0.0,0.0,0.0,0.0,0.0,0.0,290.18,0.23,0.25,0.01,,290.67,0.0,0.0,0.0,0.0,0.0,0.0,0.0,0.0,0.0,0.0,,0.0,0.0,0.0,0.0,0.0,0.0,0.0,290.18,0.23,0.25,0.01,,290.67
2/2/2026,2023.0,20240646.0,21566.0,32011.0,"HOLLY ENERGY PARTNERS - OPERATING, L.P.",Crude Oil,INTRASTATE,KANSAS,0.0,0.0,0.0,0.0,0.0,0.0,0.0,0.0,3.73,0.09,,3.82,0.0,0.0,0.0,0.0,0.0,0.0,0.0,0.0,,0.0,,0.0,0.0,0.0,0.0,0.0,0.0,0.0,0.0,0.0,3.73,0.09,,3.82
2/2/2026,2023.0,20240646.0,21566.0,32011.0,"HOLLY ENERGY PARTNERS - OPERATING, L.P.",Crude Oil,INTRASTATE,NEW MEXICO,,,,,,10.15,72.09,2.22,108.07,36.46,,228.99,,,,,,,,,,,,0.0,,,,,,10.15,72.09,2.22,108.07,36.46,,228.99
2/2/2026,2023.0,20240646.0,21566.0,32011.0,"HOLLY ENERGY PARTNERS - OPERATING, L.P.",Crude Oil,INTRASTATE,TEXAS,,0.0,0.0,,0.0,0.0,4.03,0.0,7.96,0.0,,11.99,,4.79,0.0,13.73,0.0,0.0,0.0,0.0,0.0,0.0,,18.52,,4.79,0.0,13.73,0.0,0.0,4.03,0.0,7.96,0.0,,30.51
2/2/2026,2023.0,20240647.0,21567.0,32011.0,"HOLLY ENERGY PARTNERS - OPERATING, L.P.",Refined and/or Petroleum Product (non-HVL),INTERSTATE,NEBRASKA,,,,,,,,,0.09,0.02,,0.11,,,,,,,,,,,,0.0,,,,,,,,,0.09,0.02,,0.11
2/2/2026,2023.0,20240647.0,21567.0,32011.0,"HOLLY ENERGY PARTNERS - OPERATING, L.P.",Refined and/or Petroleum Product (non-HVL),INTERSTATE,NEW MEXICO,,,,,,,,10.0,58.55,,,68.55,,,,,,,,,,,,0.0,,,,,,,,10.0,58.55,,,68.55
2/2/2026,2023.0,20240647.0,21567.0,32011.0,"HOLLY ENERGY PARTNERS - OPERATING, L.P.",Refined and/or Petroleum Product (non-HVL),INTERSTATE,TEXAS,,,,,,,14.37,101.36,31.8,11.72,,159.25,,,,6.56,,,,,,,,6.56,,,,6.56,,,14.37,101.36,31.8,11.72,,165.81
2/2/2026,2023.0,20240647.0,21567.0,32011.0,"HOLLY ENERGY PARTNERS - OPERATING, L.P.",Refined and/or Petroleum Product (non-HVL),INTERSTATE,UTAH,,,,,,,,,3.49,0.57,,4.06,,,,,,,,,,,,0.0,,,,,,,,,3.49,0.57,,4.06
2/2/2026,2023.0,20240647.0,21567.0,32011.0,"HOLLY ENERGY PARTNERS - OPERATING, L.P.",Refined and/or Petroleum Product (non-HVL),INTERSTATE,WYOMING,,,,,,,,,0.03,0.02,,0.05,0.0,,,,,,,,,,,0.0,0.0,,,,,,,,0.03,0.02,,0.05
2/2/2026,2023.0,20240647.0,21567.0,32011.0,"HOLLY ENERGY PARTNERS - OPERATING, L.P.",Refined and/or Petroleum Product (non-HVL),INTRASTATE,IDAHO,,,,,,,,0.07,,,,0.07,,,,,13.23,,,,,,,13.23,,,,,13.23,,,0.07,,,,13.3
2/2/2026,2023.0,20240647.0,21567.0,32011.0,"HOLLY ENERGY PARTNERS - OPERATING, L.P.",Refined and/or Petroleum Product (non-HVL),INTRASTATE,NEW MEXICO,,,,,,,64.18,126.57,0.08,1.97,2.01,194.81,,,,34.24,,,,,,,,34.24,,,,34.24,,,64.18,126.57,0.08,1.97,2.01,229.05
2/2/2026,2023.0,20240647.0,21567.0,32011.0,"HOLLY ENERGY PARTNERS - OPERATING, L.P.",Refined and/or Petroleum Product (non-HVL),INTRASTATE,OKLAHOMA,,,,,,,,,,3.05,,3.05,,,,,,,,,,,,0.0,,,,,,,,,,3.05,,3.05
2/2/2026,2023.0,20240647.0,21567.0,32011.0,"HOLLY ENERGY PARTNERS - OPERATING, L.P.",Refined and/or Petroleum Product (non-HVL),INTRASTATE,TEXAS,,,,,,,25.87,6.41,9.93,10.78,0.63,53.62,,,,269.1,,,,,,,,269.1,,,,269.1,,,25.87,6.41,9.93,10.78,0.63,322.72
2/2/2026,2023.0,20240647.0,21567.0,32011.0,"HOLLY ENERGY PARTNERS - OPERATING, L.P.",Refined and/or Petroleum Product (non-HVL),INTRASTATE,UTAH,,,,,,,,,,0.11,,0.11,,,0.01,,,,,,,,,0.01,,,0.01,,,,,,,0.11,,0.12
2/2/2026,2023.0,20240647.0,21567.0,32011.0,"HOLLY ENERGY PARTNERS - OPERATING, L.P.",Refined and/or Petroleum Product (non-HVL),INTRASTATE,WYOMING,,,,,,,,,4.0,,,4.0,,,,,,,,,,,,0.0,,,,,,,,,4.0,,,4.0
2/2/2026,2023.0,20240426.0,21241.0,32051.0,"MARTIN OPERATING PARTNERSHIP, L.P.",Refined and/or Petroleum Product (non-HVL),INTRASTATE,TEXAS,0.0,0.0,0.0,0.0,0.0,0.0,0.0,0.0,1.39,4.43,,5.82,0.0,0.0,0.0,0.0,0.0,0.0,0.0,0.0,0.0,0.0,,0.0,0.0,0.0,0.0,0.0,0.0,0.0,0.0,0.0,1.39,4.43,,5.82
2/2/2026,2023.0,20240701.0,21524.0,32052.0,"WHITE MARLIN OPERATING COMPANY, LLC",Crude Oil,INTRASTATE,TEXAS,0.0,0.0,0.0,0.0,0.0,0.0,0.0,0.0,0.0,0.0,0.0,0.0,0.0,0.0,0.0,0.0,0.0,0.0,0.0,0.0,0.0,0.0,0.0,0.0,0.0,0.0,0.0,0.0,0.0,0.0,0.0,0.0,0.0,0.0,0.0,0.0
2/2/2026,2023.0,20240135.0,20921.0,32062.0,IMTT-PIPELINE,Refined and/or Petroleum Product (non-HVL),INTERSTATE,NEW JERSEY,0.0,0.0,0.0,0.0,0.0,0.0,2.48,0.0,1.37,0.24,0.34,4.43,0.0,0.0,0.0,2.29,0.0,0.0,0.0,0.0,0.0,0.0,0.0,2.29,0.0,0.0,0.0,2.29,0.0,0.0,2.48,0.0,1.37,0.24,0.34,6.72
2/2/2026,2023.0,20240135.0,20921.0,32062.0,IMTT-PIPELINE,Refined and/or Petroleum Product (non-HVL),INTERSTATE,NEW YORK,,,,,,1.5,,,1.33,,,2.83,,,,,,,,,,,,0.0,,,,,,1.5,,,1.33,,,2.83
2/2/2026,2023.0,20240560.0,21377.0,32080.0,"CCPS TRANSPORTATION, LLC",Crude Oil,INTERSTATE,ILLINOIS,0.0,0.0,0.0,0.0,0.0,0.0,0.0,0.0,0.0,0.0,0.0,0.0,0.0,0.0,0.0,0.0,0.0,0.0,0.0,0.0,0.0,0.0,0.0,0.0,0.0,0.0,0.0,0.0,0.0,0.0,0.0,0.0,0.0,0.0,0.0,0.0
2/2/2026,2023.0,20240560.0,21377.0,32080.0,"CCPS TRANSPORTATION, LLC",Crude Oil,INTERSTATE,KANSAS,0.0,0.0,0.0,0.0,0.0,0.0,0.0,0.0,0.0,0.0,0.0,0.0,0.0,0.0,0.0,0.0,0.0,0.0,0.0,0.0,0.0,0.0,0.0,0.0,0.0,0.0,0.0,0.0,0.0,0.0,0.0,0.0,0.0,0.0,0.0,0.0
2/2/2026,2023.0,20240560.0,21377.0,32080.0,"CCPS TRANSPORTATION, LLC",Crude Oil,INTERSTATE,MISSOURI,0.0,0.0,0.0,0.0,0.0,0.0,0.0,0.0,0.0,0.0,0.0,0.0,0.0,0.0,0.0,0.0,0.0,0.0,0.0,0.0,0.0,0.0,0.0,0.0,0.0,0.0,0.0,0.0,0.0,0.0,0.0,0.0,0.0,0.0,0.0,0.0
2/2/2026,2023.0,20240560.0,21377.0,32080.0,"CCPS TRANSPORTATION, LLC",Crude Oil,INTERSTATE,OKLAHOMA,0.0,0.0,0.0,0.0,0.0,0.0,0.0,0.0,0.0,0.0,0.0,0.0,0.0,0.0,0.0,0.0,0.0,0.0,0.0,0.0,0.0,0.0,0.0,0.0,0.0,0.0,0.0,0.0,0.0,0.0,0.0,0.0,0.0,0.0,0.0,0.0
2/2/2026,2023.0,20240688.0,21510.0,32083.0,"DCOR, LLC",Crude Oil,INTERSTATE,CALIFORNIA,0.0,0.0,0.0,0.0,4.71,0.0,9.08,0.01,0.0,0.0,0.0,13.8,0.0,0.0,0.0,0.0,3.65,0.0,0.0,0.0,0.0,0.0,0.0,3.65,0.0,0.0,0.0,0.0,8.36,0.0,9.08,0.01,0.0,0.0,0.0,17.45
2/2/2026,2023.0,20240688.0,21510.0,32083.0,"DCOR, LLC",Crude Oil,INTERSTATE,OCS-Pacific,0.0,0.0,0.0,0.0,5.82,0.0,0.17,,0.0,0.63,0.0,6.62,0.0,0.0,0.0,0.0,6.17,0.0,0.0,0.0,0.0,0.0,0.0,6.17,0.0,0.0,0.0,0.0,11.99,0.0,0.17,0.0,0.0,0.63,0.0,12.79
2/2/2026,2023.0,20240688.0,21510.0,32083.0,"DCOR, LLC",Crude Oil,INTRASTATE,CALIFORNIA,0.0,0.0,0.0,0.0,0.16,0.0,0.2,2.51,0.0,0.0,0.0,2.87,0.0,0.0,0.0,0.0,2.95,0.0,0.0,0.0,0.0,0.0,0.0,2.95,0.0,0.0,0.0,0.0,3.11,0.0,0.2,2.51,0.0,0.0,0.0,5.82
2/2/2026,2023.0,20240463.0,21280.0,32091.0,"WILLIAMS OIL GATHERING, LLC",Crude Oil,INTERSTATE,LOUISIANA,0.0,0.0,0.0,0.0,0.0,0.0,0.0,0.0,17.92,0.0,0.0,17.92,0.0,0.0,0.0,0.0,0.0,0.0,0.0,0.0,0.0,0.0,0.0,0.0,0.0,0.0,0.0,0.0,0.0,0.0,0.0,0.0,17.92,0.0,0.0,17.92
2/2/2026,2023.0,20240463.0,21280.0,32091.0,"WILLIAMS OIL GATHERING, LLC",Crude Oil,INTERSTATE,OCS-Gulf of Mexico,0.0,0.0,0.0,0.0,0.0,0.0,0.0,0.0,126.86,17.43,,144.29,0.0,0.0,0.0,0.0,0.0,0.0,0.0,0.0,0.0,0.0,,0.0,0.0,0.0,0.0,0.0,0.0,0.0,0.0,0.0,126.86,17.43,,144.29
2/2/2026,2023.0,20240198.0,20999.0,32094.0,AUX SABLE LIQUID PRODUCTS,HVL,INTRASTATE,ILLINOIS,,,,,,31.08,,,0.08,0.77,,31.93,,,,,,,,,,,,0.0,,,,,,31.08,,,0.08,0.77,,31.93
2/2/2026,2023.0,20240359.0,21173.0,32095.0,"LBC HOUSTON, L.P.",HVL,INTRASTATE,TEXAS,,,,,,,,1.88,,,,1.88,,,,,,,,,,,,0.0,,,,,,,,1.88,,,,1.88
2/2/2026,2023.0,20240360.0,21174.0,32095.0,"LBC HOUSTON, L.P.",Refined and/or Petroleum Product (non-HVL),INTRASTATE,TEXAS,,,,,,1.95,,,,,,1.95,,,,,,,,,,,,0.0,,,,,,1.95,,,,,,1.95
2/2/2026,2023.0,20240262.0,21070.0,32096.0,WYNNEWOOD REFINERY COMPANY,Crude Oil,INTRASTATE,OKLAHOMA,0.0,0.0,0.0,0.0,0.0,0.0,0.0,0.0,0.0,0.0,0.0,0.0,0.0,0.0,0.0,0.0,2.06,0.0,0.0,0.0,0.0,0.0,0.0,2.06,0.0,0.0,0.0,0.0,2.06,0.0,0.0,0.0,0.0,0.0,0.0,2.06
2/2/2026,2023.0,20240263.0,21624.0,32099.0,ENERGY TRANSFER COMPANY,Crude Oil,INTERSTATE,LOUISIANA,0.0,0.0,0.0,0.0,0.0,0.0,0.0,0.0,0.0,0.0,0.0,0.0,0.0,0.0,0.0,0.0,0.0,0.0,0.0,0.0,0.0,0.0,0.0,0.0,0.0,0.0,0.0,0.0,0.0,0.0,0.0,0.0,0.0,0.0,0.0,0.0
2/2/2026,2023.0,20240263.0,21624.0,32099.0,ENERGY TRANSFER COMPANY,Crude Oil,INTERSTATE,MICHIGAN,0.0,0.0,0.0,0.0,0.0,0.24,2.11,2.06,0.0,0.0,0.01,4.42,0.0,0.0,0.0,0.0,113.08,0.0,0.0,0.0,0.0,0.0,0.0,113.08,0.0,0.0,0.0,0.0,113.08,0.24,2.11,2.06,0.0,0.0,0.01,117.5
2/2/2026,2023.0,20240263.0,21624.0,32099.0,ENERGY TRANSFER COMPANY,Crude Oil,INTERSTATE,NEW MEXICO,0.0,0.0,0.0,0.0,0.0,0.0,0.0,0.0,0.0,40.81,0.0,40.81,0.0,0.0,0.0,0.0,0.0,0.0,0.0,0.0,0.0,0.0,0.0,0.0,0.0,0.0,0.0,0.0,0.0,0.0,0.0,0.0,0.0,40.81,0.0,40.81
2/2/2026,2023.0,20240263.0,21624.0,32099.0,ENERGY TRANSFER COMPANY,Crude Oil,INTERSTATE,OHIO,0.0,0.0,0.0,0.0,0.0,0.1,0.0,0.0,0.0,0.0,0.0,0.1,0.0,0.0,0.0,0.0,10.54,0.0,0.0,0.0,0.0,0.0,0.0,10.54,0.0,0.0,0.0,0.0,10.54,0.1,0.0,0.0,0.0,0.0,0.0,10.64
2/2/2026,2023.0,20240263.0,21624.0,32099.0,ENERGY TRANSFER COMPANY,Crude Oil,INTERSTATE,OKLAHOMA,0.0,0.0,0.0,0.0,0.0,0.0,0.0,0.0,0.0,149.55,0.0,149.55,0.0,0.0,0.0,0.0,0.0,0.0,0.0,0.0,0.0,0.0,0.0,0.0,0.0,0.0,0.0,0.0,0.0,0.0,0.0,0.0,0.0,149.55,0.0,149.55
2/2/2026,2023.0,20240263.0,21624.0,32099.0,ENERGY TRANSFER COMPANY,Crude Oil,INTERSTATE,TEXAS,0.0,0.0,0.0,0.0,0.0,25.08,0.0,0.0,22.11,173.06,0.41,220.66,0.0,328.19,0.0,0.0,0.0,0.0,0.0,0.0,0.0,0.0,0.0,328.19,0.0,328.19,0.0,0.0,0.0,25.08,0.0,0.0,22.11,173.06,0.41,548.85
2/2/2026,2023.0,20240263.0,21624.0,32099.0,ENERGY TRANSFER COMPANY,Crude Oil,INTRASTATE,NEW MEXICO,0.0,0.0,0.0,0.0,0.0,0.0,0.0,0.0,0.0,5.99,0.0,5.99,0.0,0.0,0.0,0.0,0.0,0.0,0.0,0.0,0.0,0.0,0.0,0.0,0.0,0.0,0.0,0.0,0.0,0.0,0.0,0.0,0.0,5.99,0.0,5.99
2/2/2026,2023.0,20240263.0,21624.0,32099.0,ENERGY TRANSFER COMPANY,Crude Oil,INTRASTATE,OKLAHOMA,0.0,0.0,0.0,0.0,0.0,2.78,17.12,5.01,19.76,146.5,1.97,193.14,0.0,33.98,57.97,25.15,59.53,0.0,0.0,0.0,0.0,0.0,0.0,176.63,0.0,33.98,57.97,25.15,59.53,2.78,17.12,5.01,19.76,146.5,1.97,369.77
2/2/2026,2023.0,20240263.0,21624.0,32099.0,ENERGY TRANSFER COMPANY,Crude Oil,INTRASTATE,TEXAS,1.2,0.0,0.0,0.0,0.0,30.96,57.53,77.26,22.67,276.57,20.82,487.01,0.0,72.55,170.27,127.7,14.68,3.06,0.0,0.0,0.0,0.0,0.0,388.26,1.2,72.55,170.27,127.7,14.68,34.02,57.53,77.26,22.67,276.57,20.82,875.27
2/2/2026,2023.0,20240264.0,21072.0,32099.0,ENERGY TRANSFER COMPANY,HVL,INTERSTATE,NEW MEXICO,0.0,0.0,0.0,0.0,0.0,5.62,0.0,3.21,0.0,53.81,0.0,62.64,0.0,0.0,0.0,0.0,0.0,0.0,0.0,0.0,0.0,0.0,0.0,0.0,0.0,0.0,0.0,0.0,0.0,5.62,0.0,3.21,0.0,53.81,0.0,62.64
2/2/2026,2023.0,20240264.0,21072.0,32099.0,ENERGY TRANSFER COMPANY,HVL,INTERSTATE,TEXAS,0.0,0.0,0.0,0.0,0.0,54.6,0.03,15.47,0.08,288.41,362.73,721.32,0.0,0.0,0.0,9.92,0.0,0.0,0.0,0.0,0.0,0.0,0.0,9.92,0.0,0.0,0.0,9.92,0.0,54.6,0.03,15.47,0.08,288.41,362.73,731.24
2/2/2026,2023.0,20240264.0,21072.0,32099.0,ENERGY TRANSFER COMPANY,HVL,INTRASTATE,LOUISIANA,2.96,0.0,0.0,0.0,0.0,0.0,0.0,37.53,100.71,77.97,0.0,219.17,0.0,0.0,0.0,0.0,0.0,0.0,0.0,0.0,0.0,0.0,0.0,0.0,2.96,0.0,0.0,0.0,0.0,0.0,0.0,37.53,100.71,77.97,0.0,219.17
2/2/2026,2023.0,20240264.0,21072.0,32099.0,ENERGY TRANSFER COMPANY,HVL,INTRASTATE,NEW MEXICO,0.0,0.0,0.0,0.0,0.0,0.0,0.0,0.0,0.0,0.06,0.0,0.06,0.0,0.0,0.0,0.0,32.12,0.0,0.0,0.0,0.0,0.0,0.0,32.12,0.0,0.0,0.0,0.0,32.12,0.0,0.0,0.0,0.0,0.06,0.0,32.18
2/2/2026,2023.0,20240264.0,21072.0,32099.0,ENERGY TRANSFER COMPANY,HVL,INTRASTATE,OKLAHOMA,0.0,0.0,0.0,0.0,0.0,0.0,0.0,0.0,0.0,2.22,0.0,2.22,0.0,0.0,0.0,0.0,0.0,0.0,0.0,0.0,0.0,0.0,0.0,0.0,0.0,0.0,0.0,0.0,0.0,0.0,0.0,0.0,0.0,2.22,0.0,2.22
2/2/2026,2023.0,20240264.0,21072.0,32099.0,ENERGY TRANSFER COMPANY,HVL,INTRASTATE,PENNSYLVANIA,0.0,0.0,0.0,0.0,0.0,0.0,0.0,,0.0,0.0,14.9,14.9,0.0,0.0,0.0,0.0,0.0,0.0,0.0,0.0,0.0,0.0,0.0,0.0,0.0,0.0,0.0,0.0,0.0,0.0,0.0,0.0,0.0,0.0,14.9,14.9
2/2/2026,2023.0,20240264.0,21072.0,32099.0,ENERGY TRANSFER COMPANY,HVL,INTRASTATE,TEXAS,0.0,0.0,0.0,0.0,0.0,94.05,21.72,55.01,66.51,1092.49,153.28,1483.06,0.0,0.0,137.18,68.56,67.55,0.0,0.0,0.0,0.0,0.0,0.0,273.29,0.0,0.0,137.18,68.56,67.55,94.05,21.72,55.01,66.51,1092.49,153.28,1756.35
2/2/2026,2023.0,20240265.0,21073.0,32099.0,ENERGY TRANSFER COMPANY,Refined and/or Petroleum Product (non-HVL),INTRASTATE,TEXAS,0.0,0.0,0.0,0.0,0.0,1.74,0.0,0.0,55.95,8.24,0.0,65.93,0.0,0.0,54.09,0.0,0.0,0.0,0.0,0.0,0.0,0.0,0.0,54.09,0.0,0.0,54.09,0.0,0.0,1.74,0.0,0.0,55.95,8.24,0.0,120.02
2/2/2026,2023.0,20240443.0,21830.0,32103.0,CRIMSON PIPELINE L.P.,Crude Oil,INTRASTATE,CALIFORNIA,1.8,,,,,,260.18,31.23,67.45,0.68,,361.34,10.32,72.94,217.0,222.0,237.0,51.0,,,,,,810.26,12.12,72.94,217.0,222.0,237.0,51.0,260.18,31.23,67.45,0.68,,1171.6
2/2/2026,2023.0,20240684.0,21506.0,32109.0,"ONEOK NGL PIPELINE, LLC",HVL,INTERSTATE,COLORADO,0.0,0.0,0.0,0.0,0.0,0.0,0.0,0.0,0.0,149.53,0.0,149.53,0.0,0.0,0.0,0.0,0.0,0.0,0.0,0.0,0.0,0.0,0.0,0.0,0.0,0.0,0.0,0.0,0.0,0.0,0.0,0.0,0.0,149.53,0.0,149.53
2/2/2026,2023.0,20240684.0,21506.0,32109.0,"ONEOK NGL PIPELINE, LLC",HVL,INTERSTATE,ILLINOIS,0.0,0.0,0.0,0.0,167.15,38.92,9.33,2.46,0.0,2.31,0.0,220.17,0.0,0.0,0.0,0.0,0.0,0.0,0.0,0.0,0.0,0.0,0.0,0.0,0.0,0.0,0.0,0.0,167.15,38.92,9.33,2.46,0.0,2.31,0.0,220.17
2/2/2026,2023.0,20240684.0,21506.0,32109.0,"ONEOK NGL PIPELINE, LLC",HVL,INTERSTATE,INDIANA,0.0,0.0,0.0,0.0,3.52,0.0,0.43,0.0,0.04,0.0,0.0,3.99,0.0,0.0,0.0,0.0,0.0,0.0,0.0,0.0,0.0,0.0,0.0,0.0,0.0,0.0,0.0,0.0,3.52,0.0,0.43,0.0,0.04,0.0,0.0,3.99
2/2/2026,2023.0,20240684.0,21506.0,32109.0,"ONEOK NGL PIPELINE, LLC",HVL,INTERSTATE,IOWA,0.0,0.0,0.0,0.0,197.07,121.45,0.0,0.01,0.16,0.37,1.27,320.33,0.0,0.0,0.0,0.0,0.0,0.0,0.0,0.0,0.0,0.0,0.0,0.0,0.0,0.0,0.0,0.0,197.07,121.45,0.0,0.01,0.16,0.37,1.27,320.33
2/2/2026,2023.0,20240684.0,21506.0,32109.0,"ONEOK NGL PIPELINE, LLC",HVL,INTERSTATE,KANSAS,0.0,0.0,0.0,0.0,233.64,402.88,129.62,12.01,120.95,343.96,77.37,1320.43,0.0,67.94,0.0,0.0,0.0,0.0,0.0,0.0,0.0,0.0,0.0,67.94,0.0,67.94,0.0,0.0,233.64,402.88,129.62,12.01,120.95,343.96,77.37,1388.37
2/2/2026,2023.0,20240684.0,21506.0,32109.0,"ONEOK NGL PIPELINE, LLC",HVL,INTERSTATE,MISSOURI,0.0,0.0,0.0,0.0,0.0,37.85,0.08,0.0,0.0,0.0,0.41,38.34,0.0,0.0,0.0,0.0,0.0,0.0,0.0,0.0,0.0,0.0,0.0,0.0,0.0,0.0,0.0,0.0,0.0,37.85,0.08,0.0,0.0,0.0,0.41,38.34
2/2/2026,2023.0,20240684.0,21506.0,32109.0,"ONEOK NGL PIPELINE, LLC",HVL,INTERSTATE,MONTANA,0.0,0.0,0.0,0.0,0.0,0.0,9.0,0.0,0.0,452.2,0.0,461.2,0.0,0.0,0.0,0.0,0.0,0.0,0.0,0.0,0.0,0.0,0.0,0.0,0.0,0.0,0.0,0.0,0.0,0.0,9.0,0.0,0.0,452.2,0.0,461.2
2/2/2026,2023.0,20240684.0,21506.0,32109.0,"ONEOK NGL PIPELINE, LLC",HVL,INTERSTATE,NEBRASKA,0.0,0.0,0.0,0.0,78.04,0.0,0.0,0.0,0.0,0.23,0.27,78.54,0.0,0.0,0.0,0.0,0.0,0.0,0.0,0.0,0.0,0.0,0.0,0.0,0.0,0.0,0.0,0.0,78.04,0.0,0.0,0.0,0.0,0.23,0.27,78.54
2/2/2026,2023.0,20240684.0,21506.0,32109.0,"ONEOK NGL PIPELINE, LLC",HVL,INTERSTATE,NEW MEXICO,0.0,0.0,0.0,0.0,0.0,66.28,0.49,3.55,0.89,4.76,0.01,75.98,0.0,0.0,0.0,0.0,0.0,0.0,0.0,0.0,0.0,0.0,0.0,0.0,0.0,0.0,0.0,0.0,0.0,66.28,0.49,3.55,0.89,4.76,0.01,75.98
2/2/2026,2023.0,20240684.0,21506.0,32109.0,"ONEOK NGL PIPELINE, LLC",HVL,INTERSTATE,NORTH DAKOTA,0.0,0.0,0.0,0.0,0.0,0.0,2.48,0.0,0.0,254.08,74.86,331.42,0.0,0.0,0.0,0.0,0.0,0.0,0.0,0.0,0.0,0.0,0.0,0.0,0.0,0.0,0.0,0.0,0.0,0.0,2.48,0.0,0.0,254.08,74.86,331.42
2/2/2026,2023.0,20240684.0,21506.0,32109.0,"ONEOK NGL PIPELINE, LLC",HVL,INTERSTATE,OKLAHOMA,0.0,0.0,0.0,0.0,0.0,110.23,308.1,376.57,82.96,363.42,172.96,1414.24,0.0,30.87,0.0,0.0,0.0,0.0,0.0,0.0,0.0,0.0,0.0,30.87,0.0,30.87,0.0,0.0,0.0,110.23,308.1,376.57,82.96,363.42,172.96,1445.11
2/2/2026,2023.0,20240684.0,21506.0,32109.0,"ONEOK NGL PIPELINE, LLC",HVL,INTERSTATE,TEXAS,19.86,0.0,0.0,1.78,0.0,588.45,758.65,724.03,518.66,625.36,541.21,3778.0,0.0,0.0,0.0,0.0,0.0,0.0,0.0,0.0,0.0,0.0,0.0,0.0,19.86,0.0,0.0,1.78,0.0,588.45,758.65,724.03,518.66,625.36,541.21,3778.0
2/2/2026,2023.0,20240684.0,21506.0,32109.0,"ONEOK NGL PIPELINE, LLC",HVL,INTERSTATE,WYOMING,0.0,0.0,0.0,0.0,0.0,0.0,27.01,6.71,0.0,701.38,0.0,735.1,0.0,0.0,0.0,0.0,0.0,0.0,0.0,0.0,0.0,0.0,0.0,0.0,0.0,0.0,0.0,0.0,0.0,0.0,27.01,6.71,0.0,701.38,0.0,735.1
2/2/2026,2023.0,20240684.0,21506.0,32109.0,"ONEOK NGL PIPELINE, LLC",HVL,INTRASTATE,KANSAS,0.0,0.0,0.0,0.0,0.0,2.66,5.34,2.95,58.4,16.82,0.0,86.17,0.0,0.0,0.0,0.0,0.0,0.0,0.0,0.0,0.0,0.0,0.0,0.0,0.0,0.0,0.0,0.0,0.0,2.66,5.34,2.95,58.4,16.82,0.0,86.17
2/2/2026,2023.0,20240684.0,21506.0,32109.0,"ONEOK NGL PIPELINE, LLC",HVL,INTRASTATE,OKLAHOMA,0.0,0.0,0.0,0.0,0.0,642.96,534.08,116.94,149.89,446.0,1.01,1890.88,0.0,14.1,0.0,0.0,0.0,0.0,0.0,0.0,0.0,0.0,0.0,14.1,0.0,14.1,0.0,0.0,0.0,642.96,534.08,116.94,149.89,446.0,1.01,1904.98
2/2/2026,2023.0,20240684.0,21506.0,32109.0,"ONEOK NGL PIPELINE, LLC",HVL,INTRASTATE,TEXAS,0.0,0.0,0.0,0.0,0.0,0.0,88.04,3.65,27.43,19.22,4.22,142.56,0.0,0.0,0.0,0.0,0.0,0.0,0.0,0.0,0.0,0.0,0.0,0.0,0.0,0.0,0.0,0.0,0.0,0.0,88.04,3.65,27.43,19.22,4.22,142.56
2/2/2026,2023.0,20240685.0,21507.0,32109.0,"ONEOK NGL PIPELINE, LLC",Refined and/or Petroleum Product (non-HVL),INTERSTATE,ILLINOIS,0.0,0.0,0.0,0.0,0.0,1.39,0.0,0.0,0.0,0.0,0.0,1.39,0.0,0.0,0.0,0.0,0.0,0.0,0.0,0.0,0.0,0.0,0.0,0.0,0.0,0.0,0.0,0.0,0.0,1.39,0.0,0.0,0.0,0.0,0.0,1.39
2/2/2026,2023.0,20240685.0,21507.0,32109.0,"ONEOK NGL PIPELINE, LLC",Refined and/or Petroleum Product (non-HVL),INTERSTATE,IOWA,0.0,0.0,0.0,0.0,25.34,0.83,0.0,13.78,0.0,0.27,0.02,40.24,0.0,0.0,0.0,0.0,0.0,0.0,0.0,0.0,0.0,0.0,0.0,0.0,0.0,0.0,0.0,0.0,25.34,0.83,0.0,13.78,0.0,0.27,0.02,40.24
2/2/2026,2023.0,20240685.0,21507.0,32109.0,"ONEOK NGL PIPELINE, LLC",Refined and/or Petroleum Product (non-HVL),INTERSTATE,KANSAS,0.0,0.0,0.0,0.0,0.0,0.0,10.8,0.55,0.0,0.24,0.0,11.59,0.0,0.0,0.0,0.0,0.0,0.0,0.0,0.0,0.0,0.0,0.0,0.0,0.0,0.0,0.0,0.0,0.0,0.0,10.8,0.55,0.0,0.24,0.0,11.59
2/2/2026,2023.0,20240685.0,21507.0,32109.0,"ONEOK NGL PIPELINE, LLC",Refined and/or Petroleum Product (non-HVL),INTERSTATE,NEBRASKA,0.0,0.0,0.0,29.25,0.0,0.0,23.86,0.02,0.0,0.2,1.44,54.77,0.0,0.0,0.0,0.0,0.0,0.0,0.0,0.0,0.0,0.0,0.0,0.0,0.0,0.0,0.0,29.25,0.0,0.0,23.86,0.02,0.0,0.2,1.44,54.77
2/2/2026,2023.0,20240685.0,21507.0,32109.0,"ONEOK NGL PIPELINE, LLC",Refined and/or Petroleum Product (non-HVL),INTRASTATE,TEXAS,0.0,0.0,0.0,0.0,0.0,0.0,0.0,0.0,0.0,0.0,0.0,0.0,0.0,0.0,0.0,0.0,0.0,0.0,0.0,0.0,0.0,0.0,0.0,0.0,0.0,0.0,0.0,0.0,0.0,0.0,0.0,0.0,0.0,0.0,0.0,0.0
2/2/2026,2023.0,20240392.0,21206.0,32114.0,COPANO NGL SERVICES LLC,HVL,INTRASTATE,TEXAS,0.0,0.0,0.0,0.0,0.0,0.0,46.72,0.0,0.11,32.66,0.0,79.49,0.0,0.0,0.071,0.0,6.65,0.0,0.0,0.0,0.0,0.0,0.0,6.721,0.0,0.0,0.071,0.0,6.65,0.0,46.72,0.0,0.11,32.66,0.0,86.211
2/2/2026,2023.0,20240320.0,21131.0,32117.0,"ASCENSION PIPELINE COMPANY, LLC",Refined and/or Petroleum Product (non-HVL),INTRASTATE,LOUISIANA,0.0,0.0,0.0,0.0,0.0,0.0,0.0,0.0,0.0,32.48,0.0,32.48,0.0,0.0,0.0,0.0,0.0,0.0,0.0,0.0,0.0,0.0,0.0,0.0,0.0,0.0,0.0,0.0,0.0,0.0,0.0,0.0,0.0,32.48,0.0,32.48
2/2/2026,2023.0,20240009.0,20753.0,32120.0,NORTHVILLE INDUSTRIES CORP.,Refined and/or Petroleum Product (non-HVL),INTRASTATE,NEW YORK,,,,,,22.67,,,,,,22.67,,,,5.68,8.34,,,,,,,14.02,,,,5.68,8.34,22.67,,,,,,36.69
2/2/2026,2023.0,20240605.0,21637.0,32147.0,MARATHON PIPE LINE LLC,Crude Oil,INTERSTATE,COLORADO,0.0,0.0,0.0,0.0,0.0,0.1,0.0,0.0,0.0,0.3,0.0,0.4,0.0,0.0,0.0,0.0,0.0,0.0,0.0,0.0,0.0,0.0,0.0,0.0,0.0,0.0,0.0,0.0,0.0,0.1,0.0,0.0,0.0,0.3,0.0,0.4
2/2/2026,2023.0,20240605.0,21637.0,32147.0,MARATHON PIPE LINE LLC,Crude Oil,INTERSTATE,ILLINOIS,0.0,0.0,0.0,0.0,40.5,76.1,0.3,0.6,58.5,2.6,0.6,179.2,0.0,0.0,50.7,53.3,32.5,0.1,0.0,0.0,0.0,0.0,0.0,136.6,0.0,0.0,50.7,53.3,73.0,76.2,0.3,0.6,58.5,2.6,0.6,315.8
2/2/2026,2023.0,20240605.0,21637.0,32147.0,MARATHON PIPE LINE LLC,Crude Oil,INTERSTATE,INDIANA,0.0,0.0,0.0,0.0,0.0,0.0,0.3,2.0,3.4,2.6,0.0,8.3,0.0,0.0,0.0,0.0,58.5,0.0,0.0,0.0,0.0,0.0,,58.5,0.0,0.0,0.0,0.0,58.5,0.0,0.3,2.0,3.4,2.6,0.0,66.8
2/2/2026,2023.0,20240605.0,21637.0,32147.0,MARATHON PIPE LINE LLC,Crude Oil,INTERSTATE,KENTUCKY,0.0,0.0,0.0,0.0,0.0,110.9,0.2,1.5,1.5,43.4,0.4,157.9,0.0,0.0,0.0,0.0,0.6,0.4,0.0,0.0,0.0,0.0,,1.0,0.0,0.0,0.0,0.0,0.6,111.3,0.2,1.5,1.5,43.4,0.4,158.9
2/2/2026,2023.0,20240605.0,21637.0,32147.0,MARATHON PIPE LINE LLC,Crude Oil,INTERSTATE,LOUISIANA,0.0,0.0,0.0,0.0,0.0,0.0,0.1,0.0,0.0,0.0,0.0,0.1,0.0,0.0,0.0,0.0,0.0,0.0,0.0,0.0,0.0,0.0,0.0,0.0,0.0,0.0,0.0,0.0,0.0,0.0,0.1,0.0,0.0,0.0,0.0,0.1
2/2/2026,2023.0,20240605.0,21637.0,32147.0,MARATHON PIPE LINE LLC,Crude Oil,INTERSTATE,MICHIGAN,0.0,0.0,0.0,,0.0,0.0,0.2,0.4,0.4,1.8,0.7,3.5,0.0,0.0,0.0,3.4,42.7,0.0,0.0,0.0,0.0,0.0,0.0,46.1,0.0,0.0,0.0,3.4,42.7,0.0,0.2,0.4,0.4,1.8,0.7,49.6
2/2/2026,2023.0,20240605.0,21637.0,32147.0,MARATHON PIPE LINE LLC,Crude Oil,INTERSTATE,MISSISSIPPI,0.0,0.0,0.0,0.0,0.0,0.0,0.0,0.0,0.0,0.0,0.0,0.0,0.0,0.0,0.0,0.0,0.0,0.0,0.0,0.0,0.0,,0.0,0.0,0.0,0.0,0.0,0.0,0.0,0.0,0.0,0.0,0.0,0.0,0.0,0.0
2/2/2026,2023.0,20240605.0,21637.0,32147.0,MARATHON PIPE LINE LLC,Crude Oil,INTERSTATE,MISSOURI,0.0,0.0,0.0,0.0,0.0,,0.0,0.0,0.0,1.7,0.0,1.7,0.0,,289.5,0.2,0.3,0.0,0.0,0.0,0.0,0.0,0.0,290.0,0.0,0.0,289.5,0.2,0.3,0.0,0.0,0.0,0.0,1.7,0.0,291.7
2/2/2026,2023.0,20240605.0,21637.0,32147.0,MARATHON PIPE LINE LLC,Crude Oil,INTERSTATE,OHIO,0.0,0.0,0.0,0.0,0.0,0.0,0.0,0.0,0.0,0.1,0.0,0.1,0.0,0.0,0.0,,0.0,0.0,0.0,0.0,0.0,0.0,0.0,0.0,0.0,0.0,0.0,0.0,0.0,0.0,0.0,0.0,0.0,0.1,0.0,0.1
2/2/2026,2023.0,20240605.0,21637.0,32147.0,MARATHON PIPE LINE LLC,Crude Oil,INTERSTATE,OKLAHOMA,0.0,0.0,0.0,0.0,0.0,0.0,0.0,0.0,0.2,0.2,0.7,1.1,0.0,0.0,130.6,0.0,1.1,0.0,,0.0,0.0,0.0,0.0,131.7,0.0,0.0,130.6,0.0,1.1,0.0,0.0,0.0,0.2,0.2,0.7,132.8
2/2/2026,2023.0,20240605.0,21637.0,32147.0,MARATHON PIPE LINE LLC,Crude Oil,INTERSTATE,TENNESSEE,0.0,0.0,0.0,0.0,0.0,0.0,0.0,0.0,0.0,,0.0,0.0,0.0,0.0,0.0,0.0,0.0,0.0,0.0,0.0,0.0,0.0,0.0,0.0,0.0,0.0,0.0,0.0,0.0,0.0,0.0,0.0,0.0,0.0,0.0,0.0
2/2/2026,2023.0,20240605.0,21637.0,32147.0,MARATHON PIPE LINE LLC,Crude Oil,INTERSTATE,UTAH,0.0,0.0,0.0,0.0,0.0,0.0,0.0,0.0,0.0,0.0,0.0,0.0,0.0,0.0,0.0,0.0,0.0,0.0,0.0,,0.0,0.0,0.0,0.0,0.0,0.0,0.0,0.0,0.0,0.0,0.0,0.0,0.0,0.0,0.0,0.0
2/2/2026,2023.0,20240605.0,21637.0,32147.0,MARATHON PIPE LINE LLC,Crude Oil,INTERSTATE,WEST VIRGINIA,0.0,0.0,,0.0,0.0,0.0,0.0,0.0,0.0,0.0,0.4,0.4,0.0,0.0,0.0,0.0,0.0,0.0,0.0,0.0,0.0,0.0,0.0,0.0,0.0,0.0,0.0,0.0,0.0,0.0,0.0,0.0,0.0,0.0,0.4,0.4
2/2/2026,2023.0,20240605.0,21637.0,32147.0,MARATHON PIPE LINE LLC,Crude Oil,INTERSTATE,WYOMING,0.0,0.0,0.0,0.0,0.0,4.0,3.3,3.9,0.0,6.1,0.2,17.5,0.0,0.0,0.0,0.0,10.9,27.1,0.0,0.0,0.0,0.0,0.0,38.0,0.0,0.0,0.0,0.0,10.9,31.1,3.3,3.9,0.0,6.1,0.2,55.5
2/2/2026,2023.0,20240605.0,21637.0,32147.0,MARATHON PIPE LINE LLC,Crude Oil,INTRASTATE,CALIFORNIA,0.0,0.0,0.0,0.0,0.0,0.0,0.0,6.1,8.7,0.0,0.0,14.8,0.9,0.0,0.0,0.6,2.0,0.6,0.0,0.0,0.0,0.0,0.0,4.1,0.9,0.0,0.0,0.6,2.0,0.6,0.0,6.1,8.7,0.0,0.0,18.9
2/2/2026,2023.0,20240605.0,21637.0,32147.0,MARATHON PIPE LINE LLC,Crude Oil,INTRASTATE,ILLINOIS,0.0,0.0,0.0,0.0,0.0,0.0,0.0,0.0,0.0,0.0,0.0,0.0,0.0,0.0,0.0,0.0,0.0,0.0,0.0,0.0,0.0,0.0,0.0,0.0,0.0,0.0,0.0,0.0,0.0,0.0,0.0,0.0,0.0,0.0,0.0,0.0
2/2/2026,2023.0,20240605.0,21637.0,32147.0,MARATHON PIPE LINE LLC,Crude Oil,INTRASTATE,KENTUCKY,0.0,0.0,0.0,0.0,0.0,0.0,0.4,0.0,0.0,0.0,,0.4,0.0,0.0,0.0,0.0,1.4,0.0,0.0,0.0,0.0,0.0,,1.4,0.0,0.0,0.0,0.0,1.4,0.0,0.4,0.0,0.0,0.0,,1.8
2/2/2026,2023.0,20240605.0,21637.0,32147.0,MARATHON PIPE LINE LLC,Crude Oil,INTRASTATE,MINNESOTA,0.1,0.0,0.0,0.0,0.0,0.0,0.0,0.0,0.0,0.0,0.0,0.1,4.6,0.0,0.0,0.0,0.0,0.0,0.0,0.0,0.0,0.0,0.0,4.6,4.7,0.0,0.0,0.0,0.0,0.0,0.0,0.0,0.0,0.0,0.0,4.7
2/2/2026,2023.0,20240605.0,21637.0,32147.0,MARATHON PIPE LINE LLC,Crude Oil,INTRASTATE,OHIO,0.0,0.0,0.0,0.0,0.0,0.0,0.0,98.0,18.9,0.2,0.0,117.1,0.0,0.0,0.0,0.0,0.0,0.0,0.0,0.0,0.0,0.0,0.0,0.0,0.0,0.0,0.0,0.0,0.0,0.0,0.0,98.0,18.9,0.2,0.0,117.1
2/2/2026,2023.0,20240605.0,21637.0,32147.0,MARATHON PIPE LINE LLC,Crude Oil,INTRASTATE,TEXAS,0.0,0.0,0.0,0.0,0.0,0.0,0.0,0.0,0.0,0.0,0.0,0.0,0.0,0.0,0.0,0.0,0.0,0.0,0.0,0.0,0.0,0.0,0.0,0.0,0.0,0.0,0.0,0.0,0.0,0.0,0.0,0.0,0.0,0.0,0.0,0.0
2/2/2026,2023.0,20240605.0,21637.0,32147.0,MARATHON PIPE LINE LLC,Crude Oil,INTRASTATE,UTAH,0.0,0.0,0.0,0.0,0.0,0.0,0.0,1.9,2.3,0.0,0.0,4.2,0.0,0.0,0.0,0.0,0.0,0.0,0.0,0.0,0.0,0.0,0.0,0.0,0.0,0.0,0.0,0.0,0.0,0.0,0.0,1.9,2.3,0.0,0.0,4.2
2/2/2026,2023.0,20240606.0,21424.0,32147.0,MARATHON PIPE LINE LLC,HVL,INTERSTATE,ILLINOIS,0.0,0.0,0.0,0.0,0.0,0.0,0.0,0.0,0.0,0.6,0.0,0.6,0.0,0.0,0.0,0.0,0.0,0.0,0.0,0.0,0.0,0.0,0.0,0.0,0.0,0.0,0.0,0.0,0.0,0.0,0.0,0.0,0.0,0.6,0.0,0.6
2/2/2026,2023.0,20240606.0,21424.0,32147.0,MARATHON PIPE LINE LLC,HVL,INTERSTATE,INDIANA,0.0,0.0,0.0,0.0,0.0,0.0,0.1,0.0,0.0,0.3,0.0,0.4,0.0,0.0,0.0,0.0,24.0,0.0,0.0,0.0,0.0,0.0,0.0,24.0,0.0,0.0,0.0,0.0,24.0,0.0,0.1,0.0,0.0,0.3,0.0,24.4
2/2/2026,2023.0,20240606.0,21424.0,32147.0,MARATHON PIPE LINE LLC,HVL,INTERSTATE,KENTUCKY,0.0,0.0,0.0,0.0,0.0,0.0,0.0,0.0,0.0,0.0,0.0,0.0,0.0,0.0,0.0,0.0,0.0,0.0,0.0,0.0,0.0,0.0,0.0,0.0,0.0,0.0,0.0,0.0,0.0,0.0,0.0,0.0,0.0,0.0,0.0,0.0
2/2/2026,2023.0,20240606.0,21424.0,32147.0,MARATHON PIPE LINE LLC,HVL,INTERSTATE,NEW MEXICO,0.0,0.0,0.0,0.0,0.0,0.0,0.0,5.3,0.0,0.5,0.0,5.8,0.0,0.0,0.0,109.4,0.0,0.0,0.0,0.0,0.0,0.0,0.0,109.4,0.0,0.0,0.0,109.4,0.0,0.0,0.0,5.3,0.0,0.5,0.0,115.2
2/2/2026,2023.0,20240606.0,21424.0,32147.0,MARATHON PIPE LINE LLC,HVL,INTERSTATE,TEXAS,0.0,0.0,0.0,0.0,0.0,0.0,0.0,1.6,0.3,0.9,0.1,2.9,0.0,0.0,0.0,38.0,0.0,0.0,0.0,0.0,0.0,0.0,0.0,38.0,0.0,0.0,0.0,38.0,0.0,0.0,0.0,1.6,0.3,0.9,0.1,40.9
2/2/2026,2023.0,20240606.0,21424.0,32147.0,MARATHON PIPE LINE LLC,HVL,INTERSTATE,WEST VIRGINIA,0.0,0.0,0.0,0.0,0.0,0.0,0.0,0.0,0.0,0.0,0.0,0.0,0.0,0.0,0.0,0.0,0.0,0.0,0.0,0.0,0.0,0.0,0.0,0.0,0.0,0.0,0.0,0.0,0.0,0.0,0.0,0.0,0.0,0.0,0.0,0.0
2/2/2026,2023.0,20240606.0,21424.0,32147.0,MARATHON PIPE LINE LLC,HVL,INTRASTATE,CALIFORNIA,0.0,0.0,0.0,0.0,0.0,0.0,0.0,0.0,0.0,0.0,0.0,0.0,0.0,0.0,0.0,0.0,0.0,0.0,0.0,0.0,0.0,0.0,0.0,0.0,0.0,0.0,0.0,0.0,0.0,0.0,0.0,0.0,0.0,0.0,0.0,0.0
2/2/2026,2023.0,20240606.0,21424.0,32147.0,MARATHON PIPE LINE LLC,HVL,INTRASTATE,MICHIGAN,0.0,0.0,0.0,0.0,0.0,0.0,0.0,0.2,3.7,0.4,0.0,4.3,0.0,0.0,0.0,6.9,8.5,0.0,0.0,0.0,0.0,0.0,0.0,15.4,0.0,0.0,0.0,6.9,8.5,0.0,0.0,0.2,3.7,0.4,0.0,19.7
2/2/2026,2023.0,20240606.0,21424.0,32147.0,MARATHON PIPE LINE LLC,HVL,INTRASTATE,TEXAS,0.0,0.0,0.0,0.0,0.0,80.5,6.7,0.0,2.6,42.2,68.1,200.1,0.0,0.0,0.0,0.0,0.0,0.0,0.0,0.0,0.0,0.0,0.0,0.0,0.0,0.0,0.0,0.0,0.0,80.5,6.7,0.0,2.6,42.2,68.1,200.1
2/2/2026,2023.0,20240608.0,21426.0,32147.0,MARATHON PIPE LINE LLC,Refined and/or Petroleum Product (non-HVL),INTERSTATE,ARKANSAS,0.0,0.0,0.0,0.0,0.0,0.0,0.0,0.0,0.0,0.0,0.0,0.0,0.0,0.0,0.0,0.0,0.0,0.0,0.0,0.0,0.0,0.0,0.0,0.0,0.0,0.0,0.0,0.0,0.0,0.0,0.0,0.0,0.0,0.0,0.0,0.0
2/2/2026,2023.0,20240608.0,21426.0,32147.0,MARATHON PIPE LINE LLC,Refined and/or Petroleum Product (non-HVL),INTERSTATE,IDAHO,0.0,0.0,0.0,0.0,0.0,0.0,0.0,0.0,13.8,0.7,0.2,14.7,18.4,0.0,93.7,172.0,55.9,5.5,0.0,0.0,0.0,0.0,0.0,345.5,18.4,0.0,93.7,172.0,55.9,5.5,0.0,0.0,13.8,0.7,0.2,360.2
2/2/2026,2023.0,20240608.0,21426.0,32147.0,MARATHON PIPE LINE LLC,Refined and/or Petroleum Product (non-HVL),INTERSTATE,ILLINOIS,0.0,0.0,0.0,0.0,0.0,13.2,22.0,62.1,6.0,4.6,0.3,108.2,0.0,0.0,0.1,420.6,44.7,2.6,0.0,0.0,0.0,0.0,0.0,468.0,0.0,0.0,0.1,420.6,44.7,15.8,22.0,62.1,6.0,4.6,0.3,576.2
2/2/2026,2023.0,20240608.0,21426.0,32147.0,MARATHON PIPE LINE LLC,Refined and/or Petroleum Product (non-HVL),INTERSTATE,INDIANA,0.0,0.0,0.0,0.0,6.5,106.3,8.3,32.6,3.5,5.5,0.3,163.0,0.0,0.0,0.0,82.5,6.5,0.8,0.0,0.0,0.0,0.0,0.0,89.8,0.0,0.0,0.0,82.5,13.0,107.1,8.3,32.6,3.5,5.5,0.3,252.8
2/2/2026,2023.0,20240608.0,21426.0,32147.0,MARATHON PIPE LINE LLC,Refined and/or Petroleum Product (non-HVL),INTERSTATE,KENTUCKY,0.0,0.0,0.0,0.0,0.0,11.3,5.3,0.0,1.3,0.1,0.3,18.3,0.0,0.0,0.0,5.5,0.0,3.7,0.0,0.0,0.0,0.0,0.0,9.2,0.0,0.0,0.0,5.5,0.0,15.0,5.3,0.0,1.3,0.1,0.3,27.5
2/2/2026,2023.0,20240608.0,21426.0,32147.0,MARATHON PIPE LINE LLC,Refined and/or Petroleum Product (non-HVL),INTERSTATE,LOUISIANA,0.0,0.0,0.0,0.0,0.0,66.6,2.5,0.0,30.9,0.7,1.2,101.9,0.0,0.0,0.0,0.0,0.0,0.0,0.0,0.0,0.0,0.0,0.0,0.0,0.0,0.0,0.0,0.0,0.0,66.6,2.5,0.0,30.9,0.7,1.2,101.9
2/2/2026,2023.0,20240608.0,21426.0,32147.0,MARATHON PIPE LINE LLC,Refined and/or Petroleum Product (non-HVL),INTERSTATE,MICHIGAN,0.0,0.0,0.0,0.0,0.0,0.0,0.7,0.0,0.2,0.3,0.2,1.4,0.0,0.0,0.0,82.7,0.0,0.0,0.0,0.0,0.0,0.0,0.0,82.7,0.0,0.0,0.0,82.7,0.0,0.0,0.7,0.0,0.2,0.3,0.2,84.1
2/2/2026,2023.0,20240608.0,21426.0,32147.0,MARATHON PIPE LINE LLC,Refined and/or Petroleum Product (non-HVL),INTERSTATE,MISSISSIPPI,0.0,0.0,0.0,0.0,0.0,0.0,0.0,0.0,0.0,0.1,0.0,0.1,0.0,0.0,0.0,0.0,0.0,0.0,0.0,0.0,0.0,0.0,0.0,0.0,0.0,0.0,0.0,0.0,0.0,0.0,0.0,0.0,0.0,0.1,0.0,0.1
2/2/2026,2023.0,20240608.0,21426.0,32147.0,MARATHON PIPE LINE LLC,Refined and/or Petroleum Product (non-HVL),INTERSTATE,OHIO,0.0,0.0,0.0,0.0,0.0,8.2,81.6,8.5,153.9,119.5,1.6,373.3,0.0,0.0,43.6,32.5,8.3,0.1,0.0,0.0,0.0,0.0,0.0,84.5,0.0,0.0,43.6,32.5,8.3,8.3,81.6,8.5,153.9,119.5,1.6,457.8
2/2/2026,2023.0,20240608.0,21426.0,32147.0,MARATHON PIPE LINE LLC,Refined and/or Petroleum Product (non-HVL),INTERSTATE,OREGON,0.0,0.0,0.0,0.0,0.0,0.0,0.3,0.0,0.2,0.1,0.2,0.8,65.8,0.0,0.0,20.4,0.0,0.0,0.0,0.0,0.0,0.0,0.0,86.2,65.8,0.0,0.0,20.4,0.0,0.0,0.3,0.0,0.2,0.1,0.2,87.0
2/2/2026,2023.0,20240608.0,21426.0,32147.0,MARATHON PIPE LINE LLC,Refined and/or Petroleum Product (non-HVL),INTERSTATE,PENNSYLVANIA,0.0,0.0,0.0,0.0,0.0,0.0,0.3,0.0,0.0,0.0,0.0,0.3,0.0,0.0,12.4,0.0,0.0,0.0,0.0,0.0,0.0,0.0,0.0,12.4,0.0,0.0,12.4,0.0,0.0,0.0,0.3,0.0,0.0,0.0,0.0,12.7
2/2/2026,2023.0,20240608.0,21426.0,32147.0,MARATHON PIPE LINE LLC,Refined and/or Petroleum Product (non-HVL),INTERSTATE,TENNESSEE,0.0,0.0,0.0,0.0,0.0,0.0,0.0,0.2,0.0,0.0,0.0,0.2,0.0,0.0,0.0,0.0,1.4,0.0,0.0,0.8,0.0,0.0,0.0,2.2,0.0,0.0,0.0,0.0,1.4,0.0,0.0,1.0,0.0,0.0,0.0,2.4
2/2/2026,2023.0,20240608.0,21426.0,32147.0,MARATHON PIPE LINE LLC,Refined and/or Petroleum Product (non-HVL),INTERSTATE,TEXAS,0.0,0.0,0.0,0.0,0.0,32.3,0.5,0.0,44.7,1.6,0.0,79.1,0.0,0.0,0.0,0.0,0.0,0.0,0.0,0.0,0.0,0.0,0.0,0.0,0.0,0.0,0.0,0.0,0.0,32.3,0.5,0.0,44.7,1.6,0.0,79.1
2/2/2026,2023.0,20240608.0,21426.0,32147.0,MARATHON PIPE LINE LLC,Refined and/or Petroleum Product (non-HVL),INTERSTATE,UTAH,0.0,0.0,0.0,0.0,0.0,0.0,0.0,0.0,0.3,0.9,0.0,1.2,4.2,0.0,2.9,84.0,3.8,1.4,0.0,0.0,0.0,0.0,0.0,96.3,4.2,0.0,2.9,84.0,3.8,1.4,0.0,0.0,0.3,0.9,0.0,97.5
2/2/2026,2023.0,20240608.0,21426.0,32147.0,MARATHON PIPE LINE LLC,Refined and/or Petroleum Product (non-HVL),INTERSTATE,WASHINGTON,0.0,0.0,0.0,0.0,0.0,0.0,0.0,0.1,0.0,0.0,0.0,0.1,19.2,0.0,0.0,149.2,0.0,0.0,0.0,0.0,0.0,0.0,0.0,168.4,19.2,0.0,0.0,149.2,0.0,0.0,0.0,0.1,0.0,0.0,0.0,168.5
2/2/2026,2023.0,20240608.0,21426.0,32147.0,MARATHON PIPE LINE LLC,Refined and/or Petroleum Product (non-HVL),INTERSTATE,WEST VIRGINIA,0.0,0.0,0.0,0.0,0.0,0.0,0.0,1.5,2.9,0.1,0.7,5.2,0.0,0.0,0.0,0.0,0.6,0.1,0.0,0.0,0.0,0.0,0.0,0.7,0.0,0.0,0.0,0.0,0.6,0.1,0.0,1.5,2.9,0.1,0.7,5.9
2/2/2026,2023.0,20240608.0,21426.0,32147.0,MARATHON PIPE LINE LLC,Refined and/or Petroleum Product (non-HVL),INTRASTATE,ALASKA,0.0,0.0,0.0,0.0,0.0,0.0,0.0,0.0,1.7,0.0,0.0,1.7,0.1,0.0,0.0,0.0,0.0,53.0,0.0,0.0,0.0,0.0,0.0,53.1,0.1,0.0,0.0,0.0,0.0,53.0,0.0,0.0,1.7,0.0,0.0,54.8
2/2/2026,2023.0,20240608.0,21426.0,32147.0,MARATHON PIPE LINE LLC,Refined and/or Petroleum Product (non-HVL),INTRASTATE,CALIFORNIA,0.0,0.0,0.0,0.0,0.0,0.0,2.5,7.7,5.9,0.2,0.0,16.3,3.7,0.0,0.0,15.8,9.1,8.7,0.0,0.0,0.0,0.0,0.0,37.3,3.7,0.0,0.0,15.8,9.1,8.7,2.5,7.7,5.9,0.2,0.0,53.6
2/2/2026,2023.0,20240608.0,21426.0,32147.0,MARATHON PIPE LINE LLC,Refined and/or Petroleum Product (non-HVL),INTRASTATE,KENTUCKY,0.0,0.0,0.0,0.0,0.0,2.5,0.5,0.3,1.8,0.0,0.34,5.44,0.0,0.0,0.0,0.0,48.8,0.0,0.0,0.0,0.0,0.0,0.0,48.8,0.0,0.0,0.0,0.0,48.8,2.5,0.5,0.3,1.8,0.0,0.34,54.24
2/2/2026,2023.0,20240608.0,21426.0,32147.0,MARATHON PIPE LINE LLC,Refined and/or Petroleum Product (non-HVL),INTRASTATE,MINNESOTA,0.0,0.0,0.0,0.0,0.0,0.0,0.0,0.0,0.0,0.0,0.0,0.0,0.0,0.0,0.0,0.0,0.0,0.0,0.0,0.0,0.0,0.0,0.0,0.0,0.0,0.0,0.0,0.0,0.0,0.0,0.0,0.0,0.0,0.0,0.0,0.0
2/2/2026,2023.0,20240608.0,21426.0,32147.0,MARATHON PIPE LINE LLC,Refined and/or Petroleum Product (non-HVL),INTRASTATE,OHIO,0.0,0.0,0.0,0.0,0.0,0.0,0.0,0.3,0.0,0.6,0.0,0.9,0.0,0.0,12.7,2.9,0.0,0.0,0.0,0.0,0.0,0.0,0.0,15.6,0.0,0.0,12.7,2.9,0.0,0.0,0.0,0.3,0.0,0.6,0.0,16.5
2/2/2026,2023.0,20240608.0,21426.0,32147.0,MARATHON PIPE LINE LLC,Refined and/or Petroleum Product (non-HVL),INTRASTATE,TEXAS,0.0,0.0,0.0,0.0,0.0,0.0,0.0,3.8,0.0,0.0,0.0,3.8,0.0,0.0,0.0,0.0,0.0,0.0,0.0,0.0,0.0,0.0,0.0,0.0,0.0,0.0,0.0,0.0,0.0,0.0,0.0,3.8,0.0,0.0,0.0,3.8
2/2/2026,2023.0,20240608.0,21426.0,32147.0,MARATHON PIPE LINE LLC,Refined and/or Petroleum Product (non-HVL),INTRASTATE,UTAH,0.0,0.0,0.0,0.0,0.0,0.0,0.0,0.0,0.0,0.6,0.0,0.6,0.0,0.0,2.7,0.0,0.0,0.0,0.0,0.0,0.0,0.0,0.0,2.7,0.0,0.0,2.7,0.0,0.0,0.0,0.0,0.0,0.0,0.6,0.0,3.3
2/2/2026,2023.0,20240278.0,21089.0,32174.0,MCCAIN PIPELINE COMPANY,Refined and/or Petroleum Product (non-HVL),INTRASTATE,MISSISSIPPI,0.0,0.0,0.0,0.0,5.1,0.0,0.0,0.0,0.0,0.0,0.0,5.1,0.0,0.0,0.0,0.0,0.0,0.0,0.0,0.0,0.0,0.0,0.0,0.0,0.0,0.0,0.0,0.0,5.1,0.0,0.0,0.0,0.0,0.0,0.0,5.1
2/2/2026,2023.0,20240095.0,20858.0,32215.0,NOVA CHEMICALS CORPORATION,HVL,INTRASTATE,MICHIGAN,0.0,0.0,0.0,0.0,0.0,0.0,11.15,0.0,0.0,0.0,0.0,11.15,0.0,0.0,0.0,0.0,0.0,0.0,0.0,0.0,0.0,0.0,0.0,0.0,0.0,0.0,0.0,0.0,0.0,0.0,11.15,0.0,0.0,0.0,0.0,11.15
2/2/2026,2023.0,20240228.0,21635.0,32223.0,VALERO REFINING COMPANY-CALIFORNIA,Crude Oil,INTRASTATE,CALIFORNIA,0.0,0.0,0.0,0.0,0.0,0.0,0.0,0.051,0.0,0.0,,0.051,0.0,0.0,0.0,0.0,1.636,0.0,0.0,0.0,0.0,0.0,,1.636,0.0,0.0,0.0,0.0,1.636,0.0,0.0,0.051,0.0,0.0,,1.687
2/2/2026,2023.0,20240229.0,21636.0,32223.0,VALERO REFINING COMPANY-CALIFORNIA,Refined and/or Petroleum Product (non-HVL),INTRASTATE,CALIFORNIA,0.0,0.0,0.0,0.0,0.0,0.0,0.0,0.084,0.0,0.0,,0.084,0.0,0.0,0.0,0.0,0.324,0.0,0.0,0.0,0.0,0.0,,0.324,0.0,0.0,0.0,0.0,0.324,0.0,0.0,0.084,0.0,0.0,,0.408
2/2/2026,2023.0,20240573.0,21390.0,32224.0,BETA OFFSHORE,Crude Oil,INTERSTATE,CALIFORNIA,,,,,,,10.41,0.21,0.29,0.54,,11.45,,,,,,,,,,,,0.0,,,,,,,10.41,0.21,0.29,0.54,,11.45
2/2/2026,2023.0,20240573.0,21390.0,32224.0,BETA OFFSHORE,Crude Oil,INTERSTATE,OCS-Pacific,,,,,,,6.34,,,,,6.34,,,,,,,,,,,,0.0,,,,,,,6.34,,,,,6.34
2/2/2026,2023.0,20240044.0,20795.0,32233.0,"BESCO OPERATING, L.P.",Crude Oil,INTRASTATE,TEXAS,0.0,0.0,0.0,0.0,0.0,0.0,0.0,0.0,0.0,0.0,0.0,0.0,0.0,0.0,0.0,0.0,0.0,0.0,0.0,0.0,0.0,0.0,0.0,0.0,0.0,0.0,0.0,0.0,0.0,0.0,0.0,0.0,0.0,0.0,0.0,0.0
2/2/2026,2023.0,20240450.0,21267.0,32248.0,"FRONTIER FIELD SERVICES, LLC",HVL,INTRASTATE,NEW MEXICO,,,,,,,,,,,0.0,0.0,,,,,,,,,,,0.0,0.0,,,,,,,,,,,0.0,0.0
2/2/2026,2023.0,20240328.0,21139.0,32251.0,"RIBOST TERMINAL LLC, DBA WORLD OIL TERMINALS",Crude Oil,INTRASTATE,CALIFORNIA,,,,,,,,,0.22,,,0.22,,,,,,,,,,,,0.0,,,,,,,,,0.22,,,0.22
2/2/2026,2023.0,20240200.0,21001.0,32258.0,PEMBINA COCHIN LLC,Crude Oil,INTERSTATE,ILLINOIS,,,,,,165.55,,,0.39,0.24,,166.18,,,,,,,,,,,,0.0,,,,,,165.55,,,0.39,0.24,,166.18
2/2/2026,2023.0,20240200.0,21001.0,32258.0,PEMBINA COCHIN LLC,Crude Oil,INTERSTATE,INDIANA,,,,,,152.06,,,,1.43,,153.49,,,,,,,,,,,,0.0,,,,,,152.06,,,,1.43,,153.49
2/2/2026,2023.0,20240200.0,21001.0,32258.0,PEMBINA COCHIN LLC,Crude Oil,INTERSTATE,IOWA,,,,,,188.48,,38.76,1.35,1.08,,229.67,,,,,,,,,,,,0.0,,,,,,188.48,,38.76,1.35,1.08,,229.67
2/2/2026,2023.0,20240200.0,21001.0,32258.0,PEMBINA COCHIN LLC,Crude Oil,INTERSTATE,MICHIGAN,,,,,,12.27,,,,,,12.27,,,,,,,,,,,,0.0,,,,,,12.27,,,,,,12.27
2/2/2026,2023.0,20240200.0,21001.0,32258.0,PEMBINA COCHIN LLC,Crude Oil,INTERSTATE,MINNESOTA,,,,,,252.76,0.16,,0.19,0.54,0.51,254.16,,,,,,,,,,,,0.0,,,,,,252.76,0.16,,0.19,0.54,0.51,254.16
2/2/2026,2023.0,20240200.0,21001.0,32258.0,PEMBINA COCHIN LLC,Crude Oil,INTERSTATE,NORTH DAKOTA,,,,,,323.4,0.01,,2.45,0.12,,325.98,,,,,,,,,,,,0.0,,,,,,323.4,0.01,,2.45,0.12,,325.98
2/2/2026,2023.0,20240200.0,21001.0,32258.0,PEMBINA COCHIN LLC,Crude Oil,INTERSTATE,OHIO,,,,,,48.64,,,,,,48.64,,,,,,,,,,,,0.0,,,,,,48.64,,,,,,48.64
2/2/2026,2023.0,20240142.0,20937.0,32277.0,OQ CHEMICALS,HVL,INTRASTATE,TEXAS,0.0,0.0,0.0,0.0,0.0,51.0,0.0,0.0,0.0,0.0,,51.0,0.0,0.0,0.0,0.0,0.0,0.0,0.0,0.0,0.0,0.0,,0.0,0.0,0.0,0.0,0.0,0.0,51.0,0.0,0.0,0.0,0.0,,51.0
2/2/2026,2023.0,20240175.0,20971.0,32283.0,"FRONT RANGE PIPELINE, LLC.",Crude Oil,INTRASTATE,MONTANA,0.0,0.0,0.0,0.0,0.0,0.0,32.71,366.82,6.65,7.47,0.01,413.66,0.0,0.0,0.0,16.31,0.0,0.0,0.0,0.0,0.0,0.0,,16.31,0.0,0.0,0.0,16.31,0.0,0.0,32.71,366.82,6.65,7.47,0.01,429.97
2/2/2026,2023.0,20240610.0,21428.0,32284.0,PENNZOIL-QUAKER STATE D/B/A SOPUS PRODUCTS,Refined and/or Petroleum Product (non-HVL),INTRASTATE,CALIFORNIA,,,,,,,,,1.65,,,1.65,,,,,11.23,,,,,,,11.23,,,,,11.23,,,,1.65,,,12.88
2/2/2026,2023.0,20240465.0,21282.0,32285.0,"WORSHAM-STEED GAS STORAGE, LLC",HVL,INTRASTATE,TEXAS,0.0,0.0,0.0,0.0,0.0,0.0,0.0,0.0,0.0,0.0,0.0,0.0,0.0,0.0,0.0,0.0,0.0,0.0,0.0,0.0,0.0,0.0,0.0,0.0,0.0,0.0,0.0,0.0,0.0,0.0,0.0,0.0,0.0,0.0,0.0,0.0
2/2/2026,2023.0,20240291.0,21102.0,32288.0,"WHITE CLIFFS PIPELINE, LLC",Crude Oil,INTERSTATE,COLORADO,0.0,0.0,0.0,0.0,0.0,0.0,0.0,0.0,0.0,155.32,0.0,155.32,0.0,0.0,0.0,0.0,0.0,0.0,0.0,0.0,0.0,0.0,0.0,0.0,0.0,0.0,0.0,0.0,0.0,0.0,0.0,0.0,0.0,155.32,0.0,155.32
2/2/2026,2023.0,20240291.0,21102.0,32288.0,"WHITE CLIFFS PIPELINE, LLC",Crude Oil,INTERSTATE,KANSAS,0.0,0.0,0.0,0.0,0.0,0.0,0.0,0.0,0.0,283.21,0.0,283.21,0.0,0.0,0.0,0.0,0.0,0.0,0.0,0.0,0.0,0.0,0.0,0.0,0.0,0.0,0.0,0.0,0.0,0.0,0.0,0.0,0.0,283.21,0.0,283.21
2/2/2026,2023.0,20240291.0,21102.0,32288.0,"WHITE CLIFFS PIPELINE, LLC",Crude Oil,INTERSTATE,OKLAHOMA,0.0,0.0,0.0,0.0,0.0,0.0,0.0,0.0,0.0,88.49,0.0,88.49,0.0,0.0,0.0,0.0,0.0,0.0,0.0,0.0,0.0,0.0,0.0,0.0,0.0,0.0,0.0,0.0,0.0,0.0,0.0,0.0,0.0,88.49,0.0,88.49
2/2/2026,2023.0,20240292.0,21103.0,32288.0,"WHITE CLIFFS PIPELINE, LLC",HVL,INTERSTATE,COLORADO,0.0,0.0,0.0,0.0,0.0,0.0,0.0,0.0,155.15,0.0,0.0,155.15,0.0,0.0,0.0,0.0,0.0,0.0,0.0,0.0,0.0,0.0,0.0,0.0,0.0,0.0,0.0,0.0,0.0,0.0,0.0,0.0,155.15,0.0,0.0,155.15
2/2/2026,2023.0,20240292.0,21103.0,32288.0,"WHITE CLIFFS PIPELINE, LLC",HVL,INTERSTATE,KANSAS,0.0,0.0,0.0,0.0,0.0,0.0,0.0,0.0,282.94,0.02,0.0,282.96,0.0,0.0,0.0,0.0,0.0,0.0,0.0,0.0,0.0,0.0,0.0,0.0,0.0,0.0,0.0,0.0,0.0,0.0,0.0,0.0,282.94,0.02,0.0,282.96
2/2/2026,2023.0,20240292.0,21103.0,32288.0,"WHITE CLIFFS PIPELINE, LLC",HVL,INTERSTATE,OKLAHOMA,0.0,0.0,0.0,0.0,0.0,0.0,0.0,0.0,88.33,0.03,0.0,88.36,0.0,0.0,0.0,0.0,0.0,0.0,0.0,0.0,0.0,0.0,0.0,0.0,0.0,0.0,0.0,0.0,0.0,0.0,0.0,0.0,88.33,0.03,0.0,88.36
2/2/2026,2023.0,20240221.0,21028.0,32293.0,"COPANO FIELD SERVICES/NORTH TEXAS, LLC",HVL,INTRASTATE,TEXAS,0.0,0.0,0.0,0.0,0.0,0.0,0.0,0.0,0.0,4.77,0.0,4.77,0.0,0.0,0.0,0.0,0.0,0.0,0.0,0.0,0.0,0.0,0.0,0.0,0.0,0.0,0.0,0.0,0.0,0.0,0.0,0.0,0.0,4.77,0.0,4.77
2/2/2026,2023.0,20240589.0,21406.0,32296.0,TARGA RESOURCES OPERATING LLC,Crude Oil,INTRASTATE,NORTH DAKOTA,,,,,,,,,,98.09,,98.09,,,,,,,,,,,,0.0,,,,,,,,,,98.09,,98.09
2/2/2026,2023.0,20240591.0,21408.0,32296.0,TARGA RESOURCES OPERATING LLC,HVL,INTERSTATE,LOUISIANA,,,,,,,,,,,,0.0,,,,0.14,25.75,,,,,,,25.89,,,,0.14,25.75,,,,,,,25.89
2/2/2026,2023.0,20240591.0,21408.0,32296.0,TARGA RESOURCES OPERATING LLC,HVL,INTERSTATE,TEXAS,,,,,,,,,,,,0.0,,,,0.78,1.48,,,,,,,2.26,,,,0.78,1.48,,,,,,,2.26
2/2/2026,2023.0,20240591.0,21408.0,32296.0,TARGA RESOURCES OPERATING LLC,HVL,INTRASTATE,LOUISIANA,,,,,,127.91,15.288,24.534,3.111,9.134,,179.977,,32.29,2.61,76.38,128.29,,,,,,,239.57,,32.29,2.61,76.38,128.29,127.91,15.288,24.534,3.111,9.134,,419.547
2/2/2026,2023.0,20240591.0,21408.0,32296.0,TARGA RESOURCES OPERATING LLC,HVL,INTRASTATE,MISSISSIPPI,,,,,,,,0.65,0.38,,,1.03,,,,,0.601,,,,,,,0.601,,,,,0.601,,,0.65,0.38,,,1.631
2/2/2026,2023.0,20240591.0,21408.0,32296.0,TARGA RESOURCES OPERATING LLC,HVL,INTRASTATE,TEXAS,,,,,,,4.45,0.72,,1.37,0.78,7.32,,,,,,,,,,,,0.0,,,,,,,4.45,0.72,,1.37,0.78,7.32
2/2/2026,2023.0,20240219.0,21164.0,32296.0,TARGA RESOURCES OPERATING LLC,Refined and/or Petroleum Product (non-HVL),INTRASTATE,LOUISIANA,,,,,,,,,1.86,,,1.86,,,,,,,,,,,,0.0,,,,,,,,,1.86,,,1.86
2/2/2026,2023.0,20240219.0,21164.0,32296.0,TARGA RESOURCES OPERATING LLC,Refined and/or Petroleum Product (non-HVL),INTRASTATE,TEXAS,,,,,,,,,,0.68,,0.68,,,,,,,,,,,,0.0,,,,,,,,,,0.68,,0.68
2/2/2026,2023.0,20240012.0,20758.0,32312.0,"REPSOL OIL & GAS USA, LLC",Crude Oil,INTRASTATE,TEXAS,,,,,,,,,,61.444,,61.444,,,,,,,,,,,,0.0,,,,,,,,,,61.444,,61.444
2/2/2026,2023.0,20240337.0,21148.0,32327.0,TEXAS PIPELINE LLC,HVL,INTRASTATE,TEXAS,,,,,,,,,,54.65,0.0,54.65,,,,,,,,,,,0.0,0.0,,,,,,,,,,54.65,0.0,54.65
2/2/2026,2023.0,20240061.0,20812.0,32331.0,"PASADENA REFINING SYSTEM, INC.",Crude Oil,INTRASTATE,TEXAS,,,,,,,,,,,,0.0,,,,,,,,,,,,0.0,,,,,,,,,,,,
2/2/2026,2023.0,20240067.0,20818.0,32331.0,"PASADENA REFINING SYSTEM, INC.",HVL,INTRASTATE,TEXAS,0.0,0.0,0.0,0.0,0.0,0.0,0.0,0.0,0.0,0.0,,0.0,0.0,0.0,0.0,0.0,0.0,0.0,0.0,0.0,0.0,0.0,,0.0,0.0,0.0,0.0,0.0,0.0,0.0,0.0,0.0,0.0,0.0,,0.0
2/2/2026,2023.0,20240062.0,20813.0,32331.0,"PASADENA REFINING SYSTEM, INC.",Refined and/or Petroleum Product (non-HVL),INTRASTATE,TEXAS,,,0.0,0.0,,0.0,,,,,,0.0,,,,,,,,,,,,0.0,,,0.0,0.0,,0.0,,,,,,0.0
2/2/2026,2023.0,20240530.0,21549.0,32334.0,SOUTH BOW INFRASTRUCTURE OPERATIONS INC.,Crude Oil,INTERSTATE,ILLINOIS,0.0,0.0,0.0,0.0,0.0,0.0,0.0,0.0,0.0,0.0,0.0,0.0,0.0,0.0,0.0,0.0,0.0,0.0,0.0,0.0,0.0,0.0,0.0,0.0,0.0,0.0,0.0,0.0,0.0,0.0,0.0,0.0,0.0,0.0,0.0,0.0
2/2/2026,2023.0,20240530.0,21549.0,32334.0,SOUTH BOW INFRASTRUCTURE OPERATIONS INC.,Crude Oil,INTERSTATE,KANSAS,0.0,0.0,0.0,0.0,0.0,0.0,0.0,0.0,0.0,0.0,0.0,0.0,0.0,0.0,0.0,0.0,0.0,0.0,0.0,0.0,0.0,0.0,0.0,0.0,0.0,0.0,0.0,0.0,0.0,0.0,0.0,0.0,0.0,0.0,0.0,0.0
2/2/2026,2023.0,20240530.0,21549.0,32334.0,SOUTH BOW INFRASTRUCTURE OPERATIONS INC.,Crude Oil,INTERSTATE,MISSOURI,0.0,0.0,0.0,0.0,0.0,0.0,0.0,0.0,0.0,0.0,0.0,0.0,0.0,0.0,0.0,0.0,0.0,0.0,0.0,0.0,0.0,0.0,0.0,0.0,0.0,0.0,0.0,0.0,0.0,0.0,0.0,0.0,0.0,0.0,0.0,0.0
2/2/2026,2023.0,20240530.0,21549.0,32334.0,SOUTH BOW INFRASTRUCTURE OPERATIONS INC.,Crude Oil,INTERSTATE,NEBRASKA,0.0,0.0,0.0,0.0,0.0,0.0,0.0,0.0,0.0,0.0,0.0,0.0,0.0,0.0,0.0,0.0,0.0,0.0,0.0,0.0,0.0,0.0,0.0,0.0,0.0,0.0,0.0,0.0,0.0,0.0,0.0,0.0,0.0,0.0,0.0,0.0
2/2/2026,2023.0,20240530.0,21549.0,32334.0,SOUTH BOW INFRASTRUCTURE OPERATIONS INC.,Crude Oil,INTERSTATE,NORTH DAKOTA,0.0,0.0,0.0,0.0,0.0,0.0,0.0,0.0,0.0,0.0,0.0,0.0,0.0,0.0,0.0,0.0,0.0,0.0,0.0,0.0,0.0,0.0,0.0,0.0,0.0,0.0,0.0,0.0,0.0,0.0,0.0,0.0,0.0,0.0,0.0,0.0
2/2/2026,2023.0,20240530.0,21549.0,32334.0,SOUTH BOW INFRASTRUCTURE OPERATIONS INC.,Crude Oil,INTERSTATE,OKLAHOMA,0.0,0.0,0.0,0.0,0.0,0.0,0.0,0.0,0.0,0.0,0.0,0.0,0.0,0.0,0.0,0.0,0.0,0.0,0.0,0.0,0.0,0.0,0.0,0.0,0.0,0.0,0.0,0.0,0.0,0.0,0.0,0.0,0.0,0.0,0.0,0.0
2/2/2026,2023.0,20240530.0,21549.0,32334.0,SOUTH BOW INFRASTRUCTURE OPERATIONS INC.,Crude Oil,INTERSTATE,SOUTH DAKOTA,0.0,0.0,0.0,0.0,0.0,0.0,0.0,0.0,0.0,0.0,0.0,0.0,0.0,0.0,0.0,0.0,0.0,0.0,0.0,0.0,0.0,0.0,0.0,0.0,0.0,0.0,0.0,0.0,0.0,0.0,0.0,0.0,0.0,0.0,0.0,0.0
2/2/2026,2023.0,20240530.0,21549.0,32334.0,SOUTH BOW INFRASTRUCTURE OPERATIONS INC.,Crude Oil,INTERSTATE,TEXAS,0.0,0.0,0.0,0.0,0.0,0.0,0.0,0.0,0.0,0.43,0.0,0.43,0.0,0.0,0.0,0.0,0.0,0.0,0.0,0.0,0.0,0.0,0.0,0.0,0.0,0.0,0.0,0.0,0.0,0.0,0.0,0.0,0.0,0.43,0.0,0.43
2/2/2026,2023.0,20240374.0,21188.0,32346.0,"TOTAL PETROCHEMICALS PIPELINE USA , INC.",Crude Oil,INTRASTATE,TEXAS,,,,,,,,,,,,0.0,,13.6,,,,,,,,,,13.6,,13.6,,,,,,,,,,13.6
2/2/2026,2023.0,20240372.0,22537.0,32346.0,"TOTAL PETROCHEMICALS PIPELINE USA , INC.",HVL,INTRASTATE,TEXAS,,,,,,,,,,,,0.0,,,,,11.0,,,,,,,11.0,,,,,11.0,,,,,,,11.0
2/2/2026,2023.0,20240373.0,22539.0,32346.0,"TOTAL PETROCHEMICALS PIPELINE USA , INC.",Refined and/or Petroleum Product (non-HVL),INTRASTATE,TEXAS,,,,,,,,4.8,,,,4.8,,,2.8,7.12,,,,,,,,9.92,,,2.8,7.12,,,,4.8,,,,14.72
2/2/2026,2023.0,20240049.0,20800.0,32364.0,"VALERO REFINING-NEW ORLEANS, L.L.C.",Crude Oil,INTRASTATE,LOUISIANA,,,,,,,,,,,0.0,0.0,,,,,,,,,,,0.0,0.0,,,,,,,,,,,0.0,0.0
2/2/2026,2023.0,20240050.0,20801.0,32364.0,"VALERO REFINING-NEW ORLEANS, L.L.C.",HVL,INTRASTATE,LOUISIANA,,,,,,,,,,,0.0,0.0,,,,,,,,,,,0.0,0.0,,,,,,,,,,,0.0,0.0
2/2/2026,2023.0,20240048.0,20799.0,32364.0,"VALERO REFINING-NEW ORLEANS, L.L.C.",Refined and/or Petroleum Product (non-HVL),INTRASTATE,LOUISIANA,,,,,,,,,,,0.0,0.0,,,,,,,,,,,0.0,0.0,,,,,,,,,,,0.0,0.0
2/2/2026,2023.0,20240486.0,21303.0,32407.0,"GENESIS PIPELINE TEXAS, L.P.",Crude Oil,INTRASTATE,TEXAS,0.0,0.0,0.0,0.0,0.0,0.0,0.0,0.08,0.01,4.53,0.0,4.62,0.0,0.0,0.0,0.0,1.1,0.0,0.0,0.0,0.0,0.0,0.0,1.1,0.0,0.0,0.0,0.0,1.1,0.0,0.0,0.08,0.01,4.53,0.0,5.72
2/2/2026,2023.0,20240491.0,21602.0,32411.0,"GENESIS PIPELINE ALABAMA, LLC",Crude Oil,INTRASTATE,ALABAMA,0.0,0.0,0.0,0.0,0.0,0.0,0.0,0.0,31.44,0.0,0.0,31.44,0.0,0.0,0.0,0.0,0.0,0.0,0.0,0.0,0.0,0.0,0.0,0.0,0.0,0.0,0.0,0.0,0.0,0.0,0.0,0.0,31.44,0.0,0.0,31.44
2/2/2026,2023.0,20240578.0,22478.0,32428.0,"INTERCONTINENTAL TERMINAL COMPANY, LLC",HVL,INTRASTATE,LOUISIANA,,,,,,,,,,,,0.0,,,,,,,,,,,,0.0,,,,,,,,,,,,
2/2/2026,2023.0,20240578.0,22478.0,32428.0,"INTERCONTINENTAL TERMINAL COMPANY, LLC",HVL,INTRASTATE,TEXAS,,,,,,,,,,,,0.0,,,,,,,,,,,,0.0,,,,,,,,,,,,
2/2/2026,2023.0,20240596.0,21413.0,32428.0,"INTERCONTINENTAL TERMINAL COMPANY, LLC",Refined and/or Petroleum Product (non-HVL),INTRASTATE,TEXAS,,,,,,,,,,,11.93,11.93,,,,,,,,,,,,0.0,,,,,,,,,,,11.93,11.93
2/2/2026,2023.0,20240587.0,21404.0,32445.0,TARGA SOUTHTEX NGL PIPELINE LTD.,HVL,INTRASTATE,TEXAS,,,,,,,,,,102.86,,102.86,,,,,,,,,,,,0.0,,,,,,,,,,102.86,,102.86
2/2/2026,2023.0,20240586.0,21403.0,32445.0,TARGA SOUTHTEX NGL PIPELINE LTD.,Refined and/or Petroleum Product (non-HVL),INTRASTATE,TEXAS,,,,,,,,,3.49,1.37,,4.86,,,,,,,,,,,,0.0,,,,,,,,,3.49,1.37,,4.86
2/2/2026,2023.0,20240411.0,21226.0,32450.0,"ROADRUNNER PIPELINE, L.L.C.",Crude Oil,INTERSTATE,NEW MEXICO,0.0,0.0,0.0,0.0,0.0,0.0,0.0,0.0,22.63,0.0,,22.63,0.0,0.0,0.0,0.0,0.0,0.0,0.0,0.0,0.0,0.0,,0.0,0.0,0.0,0.0,0.0,0.0,0.0,0.0,0.0,22.63,0.0,,22.63
2/2/2026,2023.0,20240411.0,21226.0,32450.0,"ROADRUNNER PIPELINE, L.L.C.",Crude Oil,INTERSTATE,TEXAS,0.0,0.0,0.0,0.0,0.0,0.0,0.0,0.0,46.7,0.0,,46.7,0.0,0.0,0.0,0.0,0.0,0.0,0.0,0.0,0.0,0.0,,0.0,0.0,0.0,0.0,0.0,0.0,0.0,0.0,0.0,46.7,0.0,,46.7
2/2/2026,2023.0,20240505.0,21654.0,32453.0,BPX (EAGLE FORD) GATHERING LLC,Crude Oil,INTRASTATE,TEXAS,,,,,,,,,,50.38,0.0,50.38,,,,,,,,,,,,0.0,,,,,,,,,,50.38,0.0,50.38
2/2/2026,2023.0,20240297.0,21108.0,32476.0,"TREETOP MIDSTREAM SERVICES, LLC",CO2,INTRASTATE,MISSISSIPPI,,,,,,,,,,0.265,,0.265,,,,,,,,,,0.0,,0.0,,,,,,,,,,0.265,,0.265
2/2/2026,2023.0,20240150.0,20946.0,32488.0,"ENI US OPERATING CO, INC",Crude Oil,INTRASTATE,ALASKA,0.0,0.0,0.0,0.0,0.0,0.0,0.0,0.0,0.0,13.8,0.0,13.8,0.0,0.0,0.0,0.0,0.0,0.0,0.0,0.0,0.0,0.0,0.0,0.0,0.0,0.0,0.0,0.0,0.0,0.0,0.0,0.0,0.0,13.8,0.0,13.8
2/2/2026,2023.0,20240151.0,20947.0,32488.0,"ENI US OPERATING CO, INC",Refined and/or Petroleum Product (non-HVL),INTRASTATE,ALASKA,0.0,0.0,0.0,0.0,0.0,0.0,0.0,0.0,0.0,0.0,0.0,0.0,0.0,0.0,0.0,0.0,0.0,0.0,0.0,0.0,0.0,0.0,0.0,0.0,0.0,0.0,0.0,0.0,0.0,0.0,0.0,0.0,0.0,0.0,0.0,0.0
2/2/2026,2023.0,20240492.0,21309.0,32492.0,"GENESIS CRUDE OIL, L.P.",Crude Oil,INTRASTATE,LOUISIANA,0.0,0.0,0.0,0.0,0.0,0.0,1.8,0.0,0.0,0.0,0.0,1.8,0.0,0.0,0.0,0.0,0.0,0.0,0.0,0.0,0.0,0.0,0.0,0.0,0.0,0.0,0.0,0.0,0.0,0.0,1.8,0.0,0.0,0.0,0.0,1.8
2/2/2026,2023.0,20240415.0,21230.0,32493.0,"UNEV PIPELINE, LLC",Refined and/or Petroleum Product (non-HVL),INTERSTATE,NEVADA,0.0,0.0,0.0,0.0,0.0,0.0,0.0,0.0,0.0,70.88,,70.88,0.0,0.0,0.0,0.0,0.0,0.0,0.0,0.0,0.0,0.0,,0.0,0.0,0.0,0.0,0.0,0.0,0.0,0.0,0.0,0.0,70.88,,70.88
2/2/2026,2023.0,20240415.0,21230.0,32493.0,"UNEV PIPELINE, LLC",Refined and/or Petroleum Product (non-HVL),INTERSTATE,UTAH,0.0,0.0,0.0,0.0,0.0,0.0,0.0,0.0,0.37,355.26,,355.63,0.0,0.0,0.0,0.0,0.0,0.0,0.0,0.0,0.0,0.0,,0.0,0.0,0.0,0.0,0.0,0.0,0.0,0.0,0.0,0.37,355.26,,355.63
2/2/2026,2023.0,20240376.0,21190.0,32495.0,"DELAWARE PIPELINE COMPANY, LLC",Refined and/or Petroleum Product (non-HVL),INTERSTATE,DELAWARE,0.0,0.0,0.0,0.0,0.0,0.0,20.21,0.0,0.0,0.0,,20.21,0.0,0.0,0.0,0.0,0.0,0.0,0.0,0.0,0.0,0.0,,0.0,0.0,0.0,0.0,0.0,0.0,0.0,20.21,0.0,0.0,0.0,,20.21
2/2/2026,2023.0,20240376.0,21190.0,32495.0,"DELAWARE PIPELINE COMPANY, LLC",Refined and/or Petroleum Product (non-HVL),INTERSTATE,PENNSYLVANIA,0.0,0.0,0.0,0.0,0.0,0.0,3.17,0.0,0.0,0.0,,3.17,0.0,0.0,0.0,0.0,0.0,0.0,0.0,0.0,0.0,0.0,,0.0,0.0,0.0,0.0,0.0,0.0,0.0,3.17,0.0,0.0,0.0,,3.17
2/2/2026,2023.0,20240561.0,21378.0,32502.0,ENBRIDGE PIPELINES (SOUTHERN LIGHTS) L.L.C.,Refined and/or Petroleum Product (non-HVL),INTERSTATE,ILLINOIS,0.0,0.0,0.0,0.0,0.0,0.0,0.0,0.0,145.854,0.17,0.0,146.024,0.0,0.0,0.0,0.0,0.0,0.0,0.0,0.0,0.0,0.0,0.0,0.0,0.0,0.0,0.0,0.0,0.0,0.0,0.0,0.0,145.854,0.17,0.0,146.024
2/2/2026,2023.0,20240561.0,21378.0,32502.0,ENBRIDGE PIPELINES (SOUTHERN LIGHTS) L.L.C.,Refined and/or Petroleum Product (non-HVL),INTERSTATE,MINNESOTA,0.0,0.0,0.0,0.0,0.0,0.0,1.903,0.0,82.146,95.645,0.0,179.694,0.0,0.0,0.0,0.629,0.0,0.0,0.0,0.0,0.0,0.0,0.0,0.629,0.0,0.0,0.0,0.629,0.0,0.0,1.903,0.0,82.146,95.645,0.0,180.323
2/2/2026,2023.0,20240561.0,21378.0,32502.0,ENBRIDGE PIPELINES (SOUTHERN LIGHTS) L.L.C.,Refined and/or Petroleum Product (non-HVL),INTERSTATE,NORTH DAKOTA,0.0,0.0,0.0,0.0,0.0,0.0,0.0,0.0,0.0,0.0,0.0,0.0,0.0,0.0,0.0,0.0,0.0,0.0,0.0,0.0,0.0,0.0,0.0,0.0,0.0,0.0,0.0,0.0,0.0,0.0,0.0,0.0,0.0,0.0,0.0,0.0
2/2/2026,2023.0,20240561.0,21378.0,32502.0,ENBRIDGE PIPELINES (SOUTHERN LIGHTS) L.L.C.,Refined and/or Petroleum Product (non-HVL),INTERSTATE,WISCONSIN,0.0,0.0,0.0,0.0,0.0,0.0,0.0,0.0,345.204,13.179,0.0,358.383,0.0,0.0,0.0,0.0,0.0,0.0,0.0,0.0,0.0,0.0,0.0,0.0,0.0,0.0,0.0,0.0,0.0,0.0,0.0,0.0,345.204,13.179,0.0,358.383
2/2/2026,2023.0,20240312.0,21123.0,32503.0,"CALUMET SHREVEPORT REFINING, LLC",Crude Oil,INTRASTATE,LOUISIANA,,,,,,6.84,,,,0.01,,6.85,,,,,,,,,,,,0.0,,,,,,6.84,,,,0.01,,6.85
2/2/2026,2023.0,20240716.0,21555.0,32520.0,CITY OF BANGOR,Refined and/or Petroleum Product (non-HVL),INTRASTATE,MAINE,,,,0.934,,,,,,,0.0,0.934,,,,,,,,,,,0.0,0.0,,,,0.934,,,,,,,0.0,0.934
2/2/2026,2023.0,20240623.0,21444.0,32537.0,WYOMING PIPELINE COMPANY,Crude Oil,INTRASTATE,WYOMING,0.0,0.0,0.0,0.0,0.0,25.626,0.0,0.0,0.0,13.034,,38.66,0.0,0.0,,0.0,10.988,0.0,0.0,0.0,0.0,0.0,,10.988,0.0,0.0,0.0,0.0,10.988,25.626,0.0,0.0,0.0,13.034,,49.648
2/2/2026,2023.0,20240194.0,20993.0,32540.0,ELECTRAGAS INC.,Crude Oil,INTRASTATE,TEXAS,,,,,,1.66,1.67,,,,,3.33,,,,,,,,,,,,0.0,,,,,,1.66,1.67,,,,,3.33
2/2/2026,2023.0,20240396.0,21210.0,32541.0,"COPANO NGL SERVICES (MARKHAM), LLC",HVL,INTRASTATE,TEXAS,,,,3.505,,,,0.309,0.242,23.458,0.286,27.8,,,,0.234,,,,,,,,0.234,,,,3.739,,,,0.309,0.242,23.458,0.286,28.034
2/2/2026,2023.0,20240633.0,21454.0,32543.0,"DENBURY GREEN PIPELINE-TEXAS, LLC",CO2,INTERSTATE,TEXAS,0.0,0.0,0.0,0.0,0.0,0.0,0.0,0.0,0.0,131.51,0.0,131.51,0.0,0.0,0.0,0.0,0.0,0.0,0.0,0.0,0.0,0.0,0.0,0.0,0.0,0.0,0.0,0.0,0.0,0.0,0.0,0.0,0.0,131.51,0.0,131.51
2/2/2026,2023.0,20240630.0,21451.0,32545.0,"DENBURY GULF COAST PIPELINES, LLC",CO2,INTERSTATE,LOUISIANA,0.0,0.0,0.0,0.0,0.0,0.0,0.0,0.0,239.25,0.13,3.1,242.48,0.0,0.0,0.0,0.0,0.0,0.0,0.0,0.0,0.0,0.0,0.0,0.0,0.0,0.0,0.0,0.0,0.0,0.0,0.0,0.0,239.25,0.13,3.1,242.48
2/2/2026,2023.0,20240630.0,21451.0,32545.0,"DENBURY GULF COAST PIPELINES, LLC",CO2,INTERSTATE,MISSISSIPPI,0.0,0.0,0.0,0.0,0.0,0.03,0.05,0.0,87.39,1.61,0.0,89.08,0.0,0.0,0.0,,0.04,0.0,0.0,0.0,0.0,,0.0,0.04,0.0,0.0,0.0,0.0,0.04,0.03,0.05,0.0,87.39,1.61,0.0,89.12
2/2/2026,2023.0,20240165.0,20961.0,32559.0,"ALON USA KROTZ SPRINGS REFINERY, INC",HVL,INTRASTATE,LOUISIANA,0.0,0.0,0.0,0.0,0.0,0.0,0.0,2.8,0.0,0.0,0.0,2.8,10.4,0.0,0.0,0.0,0.0,0.0,0.0,0.0,0.0,0.0,0.0,10.4,10.4,0.0,0.0,0.0,0.0,0.0,0.0,2.8,0.0,0.0,0.0,13.2
2/2/2026,2023.0,20240164.0,20960.0,32559.0,"ALON USA KROTZ SPRINGS REFINERY, INC",Refined and/or Petroleum Product (non-HVL),INTRASTATE,LOUISIANA,,,,,,,,3.0,,,,3.0,,,,,,,,,,,,0.0,,,,,,,,3.0,,,,3.0
2/2/2026,2023.0,20240634.0,21455.0,32566.0,GREENCORE PIPELINE COMPANY LLC,CO2,INTERSTATE,MONTANA,0.0,0.0,0.0,0.0,0.0,0.0,0.0,0.0,0.0,8.73,0.0,8.73,0.0,0.0,0.0,0.0,0.0,0.0,0.0,0.0,0.0,0.0,0.0,0.0,0.0,0.0,0.0,0.0,0.0,0.0,0.0,0.0,0.0,8.73,0.0,8.73
2/2/2026,2023.0,20240634.0,21455.0,32566.0,GREENCORE PIPELINE COMPANY LLC,CO2,INTERSTATE,WYOMING,0.0,0.0,0.0,0.0,0.0,0.0,0.0,0.0,0.0,222.75,0.0,222.75,0.0,0.0,0.0,0.0,0.0,0.0,0.0,0.0,0.0,0.0,0.0,0.0,0.0,0.0,0.0,0.0,0.0,0.0,0.0,0.0,0.0,222.75,0.0,222.75
2/2/2026,2023.0,20240634.0,21455.0,32566.0,GREENCORE PIPELINE COMPANY LLC,CO2,INTRASTATE,WYOMING,0.0,0.0,0.0,0.0,0.0,0.0,0.0,0.0,0.0,3.59,0.0,3.59,0.0,0.0,0.0,0.0,0.0,0.0,0.0,0.0,0.0,0.0,0.0,0.0,0.0,0.0,0.0,0.0,0.0,0.0,0.0,0.0,0.0,3.59,0.0,3.59
2/2/2026,2023.0,20240414.0,21229.0,32572.0,"TOLEDO REFINING COMPANY, LLC",Crude Oil,INTRASTATE,OHIO,0.0,0.0,0.0,0.0,0.0,0.0,0.0,0.0,0.0,0.0,0.0,0.0,0.0,0.0,0.0,0.0,0.0,0.0,0.0,0.0,0.0,0.0,0.0,0.0,0.0,0.0,0.0,0.0,0.0,0.0,0.0,0.0,0.0,0.0,0.0,0.0
2/2/2026,2023.0,20240413.0,21228.0,32572.0,"TOLEDO REFINING COMPANY, LLC",Refined and/or Petroleum Product (non-HVL),INTRASTATE,OHIO,,,,,,,,,,,,0.0,,,,,,,,,,,,0.0,,,,,,,,,,,,
2/2/2026,2023.0,20240064.0,20815.0,32575.0,"DEEPROCK OIL OPERATING, LLC",Crude Oil,INTRASTATE,OKLAHOMA,,,,,,,,,,13.25,,13.25,,,,,,,,,,,,0.0,,,,,,,,,,13.25,,13.25
2/2/2026,2023.0,20240710.0,21536.0,32592.0,"TREK RESOURCES, INC",Crude Oil,INTRASTATE,TEXAS,0.0,0.0,0.0,0.0,0.0,0.0,0.0,0.0,0.0,0.0,0.0,0.0,0.0,0.0,0.0,0.0,0.0,0.0,0.0,0.0,0.0,0.0,0.0,0.0,0.0,0.0,0.0,0.0,0.0,0.0,0.0,0.0,0.0,0.0,0.0,0.0
2/2/2026,2023.0,20240236.0,21043.0,32595.0,"HIGH POINT GAS GATHERING, LLC",Crude Oil,INTERSTATE,OCS-Gulf of Mexico,0.0,0.0,0.0,0.0,0.0,0.0,0.0,6.138,0.0,0.0,0.0,6.138,0.0,0.0,0.0,0.0,0.0,0.0,0.0,0.0,0.0,0.0,0.0,0.0,0.0,0.0,0.0,0.0,0.0,0.0,0.0,6.138,0.0,0.0,0.0,6.138
2/2/2026,2023.0,20240021.0,20772.0,32599.0,"MCLEAN GAS PROCESSING, LLC",HVL,INTRASTATE,TEXAS,,,,,,,,,,,0.0,0.0,,,,,,,,,,,0.0,0.0,,,,,,,,,,,0.0,0.0
2/2/2026,2023.0,20240115.0,21544.0,32614.0,"BOARDWALK ETHANE PIPELINE COMPANY, LLC",HVL,INTERSTATE,LOUISIANA,1.73,,,,,,6.68,23.04,0.09,12.71,0.06,44.31,30.03,,,,91.9,,,,,,,121.93,31.76,,,,91.9,,6.68,23.04,0.09,12.71,0.06,166.24
2/2/2026,2023.0,20240115.0,21544.0,32614.0,"BOARDWALK ETHANE PIPELINE COMPANY, LLC",HVL,INTRASTATE,LOUISIANA,,,,,,,2.47,,,,,2.47,,,,,,,,,,,,0.0,,,,,,,2.47,,,,,2.47
2/2/2026,2023.0,20240451.0,21663.0,32619.0,"HILAND CRUDE, LLC",Crude Oil,INTRASTATE,NORTH DAKOTA,0.0,0.0,0.0,0.0,0.0,0.0,0.0,11.962,0.0,258.388,7.063,277.413,0.0,0.0,0.0,0.0,0.0,0.0,0.0,0.0,0.0,0.04,,0.04,0.0,0.0,0.0,0.0,0.0,0.0,0.0,11.962,0.0,258.428,7.063,277.453
2/2/2026,2023.0,20240322.0,21133.0,32634.0,"ENLINK PERMIAN, LLC",Crude Oil,INTERSTATE,NEW MEXICO,0.0,0.0,0.0,0.0,0.0,0.0,0.0,0.0,0.0,43.221,8.58,51.801,0.0,0.0,0.0,0.0,0.0,0.0,0.0,0.0,0.0,0.0,0.0,0.0,0.0,0.0,0.0,0.0,0.0,0.0,0.0,0.0,0.0,43.221,8.58,51.801
2/2/2026,2023.0,20240322.0,21133.0,32634.0,"ENLINK PERMIAN, LLC",Crude Oil,INTERSTATE,TEXAS,0.0,0.0,0.0,0.0,0.0,0.0,0.0,0.0,0.0,69.447,1.998,71.445,0.0,0.0,0.0,0.0,0.0,0.0,0.0,0.0,0.0,0.0,0.0,0.0,0.0,0.0,0.0,0.0,0.0,0.0,0.0,0.0,0.0,69.447,1.998,71.445
2/2/2026,2023.0,20240321.0,21132.0,32634.0,"ENLINK PERMIAN, LLC",HVL,INTRASTATE,TEXAS,,,,,,,,,4.18,53.217,15.906,73.303,,,,,,,,,,,,0.0,,,,,,,,,4.18,53.217,15.906,73.303
2/2/2026,2023.0,20240241.0,21049.0,32645.0,"HILCORP ALASKA, LLC",Crude Oil,INTRASTATE,ALASKA,0.0,0.0,0.0,0.0,0.0,1.56,0.0,0.0,0.0,0.0,0.0,1.56,0.0,0.0,0.0,0.0,0.0,0.0,0.0,0.0,0.0,0.0,0.0,0.0,0.0,0.0,0.0,0.0,0.0,1.56,0.0,0.0,0.0,0.0,0.0,1.56
2/2/2026,2023.0,20240014.0,20764.0,32650.0,LEMM CORPORATION - OPERATIONS,HVL,INTRASTATE,TENNESSEE,,,,,,,0.1,0.1,0.8,0.62,0.0,1.62,,,,,,,,,,,0.0,0.0,,,,,,,0.1,0.1,0.8,0.62,0.0,1.62
2/2/2026,2023.0,20240161.0,20957.0,32675.0,"SAMSON EXPLORATION, LLC",Crude Oil,INTRASTATE,WYOMING,,,,,,,,,,,,0.0,,,,,,,,,,,,0.0,,,,,,,,,,,,
2/2/2026,2023.0,20240285.0,21096.0,32678.0,KINDER MORGAN CRUDE AND CONDENSATE LLC,Crude Oil,INTRASTATE,TEXAS,0.0,0.0,0.0,0.0,0.0,1.06,0.59,0.599,0.265,121.839,1.043,125.396,0.0,0.0,0.0,0.0,0.0,0.0,0.0,0.0,0.0,0.0,0.0,0.0,0.0,0.0,0.0,0.0,0.0,1.06,0.59,0.599,0.265,121.839,1.043,125.396
2/2/2026,2023.0,20240296.0,21107.0,32682.0,"GREENLEAF CO2 SOLUTIONS, LLC",CO2,INTRASTATE,MISSISSIPPI,,,,,,,,,,5.1,,5.1,,,,,,,,,,,,0.0,,,,,,,,,,5.1,,5.1
2/2/2026,2023.0,20240293.0,21104.0,32683.0,INLAND CORPORATION,Refined and/or Petroleum Product (non-HVL),INTERSTATE,OHIO,0.0,0.0,0.0,0.0,0.0,0.0,2.86,2.06,1.27,0.24,0.0,6.43,0.0,31.6,1.65,111.05,14.0,68.57,0.0,0.0,0.0,0.01,0.0,226.88,0.0,31.6,1.65,111.05,14.0,68.57,2.86,2.06,1.27,0.25,0.0,233.31
2/2/2026,2023.0,20240287.0,21098.0,32688.0,WEST COAST TERMINAL PIPELINE  (WCTP),Crude Oil,INTRASTATE,CALIFORNIA,0.0,0.0,0.0,0.0,0.0,0.094,0.035,1.622,0.015,0.0,0.0,1.766,0.0,0.0,0.0,0.0,0.0,0.0,0.0,0.0,0.0,0.0,0.0,0.0,0.0,0.0,0.0,0.0,0.0,0.094,0.035,1.622,0.015,0.0,0.0,1.766
2/2/2026,2023.0,20240288.0,21099.0,32688.0,WEST COAST TERMINAL PIPELINE  (WCTP),Refined and/or Petroleum Product (non-HVL),INTERSTATE,OREGON,0.0,0.0,0.0,0.0,0.0,0.037,0.0,0.0,0.013,0.0,0.0,0.05,0.0,0.0,0.0,0.0,0.0,0.0,0.0,0.0,0.0,0.0,0.0,0.0,0.0,0.0,0.0,0.0,0.0,0.037,0.0,0.0,0.013,0.0,0.0,0.05
2/2/2026,2023.0,20240288.0,21099.0,32688.0,WEST COAST TERMINAL PIPELINE  (WCTP),Refined and/or Petroleum Product (non-HVL),INTRASTATE,CALIFORNIA,0.0,0.0,0.0,0.0,0.0,1.667,0.679,6.272,0.281,0.49,0.0,9.389,0.0,0.0,0.0,0.0,0.0,0.0,0.0,0.0,0.0,0.0,0.0,0.0,0.0,0.0,0.0,0.0,0.0,1.667,0.679,6.272,0.281,0.49,0.0,9.389
2/2/2026,2023.0,20240069.0,20821.0,38893.0,PTE PIPELINE LLC,Crude Oil,INTERSTATE,ALASKA,,,,,,,,,,22.14,,22.14,,,,,,,,,,,,0.0,,,,,,,,,,22.14,,22.14
2/2/2026,2023.0,20240713.0,21542.0,38894.0,"THUNDER BASIN PIPELINE, LLC",Crude Oil,INTRASTATE,WYOMING,0.0,0.0,0.0,0.0,0.0,0.0,0.0,0.0,0.0,10.2,0.0,10.2,0.0,0.0,0.0,0.0,0.0,0.0,0.0,0.0,0.0,0.0,0.0,0.0,0.0,0.0,0.0,0.0,0.0,0.0,0.0,0.0,0.0,10.2,0.0,10.2
2/2/2026,2023.0,20240720.0,21900.0,38895.0,KINDER MORGAN SOUTHEAST TERMINALS,Fuel Grade Ethanol (dedicated system),INTRASTATE,NORTH CAROLINA,0.0,0.0,0.0,0.0,0.0,0.0,0.0,0.0,0.0,3.797,0.0,3.797,0.0,0.0,0.0,0.0,0.0,0.0,0.0,0.0,0.0,0.0,0.0,0.0,0.0,0.0,0.0,0.0,0.0,0.0,0.0,0.0,0.0,3.797,0.0,3.797
2/2/2026,2023.0,20240577.0,21394.0,38922.0,MIPC LLC,HVL,INTRASTATE,PENNSYLVANIA,0.0,0.0,0.0,0.0,0.0,0.0,0.0,0.0,0.0,0.0,0.0,0.0,0.0,0.0,0.0,0.0,0.0,0.0,0.0,0.0,0.0,0.0,0.0,0.0,0.0,0.0,0.0,0.0,0.0,0.0,0.0,0.0,0.0,0.0,0.0,0.0
2/2/2026,2023.0,20240576.0,21393.0,38922.0,MIPC LLC,Refined and/or Petroleum Product (non-HVL),INTERSTATE,NEW JERSEY,,,,,,,,,,1.24,,1.24,,,,2.86,1.84,,,,,,,4.7,,,,2.86,1.84,,,,,1.24,,5.94
2/2/2026,2023.0,20240576.0,21393.0,38922.0,MIPC LLC,Refined and/or Petroleum Product (non-HVL),INTERSTATE,PENNSYLVANIA,,,,,,2.24,0.003,0.006,,0.843,,3.092,,,5.61,8.01,0.818,,,,,,,14.438,,,5.61,8.01,0.818,2.24,0.003,0.006,,0.843,,17.53
2/2/2026,2023.0,20240576.0,21393.0,38922.0,MIPC LLC,Refined and/or Petroleum Product (non-HVL),INTRASTATE,PENNSYLVANIA,,,,,,,0.16,0.05,0.0,0.01,0.61,0.83,,,24.36,0.91,1.71,,,,,,,26.98,,,24.36,0.91,1.71,,0.16,0.05,0.0,0.01,0.61,27.81
2/2/2026,2023.0,20240083.0,20841.0,38924.0,NGL CRUDE TERMINALS,Crude Oil,INTRASTATE,COLORADO,,,,,,,,,,19.0,,19.0,,,,,,,,,,,,0.0,,,,,,,,,,19.0,,19.0
2/2/2026,2023.0,20240083.0,20841.0,38924.0,NGL CRUDE TERMINALS,Crude Oil,INTRASTATE,LOUISIANA,,,,,,,,,,2.78,,2.78,,,,,,,,,,,,0.0,,,,,,,,,,2.78,,2.78
2/2/2026,2023.0,20240083.0,20841.0,38924.0,NGL CRUDE TERMINALS,Crude Oil,INTRASTATE,OKLAHOMA,,,,,,,,,,12.3,,12.3,,,,,,,,,,,,0.0,,,,,,,,,,12.3,,12.3
2/2/2026,2023.0,20240195.0,20994.0,38926.0,BLACK BEAR MIDSTREAM LLC,HVL,INTRASTATE,LOUISIANA,,,,,,,,,,40.1,,40.1,,,,,,,,,,,,0.0,,,,,,,,,,40.1,,40.1
2/2/2026,2023.0,20240022.0,20773.0,38927.0,UGI ENERGY SERVICES,HVL,INTRASTATE,OHIO,0.0,0.0,0.0,0.0,0.0,0.0,0.0,0.0,0.0,36.254,0.0,36.254,0.0,0.0,0.0,0.0,0.0,0.0,0.0,0.0,0.0,0.0,0.0,0.0,0.0,0.0,0.0,0.0,0.0,0.0,0.0,0.0,0.0,36.254,0.0,36.254
2/2/2026,2023.0,20240001.0,20739.0,38930.0,"PATOKA TERMINAL COMPANY, LLC",Crude Oil,INTRASTATE,ILLINOIS,,,,,,,,,,0.45,,0.45,,,,,,,,,,,,0.0,,,,,,,,,,0.45,,0.45
2/2/2026,2023.0,20240309.0,21120.0,38937.0,"PALO DURO TEG, LLC",HVL,INTRASTATE,TEXAS,,,,,,,,,,138.26,,138.26,,,,,,,,,,,,0.0,,,,,,,,,,138.26,,138.26
2/2/2026,2023.0,20240093.0,20866.0,38938.0,"WTG NGL PIPELINE COMPANY, LLC",HVL,INTRASTATE,TEXAS,,,,,22.013,,,,,20.156,15.56,57.729,,,,,,,,,,,,0.0,,,,,22.013,,,,,20.156,15.56,57.729
2/2/2026,2023.0,20240562.0,21379.0,38945.0,BAKKEN PIPELINE COMPANY LP,Crude Oil,INTERSTATE,NORTH DAKOTA,0.0,0.0,0.0,0.0,0.0,0.0,0.0,7.841,0.0,10.997,0.0,18.838,0.0,0.0,0.0,0.0,56.372,0.0,0.0,0.0,0.0,0.0,0.0,56.372,0.0,0.0,0.0,0.0,56.372,0.0,0.0,7.841,0.0,10.997,0.0,75.21
2/2/2026,2023.0,20240052.0,20803.0,38949.0,"NAVARRO MIDSTREAM SERVICES, LLC.",Crude Oil,INTRASTATE,TEXAS,,,,,,,,,,,,0.0,,,,,,,,,,,,0.0,,,,,,,,,,,,
2/2/2026,2023.0,20240676.0,21498.0,38964.0,"BELLWETHER DISTRICT HOLDINGS, LLC",HVL,INTRASTATE,PENNSYLVANIA,,,,,,,,,,,,0.0,,,,,,,,,,,,0.0,,,,,,,,,,,,
2/2/2026,2023.0,20240675.0,21497.0,38964.0,"BELLWETHER DISTRICT HOLDINGS, LLC",Refined and/or Petroleum Product (non-HVL),INTRASTATE,PENNSYLVANIA,,,,,,,,0.54,,,,0.54,,,,,,,,,,,,0.0,,,,,,,,0.54,,,,0.54
2/2/2026,2023.0,20240159.0,20955.0,38989.0,EMERALD GATHERING AND TRANSMISSION,Crude Oil,INTRASTATE,TEXAS,,,,,,10.19,,,,,,10.19,,,,,,,,,,,,0.0,,,,,,10.19,,,,,,10.19
2/2/2026,2023.0,20240284.0,21095.0,39010.0,"BLUE RACER MIDSTREAM, LLC",HVL,INTRASTATE,OHIO,,,,,,,,,,28.15,,28.15,,,,,,,,,,,,0.0,,,,,,,,,,28.15,,28.15
2/2/2026,2023.0,20240284.0,21095.0,39010.0,"BLUE RACER MIDSTREAM, LLC",HVL,INTRASTATE,WEST VIRGINIA,,,,,,,,,,73.37,,73.37,,,,,,,,,,,,0.0,,,,,,,,,,73.37,,73.37
2/2/2026,2023.0,20240574.0,21434.0,39012.0,"SUMMIT MIDSTREAM PARTNERS, LLC",Crude Oil,INTRASTATE,NORTH DAKOTA,0.0,0.0,0.0,0.0,0.0,0.0,0.0,0.0,0.0,71.9,0.0,71.9,0.0,0.0,0.0,0.0,0.0,0.0,0.0,0.0,0.0,0.0,0.0,0.0,0.0,0.0,0.0,0.0,0.0,0.0,0.0,0.0,0.0,71.9,0.0,71.9
2/2/2026,2023.0,20240566.0,21383.0,39012.0,"SUMMIT MIDSTREAM PARTNERS, LLC",HVL,INTRASTATE,COLORADO,0.0,0.0,0.0,0.0,0.0,0.0,0.0,0.0,0.0,21.4,0.9,22.3,0.0,0.0,0.0,0.0,0.0,0.0,0.0,0.0,0.0,0.0,0.0,0.0,0.0,0.0,0.0,0.0,0.0,0.0,0.0,0.0,0.0,21.4,0.9,22.3
2/2/2026,2023.0,20240294.0,21105.0,39020.0,"ENABLE BAKKEN CRUDE SERVICES, LLC",Crude Oil,INTRASTATE,NORTH DAKOTA,,,,,,,,,,,,0.0,,,,,,,,,,,,0.0,,,,,,,,,,,,
2/2/2026,2023.0,20240282.0,21093.0,39023.0,DOUBLE EAGLE PIPELINE LLC,Crude Oil,INTRASTATE,TEXAS,0.0,0.0,0.0,0.0,0.0,0.0,0.0,0.0,10.323,158.385,0.069,168.777,0.0,0.0,0.0,35.464,0.0,0.0,0.0,0.0,0.0,0.0,0.0,35.464,0.0,0.0,0.0,35.464,0.0,0.0,0.0,0.0,10.323,158.385,0.069,204.241
2/2/2026,2023.0,20240139.0,20934.0,39043.0,"TALLGRASS PONY EXPRESS PIPELINE, LLC",Crude Oil,INTERSTATE,COLORADO,0.0,0.0,0.0,0.0,0.0,0.0,0.0,0.3,0.0,159.96,63.17,223.43,0.0,0.0,0.0,0.0,0.0,0.0,0.0,0.0,0.0,0.0,,0.0,0.0,0.0,0.0,0.0,0.0,0.0,0.0,0.3,0.0,159.96,63.17,223.43
2/2/2026,2023.0,20240139.0,20934.0,39043.0,"TALLGRASS PONY EXPRESS PIPELINE, LLC",Crude Oil,INTERSTATE,KANSAS,0.0,0.0,0.0,0.0,0.0,0.0,0.0,0.01,0.0,222.35,0.0,222.36,0.0,0.0,0.0,0.0,0.0,0.0,0.0,0.0,0.0,0.0,0.0,0.0,0.0,0.0,0.0,0.0,0.0,0.0,0.0,0.01,0.0,222.35,0.0,222.36
2/2/2026,2023.0,20240139.0,20934.0,39043.0,"TALLGRASS PONY EXPRESS PIPELINE, LLC",Crude Oil,INTERSTATE,NEBRASKA,0.0,0.0,0.0,0.0,0.0,0.0,0.0,0.02,0.0,4.83,0.0,4.85,0.0,0.0,0.0,0.0,0.0,0.0,0.0,0.0,0.0,0.0,0.0,0.0,0.0,0.0,0.0,0.0,0.0,0.0,0.0,0.02,0.0,4.83,0.0,4.85
2/2/2026,2023.0,20240139.0,20934.0,39043.0,"TALLGRASS PONY EXPRESS PIPELINE, LLC",Crude Oil,INTERSTATE,OKLAHOMA,0.0,0.0,0.0,0.0,0.0,0.0,0.0,0.0,0.0,82.89,0.0,82.89,0.0,0.0,0.0,0.0,0.0,0.0,0.0,0.0,0.0,0.0,0.0,0.0,0.0,0.0,0.0,0.0,0.0,0.0,0.0,0.0,0.0,82.89,0.0,82.89
2/2/2026,2023.0,20240139.0,20934.0,39043.0,"TALLGRASS PONY EXPRESS PIPELINE, LLC",Crude Oil,INTERSTATE,WYOMING,0.0,0.0,0.0,0.0,0.02,0.0,0.0,0.43,0.0,26.65,100.42,127.52,0.0,0.0,0.0,7.57,0.0,0.0,0.0,0.0,0.0,0.0,0.0,7.57,0.0,0.0,0.0,7.57,0.02,0.0,0.0,0.43,0.0,26.65,100.42,135.09
2/2/2026,2023.0,20240101.0,20869.0,39046.0,"BRIDGER SWAN RANCH, LLC",Crude Oil,INTRASTATE,WYOMING,,,,,,,,,,,0.0,0.0,,,,,,,,,,,0.0,0.0,,,,,,,,,,,0.0,0.0
2/2/2026,2023.0,20240494.0,21311.0,39047.0,"GEL OFFSHORE PIPELINE, LLC",Crude Oil,INTERSTATE,OCS-Gulf of Mexico,0.0,0.0,0.0,0.0,0.0,0.0,0.0,0.0,0.0,0.0,0.0,0.0,0.0,0.0,0.0,0.0,0.0,0.0,0.0,0.0,0.0,0.0,0.0,0.0,0.0,0.0,0.0,0.0,0.0,0.0,0.0,0.0,0.0,0.0,0.0,0.0
2/2/2026,2023.0,20240096.0,21607.0,39050.0,"CASPER CRUDE TO RAIL, LLC",Crude Oil,INTERSTATE,WYOMING,0.0,0.0,0.0,0.0,0.0,0.0,0.0,0.0,0.0,12.45,0.0,12.45,0.0,0.0,0.0,0.0,0.0,0.0,0.0,0.0,0.0,0.0,0.0,0.0,0.0,0.0,0.0,0.0,0.0,0.0,0.0,0.0,0.0,12.45,0.0,12.45
2/2/2026,2023.0,20240645.0,21575.0,39065.0,HESS ND,Crude Oil,INTRASTATE,NORTH DAKOTA,,,,,,,,,0.35,112.04,6.25,118.64,,,,,,,,,,,,0.0,,,,,,,,,0.35,112.04,6.25,118.64
2/2/2026,2023.0,20240693.0,21515.0,39065.0,HESS ND,HVL,INTRASTATE,NORTH DAKOTA,0.0,0.0,0.0,0.0,0.0,0.0,0.0,11.01,0.0,76.93,0.31,88.25,0.0,0.0,0.0,0.0,0.0,0.0,0.0,0.0,0.0,0.0,,0.0,0.0,0.0,0.0,0.0,0.0,0.0,0.0,11.01,0.0,76.93,0.31,88.25
2/2/2026,2023.0,20240650.0,21471.0,39065.0,HESS ND,Refined and/or Petroleum Product (non-HVL),INTRASTATE,NORTH DAKOTA,0.0,0.0,0.0,0.0,0.0,0.0,0.0,0.0,0.0,3.8,,3.8,0.0,0.0,0.0,0.0,0.0,0.0,0.0,0.0,0.0,0.0,,0.0,0.0,0.0,0.0,0.0,0.0,0.0,0.0,0.0,0.0,3.8,,3.8
2/2/2026,2023.0,20240156.0,20952.0,39069.0,EMPIRE MIDSTREAM LLC,Crude Oil,INTERSTATE,OCS-Gulf of Mexico,,,,,,,,,,,,0.0,,,,,,,,,,,,0.0,,,,,,,,,,,,
2/2/2026,2023.0,20240156.0,20952.0,39069.0,EMPIRE MIDSTREAM LLC,Crude Oil,INTRASTATE,LOUISIANA,,,,,,,,,,,,0.0,,,,,,,,,,,,0.0,,,,,,,,,,,,
2/2/2026,2023.0,20240197.0,20998.0,39073.0,OCI BEAUMONT LLC,Refined and/or Petroleum Product (non-HVL),INTRASTATE,TEXAS,,,,,,,4.58,,,,1.24,5.82,,,,,,,,,,,,0.0,,,,,,,4.58,,,,1.24,5.82
2/2/2026,2023.0,20240689.0,21511.0,39084.0,"CRESCENT MIDSTREAM, LLC",Crude Oil,INTERSTATE,LOUISIANA,,,,,,3.074,19.7,8.835,0.49,0.003,,32.102,,,,140.099,99.768,,,,,,,239.867,,,,140.099,99.768,3.074,19.7,8.835,0.49,0.003,,271.969
2/2/2026,2023.0,20240689.0,21511.0,39084.0,"CRESCENT MIDSTREAM, LLC",Crude Oil,INTERSTATE,OCS-Gulf of Mexico,,,,,,24.8,39.988,,9.728,,,74.516,,,,,24.6,,,,,,,24.6,,,,,24.6,24.8,39.988,,9.728,,,99.116
2/2/2026,2023.0,20240103.0,21017.0,39090.0,"NUTAAQ PIPELINE, LLC",Crude Oil,INTRASTATE,ALASKA,0.0,0.0,0.0,0.0,0.0,0.0,0.0,25.04,0.0,0.01,,25.05,0.0,0.0,0.0,0.0,0.0,0.0,0.0,0.0,0.0,0.0,,0.0,0.0,0.0,0.0,0.0,0.0,0.0,0.0,25.04,0.0,0.01,,25.05
2/2/2026,2023.0,20240208.0,21010.0,39099.0,CALIBER NORTH DAKOTA LLC,Crude Oil,INTRASTATE,NORTH DAKOTA,,,,,,,,,,22.79,,22.79,,,,,,,,,,,,0.0,,,,,,,,,,22.79,,22.79
2/2/2026,2023.0,20240209.0,21011.0,39099.0,CALIBER NORTH DAKOTA LLC,HVL,INTRASTATE,NORTH DAKOTA,,,,,,,,,,4.64,,4.64,,,,,,,,,,,,0.0,,,,,,,,,,4.64,,4.64
2/2/2026,2023.0,20240290.0,21101.0,39105.0,VALERO PARTNERS OPERATING CO. LLC,Crude Oil,INTERSTATE,MISSISSIPPI,0.0,0.0,0.0,0.0,0.0,0.0,18.51,19.19,0.2,0.0,0.0,37.9,,,,,,,,,,,,0.0,0.0,0.0,0.0,0.0,0.0,0.0,18.51,19.19,0.2,0.0,0.0,37.9
2/2/2026,2023.0,20240290.0,21101.0,39105.0,VALERO PARTNERS OPERATING CO. LLC,Crude Oil,INTERSTATE,OKLAHOMA,0.0,0.0,0.0,0.0,0.0,0.0,0.0,0.0,2.14,0.04,0.0,2.18,0.0,0.0,0.0,34.32,0.0,0.0,0.0,0.0,0.0,0.0,0.0,34.32,0.0,0.0,0.0,34.32,0.0,0.0,0.0,0.0,2.14,0.04,0.0,36.5
2/2/2026,2023.0,20240290.0,21101.0,39105.0,VALERO PARTNERS OPERATING CO. LLC,Crude Oil,INTERSTATE,TENNESSEE,0.0,0.0,0.0,0.0,0.0,0.0,0.38,0.23,13.38,0.0,0.0,13.99,,,,,,,,,,,,0.0,0.0,0.0,0.0,0.0,0.0,0.0,0.38,0.23,13.38,0.0,0.0,13.99
2/2/2026,2023.0,20240290.0,21101.0,39105.0,VALERO PARTNERS OPERATING CO. LLC,Crude Oil,INTERSTATE,TEXAS,0.0,0.0,0.0,0.0,0.0,0.0,0.0,0.0,1.9,18.5,0.0,20.4,0.0,0.0,0.0,48.18,40.24,0.0,0.0,0.0,0.0,0.0,0.0,88.42,0.0,0.0,0.0,48.18,40.24,0.0,0.0,0.0,1.9,18.5,0.0,108.82
2/2/2026,2023.0,20240290.0,21101.0,39105.0,VALERO PARTNERS OPERATING CO. LLC,Crude Oil,INTRASTATE,TEXAS,0.0,0.0,0.0,0.0,0.0,0.0,0.0,0.0,0.0,1.79,0.0,1.79,0.0,0.0,0.0,0.0,0.0,0.0,0.0,0.0,0.0,0.0,0.0,0.0,0.0,0.0,0.0,0.0,0.0,0.0,0.0,0.0,0.0,1.79,0.0,1.79
2/2/2026,2023.0,20240692.0,21514.0,39105.0,VALERO PARTNERS OPERATING CO. LLC,Refined and/or Petroleum Product (non-HVL),INTERSTATE,ARKANSAS,0.0,0.0,0.0,0.0,0.0,0.0,0.0,0.0,0.79,0.0,0.0,0.79,0.0,0.0,0.0,0.0,0.0,0.0,0.0,0.0,0.0,0.0,0.0,0.0,0.0,0.0,0.0,0.0,0.0,0.0,0.0,0.0,0.79,0.0,0.0,0.79
2/2/2026,2023.0,20240692.0,21514.0,39105.0,VALERO PARTNERS OPERATING CO. LLC,Refined and/or Petroleum Product (non-HVL),INTERSTATE,LOUISIANA,0.0,0.0,0.0,0.0,0.0,0.0,0.0,0.0,0.0,86.94,0.0,86.94,,,,,,,,,,,,0.0,0.0,0.0,0.0,0.0,0.0,0.0,0.0,0.0,0.0,86.94,0.0,86.94
2/2/2026,2023.0,20240692.0,21514.0,39105.0,VALERO PARTNERS OPERATING CO. LLC,Refined and/or Petroleum Product (non-HVL),INTERSTATE,MISSISSIPPI,0.0,0.0,0.0,0.0,0.0,0.0,0.0,0.0,0.0,55.69,0.0,55.69,0.0,0.0,0.0,0.0,0.0,0.0,0.0,0.0,0.0,0.0,0.0,0.0,0.0,0.0,0.0,0.0,0.0,0.0,0.0,0.0,0.0,55.69,0.0,55.69
2/2/2026,2023.0,20240692.0,21514.0,39105.0,VALERO PARTNERS OPERATING CO. LLC,Refined and/or Petroleum Product (non-HVL),INTERSTATE,OKLAHOMA,0.0,0.0,0.0,0.0,0.0,18.96,0.0,0.0,0.0,7.41,3.74,30.11,,,,,,,,,,,,0.0,0.0,0.0,0.0,0.0,0.0,18.96,0.0,0.0,0.0,7.41,3.74,30.11
2/2/2026,2023.0,20240692.0,21514.0,39105.0,VALERO PARTNERS OPERATING CO. LLC,Refined and/or Petroleum Product (non-HVL),INTERSTATE,TENNESSEE,0.0,0.0,0.0,0.0,0.0,0.0,0.0,0.0,8.06,0.0,0.0,8.06,,,,,,,,,,,,0.0,0.0,0.0,0.0,0.0,0.0,0.0,0.0,0.0,8.06,0.0,0.0,8.06
2/2/2026,2023.0,20240692.0,21514.0,39105.0,VALERO PARTNERS OPERATING CO. LLC,Refined and/or Petroleum Product (non-HVL),INTRASTATE,TENNESSEE,0.0,0.0,0.0,0.0,0.0,0.0,10.63,0.0,0.51,0.0,0.0,11.14,,,,,,,,,,,,0.0,0.0,0.0,0.0,0.0,0.0,0.0,10.63,0.0,0.51,0.0,0.0,11.14
2/2/2026,2023.0,20240692.0,21514.0,39105.0,VALERO PARTNERS OPERATING CO. LLC,Refined and/or Petroleum Product (non-HVL),INTRASTATE,TEXAS,0.0,0.0,0.0,0.0,0.0,0.03,0.0,0.0,7.33,1.5,0.0,8.86,0.0,0.0,0.0,0.0,2.85,0.0,0.0,0.0,0.0,0.0,0.0,2.85,0.0,0.0,0.0,0.0,2.85,0.03,0.0,0.0,7.33,1.5,0.0,11.71
2/2/2026,2023.0,20240011.0,20756.0,39108.0,BLUEFISH PIPELINE LLC,Refined and/or Petroleum Product (non-HVL),INTRASTATE,NEW MEXICO,,,,,,,,,,4.0,,4.0,,,,,,,,,,,,0.0,,,,,,,,,,4.0,,4.0
2/2/2026,2023.0,20240011.0,20756.0,39108.0,BLUEFISH PIPELINE LLC,Refined and/or Petroleum Product (non-HVL),INTRASTATE,TEXAS,,,,,,0.35,1.67,,,1.357,,3.377,,,,9.91,,,,,,,,9.91,,,,9.91,,0.35,1.67,,,1.357,,13.287
2/2/2026,2023.0,20240317.0,21128.0,39112.0,"ENLINK MIDSTREAM SERVICES, LLC",Crude Oil,INTRASTATE,OKLAHOMA,0.0,0.0,0.0,0.0,0.0,0.0,0.0,0.0,0.0,35.375,0.0,35.375,0.0,0.0,0.0,0.0,0.0,0.0,0.0,0.0,0.0,0.0,0.0,0.0,0.0,0.0,0.0,0.0,0.0,0.0,0.0,0.0,0.0,35.375,0.0,35.375
2/2/2026,2023.0,20240319.0,21130.0,39112.0,"ENLINK MIDSTREAM SERVICES, LLC",HVL,INTRASTATE,OKLAHOMA,0.0,0.0,0.0,0.0,0.0,0.0,0.0,0.0,0.0,13.135,0.0,13.135,0.0,0.0,0.0,0.0,0.0,0.0,0.0,0.0,0.0,0.0,0.0,0.0,0.0,0.0,0.0,0.0,0.0,0.0,0.0,0.0,0.0,13.135,0.0,13.135
2/2/2026,2023.0,20240319.0,21130.0,39112.0,"ENLINK MIDSTREAM SERVICES, LLC",HVL,INTRASTATE,TEXAS,0.0,0.0,0.0,0.0,0.0,24.43,8.953,0.0,77.599,1.234,0.0,112.216,0.0,0.0,0.0,0.0,0.0,0.0,0.0,0.0,0.0,0.0,0.0,0.0,0.0,0.0,0.0,0.0,0.0,24.43,8.953,0.0,77.599,1.234,0.0,112.216
2/2/2026,2023.0,20240466.0,21283.0,39122.0,UTICA EAST OHIO MIDSTREAM LLC,HVL,INTRASTATE,OHIO,0.0,0.0,0.0,0.0,0.0,0.0,0.0,0.0,0.0,62.73,,62.73,0.0,0.0,0.0,0.0,0.0,0.0,0.0,0.0,0.0,0.0,,0.0,0.0,0.0,0.0,0.0,0.0,0.0,0.0,0.0,0.0,62.73,,62.73
2/2/2026,2023.0,20240255.0,21063.0,39131.0,PERMIAN EXPRESS TERMINAL LLC,Crude Oil,INTERSTATE,TEXAS,0.0,0.0,0.0,0.0,0.0,0.0,0.0,0.0,0.0,27.57,0.0,27.57,0.0,0.0,0.0,0.0,0.0,0.0,0.0,0.0,0.0,0.0,0.0,0.0,0.0,0.0,0.0,0.0,0.0,0.0,0.0,0.0,0.0,27.57,0.0,27.57
2/2/2026,2023.0,20240085.0,20843.0,39135.0,"VICTORIA EXPRESS PIPELINE, L.L.C.",Crude Oil,INTRASTATE,TEXAS,,,,,,,,,,56.94,,56.94,,,,,,,,,,,,0.0,,,,,,,,,,56.94,,56.94
2/2/2026,2023.0,20240113.0,21552.0,39138.0,"BOARDWALK LOUISIANA MIDSTREAM, LLC",HVL,INTRASTATE,LOUISIANA,2.47,,,,1.62,21.64,3.97,0.4,47.08,34.96,0.77,112.91,,,,,5.95,,,,,,,5.95,2.47,,,,7.57,21.64,3.97,0.4,47.08,34.96,0.77,118.86
2/2/2026,2023.0,20240113.0,21552.0,39138.0,"BOARDWALK LOUISIANA MIDSTREAM, LLC",HVL,INTRASTATE,TEXAS,,,,,,,,,,1.1,,1.1,,,,,,,,,,,,0.0,,,,,,,,,,1.1,,1.1
2/2/2026,2023.0,20240563.0,21380.0,39145.0,ENBRIDGE STORAGE (CUSHING) L.L.C.,Crude Oil,INTERSTATE,OKLAHOMA,0.0,0.0,0.0,0.0,0.0,8.9,0.0,6.314,6.592,2.1,0.0,23.906,0.0,0.0,0.0,0.0,0.0,0.0,0.0,0.0,0.0,0.0,0.0,0.0,0.0,0.0,0.0,0.0,0.0,8.9,0.0,6.314,6.592,2.1,0.0,23.906
2/2/2026,2023.0,20240136.0,21577.0,39149.0,IMTT-BAYONNE,Refined and/or Petroleum Product (non-HVL),INTRASTATE,NEW JERSEY,,,,,,,0.49,2.47,0.62,0.08,,3.66,,,,,,,,,,,,0.0,,,,,,,0.49,2.47,0.62,0.08,,3.66
2/2/2026,2023.0,20240588.0,21405.0,39156.0,TARGA FRIO LASALLE PIPELINE LP,HVL,INTRASTATE,TEXAS,,,,,,,38.75,,,9.79,0.39,48.93,,,,,,,,,,,,0.0,,,,,,,38.75,,,9.79,0.39,48.93
2/2/2026,2023.0,20240332.0,21143.0,39179.0,"AMPLIFY ENERGY OPERATING, LLC",CO2,INTRASTATE,WYOMING,,,,,,,20.0,,,,,20.0,,,,,,,,,,,,0.0,,,,,,,20.0,,,,,20.0
2/2/2026,2023.0,20240430.0,21246.0,39183.0,"MEDALLION OPERATING COMPANY, LLC",Crude Oil,INTRASTATE,TEXAS,,,,,,,,,,623.36,37.94,661.3,,,,,,,,,,,,0.0,,,,,,,,,,623.36,37.94,661.3
2/2/2026,2023.0,20240601.0,21419.0,39189.0,"SANARE ENERGY PARTNERS, LLC",Crude Oil,INTERSTATE,LOUISIANA,,,,,,,,,,,,0.0,,,,,,,,,,,,0.0,,,,,,,,,,,,
2/2/2026,2023.0,20240601.0,21419.0,39189.0,"SANARE ENERGY PARTNERS, LLC",Crude Oil,INTERSTATE,OCS-Gulf of Mexico,,,,,,,,,,,,0.0,,,,,,,,,,,,0.0,,,,,,,,,,,,
2/2/2026,2023.0,20240226.0,21033.0,39191.0,CONSOLIDATED EDISON CO OF NY,Refined and/or Petroleum Product (non-HVL),INTRASTATE,NEW YORK,0.0,0.0,0.0,0.0,0.0,0.0,0.0,0.0,0.0,0.0,0.0,0.0,0.0,0.0,0.0,0.0,0.0,0.0,0.0,0.0,0.0,0.0,0.0,0.0,0.0,0.0,0.0,0.0,0.0,0.0,0.0,0.0,0.0,0.0,0.0,0.0
2/2/2026,2023.0,20240102.0,20870.0,39196.0,CHEYENNE RAIL HUB,Crude Oil,INTRASTATE,WYOMING,,,,,,,,,,1.8,0.0,1.8,,,,,,,,,,0.0,0.0,0.0,,,,,,,,,,1.8,0.0,1.8
2/2/2026,2023.0,20240295.0,21106.0,39205.0,"DAPL-ETCO OPERATIONS MANAGEMENT, LLC",Crude Oil,INTERSTATE,ARKANSAS,0.0,0.0,0.0,0.0,0.0,0.0,0.0,0.0,0.0,0.0,0.0,0.0,0.0,0.0,0.0,0.0,0.0,0.0,0.0,0.0,0.0,0.0,0.0,0.0,0.0,0.0,0.0,0.0,0.0,0.0,0.0,0.0,0.0,0.0,0.0,0.0
2/2/2026,2023.0,20240295.0,21106.0,39205.0,"DAPL-ETCO OPERATIONS MANAGEMENT, LLC",Crude Oil,INTERSTATE,ILLINOIS,,,,,,,,,,0.02,,0.02,,,,,,,,,,,,0.0,,,,,,,,,,0.02,,0.02
2/2/2026,2023.0,20240295.0,21106.0,39205.0,"DAPL-ETCO OPERATIONS MANAGEMENT, LLC",Crude Oil,INTERSTATE,IOWA,,,,,,,,,,,,0.0,,,,,,,,,,,,0.0,,,,,,,,,,,,
2/2/2026,2023.0,20240295.0,21106.0,39205.0,"DAPL-ETCO OPERATIONS MANAGEMENT, LLC",Crude Oil,INTERSTATE,KENTUCKY,,,,,,,,,,,,0.0,,,,,,,,,,,,0.0,,,,,,,,,,,,
2/2/2026,2023.0,20240295.0,21106.0,39205.0,"DAPL-ETCO OPERATIONS MANAGEMENT, LLC",Crude Oil,INTERSTATE,LOUISIANA,,,,,,,,,0.04,0.2,,0.24,,,,,,,,,,,,0.0,,,,,,,,,0.04,0.2,,0.24
2/2/2026,2023.0,20240295.0,21106.0,39205.0,"DAPL-ETCO OPERATIONS MANAGEMENT, LLC",Crude Oil,INTERSTATE,MISSISSIPPI,,,,,,0.13,,,,,,0.13,,,,,,,,,,,,0.0,,,,,,0.13,,,,,,0.13
2/2/2026,2023.0,20240295.0,21106.0,39205.0,"DAPL-ETCO OPERATIONS MANAGEMENT, LLC",Crude Oil,INTERSTATE,NORTH DAKOTA,,,,,,,,,,128.89,,128.89,,,,,,,,,,,,0.0,,,,,,,,,,128.89,,128.89
2/2/2026,2023.0,20240295.0,21106.0,39205.0,"DAPL-ETCO OPERATIONS MANAGEMENT, LLC",Crude Oil,INTERSTATE,SOUTH DAKOTA,,,,,,,,,,,,0.0,,,,,,,,,,,,0.0,,,,,,,,,,,,
2/2/2026,2023.0,20240295.0,21106.0,39205.0,"DAPL-ETCO OPERATIONS MANAGEMENT, LLC",Crude Oil,INTERSTATE,TENNESSEE,,,,,,,,,,,,0.0,,,,,,,,,,,,0.0,,,,,,,,,,,,
2/2/2026,2023.0,20240295.0,21106.0,39205.0,"DAPL-ETCO OPERATIONS MANAGEMENT, LLC",Crude Oil,INTERSTATE,TEXAS,,,,,,,,,0.01,0.04,,0.05,,,,,,,,,,,,0.0,,,,,,,,,0.01,0.04,,0.05
2/2/2026,2023.0,20240140.0,20935.0,39216.0,TALLGRASS MIDSTREAM LLC,HVL,INTERSTATE,COLORADO,0.0,0.0,0.0,0.0,0.0,0.0,0.0,0.0,0.0,18.03,0.0,18.03,0.0,0.0,0.0,0.0,0.0,0.0,0.0,0.0,0.0,0.0,0.0,0.0,0.0,0.0,0.0,0.0,0.0,0.0,0.0,0.0,0.0,18.03,0.0,18.03
2/2/2026,2023.0,20240070.0,20822.0,39221.0,DAKOTA MIDSTREAM,Crude Oil,INTRASTATE,NORTH DAKOTA,,,,,,,,,,20.68,,20.68,,,,,,,,,,0.0,,0.0,,,,,,,,,,20.68,,20.68
2/2/2026,2023.0,20240280.0,21091.0,39229.0,CAMINO REAL GATHERING CO LLC,Crude Oil,INTRASTATE,TEXAS,0.0,0.0,0.0,0.0,0.0,0.0,0.0,0.0,0.0,46.787,0.0,46.787,0.0,0.0,0.0,0.0,0.0,0.0,0.0,0.0,0.0,0.0,0.0,0.0,0.0,0.0,0.0,0.0,0.0,0.0,0.0,0.0,0.0,46.787,0.0,46.787
2/2/2026,2023.0,20240351.0,21165.0,39232.0,MATADOR PRODUCTION COMPANY,Crude Oil,INTRASTATE,TEXAS,,,,,,,,,,,,0.0,,,,,,,,,,,,0.0,,,,,,,,,,,,
2/2/2026,2023.0,20240614.0,21435.0,39241.0,ZENITH ENERGY TERMINALS JOLIET HOLDINGS LLC,Crude Oil,INTRASTATE,ILLINOIS,0.0,0.0,0.0,0.0,0.0,0.0,0.0,0.0,0.0,4.538,0.0,4.538,0.0,0.0,0.0,0.0,0.0,0.0,0.0,0.0,0.0,0.0,0.0,0.0,0.0,0.0,0.0,0.0,0.0,0.0,0.0,0.0,0.0,4.538,0.0,4.538
2/2/2026,2023.0,20240403.0,21217.0,39252.0,"FASKEN OIL AND RANCH, LTD.",Crude Oil,INTRASTATE,TEXAS,,,,,,,,,,,,0.0,,,,,,,,,,,,0.0,,,,,,,,,,,,
2/2/2026,2023.0,20240402.0,21216.0,39252.0,"FASKEN OIL AND RANCH, LTD.",HVL,INTRASTATE,TEXAS,0.0,0.0,0.0,0.0,0.0,0.0,0.0,0.0,0.0,3.07,0.0,3.07,0.0,0.0,0.0,0.0,0.0,0.0,0.0,0.0,0.0,0.0,0.0,0.0,0.0,0.0,0.0,0.0,0.0,0.0,0.0,0.0,0.0,3.07,0.0,3.07
2/2/2026,2023.0,20240002.0,20742.0,39281.0,BROOKS RANGE PETROLEUM CORPORATION,Crude Oil,INTERSTATE,ALASKA,,,,,,,,,,,,0.0,,,,,,,,,,,,0.0,,,,,,,,,,,,
2/2/2026,2023.0,20240235.0,21042.0,39292.0,"TWIN EAGLE MIDSTREAM ASSETS, LLC",Crude Oil,INTERSTATE,WYOMING,,,,,,,,,,4.49,,4.49,,,,,,,,,,,,0.0,,,,,,,,,,4.49,,4.49
2/2/2026,2023.0,20240452.0,21543.0,39303.0,"BASA RESOURCES, INC.",Crude Oil,INTRASTATE,TEXAS,,,,,,,,,,,,0.0,,,,,,,,,,,,0.0,,,,,,,,,,,,
2/2/2026,2023.0,20240339.0,21150.0,39313.0,"MAVERICK TERMINAL THREE RIVERS, LLC",HVL,INTRASTATE,TEXAS,,,,,,,,,,1.77,,1.77,,,,,,,,,,,,0.0,,,,,,,,,,1.77,,1.77
2/2/2026,2023.0,20240416.0,21231.0,39317.0,SCOUT ENERGY MANAGEMENT LLC,CO2,INTRASTATE,COLORADO,,,,,,,11.6,,,,,11.6,,,,,,,,,,,,0.0,,,,,,,11.6,,,,,11.6
2/2/2026,2023.0,20240416.0,21231.0,39317.0,SCOUT ENERGY MANAGEMENT LLC,CO2,INTRASTATE,UTAH,,,,,,,73.5,,,,,73.5,,,,,,,,,,,,0.0,,,,,,,73.5,,,,,73.5
2/2/2026,2023.0,20240416.0,21231.0,39317.0,SCOUT ENERGY MANAGEMENT LLC,CO2,INTRASTATE,WYOMING,,,,,,,44.4,,,,,44.4,,,,,,,,,,,,0.0,,,,,,,44.4,,,,,44.4
2/2/2026,2023.0,20240190.0,20986.0,39325.0,"TALOS ENERGY, LLC",Crude Oil,INTERSTATE,LOUISIANA,,,,,,,,,,,,0.0,,,,,,,,,,,,0.0,,,,,,,,,,,,
2/2/2026,2023.0,20240190.0,20986.0,39325.0,"TALOS ENERGY, LLC",Crude Oil,INTERSTATE,OCS-Gulf of Mexico,,,,,,,,,,,,0.0,,,,,,,,,,,,0.0,,,,,,,,,,,,
2/2/2026,2023.0,20240495.0,21312.0,39336.0,"BR PORT SERVICES, LLC",Crude Oil,INTRASTATE,LOUISIANA,0.0,0.0,0.0,0.0,0.0,0.0,0.0,0.0,0.0,0.02,0.0,0.02,0.0,0.0,0.0,0.0,0.0,0.0,0.0,0.0,0.0,0.0,0.0,0.0,0.0,0.0,0.0,0.0,0.0,0.0,0.0,0.0,0.0,0.02,0.0,0.02
2/2/2026,2023.0,20240575.0,21392.0,39339.0,TINSLEY RESOURCES  LLC,Crude Oil,INTRASTATE,MISSISSIPPI,,,,,,,,,,,,0.0,,,,,,,,,,,,0.0,,,,,,,,,,,,
2/2/2026,2023.0,20240168.0,21610.0,39341.0,"CHALMETTE LOUISIANA LIQUIDS, LLC",HVL,INTRASTATE,LOUISIANA,,,,,,,,,,,,0.0,13.5,,,,,,,,,,,13.5,13.5,,,,,,,,,,,13.5
2/2/2026,2023.0,20240564.0,21381.0,39347.0,"ILLINOIS EXTENSION PIPELINE COMPANY, L.L.C.",Crude Oil,INTERSTATE,ILLINOIS,0.0,0.0,0.0,0.0,0.0,0.0,0.0,0.0,0.0,168.196,0.0,168.196,0.0,0.0,0.0,0.0,0.0,0.0,0.0,0.0,0.0,0.0,0.0,0.0,0.0,0.0,0.0,0.0,0.0,0.0,0.0,0.0,0.0,168.196,0.0,168.196
2/2/2026,2023.0,20240527.0,21344.0,39348.0,"NUSTAR PERMIAN TRANSPORTATION AND STORAGE, LLC",Crude Oil,INTRASTATE,TEXAS,0.0,0.0,0.0,0.0,0.0,0.0,0.0,0.0,0.0,382.91,19.44,402.35,0.0,0.0,0.0,0.0,0.0,0.0,0.0,0.0,0.0,0.0,0.0,0.0,0.0,0.0,0.0,0.0,0.0,0.0,0.0,0.0,0.0,382.91,19.44,402.35
2/2/2026,2023.0,20240038.0,20789.0,39349.0,"USG WHEATLAND PIPELINE, LLC",Crude Oil,INTRASTATE,NORTH DAKOTA,0.0,0.0,0.0,0.0,0.0,0.0,0.0,0.0,0.0,21.143,,21.143,0.0,0.0,0.0,0.0,0.0,0.0,0.0,0.0,0.0,0.0,,0.0,0.0,0.0,0.0,0.0,0.0,0.0,0.0,0.0,0.0,21.143,,21.143
2/2/2026,2023.0,20240026.0,21580.0,39351.0,"MONARCH OIL PIPELINE, LLC",Crude Oil,INTERSTATE,OKLAHOMA,0.0,0.0,0.0,0.0,0.0,0.0,0.0,0.0,0.0,1.4,0.0,1.4,0.0,0.0,0.0,0.0,0.0,0.0,0.0,0.0,0.0,0.0,0.0,0.0,0.0,0.0,0.0,0.0,0.0,0.0,0.0,0.0,0.0,1.4,0.0,1.4
2/2/2026,2023.0,20240026.0,21580.0,39351.0,"MONARCH OIL PIPELINE, LLC",Crude Oil,INTERSTATE,TEXAS,0.0,0.0,0.0,0.0,0.0,0.0,0.0,0.0,0.0,38.3,0.0,38.3,0.0,0.0,0.0,0.0,0.0,0.0,0.0,0.0,0.0,0.0,0.0,0.0,0.0,0.0,0.0,0.0,0.0,0.0,0.0,0.0,0.0,38.3,0.0,38.3
2/2/2026,2023.0,20240026.0,21580.0,39351.0,"MONARCH OIL PIPELINE, LLC",Crude Oil,INTRASTATE,TEXAS,0.0,0.0,0.0,0.0,0.0,0.0,0.0,0.0,0.0,13.25,0.0,13.25,0.0,0.0,0.0,0.0,0.0,0.0,0.0,0.0,0.0,0.0,0.0,0.0,0.0,0.0,0.0,0.0,0.0,0.0,0.0,0.0,0.0,13.25,0.0,13.25
2/2/2026,2023.0,20240496.0,21313.0,39352.0,"GENESIS OFFSHORE HOLDINGS, LLC",Crude Oil,INTERSTATE,LOUISIANA,0.0,0.0,0.0,0.0,0.0,0.0,0.0,0.0,0.0,0.0,0.0,0.0,0.0,0.0,0.0,0.0,0.0,0.0,0.0,0.0,0.0,0.0,0.0,0.0,0.0,0.0,0.0,0.0,0.0,0.0,0.0,0.0,0.0,0.0,0.0,0.0
2/2/2026,2023.0,20240496.0,21313.0,39352.0,"GENESIS OFFSHORE HOLDINGS, LLC",Crude Oil,INTERSTATE,OCS-Gulf of Mexico,0.0,0.0,0.0,0.0,0.0,0.0,0.0,33.76,158.96,0.0,0.0,192.72,0.0,0.0,0.0,0.0,0.0,0.0,0.0,0.0,0.0,0.0,0.0,0.0,0.0,0.0,0.0,0.0,0.0,0.0,0.0,33.76,158.96,0.0,0.0,192.72
2/2/2026,2023.0,20240496.0,21313.0,39352.0,"GENESIS OFFSHORE HOLDINGS, LLC",Crude Oil,INTERSTATE,TEXAS,0.0,0.0,0.0,0.0,0.0,0.0,0.0,0.0,72.78,0.0,3.19,75.97,0.0,0.0,0.0,0.0,0.0,0.0,0.0,0.0,0.0,0.0,0.0,0.0,0.0,0.0,0.0,0.0,0.0,0.0,0.0,0.0,72.78,0.0,3.19,75.97
2/2/2026,2023.0,20240077.0,20834.0,39354.0,ENBRIDGE OFFSHORE FACILITIES,Crude Oil,INTERSTATE,OCS-Gulf of Mexico,,,,,,,,,,,,0.0,,,,,,,,,,,,0.0,,,,,,,,,,,,
2/2/2026,2023.0,20240300.0,21111.0,39368.0,CRESTWOOD MIDSTREAM PARTNERS LP,Crude Oil,INTRASTATE,NORTH DAKOTA,0.0,0.0,0.0,0.0,0.0,0.0,0.0,0.0,0.0,40.7,1.25,41.95,0.0,0.0,0.0,0.0,0.0,0.0,0.0,0.0,0.0,0.0,,0.0,0.0,0.0,0.0,0.0,0.0,0.0,0.0,0.0,0.0,40.7,1.25,41.95
2/2/2026,2023.0,20240300.0,21111.0,39368.0,CRESTWOOD MIDSTREAM PARTNERS LP,Crude Oil,INTRASTATE,TEXAS,0.0,0.0,0.0,0.0,0.0,0.0,0.0,0.0,0.0,0.0,0.0,0.0,0.0,0.0,0.0,0.0,0.0,0.0,0.0,0.0,0.0,0.0,0.0,0.0,0.0,0.0,0.0,0.0,0.0,0.0,0.0,0.0,0.0,0.0,0.0,0.0
2/2/2026,2023.0,20240301.0,21112.0,39368.0,CRESTWOOD MIDSTREAM PARTNERS LP,HVL,INTERSTATE,SOUTH CAROLINA,0.0,0.0,0.0,0.0,0.0,62.7,0.0,0.0,0.0,0.0,0.0,62.7,0.0,0.0,0.0,0.0,0.0,0.0,0.0,0.0,0.0,0.0,0.0,0.0,0.0,0.0,0.0,0.0,0.0,62.7,0.0,0.0,0.0,0.0,0.0,62.7
2/2/2026,2023.0,20240301.0,21112.0,39368.0,CRESTWOOD MIDSTREAM PARTNERS LP,HVL,INTRASTATE,NORTH DAKOTA,0.0,0.0,0.0,0.0,0.0,0.0,0.0,0.0,0.0,2.75,0.0,2.75,0.0,0.0,0.0,0.0,0.0,0.0,0.0,0.0,0.0,0.0,0.0,0.0,0.0,0.0,0.0,0.0,0.0,0.0,0.0,0.0,0.0,2.75,0.0,2.75
2/2/2026,2023.0,20240301.0,21112.0,39368.0,CRESTWOOD MIDSTREAM PARTNERS LP,HVL,INTRASTATE,TEXAS,0.0,0.0,0.0,0.0,0.0,0.0,0.0,0.0,0.0,2.27,0.0,2.27,0.0,0.0,0.0,0.0,0.0,0.0,0.0,0.0,0.0,0.0,0.0,0.0,0.0,0.0,0.0,0.0,0.0,0.0,0.0,0.0,0.0,2.27,0.0,2.27
2/2/2026,2023.0,20240624.0,21445.0,39369.0,ELLSJET TERMINAL,Refined and/or Petroleum Product (non-HVL),INTRASTATE,SOUTH DAKOTA,,,,,,6.51,,,,,,6.51,,,,,,,,,,,,0.0,,,,,,6.51,,,,,,6.51
2/2/2026,2023.0,20240043.0,20794.0,39376.0,"BLUE CUBE OPERATIONS, LLC.",Refined and/or Petroleum Product (non-HVL),INTRASTATE,TEXAS,,,,,,,,,,1.55,,1.55,,,,,,,,,,,,0.0,,,,,,,,,,1.55,,1.55
2/2/2026,2023.0,20240696.0,21518.0,39377.0,"WHITNEY OIL & GAS, LLC",Crude Oil,INTRASTATE,LOUISIANA,,,,,,,,,,,,0.0,,,,,,,,,,,,0.0,,,,,,,,,,,,
2/2/2026,2023.0,20240498.0,21315.0,39389.0,"GEL TEXAS PIPELINE, LLC",Crude Oil,INTERSTATE,TEXAS,0.0,0.0,0.0,0.0,0.0,0.0,0.0,0.0,0.0,25.11,0.0,25.11,0.0,0.0,0.0,0.0,0.0,0.0,0.0,0.0,0.0,0.0,0.0,0.0,0.0,0.0,0.0,0.0,0.0,0.0,0.0,0.0,0.0,25.11,0.0,25.11
2/2/2026,2023.0,20240035.0,20872.0,39398.0,INEOS USA LLC,HVL,INTRASTATE,TEXAS,,,,,,286.51,83.37,24.68,,11.43,1.73,407.72,,,,,,,,,,,,0.0,,,,,,286.51,83.37,24.68,,11.43,1.73,407.72
2/2/2026,2023.0,20240036.0,20873.0,39398.0,INEOS USA LLC,Refined and/or Petroleum Product (non-HVL),INTRASTATE,TEXAS,,,,,,43.27,,24.49,4.4,,,72.16,,,,,,,,,,,,0.0,,,,,,43.27,,24.49,4.4,,,72.16
2/2/2026,2023.0,20240669.0,22515.0,39401.0,GREAT SALT PLAINS PIPELINE LLC,Crude Oil,INTRASTATE,KANSAS,,,,,,,43.81,,0.39,38.53,19.03,101.76,,65.3,23.76,24.97,53.91,63.75,,,,,,231.69,,65.3,23.76,24.97,53.91,63.75,43.81,,0.39,38.53,19.03,333.45
2/2/2026,2023.0,20240669.0,22515.0,39401.0,GREAT SALT PLAINS PIPELINE LLC,Crude Oil,INTRASTATE,OKLAHOMA,,,,,,,,,,139.19,,139.19,,,,,,,,,,,,0.0,,,,,,,,,,139.19,,139.19
2/2/2026,2023.0,20240380.0,21194.0,39409.0,"CHALMETTE REFINING, L.L.C.",Crude Oil,INTRASTATE,LOUISIANA,0.0,0.0,0.0,0.0,0.0,0.0,0.0,0.0,2.1,0.0,,2.1,0.0,0.0,0.0,0.0,0.0,0.0,0.0,0.0,0.0,0.0,,0.0,0.0,0.0,0.0,0.0,0.0,0.0,0.0,0.0,2.1,0.0,,2.1
2/2/2026,2023.0,20240381.0,21195.0,39409.0,"CHALMETTE REFINING, L.L.C.",Refined and/or Petroleum Product (non-HVL),INTRASTATE,LOUISIANA,0.0,0.0,0.0,0.0,0.0,0.0,0.0,1.31,0.0,0.0,,1.31,0.0,0.0,0.0,0.0,0.02,0.0,0.0,0.0,0.0,0.0,,0.02,0.0,0.0,0.0,0.0,0.02,0.0,0.0,1.31,0.0,0.0,,1.33
2/2/2026,2023.0,20240270.0,21080.0,39433.0,"MAGELLAN OPERATING COMPANY, LLC",Crude Oil,INTRASTATE,TEXAS,,,,,,,,,,24.87,,24.87,,,,,,,,,,,,0.0,,,,,,,,,,24.87,,24.87
2/2/2026,2023.0,20240271.0,21081.0,39433.0,"MAGELLAN OPERATING COMPANY, LLC",Refined and/or Petroleum Product (non-HVL),INTRASTATE,TEXAS,,,,,,,,,,6.41,,6.41,,,,,,,,,,,,0.0,,,,,,,,,,6.41,,6.41
2/2/2026,2023.0,20240013.0,20763.0,39436.0,INDORAMA VENTURES OLEFINS LLC,HVL,INTERSTATE,LOUISIANA,,,,,,,,,,,,0.0,,,,32.5,,,,,,,,32.5,,,,32.5,,,,,,,,32.5
2/2/2026,2023.0,20240013.0,20763.0,39436.0,INDORAMA VENTURES OLEFINS LLC,HVL,INTERSTATE,TEXAS,,,,,,,,,,,,0.0,,,,,,,,,,,,0.0,,,,,,,,,,,,
2/2/2026,2023.0,20240013.0,20763.0,39436.0,INDORAMA VENTURES OLEFINS LLC,HVL,INTRASTATE,LOUISIANA,,,,,,,,,,,,0.0,,,,,,,,,,,,0.0,,,,,,,,,,,,
2/2/2026,2023.0,20240283.0,21094.0,39440.0,DOUBLE H,Crude Oil,INTERSTATE,MONTANA,0.0,0.0,0.0,0.0,0.0,0.0,0.0,0.0,0.0,266.658,,266.658,0.0,0.0,0.0,0.0,0.0,0.0,0.0,0.0,0.0,0.0,,0.0,0.0,0.0,0.0,0.0,0.0,0.0,0.0,0.0,0.0,266.658,,266.658
2/2/2026,2023.0,20240283.0,21094.0,39440.0,DOUBLE H,Crude Oil,INTERSTATE,NORTH DAKOTA,0.0,0.0,0.0,0.0,0.0,0.0,0.0,0.0,0.0,0.876,0.0,0.876,0.0,0.0,0.0,0.0,0.0,0.0,0.0,0.0,0.0,0.0,0.0,0.0,0.0,0.0,0.0,0.0,0.0,0.0,0.0,0.0,0.0,0.876,0.0,0.876
2/2/2026,2023.0,20240283.0,21094.0,39440.0,DOUBLE H,Crude Oil,INTERSTATE,WYOMING,0.0,0.0,0.0,0.0,0.0,0.0,0.0,0.0,0.0,244.675,0.0,244.675,0.0,0.0,0.0,0.0,0.0,0.0,0.0,0.0,0.0,0.0,0.0,0.0,0.0,0.0,0.0,0.0,0.0,0.0,0.0,0.0,0.0,244.675,0.0,244.675
2/2/2026,2023.0,20240283.0,21094.0,39440.0,DOUBLE H,Crude Oil,INTRASTATE,WYOMING,0.0,0.0,0.0,0.0,0.0,0.0,0.0,0.0,0.0,0.274,0.0,0.274,0.0,0.0,0.0,0.0,0.0,0.0,0.0,0.0,0.0,0.0,0.0,0.0,0.0,0.0,0.0,0.0,0.0,0.0,0.0,0.0,0.0,0.274,0.0,0.274
2/2/2026,2023.0,20240302.0,21113.0,39462.0,"BAYOU BRIDGE PIPELINE, LLC",Crude Oil,INTERSTATE,LOUISIANA,0.0,0.0,0.0,0.0,0.0,0.0,0.0,0.0,0.0,163.1,0.0,163.1,0.0,0.0,0.0,0.0,0.0,0.0,0.0,0.0,0.0,0.0,0.0,0.0,0.0,0.0,0.0,0.0,0.0,0.0,0.0,0.0,0.0,163.1,0.0,163.1
2/2/2026,2023.0,20240302.0,21113.0,39462.0,"BAYOU BRIDGE PIPELINE, LLC",Crude Oil,INTERSTATE,TEXAS,0.0,0.0,0.0,0.0,0.0,0.0,0.0,0.0,0.0,0.0,0.0,0.0,0.0,0.0,0.0,0.0,0.0,0.0,0.0,0.0,0.0,0.0,0.0,0.0,0.0,0.0,0.0,0.0,0.0,0.0,0.0,0.0,0.0,0.0,0.0,0.0
2/2/2026,2023.0,20240191.0,20987.0,39467.0,"KURARAY AMERICA, INC.",HVL,INTRASTATE,TEXAS,,,,,,,,,,,,0.0,,,,,,,,,,,,0.0,,,,,,,,,,,,
2/2/2026,2023.0,20240352.0,21166.0,39474.0,"ENBRIDGE INGLESIDE, LLC",Crude Oil,INTRASTATE,TEXAS,0.0,0.0,0.0,0.0,0.0,0.0,0.0,0.0,0.0,29.914,0.0,29.914,0.0,0.0,0.0,0.0,0.0,0.0,0.0,0.0,0.0,0.0,0.0,0.0,0.0,0.0,0.0,0.0,0.0,0.0,0.0,0.0,0.0,29.914,0.0,29.914
2/2/2026,2023.0,20240353.0,21167.0,39474.0,"ENBRIDGE INGLESIDE, LLC",HVL,INTRASTATE,TEXAS,0.0,0.0,0.0,0.0,0.0,0.0,0.0,0.0,0.0,18.185,0.0,18.185,0.0,0.0,0.0,0.0,0.0,0.0,0.0,0.0,0.0,0.0,0.0,0.0,0.0,0.0,0.0,0.0,0.0,0.0,0.0,0.0,0.0,18.185,0.0,18.185
2/2/2026,2023.0,20240609.0,21547.0,39476.0,"BRAZOS MIDSTREAM OPERATING, LLC",HVL,INTRASTATE,TEXAS,,,,,,,,,,12.37,,12.37,,,,,,,,,,,,0.0,,,,,,,,,,12.37,,12.37
2/2/2026,2023.0,20240487.0,21304.0,39477.0,"KEYERA ENERGY, INC.",Crude Oil,INTRASTATE,OKLAHOMA,,,,,,,,,,,2.44,2.44,,,,,,,,,,,,0.0,,,,,,,,,,,2.44,2.44
2/2/2026,2023.0,20240391.0,21205.0,39487.0,COPANO PROCESSING LLC,HVL,INTRASTATE,TEXAS,0.0,0.0,0.0,0.0,0.0,0.0,0.0,0.0,0.0,2.7,0.0,2.7,0.0,0.0,0.0,0.0,0.0,0.0,0.0,0.0,0.0,0.0,0.0,0.0,0.0,0.0,0.0,0.0,0.0,0.0,0.0,0.0,0.0,2.7,0.0,2.7
2/2/2026,2023.0,20240030.0,20781.0,39491.0,EQT PRODUCTION,HVL,INTRASTATE,WEST VIRGINIA,,,,,,,,,,,4.52,4.52,,,,,,,,,,,,0.0,,,,,,,,,,,4.52,4.52
2/2/2026,2023.0,20240171.0,21660.0,39492.0,"CELANESE CHEMICALS, INC",HVL,INTRASTATE,TEXAS,,,,,,,,,,,,0.0,,,,,,,,,,,,0.0,,,,,,,,,,,,
2/2/2026,2023.0,20240331.0,21142.0,39492.0,"CELANESE CHEMICALS, INC",Refined and/or Petroleum Product (non-HVL),INTRASTATE,TEXAS,,,,,,,,,,,,0.0,,,,,,,,,,,,0.0,,,,,,,,,,,,
2/2/2026,2023.0,20240269.0,21079.0,39504.0,"MAGELLAN CRUDE OIL PIPELINE COMPANY, L.P.",Crude Oil,INTERSTATE,TEXAS,,,,,,0.08,1.32,14.08,26.72,16.6,0.17,58.97,,,25.19,,0.01,,,,,,,25.2,,,25.19,,0.01,0.08,1.32,14.08,26.72,16.6,0.17,84.17
2/2/2026,2023.0,20240269.0,21079.0,39504.0,"MAGELLAN CRUDE OIL PIPELINE COMPANY, L.P.",Crude Oil,INTRASTATE,TEXAS,,,,,,0.01,1.57,2.1,2.05,66.79,1.9,74.42,,,13.49,0.01,0.23,0.33,,,,,,14.06,,,13.49,0.01,0.23,0.34,1.57,2.1,2.05,66.79,1.9,88.48
2/2/2026,2023.0,20240211.0,21018.0,39506.0,PEAK MIDSTREAM GOLDSBORO LLC,Refined and/or Petroleum Product (non-HVL),INTRASTATE,NORTH CAROLINA,,,,,5.61,,,,,0.01,,5.62,0.0,,,,,,,,,,,0.0,0.0,,,,5.61,,,,,0.01,,5.62
2/2/2026,2023.0,20240598.0,21415.0,39509.0,"ITC PIPELINE COMPANY, LLC",Refined and/or Petroleum Product (non-HVL),INTRASTATE,TEXAS,,,,,,,,,11.7,,,11.7,,,,,,,,,,,,0.0,,,,,,,,,11.7,,,11.7
2/2/2026,2023.0,20240222.0,21029.0,39518.0,KINDER MORGAN UTOPIA LLC,HVL,INTERSTATE,MICHIGAN,,,,,,58.919,,,0.765,0.333,0.001,60.018,,,,,,,,,,,,0.0,,,,,,58.919,,,0.765,0.333,0.001,60.018
2/2/2026,2023.0,20240222.0,21029.0,39518.0,KINDER MORGAN UTOPIA LLC,HVL,INTERSTATE,OHIO,,,,,,56.324,,,,149.439,,205.763,,,,,,,,,,,,0.0,,,,,,56.324,,,,149.439,,205.763
2/2/2026,2023.0,20240382.0,21196.0,39532.0,TORRANCE BASIN PIPELINE COMPANY LLC,Crude Oil,INTRASTATE,CALIFORNIA,0.0,0.0,0.0,0.0,0.0,0.0,1.69,0.63,0.8,0.08,,3.2,0.0,0.33,0.86,2.4,2.8,2.29,0.0,0.0,0.0,0.0,,8.68,0.0,0.33,0.86,2.4,2.8,2.29,1.69,0.63,0.8,0.08,,11.88
2/2/2026,2023.0,20240383.0,21197.0,39532.0,TORRANCE BASIN PIPELINE COMPANY LLC,Refined and/or Petroleum Product (non-HVL),INTRASTATE,CALIFORNIA,0.0,0.0,0.0,0.0,0.0,0.0,0.0,2.45,0.74,0.01,0.0,3.2,0.0,0.0,0.0,0.55,1.19,0.13,0.0,0.0,0.0,0.0,0.0,1.87,0.0,0.0,0.0,0.55,1.19,0.13,0.0,2.45,0.74,0.01,0.0,5.07
2/2/2026,2023.0,20240384.0,21198.0,39533.0,TORRANCE LOGISTICS COMPANY LLC,Crude Oil,INTRASTATE,CALIFORNIA,0.0,0.0,0.0,0.0,0.0,0.0,0.0,0.0,0.0,0.0,,0.0,0.0,0.0,0.0,0.0,0.82,0.0,0.0,0.0,0.0,0.0,,0.82,0.0,0.0,0.0,0.0,0.82,0.0,0.0,0.0,0.0,0.0,,0.82
2/2/2026,2023.0,20240385.0,21199.0,39533.0,TORRANCE LOGISTICS COMPANY LLC,Refined and/or Petroleum Product (non-HVL),INTRASTATE,CALIFORNIA,,,,,,,,,,,,0.0,,,,,,,,,,,,0.0,,,,,,,,,,,,
2/2/2026,2023.0,20240386.0,21200.0,39534.0,TORRANCE VALLEY PIPELINE COMPANY LLC,Crude Oil,INTRASTATE,CALIFORNIA,0.0,0.0,0.0,0.0,0.0,0.0,32.34,140.04,2.19,1.75,0.0,176.32,0.0,0.0,0.0,0.0,0.0,5.14,0.0,0.0,0.0,0.0,0.0,5.14,0.0,0.0,0.0,0.0,0.0,5.14,32.34,140.04,2.19,1.75,0.0,181.46
2/2/2026,2023.0,20240387.0,21201.0,39535.0,TORRANCE PIPELINE COMPANY LLC,Crude Oil,INTRASTATE,CALIFORNIA,0.0,0.0,0.0,0.0,0.0,0.0,0.04,0.5,0.0,0.35,0.0,0.89,0.0,0.0,0.0,0.0,0.0,0.0,0.0,0.0,0.0,0.0,0.0,0.0,0.0,0.0,0.0,0.0,0.0,0.0,0.04,0.5,0.0,0.35,0.0,0.89
2/2/2026,2023.0,20240388.0,21202.0,39535.0,TORRANCE PIPELINE COMPANY LLC,Refined and/or Petroleum Product (non-HVL),INTRASTATE,CALIFORNIA,0.0,0.0,0.0,0.0,0.0,0.0,5.87,2.41,5.74,1.17,,15.19,0.0,0.0,5.45,13.08,15.31,32.5,0.0,0.0,0.0,0.0,,66.34,0.0,0.0,5.45,13.08,15.31,32.5,5.87,2.41,5.74,1.17,,81.53
2/2/2026,2023.0,20240670.0,21491.0,39540.0,"ARB MIDSTREAM, LLC",Crude Oil,INTRASTATE,COLORADO,0.0,0.0,0.0,0.0,0.0,0.0,0.0,0.0,0.0,144.96,1.67,146.63,0.0,0.0,0.0,0.0,0.0,0.0,0.0,0.0,0.0,0.0,0.0,0.0,0.0,0.0,0.0,0.0,0.0,0.0,0.0,0.0,0.0,144.96,1.67,146.63
2/2/2026,2023.0,20240571.0,21388.0,39551.0,"STAKEHOLDER MIDSTREAM CRUDE OIL PIPELINE, LLC",Crude Oil,INTRASTATE,TEXAS,,,,,,,,,,23.66,,23.66,,,,,,,,,,,,0.0,,,,,,,,,,23.66,,23.66
2/2/2026,2023.0,20240651.0,21639.0,39556.0,ISLAND ENERGY SERVICES,Refined and/or Petroleum Product (non-HVL),INTRASTATE,HAWAII,,,,,,,,,0.526,,1.45,1.976,,,,18.391,,,,,,,,18.391,,,,18.391,,,,,0.526,,1.45,20.367
2/2/2026,2023.0,20240204.0,21431.0,39566.0,TARGA NORTHERN DELAWARE LLC,HVL,INTRASTATE,NEW MEXICO,0.0,0.0,0.0,0.0,0.0,0.0,0.0,0.0,0.0,27.54,1.43,28.97,0.0,0.0,0.0,0.0,0.0,0.0,0.0,0.0,0.0,0.0,,0.0,0.0,0.0,0.0,0.0,0.0,0.0,0.0,0.0,0.0,27.54,1.43,28.97
2/2/2026,2023.0,20240207.0,21009.0,39581.0,CALIBER BEAR DEN INTERCONNECT LLC,Crude Oil,INTRASTATE,NORTH DAKOTA,,,,,,,,,,5.7,,5.7,,,,,,,,,,,,0.0,,,,,,,,,,5.7,,5.7
2/2/2026,2023.0,20240097.0,20862.0,39587.0,"SAVAGE BAKKEN CONNECTOR, INC",Crude Oil,INTERSTATE,NORTH DAKOTA,0.0,0.0,0.0,0.0,0.0,0.0,0.0,0.0,0.0,2.05,0.0,2.05,0.0,0.0,0.0,0.0,0.0,0.0,0.0,0.0,0.0,0.0,0.0,0.0,0.0,0.0,0.0,0.0,0.0,0.0,0.0,0.0,0.0,2.05,0.0,2.05
2/2/2026,2023.0,20240344.0,21155.0,39589.0,"STATELINE CRUDE, LLC",Crude Oil,INTERSTATE,NEW MEXICO,,,,,,,,,,4.58,,4.58,,,,,,,,,,,,0.0,,,,,,,,,,4.58,,4.58
2/2/2026,2023.0,20240344.0,21155.0,39589.0,"STATELINE CRUDE, LLC",Crude Oil,INTERSTATE,TEXAS,,,,,,,,,,19.23,,19.23,,,,,,,,,,,,0.0,,,,,,,,,,19.23,,19.23
2/2/2026,2023.0,20240306.0,21117.0,39593.0,QEP ENERGY COMPANY,Crude Oil,INTRASTATE,TEXAS,0.0,0.0,0.0,0.0,0.0,0.0,0.0,0.0,0.0,0.0,0.0,0.0,0.0,0.0,0.0,0.0,0.0,0.0,0.0,0.0,0.0,0.0,0.0,0.0,0.0,0.0,0.0,0.0,0.0,0.0,0.0,0.0,0.0,0.0,0.0,0.0
2/2/2026,2023.0,20240303.0,21114.0,39596.0,PERMIAN EXPRESS PARTNERS LLC,Crude Oil,INTERSTATE,ARKANSAS,0.0,0.0,0.0,0.0,0.0,0.06,0.0,0.13,0.43,0.61,0.16,1.39,0.0,0.0,152.32,7.92,0.0,0.0,0.0,0.0,0.0,0.0,0.0,160.24,0.0,0.0,152.32,7.92,0.0,0.06,0.0,0.13,0.43,0.61,0.16,161.63
2/2/2026,2023.0,20240303.0,21114.0,39596.0,PERMIAN EXPRESS PARTNERS LLC,Crude Oil,INTERSTATE,ILLINOIS,0.0,0.0,0.0,0.0,0.0,0.0,0.0,0.98,0.14,0.0,0.0,1.12,0.0,0.0,57.48,0.0,0.0,0.0,0.0,0.0,0.0,0.0,0.0,57.48,0.0,0.0,57.48,0.0,0.0,0.0,0.0,0.98,0.14,0.0,0.0,58.6
2/2/2026,2023.0,20240303.0,21114.0,39596.0,PERMIAN EXPRESS PARTNERS LLC,Crude Oil,INTERSTATE,LOUISIANA,0.0,0.0,0.0,0.0,0.0,14.37,1.17,0.68,25.5,0.84,0.0,42.56,0.0,0.0,0.0,119.02,0.0,2.17,0.0,0.0,0.0,0.0,,121.19,0.0,0.0,0.0,119.02,0.0,16.54,1.17,0.68,25.5,0.84,0.0,163.75
2/2/2026,2023.0,20240303.0,21114.0,39596.0,PERMIAN EXPRESS PARTNERS LLC,Crude Oil,INTERSTATE,MISSOURI,0.0,0.0,0.0,0.0,0.0,0.0,0.0,0.0,0.37,0.0,0.0,0.37,0.0,0.0,57.56,0.0,0.0,0.0,0.0,0.0,0.0,0.0,0.0,57.56,0.0,0.0,57.56,0.0,0.0,0.0,0.0,0.0,0.37,0.0,0.0,57.93
2/2/2026,2023.0,20240303.0,21114.0,39596.0,PERMIAN EXPRESS PARTNERS LLC,Crude Oil,INTERSTATE,TEXAS,0.0,0.0,0.0,0.0,0.0,5.84,26.51,35.33,3.86,342.62,0.37,414.53,0.0,0.0,136.43,153.0,4.25,16.52,0.0,0.0,0.0,0.0,0.0,310.2,0.0,0.0,136.43,153.0,4.25,22.36,26.51,35.33,3.86,342.62,0.37,724.73
2/2/2026,2023.0,20240303.0,21114.0,39596.0,PERMIAN EXPRESS PARTNERS LLC,Crude Oil,INTRASTATE,OKLAHOMA,0.0,0.0,0.0,0.0,0.0,0.0,0.0,0.0,0.0,0.0,0.0,0.0,0.0,0.0,0.0,0.0,2.27,0.0,0.0,0.0,0.0,0.0,0.0,2.27,0.0,0.0,0.0,0.0,2.27,0.0,0.0,0.0,0.0,0.0,0.0,2.27
2/2/2026,2023.0,20240303.0,21114.0,39596.0,PERMIAN EXPRESS PARTNERS LLC,Crude Oil,INTRASTATE,TEXAS,0.0,0.0,0.0,0.0,0.0,2.61,0.0,0.09,0.21,2.09,0.0,5.0,0.0,0.0,0.0,22.8,0.0,0.0,0.0,0.0,0.0,0.0,0.0,22.8,0.0,0.0,0.0,22.8,0.0,2.61,0.0,0.09,0.21,2.09,0.0,27.8
2/2/2026,2023.0,20240304.0,21115.0,39596.0,PERMIAN EXPRESS PARTNERS LLC,HVL,INTRASTATE,OKLAHOMA,0.0,0.0,0.0,0.0,0.0,0.0,0.0,0.0,0.0,0.0,0.0,0.0,0.0,0.0,0.0,0.0,0.0,0.0,0.0,0.0,0.0,0.0,0.0,0.0,0.0,0.0,0.0,0.0,0.0,0.0,0.0,0.0,0.0,0.0,0.0,0.0
2/2/2026,2023.0,20240042.0,20793.0,39600.0,VAQUERO PERMIAN PROCESSING LLC,HVL,INTRASTATE,TEXAS,,,,,,,,,,3.265,0.0,3.265,,,,,,,,,,,0.0,0.0,,,,,,,,,,3.265,0.0,3.265
2/2/2026,2023.0,20240704.0,21528.0,39610.0,"CPE GATHERING MIDCON, LLC",Crude Oil,INTRASTATE,OKLAHOMA,0.0,0.0,0.0,0.0,0.0,0.0,0.0,0.0,0.0,16.76,0.0,16.76,0.0,0.0,0.0,0.0,0.0,0.0,0.0,0.0,0.0,0.0,0.0,0.0,0.0,0.0,0.0,0.0,0.0,0.0,0.0,0.0,0.0,16.76,0.0,16.76
2/2/2026,2023.0,20240225.0,21032.0,39617.0,EQUILON ENTERPRISES LLC DBA SHELL OIL PRODUCTS US - CONVENT REFINERY,HVL,INTRASTATE,LOUISIANA,0.0,0.0,0.0,0.0,0.0,0.0,0.0,0.0,0.0,0.0,,0.0,0.0,0.0,0.0,0.0,20.7,0.0,0.0,0.0,0.0,0.0,,20.7,0.0,0.0,0.0,0.0,20.7,0.0,0.0,0.0,0.0,0.0,,20.7
2/2/2026,2023.0,20240375.0,21224.0,39636.0,"CARBON CALIFORNIA OPERATING COMPANY, LLC",Crude Oil,INTRASTATE,CALIFORNIA,0.0,0.0,0.0,0.0,3.7,0.0,0.0,0.0,0.0,0.0,0.0,3.7,0.0,0.0,0.0,0.0,0.0,0.0,0.0,0.0,0.0,0.0,0.0,0.0,0.0,0.0,0.0,0.0,3.7,0.0,0.0,0.0,0.0,0.0,0.0,3.7
2/2/2026,2023.0,20240078.0,20835.0,39637.0,UTAH GAS OP LTD DBA UTAH GAS CORP,HVL,INTERSTATE,COLORADO,,,,,,,,15.1,,,,15.1,,,,,,,,,,,,0.0,,,,,,,,15.1,,,,15.1
2/2/2026,2023.0,20240078.0,20835.0,39637.0,UTAH GAS OP LTD DBA UTAH GAS CORP,HVL,INTERSTATE,UTAH,,,,,,,,1.6,,,,1.6,,,,,,,,,,,,0.0,,,,,,,,1.6,,,,1.6
2/2/2026,2023.0,20240611.0,21429.0,39639.0,TANKS R US,Refined and/or Petroleum Product (non-HVL),INTRASTATE,MICHIGAN,,,,,,,,,,,,0.0,,,,,,,,,,,,0.0,,,,,,,,,,,,
2/2/2026,2023.0,20240167.0,20963.0,39647.0,VALERO TEXAS CITY REFINERY,Refined and/or Petroleum Product (non-HVL),INTRASTATE,TEXAS,,,,,,,,,3.39,0.02,,3.41,,,,,1.78,,,,,,,1.78,,,,,1.78,,,,3.39,0.02,,5.19
2/2/2026,2023.0,20240681.0,21503.0,39648.0,VALERO HOUSTON REFINERY,Crude Oil,INTRASTATE,TEXAS,,,,,,,,,,,,0.0,,,,1.069,0.163,,,,,,,1.232,,,,1.069,0.163,,,,,,,1.232
2/2/2026,2023.0,20240683.0,21505.0,39648.0,VALERO HOUSTON REFINERY,HVL,INTRASTATE,TEXAS,,,,,,,,0.963,,,,0.963,,,,,,0.016,,,,,,0.016,,,,,,0.016,,0.963,,,,0.979
2/2/2026,2023.0,20240682.0,21504.0,39648.0,VALERO HOUSTON REFINERY,Refined and/or Petroleum Product (non-HVL),INTRASTATE,TEXAS,,,,,,,,4.379,0.127,4.524,,9.03,,,,,,,,,,,,0.0,,,,,,,,4.379,0.127,4.524,,9.03
2/2/2026,2023.0,20240104.0,21614.0,39649.0,"IRONWOOD MIDSTREAM ENERGY PARTNERS, LLC",Crude Oil,INTRASTATE,TEXAS,,,,,,,,,,48.183,25.376,73.559,,,,,,,,,,,,0.0,,,,,,,,,,48.183,25.376,73.559
2/2/2026,2023.0,20240185.0,21561.0,39654.0,ORYX DELAWARE OIL TRANSPORT LLC,Crude Oil,INTERSTATE,NEW MEXICO,17.0,,,,,,,,,113.82,8.37,139.19,,,,,,,,,,,,0.0,17.0,,,,,,,,,113.82,8.37,139.19
2/2/2026,2023.0,20240185.0,21561.0,39654.0,ORYX DELAWARE OIL TRANSPORT LLC,Crude Oil,INTERSTATE,TEXAS,1.17,,,,,,,,,505.24,0.63,507.04,,,,,,,,,,,,0.0,1.17,,,,,,,,,505.24,0.63,507.04
2/2/2026,2023.0,20240185.0,21561.0,39654.0,ORYX DELAWARE OIL TRANSPORT LLC,Crude Oil,INTRASTATE,TEXAS,,,,,,,,,,,,0.0,,,,,,,,,,,,0.0,,,,,,,,,,,,
2/2/2026,2023.0,20240127.0,20903.0,39663.0,ALA ENERGY LLC,HVL,INTRASTATE,WASHINGTON,,,,,,0.41,,,,,,0.41,,,,,,,,,,,,0.0,,,,,,0.41,,,,,,0.41
2/2/2026,2023.0,20240166.0,20962.0,39666.0,FORMULA MIDSTREAM PARTNERS LLC,Crude Oil,INTRASTATE,TEXAS,,,,,,,,,,22.15,,22.15,,,,,,,,,,,,0.0,,,,,,,,,,22.15,,22.15
2/2/2026,2023.0,20240090.0,20851.0,39675.0,"SCT PIPELINE, LLC",Crude Oil,INTRASTATE,OKLAHOMA,,,,,,,,,,17.49,0.0,17.49,,,,,,,,,,,0.0,0.0,,,,,,,,,,17.49,0.0,17.49
2/2/2026,2023.0,20240467.0,21284.0,39684.0,ROCKY MOUNTAIN MIDSTREAM PIPELINE LLC,Crude Oil,INTRASTATE,COLORADO,0.0,0.0,0.0,0.0,0.0,0.0,0.0,0.0,0.0,51.316,5.493,56.809,0.0,0.0,0.0,0.0,0.0,0.0,0.0,0.0,0.0,,,0.0,0.0,0.0,0.0,0.0,0.0,0.0,0.0,0.0,0.0,51.316,5.493,56.809
2/2/2026,2023.0,20240468.0,21285.0,39684.0,ROCKY MOUNTAIN MIDSTREAM PIPELINE LLC,HVL,INTRASTATE,COLORADO,,,,,,,,,,22.06,,22.06,,,,,,,,,,,,0.0,,,,,,,,,,22.06,,22.06
2/2/2026,2023.0,20240003.0,20743.0,39694.0,"BRIDGE ENERGY, LLC",Crude Oil,INTRASTATE,CALIFORNIA,,,,,,,,,,,,0.0,,,,,,,,,,,,0.0,,,,,,,,,,,,
2/2/2026,2023.0,20240138.0,20933.0,39698.0,EXTEX OPERATING COMPANY,Crude Oil,INTRASTATE,LOUISIANA,,,,,,,,,,,,0.0,,,,,,,,,,,,0.0,,,,,,,,,,,,
2/2/2026,2023.0,20240706.0,21531.0,39713.0,CANTIUM. LLC,Crude Oil,INTERSTATE,LOUISIANA,,,,,,,,,,,,0.0,,,,,,,,,,,,0.0,,,,,,,,,,,,
2/2/2026,2023.0,20240706.0,21531.0,39713.0,CANTIUM. LLC,Crude Oil,INTERSTATE,OCS-Gulf of Mexico,,,,,,,,,,,,0.0,,,,,,,,,,,,0.0,,,,,,,,,,,,
2/2/2026,2023.0,20240199.0,21000.0,39731.0,VANTAGE PIPELINE US LP,HVL,INTERSTATE,NORTH DAKOTA,,,,,,,,,,127.11,,127.11,,,,,,,,,,,,0.0,,,,,,,,,,127.11,,127.11
2/2/2026,2023.0,20240153.0,20949.0,39739.0,OCELOT ENERGY MANAGEMENT LLC,Refined and/or Petroleum Product (non-HVL),INTRASTATE,TEXAS,,,,,,,,,16.71,,,16.71,,,,,,,,,,,,0.0,,,,,,,,,16.71,,,16.71
2/2/2026,2023.0,20240674.0,21785.0,39746.0,ELEVATION MIDSTREAM,Crude Oil,INTRASTATE,COLORADO,,,,,,,,,,11.928,5.174,17.102,,,,,,,,,,,,0.0,,,,,,,,,,11.928,5.174,17.102
2/2/2026,2023.0,20240570.0,21387.0,39752.0,"STAKEHOLDER GAS UTILITY, LLC",HVL,INTRASTATE,TEXAS,,,,,,,,,,36.2,,36.2,,,,,,,,,,,,0.0,,,,,,,,,,36.2,,36.2
2/2/2026,2023.0,20240470.0,21287.0,39753.0,WILLIAMS FRONT RANGE LLC,HVL,INTRASTATE,COLORADO,,,,,,,,,,3.005,,3.005,,,,,,,,,,,,0.0,,,,,,,,,,3.005,,3.005
2/2/2026,2023.0,20240600.0,21613.0,39754.0,CAPTUREPOINT LLC,CO2,INTERSTATE,KANSAS,0.0,0.0,0.0,0.0,0.0,0.0,0.0,0.0,0.0,14.89,0.0,14.89,0.0,0.0,0.0,0.0,0.0,0.0,0.0,0.0,0.0,0.0,0.0,0.0,0.0,0.0,0.0,0.0,0.0,0.0,0.0,0.0,0.0,14.89,0.0,14.89
2/2/2026,2023.0,20240600.0,21613.0,39754.0,CAPTUREPOINT LLC,CO2,INTERSTATE,OKLAHOMA,0.0,0.0,0.0,0.0,0.0,1.44,0.0,0.0,7.47,62.12,0.0,71.03,0.0,0.0,0.0,0.0,37.26,0.0,0.0,0.0,0.0,0.0,0.0,37.26,0.0,0.0,0.0,0.0,37.26,1.44,0.0,0.0,7.47,62.12,0.0,108.29
2/2/2026,2023.0,20240600.0,21613.0,39754.0,CAPTUREPOINT LLC,CO2,INTERSTATE,TEXAS,0.0,0.0,0.0,0.0,0.0,23.07,0.0,0.0,51.82,14.4,0.0,89.29,0.0,0.0,0.0,0.0,30.14,0.0,0.0,0.0,0.0,0.0,0.0,30.14,0.0,0.0,0.0,0.0,30.14,23.07,0.0,0.0,51.82,14.4,0.0,119.43
2/2/2026,2023.0,20240600.0,21613.0,39754.0,CAPTUREPOINT LLC,CO2,INTRASTATE,TEXAS,0.0,0.0,0.0,0.0,0.0,0.0,0.0,0.0,0.0,14.24,0.0,14.24,0.0,0.0,0.0,0.0,0.0,0.0,0.0,0.0,0.0,0.0,0.0,0.0,0.0,0.0,0.0,0.0,0.0,0.0,0.0,0.0,0.0,14.24,0.0,14.24
2/2/2026,2023.0,20240338.0,21159.0,39760.0,"THE DOW CHEMICAL COMPANY, SDO",HVL,INTRASTATE,TEXAS,0.0,0.0,0.0,0.0,0.0,3.1,0.0,0.0,0.0,0.01,0.0,3.11,0.0,0.0,0.0,0.0,0.0,1.53,0.0,1.49,0.0,0.0,1.39,4.41,0.0,0.0,0.0,0.0,0.0,4.63,0.0,1.49,0.0,0.01,1.39,7.52
2/2/2026,2023.0,20240347.0,21158.0,39760.0,"THE DOW CHEMICAL COMPANY, SDO",Refined and/or Petroleum Product (non-HVL),INTRASTATE,TEXAS,0.0,0.0,0.0,0.0,0.0,0.0,0.0,0.0,0.0,0.2,0.0,0.2,0.0,0.0,0.0,0.0,0.0,0.99,0.34,0.0,0.0,0.02,0.03,1.38,0.0,0.0,0.0,0.0,0.0,0.99,0.34,0.0,0.0,0.22,0.03,1.58
2/2/2026,2023.0,20240008.0,20751.0,39771.0,ELK OPERATING SERVICES LLC,CO2,INTERSTATE,COLORADO,,,,,,,,,,,0.0,0.0,,,,,,,12.1,,,,0.0,12.1,,,,,,,12.1,,,,0.0,12.1
2/2/2026,2023.0,20240008.0,20751.0,39771.0,ELK OPERATING SERVICES LLC,CO2,INTERSTATE,UTAH,,,,,,,,,,,0.0,0.0,,,,,,,,,,,0.0,0.0,,,,,,,,,,,0.0,0.0
2/2/2026,2023.0,20240082.0,20840.0,39774.0,"GLASS MOUNTAIN PIPELINE, LLC",Crude Oil,INTRASTATE,OKLAHOMA,,,,,,,,,,,,0.0,,,,,,,,,,,,0.0,,,,,,,,,,,,
2/2/2026,2023.0,20240145.0,20941.0,39785.0,"EPIC CONSOLIDATED OPERATIONS, LLC",Crude Oil,INTRASTATE,TEXAS,,,,,,,,,,101.18,772.24,873.42,,,,,,,,,,,,0.0,,,,,,,,,,101.18,772.24,873.42
2/2/2026,2023.0,20240147.0,20943.0,39785.0,"EPIC CONSOLIDATED OPERATIONS, LLC",HVL,INTERSTATE,NEW MEXICO,,,,,,,,,,19.9,,19.9,,,,,,,,,,,,0.0,,,,,,,,,,19.9,,19.9
2/2/2026,2023.0,20240147.0,20943.0,39785.0,"EPIC CONSOLIDATED OPERATIONS, LLC",HVL,INTERSTATE,TEXAS,,,,,,,,,,7.59,1.41,9.0,,,,,,,,,,,,0.0,,,,,,,,,,7.59,1.41,9.0
2/2/2026,2023.0,20240147.0,20943.0,39785.0,"EPIC CONSOLIDATED OPERATIONS, LLC",HVL,INTRASTATE,TEXAS,,,,,,,,,,715.18,467.12,1182.3,,,,,,,,,,,,0.0,,,,,,,,,,715.18,467.12,1182.3
2/2/2026,2023.0,20240146.0,20942.0,39785.0,"EPIC CONSOLIDATED OPERATIONS, LLC",Refined and/or Petroleum Product (non-HVL),INTRASTATE,TEXAS,,,,,,,,,,6.86,2.6,9.46,,,,,,,,,,,,0.0,,,,,,,,,,6.86,2.6,9.46
2/2/2026,2023.0,20240084.0,21616.0,39794.0,"GULFMARK ENERGY, INC.",Crude Oil,INTRASTATE,TEXAS,,,,,,,,,,,,0.0,,,,,,,,,,,,0.0,,,,,,,,,,,,
2/2/2026,2023.0,20250002.0,21648.0,39803.0,"MAJOR MIDSTREAM OPERATING PARTNERS, LLC",HVL,INTRASTATE,TEXAS,,,,,,,,,,,,0.0,,,,,,,,,,,,0.0,,,,,,,,,,,,
2/2/2026,2023.0,20240504.0,21321.0,39806.0,"EVX MIDSTREAM PARTNERS, LLC",Crude Oil,INTRASTATE,TEXAS,,,,,,,,,,20.04,,20.04,,,,,,,,,,,,0.0,,,,,,,,,,20.04,,20.04
2/2/2026,2023.0,20240336.0,21147.0,39815.0,"GT PIPELINE, LLC",Refined and/or Petroleum Product (non-HVL),INTRASTATE,TEXAS,,,,,,,,,,5.63,0.97,6.6,,,,,,,,,,,,0.0,,,,,,,,,,5.63,0.97,6.6
2/2/2026,2023.0,20240662.0,21483.0,39817.0,TN AVENUE LLC,Crude Oil,INTRASTATE,CALIFORNIA,,,,,,,,,,,,0.0,,,,,,,,,,,,0.0,,,,,,,,,,,,
2/2/2026,2023.0,20240464.0,21281.0,39819.0,BREITBURN ENERGY CO2,CO2,INTERSTATE,NEW MEXICO,,,,,,,,,,,,0.0,,,,,,,,23.0,23.94,,,46.94,,,,,,,,23.0,23.94,,,46.94
2/2/2026,2023.0,20240464.0,21281.0,39819.0,BREITBURN ENERGY CO2,CO2,INTERSTATE,OKLAHOMA,,,,,,,,,,,,0.0,,,,,,,,45.0,33.77,,,78.77,,,,,,,,45.0,33.77,,,78.77
2/2/2026,2023.0,20240464.0,21281.0,39819.0,BREITBURN ENERGY CO2,CO2,INTERSTATE,TEXAS,,,,,,,,,,,,0.0,,,,,,,,50.85,,,,50.85,,,,,,,,50.85,,,,50.85
2/2/2026,2023.0,20240341.0,21152.0,39820.0,"MAVERICK TERMINALS CORPUS, LLC",Refined and/or Petroleum Product (non-HVL),INTRASTATE,TEXAS,,,,,,,,,,0.92,0.61,1.53,,,,,,,,,,,,0.0,,,,,,,,,,0.92,0.61,1.53
2/2/2026,2023.0,20240092.0,20855.0,39822.0,"SCM PR, LLC",Crude Oil,INTERSTATE,WYOMING,,,,,,,,,,150.71,29.66,180.37,,,,,,,,,,,,0.0,,,,,,,,,,150.71,29.66,180.37
2/2/2026,2023.0,20240585.0,21402.0,39823.0,TARGA DOWNSTREAM LLC,HVL,INTERSTATE,NEW MEXICO,,,,,,,,,,21.0,,21.0,,,,,,,,,,,,0.0,,,,,,,,,,21.0,,21.0
2/2/2026,2023.0,20240585.0,21402.0,39823.0,TARGA DOWNSTREAM LLC,HVL,INTERSTATE,OKLAHOMA,,,,,,,,,,158.16,119.73,277.89,,,,,,,,,,,,0.0,,,,,,,,,,158.16,119.73,277.89
2/2/2026,2023.0,20240585.0,21402.0,39823.0,TARGA DOWNSTREAM LLC,HVL,INTERSTATE,TEXAS,,,,,,,,,,847.19,,847.19,,,,,,,,,,,,0.0,,,,,,,,,,847.19,,847.19
2/2/2026,2023.0,20240585.0,21402.0,39823.0,TARGA DOWNSTREAM LLC,HVL,INTRASTATE,TEXAS,,,,,,,,,,74.06,38.07,112.13,,,,,,,,,,,,0.0,,,,,,,,,,74.06,38.07,112.13
2/2/2026,2023.0,20240354.0,21168.0,39833.0,"SAN MATEO BLACK RIVER OIL PIPELINE, LLC",Crude Oil,INTRASTATE,NEW MEXICO,0.0,0.0,0.0,0.0,0.0,0.0,0.0,0.0,0.0,21.146,15.495,36.641,0.0,0.0,0.0,,0.0,0.0,0.0,0.0,0.0,0.0,0.0,0.0,0.0,0.0,0.0,0.0,0.0,0.0,0.0,0.0,0.0,21.146,15.495,36.641
2/2/2026,2023.0,20240163.0,20959.0,39837.0,PARAMOUNT PIPELINE LLC,Refined and/or Petroleum Product (non-HVL),INTRASTATE,CALIFORNIA,,,,,,,,1.412,1.684,,,3.096,8.424,10.397,3.569,6.815,,,0.833,,,,,30.038,8.424,10.397,3.569,6.815,,,0.833,1.412,1.684,,,33.134
2/2/2026,2023.0,20240088.0,20849.0,39841.0,RED BUTTE PIPELINE LLC,Crude Oil,INTERSTATE,MONTANA,0.0,0.0,0.0,0.0,0.0,0.0,0.0,0.0,0.0,0.15,,0.15,0.0,0.0,0.0,0.0,0.0,0.7,0.0,0.0,0.0,0.0,,0.7,0.0,0.0,0.0,0.0,0.0,0.7,0.0,0.0,0.0,0.15,,0.85
2/2/2026,2023.0,20240088.0,20849.0,39841.0,RED BUTTE PIPELINE LLC,Crude Oil,INTERSTATE,WYOMING,0.0,0.0,0.0,182.4,0.2,3.96,0.09,1.88,0.03,0.35,0.0,188.91,0.0,0.0,0.0,36.9,0.45,0.0,0.0,0.0,0.0,0.0,0.0,37.35,0.0,0.0,0.0,219.3,0.65,3.96,0.09,1.88,0.03,0.35,0.0,226.26
2/2/2026,2023.0,20240086.0,21686.0,39869.0,NAVIGATOR SMS PIPELINE,Crude Oil,INTRASTATE,OKLAHOMA,,,,,,,,,,59.53,103.65,163.18,,,,,,,,,,,,0.0,,,,,,,,,,59.53,103.65,163.18
2/2/2026,2023.0,20240054.0,20805.0,39874.0,"BEACON WEST ENERGY GROUP, LLC",Crude Oil,INTERSTATE,CALIFORNIA,,,,,3.55,,,,,,0.0,3.55,,,,,,,,,,,0.0,0.0,,,,,3.55,,,,,,0.0,3.55
2/2/2026,2023.0,20240054.0,20805.0,39874.0,"BEACON WEST ENERGY GROUP, LLC",Crude Oil,INTERSTATE,OCS-Pacific,0.0,0.0,0.0,0.0,0.0,0.0,0.0,0.0,0.0,0.0,0.0,0.0,0.0,0.0,0.0,0.0,0.0,0.0,0.0,0.0,0.0,0.0,0.0,0.0,0.0,0.0,0.0,0.0,0.0,0.0,0.0,0.0,0.0,0.0,0.0,0.0
2/2/2026,2023.0,20240671.0,21492.0,39887.0,"TEXOMA CRUDE OIL PIPELINE CO., LLC",Crude Oil,INTERSTATE,OKLAHOMA,0.0,0.0,0.0,0.0,0.0,0.0,0.0,0.0,0.0,0.0,0.0,0.0,0.0,0.0,0.0,13.47,0.0,0.0,0.0,0.0,0.0,0.0,0.0,13.47,0.0,0.0,0.0,13.47,0.0,0.0,0.0,0.0,0.0,0.0,0.0,13.47
2/2/2026,2023.0,20240671.0,21492.0,39887.0,"TEXOMA CRUDE OIL PIPELINE CO., LLC",Crude Oil,INTERSTATE,TEXAS,0.0,0.0,0.0,0.0,0.0,0.0,0.0,0.0,0.0,0.0,0.0,0.0,0.0,27.72,34.02,1.1,0.0,0.0,0.0,0.0,0.0,0.0,0.0,62.84,0.0,27.72,34.02,1.1,0.0,0.0,0.0,0.0,0.0,0.0,0.0,62.84
2/2/2026,2023.0,20240671.0,21492.0,39887.0,"TEXOMA CRUDE OIL PIPELINE CO., LLC",Crude Oil,INTRASTATE,OKLAHOMA,0.21,0.0,0.0,0.0,0.0,0.0,0.0,0.0,0.0,3.17,0.0,3.38,0.0,0.0,0.0,0.0,0.0,0.0,0.0,0.0,0.0,0.0,0.0,0.0,0.21,0.0,0.0,0.0,0.0,0.0,0.0,0.0,0.0,3.17,0.0,3.38
2/2/2026,2023.0,20240671.0,21492.0,39887.0,"TEXOMA CRUDE OIL PIPELINE CO., LLC",Crude Oil,INTRASTATE,TEXAS,0.0,0.0,0.0,0.0,0.0,0.98,0.0,13.07,0.0,9.79,0.0,23.84,0.0,0.0,26.73,0.0,0.0,0.0,0.0,0.0,0.0,0.0,0.0,26.73,0.0,0.0,26.73,0.0,0.0,0.98,0.0,13.07,0.0,9.79,0.0,50.57
2/2/2026,2023.0,20240182.0,20978.0,39888.0,FORE RIVER ENERGY CENTER,Refined and/or Petroleum Product (non-HVL),INTRASTATE,MASSACHUSETTS,,,,,,,,,,,,0.0,,,,,,,,,,,,0.0,,,,,,,,,,,,
2/2/2026,2023.0,20240556.0,21373.0,39892.0,DAYLIGHT PETROLEUM LLC,CO2,INTRASTATE,OKLAHOMA,,,,,,,144.249,,,5.824,,150.073,,,,,,,,,,,,0.0,,,,,,,144.249,,,5.824,,150.073
2/2/2026,2023.0,20240554.0,21371.0,39892.0,DAYLIGHT PETROLEUM LLC,Crude Oil,INTRASTATE,TEXAS,,,,,,,,,,,,0.0,,,,,,,,,,,,0.0,,,,,,,,,,,,
2/2/2026,2023.0,20240553.0,21370.0,39892.0,DAYLIGHT PETROLEUM LLC,HVL,INTRASTATE,OKLAHOMA,,,,,,,,,1.202,,,1.202,,,,,,,,,,,,0.0,,,,,,,,,1.202,,,1.202
2/2/2026,2023.0,20240024.0,20775.0,39905.0,REP PROCESSING,HVL,INTRASTATE,COLORADO,,,,,,,,,,22.4,,22.4,,,,,,,,,,,,0.0,,,,,,,,,,22.4,,22.4
2/2/2026,2023.0,20240612.0,21432.0,39906.0,"SEAPORT SOUND TERMINAL, LLC",Refined and/or Petroleum Product (non-HVL),INTRASTATE,WASHINGTON,0.0,0.0,0.0,0.0,0.0,0.0,0.0,0.0,0.0,2.78,,2.78,0.0,0.0,0.0,0.0,0.0,0.0,0.0,0.0,0.0,0.0,,0.0,0.0,0.0,0.0,0.0,0.0,0.0,0.0,0.0,0.0,2.78,,2.78
2/2/2026,2023.0,20240187.0,20983.0,39910.0,CANES MIDSTREAM PRODUCTS LLC,HVL,INTRASTATE,TEXAS,,,,,,,,,,21.1,,21.1,,,,,,,,,,,,0.0,,,,,,,,,,21.1,,21.1
2/2/2026,2023.0,20240483.0,21300.0,39941.0,"MARKWEST UTICA EMG, L.L.C.",HVL,INTERSTATE,OHIO,,,,,,,,,,5.2,,5.2,,,,,,,,,,,,0.0,,,,,,,,,,5.2,,5.2
2/2/2026,2023.0,20240483.0,21300.0,39941.0,"MARKWEST UTICA EMG, L.L.C.",HVL,INTRASTATE,OHIO,,,,,,,,,,114.25,,114.25,,,,,,,,,,,,0.0,,,,,,,,,,114.25,,114.25
2/2/2026,2023.0,20240230.0,21638.0,39942.0,"RAVEN BUTENE-1, LLC",HVL,INTRASTATE,TEXAS,,,,,,,,,,4.85,,4.85,,,,,,,,,,,,0.0,,,,,,,,,,4.85,,4.85
2/2/2026,2023.0,20240471.0,21288.0,39944.0,BLUESTEM PIPELINE LLC,HVL,INTERSTATE,KANSAS,0.0,0.0,0.0,0.0,0.0,0.0,0.0,0.0,0.0,0.0,101.12,101.12,0.0,0.0,0.0,0.0,0.0,0.0,0.0,0.0,0.0,0.0,0.0,0.0,0.0,0.0,0.0,0.0,0.0,0.0,0.0,0.0,0.0,0.0,101.12,101.12
2/2/2026,2023.0,20240471.0,21288.0,39944.0,BLUESTEM PIPELINE LLC,HVL,INTERSTATE,OKLAHOMA,0.0,0.0,0.0,0.0,0.0,0.0,0.0,0.0,0.0,0.0,88.26,88.26,0.0,0.0,0.0,0.0,0.0,0.0,0.0,0.0,0.0,0.0,0.0,0.0,0.0,0.0,0.0,0.0,0.0,0.0,0.0,0.0,0.0,0.0,88.26,88.26
2/2/2026,2023.0,20240628.0,21449.0,39950.0,"DKL DELAWARE GATHERING, LLC",Crude Oil,INTRASTATE,NEW MEXICO,,,,,,,,,,42.13,7.38,49.51,,,,,,,,,,,,0.0,,,,,,,,,,42.13,7.38,49.51
2/2/2026,2023.0,20240629.0,21450.0,39950.0,"DKL DELAWARE GATHERING, LLC",HVL,INTRASTATE,NEW MEXICO,,,,,,,,,,18.16,,18.16,,,,,,,,,,,,0.0,,,,,,,,,,18.16,,18.16
2/2/2026,2023.0,20240134.0,20920.0,39956.0,"MID-ALASKA PIPELINE, LLC",Crude Oil,INTRASTATE,ALASKA,,,,,,,2.13,2.14,0.69,,,4.96,,,,,,,,,,,,0.0,,,,,,,2.13,2.14,0.69,,,4.96
2/2/2026,2023.0,20240081.0,20838.0,39962.0,"AMP NGL PIPELINES, LLC",HVL,INTRASTATE,TEXAS,,,,,,,,,,10.73,0.0,10.73,,,,,,,,,,,0.0,0.0,,,,,,,,,,10.73,0.0,10.73
2/2/2026,2023.0,20240141.0,20936.0,39963.0,"TALLGRASS POWDER RIVER GATEWAY, LLC",Crude Oil,INTERSTATE,WYOMING,0.0,0.0,0.0,0.0,41.5,0.0,0.0,0.0,0.0,112.25,0.0,153.75,0.0,0.0,0.0,0.0,0.0,0.0,0.0,0.0,0.0,0.0,0.0,0.0,0.0,0.0,0.0,0.0,41.5,0.0,0.0,0.0,0.0,112.25,0.0,153.75
2/2/2026,2023.0,20240653.0,21474.0,39967.0,"IMPERIAL CRUDE, LLC",Crude Oil,INTRASTATE,TEXAS,,,,,,,,,,27.26,,27.26,,,,,,,,,,,,0.0,,,,,,,,,,27.26,,27.26
2/2/2026,2023.0,20240075.0,20832.0,39973.0,WRB REFINING LP - WOOD RIVER REFINERY,Crude Oil,INTERSTATE,ILLINOIS,,,,,,,,,,,,0.0,,,,,,,,,,,,0.0,,,,,,,,,,,,
2/2/2026,2023.0,20240224.0,21031.0,39984.0,CONVERGE MIDSTREAM LLC,Crude Oil,INTRASTATE,TEXAS,,,,,,,,,,38.65,,38.65,,,,,,,,,,,,0.0,,,,,,,,,,38.65,,38.65
2/2/2026,2023.0,20240307.0,21118.0,39985.0,COLLEGIATE MIDSTREAM LLC,Crude Oil,INTRASTATE,TEXAS,0.0,0.0,0.0,0.0,0.0,0.0,0.0,0.0,0.0,2.76,0.0,2.76,0.0,0.0,0.0,0.0,0.0,0.0,0.0,0.0,0.0,0.0,0.0,0.0,0.0,0.0,0.0,0.0,0.0,0.0,0.0,0.0,0.0,2.76,0.0,2.76
2/2/2026,2023.0,20240323.0,21134.0,40000.0,CP ENERGY LLC,Crude Oil,INTRASTATE,NEW MEXICO,,,,,,,,,,1.7,,1.7,,,,,,,,,,,,0.0,,,,,,,,,,1.7,,1.7
2/2/2026,2023.0,20240176.0,21589.0,40004.0,WILDCAT OIL GATHERING,Crude Oil,INTRASTATE,OKLAHOMA,,,,,,,,,,,,0.0,,,,,,,,,,,,0.0,,,,,,,,,,,,
2/2/2026,2023.0,20240210.0,21012.0,40010.0,CALIBER SPRING CREEK LLC,Crude Oil,INTRASTATE,NORTH DAKOTA,,,,,,,,,,30.6,,30.6,,,,,,,,,,,,0.0,,,,,,,,,,30.6,,30.6
2/2/2026,2023.0,20240193.0,20992.0,40016.0,"SADDLE BUTTE POWDER FLATS MIDSTREAM, LLC",Crude Oil,INTRASTATE,WYOMING,0.0,0.0,0.0,0.0,0.0,0.0,0.0,0.0,0.0,93.0,43.0,136.0,0.0,0.0,0.0,0.0,0.0,0.0,0.0,0.0,0.0,0.0,0.0,0.0,0.0,0.0,0.0,0.0,0.0,0.0,0.0,0.0,0.0,93.0,43.0,136.0
2/2/2026,2023.0,20240503.0,21621.0,40026.0,"WINK TO WEBSTER PIPELINE, LLC",Crude Oil,INTRASTATE,TEXAS,,,,,,,,,,,,0.0,,,,,,,,,,,,0.0,,,,,,,,,,,,
2/2/2026,2023.0,20240112.0,20886.0,40028.0,LAMBDA ENERGY GATHERING LLC,Crude Oil,INTERSTATE,MICHIGAN,,,,,,60.41,,,,,,60.41,,,,,,,,,,,,0.0,,,,,,60.41,,,,,,60.41
2/2/2026,2023.0,20240314.0,21662.0,40030.0,"GIBSON ENERGY INFRASTRUCTURE, LLC",Crude Oil,INTRASTATE,TEXAS,,,,,,,,,,24.4,2.39,26.79,,,,27.85,,,,,,,,27.85,,,,27.85,,,,,,24.4,2.39,54.64
2/2/2026,2023.0,20240657.0,21478.0,40033.0,"VOPAK TERMINALS DEER PARK, INC.",HVL,INTRASTATE,TEXAS,,,,,,,,,,,4.196,4.196,,,,,,,,,,,,0.0,,,,,,,,,,,4.196,4.196
2/2/2026,2023.0,20240658.0,21479.0,40033.0,"VOPAK TERMINALS DEER PARK, INC.",Refined and/or Petroleum Product (non-HVL),INTRASTATE,TEXAS,,,,,,,,,,,4.14,4.14,,,,,,,,,,,,0.0,,,,,,,,,,,4.14,4.14
2/2/2026,2023.0,20240664.0,21485.0,40034.0,TEXAS PETROLEUM INVESTMENT COMPANY,Crude Oil,INTRASTATE,LOUISIANA,,,,,,,,,,,,0.0,,,,,,,,,,,,0.0,,,,,,,,,,,,
2/2/2026,2023.0,20240106.0,20877.0,40050.0,ECO ENERGY NATURAL GAS LLC,HVL,INTRASTATE,TENNESSEE,0.0,0.0,0.0,0.0,0.0,0.0,0.0,0.0,3.49,0.0,0.0,3.49,0.0,0.0,0.0,0.0,0.0,0.0,0.0,0.0,0.0,0.0,0.0,0.0,0.0,0.0,0.0,0.0,0.0,0.0,0.0,0.0,3.49,0.0,0.0,3.49
2/2/2026,2023.0,20240152.0,20948.0,40051.0,VALERO REFINING - MERAUX LLC,Refined and/or Petroleum Product (non-HVL),INTRASTATE,LOUISIANA,0.0,0.0,0.0,0.0,0.0,0.0,0.0,0.0,0.0,0.0,0.0,0.0,0.0,0.0,0.0,0.0,0.0,0.0,0.0,0.0,0.0,0.0,0.0,0.0,0.0,0.0,0.0,0.0,0.0,0.0,0.0,0.0,0.0,0.0,0.0,0.0
2/2/2026,2023.0,20240184.0,20980.0,40059.0,"ORYX MIDLAND OIL GATHERING, LLC",Crude Oil,INTRASTATE,TEXAS,0.55,,,,,,,,,116.18,17.33,134.06,,,,,,,,,,,,0.0,0.55,,,,,,,,,116.18,17.33,134.06
2/2/2026,2023.0,20240417.0,21232.0,40061.0,"CUSHING CONNECT PIPELINE HOLDINGS, LLC.",Crude Oil,INTRASTATE,OKLAHOMA,,,,,,,,,,,50.2,50.2,,,,,,,,,,,,0.0,,,,,,,,,,,50.2,50.2
2/2/2026,2023.0,20240041.0,20792.0,40063.0,"ROARING FORK MIDSTREAM, LLC",Crude Oil,INTRASTATE,WYOMING,,,,,,,,,,,19.4,19.4,,,,,,,,,,,,0.0,,,,,,,,,,,19.4,19.4
2/2/2026,2023.0,20240040.0,20791.0,40063.0,"ROARING FORK MIDSTREAM, LLC",HVL,INTERSTATE,COLORADO,,,,,,,,,,,3.86,3.86,,,,,,,,,,,,0.0,,,,,,,,,,,3.86,3.86
2/2/2026,2023.0,20240040.0,20791.0,40063.0,"ROARING FORK MIDSTREAM, LLC",HVL,INTERSTATE,WYOMING,,,,,,,,,,,2.12,2.12,,,,,,,,,,,,0.0,,,,,,,,,,,2.12,2.12
2/2/2026,2023.0,20240390.0,21204.0,40076.0,MARTINEZ PIPELINE COMPANY LLC,Refined and/or Petroleum Product (non-HVL),INTRASTATE,CALIFORNIA,0.0,0.0,0.0,0.0,0.0,0.0,0.0,0.2,0.0,0.0,0.0,0.2,0.0,0.0,0.0,0.0,0.0,0.0,0.0,0.0,0.0,0.0,0.0,0.0,0.0,0.0,0.0,0.0,0.0,0.0,0.0,0.2,0.0,0.0,0.0,0.2
2/2/2026,2023.0,20240568.0,21385.0,40080.0,INDORAMA VENTURES OXIDES LLC,HVL,INTRASTATE,TEXAS,,,,,,,0.17,6.081,,,,6.251,,,0.96,,,,,,,,,0.96,,,0.96,,,,0.17,6.081,,,,7.211
2/2/2026,2023.0,20240567.0,21384.0,40080.0,INDORAMA VENTURES OXIDES LLC,Refined and/or Petroleum Product (non-HVL),INTRASTATE,TEXAS,,,,,,,6.6,0.15,,,,6.75,,,7.5,0.16,0.98,,,,,,,8.64,,,7.5,0.16,0.98,,6.6,0.15,,,,15.39
2/2/2026,2023.0,20240017.0,20768.0,40087.0,OE2 NORTH LLC,HVL,INTRASTATE,NORTH DAKOTA,,,,,,,,,,,1.28,1.28,,,,,,,,,,,,0.0,,,,,,,,,,,1.28,1.28
2/2/2026,2023.0,20240004.0,20744.0,40122.0,BCE-MACH III MIDSTREAM HOLDINGS LLC,HVL,INTRASTATE,OKLAHOMA,,,,,,,,,11.0,4.06,,15.06,,,,,,,,,,,,0.0,,,,,,,,,11.0,4.06,,15.06
2/2/2026,2023.0,20240512.0,21329.0,40127.0,"THE SAN ANTONIO REFINERY, LLC",Crude Oil,INTRASTATE,TEXAS,,,,,,,,,,49.9,,49.9,,,,,,,,,,,,0.0,,,,,,,,,,49.9,,49.9
2/2/2026,2023.0,20240420.0,21235.0,40134.0,PASADENA PERFORMANCE PRODUCTS,HVL,INTRASTATE,TEXAS,,,,,,,,,,,4.18,4.18,,,,,,,,,,,,0.0,,,,,,,,,,,4.18,4.18
2/2/2026,2023.0,20240419.0,21234.0,40134.0,PASADENA PERFORMANCE PRODUCTS,Refined and/or Petroleum Product (non-HVL),INTRASTATE,TEXAS,,,,,,,,,,,3.73,3.73,,,,,,,,,,,,0.0,,,,,,,,,,,3.73,3.73
2/2/2026,2023.0,20240661.0,21482.0,40135.0,"EVERLINE COMPLIANCE, LLC",CO2,INTRASTATE,TEXAS,,,,,,,,,,81.1,,81.1,,,,,,,,,,,,0.0,,,,,,,,,,81.1,,81.1
2/2/2026,2023.0,20240660.0,21596.0,40135.0,"EVERLINE COMPLIANCE, LLC",Refined and/or Petroleum Product (non-HVL),INTRASTATE,CALIFORNIA,,,,,,,,,,,,0.0,,,,,,,,,,,,0.0,,,,,,,,,,,,
2/2/2026,2023.0,20240695.0,21653.0,40138.0,"ECHO CANYON PIPELINE, LLC",Crude Oil,INTRASTATE,TEXAS,,,,,,,,,,140.97,3.75,144.72,,,,,,,,,,,,0.0,,,,,,,,,,140.97,3.75,144.72
2/2/2026,2023.0,20240361.0,21175.0,40142.0,"MAX MIDSTREAM TEXAS, LLC",Crude Oil,INTRASTATE,TEXAS,,,,,,,18.89,,2.0,,,20.89,,,,,,,,,,,,0.0,,,,,,,18.89,,2.0,,,20.89
2/2/2026,2023.0,20240148.0,20944.0,40145.0,"POTAC, LLC",Crude Oil,INTRASTATE,TEXAS,,,,,,,,,,,1.25,1.25,,,,,,,,,,,,0.0,,,,,,,,,,,1.25,1.25
2/2/2026,2023.0,20240428.0,21244.0,40146.0,"CONTINENTAL RESOURCES, INC.",Crude Oil,INTRASTATE,NORTH DAKOTA,,,,,,,,,,,,0.0,,,,,,,,,,,,0.0,,,,,,,,,,,,
2/2/2026,2023.0,20240428.0,21244.0,40146.0,"CONTINENTAL RESOURCES, INC.",Crude Oil,INTRASTATE,OKLAHOMA,,,,,,,,,,,5.676,5.676,,,,,,,,,,,,0.0,,,,,,,,,,,5.676,5.676
2/2/2026,2023.0,20240479.0,21646.0,40149.0,MPLX LP,Crude Oil,INTERSTATE,MONTANA,0.9,,,,0.14,11.93,,,,,,12.97,,,,,,,,,,,,0.0,0.9,,,,0.14,11.93,,,,,,12.97
2/2/2026,2023.0,20240479.0,21646.0,40149.0,MPLX LP,Crude Oil,INTERSTATE,NEW MEXICO,,,,,,2.78,,,,170.77,21.03,194.58,,,,350.73,,,,,,,,350.73,,,,350.73,,2.78,,,,170.77,21.03,545.31
2/2/2026,2023.0,20240479.0,21646.0,40149.0,MPLX LP,Crude Oil,INTERSTATE,NORTH DAKOTA,31.63,0.0,,130.72,,25.5,51.18,32.21,,117.8,12.06,401.1,,,,,,,,,,,,0.0,31.63,0.0,,130.72,,25.5,51.18,32.21,,117.8,12.06,401.1
2/2/2026,2023.0,20240479.0,21646.0,40149.0,MPLX LP,Crude Oil,INTERSTATE,TEXAS,,,,,,,,,,196.64,3.08,199.72,,,,,,,,,,,,0.0,,,,,,,,,,196.64,3.08,199.72
2/2/2026,2023.0,20240479.0,21646.0,40149.0,MPLX LP,Crude Oil,INTERSTATE,WYOMING,,,,,,,,,1.42,,,1.42,,,,,,,,,,,,0.0,,,,,,,,,1.42,,,1.42
2/2/2026,2023.0,20240479.0,21646.0,40149.0,MPLX LP,Crude Oil,INTRASTATE,NORTH DAKOTA,,,,,,,,,,5.33,,5.33,,,,,,,,,,,,0.0,,,,,,,,,,5.33,,5.33
2/2/2026,2023.0,20240479.0,21646.0,40149.0,MPLX LP,Crude Oil,INTRASTATE,OKLAHOMA,,,,,,,,,,15.79,,15.79,,,,,,,,,,,,0.0,,,,,,,,,,15.79,,15.79
2/2/2026,2023.0,20240479.0,21646.0,40149.0,MPLX LP,Crude Oil,INTRASTATE,WYOMING,0.57,,,,,,,,0.41,0.16,,1.14,,,,,,,,,,,,0.0,0.57,,,,,,,,0.41,0.16,,1.14
2/2/2026,2023.0,20240482.0,21618.0,40149.0,MPLX LP,HVL,INTERSTATE,KENTUCKY,,,,36.66,,,,,40.88,,,77.54,,,,,,,,,,,,0.0,,,,36.66,,,,,40.88,,,77.54
2/2/2026,2023.0,20240482.0,21618.0,40149.0,MPLX LP,HVL,INTERSTATE,OHIO,,,,,,,,,,58.71,,58.71,,,,,,,,,,,,0.0,,,,,,,,,,58.71,,58.71
2/2/2026,2023.0,20240482.0,21618.0,40149.0,MPLX LP,HVL,INTERSTATE,PENNSYLVANIA,0.01,,,,,,,,,116.1,,116.11,,,,,,,,,,,,0.0,0.01,,,,,,,,,116.1,,116.11
2/2/2026,2023.0,20240482.0,21618.0,40149.0,MPLX LP,HVL,INTERSTATE,TEXAS,,,,,,,,,11.63,0.16,,11.79,,,,,,,,,,,,0.0,,,,,,,,,11.63,0.16,,11.79
2/2/2026,2023.0,20240482.0,21618.0,40149.0,MPLX LP,HVL,INTERSTATE,WEST VIRGINIA,,,,0.27,,39.7,,,22.11,221.81,45.31,329.2,,,,,,,,,,,,0.0,,,,0.27,,39.7,,,22.11,221.81,45.31,329.2
2/2/2026,2023.0,20240482.0,21618.0,40149.0,MPLX LP,HVL,INTRASTATE,NORTH DAKOTA,,,,,,,,,,103.76,,103.76,,,,,,,,,,,,0.0,,,,,,,,,,103.76,,103.76
2/2/2026,2023.0,20240482.0,21618.0,40149.0,MPLX LP,HVL,INTRASTATE,OKLAHOMA,,,,,,,,,,3.22,,3.22,,,,,,,,,,,,0.0,,,,,,,,,,3.22,,3.22
2/2/2026,2023.0,20240482.0,21618.0,40149.0,MPLX LP,HVL,INTRASTATE,PENNSYLVANIA,,,,,,,,,,22.19,,22.19,,,,,,,,,,,,0.0,,,,,,,,,,22.19,,22.19
2/2/2026,2023.0,20240482.0,21618.0,40149.0,MPLX LP,HVL,INTRASTATE,TEXAS,,,,,,,,,,,11.98,11.98,,,,,,,,,,,,0.0,,,,,,,,,,,11.98,11.98
2/2/2026,2023.0,20240482.0,21618.0,40149.0,MPLX LP,HVL,INTRASTATE,UTAH,0.026,,,,,,,,,26.43,,26.456,,,,,,,,,,,,0.0,0.026,,,,,,,,,26.43,,26.456
2/2/2026,2023.0,20240482.0,21618.0,40149.0,MPLX LP,HVL,INTRASTATE,WEST VIRGINIA,,,,,,,,,,0.54,2.21,2.75,,,,,,,,,,,,0.0,,,,,,,,,,0.54,2.21,2.75
2/2/2026,2023.0,20240482.0,21618.0,40149.0,MPLX LP,HVL,INTRASTATE,WYOMING,,,,,,,,,,9.48,,9.48,,,,,,,,,,,,0.0,,,,,,,,,,9.48,,9.48
2/2/2026,2023.0,20240456.0,21273.0,40155.0,COWBOY MIDSTREAM LLC,Crude Oil,INTRASTATE,WYOMING,,,,,,24.24,,,,,2.8,27.04,,,,,,,,,,,,0.0,,,,,,24.24,,,,,2.8,27.04
2/2/2026,2023.0,20240091.0,20852.0,40158.0,PORT ARTHUR TERMINAL LLC,Crude Oil,INTRASTATE,TEXAS,,,,,,,,,,,11.73,11.73,,,,,,,,,,,,0.0,,,,,,,,,,,11.73,11.73
2/2/2026,2023.0,20240205.0,21006.0,40170.0,EASTON ENERGY PIPELINES LLC,HVL,INTERSTATE,LOUISIANA,0.0,0.0,0.0,0.0,0.0,0.0,0.0,0.44,0.0,0.0,0.0,0.44,0.0,0.0,0.0,0.0,0.0,0.0,0.0,0.0,0.0,0.0,0.0,0.0,0.0,0.0,0.0,0.0,0.0,0.0,0.0,0.44,0.0,0.0,0.0,0.44
2/2/2026,2023.0,20240205.0,21006.0,40170.0,EASTON ENERGY PIPELINES LLC,HVL,INTERSTATE,TEXAS,0.0,0.0,0.0,0.0,0.0,0.0,0.0,0.47,0.0,0.0,0.0,0.47,0.0,0.0,0.0,0.0,0.0,0.0,0.0,0.0,0.0,0.0,0.0,0.0,0.0,0.0,0.0,0.0,0.0,0.0,0.0,0.47,0.0,0.0,0.0,0.47
2/2/2026,2023.0,20240205.0,21006.0,40170.0,EASTON ENERGY PIPELINES LLC,HVL,INTRASTATE,TEXAS,0.0,0.0,0.0,0.0,0.0,23.86,2.79,1.35,4.09,5.76,25.54,63.39,0.53,0.0,0.0,8.86,138.98,0.0,0.0,0.0,0.0,0.0,0.0,148.37,0.53,0.0,0.0,8.86,138.98,23.86,2.79,1.35,4.09,5.76,25.54,211.76
2/2/2026,2023.0,20240206.0,21007.0,40170.0,EASTON ENERGY PIPELINES LLC,Refined and/or Petroleum Product (non-HVL),INTRASTATE,TEXAS,0.0,0.0,0.0,0.0,0.0,17.2,0.05,0.05,0.0,28.3,0.26,45.86,0.0,0.0,0.0,0.0,27.49,0.0,0.0,0.0,0.0,0.0,0.0,27.49,0.0,0.0,0.0,0.0,27.49,17.2,0.05,0.05,0.0,28.3,0.26,73.35
2/2/2026,2023.0,20240356.0,21170.0,40171.0,PERDIDO ENERGY,Crude Oil,INTRASTATE,LOUISIANA,,,,,,,,0.66,,,,0.66,,,,,,,,,,,,0.0,,,,,,,,0.66,,,,0.66
2/2/2026,2023.0,20240423.0,21238.0,40174.0,"UNDERGROUND SERVICES MARKHAM, LLC  NGL/Y-MIX",HVL,INTRASTATE,TEXAS,,,,,,,,,,1.3,0.0,1.3,,,,,,,,,,,0.0,0.0,,,,,,,,,,1.3,0.0,1.3
2/2/2026,2023.0,20240126.0,20902.0,40177.0,"LADDER CREEK, LLC",HVL,INTRASTATE,COLORADO,,,,,,,,40.8,,,,40.8,,,,,,,,,,,,0.0,,,,,,,,40.8,,,,40.8
2/2/2026,2023.0,20240333.0,21144.0,40182.0,TAPROOT ROCKIES MIDSTREAM LLC,Crude Oil,INTRASTATE,COLORADO,0.0,0.0,0.0,0.0,0.0,0.0,0.0,0.0,0.0,26.847,63.709,90.556,0.0,0.0,0.0,0.0,0.0,0.0,0.0,0.0,0.0,0.0,0.0,0.0,0.0,0.0,0.0,0.0,0.0,0.0,0.0,0.0,0.0,26.847,63.709,90.556
2/2/2026,2023.0,20240516.0,21333.0,40190.0,OXY WTP LP,Crude Oil,INTRASTATE,TEXAS,,,,,,,,,,23.96,,23.96,,,,,,,,,,,,0.0,,,,,,,,,,23.96,,23.96
2/2/2026,2023.0,20240442.0,21259.0,40192.0,ZENITH ENERGY WEST COAST TERMINALS LLC,Crude Oil,INTRASTATE,CALIFORNIA,2.5,,,,4.2,7.74,0.1,10.83,2.03,2.02,0.92,30.34,,,,14.95,23.83,,,,,,0.15,38.93,2.5,,,14.95,28.03,7.74,0.1,10.83,2.03,2.02,1.07,69.27
2/2/2026,2023.0,20240656.0,21477.0,40204.0,"SCM OPERATIONS, LLC",Crude Oil,INTERSTATE,NEW MEXICO,,,,,,,,,,40.284,44.829,85.113,,,,,,,,,,,,0.0,,,,,,,,,,40.284,44.829,85.113
2/2/2026,2023.0,20240656.0,21477.0,40204.0,"SCM OPERATIONS, LLC",Crude Oil,INTERSTATE,TEXAS,,,,,,,,,,101.213,0.357,101.57,,,,,,,,,,,,0.0,,,,,,,,,,101.213,0.357,101.57
2/2/2026,2023.0,20240652.0,22076.0,40204.0,"SCM OPERATIONS, LLC",HVL,INTRASTATE,TEXAS,,,,,,,,,,7.58,,7.58,,,,,,,,,,,,0.0,,,,,,,,,,7.58,,7.58
2/2/2026,2023.0,20240144.0,21651.0,40206.0,"ROSEFIELD OPERATING COMPANY, LLC",Crude Oil,INTERSTATE,LOUISIANA,,,,,,,,,16.32,,,16.32,,,,,,,,,,,,0.0,,,,,,,,,16.32,,,16.32
2/2/2026,2023.0,20240144.0,21651.0,40206.0,"ROSEFIELD OPERATING COMPANY, LLC",Crude Oil,INTERSTATE,OCS-Gulf of Mexico,,,,,,68.483,,,,,,68.483,,,,,,,,,,,,0.0,,,,,,68.483,,,,,,68.483
2/2/2026,2023.0,20240144.0,21651.0,40206.0,"ROSEFIELD OPERATING COMPANY, LLC",Crude Oil,INTERSTATE,TEXAS,0.0,,,,,22.42,,,,,,22.42,,,,,,,,,,,,0.0,0.0,,,,,22.42,,,,,,22.42
2/2/2026,2023.0,20240518.0,21335.0,40213.0,"BRETON SOUND GATHERING, LLC",Crude Oil,INTRASTATE,LOUISIANA,,,,,10.7,,,,,,,10.7,,,,,,,,,,,,0.0,,,,,10.7,,,,,,,10.7
2/2/2026,2023.0,20240705.0,21529.0,40221.0,"CURLEW MIDSTREAM, LLC",Crude Oil,INTRASTATE,LOUISIANA,,,,,,8.39,,,,,,8.39,,,,,,,,,,,,0.0,,,,,,8.39,,,,,,8.39
2/2/2026,2023.0,20240094.0,21568.0,40227.0,NAVIGATOR BORGER EXPRESS LLC,Crude Oil,INTERSTATE,OKLAHOMA,,,,,,,,,,,,0.0,,,,,,,,,,,,0.0,,,,,,,,,,,,
2/2/2026,2023.0,20240094.0,21568.0,40227.0,NAVIGATOR BORGER EXPRESS LLC,Crude Oil,INTERSTATE,TEXAS,,,,,,,,,,,0.0,0.0,,,,,,,,,,,,0.0,,,,,,,,,,,0.0,0.0
2/2/2026,2023.0,20240310.0,21121.0,40231.0,"SCURRY MIDSTREAM, LLC",HVL,INTRASTATE,TEXAS,,,,,,,,,,,3.29,3.29,,,,,,,,,,,,0.0,,,,,,,,,,,3.29,3.29
2/2/2026,2023.0,20240408.0,21222.0,40238.0,"GRAYSON MILL OPERATING, LLC",Crude Oil,INTRASTATE,NORTH DAKOTA,,,,,,,,,,46.73,,46.73,,,,,,,,,,,,0.0,,,,,,,,,,46.73,,46.73
2/2/2026,2023.0,20240679.0,21501.0,40244.0,"DENBURY GREEN PIPELINE-MONTANA, LLC",CO2,INTERSTATE,MONTANA,0.0,0.0,0.0,0.0,0.0,0.0,0.0,0.0,0.0,0.0,113.72,113.72,0.0,0.0,0.0,0.0,0.0,0.0,0.0,0.0,0.0,0.0,0.0,0.0,0.0,0.0,0.0,0.0,0.0,0.0,0.0,0.0,0.0,0.0,113.72,113.72
2/2/2026,2023.0,20240016.0,20767.0,40249.0,LEESBURG LP,HVL,INTRASTATE,TEXAS,,,,,,,,,,1.8,,1.8,,,,,,,,,,,,0.0,,,,,,,,,,1.8,,1.8
2/2/2026,2023.0,20240188.0,20984.0,40252.0,CANES MIDSTREAM LOGISTICS LLC,Crude Oil,INTRASTATE,TEXAS,,,,,,,,,,,,0.0,,,,,,,,,,,,0.0,,,,,,,,,,,,
2/2/2026,2023.0,20240680.0,21502.0,40256.0,"DENBURY GREEN PIPELINE-NORTH DAKOTA, LLC",CO2,INTERSTATE,NORTH DAKOTA,0.0,0.0,0.0,0.0,0.0,0.0,0.0,0.0,0.0,0.0,9.26,9.26,0.0,0.0,0.0,0.0,0.0,0.0,0.0,0.0,0.0,0.0,0.0,0.0,0.0,0.0,0.0,0.0,0.0,0.0,0.0,0.0,0.0,0.0,9.26,9.26
2/2/2026,2023.0,20240342.0,21153.0,40266.0,"HEP JAVELINA COMPANY, LLC",HVL,INTRASTATE,TEXAS,,,,,,,,34.89,,,,34.89,,,,,,,,,,,,0.0,,,,,,,,34.89,,,,34.89
2/2/2026,2023.0,20240117.0,20892.0,40268.0,"GARY CLIMATE SOLUTIONS, LLC",CO2,INTRASTATE,KANSAS,,,,,,,,,,14.3,,14.3,,,,,,,,,,,,0.0,,,,,,,,,,14.3,,14.3
2/2/2026,2023.0,20240348.0,21161.0,40271.0,INTERNATIONAL- MATEX TANK TERMINALS LLC,Refined and/or Petroleum Product (non-HVL),INTRASTATE,LOUISIANA,,,,,,,,,,,4.84,4.84,,,,,,,,,,,,0.0,,,,,,,,,,,4.84,4.84
2/2/2026,2023.0,20240266.0,21074.0,40275.0,SENTINEL MIDSTREAM OPERATING LLC,Crude Oil,INTERSTATE,TEXAS,,,,,,,,,0.03,0.02,,0.05,,,,,15.76,,,,,,,15.76,,,,,15.76,,,,0.03,0.02,,15.81
2/2/2026,2023.0,20240266.0,21074.0,40275.0,SENTINEL MIDSTREAM OPERATING LLC,Crude Oil,INTRASTATE,LOUISIANA,,,,5.2,,,0.18,,6.2,0.03,,11.61,,,,57.49,45.96,,,,0.02,0.004,,103.474,,,,62.69,45.96,,0.18,,6.22,0.034,,115.084
2/2/2026,2023.0,20240266.0,21074.0,40275.0,SENTINEL MIDSTREAM OPERATING LLC,Crude Oil,INTRASTATE,TEXAS,,,,,,,0.05,0.22,0.04,,,0.31,,,8.11,,,,,,,,,8.11,,,8.11,,,,0.05,0.22,0.04,,,8.42
2/2/2026,2023.0,20240474.0,21291.0,40277.0,"VERTEX REFINING ALABAMA,LLC",Crude Oil,INTRASTATE,ALABAMA,0.0,0.0,0.0,0.0,0.0,0.0,6.28,0.0,0.0,0.0,0.0,6.28,0.0,0.0,0.0,0.0,0.0,0.0,0.0,0.0,0.0,0.0,0.0,0.0,0.0,0.0,0.0,0.0,0.0,0.0,6.28,0.0,0.0,0.0,0.0,6.28
2/2/2026,2023.0,20240475.0,21292.0,40277.0,"VERTEX REFINING ALABAMA,LLC",Refined and/or Petroleum Product (non-HVL),INTRASTATE,ALABAMA,0.0,0.0,0.0,0.0,0.0,0.0,6.28,0.0,0.0,0.0,0.0,6.28,0.0,0.0,0.0,0.0,0.0,0.0,0.0,0.0,0.0,0.0,0.0,0.0,0.0,0.0,0.0,0.0,0.0,0.0,6.28,0.0,0.0,0.0,0.0,6.28
2/2/2026,2023.0,20240220.0,21027.0,40279.0,MENZIES (LAXFUEL),Refined and/or Petroleum Product (non-HVL),INTRASTATE,CALIFORNIA,,,,,,,,,,,,0.0,,,,,,,,,,,,0.0,,,,,,,,,,,,
2/2/2026,2023.0,20240367.0,21181.0,40282.0,EQUILON ENTERPRISES LLC DBA SHELL OIL PRODUCTS,Fuel Grade Ethanol (dedicated system),INTRASTATE,CALIFORNIA,,,,,,7.29,,2.35,0.07,,,9.71,,,,,,4.06,,0.0,0.0,,,4.06,,,,,,11.35,,2.35,0.07,,,13.77
2/2/2026,2023.0,20240368.0,21649.0,40282.0,EQUILON ENTERPRISES LLC DBA SHELL OIL PRODUCTS,Refined and/or Petroleum Product (non-HVL),INTRASTATE,CALIFORNIA,0.0,0.0,0.0,0.0,1.14,40.82,0.02,16.88,0.14,0.4,0.0,59.4,0.0,0.0,0.0,0.0,1.73,0.83,0.0,0.0,0.0,0.0,0.0,2.56,0.0,0.0,0.0,0.0,2.87,41.65,0.02,16.88,0.14,0.4,0.0,61.96
2/2/2026,2023.0,20240412.0,21227.0,40283.0,"SUNOCO, LLC",Refined and/or Petroleum Product (non-HVL),INTERSTATE,MARYLAND,0.0,,0.0,,0.0,0.0,0.0,,0.0,0.0,0.0,0.0,0.0,,0.0,,0.0,0.0,0.0,0.0,0.0,0.0,0.0,0.0,0.0,,0.0,,0.0,0.0,0.0,0.0,0.0,0.0,0.0,0.0
2/2/2026,2023.0,20240412.0,21227.0,40283.0,"SUNOCO, LLC",Refined and/or Petroleum Product (non-HVL),INTERSTATE,NEW JERSEY,0.0,0.0,0.0,0.0,0.0,0.0,0.0,0.0,0.0,0.0,0.0,0.0,0.0,0.0,0.0,0.0,0.0,0.0,0.0,0.0,0.0,0.0,0.0,0.0,0.0,0.0,0.0,0.0,0.0,0.0,0.0,0.0,0.0,0.0,0.0,0.0
2/2/2026,2023.0,20240412.0,21227.0,40283.0,"SUNOCO, LLC",Refined and/or Petroleum Product (non-HVL),INTERSTATE,NEW YORK,0.0,0.0,0.0,0.0,0.0,0.0,0.0,0.0,0.0,0.0,0.0,0.0,0.0,0.0,0.0,0.0,0.0,0.0,0.0,0.0,0.0,0.0,0.0,0.0,0.0,0.0,0.0,0.0,0.0,0.0,0.0,0.0,0.0,0.0,0.0,0.0
2/2/2026,2023.0,20240412.0,21227.0,40283.0,"SUNOCO, LLC",Refined and/or Petroleum Product (non-HVL),INTERSTATE,WASHINGTON DC,0.0,0.0,0.0,0.0,0.0,0.0,0.0,0.0,0.0,0.0,0.0,0.0,0.0,0.0,0.0,0.0,0.0,0.0,0.0,0.0,0.0,0.0,0.0,0.0,0.0,0.0,0.0,0.0,0.0,0.0,0.0,0.0,0.0,0.0,0.0,0.0
2/2/2026,2023.0,20240412.0,21227.0,40283.0,"SUNOCO, LLC",Refined and/or Petroleum Product (non-HVL),INTRASTATE,NEW JERSEY,0.0,0.0,0.0,0.0,0.0,0.0,0.0,0.0,1.05,0.01,0.0,1.06,0.0,0.0,0.0,0.0,0.0,0.0,0.0,0.0,0.0,0.0,0.0,0.0,0.0,0.0,0.0,0.0,0.0,0.0,0.0,0.0,1.05,0.01,0.0,1.06
2/2/2026,2023.0,20240412.0,21227.0,40283.0,"SUNOCO, LLC",Refined and/or Petroleum Product (non-HVL),INTRASTATE,OHIO,0.0,0.0,0.0,0.0,0.0,0.0,0.0,0.0,0.0,0.0,0.81,0.81,0.0,0.0,0.0,0.0,0.0,0.0,0.0,0.0,0.0,0.0,0.0,0.0,0.0,0.0,0.0,0.0,0.0,0.0,0.0,0.0,0.0,0.0,0.81,0.81
2/2/2026,2023.0,20240412.0,21227.0,40283.0,"SUNOCO, LLC",Refined and/or Petroleum Product (non-HVL),INTRASTATE,VIRGINIA,0.0,0.0,0.0,0.0,0.0,0.0,0.0,0.0,0.0,0.0,0.0,0.0,0.0,0.0,0.0,0.0,0.0,0.0,0.0,0.0,0.0,0.0,0.0,0.0,0.0,0.0,0.0,0.0,0.0,0.0,0.0,0.0,0.0,0.0,0.0,0.0
2/2/2026,2023.0,20240616.0,21437.0,40295.0,"FUNDARE RESOURCES OPERATING COMPANY, LLC",Crude Oil,INTRASTATE,COLORADO,,,,,,,,,,,,0.0,,,,,,,,,,,,0.0,,,,,,,,,,,,
2/2/2026,2023.0,20240617.0,21438.0,40295.0,"FUNDARE RESOURCES OPERATING COMPANY, LLC",HVL,INTRASTATE,COLORADO,,,,,,,,,,,,0.0,,,,,,,,,,,,0.0,,,,,,,,,,,,
2/2/2026,2023.0,20240119.0,20895.0,40306.0,SWISSPORT INC,Refined and/or Petroleum Product (non-HVL),INTRASTATE,NEVADA,,,,,,,,,,,3.7,3.7,,,,,,,,,,,,0.0,,,,,,,,,,,3.7,3.7
2/2/2026,2023.0,20240178.0,20974.0,40313.0,"CALNRG OPERATING, LLC",Crude Oil,INTRASTATE,CALIFORNIA,,,,,,,,,,,,0.0,,,0.61,2.05,,,,,,,,2.66,,,0.61,2.05,,,,,,,,2.66
2/2/2026,2023.0,20240508.0,21325.0,40318.0,OLYMPUS TERMINALS LLC,Crude Oil,INTRASTATE,CALIFORNIA,,,,,,,,,,,,0.0,,,,,,,,,,,,0.0,,,,,,,,,,,,
2/2/2026,2023.0,20240509.0,21626.0,40318.0,OLYMPUS TERMINALS LLC,Refined and/or Petroleum Product (non-HVL),INTRASTATE,CALIFORNIA,,,,,,,,,,,,0.0,,,,,,,,,,,,0.0,,,,,,,,,,,,
2/2/2026,2023.0,20240051.0,20802.0,40321.0,PINNACLE DOS PICOS LLC,Crude Oil,INTRASTATE,TEXAS,,,,,,,,,,,,0.0,,,,,,,,,,,,0.0,,,,,,,,,,,,
2/2/2026,2023.0,20240110.0,20884.0,40322.0,CONTANGO RESOURCES,CO2,INTERSTATE,WYOMING,,,,,,,,,,,,0.0,,,,,,,,,,,,0.0,,,,,,,,,,,,
2/2/2026,2023.0,20240110.0,20884.0,40322.0,CONTANGO RESOURCES,CO2,INTRASTATE,WYOMING,,,,,,,,,155.0,,,155.0,,,,,,,,,,,,0.0,,,,,,,,,155.0,,,155.0
2/2/2026,2023.0,20240005.0,20746.0,40325.0,PLACID MIDSTREAM LLC,Crude Oil,INTRASTATE,LOUISIANA,,,,,,,,16.0,,,,16.0,,,,,,,,,,,,0.0,,,,,,,,16.0,,,,16.0
2/2/2026,2023.0,20240099.0,21600.0,40329.0,NAVIGATOR PANHANDLE HOLDCO LLC,Crude Oil,INTERSTATE,OKLAHOMA,,,,,,,,,,184.65,,184.65,,,,,,,,,,,,0.0,,,,,,,,,,184.65,,184.65
2/2/2026,2023.0,20240100.0,20868.0,40330.0,NAVIGATOR PH CROSSING LLC,Crude Oil,INTERSTATE,OKLAHOMA,,,,,,,,,,,16.12,16.12,,,,,,,,,,,,0.0,,,,,,,,,,,16.12,16.12
2/2/2026,2023.0,20240100.0,20868.0,40330.0,NAVIGATOR PH CROSSING LLC,Crude Oil,INTERSTATE,TEXAS,,,,,,,,,,,49.38,49.38,,,,,,,,,,,,0.0,,,,,,,,,,,49.38,49.38
2/2/2026,2023.0,20250003.0,21667.0,40335.0,PHOENIX PARK ENERGY MARKETING LLC,HVL,INTRASTATE,TEXAS,,,,,,,,,,2.48,,2.48,,,,,47.08,0.01,,,,,,47.09,,,,,47.08,0.01,,,,2.48,,49.57
2/2/2026,2023.0,20240257.0,21065.0,40337.0,CRESTONE PEAK RESOURCES LP,Crude Oil,INTRASTATE,COLORADO,,,,,,,,,,,,0.0,,,,,,,,,,,,0.0,,,,,,,,,,,,
2/2/2026,2023.0,20240449.0,21606.0,40379.0,NOBLE ENERGY INC,Crude Oil,INTRASTATE,TEXAS,0.0,0.0,0.0,0.0,0.0,0.0,0.0,0.0,0.0,7.91,0.61,8.52,0.0,0.0,0.0,0.0,0.0,0.0,0.0,0.0,0.0,0.0,0.0,0.0,0.0,0.0,0.0,0.0,0.0,0.0,0.0,0.0,0.0,7.91,0.61,8.52
2/2/2026,2023.0,20240603.0,21421.0,40414.0,"BKV MIDSTREAM, LLC",CO2,INTRASTATE,TEXAS,,,,,,,,,,,1.3,1.3,,,,,,,,,,,,0.0,,,,,,,,,,,1.3,1.3
2/2/2026,2023.0,20240418.0,21233.0,40419.0,CHEVRON MIDSTREAM SERVICES LLC,Crude Oil,INTRASTATE,COLORADO,,,,,,,,,,122.89,81.77,204.66,,,,,,,,,,,,0.0,,,,,,,,,,122.89,81.77,204.66
2/2/2026,2023.0,20240418.0,21233.0,40419.0,CHEVRON MIDSTREAM SERVICES LLC,Crude Oil,INTRASTATE,TEXAS,,,,,,,,,,79.75,,79.75,,,,,,,,,,,,0.0,,,,,,,,,,79.75,,79.75
2/2/2026,2023.0,20240666.0,21487.0,40423.0,BAYOU MIDSTREAM,Crude Oil,INTRASTATE,MONTANA,,,,,,,,,,,6.93,6.93,,,,,,,,,,,,0.0,,,,,,,,,,,6.93,6.93
2/2/2026,2023.0,20240666.0,21487.0,40423.0,BAYOU MIDSTREAM,Crude Oil,INTRASTATE,NORTH DAKOTA,,,,,,,,,,23.01,,23.01,,,,,,,,,,,,0.0,,,,,,,,,,23.01,,23.01
2/2/2026,2023.0,20240060.0,20811.0,40425.0,"DOW HYDROCARBONS & RESOURCES, INC, GRAND BAYOU OPERATIONS",HVL,INTRASTATE,LOUISIANA,0.0,0.0,0.0,0.0,0.0,0.0,0.0,0.0,0.0,0.0,0.0,0.0,0.0,0.0,0.0,0.0,0.0,0.0,0.0,0.0,0.0,0.0,0.0,0.0,0.0,0.0,0.0,0.0,0.0,0.0,0.0,0.0,0.0,0.0,0.0,0.0
2/2/2026,2023.0,20240076.0,20833.0,40429.0,GAP MIDSTREAM LLC,Crude Oil,INTRASTATE,NORTH DAKOTA,,,,,,,,,,0.44,,0.44,,,,,68.39,,,,,,,68.39,,,,,68.39,,,,,0.44,,68.83
2/2/2026,2023.0,20240362.0,21176.0,40438.0,"PERMIAN RESOURCES OPERATING, LLC",Crude Oil,INTRASTATE,TEXAS,,,,,,,,,,1.09,0.18,1.27,,,,,,,,,,,,0.0,,,,,,,,,,1.09,0.18,1.27
2/2/2026,2023.0,20240594.0,21541.0,40461.0,"GOM SHELF, LLC",Crude Oil,INTERSTATE,LOUISIANA,,,,,,,,,,,,0.0,,,,,,,,,,,,0.0,,,,,,,,,,,,
2/2/2026,2023.0,20240594.0,21541.0,40461.0,"GOM SHELF, LLC",Crude Oil,INTERSTATE,OCS-Gulf of Mexico,,,,,,,,,,,,0.0,,,,,,,,,,,,0.0,,,,,,,,,,,,
2/2/2026,2023.0,20240594.0,21541.0,40461.0,"GOM SHELF, LLC",Crude Oil,INTRASTATE,LOUISIANA,,,,,,,,,,,,0.0,,,,,,,,,,,,0.0,,,,,,,,,,,,
2/2/2026,2023.0,20240046.0,20797.0,40466.0,"GEOSOUTHERN OPERATING II, LLC",Crude Oil,INTRASTATE,TEXAS,,,,,,,,,,,,0.0,,,,,,,,,,,,0.0,,,,,,,,,,,,
2/2/2026,2023.0,20240015.0,20765.0,40475.0,PACIFIC PIPELINE COMPANY,Crude Oil,INTRASTATE,CALIFORNIA,,,,,,,,10.85,,0.02,,10.87,,,,,,,,,,,,0.0,,,,,,,,10.85,,0.02,,10.87
2/2/2026,2023.0,20240179.0,20975.0,40479.0,ADVANTAGE PIPELINE LLC,Crude Oil,INTRASTATE,TEXAS,3.48,,,,,,,,,64.77,,68.25,,,,,,,,,,,,0.0,3.48,,,,,,,,,64.77,,68.25
2/2/2026,2023.0,20240177.0,21562.0,40498.0,PLAINS PIPELINE MIDCON LLC,Crude Oil,INTERSTATE,COLORADO,,,,,,,6.95,,,,,6.95,,,,,,,,,,,,0.0,,,,,,,6.95,,,,,6.95
2/2/2026,2023.0,20240177.0,21562.0,40498.0,PLAINS PIPELINE MIDCON LLC,Crude Oil,INTERSTATE,KANSAS,0.26,,,,,3.95,22.6,1.53,0.04,51.48,0.09,79.95,,,,,9.3,,,,,,,9.3,0.26,,,,9.3,3.95,22.6,1.53,0.04,51.48,0.09,89.25
2/2/2026,2023.0,20240177.0,21562.0,40498.0,PLAINS PIPELINE MIDCON LLC,Crude Oil,INTERSTATE,OKLAHOMA,,,,,0.26,,,,0.13,263.43,0.39,264.21,,,,,194.36,3.7,,,,,,198.06,,,,,194.62,3.7,,,0.13,263.43,0.39,462.27
2/2/2026,2023.0,20240177.0,21562.0,40498.0,PLAINS PIPELINE MIDCON LLC,Crude Oil,INTERSTATE,TEXAS,,,,,,,,,,11.7,,11.7,,,,,,,,,,,,0.0,,,,,,,,,,11.7,,11.7
2/2/2026,2023.0,20240177.0,21562.0,40498.0,PLAINS PIPELINE MIDCON LLC,Crude Oil,INTRASTATE,COLORADO,,,,,,,,,,0.08,,0.08,,,,,,,,,,,,0.0,,,,,,,,,,0.08,,0.08
2/2/2026,2023.0,20240177.0,21562.0,40498.0,PLAINS PIPELINE MIDCON LLC,Crude Oil,INTRASTATE,KANSAS,,,,,,,,,,0.14,,0.14,,,,,,,,,,,,0.0,,,,,,,,,,0.14,,0.14
2/2/2026,2023.0,20240177.0,21562.0,40498.0,PLAINS PIPELINE MIDCON LLC,Crude Oil,INTRASTATE,OKLAHOMA,0.16,,,,,64.19,,10.99,2.13,45.85,0.12,123.44,,,0.61,18.58,43.48,,,,,,,62.67,0.16,,0.61,18.58,43.48,64.19,,10.99,2.13,45.85,0.12,186.11
2/2/2026,2023.0,20240118.0,21781.0,40526.0,AIRCRAFT SERVICE INTERNATIONAL INC,Refined and/or Petroleum Product (non-HVL),INTRASTATE,TEXAS,0.0,0.0,0.0,0.0,0.0,0.0,1.3,0.0,0.0,0.0,0.19,1.49,0.0,0.0,0.0,0.0,0.0,0.0,0.0,0.0,0.0,0.0,0.0,0.0,0.0,0.0,0.0,0.0,0.0,0.0,1.3,0.0,0.0,0.0,0.19,1.49
2/2/2026,2023.0,20240673.0,21625.0,40534.0,JET INFRASTRUCTURE,Refined and/or Petroleum Product (non-HVL),INTERSTATE,NEW MEXICO,,,,,,,,,,,,0.0,,,,,68.52,,,,,,,68.52,,,,,68.52,,,,,,,68.52
2/2/2026,2023.0,20240673.0,21625.0,40534.0,JET INFRASTRUCTURE,Refined and/or Petroleum Product (non-HVL),INTERSTATE,TEXAS,,,,,,,,,,,,0.0,,,,,4.5,,,,,,,4.5,,,,,4.5,,,,,,,4.5
2/2/2026,2023.0,20240673.0,21625.0,40534.0,JET INFRASTRUCTURE,Refined and/or Petroleum Product (non-HVL),INTRASTATE,CALIFORNIA,,,,,,,,,4.26,,,4.26,,,,,,,,,,,,0.0,,,,,,,,,4.26,,,4.26
2/2/2026,2023.0,20240673.0,21625.0,40534.0,JET INFRASTRUCTURE,Refined and/or Petroleum Product (non-HVL),INTRASTATE,FLORIDA,,,,,,,,,,,,0.0,,,,,,,,,,,,0.0,,,,,,,,,,,,
2/2/2026,2023.0,20240673.0,21625.0,40534.0,JET INFRASTRUCTURE,Refined and/or Petroleum Product (non-HVL),INTRASTATE,GEORGIA,,,,,,,,,,,,0.0,,,,,,,,,,,,0.0,,,,,,,,,,,,
2/2/2026,2023.0,20240673.0,21625.0,40534.0,JET INFRASTRUCTURE,Refined and/or Petroleum Product (non-HVL),INTRASTATE,NEVADA,,,,,,,,3.03,,,,3.03,,,,,,,,,,,,0.0,,,,,,,,3.03,,,,3.03
2/2/2026,2023.0,20240673.0,21625.0,40534.0,JET INFRASTRUCTURE,Refined and/or Petroleum Product (non-HVL),INTRASTATE,TENNESSEE,,,,,,,,,11.1,,,11.1,,,,,,,,,,,,0.0,,,,,,,,,11.1,,,11.1
2/2/2026,2023.0,20240227.0,21034.0,40538.0,ZARVONA ENERGY LLC,Crude Oil,INTRASTATE,TEXAS,,,,,,,,,,,,0.0,,,,,,,,,,,,0.0,,,,,,,,,,,,
2/2/2026,2023.0,20240047.0,21784.0,40539.0,"SLANT OPERATING, LLC",Crude Oil,INTRASTATE,TEXAS,5.22,,,,,,,,,,,5.22,,,,,,,,,,,,0.0,5.22,,,,,,,,,,,5.22
2/2/2026,2023.0,20240045.0,20796.0,40559.0,"GATHERER MIDSTREAM, LLC",Crude Oil,INTRASTATE,TEXAS,,,,,,,,,,,,0.0,,,,,,,,,,,,0.0,,,,,,,,,,,,
2/2/2026,2023.0,20240520.0,21337.0,40586.0,BPX MIDSTREAM LLC,Crude Oil,INTRASTATE,TEXAS,,,,,,,,,,,4.74,4.74,,,,,,,,,,,,0.0,,,,,,,,,,,4.74,4.74
2/2/2026,2023.0,20240268.0,21078.0,40624.0,"PAR ROCKY MOUNTAIN MIDSTREAM, LLC",Crude Oil,INTRASTATE,MONTANA,,,,,,,,0.73,1.07,0.57,,2.37,20.24,,40.55,2.55,0.01,,,,,,,63.35,20.24,,40.55,2.55,0.01,,,0.73,1.07,0.57,,65.72
2/2/2026,2023.0,20240247.0,21076.0,40624.0,"PAR ROCKY MOUNTAIN MIDSTREAM, LLC",Refined and/or Petroleum Product (non-HVL),INTERSTATE,WASHINGTON,,,,,,,,,,,,0.0,,,,,,,,,,,,0.0,,,,,,,,,,,,
2/2/2026,2023.0,20240424.0,21239.0,40647.0,"DLK BLACK RIVER MIDSTREAM, LLC",HVL,INTRASTATE,NEW MEXICO,,,,,,,,,,,1.048,1.048,,,,,,,,,,,,0.0,,,,,,,,,,,1.048,1.048
2/2/2026,2023.0,20240565.0,21382.0,40668.0,ENBRIDGE HOLDINGS (GRAY OAK) LLC,Crude Oil,INTRASTATE,TEXAS,0.0,0.0,0.0,0.0,0.0,0.0,0.0,0.0,0.0,348.666,17.177,365.843,0.0,0.0,0.0,0.0,0.0,0.0,0.0,0.0,0.0,0.0,0.0,0.0,0.0,0.0,0.0,0.0,0.0,0.0,0.0,0.0,0.0,348.666,17.177,365.843
2/2/2026,2023.0,20240599.0,21797.0,40680.0,"GUARDIAN DECOMMISSIONING, INC.",Crude Oil,INTERSTATE,LOUISIANA,,,,,,,,,,,,0.0,,,,,,,,,,,,0.0,,,,,,,,,,,,
2/2/2026,2023.0,20240717.0,21564.0,40701.0,"CARDINAL DELAWARE BASIN, LLC",HVL,INTRASTATE,TEXAS,,,,,,,,,,6.52,,6.52,,,,,,,,,,,,0.0,,,,,,,,,,6.52,,6.52
2/2/2026,2023.0,20240690.0,21608.0,40702.0,BETA CRUDE CONNECTOR,Crude Oil,INTRASTATE,TEXAS,,,,,,,,,,,,0.0,,,,,,,,,,3.4,69.76,73.16,,,,,,,,,,3.4,69.76,73.16
2/2/2026,2023.0,20240707.0,21532.0,40706.0,LGOT LP,Crude Oil,INTRASTATE,LOUISIANA,,,,,,,,,,,,0.0,14.0,,,,,,,,,,,14.0,14.0,,,,,,,,,,,14.0
2/2/2026,2023.0,20240007.0,20749.0,40707.0,GRANITE CREEK ENERGY LLC,Crude Oil,INTRASTATE,WYOMING,,,,,,,,,,,,0.0,,,,,11.4,,,,,,,11.4,,,,,11.4,,,,,,,11.4
2/2/2026,2023.0,20240718.0,21583.0,40714.0,"SILVER MOUNTAIN ENERGY, LLC",CO2,INTRASTATE,COLORADO,,,,,,,,,15.0,,,15.0,,,,,,,,,,,,0.0,,,,,,,,,15.0,,,15.0
2/2/2026,2023.0,20250721.0,22541.0,40718.0,"OSWEGO HARBOR POWER, LLC",Refined and/or Petroleum Product (non-HVL),INTRASTATE,NEW YORK,,,,,,,,,,,,0.0,,,,,,4.2,,,,,,4.2,,,,,,4.2,,,,,,4.2
2/2/2026,2023.0,20240160.0,20956.0,40719.0,NRG MAINTENANCE SERVICES LLC.,CO2,INTRASTATE,TEXAS,,,,,,,,,,0.36,,0.36,,,,,,,,,,,,0.0,,,,,,,,,,0.36,,0.36
2/2/2026,2023.0,20240506.0,21609.0,40759.0,"TIVOLI SERVICES, LLC",Crude Oil,INTRASTATE,TEXAS,136.68,,,,,,,,,,,136.68,,,,,,,,,,,,0.0,136.68,,,,,,,,,,,136.68
2/2/2026,2023.0,20240181.0,20977.0,40765.0,POPB NM CRUDE II LLC,Crude Oil,INTERSTATE,NEW MEXICO,,,,,,,,,,,28.0,28.0,,,,,,,,,,,,0.0,,,,,,,,,,,28.0,28.0
2/2/2026,2023.0,20240108.0,20882.0,40768.0,"KINETIK HOLDINGS, LP",Crude Oil,INTRASTATE,TEXAS,,,,,,,,,,65.65,,65.65,,,,,,,,,,,,0.0,,,,,,,,,,65.65,,65.65
2/2/2026,2023.0,20240107.0,20881.0,40768.0,"KINETIK HOLDINGS, LP",HVL,INTRASTATE,TEXAS,,,,,,,,,,123.32,0.22,123.54,,,,,,,,,,,,0.0,,,,,,,,,,123.32,0.22,123.54
2/2/2026,2023.0,20240714.0,21545.0,40775.0,JEFFERSON RAILPORT TERMINAL I TEXAS LLC,Crude Oil,INTRASTATE,TEXAS,,,,,,,,,,,,0.0,,,,,,,,,,,,0.0,,,,,,,,,,,,
2/2/2026,2023.0,20240668.0,21489.0,40797.0,MUSTANG HOLDING LLC,Crude Oil,INTERSTATE,ALASKA,,,,,,,,,,,,0.0,,,,,,,,,,,,0.0,,,,,,,,,,,,
2/2/2026,2023.0,20240116.0,20890.0,40801.0,"BOARDWALK PURITY PIPELINES COMPANY, LLC",HVL,INTRASTATE,TEXAS,0.0,0.0,0.0,0.0,0.0,0.0,0.0,0.0,0.0,0.0,0.0,0.0,0.0,0.0,0.0,0.0,0.0,0.0,0.0,0.0,0.0,0.0,0.0,0.0,0.0,0.0,0.0,0.0,0.0,0.0,0.0,0.0,0.0,0.0,0.0,0.0
2/2/2026,2023.0,20240357.0,21533.0,40870.0,CENTRAL CRUDE INC,Crude Oil,INTRASTATE,LOUISIANA,,,31.9,,47.8,,,,,,,79.7,,,,,,,,,,,,0.0,,,31.9,,47.8,,,,,,,79.7
2/2/2026,2023.0,20240659.0,21480.0,99001.0,DEFENSE FUEL SUPPLY POINT,Refined and/or Petroleum Product (non-HVL),INTRASTATE,SOUTH CAROLINA,,,,,,,,,,,,0.0,,,,,0.53,,,,,,,0.53,,,,,0.53,,,,,,,0.53
2/2/2026,2023.0,20240602.0,21420.0,99002.0,TAMPA AIRPORT PIPELINE CORPORATION,Refined and/or Petroleum Product (non-HVL),INTRASTATE,FLORIDA,,,,,,8.981,,,,0.77,0.749,10.5,,,,,,,,,,,,0.0,,,,,,8.981,,,,0.77,0.749,10.5
2/2/2026,2023.0,20240329.0,21140.0,99031.0,CITGO PETROLEUM CORPORATION (TERMINALS),Refined and/or Petroleum Product (non-HVL),INTRASTATE,FLORIDA,0.0,0.0,0.0,0.0,0.0,0.562,0.651,0.0,0.007,0.0,0.0,1.22,0.0,0.0,0.0,0.0,0.0,0.0,0.0,0.0,0.0,0.0,0.0,0.0,0.0,0.0,0.0,0.0,0.0,0.562,0.651,0.0,0.007,0.0,0.0,1.22
2/2/2026,2023.0,20240329.0,21140.0,99031.0,CITGO PETROLEUM CORPORATION (TERMINALS),Refined and/or Petroleum Product (non-HVL),INTRASTATE,ILLINOIS,0.0,0.0,0.0,0.0,0.0,0.0,0.0,0.0,0.0,,0.006,0.006,0.0,0.0,0.0,0.0,0.316,0.0,0.0,0.0,0.0,0.0,0.0,0.316,0.0,0.0,0.0,0.0,0.316,0.0,0.0,0.0,0.0,0.0,0.006,0.322
2/2/2026,2023.0,20240329.0,21140.0,99031.0,CITGO PETROLEUM CORPORATION (TERMINALS),Refined and/or Petroleum Product (non-HVL),INTRASTATE,INDIANA,0.0,0.0,0.0,0.0,0.0,0.0,0.0,0.0,0.105,0.001,0.097,0.203,0.182,0.0,2.091,0.0,2.719,0.0,0.0,0.0,0.0,0.0,0.0,4.992,0.182,0.0,2.091,0.0,2.719,0.0,0.0,0.0,0.105,0.001,0.097,5.195
2/2/2026,2023.0,20240329.0,21140.0,99031.0,CITGO PETROLEUM CORPORATION (TERMINALS),Refined and/or Petroleum Product (non-HVL),INTRASTATE,MICHIGAN,0.0,0.0,0.0,0.0,0.0,0.0,0.0,0.0,0.0,0.0,0.0,0.0,0.0,0.0,0.0,0.255,0.0,0.0,0.0,0.0,0.0,0.0,0.0,0.255,0.0,0.0,0.0,0.255,0.0,0.0,0.0,0.0,0.0,0.0,0.0,0.255
2/2/2026,2023.0,20240329.0,21140.0,99031.0,CITGO PETROLEUM CORPORATION (TERMINALS),Refined and/or Petroleum Product (non-HVL),INTRASTATE,NEW JERSEY,0.0,0.0,0.0,0.0,0.0,0.512,3.633,0.125,0.038,0.002,0.495,4.805,0.0,0.0,1.05,0.0,0.279,0.0,0.0,0.0,0.0,0.0,0.0,1.329,0.0,0.0,1.05,0.0,0.279,0.512,3.633,0.125,0.038,0.002,0.495,6.134
2/2/2026,2023.0,20240329.0,21140.0,99031.0,CITGO PETROLEUM CORPORATION (TERMINALS),Refined and/or Petroleum Product (non-HVL),INTRASTATE,OHIO,0.0,0.0,0.0,0.0,0.0,0.0,0.0,0.0,0.0,0.0,1.058,1.058,0.0,0.0,0.913,0.0,0.0,0.0,0.0,0.0,0.0,0.0,0.0,0.913,0.0,0.0,0.913,0.0,0.0,0.0,0.0,0.0,0.0,0.0,1.058,1.971
2/2/2026,2023.0,20240023.0,20774.0,99043.0,PETROLEUM FUEL AND TERMINAL COMPANY,Refined and/or Petroleum Product (non-HVL),INTRASTATE,MARYLAND,,,,,,,,,0.007,0.83,0.0,0.837,,,,2.263,,,,,,,0.0,2.263,,,,2.263,,,,,0.007,0.83,0.0,3.1
,,,,,,,,,,,,,,,,,,,,,,,,,,,,,,,,,,,,,,,,,,,,
,,,,,,,,,,,,,,,,,,,,,,,,,,,,,,,,,,,,,,,,,,,,
,,,,,,,,,,,,,,,,,,,,,,,,,,,,,,,,,,,,,,,,,,,,
,,,,,,,,,,,,,,,,,,,,,,,,,,,,,,,,,,,,,,,,,,,,
,,,,,,,,,,,,,,,,,,,,,,,,,,,,,,,,,,,,,,,,,,,,
,,,,,,,,,,,,,,,,,,,,,,,,,,,,,,,,,,,,,,,,,,,,
,,,,,,,,,,,,,,,,,,,,,,,,,,,,,,,,,,,,,,,,,,,,
,,,,,,,,,,,,,,,,,,,,,,,,,,,,,,,,,,,,,,,,,,,,
