DATAFILE_AS_OF,REPORT_YEAR,REPORT_NUMBER,SUPPLEMENTAL_NUMBER,OPERATOR_ID,PARTA2NAMEOFCOMP,PARTA5COMMODITY,INTER_INTRA,STATE_NAME,PARTTSMEHCAM1,PARTTSMEHCAM2,PARTTSMETOT,PARTTRRHCAM1,PARTTRRHCAM2,PARTTRRTOT,PARTTQHCAM1,PARTTQHCAM2,PARTTQTOT,PARTTPHCAM1,PARTTPHCAM2,PARTTPTOT,PARTTSBHCAM1,PARTTSBHCAM2,PARTTSBTOT,PARTTOHCAM1,PARTTOHCAM2,PARTTOTOT,PARTTHCAM1TOT,PARTTHCAM2TOT,PARTTRMTTOT,PARTTOTHDESC
2/2/2026,2023.0,20241067.0,44687.0,3.0,ACADIAN GAS PIPELINE SYSTEM,Natural Gas,INTRASTATE,LOUISIANA,0.0,0.0,0.0,0.0,25.079,25.079,0.0,0.0,0.0,0.0,0.0,0.0,0.0,0.0,0.0,0.0,0.0,0.0,0.0,25.079,25.079,
2/2/2026,2023.0,20240843.0,44043.0,117.0,AIR PRODUCTS & CHEMICALS INC,Hydrogen Gas,INTERSTATE,LOUISIANA,0.0,0.0,0.0,0.0,0.0,0.0,0.0,4.54,4.54,0.0,0.0,0.0,0.0,0.0,0.0,0.0,0.0,0.0,0.0,4.54,4.54,
2/2/2026,2023.0,20240843.0,44043.0,117.0,AIR PRODUCTS & CHEMICALS INC,Hydrogen Gas,INTERSTATE,TEXAS,0.0,0.0,0.0,0.0,0.0,0.0,0.0,10.99,10.99,0.0,0.0,0.0,0.0,0.0,0.0,0.0,0.0,0.0,0.0,10.99,10.99,
2/2/2026,2023.0,20240843.0,44043.0,117.0,AIR PRODUCTS & CHEMICALS INC,Hydrogen Gas,INTRASTATE,CALIFORNIA,0.0,0.0,0.0,0.0,0.0,0.0,0.0,7.44,7.44,0.0,0.0,0.0,0.0,0.0,0.0,0.0,0.0,0.0,0.0,7.44,7.44,
2/2/2026,2023.0,20240843.0,44043.0,117.0,AIR PRODUCTS & CHEMICALS INC,Hydrogen Gas,INTRASTATE,OHIO,0.0,0.0,0.0,0.0,0.0,0.0,0.0,0.0,0.0,0.0,0.0,0.0,0.0,0.0,0.0,0.0,0.0,0.0,0.0,0.0,0.0,
2/2/2026,2023.0,20240843.0,44043.0,117.0,AIR PRODUCTS & CHEMICALS INC,Hydrogen Gas,INTRASTATE,TEXAS,0.0,0.0,0.0,0.0,0.0,0.0,0.0,0.0,0.0,0.0,0.0,0.0,0.0,0.0,0.0,0.0,0.0,0.0,0.0,0.0,0.0,
2/2/2026,2023.0,20240633.0,43828.0,117.0,AIR PRODUCTS & CHEMICALS INC,Natural Gas,INTRASTATE,TEXAS,0.0,0.0,0.0,0.0,0.0,0.0,0.0,0.09,0.09,0.0,0.0,0.0,0.0,0.0,0.0,0.0,0.0,0.0,0.0,0.09,0.09,
2/2/2026,2023.0,20240083.0,43251.0,117.0,AIR PRODUCTS & CHEMICALS INC,Other Gas-Carbon Monoxide,INTRASTATE,TEXAS,0.0,0.0,0.0,0.0,0.0,0.0,1.83,0.0,1.83,0.0,0.0,0.0,0.0,0.0,0.0,0.0,0.0,0.0,1.83,0.0,1.83,
2/2/2026,2023.0,20240184.0,43361.0,117.0,AIR PRODUCTS & CHEMICALS INC,Synthetic Gas,INTRASTATE,TEXAS,0.0,0.0,0.0,0.0,0.0,0.0,0.0,1.47,1.47,0.0,0.0,0.0,0.0,0.0,0.0,0.0,0.0,0.0,0.0,1.47,1.47,
2/2/2026,2023.0,20241297.0,44521.0,180.0,SPIRE ALABAMA INC.,Natural Gas,INTRASTATE,ALABAMA,0.0,0.0,0.0,0.0,27.66,27.66,0.0,0.0,0.0,0.0,0.0,0.0,0.0,0.0,0.0,0.0,0.0,0.0,0.0,27.66,27.66,
2/2/2026,2023.0,20240593.0,44668.0,189.0,"BBT ALATENN, LLC",Natural Gas,INTERSTATE,ALABAMA,0.0,0.0,0.0,0.0,24.614,24.614,0.0,0.0,0.0,0.0,0.0,0.0,0.0,0.0,0.0,0.0,0.0,0.0,0.0,24.614,24.614,
2/2/2026,2023.0,20240593.0,44668.0,189.0,"BBT ALATENN, LLC",Natural Gas,INTERSTATE,MISSISSIPPI,0.0,0.0,0.0,0.0,0.473,0.473,0.0,0.0,0.0,0.0,0.0,0.0,0.0,0.0,0.0,0.0,0.0,0.0,0.0,0.473,0.473,
2/2/2026,2023.0,20240593.0,44668.0,189.0,"BBT ALATENN, LLC",Natural Gas,INTERSTATE,TENNESSEE,0.0,0.0,0.0,0.0,0.259,0.259,0.0,0.0,0.0,0.0,0.0,0.0,0.0,0.0,0.0,0.0,0.0,0.0,0.0,0.259,0.259,
2/2/2026,2023.0,20241344.0,44571.0,207.0,"ALASKA PIPELINE COMPANY, LLC",Natural Gas,INTRASTATE,ALASKA,0.0,0.0,0.0,0.0,41.318,41.318,0.0,0.0,0.0,0.0,0.0,0.0,0.0,0.0,0.0,0.0,0.0,0.0,0.0,41.318,41.318,
2/2/2026,2023.0,20240580.0,43773.0,270.0,"ALEXANDRIA MUNICIPLE GAS SYSTEM, CITY OF",Natural Gas,INTRASTATE,LOUISIANA,0.0,0.0,0.0,0.0,0.0,0.0,0.0,0.0,0.0,0.0,0.0,0.0,0.0,0.0,0.0,0.0,0.0,0.0,0.0,0.0,0.0,
2/2/2026,2023.0,20240737.0,44952.0,288.0,"ALGONQUIN GAS TRANSMISSION, LLC",Natural Gas,INTERSTATE,CONNECTICUT,0.0,0.0,0.0,0.0,0.0,0.0,0.0,109.94,109.94,0.0,0.0,0.0,0.0,0.0,0.0,0.0,0.0,0.0,0.0,109.94,109.94,
2/2/2026,2023.0,20240737.0,44952.0,288.0,"ALGONQUIN GAS TRANSMISSION, LLC",Natural Gas,INTERSTATE,MASSACHUSETTS,0.0,0.0,0.0,0.0,0.0,0.0,0.0,114.47,114.47,0.0,0.0,0.0,0.0,0.0,0.0,0.0,0.0,0.0,0.0,114.47,114.47,
2/2/2026,2023.0,20240737.0,44952.0,288.0,"ALGONQUIN GAS TRANSMISSION, LLC",Natural Gas,INTERSTATE,NEW JERSEY,0.0,0.0,0.0,0.0,0.0,0.0,0.0,62.64,62.64,0.0,0.0,0.0,0.0,0.0,0.0,0.0,0.0,0.0,0.0,62.64,62.64,
2/2/2026,2023.0,20240737.0,44952.0,288.0,"ALGONQUIN GAS TRANSMISSION, LLC",Natural Gas,INTERSTATE,NEW YORK,0.0,0.0,0.0,0.0,0.0,0.0,0.0,48.81,48.81,0.0,0.0,0.0,0.0,0.0,0.0,0.0,0.0,0.0,0.0,48.81,48.81,
2/2/2026,2023.0,20240737.0,44952.0,288.0,"ALGONQUIN GAS TRANSMISSION, LLC",Natural Gas,INTERSTATE,RHODE ISLAND,0.0,0.0,0.0,0.0,0.0,0.0,0.0,13.27,13.27,0.0,0.0,0.0,0.0,0.0,0.0,0.0,0.0,0.0,0.0,13.27,13.27,
2/2/2026,2023.0,20240054.0,44691.0,383.0,AMARILLO NATURAL GAS INC,Natural Gas,INTRASTATE,KANSAS,0.0,0.0,0.0,0.0,0.0,0.0,0.0,0.0,0.0,0.0,0.0,0.0,0.0,0.0,0.0,0.0,0.0,0.0,0.0,0.0,0.0,
2/2/2026,2023.0,20240054.0,44691.0,383.0,AMARILLO NATURAL GAS INC,Natural Gas,INTRASTATE,TEXAS,0.0,0.0,0.0,0.0,0.0,0.0,0.0,0.0,0.0,0.0,0.0,0.0,0.0,0.0,0.0,0.0,0.0,0.0,0.0,0.0,0.0,Prescriptive Plan
2/2/2026,2023.0,20240523.0,43711.0,405.0,ANR PIPELINE CO,Natural Gas,INTERSTATE,ARKANSAS,0.0,0.0,0.0,0.0,0.0,0.0,0.0,1.774,1.774,0.0,0.0,0.0,0.0,0.0,0.0,0.0,0.0,0.0,0.0,1.774,1.774,
2/2/2026,2023.0,20240523.0,43711.0,405.0,ANR PIPELINE CO,Natural Gas,INTERSTATE,ILLINOIS,0.0,0.0,0.0,0.0,0.0,0.0,0.0,44.861,44.861,0.0,0.0,0.0,0.0,0.0,0.0,0.0,0.0,0.0,0.0,44.861,44.861,
2/2/2026,2023.0,20240523.0,43711.0,405.0,ANR PIPELINE CO,Natural Gas,INTERSTATE,INDIANA,0.0,0.0,0.0,0.0,0.0,0.0,0.0,78.215,78.215,0.0,0.0,0.0,0.0,0.0,0.0,0.0,0.0,0.0,0.0,78.215,78.215,
2/2/2026,2023.0,20240523.0,43711.0,405.0,ANR PIPELINE CO,Natural Gas,INTERSTATE,IOWA,0.0,0.0,0.0,0.0,0.0,0.0,0.0,5.2,5.2,0.0,0.0,0.0,0.0,0.0,0.0,0.0,0.0,0.0,0.0,5.2,5.2,
2/2/2026,2023.0,20240523.0,43711.0,405.0,ANR PIPELINE CO,Natural Gas,INTERSTATE,KANSAS,0.0,0.0,0.0,0.0,0.0,0.0,0.0,0.867,0.867,0.0,0.0,0.0,0.0,0.0,0.0,0.0,0.0,0.0,0.0,0.867,0.867,
2/2/2026,2023.0,20240523.0,43711.0,405.0,ANR PIPELINE CO,Natural Gas,INTERSTATE,KENTUCKY,0.0,0.0,0.0,0.0,0.0,0.0,0.0,1.775,1.775,0.0,0.0,0.0,0.0,0.0,0.0,0.0,0.0,0.0,0.0,1.775,1.775,
2/2/2026,2023.0,20240523.0,43711.0,405.0,ANR PIPELINE CO,Natural Gas,INTERSTATE,LOUISIANA,0.0,0.0,0.0,0.0,0.0,0.0,0.0,11.823,11.823,0.0,0.0,0.0,0.0,0.0,0.0,0.0,0.0,0.0,0.0,11.823,11.823,
2/2/2026,2023.0,20240523.0,43711.0,405.0,ANR PIPELINE CO,Natural Gas,INTERSTATE,MICHIGAN,0.0,0.0,0.0,0.0,0.0,0.0,0.0,90.452,90.452,0.0,0.0,0.0,0.0,0.0,0.0,0.0,0.0,0.0,0.0,90.452,90.452,
2/2/2026,2023.0,20240523.0,43711.0,405.0,ANR PIPELINE CO,Natural Gas,INTERSTATE,MISSISSIPPI,0.0,0.0,0.0,0.0,0.0,0.0,0.0,13.298,13.298,0.0,0.0,0.0,0.0,0.0,0.0,0.0,0.0,0.0,0.0,13.298,13.298,
2/2/2026,2023.0,20240523.0,43711.0,405.0,ANR PIPELINE CO,Natural Gas,INTERSTATE,MISSOURI,0.0,0.0,0.0,0.0,0.0,0.0,0.0,2.52,2.52,0.0,0.0,0.0,0.0,0.0,0.0,0.0,0.0,0.0,0.0,2.52,2.52,
2/2/2026,2023.0,20240523.0,43711.0,405.0,ANR PIPELINE CO,Natural Gas,INTERSTATE,NEBRASKA,0.0,0.0,0.0,0.0,0.0,0.0,0.0,0.0,0.0,0.0,0.0,0.0,0.0,0.0,0.0,0.0,0.0,0.0,0.0,0.0,0.0,
2/2/2026,2023.0,20240523.0,43711.0,405.0,ANR PIPELINE CO,Natural Gas,INTERSTATE,OHIO,0.0,0.0,0.0,0.0,0.0,0.0,0.0,24.945,24.945,0.0,0.0,0.0,0.0,0.0,0.0,0.0,0.0,0.0,0.0,24.945,24.945,
2/2/2026,2023.0,20240523.0,43711.0,405.0,ANR PIPELINE CO,Natural Gas,INTERSTATE,OKLAHOMA,0.0,0.0,0.0,0.0,0.0,0.0,0.0,0.0,0.0,0.0,0.0,0.0,0.0,0.0,0.0,0.0,0.0,0.0,0.0,0.0,0.0,
2/2/2026,2023.0,20240523.0,43711.0,405.0,ANR PIPELINE CO,Natural Gas,INTERSTATE,TENNESSEE,0.0,0.0,0.0,0.0,0.0,0.0,0.0,3.766,3.766,0.0,0.0,0.0,0.0,0.0,0.0,0.0,0.0,0.0,0.0,3.766,3.766,
2/2/2026,2023.0,20240523.0,43711.0,405.0,ANR PIPELINE CO,Natural Gas,INTERSTATE,TEXAS,0.0,0.0,0.0,0.0,0.0,0.0,0.0,0.0,0.0,0.0,0.0,0.0,0.0,0.0,0.0,0.0,0.0,0.0,0.0,0.0,0.0,
2/2/2026,2023.0,20240523.0,43711.0,405.0,ANR PIPELINE CO,Natural Gas,INTERSTATE,WISCONSIN,0.0,0.0,0.0,0.0,0.0,0.0,0.0,138.067,138.067,0.0,0.0,0.0,0.0,0.0,0.0,0.0,0.0,0.0,0.0,138.067,138.067,
2/2/2026,2023.0,20240523.0,43711.0,405.0,ANR PIPELINE CO,Natural Gas,INTRASTATE,MICHIGAN,0.0,0.0,0.0,0.0,0.0,0.0,0.0,0.0,0.0,0.0,0.0,0.0,0.0,0.0,0.0,0.0,0.0,0.0,0.0,0.0,0.0,
2/2/2026,2023.0,20240817.0,44017.0,473.0,"WESTERN MIDSTREAM PARTNERS, LP",Natural Gas,INTERSTATE,NEW MEXICO,0.0,0.0,0.0,0.0,0.0,0.0,0.0,0.0,0.0,0.0,0.0,0.0,0.0,0.0,0.0,0.0,0.0,0.0,0.0,0.0,0.0,
2/2/2026,2023.0,20240817.0,44017.0,473.0,"WESTERN MIDSTREAM PARTNERS, LP",Natural Gas,INTERSTATE,TEXAS,0.0,0.0,0.0,0.0,0.0,0.0,0.0,0.0,0.0,0.0,0.0,0.0,0.0,0.0,0.0,0.0,0.0,0.0,0.0,0.0,0.0,
2/2/2026,2023.0,20240817.0,44017.0,473.0,"WESTERN MIDSTREAM PARTNERS, LP",Natural Gas,INTERSTATE,WYOMING,0.0,0.0,0.0,0.0,0.0,0.0,0.0,0.0,0.0,0.0,0.0,0.0,0.0,0.0,0.0,0.0,0.0,0.0,0.0,0.0,0.0,
2/2/2026,2023.0,20240817.0,44017.0,473.0,"WESTERN MIDSTREAM PARTNERS, LP",Natural Gas,INTRASTATE,COLORADO,0.0,0.0,0.0,0.0,0.0,0.0,0.0,0.0,0.0,0.0,0.0,0.0,0.0,0.0,0.0,0.0,0.0,0.0,0.0,0.0,0.0,
2/2/2026,2023.0,20240817.0,44017.0,473.0,"WESTERN MIDSTREAM PARTNERS, LP",Natural Gas,INTRASTATE,TEXAS,0.0,0.0,0.0,0.0,0.0,0.0,0.0,0.0,0.0,0.0,0.0,0.0,0.0,0.0,0.0,0.0,0.0,0.0,0.0,0.0,0.0,
2/2/2026,2023.0,20240817.0,44017.0,473.0,"WESTERN MIDSTREAM PARTNERS, LP",Natural Gas,INTRASTATE,UTAH,0.0,0.0,0.0,0.0,0.0,0.0,0.0,0.0,0.0,0.0,0.0,0.0,0.0,0.0,0.0,0.0,0.0,0.0,0.0,0.0,0.0,
2/2/2026,2023.0,20240817.0,44017.0,473.0,"WESTERN MIDSTREAM PARTNERS, LP",Natural Gas,INTRASTATE,WYOMING,0.0,0.0,0.0,0.0,0.0,0.0,0.0,0.0,0.0,0.0,0.0,0.0,0.0,0.0,0.0,0.0,0.0,0.0,0.0,0.0,0.0,
2/2/2026,2023.0,20241148.0,44360.0,515.0,DAKOTA GASIFICATION COMPANY,Synthetic Gas,INTRASTATE,NORTH DAKOTA,0.0,0.0,0.0,0.0,0.0,0.0,0.0,0.0,0.0,0.0,0.0,0.0,0.0,0.0,0.0,0.0,0.0,0.0,0.0,0.0,0.0,
2/2/2026,2023.0,20240428.0,43615.0,570.0,FERNDALE PIPELINE SYSTEM,Natural Gas,INTRASTATE,WASHINGTON,0.0,2.0,2.0,0.0,0.0,0.0,0.0,0.0,0.0,0.0,0.0,0.0,0.0,0.0,0.0,0.0,0.0,0.0,0.0,2.0,2.0,
2/2/2026,2023.0,20240382.0,43568.0,585.0,ARGYLE MUNICIPAL GAS SYSTEM,Natural Gas,INTRASTATE,MINNESOTA,0.0,0.0,0.0,0.0,0.0,0.0,0.0,0.0,0.0,0.0,0.0,0.0,0.0,0.0,0.0,0.0,0.0,0.0,0.0,0.0,0.0,
2/2/2026,2023.0,20240682.0,43877.0,602.0,"ENABLE GAS TRANSMISSION, LLC",Natural Gas,INTERSTATE,ARKANSAS,0.0,0.0,0.0,0.0,50.34,50.34,0.0,0.0,0.0,0.0,0.0,0.0,0.0,0.0,0.0,0.0,0.0,0.0,0.0,50.34,50.34,
2/2/2026,2023.0,20240682.0,43877.0,602.0,"ENABLE GAS TRANSMISSION, LLC",Natural Gas,INTERSTATE,KANSAS,0.0,0.0,0.0,0.0,1.47,1.47,0.0,0.0,0.0,0.0,0.0,0.0,0.0,0.0,0.0,0.0,0.0,0.0,0.0,1.47,1.47,
2/2/2026,2023.0,20240682.0,43877.0,602.0,"ENABLE GAS TRANSMISSION, LLC",Natural Gas,INTERSTATE,LOUISIANA,0.0,0.0,0.0,0.0,10.48,10.48,0.0,0.0,0.0,0.0,0.0,0.0,0.0,0.0,0.0,0.0,0.0,0.0,0.0,10.48,10.48,
2/2/2026,2023.0,20240682.0,43877.0,602.0,"ENABLE GAS TRANSMISSION, LLC",Natural Gas,INTERSTATE,MISSISSIPPI,0.0,0.0,0.0,0.0,0.24,0.24,0.0,0.0,0.0,0.0,0.0,0.0,0.0,0.0,0.0,0.0,0.0,0.0,0.0,0.24,0.24,
2/2/2026,2023.0,20240682.0,43877.0,602.0,"ENABLE GAS TRANSMISSION, LLC",Natural Gas,INTERSTATE,MISSOURI,0.0,0.0,0.0,0.0,0.0,0.0,0.0,0.0,0.0,0.0,0.0,0.0,0.0,0.0,0.0,0.0,0.0,0.0,0.0,0.0,0.0,
2/2/2026,2023.0,20240682.0,43877.0,602.0,"ENABLE GAS TRANSMISSION, LLC",Natural Gas,INTERSTATE,OKLAHOMA,0.0,0.0,0.0,0.0,13.86,13.86,0.0,0.0,0.0,0.0,0.0,0.0,0.0,0.0,0.0,0.0,0.0,0.0,0.0,13.86,13.86,
2/2/2026,2023.0,20240682.0,43877.0,602.0,"ENABLE GAS TRANSMISSION, LLC",Natural Gas,INTERSTATE,TENNESSEE,0.0,0.0,0.0,0.0,0.0,0.0,0.0,0.0,0.0,0.0,0.0,0.0,0.0,0.0,0.0,0.0,0.0,0.0,0.0,0.0,0.0,
2/2/2026,2023.0,20240682.0,43877.0,602.0,"ENABLE GAS TRANSMISSION, LLC",Natural Gas,INTERSTATE,TEXAS,0.0,0.0,0.0,0.0,8.8,8.8,0.0,0.0,0.0,0.0,0.0,0.0,0.0,0.0,0.0,0.0,0.0,0.0,0.0,8.8,8.8,
2/2/2026,2023.0,20241348.0,44931.0,603.0,SUMMIT UTILITIES INC.,Natural Gas,INTRASTATE,ARKANSAS,0.0,0.0,0.0,0.0,7.66,7.66,0.0,0.0,0.0,0.0,0.0,0.0,0.0,0.0,0.0,0.0,0.0,0.0,0.0,7.66,7.66,
2/2/2026,2023.0,20241302.0,44526.0,621.0,ARKANSAS OKLAHOMA GAS CORP,Natural Gas,INTRASTATE,ARKANSAS,0.0,0.0,0.0,0.0,0.0,0.0,0.0,0.0,0.0,0.0,0.0,0.0,0.0,0.0,0.0,0.0,0.0,0.0,0.0,0.0,0.0,
2/2/2026,2023.0,20241302.0,44526.0,621.0,ARKANSAS OKLAHOMA GAS CORP,Natural Gas,INTRASTATE,OKLAHOMA,0.0,0.0,0.0,0.0,0.64,0.64,0.0,0.0,0.0,0.0,0.0,0.0,0.0,0.0,0.0,0.0,0.0,0.0,0.0,0.64,0.64,
2/2/2026,2023.0,20240402.0,43589.0,660.0,"ARLINGTON ENERGY GROUP, LLC",Natural Gas,INTRASTATE,MISSISSIPPI,0.0,0.0,0.0,0.0,0.0,0.0,0.0,0.0,0.0,0.0,0.0,0.0,0.0,0.0,0.0,0.0,0.0,0.0,0.0,0.0,0.0,
2/2/2026,2023.0,20240687.0,43882.0,792.0,ATLANTA GAS LIGHT CO,Landfill Gas,INTRASTATE,GEORGIA,0.0,0.0,0.0,0.0,0.0,0.0,0.0,0.0,0.0,6.3,0.1,6.4,0.0,0.0,0.0,0.0,0.0,0.0,6.3,0.1,6.4,
2/2/2026,2023.0,20240801.0,44001.0,792.0,ATLANTA GAS LIGHT CO,Natural Gas,INTRASTATE,GEORGIA,0.0,0.0,0.0,0.0,0.0,0.0,0.0,0.0,0.0,442.0,2.7,444.7,0.0,0.0,0.0,0.0,0.0,0.0,442.0,2.7,444.7,
2/2/2026,2023.0,20240954.0,44156.0,840.0,MOJAVE PIPELINE OPERATING COMPANY,Natural Gas,INTERSTATE,ARIZONA,0.0,0.0,0.0,0.0,0.455,0.455,0.0,0.0,0.0,0.0,0.0,0.0,0.0,0.0,0.0,0.0,0.0,0.0,0.0,0.455,0.455,
2/2/2026,2023.0,20240954.0,44156.0,840.0,MOJAVE PIPELINE OPERATING COMPANY,Natural Gas,INTERSTATE,CALIFORNIA,0.0,0.0,0.0,0.0,12.642,12.642,0.0,0.0,0.0,0.0,0.0,0.0,0.0,0.0,0.0,0.0,0.0,0.0,0.0,12.642,12.642,
2/2/2026,2023.0,20240553.0,43743.0,842.0,AIR LIQUIDE LARGE INDUSTRIES U.S. LP,Hydrogen Gas,INTRASTATE,LOUISIANA,0.0,0.0,0.0,0.0,0.0,0.0,0.0,0.0,0.0,0.0,0.0,0.0,0.0,0.0,0.0,0.0,0.0,0.0,0.0,0.0,0.0,
2/2/2026,2023.0,20240553.0,43743.0,842.0,AIR LIQUIDE LARGE INDUSTRIES U.S. LP,Hydrogen Gas,INTRASTATE,TEXAS,0.0,0.0,0.0,0.0,0.0,0.0,0.0,0.0,0.0,0.0,10.41,10.41,0.0,0.0,0.0,0.0,0.0,0.0,0.0,10.41,10.41,
2/2/2026,2023.0,20240217.0,43730.0,842.0,AIR LIQUIDE LARGE INDUSTRIES U.S. LP,Natural Gas,INTRASTATE,TEXAS,0.0,0.0,0.0,0.0,0.0,0.0,0.0,0.0,0.0,0.0,0.0,0.0,0.0,0.0,0.0,0.0,0.0,0.0,0.0,0.0,0.0,
2/2/2026,2023.0,20240544.0,43734.0,842.0,AIR LIQUIDE LARGE INDUSTRIES U.S. LP,Synthetic Gas,INTRASTATE,TEXAS,0.0,0.0,0.0,0.0,0.0,0.0,0.0,0.04,0.04,0.0,0.0,0.0,0.0,0.0,0.0,0.0,0.0,0.0,0.0,0.04,0.04,
2/2/2026,2023.0,20241000.0,44701.0,844.0,KERN RIVER GAS TRANSMISSION CO,Natural Gas,INTERSTATE,CALIFORNIA,0.0,0.0,0.0,0.0,0.606,0.606,0.0,0.0,0.0,0.0,0.0,0.0,0.0,0.0,0.0,0.0,0.0,0.0,0.0,0.606,0.606,
2/2/2026,2023.0,20241000.0,44701.0,844.0,KERN RIVER GAS TRANSMISSION CO,Natural Gas,INTERSTATE,NEVADA,0.0,0.0,0.0,0.0,29.519,29.519,0.0,0.0,0.0,0.0,0.0,0.0,0.0,0.0,0.0,0.0,0.0,0.0,0.0,29.519,29.519,
2/2/2026,2023.0,20241000.0,44701.0,844.0,KERN RIVER GAS TRANSMISSION CO,Natural Gas,INTERSTATE,UTAH,0.0,0.0,0.0,0.0,78.284,78.284,0.0,0.0,0.0,0.0,0.0,0.0,0.0,0.0,0.0,0.0,0.0,0.0,0.0,78.284,78.284,
2/2/2026,2023.0,20241000.0,44701.0,844.0,KERN RIVER GAS TRANSMISSION CO,Natural Gas,INTERSTATE,WYOMING,0.0,0.0,0.0,0.0,0.0,0.0,0.0,0.0,0.0,0.0,0.0,0.0,0.0,0.0,0.0,0.0,0.0,0.0,0.0,0.0,0.0,
2/2/2026,2023.0,20241426.0,44851.0,860.0,"FAIRBANK, CITY OF",Natural Gas,INTRASTATE,IOWA,0.0,0.0,0.0,0.0,0.0,0.0,0.0,0.0,0.0,0.0,0.0,0.0,0.0,0.0,0.0,0.0,0.0,0.0,0.0,0.0,0.0,
2/2/2026,2023.0,20240478.0,43666.0,872.0,LAFITTE GAS PIPELINE,Hydrogen Gas,INTRASTATE,LOUISIANA,0.0,0.0,0.0,0.0,0.0,0.0,0.0,0.0,0.0,0.0,0.0,0.0,0.0,0.0,0.0,0.0,0.0,0.0,0.0,0.0,0.0,
2/2/2026,2023.0,20240479.0,44600.0,872.0,LAFITTE GAS PIPELINE,Natural Gas,INTRASTATE,LOUISIANA,0.0,0.0,0.0,0.0,1.105,1.105,0.0,0.0,0.0,0.0,0.0,0.0,0.0,0.0,0.0,0.0,0.0,0.0,0.0,1.105,1.105,
2/2/2026,2023.0,20240332.0,44936.0,878.0,EAST KENTUCKY MIDSTREAM,Natural Gas,INTRASTATE,KENTUCKY,0.0,0.0,0.0,0.0,0.0,0.0,0.0,0.0,0.0,0.0,0.0,0.0,0.0,0.0,0.0,0.0,0.0,0.0,0.0,0.0,0.0,
2/2/2026,2023.0,20240078.0,43243.0,899.0,5P GAS PIPELINE COMPANY,Natural Gas,INTRASTATE,TEXAS,0.0,0.0,0.0,0.0,0.0,0.0,0.0,0.0,0.0,0.0,0.0,0.0,0.0,0.0,0.0,0.0,0.0,0.0,0.0,0.0,0.0,
2/2/2026,2023.0,20240802.0,44799.0,920.0,NATGAS INC.,Natural Gas,INTRASTATE,TEXAS,0.0,0.0,0.0,0.0,0.0,0.0,0.0,0.0,0.0,0.0,0.0,0.0,0.0,0.0,0.0,0.0,0.0,0.0,0.0,0.0,0.0,
2/2/2026,2023.0,20240195.0,43372.0,929.0,"SEBRING GAS SYSTEM, INC",Natural Gas,INTRASTATE,FLORIDA,0.0,0.0,0.0,0.0,0.0,0.0,0.0,0.0,0.0,0.0,0.0,0.0,0.0,0.0,0.0,0.0,0.0,0.0,0.0,0.0,0.0,
2/2/2026,2023.0,20240303.0,43484.0,952.0,ENERFIN RESOURCES II-92 LIMITED PARTNERSHIP,Natural Gas,INTRASTATE,TEXAS,0.0,0.0,0.0,0.0,0.0,0.0,0.0,0.0,0.0,0.0,0.0,0.0,0.0,0.0,0.0,0.0,0.0,0.0,0.0,0.0,0.0,
2/2/2026,2023.0,20240531.0,43719.0,967.0,"PINEDALE NATURAL GAS, INC",Natural Gas,INTRASTATE,WYOMING,0.0,0.0,0.0,0.0,0.0,0.0,0.0,0.0,0.0,0.0,0.0,0.0,0.0,0.0,0.0,0.0,0.0,0.0,0.0,0.0,0.0,
2/2/2026,2023.0,20240187.0,43364.0,978.0,LAWRENCE PAPER CO,Natural Gas,INTRASTATE,KANSAS,0.0,0.0,0.0,0.0,0.0,0.0,0.0,0.0,0.0,0.0,0.0,0.0,0.0,0.0,0.0,0.0,0.0,0.0,0.0,0.0,0.0,
2/2/2026,2023.0,20240770.0,43970.0,980.0,APPALACHIAN NATURAL GAS DISTRIBUTION COMPANY,Natural Gas,INTRASTATE,VIRGINIA,0.0,0.0,0.0,0.0,0.0,0.0,0.0,0.0,0.0,0.0,0.0,0.0,0.0,0.0,0.0,0.0,0.0,0.0,0.0,0.0,0.0,
2/2/2026,2023.0,20240525.0,43713.0,993.0,CROSSROADS PIPELINE COMPANY,Natural Gas,INTERSTATE,INDIANA,0.0,0.0,0.0,0.0,0.0,0.0,0.0,10.709,10.709,0.0,0.0,0.0,0.0,0.0,0.0,0.0,0.0,0.0,0.0,10.709,10.709,
2/2/2026,2023.0,20240525.0,43713.0,993.0,CROSSROADS PIPELINE COMPANY,Natural Gas,INTERSTATE,OHIO,0.0,0.0,0.0,0.0,0.0,0.0,0.0,0.929,0.929,0.0,0.0,0.0,0.0,0.0,0.0,0.0,0.0,0.0,0.0,0.929,0.929,
2/2/2026,2023.0,20240172.0,43349.0,997.0,MIDWAY SUNSET COGENERATION CO,Natural Gas,INTERSTATE,CALIFORNIA,0.0,0.0,0.0,0.0,0.0,0.0,0.0,0.0,0.0,0.0,0.0,0.0,0.0,0.0,0.0,0.0,0.0,0.0,0.0,0.0,0.0,
2/2/2026,2023.0,20241294.0,44518.0,999.0,"PACIFIC COAST ENERGY COMPANY, LP",Natural Gas,INTRASTATE,CALIFORNIA,0.0,0.0,0.0,0.0,0.0,0.0,0.0,0.0,0.0,0.0,0.0,0.0,0.0,0.0,0.0,0.0,0.0,0.0,0.0,0.0,0.0,
2/2/2026,2023.0,20241133.0,44345.0,1007.0,"TALLGRASS INTERSTATE GAS TRANSMISSION, LLC",Natural Gas,INTERSTATE,COLORADO,0.0,0.0,0.0,0.0,0.0,0.0,0.0,1.88,1.88,0.0,0.0,0.0,0.0,0.0,0.0,0.0,0.0,0.0,0.0,1.88,1.88,
2/2/2026,2023.0,20241133.0,44345.0,1007.0,"TALLGRASS INTERSTATE GAS TRANSMISSION, LLC",Natural Gas,INTERSTATE,KANSAS,0.0,0.0,0.0,0.0,0.0,0.0,0.0,4.97,4.97,0.0,0.0,0.0,0.0,0.0,0.0,0.0,0.0,0.0,0.0,4.97,4.97,
2/2/2026,2023.0,20241133.0,44345.0,1007.0,"TALLGRASS INTERSTATE GAS TRANSMISSION, LLC",Natural Gas,INTERSTATE,MISSOURI,0.0,0.0,0.0,0.0,0.0,0.0,0.0,3.42,3.42,0.0,0.0,0.0,0.0,0.0,0.0,0.0,0.0,0.0,0.0,3.42,3.42,
2/2/2026,2023.0,20241133.0,44345.0,1007.0,"TALLGRASS INTERSTATE GAS TRANSMISSION, LLC",Natural Gas,INTERSTATE,NEBRASKA,0.0,0.0,0.0,0.0,0.0,0.0,0.0,8.86,8.86,0.0,0.0,0.0,0.0,0.0,0.0,0.0,0.0,0.0,0.0,8.86,8.86,
2/2/2026,2023.0,20241133.0,44345.0,1007.0,"TALLGRASS INTERSTATE GAS TRANSMISSION, LLC",Natural Gas,INTERSTATE,WYOMING,0.0,0.0,0.0,0.0,0.0,0.0,0.0,2.36,2.36,0.0,0.0,0.0,0.0,0.0,0.0,0.0,0.0,0.0,0.0,2.36,2.36,
2/2/2026,2023.0,20241028.0,44236.0,1088.0,BALTIMORE GAS AND ELECTRIC COMPANY,Natural Gas,INTRASTATE,MARYLAND,0.0,0.0,0.0,0.0,43.83,43.83,0.0,0.0,0.0,0.0,0.0,0.0,0.0,0.0,0.0,0.0,0.0,0.0,0.0,43.83,43.83,
2/2/2026,2023.0,20241064.0,44272.0,1217.0,BEAR CREEK STORAGE CO,Natural Gas,INTERSTATE,LOUISIANA,0.0,0.0,0.0,0.0,0.0,0.0,0.0,0.0,0.0,0.0,0.0,0.0,0.0,0.0,0.0,0.0,0.0,0.0,0.0,0.0,0.0,
2/2/2026,2023.0,20240046.0,43208.0,1232.0,BEDFORD NATURAL GAS SYSTEM,Natural Gas,INTRASTATE,IOWA,0.0,0.0,0.0,0.0,0.0,0.0,0.0,0.0,0.0,0.0,0.0,0.0,0.0,0.0,0.0,0.0,0.0,0.0,0.0,0.0,0.0,
2/2/2026,2023.0,20241049.0,44257.0,1486.0,BLACK WARRIOR TRANSMISSION CORP,Natural Gas,INTRASTATE,ALABAMA,0.0,0.0,0.0,0.0,0.0,0.0,0.0,0.0,0.0,0.0,0.0,0.0,0.0,0.0,0.0,0.0,0.0,0.0,0.0,0.0,0.0,
2/2/2026,2023.0,20241008.0,44214.0,1541.0,"HILCORP NORTH SLOPE, LLC",Natural Gas,INTRASTATE,ALASKA,0.0,0.0,0.0,0.0,0.0,0.0,0.0,0.0,0.0,0.0,0.0,0.0,0.0,0.0,0.0,0.0,0.0,0.0,0.0,0.0,0.0,
2/2/2026,2023.0,20240299.0,43480.0,1640.0,BOSTON GAS CO,Natural Gas,INTRASTATE,MASSACHUSETTS,0.0,0.0,0.0,8.157,0.0,8.157,0.0,0.0,0.0,0.0,0.0,0.0,0.0,0.0,0.0,0.0,0.0,0.0,8.157,0.0,8.157,
2/2/2026,2023.0,20240155.0,43329.0,1752.0,BRIGHTON MUNICIPAL GAS SYSTEM,Natural Gas,INTRASTATE,IOWA,0.0,0.0,0.0,0.0,0.0,0.0,0.0,0.0,0.0,0.0,0.0,0.0,0.0,0.0,0.0,0.0,0.0,0.0,0.0,0.0,0.0,
2/2/2026,2023.0,20240884.0,44084.0,1800.0,KEYSPAN ENERGY DELIVERY - NY CITY,Natural Gas,INTRASTATE,NEW YORK,0.0,0.0,0.0,70.51,0.0,70.51,0.0,0.0,0.0,0.0,0.0,0.0,0.0,0.0,0.0,0.0,0.0,0.0,70.51,0.0,70.51,
2/2/2026,2023.0,20240656.0,44780.0,1845.0,"BUCKEYE PARTNERS, LP",Natural Gas,INTRASTATE,TEXAS,0.0,0.0,0.0,0.0,0.0,0.0,0.0,0.0,0.0,0.0,0.0,0.0,0.0,0.0,0.0,0.0,0.0,0.0,0.0,0.0,0.0,
2/2/2026,2023.0,20240177.0,43354.0,2042.0,CALLIDUS TECHNOLOGIES by HONEYWELL,Natural Gas,INTRASTATE,OKLAHOMA,0.0,0.0,0.0,0.0,0.0,0.0,0.0,0.0,0.0,0.0,0.0,0.0,0.0,0.0,0.0,0.0,0.0,0.0,0.0,0.0,0.0,
2/2/2026,2023.0,20240998.0,44203.0,2116.0,"CARROLLTON GAS DISTRICT SYSTEM, CITY OF",Natural Gas,INTRASTATE,KENTUCKY,0.0,0.0,0.0,0.0,0.0,0.0,0.0,0.0,0.0,0.0,0.0,0.0,0.0,0.0,0.0,0.0,0.0,0.0,0.0,0.0,0.0,
2/2/2026,2023.0,20241102.0,44312.0,2128.0,CASCADE NATURAL GAS CORP,Natural Gas,INTRASTATE,OREGON,0.0,0.0,0.0,0.0,0.49,0.49,0.0,0.0,0.0,0.0,0.0,0.0,0.0,0.0,0.0,0.0,0.0,0.0,0.0,0.49,0.49,
2/2/2026,2023.0,20241102.0,44312.0,2128.0,CASCADE NATURAL GAS CORP,Natural Gas,INTRASTATE,WASHINGTON,0.0,0.0,0.0,0.0,3.73,3.73,0.0,0.0,0.0,0.0,0.0,0.0,0.0,0.0,0.0,0.0,0.0,0.0,0.0,3.73,3.73,
2/2/2026,2023.0,20240325.0,43509.0,2180.0,CENTRAL CITY GAS SYSTEM DEPT,Natural Gas,INTRASTATE,NEBRASKA,0.0,0.0,0.0,0.0,0.0,0.0,0.0,0.0,0.0,0.0,0.0,0.0,0.0,0.0,0.0,0.0,0.0,0.0,0.0,0.0,0.0,
2/2/2026,2023.0,20240596.0,43789.0,2188.0,CENTRAL FLORIDA GAS CORP,Natural Gas,INTRASTATE,FLORIDA,0.0,1.26,1.26,0.0,0.0,0.0,0.0,0.0,0.0,0.0,0.0,0.0,0.0,0.0,0.0,0.0,0.0,0.0,0.0,1.26,1.26,
2/2/2026,2023.0,20240634.0,44460.0,2196.0,CENTRAL HUDSON GAS & ELECTRIC CORP,Natural Gas,INTRASTATE,NEW YORK,0.0,0.0,0.0,0.0,0.0,0.0,0.0,19.16,19.16,0.0,0.0,0.0,0.0,0.0,0.0,0.0,0.0,0.0,0.0,19.16,19.16,
2/2/2026,2023.0,20240158.0,43333.0,2256.0,"CHANUTE, CITY OF",Natural Gas,INTRASTATE,KANSAS,0.0,0.0,0.0,0.0,0.0,0.0,0.0,0.0,0.0,0.0,0.0,0.0,0.0,0.0,0.0,0.0,0.0,0.0,0.0,0.0,0.0,
2/2/2026,2023.0,20240692.0,43888.0,2288.0,CHATTANOOGA GAS CO,Natural Gas,INTRASTATE,TENNESSEE,0.0,0.0,0.0,0.0,0.0,0.0,0.0,0.0,0.0,1.2,0.0,1.2,0.0,0.0,0.0,0.0,0.0,0.0,1.2,0.0,1.2,
2/2/2026,2023.0,20240341.0,44648.0,2304.0,CHILDERSBURG GAS BOARD,Natural Gas,INTRASTATE,ALABAMA,0.0,0.68,0.68,0.0,0.0,0.0,0.0,0.0,0.0,0.0,0.0,0.0,0.0,0.0,0.0,0.0,0.0,0.0,0.0,0.68,0.68,
2/2/2026,2023.0,20240666.0,43861.0,2364.0,DUKE ENERGY OHIO,Natural Gas,INTRASTATE,OHIO,0.0,0.0,0.0,0.0,14.474,14.474,0.0,0.0,0.0,0.0,0.0,0.0,0.0,0.0,0.0,0.0,0.0,0.0,0.0,14.474,14.474,
2/2/2026,2023.0,20240448.0,45389.0,2382.0,CITATION OIL & GAS CORP,Natural Gas,INTRASTATE,ILLINOIS,0.0,0.0,0.0,0.0,0.0,0.0,0.0,0.0,0.0,0.0,0.0,0.0,0.0,0.0,0.0,0.0,0.0,0.0,0.0,0.0,0.0,
2/2/2026,2023.0,20241160.0,44372.0,2392.0,CITIZENS GAS & COKE UTILITY,Natural Gas,INTRASTATE,INDIANA,0.0,0.0,0.0,122.62,0.0,122.62,0.0,0.0,0.0,0.0,0.0,0.0,0.0,0.0,0.0,0.0,0.0,0.0,122.62,0.0,122.62,
2/2/2026,2023.0,20241187.0,44402.0,2408.0,CITIZENS GAS FUEL CO,Natural Gas,INTRASTATE,MICHIGAN,0.0,0.0,0.0,0.0,0.0,0.0,0.0,0.0,0.0,0.0,0.0,0.0,0.0,0.0,0.0,0.0,0.0,0.0,0.0,0.0,0.0,
2/2/2026,2023.0,20240956.0,44646.0,2432.0,FLORIDA CITY GAS,Natural Gas,INTRASTATE,FLORIDA,0.0,78.655,78.655,0.0,0.0,0.0,0.0,0.0,0.0,0.0,0.0,0.0,0.0,0.0,0.0,0.0,0.0,0.0,0.0,78.655,78.655,
2/2/2026,2023.0,20240697.0,44868.0,2456.0,CLARKE - MOBILE COUNTIES GAS DIST,Natural Gas,INTRASTATE,ALABAMA,0.0,0.0,0.0,0.0,4.357,4.357,0.0,0.0,0.0,0.0,0.0,0.0,0.0,0.0,0.0,0.0,0.0,0.0,0.0,4.357,4.357,
2/2/2026,2023.0,20241136.0,44348.0,2480.0,CLEARFIELD MUNICIPAL GAS SYSTEM,Natural Gas,INTRASTATE,IOWA,0.0,0.0,0.0,0.0,0.0,0.0,0.0,0.0,0.0,0.0,0.0,0.0,0.0,0.0,0.0,0.0,0.0,0.0,0.0,0.0,0.0,
2/2/2026,2023.0,20240087.0,44649.0,2512.0,CLINTON - NEWBERRY NATURAL GAS AUTH,Natural Gas,INTRASTATE,SOUTH CAROLINA,0.0,0.0,0.0,0.0,2.82,2.82,0.0,0.0,0.0,0.0,0.0,0.0,0.0,0.0,0.0,0.0,0.0,0.0,0.0,2.82,2.82,
2/2/2026,2023.0,20240509.0,43697.0,2564.0,COLORADO INTERSTATE GAS CO,Natural Gas,INTERSTATE,COLORADO,0.0,0.0,0.0,0.0,89.118,89.118,0.0,0.0,0.0,0.0,0.0,0.0,0.0,0.0,0.0,0.0,0.0,0.0,0.0,89.118,89.118,
2/2/2026,2023.0,20240509.0,43697.0,2564.0,COLORADO INTERSTATE GAS CO,Natural Gas,INTERSTATE,KANSAS,0.0,0.0,0.0,0.0,1.139,1.139,0.0,0.0,0.0,0.0,0.0,0.0,0.0,0.0,0.0,0.0,0.0,0.0,0.0,1.139,1.139,
2/2/2026,2023.0,20240509.0,43697.0,2564.0,COLORADO INTERSTATE GAS CO,Natural Gas,INTERSTATE,MONTANA,0.0,0.0,0.0,0.0,0.0,0.0,0.0,0.0,0.0,0.0,0.0,0.0,0.0,0.0,0.0,0.0,0.0,0.0,0.0,0.0,0.0,
2/2/2026,2023.0,20240509.0,43697.0,2564.0,COLORADO INTERSTATE GAS CO,Natural Gas,INTERSTATE,OKLAHOMA,0.0,0.0,0.0,0.0,0.361,0.361,0.0,0.0,0.0,0.0,0.0,0.0,0.0,0.0,0.0,0.0,0.0,0.0,0.0,0.361,0.361,
2/2/2026,2023.0,20240509.0,43697.0,2564.0,COLORADO INTERSTATE GAS CO,Natural Gas,INTERSTATE,TEXAS,0.0,0.0,0.0,0.0,0.0,0.0,0.0,0.0,0.0,0.0,0.0,0.0,0.0,0.0,0.0,0.0,0.0,0.0,0.0,0.0,0.0,
2/2/2026,2023.0,20240509.0,43697.0,2564.0,COLORADO INTERSTATE GAS CO,Natural Gas,INTERSTATE,UTAH,0.0,0.0,0.0,0.0,0.0,0.0,0.0,0.0,0.0,0.0,0.0,0.0,0.0,0.0,0.0,0.0,0.0,0.0,0.0,0.0,0.0,
2/2/2026,2023.0,20240509.0,43697.0,2564.0,COLORADO INTERSTATE GAS CO,Natural Gas,INTERSTATE,WYOMING,0.0,0.0,0.0,0.0,16.727,16.727,0.0,0.0,0.0,0.0,0.0,0.0,0.0,0.0,0.0,0.0,0.0,0.0,0.0,16.727,16.727,
2/2/2026,2023.0,20240973.0,44175.0,2585.0,COLUMBIA GAS OF KENTUCKY INC,Natural Gas,INTRASTATE,KENTUCKY,0.0,0.0,0.0,0.0,0.0,0.0,0.0,0.0,0.0,0.0,3.47,3.47,0.0,0.0,0.0,0.0,0.0,0.0,0.0,3.47,3.47,
2/2/2026,2023.0,20240975.0,44177.0,2588.0,COLUMBIA GAS OF MARYLAND INC,Natural Gas,INTRASTATE,MARYLAND,0.0,0.0,0.0,0.0,0.0,0.0,0.0,0.0,0.0,0.0,0.37,0.37,0.0,0.0,0.0,0.0,0.0,0.0,0.0,0.37,0.37,
2/2/2026,2023.0,20241245.0,44464.0,2596.0,COLUMBIA GAS OF OHIO INC,Natural Gas,INTRASTATE,OHIO,0.0,0.0,0.0,0.0,0.0,0.0,0.0,0.0,0.0,0.0,52.0,52.0,0.0,0.0,0.0,0.0,0.0,0.0,0.0,52.0,52.0,
2/2/2026,2023.0,20240919.0,44121.0,2600.0,COLUMBIA GAS OF PENNSYLVANIA,Natural Gas,INTRASTATE,PENNSYLVANIA,0.0,0.0,0.0,0.0,0.0,0.0,0.0,0.0,0.0,0.0,8.21,8.21,0.0,0.0,0.0,0.0,0.0,0.0,0.0,8.21,8.21,
2/2/2026,2023.0,20241183.0,44742.0,2604.0,COLUMBIA GAS OF VIRGINIA INC,Natural Gas,INTRASTATE,VIRGINIA,0.0,0.0,0.0,0.0,0.0,0.0,0.0,0.0,0.0,0.0,2.66,2.66,0.0,0.0,0.0,0.0,0.0,0.0,0.0,2.66,2.66,
2/2/2026,2023.0,20240530.0,43718.0,2616.0,"COLUMBIA GAS TRANSMISSION, LLC",Natural Gas,INTERSTATE,DELAWARE,0.0,0.0,0.0,0.0,0.0,0.0,0.0,0.773,0.773,0.0,0.0,0.0,0.0,0.0,0.0,0.0,0.0,0.0,0.0,0.773,0.773,
2/2/2026,2023.0,20240530.0,43718.0,2616.0,"COLUMBIA GAS TRANSMISSION, LLC",Natural Gas,INTERSTATE,KENTUCKY,0.0,0.0,0.0,0.0,0.0,0.0,0.0,30.225,30.225,0.0,0.0,0.0,0.0,0.0,0.0,0.0,0.0,0.0,0.0,30.225,30.225,
2/2/2026,2023.0,20240530.0,43718.0,2616.0,"COLUMBIA GAS TRANSMISSION, LLC",Natural Gas,INTERSTATE,MARYLAND,0.0,0.0,0.0,0.0,0.0,0.0,0.0,43.524,43.524,0.0,0.0,0.0,0.0,0.0,0.0,0.0,0.0,0.0,0.0,43.524,43.524,
2/2/2026,2023.0,20240530.0,43718.0,2616.0,"COLUMBIA GAS TRANSMISSION, LLC",Natural Gas,INTERSTATE,NEW JERSEY,0.0,0.0,0.0,0.0,0.0,0.0,0.0,26.985,26.985,0.0,0.0,0.0,0.0,0.0,0.0,0.0,0.0,0.0,0.0,26.985,26.985,
2/2/2026,2023.0,20240530.0,43718.0,2616.0,"COLUMBIA GAS TRANSMISSION, LLC",Natural Gas,INTERSTATE,NEW YORK,0.0,0.0,0.0,0.0,0.0,0.0,0.0,19.175,19.175,0.0,0.0,0.0,0.0,0.0,0.0,0.0,0.0,0.0,0.0,19.175,19.175,
2/2/2026,2023.0,20240530.0,43718.0,2616.0,"COLUMBIA GAS TRANSMISSION, LLC",Natural Gas,INTERSTATE,NORTH CAROLINA,0.0,0.0,0.0,0.0,0.0,0.0,0.0,0.0,0.0,0.0,0.0,0.0,0.0,0.0,0.0,0.0,0.0,0.0,0.0,0.0,0.0,
2/2/2026,2023.0,20240530.0,43718.0,2616.0,"COLUMBIA GAS TRANSMISSION, LLC",Natural Gas,INTERSTATE,OHIO,0.0,0.0,0.0,0.0,0.0,0.0,0.0,158.405,158.405,0.0,0.0,0.0,0.0,0.0,0.0,0.0,0.0,0.0,0.0,158.405,158.405,
2/2/2026,2023.0,20240530.0,43718.0,2616.0,"COLUMBIA GAS TRANSMISSION, LLC",Natural Gas,INTERSTATE,PENNSYLVANIA,0.0,0.0,0.0,0.0,0.0,0.0,0.0,124.901,124.901,0.0,0.0,0.0,0.0,0.0,0.0,0.0,0.0,0.0,0.0,124.901,124.901,
2/2/2026,2023.0,20240530.0,43718.0,2616.0,"COLUMBIA GAS TRANSMISSION, LLC",Natural Gas,INTERSTATE,VIRGINIA,0.0,0.0,0.0,0.0,0.0,0.0,0.0,135.855,135.855,0.0,0.0,0.0,0.0,0.0,0.0,0.0,0.0,0.0,0.0,135.855,135.855,
2/2/2026,2023.0,20240530.0,43718.0,2616.0,"COLUMBIA GAS TRANSMISSION, LLC",Natural Gas,INTERSTATE,WEST VIRGINIA,0.0,0.0,0.0,0.0,0.0,0.0,0.0,61.351,61.351,0.0,0.0,0.0,0.0,0.0,0.0,0.0,0.0,0.0,0.0,61.351,61.351,
2/2/2026,2023.0,20240530.0,43718.0,2616.0,"COLUMBIA GAS TRANSMISSION, LLC",Natural Gas,INTRASTATE,PENNSYLVANIA,0.0,0.0,0.0,0.0,0.0,0.0,0.0,0.484,0.484,0.0,0.0,0.0,0.0,0.0,0.0,0.0,0.0,0.0,0.0,0.484,0.484,
2/2/2026,2023.0,20240530.0,43718.0,2616.0,"COLUMBIA GAS TRANSMISSION, LLC",Natural Gas,INTRASTATE,WEST VIRGINIA,0.0,0.0,0.0,0.0,0.0,0.0,0.0,0.0,0.0,0.0,0.0,0.0,0.0,0.0,0.0,0.0,0.0,0.0,0.0,0.0,0.0,
2/2/2026,2023.0,20240602.0,43795.0,2620.0,"COLUMBIA GULF TRANSMISSION, LLC",Natural Gas,INTERSTATE,KENTUCKY,0.0,0.0,0.0,0.0,0.0,0.0,0.0,45.435,45.435,0.0,0.0,0.0,0.0,0.0,0.0,0.0,0.0,0.0,0.0,45.435,45.435,
2/2/2026,2023.0,20240602.0,43795.0,2620.0,"COLUMBIA GULF TRANSMISSION, LLC",Natural Gas,INTERSTATE,LOUISIANA,0.0,0.0,0.0,0.0,0.0,0.0,0.0,56.774,56.774,0.0,0.0,0.0,0.0,0.0,0.0,0.0,0.0,0.0,0.0,56.774,56.774,
2/2/2026,2023.0,20240602.0,43795.0,2620.0,"COLUMBIA GULF TRANSMISSION, LLC",Natural Gas,INTERSTATE,MISSISSIPPI,0.0,0.0,0.0,0.0,0.0,0.0,0.0,22.114,22.114,0.0,0.0,0.0,0.0,0.0,0.0,0.0,0.0,0.0,0.0,22.114,22.114,
2/2/2026,2023.0,20240602.0,43795.0,2620.0,"COLUMBIA GULF TRANSMISSION, LLC",Natural Gas,INTERSTATE,TENNESSEE,0.0,0.0,0.0,0.0,0.0,0.0,0.0,77.151,77.151,0.0,0.0,0.0,0.0,0.0,0.0,0.0,0.0,0.0,0.0,77.151,77.151,
2/2/2026,2023.0,20241291.0,44813.0,2651.0,GREER COMMISSION OF PUBLIC WORKS,Natural Gas,INTRASTATE,SOUTH CAROLINA,0.0,0.0,0.0,0.0,6.46,6.46,0.0,0.0,0.0,0.0,0.0,0.0,0.0,0.0,0.0,0.0,0.0,0.0,0.0,6.46,6.46,
2/2/2026,2023.0,20241310.0,44534.0,2652.0,NSTAR GAS COMPANY,Natural Gas,INTRASTATE,MASSACHUSETTS,0.0,0.0,0.0,0.0,0.0,0.0,0.0,0.04,0.04,0.0,0.0,0.0,0.0,0.0,0.0,0.0,0.0,0.0,0.0,0.04,0.04,
2/2/2026,2023.0,20241109.0,46752.0,2688.0,SOUTH ALABAMA GAS DISTRICT,Natural Gas,INTRASTATE,ALABAMA,0.0,0.0,0.0,0.0,6.55,6.55,0.0,0.0,0.0,0.0,0.0,0.0,0.0,0.0,0.0,0.0,0.0,0.0,0.0,6.55,6.55,
2/2/2026,2023.0,20241261.0,44480.0,2704.0,CONSOLIDATED EDISON CO OF NEW YORK,Natural Gas,INTRASTATE,NEW YORK,0.0,0.0,0.0,42.294,0.0,42.294,0.0,0.0,0.0,0.0,0.0,0.0,0.0,0.0,0.0,0.0,0.0,0.0,42.294,0.0,42.294,
2/2/2026,2023.0,20240661.0,43856.0,2714.0,"EASTERN GAS TRANSMISSION AND STORAGE, INC.",Natural Gas,INTERSTATE,MARYLAND,0.0,0.0,0.0,47.043,0.024,47.067,0.0,0.0,0.0,0.0,0.0,0.0,0.0,0.0,0.0,0.0,0.0,0.0,47.043,0.024,47.067,
2/2/2026,2023.0,20240661.0,43856.0,2714.0,"EASTERN GAS TRANSMISSION AND STORAGE, INC.",Natural Gas,INTERSTATE,NEW YORK,0.0,0.0,0.0,81.468,0.014,81.482,0.0,0.0,0.0,0.0,0.0,0.0,0.0,0.0,0.0,0.0,0.0,0.0,81.468,0.014,81.482,
2/2/2026,2023.0,20240661.0,43856.0,2714.0,"EASTERN GAS TRANSMISSION AND STORAGE, INC.",Natural Gas,INTERSTATE,OHIO,0.0,0.0,0.0,7.186,0.0,7.186,0.0,0.0,0.0,0.0,0.0,0.0,0.0,0.0,0.0,0.0,0.0,0.0,7.186,0.0,7.186,
2/2/2026,2023.0,20240661.0,43856.0,2714.0,"EASTERN GAS TRANSMISSION AND STORAGE, INC.",Natural Gas,INTERSTATE,PENNSYLVANIA,0.0,0.0,0.0,119.597,4.602,124.199,0.0,0.0,0.0,0.0,0.0,0.0,0.0,0.0,0.0,0.0,0.0,0.0,119.597,4.602,124.199,
2/2/2026,2023.0,20240661.0,43856.0,2714.0,"EASTERN GAS TRANSMISSION AND STORAGE, INC.",Natural Gas,INTERSTATE,VIRGINIA,0.0,0.0,0.0,45.721,0.023,45.744,0.0,0.0,0.0,0.0,0.0,0.0,0.0,0.0,0.0,0.0,0.0,0.0,45.721,0.023,45.744,
2/2/2026,2023.0,20240661.0,43856.0,2714.0,"EASTERN GAS TRANSMISSION AND STORAGE, INC.",Natural Gas,INTERSTATE,WEST VIRGINIA,0.0,0.0,0.0,4.238,2.282,6.52,0.0,0.0,0.0,0.0,0.0,0.0,0.0,0.0,0.0,0.0,0.0,0.0,4.238,2.282,6.52,
2/2/2026,2023.0,20240661.0,43856.0,2714.0,"EASTERN GAS TRANSMISSION AND STORAGE, INC.",Natural Gas,INTRASTATE,VIRGINIA,0.0,0.0,0.0,22.091,0.001,22.092,0.0,0.0,0.0,0.0,0.0,0.0,0.0,0.0,0.0,0.0,0.0,0.0,22.091,0.001,22.092,
2/2/2026,2023.0,20241334.0,44886.0,2731.0,CHEVRON PIPE LINE CO,Natural Gas,INTRASTATE,CALIFORNIA,32.7,6.26,38.96,0.0,0.0,0.0,0.0,0.0,0.0,0.0,0.0,0.0,0.0,0.0,0.0,0.0,0.0,0.0,32.7,6.26,38.96,
2/2/2026,2023.0,20241334.0,44886.0,2731.0,CHEVRON PIPE LINE CO,Natural Gas,INTRASTATE,LOUISIANA,0.0,0.0,0.0,0.0,0.0,0.0,0.0,0.0,0.0,0.0,0.0,0.0,0.0,0.0,0.0,0.0,0.0,0.0,0.0,0.0,0.0,
2/2/2026,2023.0,20241334.0,44886.0,2731.0,CHEVRON PIPE LINE CO,Natural Gas,INTRASTATE,TEXAS,1.07,0.0,1.07,0.0,0.0,0.0,0.0,0.0,0.0,0.0,0.0,0.0,0.0,0.0,0.0,0.0,0.0,0.0,1.07,0.0,1.07,
2/2/2026,2023.0,20240880.0,46777.0,2748.0,CONSUMERS ENERGY CO,Natural Gas,INTRASTATE,MICHIGAN,0.0,0.0,0.0,0.0,0.0,0.0,0.0,0.0,0.0,0.0,298.657,298.657,0.0,0.0,0.0,0.0,0.0,0.0,0.0,298.657,298.657,
2/2/2026,2023.0,20241004.0,44778.0,2767.0,"HARVEST ALASKA, LLC",Natural Gas,INTRASTATE,ALASKA,0.0,0.0,0.0,0.0,0.0,0.0,0.0,12.55,12.55,0.0,0.0,0.0,0.0,0.0,0.0,0.0,0.0,0.0,0.0,12.55,12.55,
2/2/2026,2023.0,20240075.0,43240.0,2796.0,CORNING MUNICIPAL UTILITIES,Natural Gas,INTRASTATE,IOWA,0.0,0.0,0.0,0.0,0.0,0.0,0.0,0.0,0.0,0.0,0.0,0.0,0.0,0.0,0.0,0.0,0.0,0.0,0.0,0.0,0.0,
2/2/2026,2023.0,20241271.0,44493.0,2800.0,CORNING NATURAL GAS CORP,Natural Gas,INTRASTATE,NEW YORK,0.0,0.0,0.0,0.0,0.0,0.0,0.0,0.0,0.0,0.0,0.0,0.0,0.0,0.0,0.0,0.0,0.0,0.0,0.0,0.0,0.0,
2/2/2026,2023.0,20241122.0,44616.0,2859.0,CRANBERRY PIPELINE CORP (WV),Natural Gas,INTRASTATE,WEST VIRGINIA,0.0,4.24,4.24,0.0,0.0,0.0,0.0,0.0,0.0,0.0,0.0,0.0,0.0,0.0,0.0,0.0,0.0,0.0,0.0,4.24,4.24,
2/2/2026,2023.0,20240550.0,44670.0,2879.0,"BBT LOUISIANA INTRASTATE, LLC",Natural Gas,INTRASTATE,LOUISIANA,0.0,0.0,0.0,0.0,2.03,2.03,0.0,0.0,0.0,0.0,0.0,0.0,0.0,0.0,0.0,0.0,0.0,0.0,0.0,2.03,2.03,
2/2/2026,2023.0,20250359.0,45385.0,3110.0,"DANVILLE, CITY OF",Natural Gas,INTRASTATE,VIRGINIA,0.0,0.0,0.0,0.0,0.0,0.0,0.0,0.0,0.0,0.0,0.0,0.0,0.0,0.0,0.0,0.0,0.0,0.0,0.0,0.0,0.0,
2/2/2026,2023.0,20240895.0,44096.0,3240.0,DELMARVA POWER & LIGHT COMPANY,Natural Gas,INTRASTATE,DELAWARE,0.0,0.0,0.0,7.592,0.0,7.592,0.0,0.0,0.0,0.0,0.0,0.0,0.0,0.0,0.0,0.0,0.0,0.0,7.592,0.0,7.592,
2/2/2026,2023.0,20241331.0,44556.0,3260.0,DELTA NATURAL GAS CO INC,Natural Gas,INTRASTATE,KENTUCKY,0.0,0.0,0.0,0.0,0.455,0.455,0.0,0.0,0.0,0.0,0.0,0.0,0.0,0.0,0.0,0.0,0.0,0.0,0.0,0.455,0.455,
2/2/2026,2023.0,20241255.0,44474.0,3345.0,DEVON ENERGY PRODUCTION CO. LP,Natural Gas,INTRASTATE,TEXAS,0.0,0.0,0.0,0.0,0.0,0.0,0.0,0.0,0.0,0.0,0.0,0.0,0.0,0.0,0.0,0.0,0.0,0.0,0.0,0.0,0.0,
2/2/2026,2023.0,20240482.0,44721.0,3527.0,DOW PIPELINE LLC,Natural Gas,INTRASTATE,TEXAS,0.0,0.0,0.0,41.91,0.0,41.91,0.0,0.0,0.0,0.0,0.0,0.0,0.0,0.0,0.0,0.0,0.0,0.0,41.91,0.0,41.91,
2/2/2026,2023.0,20240433.0,43620.0,3527.0,DOW PIPELINE LLC,Other Gas-Ethylene,INTRASTATE,TEXAS,0.0,0.0,0.0,58.33,0.0,58.33,0.0,0.0,0.0,0.0,0.0,0.0,0.0,0.0,0.0,0.0,0.0,0.0,58.33,0.0,58.33,
2/2/2026,2023.0,20240483.0,43671.0,3532.0,DOW INTRASTATE GAS LLC,Natural Gas,INTRASTATE,LOUISIANA,0.0,0.0,0.0,2.08,0.0,2.08,0.0,0.0,0.0,0.0,0.0,0.0,0.0,0.0,0.0,0.0,0.0,0.0,2.08,0.0,2.08,
2/2/2026,2023.0,20240500.0,43688.0,3535.0,DOW PIPELINE LLC,Other Gas-Ethylene,INTRASTATE,LOUISIANA,0.0,0.0,0.0,1.94,0.0,1.94,0.0,0.0,0.0,0.0,0.0,0.0,0.0,0.0,0.0,0.0,0.0,0.0,1.94,0.0,1.94,
2/2/2026,2023.0,20241046.0,44745.0,3590.0,CITY OF DULUTH PUBLIC WORKS & UTILITIES,Natural Gas,INTERSTATE,MINNESOTA,0.0,0.0,0.0,0.0,0.0,0.0,0.0,0.0,0.0,0.0,0.0,0.0,0.0,0.0,0.0,0.1,0.0,0.1,0.1,0.0,0.1,As defined by CFR 192.903 High Consequence Area definition part (1) (ii)
2/2/2026,2023.0,20241046.0,44745.0,3590.0,CITY OF DULUTH PUBLIC WORKS & UTILITIES,Natural Gas,INTERSTATE,WISCONSIN,0.0,0.0,0.0,0.0,0.0,0.0,0.0,0.0,0.0,0.0,0.0,0.0,0.0,0.0,0.0,0.0,0.0,0.0,0.0,0.0,0.0,
2/2/2026,2023.0,20240241.0,44635.0,3830.0,"GARLAND, CITY OF",Natural Gas,INTRASTATE,TEXAS,5.922,0.0,5.922,0.0,0.0,0.0,0.0,0.0,0.0,0.0,0.0,0.0,0.0,0.0,0.0,0.0,0.0,0.0,5.922,0.0,5.922,
2/2/2026,2023.0,20240816.0,44786.0,4005.0,E M W GAS ASSOCIATION,Natural Gas,INTRASTATE,NEW MEXICO,0.0,0.0,0.0,0.0,0.0,0.0,0.0,0.0,0.0,0.0,0.0,0.0,0.0,0.0,0.0,0.0,0.0,0.0,0.0,0.0,0.0,
2/2/2026,2023.0,20241211.0,44428.0,4060.0,ENBRIDGE GAS OHIO,Natural Gas,INTRASTATE,OHIO,0.0,0.0,0.0,0.0,139.33,139.33,0.0,0.0,0.0,0.0,0.0,0.0,0.0,0.0,0.0,0.0,0.0,0.0,0.0,139.33,139.33,
2/2/2026,2023.0,20241274.0,44953.0,4070.0,"EAST TENNESSEE NATURAL GAS, LLC",Natural Gas,INTERSTATE,GEORGIA,0.0,0.0,0.0,0.0,0.0,0.0,0.0,2.64,2.64,0.0,0.0,0.0,0.0,0.0,0.0,0.0,0.0,0.0,0.0,2.64,2.64,
2/2/2026,2023.0,20241274.0,44953.0,4070.0,"EAST TENNESSEE NATURAL GAS, LLC",Natural Gas,INTERSTATE,NORTH CAROLINA,0.0,0.0,0.0,0.0,0.0,0.0,0.0,0.57,0.57,0.0,0.0,0.0,0.0,0.0,0.0,0.0,0.0,0.0,0.0,0.57,0.57,
2/2/2026,2023.0,20241274.0,44953.0,4070.0,"EAST TENNESSEE NATURAL GAS, LLC",Natural Gas,INTERSTATE,TENNESSEE,0.0,0.0,0.0,0.0,0.0,0.0,0.0,73.47,73.47,0.0,0.0,0.0,0.0,0.0,0.0,0.0,0.0,0.0,0.0,73.47,73.47,
2/2/2026,2023.0,20241274.0,44953.0,4070.0,"EAST TENNESSEE NATURAL GAS, LLC",Natural Gas,INTERSTATE,VIRGINIA,0.0,0.0,0.0,0.0,0.0,0.0,0.0,13.52,13.52,0.0,0.0,0.0,0.0,0.0,0.0,0.0,0.0,0.0,0.0,13.52,13.52,
2/2/2026,2023.0,20241110.0,44320.0,4149.0,EASTERN SHORE NATURAL GAS CO,Natural Gas,INTERSTATE,DELAWARE,0.0,0.0,0.0,0.0,109.13,109.13,0.0,0.0,0.0,0.0,0.0,0.0,0.0,0.0,0.0,0.0,0.0,0.0,0.0,109.13,109.13,
2/2/2026,2023.0,20241110.0,44320.0,4149.0,EASTERN SHORE NATURAL GAS CO,Natural Gas,INTERSTATE,MARYLAND,0.0,0.0,0.0,0.0,16.89,16.89,0.0,0.0,0.0,0.0,0.0,0.0,0.0,0.0,0.0,0.0,0.0,0.0,0.0,16.89,16.89,
2/2/2026,2023.0,20241110.0,44320.0,4149.0,EASTERN SHORE NATURAL GAS CO,Natural Gas,INTERSTATE,PENNSYLVANIA,0.0,0.0,0.0,0.0,3.63,3.63,0.0,0.0,0.0,0.0,0.0,0.0,0.0,0.0,0.0,0.0,0.0,0.0,0.0,3.63,3.63,
2/2/2026,2023.0,20240638.0,43833.0,4273.0,EGYPTIAN GAS STORAGE CORP,Natural Gas,INTRASTATE,ILLINOIS,0.0,0.0,0.0,0.0,0.0,0.0,0.0,0.0,0.0,0.0,0.0,0.0,0.0,0.0,0.0,0.0,0.0,0.0,0.0,0.0,0.0,
2/2/2026,2023.0,20240573.0,43764.0,4280.0,EL PASO NATURAL GAS CO,Natural Gas,INTERSTATE,ARIZONA,0.0,0.0,0.0,0.0,222.361,222.361,0.0,0.0,0.0,0.0,0.0,0.0,0.0,0.0,0.0,0.0,0.0,0.0,0.0,222.361,222.361,
2/2/2026,2023.0,20240573.0,43764.0,4280.0,EL PASO NATURAL GAS CO,Natural Gas,INTERSTATE,COLORADO,0.0,0.0,0.0,0.0,0.632,0.632,0.0,0.0,0.0,0.0,0.0,0.0,0.0,0.0,0.0,0.0,0.0,0.0,0.0,0.632,0.632,
2/2/2026,2023.0,20240573.0,43764.0,4280.0,EL PASO NATURAL GAS CO,Natural Gas,INTERSTATE,NEW MEXICO,0.0,0.0,0.0,0.0,34.121,34.121,0.0,0.0,0.0,0.0,0.0,0.0,0.0,0.0,0.0,0.0,0.0,0.0,0.0,34.121,34.121,
2/2/2026,2023.0,20240573.0,43764.0,4280.0,EL PASO NATURAL GAS CO,Natural Gas,INTERSTATE,TEXAS,0.0,0.0,0.0,0.0,23.551,23.551,0.0,0.0,0.0,0.0,0.0,0.0,0.0,0.0,0.0,0.0,0.0,0.0,0.0,23.551,23.551,
2/2/2026,2023.0,20240993.0,44198.0,4350.0,ELIZABETHTOWN GAS CO,Natural Gas,INTRASTATE,NEW JERSEY,0.0,0.0,0.0,5.8,0.0,5.8,0.0,0.0,0.0,0.0,0.0,0.0,0.0,0.0,0.0,0.0,0.0,0.0,5.8,0.0,5.8,
2/2/2026,2023.0,20240057.0,43219.0,4360.0,ELIZABETHTOWN NATURAL GAS,Natural Gas,INTRASTATE,KENTUCKY,0.0,0.0,0.0,0.0,0.0,0.0,0.0,0.0,0.0,0.0,0.0,0.0,0.0,0.0,0.0,0.0,0.0,0.0,0.0,0.0,0.0,
2/2/2026,2023.0,20240276.0,43457.0,4430.0,VALERO TERMINALING AND DISTRIBUTION COMPANY,Natural Gas,INTRASTATE,TEXAS,0.0,0.0,0.0,0.0,0.0,0.0,0.0,0.0,0.0,0.0,0.0,0.0,0.0,0.0,0.0,0.0,0.0,0.0,0.0,0.0,0.0,
2/2/2026,2023.0,20240198.0,44906.0,4440.0,EMMETSBURG MUNICIPAL UTILITIES,Natural Gas,INTRASTATE,IOWA,0.0,0.0,0.0,0.0,0.0,0.0,0.0,0.0,0.0,0.0,0.0,0.0,0.0,0.0,0.0,0.0,0.0,0.0,0.0,0.0,0.0,
2/2/2026,2023.0,20240863.0,44063.0,4461.0,"EOG RESOURCES, INC",Natural Gas,INTRASTATE,COLORADO,0.0,0.0,0.0,0.0,0.0,0.0,0.0,0.0,0.0,0.0,0.0,0.0,0.0,0.0,0.0,0.0,0.0,0.0,0.0,0.0,0.0,
2/2/2026,2023.0,20240863.0,44063.0,4461.0,"EOG RESOURCES, INC",Natural Gas,INTRASTATE,NEW MEXICO,0.0,0.0,0.0,0.0,0.0,0.0,0.0,0.0,0.0,0.0,0.0,0.0,0.0,0.0,0.0,0.0,0.0,0.0,0.0,0.0,0.0,
2/2/2026,2023.0,20240863.0,44063.0,4461.0,"EOG RESOURCES, INC",Natural Gas,INTRASTATE,OHIO,0.0,0.0,0.0,0.0,0.0,0.0,0.0,0.0,0.0,0.0,0.0,0.0,0.0,0.0,0.0,0.0,0.0,0.0,0.0,0.0,0.0,
2/2/2026,2023.0,20240863.0,44063.0,4461.0,"EOG RESOURCES, INC",Natural Gas,INTRASTATE,OKLAHOMA,0.0,0.0,0.0,0.0,0.0,0.0,0.0,0.0,0.0,0.0,0.0,0.0,0.0,0.0,0.0,0.0,0.0,0.0,0.0,0.0,0.0,
2/2/2026,2023.0,20240863.0,44063.0,4461.0,"EOG RESOURCES, INC",Natural Gas,INTRASTATE,TEXAS,0.0,0.0,0.0,0.0,0.0,0.0,0.0,0.0,0.0,0.0,0.0,0.0,0.0,0.0,0.0,0.0,0.0,0.0,0.0,0.0,0.0,
2/2/2026,2023.0,20240863.0,44063.0,4461.0,"EOG RESOURCES, INC",Natural Gas,INTRASTATE,WYOMING,0.0,0.0,0.0,0.0,0.0,0.0,0.0,0.0,0.0,0.0,0.0,0.0,0.0,0.0,0.0,0.0,0.0,0.0,0.0,0.0,0.0,
2/2/2026,2023.0,20241195.0,46784.0,4473.0,ATMOS ENERGY CORPORATION - WEST TEXAS,Natural Gas,INTRASTATE,TEXAS,0.0,0.0,0.0,0.0,11.15,11.15,0.0,0.0,0.0,0.0,0.0,0.0,0.0,0.0,0.0,0.0,0.0,0.0,0.0,11.15,11.15,
2/2/2026,2023.0,20241142.0,44354.0,4499.0,CENTERPOINT ENERGY RESOURCES CORPORATION,Natural Gas,INTRASTATE,MISSISSIPPI,0.0,0.0,0.0,0.0,6.183,6.183,0.0,0.0,0.0,0.0,0.0,0.0,0.0,0.0,0.0,0.0,0.0,0.0,0.0,6.183,6.183,
2/2/2026,2023.0,20240977.0,44179.0,4900.0,KINDER MORGAN TEJAS PIPELINE,Natural Gas,INTRASTATE,TEXAS,0.0,0.0,0.0,0.0,295.115,295.115,0.0,0.0,0.0,0.0,0.0,0.0,0.0,0.525,0.525,0.0,0.0,0.0,0.0,295.64,295.64,
2/2/2026,2023.0,20240781.0,44725.0,4906.0,EXXONMOBIL PIPELINE COMPANY LLC,Hydrogen Gas,INTRASTATE,TEXAS,0.0,0.0,0.0,0.0,0.0,0.0,0.0,0.0,0.0,0.0,0.0,0.0,0.0,0.0,0.0,0.0,0.0,0.0,0.0,0.0,0.0,
2/2/2026,2023.0,20240779.0,44723.0,4906.0,EXXONMOBIL PIPELINE COMPANY LLC,Natural Gas,INTRASTATE,TEXAS,0.0,0.0,0.0,0.0,0.0,0.0,0.0,0.0,0.0,0.0,0.0,0.0,0.0,0.0,0.0,0.0,0.0,0.0,0.0,0.0,0.0,
2/2/2026,2023.0,20240752.0,43952.0,4906.0,EXXONMOBIL PIPELINE COMPANY LLC,Other Gas-Ethylene,INTRASTATE,LOUISIANA,0.0,0.0,0.0,0.0,0.0,0.0,0.0,0.0,0.0,0.0,0.0,0.0,11.18,0.0,11.18,0.0,0.0,0.0,11.18,0.0,11.18,
2/2/2026,2023.0,20240736.0,43936.0,4908.0,"EXXONMOBIL PRODUCTION COMPANY, A DIVISION OF EXXON MOBIL CORPORATION",Natural Gas,INTERSTATE,CALIFORNIA,0.0,0.0,0.0,0.0,0.0,0.0,0.0,0.0,0.0,0.0,0.0,0.0,0.0,0.0,0.0,0.0,0.0,0.0,0.0,0.0,0.0,
2/2/2026,2023.0,20240736.0,43936.0,4908.0,"EXXONMOBIL PRODUCTION COMPANY, A DIVISION OF EXXON MOBIL CORPORATION",Natural Gas,INTRASTATE,WYOMING,0.0,0.0,0.0,0.0,0.0,0.0,0.0,0.0,0.0,0.0,0.0,0.0,0.0,0.0,0.0,0.0,0.0,0.0,0.0,0.0,0.0,
2/2/2026,2023.0,20240828.0,44028.0,5304.0,FLORIDA GAS TRANSMISSION CO,Natural Gas,INTERSTATE,ALABAMA,0.0,0.0,0.0,0.0,10.43,10.43,0.0,0.0,0.0,0.0,0.0,0.0,0.0,0.0,0.0,0.0,0.0,0.0,0.0,10.43,10.43,
2/2/2026,2023.0,20240828.0,44028.0,5304.0,FLORIDA GAS TRANSMISSION CO,Natural Gas,INTERSTATE,FLORIDA,0.0,0.0,0.0,0.0,676.11,676.11,0.0,0.0,0.0,0.0,0.0,0.0,0.0,0.0,0.0,0.0,0.0,0.0,0.0,676.11,676.11,
2/2/2026,2023.0,20240828.0,44028.0,5304.0,FLORIDA GAS TRANSMISSION CO,Natural Gas,INTERSTATE,LOUISIANA,0.0,0.0,0.0,0.0,15.97,15.97,0.0,0.0,0.0,0.0,0.0,0.0,0.0,0.0,0.0,0.0,0.0,0.0,0.0,15.97,15.97,
2/2/2026,2023.0,20240828.0,44028.0,5304.0,FLORIDA GAS TRANSMISSION CO,Natural Gas,INTERSTATE,MISSISSIPPI,0.0,0.0,0.0,0.0,1.47,1.47,0.0,0.0,0.0,0.0,0.0,0.0,0.0,0.0,0.0,0.0,0.0,0.0,0.0,1.47,1.47,
2/2/2026,2023.0,20240828.0,44028.0,5304.0,FLORIDA GAS TRANSMISSION CO,Natural Gas,INTERSTATE,TEXAS,0.0,0.0,0.0,0.0,4.07,4.07,0.0,0.0,0.0,0.0,0.0,0.0,0.0,0.0,0.0,0.0,0.0,0.0,0.0,4.07,4.07,
2/2/2026,2023.0,20240360.0,44718.0,6030.0,GAINESVILLE REGIONAL UTIL GAS DEPT,Natural Gas,INTRASTATE,FLORIDA,0.0,0.221,0.221,0.0,0.0,0.0,0.0,0.0,0.0,0.0,0.0,0.0,0.0,0.0,0.0,0.0,0.0,0.0,0.0,0.221,0.221,
2/2/2026,2023.0,20241304.0,44528.0,6141.0,NEW MEXICO GAS COMPANY,Natural Gas,INTRASTATE,NEW MEXICO,0.0,0.0,0.0,0.0,0.0,0.0,0.0,0.0,0.0,153.163,1.017,154.18,0.0,0.0,0.0,0.0,0.0,0.0,153.163,1.017,154.18,
2/2/2026,2023.0,20240113.0,43282.0,6243.0,HAWAII GAS,Synthetic Gas,INTRASTATE,HAWAII,0.0,22.3,22.3,0.0,0.0,0.0,0.0,0.0,0.0,0.0,0.0,0.0,0.0,0.0,0.0,0.0,0.0,0.0,0.0,22.3,22.3,
2/2/2026,2023.0,20240984.0,44187.0,6580.0,GRANITE STATE GAS TRANSMISSION INC,Natural Gas,INTERSTATE,MAINE,0.0,0.0,0.0,0.0,0.0,0.0,0.0,7.5,7.5,0.0,0.0,0.0,0.0,0.0,0.0,0.0,0.0,0.0,0.0,7.5,7.5,
2/2/2026,2023.0,20240984.0,44187.0,6580.0,GRANITE STATE GAS TRANSMISSION INC,Natural Gas,INTERSTATE,MASSACHUSETTS,0.0,0.0,0.0,0.0,0.0,0.0,0.0,0.0,0.0,0.0,0.0,0.0,0.0,0.0,0.0,0.0,0.0,0.0,0.0,0.0,0.0,
2/2/2026,2023.0,20240984.0,44187.0,6580.0,GRANITE STATE GAS TRANSMISSION INC,Natural Gas,INTERSTATE,NEW HAMPSHIRE,0.0,0.0,0.0,0.0,0.0,0.0,0.0,4.2,4.2,0.0,0.0,0.0,0.0,0.0,0.0,0.0,0.0,0.0,0.0,4.2,4.2,
2/2/2026,2023.0,20240027.0,43186.0,6640.0,"GRAYVILLE GAS DEPT, CITY OF",Natural Gas,INTRASTATE,ILLINOIS,0.0,0.0,0.0,0.0,0.0,0.0,0.0,0.0,0.0,0.0,0.0,0.0,0.0,0.0,0.0,0.0,0.0,0.0,0.0,0.0,0.0,
2/2/2026,2023.0,20240603.0,43796.0,6660.0,GREAT LAKES GAS TRANSMISSION LIMITED PARTNERSHIP,Natural Gas,INTERSTATE,MICHIGAN,0.0,0.0,0.0,0.0,0.0,0.0,0.0,31.899,31.899,0.0,0.0,0.0,0.0,0.0,0.0,0.0,0.0,0.0,0.0,31.899,31.899,
2/2/2026,2023.0,20240603.0,43796.0,6660.0,GREAT LAKES GAS TRANSMISSION LIMITED PARTNERSHIP,Natural Gas,INTERSTATE,MINNESOTA,0.0,0.0,0.0,0.0,0.0,0.0,0.0,14.004,14.004,0.0,0.0,0.0,0.0,0.0,0.0,0.0,0.0,0.0,0.0,14.004,14.004,
2/2/2026,2023.0,20240603.0,43796.0,6660.0,GREAT LAKES GAS TRANSMISSION LIMITED PARTNERSHIP,Natural Gas,INTERSTATE,WISCONSIN,0.0,0.0,0.0,0.0,0.0,0.0,0.0,3.745,3.745,0.0,0.0,0.0,0.0,0.0,0.0,0.0,0.0,0.0,0.0,3.745,3.745,
2/2/2026,2023.0,20240612.0,43805.0,6690.0,GREAT PLAINS NATURAL GAS CO,Natural Gas,INTERSTATE,NORTH DAKOTA,0.0,0.0,0.0,0.0,0.0,0.0,0.0,0.0,0.0,0.0,0.0,0.0,0.0,0.0,0.0,0.0,0.0,0.0,0.0,0.0,0.0,
2/2/2026,2023.0,20240612.0,43805.0,6690.0,GREAT PLAINS NATURAL GAS CO,Natural Gas,INTERSTATE,SOUTH DAKOTA,0.0,0.0,0.0,0.0,0.0,0.0,0.0,0.0,0.0,0.0,0.0,0.0,0.0,0.0,0.0,0.0,0.0,0.0,0.0,0.0,0.0,
2/2/2026,2023.0,20240612.0,43805.0,6690.0,GREAT PLAINS NATURAL GAS CO,Natural Gas,INTRASTATE,MINNESOTA,0.0,0.0,0.0,0.0,0.0,0.0,0.0,0.0,0.0,0.0,0.0,0.0,0.0,0.0,0.0,0.0,0.0,0.0,0.0,0.0,0.0,
2/2/2026,2023.0,20241084.0,44294.0,6720.0,ATMOS ENERGY CORPORATION - COLORADO/KANSAS,Natural Gas,INTRASTATE,KANSAS,0.0,0.0,0.0,0.0,0.0,0.0,0.0,0.0,0.0,0.0,0.0,0.0,0.0,0.0,0.0,0.0,0.0,0.0,0.0,0.0,0.0,
2/2/2026,2023.0,20240223.0,43401.0,6810.0,GREENWOOD COMMISSION OF PUBLIC WORKS,Natural Gas,INTRASTATE,SOUTH CAROLINA,0.0,11.97,11.97,0.0,0.0,0.0,0.0,0.0,0.0,0.0,0.0,0.0,0.0,0.0,0.0,0.0,0.0,0.0,0.0,11.97,11.97,
2/2/2026,2023.0,20240123.0,43294.0,7020.0,"HALLOCK GAS DEPT, VILLAGE OF",Natural Gas,INTRASTATE,MINNESOTA,0.0,0.0,0.0,0.0,0.0,0.0,0.0,0.0,0.0,0.0,0.0,0.0,0.0,0.0,0.0,0.0,0.0,0.0,0.0,0.0,0.0,
2/2/2026,2023.0,20241253.0,44472.0,7050.0,HAMPSHIRE GAS CO,Natural Gas,INTERSTATE,WEST VIRGINIA,0.0,0.0,0.0,0.0,0.0,0.0,0.0,0.0,0.0,0.0,0.0,0.0,0.0,0.0,0.0,0.0,0.4,0.4,0.0,0.4,0.4,Semi quantitative
2/2/2026,2023.0,20241097.0,44307.0,7180.0,HAWLEY UTILITIES COMM,Natural Gas,INTRASTATE,MINNESOTA,0.0,0.0,0.0,0.0,0.0,0.0,0.0,0.0,0.0,0.0,0.0,0.0,0.0,0.0,0.0,0.0,0.0,0.0,0.0,0.0,0.0,
2/2/2026,2023.0,20240220.0,43398.0,7300.0,"HOGANSVILLE GAS SYSTEM, CITY OF",Natural Gas,INTRASTATE,GEORGIA,0.0,0.0,0.0,0.0,0.0,0.0,0.0,0.0,0.0,0.0,0.0,0.0,0.0,0.0,0.0,0.0,0.0,0.0,0.0,0.0,0.0,
2/2/2026,2023.0,20240966.0,44168.0,7338.0,HONEOYE STORAGE CORP,Natural Gas,INTERSTATE,NEW YORK,0.0,0.0,0.0,0.0,0.0,0.0,0.0,0.0,0.0,0.0,0.0,0.0,0.0,0.0,0.0,0.0,0.0,0.0,0.0,0.0,0.0,
2/2/2026,2023.0,20241252.0,44471.0,7348.0,"HOPE GAS, INC",Natural Gas,INTRASTATE,WEST VIRGINIA,0.0,0.0,0.0,0.0,0.0,0.0,0.0,0.0,0.0,0.0,0.0,0.0,0.0,0.0,0.0,0.0,0.0,0.0,0.0,0.0,0.0,
2/2/2026,2023.0,20240780.0,43980.0,7655.0,HUMPHREYS COUNTY UTILITY DISTRICT,Natural Gas,INTRASTATE,TENNESSEE,0.0,0.0,0.0,0.0,0.5,0.5,0.0,0.0,0.0,0.0,0.0,0.0,0.0,0.0,0.0,0.0,0.0,0.0,0.0,0.5,0.5,
2/2/2026,2023.0,20240423.0,43610.0,7695.0,HUTCHINSON UTILITIES COMMISSION,Natural Gas,INTRASTATE,MINNESOTA,0.0,0.36,0.36,0.0,0.0,0.0,0.0,0.0,0.0,0.0,0.0,0.0,0.0,0.0,0.0,0.0,0.0,0.0,0.0,0.36,0.36,
2/2/2026,2023.0,20241118.0,44328.0,8070.0,INDIANA GAS CO INC,Natural Gas,INTRASTATE,INDIANA,0.0,0.0,0.0,0.0,40.935,40.935,0.0,0.0,0.0,0.0,0.0,0.0,0.0,0.0,0.0,0.0,0.0,0.0,0.0,40.935,40.935,
2/2/2026,2023.0,20241118.0,44328.0,8070.0,INDIANA GAS CO INC,Natural Gas,INTRASTATE,KENTUCKY,0.0,0.0,0.0,0.0,3.185,3.185,0.0,0.0,0.0,0.0,0.0,0.0,0.0,0.0,0.0,0.0,0.0,0.0,0.0,3.185,3.185,
2/2/2026,2023.0,20240875.0,44075.0,8140.0,INLAND EMPIRE PAPER CO,Natural Gas,INTRASTATE,WASHINGTON,0.0,0.0,0.0,0.0,0.0,0.0,0.0,0.0,0.0,0.0,0.0,0.0,0.0,0.0,0.0,0.0,0.0,0.0,0.0,0.0,0.0,
2/2/2026,2023.0,20240696.0,46741.0,8160.0,INTERMOUNTAIN GAS CO,Natural Gas,INTRASTATE,IDAHO,0.0,0.0,0.0,0.0,12.79,12.79,0.0,0.0,0.0,0.0,0.0,0.0,0.0,0.0,0.0,0.0,0.0,0.0,0.0,12.79,12.79,
2/2/2026,2023.0,20240501.0,43689.0,8166.0,"ADELPHIA GATEWAY, LLC",Natural Gas,INTERSTATE,DELAWARE,0.0,0.0,0.0,0.0,0.19,0.19,0.0,0.0,0.0,0.0,0.0,0.0,0.0,0.0,0.0,0.0,0.0,0.0,0.0,0.19,0.19,
2/2/2026,2023.0,20240501.0,43689.0,8166.0,"ADELPHIA GATEWAY, LLC",Natural Gas,INTERSTATE,PENNSYLVANIA,0.0,0.0,0.0,0.0,31.65,31.65,0.0,0.0,0.0,0.0,0.0,0.0,0.0,0.0,0.0,0.0,0.0,0.0,0.0,31.65,31.65,
2/2/2026,2023.0,20240358.0,43542.0,8170.0,ALLIANT ENERGY - INTERSTATE POWER AND LIGHT COMPANY,Natural Gas,INTRASTATE,ILLINOIS,0.0,0.0,0.0,0.0,0.0,0.0,0.0,0.0,0.0,0.0,0.0,0.0,0.0,0.0,0.0,0.0,0.0,0.0,0.0,0.0,0.0,
2/2/2026,2023.0,20240358.0,43542.0,8170.0,ALLIANT ENERGY - INTERSTATE POWER AND LIGHT COMPANY,Natural Gas,INTRASTATE,IOWA,0.0,0.0,0.0,0.0,0.32,0.32,0.0,0.0,0.0,0.0,0.0,0.0,0.0,0.0,0.0,0.0,0.0,0.0,0.0,0.32,0.32,
2/2/2026,2023.0,20240879.0,44079.0,8310.0,IROQUOIS GAS CORP,Natural Gas,INTERSTATE,CONNECTICUT,0.0,0.0,0.0,0.0,0.0,0.0,0.0,21.936,21.936,0.0,0.0,0.0,0.0,0.0,0.0,0.0,0.0,0.0,0.0,21.936,21.936,
2/2/2026,2023.0,20240879.0,44079.0,8310.0,IROQUOIS GAS CORP,Natural Gas,INTERSTATE,NEW YORK,0.0,0.0,0.0,0.0,0.0,0.0,0.0,21.881,21.881,0.0,0.0,0.0,0.0,0.0,0.0,0.0,0.0,0.0,0.0,21.881,21.881,
2/2/2026,2023.0,20240337.0,43521.0,9200.0,JEFFERSON - COCKE CO UTIL DIST,Natural Gas,INTRASTATE,TENNESSEE,0.0,0.0,0.0,0.48,0.0,0.48,0.0,0.0,0.0,0.0,0.0,0.0,0.0,0.0,0.0,0.0,0.0,0.0,0.48,0.0,0.48,
2/2/2026,2023.0,20241262.0,44727.0,10035.0,"KPC PIPELINE, LLC",Natural Gas,INTERSTATE,KANSAS,0.0,0.0,0.0,0.0,26.71,26.71,0.0,0.0,0.0,0.0,0.0,0.0,0.0,0.0,0.0,0.0,0.0,0.0,0.0,26.71,26.71,
2/2/2026,2023.0,20241262.0,44727.0,10035.0,"KPC PIPELINE, LLC",Natural Gas,INTERSTATE,MISSOURI,0.0,0.0,0.0,0.0,0.24,0.24,0.0,0.0,0.0,0.0,0.0,0.0,0.0,0.0,0.0,0.0,0.0,0.0,0.0,0.24,0.24,
2/2/2026,2023.0,20240941.0,44143.0,10270.0,KINGS MOUNTAIN NATURAL GAS SYSTEM,Natural Gas,INTRASTATE,NORTH CAROLINA,0.0,0.0,0.0,0.0,0.0,0.0,0.0,0.0,0.0,0.0,0.0,0.0,0.0,0.0,0.0,0.0,0.0,0.0,0.0,0.0,0.0,
2/2/2026,2023.0,20240997.0,44202.0,11017.0,ATMOS ENERGY CORPORATION - TRANS LOUISIANA GAS PIPELINE,Natural Gas,INTRASTATE,LOUISIANA,0.0,0.0,0.0,12.78,0.4,13.18,0.0,0.0,0.0,0.0,0.0,0.0,0.0,0.0,0.0,0.0,0.0,0.0,12.78,0.4,13.18,
2/2/2026,2023.0,20241320.0,44545.0,11032.0,SPIRE MISSOURI INC. EAST,Natural Gas,INTRASTATE,MISSOURI,0.0,0.0,0.0,0.0,125.24,125.24,0.0,0.0,0.0,0.0,0.0,0.0,0.0,0.0,0.0,0.0,0.0,0.0,0.0,125.24,125.24,
2/2/2026,2023.0,20240053.0,43215.0,11080.0,"LAGRANGE GAS DEPT, CITY OF",Natural Gas,INTRASTATE,GEORGIA,0.0,0.0,0.0,0.0,0.0,0.0,0.0,0.0,0.0,0.0,0.0,0.0,0.0,0.0,0.0,0.0,0.0,0.0,0.0,0.0,0.0,
2/2/2026,2023.0,20241128.0,44708.0,11104.0,"LAKELAND, CITY OF (EX. LAKELAND UTILITIES, CITY OF",Natural Gas,INTRASTATE,FLORIDA,2.0,0.0,2.0,0.0,0.0,0.0,0.0,0.0,0.0,0.0,0.0,0.0,0.0,0.0,0.0,0.0,0.0,0.0,2.0,0.0,2.0,
2/2/2026,2023.0,20240297.0,43478.0,11175.0,"LAMAR UTILITIES BOARD, CITY OF",Natural Gas,INTRASTATE,COLORADO,0.0,0.0,0.0,0.0,0.0,0.0,0.0,0.0,0.0,0.0,0.0,0.0,0.0,0.0,0.0,0.0,0.0,0.0,0.0,0.0,0.0,
2/2/2026,2023.0,20241114.0,44324.0,11240.0,"LAS CRUCES, CITY OF",Natural Gas,INTRASTATE,NEW MEXICO,0.0,0.0,0.0,0.0,0.0,0.0,0.0,0.0,0.0,0.0,0.0,0.0,0.0,0.0,0.0,0.0,0.0,0.0,0.0,0.0,0.0,
2/2/2026,2023.0,20240191.0,44826.0,11248.0,LAS VEGAS NATURAL GAS SYSTEM,Natural Gas,INTRASTATE,NEW MEXICO,0.0,0.0,0.0,0.0,0.0,0.0,0.0,0.0,0.0,0.0,0.0,0.0,0.0,0.0,0.0,0.0,3.1,3.1,0.0,3.1,3.1,patrolling
2/2/2026,2023.0,20241403.0,44845.0,11251.0,LAUREL FUEL CO,Natural Gas,INTRASTATE,MISSISSIPPI,0.0,0.0,0.0,3.65,0.0,3.65,0.0,0.0,0.0,0.0,0.0,0.0,0.0,0.0,0.0,0.0,0.0,0.0,3.65,0.0,3.65,
2/2/2026,2023.0,20241453.0,44907.0,11272.0,LAVACA PIPELINE CO,Natural Gas,INTRASTATE,TEXAS,0.0,0.0,0.0,0.0,1.7,1.7,0.0,0.0,0.0,0.0,0.0,0.0,0.0,0.0,0.0,0.0,0.0,0.0,0.0,1.7,1.7,
2/2/2026,2023.0,20241124.0,44902.0,11384.0,LENOX MUNICIPAL GAS SYSTEM,Natural Gas,INTRASTATE,IOWA,0.0,0.0,0.0,0.0,0.0,0.0,0.0,0.0,0.0,0.0,0.0,0.0,0.0,0.0,0.0,0.0,0.0,0.0,0.0,0.0,0.0,
2/2/2026,2023.0,20240885.0,44085.0,11713.0,KEYSPAN ENERGY DELIVERY - LONG ISLAND,Natural Gas,INTRASTATE,NEW YORK,0.0,0.0,0.0,130.0,0.0,130.0,0.0,0.0,0.0,0.0,0.0,0.0,0.0,0.0,0.0,0.0,0.0,0.0,130.0,0.0,130.0,
2/2/2026,2023.0,20240480.0,43668.0,11760.0,LORIMOR MUNICIPAL GAS SYSTEM,Natural Gas,INTRASTATE,IOWA,0.0,0.0,0.0,0.0,0.0,0.0,0.0,0.0,0.0,0.0,0.0,0.0,0.0,0.0,0.0,0.0,0.0,0.0,0.0,0.0,0.0,
2/2/2026,2023.0,20240989.0,44197.0,11800.0,ATMOS ENERGY CORPORATION - LOUISIANA,Natural Gas,INTRASTATE,LOUISIANA,0.0,0.0,0.0,16.77,0.0,16.77,0.0,0.0,0.0,0.0,0.0,0.0,0.0,0.0,0.0,0.0,0.0,0.0,16.77,0.0,16.77,
2/2/2026,2023.0,20240650.0,44496.0,11824.0,LOUISVILLE GAS & ELECTRIC CO,Natural Gas,INTRASTATE,KENTUCKY,0.0,0.0,0.0,0.0,10.85,10.85,0.0,0.0,0.0,0.0,35.82,35.82,0.0,0.0,0.0,0.0,0.0,0.0,0.0,46.67,46.67,
2/2/2026,2023.0,20240074.0,43239.0,11885.0,LUBBOCK POWER & LIGHT,Natural Gas,INTRASTATE,TEXAS,0.0,0.0,0.0,0.0,0.0,0.0,0.0,0.0,0.0,0.0,0.0,0.0,0.0,0.0,0.0,0.0,0.0,0.0,0.0,0.0,0.0,
2/2/2026,2023.0,20241407.0,44788.0,12059.0,M H M PIPELINE CO INC,Natural Gas,INTRASTATE,TEXAS,0.0,0.0,0.0,0.0,0.0,0.0,0.0,0.0,0.0,0.0,0.0,0.0,0.0,0.0,0.0,0.0,0.0,0.0,0.0,0.0,0.0,
2/2/2026,2023.0,20240920.0,44694.0,12180.0,MARSHALL COUNTY GAS DISTRICT,Natural Gas,INTRASTATE,ALABAMA,0.0,3.5,3.5,0.0,0.0,0.0,0.0,0.0,0.0,0.0,0.0,0.0,0.0,0.0,0.0,0.0,0.0,0.0,0.0,3.5,3.5,
2/2/2026,2023.0,20240342.0,43526.0,12342.0,MEMPHIS LIGHT GAS & WATER DIVISION,Natural Gas,INTRASTATE,TENNESSEE,0.0,0.0,0.0,0.0,50.25,50.25,0.0,0.0,0.0,0.0,0.0,0.0,0.0,0.0,0.0,0.0,0.0,0.0,0.0,50.25,50.25,
2/2/2026,2023.0,20241243.0,44462.0,12350.0,"CENTERPOINT ENERGY RESOURCES CORP., DBA CENTERPOINT ENERGY MINNESOTA GAS",Natural Gas,INTRASTATE,MINNESOTA,0.0,0.0,0.0,0.0,27.162,27.162,0.0,0.0,0.0,0.0,0.0,0.0,0.0,0.0,0.0,0.0,0.0,0.0,0.0,27.162,27.162,
2/2/2026,2023.0,20240202.0,43380.0,12390.0,METROPOLITAN UTILITIES DISTRICT,Natural Gas,INTRASTATE,NEBRASKA,0.0,0.0,0.0,0.0,0.0,0.0,0.0,0.0,0.0,0.0,0.0,0.0,0.0,0.0,0.0,0.0,0.0,0.0,0.0,0.0,0.0,
2/2/2026,2023.0,20241182.0,44397.0,12408.0,DTE GAS COMPANY,Natural Gas,INTERSTATE,MICHIGAN,0.0,0.0,0.0,0.0,0.0,0.0,0.0,0.0,0.0,0.0,24.0,24.0,0.0,0.0,0.0,0.0,0.0,0.0,0.0,24.0,24.0,
2/2/2026,2023.0,20241182.0,44397.0,12408.0,DTE GAS COMPANY,Natural Gas,INTRASTATE,MICHIGAN,0.0,0.0,0.0,0.0,0.0,0.0,0.0,0.0,0.0,82.04,129.85,211.89,0.0,0.0,0.0,0.0,0.0,0.0,82.04,129.85,211.89,
2/2/2026,2023.0,20240262.0,43441.0,12420.0,MICHIGAN GAS UTILITIES CO,Natural Gas,INTRASTATE,MICHIGAN,0.0,0.0,0.0,0.0,0.62,0.62,0.0,0.0,0.0,0.0,0.0,0.0,0.0,0.0,0.0,0.0,0.0,0.0,0.0,0.62,0.62,
2/2/2026,2023.0,20241173.0,44386.0,12455.0,MIDLAND COGENERATION VENTURE,Natural Gas,INTRASTATE,MICHIGAN,5.239,0.0,5.239,0.0,0.0,0.0,0.0,0.0,0.0,0.0,0.0,0.0,0.0,0.0,0.0,0.0,0.0,0.0,5.239,0.0,5.239,
2/2/2026,2023.0,20240640.0,44673.0,12462.0,"BBT MIDLA, LLC",Natural Gas,INTERSTATE,LOUISIANA,0.0,0.0,0.0,0.0,0.0,0.0,0.0,0.0,0.0,0.0,0.0,0.0,0.0,0.0,0.0,0.0,0.0,0.0,0.0,0.0,0.0,
2/2/2026,2023.0,20240640.0,44673.0,12462.0,"BBT MIDLA, LLC",Natural Gas,INTERSTATE,MISSISSIPPI,0.0,0.0,0.0,0.0,0.0,0.0,0.0,0.0,0.0,0.0,0.0,0.0,0.0,0.0,0.0,0.0,0.0,0.0,0.0,0.0,0.0,
2/2/2026,2023.0,20240212.0,43390.0,12479.0,MIDWEST ENERGY INC,Natural Gas,INTRASTATE,KANSAS,0.0,0.0,0.0,0.0,0.0,0.0,0.0,0.0,0.0,0.0,0.0,0.0,0.0,0.0,0.0,0.0,0.0,0.0,0.0,0.0,0.0,
2/2/2026,2023.0,20240069.0,43909.0,12486.0,MIDWEST NATURAL GAS CORP,Natural Gas,INTRASTATE,INDIANA,0.0,0.0,0.0,0.0,0.0,0.0,0.0,0.0,0.0,0.0,0.0,0.0,0.0,0.0,0.0,0.0,0.0,0.0,0.0,0.0,0.0,
2/2/2026,2023.0,20241280.0,44504.0,12498.0,MIDWESTERN GAS TRANSMISSION CO,Natural Gas,INTERSTATE,ILLINOIS,0.0,0.0,0.0,0.0,0.0,0.0,0.0,3.59,3.59,0.0,0.0,0.0,0.0,0.0,0.0,0.0,0.0,0.0,0.0,3.59,3.59,
2/2/2026,2023.0,20241280.0,44504.0,12498.0,MIDWESTERN GAS TRANSMISSION CO,Natural Gas,INTERSTATE,KENTUCKY,0.0,0.0,0.0,0.0,0.0,0.0,0.0,1.38,1.38,0.0,0.0,0.0,0.0,0.0,0.0,0.0,0.0,0.0,0.0,1.38,1.38,
2/2/2026,2023.0,20241280.0,44504.0,12498.0,MIDWESTERN GAS TRANSMISSION CO,Natural Gas,INTERSTATE,TENNESSEE,0.0,0.0,0.0,0.0,0.0,0.0,0.0,0.62,0.62,0.0,0.0,0.0,0.0,0.0,0.0,0.0,0.0,0.0,0.0,0.62,0.62,
2/2/2026,2023.0,20240439.0,43626.0,12576.0,"ENABLE MISSISSIPPI RIVER TRANSMISSION, LLC",Natural Gas,INTERSTATE,ARKANSAS,0.0,0.0,0.0,0.0,11.46,11.46,0.0,0.0,0.0,0.0,0.0,0.0,0.0,0.0,0.0,0.0,0.0,0.0,0.0,11.46,11.46,
2/2/2026,2023.0,20240439.0,43626.0,12576.0,"ENABLE MISSISSIPPI RIVER TRANSMISSION, LLC",Natural Gas,INTERSTATE,ILLINOIS,0.0,0.0,0.0,0.0,30.76,30.76,0.0,0.0,0.0,0.0,0.0,0.0,0.0,0.0,0.0,0.0,0.0,0.0,0.0,30.76,30.76,
2/2/2026,2023.0,20240439.0,43626.0,12576.0,"ENABLE MISSISSIPPI RIVER TRANSMISSION, LLC",Natural Gas,INTERSTATE,LOUISIANA,0.0,0.0,0.0,0.0,2.94,2.94,0.0,0.0,0.0,0.0,0.0,0.0,0.0,0.0,0.0,0.0,0.0,0.0,0.0,2.94,2.94,
2/2/2026,2023.0,20240439.0,43626.0,12576.0,"ENABLE MISSISSIPPI RIVER TRANSMISSION, LLC",Natural Gas,INTERSTATE,MISSOURI,0.0,0.0,0.0,0.0,40.02,40.02,0.0,0.0,0.0,0.0,0.0,0.0,0.0,0.0,0.0,0.0,0.0,0.0,0.0,40.02,40.02,
2/2/2026,2023.0,20240439.0,43626.0,12576.0,"ENABLE MISSISSIPPI RIVER TRANSMISSION, LLC",Natural Gas,INTERSTATE,TEXAS,0.0,0.0,0.0,0.0,0.0,0.0,0.0,0.0,0.0,0.0,0.0,0.0,0.0,0.0,0.0,0.0,0.0,0.0,0.0,0.0,0.0,
2/2/2026,2023.0,20241076.0,44912.0,12582.0,ATMOS ENERGY CORPORATION - MISSISSIPPI,Natural Gas,INTRASTATE,MISSISSIPPI,0.0,0.0,0.0,35.65,0.0,35.65,0.0,0.0,0.0,0.0,0.0,0.0,0.0,0.0,0.0,0.0,0.0,0.0,35.65,0.0,35.65,
2/2/2026,2023.0,20240577.0,43768.0,12606.0,THE EMPIRE DISTRICT GAS COMPANY,Natural Gas,INTRASTATE,MISSOURI,0.0,0.0,0.0,0.0,0.0,0.0,0.0,0.0,0.0,0.0,0.0,0.0,0.0,0.0,0.0,0.0,0.0,0.0,0.0,0.0,0.0,
2/2/2026,2023.0,20240686.0,43881.0,12624.0,EXXONMOBIL OIL CORPORATION,Hydrogen Gas,INTRASTATE,TEXAS,0.0,0.0,0.0,0.0,0.0,0.0,0.0,0.0,0.0,0.0,0.0,0.0,3.11,0.0,3.11,0.0,0.0,0.0,3.11,0.0,3.11,
2/2/2026,2023.0,20240681.0,43876.0,12624.0,EXXONMOBIL OIL CORPORATION,Natural Gas,INTRASTATE,TEXAS,0.0,0.0,0.0,0.0,0.0,0.0,0.0,0.0,0.0,0.0,0.0,0.0,2.38,0.0,2.38,0.0,0.0,0.0,2.38,0.0,2.38,
2/2/2026,2023.0,20240678.0,43873.0,12628.0,MOBIL  PIPE  LINE COMPANY,Natural Gas,INTRASTATE,TEXAS,0.0,0.0,0.0,0.0,0.0,0.0,0.0,0.0,0.0,0.0,0.0,0.0,2.26,0.0,2.26,0.0,0.0,0.0,2.26,0.0,2.26,
2/2/2026,2023.0,20241295.0,44519.0,12642.0,SPIRE GULF INC.,Natural Gas,INTRASTATE,ALABAMA,0.0,0.0,0.0,0.0,4.76,4.76,0.0,0.0,0.0,0.0,0.0,0.0,0.0,0.0,0.0,0.0,0.0,0.0,0.0,4.76,4.76,
2/2/2026,2023.0,20241111.0,44321.0,12672.0,"MONROE NATURAL GAS DEPT, CITY OF",Natural Gas,INTRASTATE,NORTH CAROLINA,0.0,0.0,0.0,3.61,0.0,3.61,0.0,0.0,0.0,0.0,0.0,0.0,0.0,0.0,0.0,0.0,0.0,0.0,3.61,0.0,3.61,
2/2/2026,2023.0,20240592.0,43785.0,12684.0,MONTANA - DAKOTA UTILITIES CO,Natural Gas,INTRASTATE,MONTANA,0.0,0.0,0.0,0.0,0.0,0.0,0.0,0.0,0.0,0.0,0.0,0.0,0.0,0.0,0.0,0.0,0.0,0.0,0.0,0.0,0.0,
2/2/2026,2023.0,20240592.0,43785.0,12684.0,MONTANA - DAKOTA UTILITIES CO,Natural Gas,INTRASTATE,NORTH DAKOTA,0.0,0.0,0.0,0.0,0.0,0.0,0.0,0.0,0.0,0.0,0.0,0.0,0.0,0.0,0.0,0.0,0.0,0.0,0.0,0.0,0.0,
2/2/2026,2023.0,20240098.0,43266.0,12732.0,MONTEZUMA NATURAL GAS DEPT,Natural Gas,INTRASTATE,IOWA,0.0,0.0,0.0,0.0,0.0,0.0,0.0,0.0,0.0,0.0,0.0,0.0,0.0,0.0,0.0,0.0,0.0,0.0,0.0,0.0,0.0,
2/2/2026,2023.0,20240452.0,43639.0,12794.0,MORNING SUN MUNICIPAL GAS SYSTEM,Natural Gas,INTRASTATE,IOWA,0.0,0.0,0.0,0.0,0.0,0.0,0.0,0.0,0.0,0.0,0.0,0.0,0.0,0.0,0.0,0.0,0.0,0.0,0.0,0.0,0.0,
2/2/2026,2023.0,20240201.0,44899.0,12823.0,MOULTON MUNICIPAL GAS SYSTEM,Natural Gas,INTRASTATE,IOWA,0.0,0.0,0.0,0.0,0.0,0.0,0.0,0.0,0.0,0.0,0.0,0.0,0.0,0.0,0.0,0.0,0.0,0.0,0.0,0.0,0.0,
2/2/2026,2023.0,20241045.0,44253.0,12874.0,"MOUNTAINWEST PIPELINE, LLC",Natural Gas,INTERSTATE,COLORADO,0.0,0.0,0.0,0.0,3.255,3.255,0.0,0.0,0.0,0.0,0.0,0.0,0.0,0.0,0.0,0.0,0.0,0.0,0.0,3.255,3.255,
2/2/2026,2023.0,20241045.0,44253.0,12874.0,"MOUNTAINWEST PIPELINE, LLC",Natural Gas,INTERSTATE,UTAH,0.0,0.0,0.0,0.0,21.576,21.576,0.0,0.0,0.0,0.0,0.0,0.0,0.0,0.0,0.0,0.0,0.0,0.0,0.0,21.576,21.576,
2/2/2026,2023.0,20241045.0,44253.0,12874.0,"MOUNTAINWEST PIPELINE, LLC",Natural Gas,INTERSTATE,WYOMING,0.0,0.0,0.0,0.0,5.437,5.437,0.0,0.0,0.0,0.0,0.0,0.0,0.0,0.0,0.0,0.0,0.0,0.0,0.0,5.437,5.437,
2/2/2026,2023.0,20240789.0,44947.0,12876.0,DOMINION ENERGY UTAH/WYOMING/IDAHO,Natural Gas,INTRASTATE,IDAHO,0.0,0.0,0.0,0.0,0.864,0.864,0.0,0.0,0.0,0.0,0.0,0.0,0.0,0.0,0.0,0.0,0.0,0.0,0.0,0.864,0.864,
2/2/2026,2023.0,20240789.0,44947.0,12876.0,DOMINION ENERGY UTAH/WYOMING/IDAHO,Natural Gas,INTRASTATE,UTAH,0.0,0.0,0.0,0.0,170.999,170.999,0.0,0.0,0.0,0.0,0.0,0.0,0.0,0.0,0.0,0.0,0.0,0.0,0.0,170.999,170.999,
2/2/2026,2023.0,20240789.0,44947.0,12876.0,DOMINION ENERGY UTAH/WYOMING/IDAHO,Natural Gas,INTRASTATE,WYOMING,0.0,0.0,0.0,0.0,0.0,0.0,0.0,0.0,0.0,0.0,0.0,0.0,0.0,0.0,0.0,0.0,0.0,0.0,0.0,0.0,0.0,
2/2/2026,2023.0,20240469.0,43656.0,12878.0,MOUNTAINEER GAS CO,Natural Gas,INTRASTATE,WEST VIRGINIA,0.0,0.0,0.0,0.0,0.0,0.0,0.0,0.0,0.0,0.0,0.0,0.0,0.0,0.0,0.0,0.0,0.0,0.0,0.0,0.0,0.0,
2/2/2026,2023.0,20241016.0,44222.0,12930.0,MUSTANG GAS PRODUCTS LLC,Natural Gas,INTRASTATE,OKLAHOMA,0.0,0.0,0.0,0.0,0.0,0.0,0.0,0.0,0.0,0.0,0.0,0.0,0.0,0.0,0.0,0.0,0.0,0.0,0.0,0.0,0.0,
2/2/2026,2023.0,20241121.0,44331.0,13061.0,NATIONAL FUEL GAS DISTRIBUTION CORP,Natural Gas,INTRASTATE,PENNSYLVANIA,0.0,0.0,0.0,5.33,0.88,6.21,0.0,0.0,0.0,0.0,0.0,0.0,0.0,0.0,0.0,0.0,0.0,0.0,5.33,0.88,6.21,
2/2/2026,2023.0,20241116.0,44326.0,13062.0,NATIONAL FUEL GAS DISTRIBUTION CORP - NEW YORK,Natural Gas,INTRASTATE,NEW YORK,0.0,0.0,0.0,0.0,0.2,0.2,0.0,0.0,0.0,0.0,0.0,0.0,0.0,0.0,0.0,0.0,0.0,0.0,0.0,0.2,0.2,
2/2/2026,2023.0,20241077.0,44287.0,13063.0,NATIONAL FUEL GAS SUPPLY CORP,Natural Gas,INTERSTATE,NEW YORK,0.0,0.0,0.0,82.25,9.34,91.59,0.0,0.0,0.0,0.0,0.0,0.0,0.0,0.0,0.0,0.0,0.0,0.0,82.25,9.34,91.59,
2/2/2026,2023.0,20241077.0,44287.0,13063.0,NATIONAL FUEL GAS SUPPLY CORP,Natural Gas,INTERSTATE,PENNSYLVANIA,0.0,0.0,0.0,58.23,15.86,74.09,0.0,0.0,0.0,0.0,0.0,0.0,0.0,0.0,0.0,0.0,0.0,0.0,58.23,15.86,74.09,
2/2/2026,2023.0,20241077.0,44287.0,13063.0,NATIONAL FUEL GAS SUPPLY CORP,Natural Gas,INTRASTATE,PENNSYLVANIA,0.0,0.0,0.0,0.0,0.0,0.0,0.0,0.0,0.0,0.0,0.0,0.0,0.0,0.0,0.0,0.0,0.0,0.0,0.0,0.0,0.0,
2/2/2026,2023.0,20240677.0,44695.0,13120.0,NATURAL GAS PIPELINE CO OF AMERICA (KMI),Natural Gas,INTERSTATE,ARKANSAS,0.0,0.0,0.0,0.0,66.579,66.579,0.0,0.0,0.0,0.0,0.0,0.0,0.0,0.0,0.0,0.0,0.0,0.0,0.0,66.579,66.579,
2/2/2026,2023.0,20240677.0,44695.0,13120.0,NATURAL GAS PIPELINE CO OF AMERICA (KMI),Natural Gas,INTERSTATE,ILLINOIS,0.0,0.0,0.0,0.0,402.499,402.499,0.0,0.0,0.0,0.0,0.0,0.0,0.0,0.0,0.0,0.0,0.0,0.0,0.0,402.499,402.499,
2/2/2026,2023.0,20240677.0,44695.0,13120.0,NATURAL GAS PIPELINE CO OF AMERICA (KMI),Natural Gas,INTERSTATE,INDIANA,0.0,0.0,0.0,0.0,2.442,2.442,0.0,0.0,0.0,0.0,0.0,0.0,0.0,0.0,0.0,0.0,0.0,0.0,0.0,2.442,2.442,
2/2/2026,2023.0,20240677.0,44695.0,13120.0,NATURAL GAS PIPELINE CO OF AMERICA (KMI),Natural Gas,INTERSTATE,IOWA,0.0,0.0,0.0,0.0,6.735,6.735,0.0,0.0,0.0,0.0,0.0,0.0,0.0,0.0,0.0,0.0,0.0,0.0,0.0,6.735,6.735,
2/2/2026,2023.0,20240677.0,44695.0,13120.0,NATURAL GAS PIPELINE CO OF AMERICA (KMI),Natural Gas,INTERSTATE,KANSAS,0.0,0.0,0.0,0.0,0.0,0.0,0.0,0.0,0.0,0.0,0.0,0.0,0.0,0.0,0.0,0.0,0.0,0.0,0.0,0.0,0.0,
2/2/2026,2023.0,20240677.0,44695.0,13120.0,NATURAL GAS PIPELINE CO OF AMERICA (KMI),Natural Gas,INTERSTATE,LOUISIANA,0.0,0.0,0.0,0.0,2.675,2.675,0.0,0.0,0.0,0.0,0.0,0.0,0.0,0.0,0.0,0.0,0.0,0.0,0.0,2.675,2.675,
2/2/2026,2023.0,20240677.0,44695.0,13120.0,NATURAL GAS PIPELINE CO OF AMERICA (KMI),Natural Gas,INTERSTATE,MISSOURI,0.0,0.0,0.0,0.0,4.184,4.184,0.0,0.0,0.0,0.0,0.0,0.0,0.0,0.0,0.0,0.0,0.0,0.0,0.0,4.184,4.184,
2/2/2026,2023.0,20240677.0,44695.0,13120.0,NATURAL GAS PIPELINE CO OF AMERICA (KMI),Natural Gas,INTERSTATE,NEBRASKA,0.0,0.0,0.0,0.0,1.013,1.013,0.0,0.0,0.0,0.0,0.0,0.0,0.0,0.0,0.0,0.0,0.0,0.0,0.0,1.013,1.013,
2/2/2026,2023.0,20240677.0,44695.0,13120.0,NATURAL GAS PIPELINE CO OF AMERICA (KMI),Natural Gas,INTERSTATE,NEW MEXICO,0.0,0.0,0.0,0.0,0.0,0.0,0.0,0.0,0.0,0.0,0.0,0.0,0.0,0.0,0.0,0.0,0.0,0.0,0.0,0.0,0.0,
2/2/2026,2023.0,20240677.0,44695.0,13120.0,NATURAL GAS PIPELINE CO OF AMERICA (KMI),Natural Gas,INTERSTATE,OKLAHOMA,0.0,0.0,0.0,0.0,0.465,0.465,0.0,0.0,0.0,0.0,0.0,0.0,0.0,0.0,0.0,0.0,0.0,0.0,0.0,0.465,0.465,
2/2/2026,2023.0,20240677.0,44695.0,13120.0,NATURAL GAS PIPELINE CO OF AMERICA (KMI),Natural Gas,INTERSTATE,TEXAS,0.0,0.0,0.0,0.0,138.739,138.739,0.0,0.0,0.0,0.0,0.0,0.0,0.0,0.0,0.0,0.0,0.0,0.0,0.0,138.739,138.739,
2/2/2026,2023.0,20240204.0,44652.0,13180.0,NEBRASKA CITY UTILITIES,Natural Gas,INTRASTATE,NEBRASKA,0.0,0.0,0.0,0.0,0.1,0.1,0.0,0.0,0.0,0.0,0.0,0.0,0.0,0.0,0.0,0.0,0.0,0.0,0.0,0.1,0.1,
2/2/2026,2023.0,20241047.0,44255.0,13299.0,NEW JERSEY NATURAL GAS CO,Natural Gas,INTRASTATE,NEW JERSEY,0.0,0.0,0.0,244.856,0.0,244.856,0.0,0.0,0.0,0.0,0.0,0.0,0.0,0.0,0.0,0.0,0.0,0.0,244.856,0.0,244.856,
2/2/2026,2023.0,20240100.0,43268.0,13360.0,"ENTERGY NEW ORLEANS, LLC",Natural Gas,INTRASTATE,LOUISIANA,0.0,0.0,0.0,1.54,1.44,2.98,0.0,0.0,0.0,0.0,0.0,0.0,0.0,0.0,0.0,0.0,0.0,0.0,1.54,1.44,2.98,
2/2/2026,2023.0,20241029.0,44237.0,13420.0,NEW YORK STATE ELECTRIC & GAS CORP,Natural Gas,INTRASTATE,NEW YORK,0.0,0.0,0.0,0.0,0.74,0.74,0.0,0.0,0.0,0.0,0.0,0.0,0.0,0.0,0.0,0.0,0.0,0.0,0.0,0.74,0.74,
2/2/2026,2023.0,20240887.0,44087.0,13480.0,NIAGARA MOHAWK POWER CORP,Natural Gas,INTRASTATE,NEW YORK,0.0,0.0,0.0,83.97,0.0,83.97,0.0,0.0,0.0,0.0,0.0,0.0,0.0,0.0,0.0,0.0,0.0,0.0,83.97,0.0,83.97,
2/2/2026,2023.0,20240346.0,43530.0,13535.0,NORTH ALABAMA GAS DISTRICT,Natural Gas,INTRASTATE,ALABAMA,0.0,0.0,0.0,0.0,0.0,0.0,0.0,0.0,0.0,0.0,0.0,0.0,0.0,0.0,0.0,0.0,0.0,0.0,0.0,0.0,0.0,
2/2/2026,2023.0,20241091.0,44301.0,13630.0,NORTHEAST OKLAHOMA PUBLIC FACILITIES AUTH,Natural Gas,INTRASTATE,OKLAHOMA,0.0,0.0,0.0,0.0,0.0,0.0,0.0,0.0,0.0,0.0,0.0,0.0,0.0,0.0,0.0,0.0,0.0,0.0,0.0,0.0,0.0,
2/2/2026,2023.0,20241225.0,44442.0,13635.0,NORTHEAST OHIO NATURAL GAS CORP,Natural Gas,INTRASTATE,OHIO,0.0,0.0,0.0,0.0,0.0,0.0,0.0,0.0,0.0,0.0,0.0,0.0,0.0,0.0,0.0,0.0,0.0,0.0,0.0,0.0,0.0,
2/2/2026,2023.0,20240615.0,44688.0,13660.0,NORTH SHORE GAS CO,Natural Gas,INTRASTATE,ILLINOIS,0.0,0.0,0.0,0.0,32.27,32.27,0.0,0.0,0.0,0.0,0.0,0.0,0.0,0.0,0.0,0.0,0.0,0.0,0.0,32.27,32.27,
2/2/2026,2023.0,20240615.0,44688.0,13660.0,NORTH SHORE GAS CO,Natural Gas,INTRASTATE,WISCONSIN,0.0,0.0,0.0,0.0,2.26,2.26,0.0,0.0,0.0,0.0,0.0,0.0,0.0,0.0,0.0,0.0,0.0,0.0,0.0,2.26,2.26,
2/2/2026,2023.0,20240829.0,44029.0,13710.0,NORTHERN ILLINOIS GAS CO,Natural Gas,INTRASTATE,ILLINOIS,0.0,0.0,0.0,0.0,0.0,0.0,0.0,0.0,0.0,322.54,3.48,326.02,0.0,0.0,0.0,0.0,0.0,0.0,322.54,3.48,326.02,
2/2/2026,2023.0,20241018.0,44637.0,13725.0,NORTHERN INDUSTRIAL ENERGY DEVELOPMENT INC,Natural Gas,INTRASTATE,OHIO,0.0,0.86,0.86,0.0,0.0,0.0,0.0,0.0,0.0,0.0,0.0,0.0,0.0,0.0,0.0,0.0,0.0,0.0,0.0,0.86,0.86,
2/2/2026,2023.0,20241266.0,44485.0,13730.0,NORTHERN INDIANA PUBLIC SERVICE CO,Natural Gas,INTRASTATE,INDIANA,0.0,0.0,0.0,0.0,0.0,0.0,0.0,0.0,0.0,129.03,0.0,129.03,0.0,0.0,0.0,0.0,0.0,0.0,129.03,0.0,129.03,
2/2/2026,2023.0,20240690.0,44774.0,13750.0,NORTHERN NATURAL GAS CO,Natural Gas,INTERSTATE,ILLINOIS,0.0,0.0,0.0,0.0,0.06,0.06,0.0,0.0,0.0,0.0,0.0,0.0,0.0,0.0,0.0,0.0,0.0,0.0,0.0,0.06,0.06,
2/2/2026,2023.0,20240690.0,44774.0,13750.0,NORTHERN NATURAL GAS CO,Natural Gas,INTERSTATE,IOWA,0.0,0.0,0.0,0.0,20.19,20.19,0.0,0.0,0.0,0.0,0.0,0.0,0.0,0.0,0.0,0.0,0.0,0.0,0.0,20.19,20.19,
2/2/2026,2023.0,20240690.0,44774.0,13750.0,NORTHERN NATURAL GAS CO,Natural Gas,INTERSTATE,KANSAS,0.0,0.0,0.0,0.0,0.15,0.15,0.0,0.0,0.0,0.0,0.0,0.0,0.0,0.0,0.0,0.0,0.0,0.0,0.0,0.15,0.15,
2/2/2026,2023.0,20240690.0,44774.0,13750.0,NORTHERN NATURAL GAS CO,Natural Gas,INTERSTATE,MICHIGAN,0.0,0.0,0.0,0.0,0.63,0.63,0.0,0.0,0.0,0.0,0.0,0.0,0.0,0.0,0.0,0.0,0.0,0.0,0.0,0.63,0.63,
2/2/2026,2023.0,20240690.0,44774.0,13750.0,NORTHERN NATURAL GAS CO,Natural Gas,INTERSTATE,MINNESOTA,0.0,0.0,0.0,0.0,116.65,116.65,0.0,0.0,0.0,0.0,0.0,0.0,0.0,0.0,0.0,0.0,0.0,0.0,0.0,116.65,116.65,
2/2/2026,2023.0,20240690.0,44774.0,13750.0,NORTHERN NATURAL GAS CO,Natural Gas,INTERSTATE,NEBRASKA,0.0,0.0,0.0,0.0,31.7,31.7,0.0,0.0,0.0,0.0,0.0,0.0,0.0,0.0,0.0,0.0,0.0,0.0,0.0,31.7,31.7,
2/2/2026,2023.0,20240690.0,44774.0,13750.0,NORTHERN NATURAL GAS CO,Natural Gas,INTERSTATE,NEW MEXICO,0.0,0.0,0.0,0.0,1.05,1.05,0.0,0.0,0.0,0.0,0.0,0.0,0.0,0.0,0.0,0.0,0.0,0.0,0.0,1.05,1.05,
2/2/2026,2023.0,20240690.0,44774.0,13750.0,NORTHERN NATURAL GAS CO,Natural Gas,INTERSTATE,OKLAHOMA,0.0,0.0,0.0,0.0,0.0,0.0,0.0,0.0,0.0,0.0,0.0,0.0,0.0,0.0,0.0,0.0,0.0,0.0,0.0,0.0,0.0,
2/2/2026,2023.0,20240690.0,44774.0,13750.0,NORTHERN NATURAL GAS CO,Natural Gas,INTERSTATE,SOUTH DAKOTA,0.0,0.0,0.0,0.0,10.69,10.69,0.0,0.0,0.0,0.0,0.0,0.0,0.0,0.0,0.0,0.0,0.0,0.0,0.0,10.69,10.69,
2/2/2026,2023.0,20240690.0,44774.0,13750.0,NORTHERN NATURAL GAS CO,Natural Gas,INTERSTATE,TEXAS,0.0,0.0,0.0,0.0,0.69,0.69,0.0,0.0,0.0,0.0,0.0,0.0,0.0,0.0,0.0,0.0,0.0,0.0,0.0,0.69,0.69,
2/2/2026,2023.0,20240690.0,44774.0,13750.0,NORTHERN NATURAL GAS CO,Natural Gas,INTERSTATE,WISCONSIN,0.0,0.0,0.0,0.0,6.95,6.95,0.0,0.0,0.0,0.0,0.0,0.0,0.0,0.0,0.0,0.0,0.0,0.0,0.0,6.95,6.95,
2/2/2026,2023.0,20240690.0,44774.0,13750.0,NORTHERN NATURAL GAS CO,Natural Gas,INTRASTATE,TEXAS,0.0,0.0,0.0,0.0,0.0,0.0,0.0,0.0,0.0,0.0,0.0,0.0,0.0,0.0,0.0,0.0,0.0,0.0,0.0,0.0,0.0,
2/2/2026,2023.0,20240604.0,43797.0,13769.0,NORTHERN BORDER PIPELINE COMPANY,Natural Gas,INTERSTATE,ILLINOIS,0.0,0.0,0.0,0.0,0.0,0.0,0.0,27.99,27.99,0.0,0.0,0.0,0.0,0.0,0.0,0.0,0.0,0.0,0.0,27.99,27.99,
2/2/2026,2023.0,20240604.0,43797.0,13769.0,NORTHERN BORDER PIPELINE COMPANY,Natural Gas,INTERSTATE,INDIANA,0.0,0.0,0.0,0.0,0.0,0.0,0.0,0.0,0.0,0.0,0.0,0.0,0.0,0.0,0.0,0.0,0.0,0.0,0.0,0.0,0.0,
2/2/2026,2023.0,20240604.0,43797.0,13769.0,NORTHERN BORDER PIPELINE COMPANY,Natural Gas,INTERSTATE,IOWA,0.0,0.0,0.0,0.0,0.0,0.0,0.0,2.083,2.083,0.0,0.0,0.0,0.0,0.0,0.0,0.0,0.0,0.0,0.0,2.083,2.083,
2/2/2026,2023.0,20240604.0,43797.0,13769.0,NORTHERN BORDER PIPELINE COMPANY,Natural Gas,INTERSTATE,MINNESOTA,0.0,0.0,0.0,0.0,0.0,0.0,0.0,0.0,0.0,0.0,0.0,0.0,0.0,0.0,0.0,0.0,0.0,0.0,0.0,0.0,0.0,
2/2/2026,2023.0,20240604.0,43797.0,13769.0,NORTHERN BORDER PIPELINE COMPANY,Natural Gas,INTERSTATE,MONTANA,0.0,0.0,0.0,0.0,0.0,0.0,0.0,0.0,0.0,0.0,0.0,0.0,0.0,0.0,0.0,0.0,0.0,0.0,0.0,0.0,0.0,
2/2/2026,2023.0,20240604.0,43797.0,13769.0,NORTHERN BORDER PIPELINE COMPANY,Natural Gas,INTERSTATE,NORTH DAKOTA,0.0,0.0,0.0,0.0,0.0,0.0,0.0,1.786,1.786,0.0,0.0,0.0,0.0,0.0,0.0,0.0,0.0,0.0,0.0,1.786,1.786,
2/2/2026,2023.0,20240604.0,43797.0,13769.0,NORTHERN BORDER PIPELINE COMPANY,Natural Gas,INTERSTATE,SOUTH DAKOTA,0.0,0.0,0.0,0.0,0.0,0.0,0.0,0.0,0.0,0.0,0.0,0.0,0.0,0.0,0.0,0.0,0.0,0.0,0.0,0.0,0.0,
2/2/2026,2023.0,20240796.0,43996.0,13783.0,NORTHERN STATES POWER CO OF WISCONSIN,Natural Gas,INTRASTATE,WISCONSIN,0.0,0.0,0.0,0.0,0.0,0.0,0.0,0.0,0.0,0.0,0.0,0.0,0.0,0.0,0.0,0.0,0.0,0.0,0.0,0.0,0.0,
2/2/2026,2023.0,20240940.0,44741.0,13840.0,NORTHWEST NATURAL GAS CO,Natural Gas,INTRASTATE,OREGON,0.0,0.0,0.0,168.2,33.3,201.5,0.0,0.0,0.0,0.0,0.0,0.0,0.0,0.0,0.0,0.0,0.0,0.0,168.2,33.3,201.5,
2/2/2026,2023.0,20240940.0,44741.0,13840.0,NORTHWEST NATURAL GAS CO,Natural Gas,INTRASTATE,WASHINGTON,0.0,0.0,0.0,1.6,0.2,1.8,0.0,0.0,0.0,0.0,0.0,0.0,0.0,0.0,0.0,0.0,0.0,0.0,1.6,0.2,1.8,
2/2/2026,2023.0,20240904.0,44929.0,13845.0,NORTHWEST PIPELINE LLC,Natural Gas,INTERSTATE,COLORADO,0.0,0.0,0.0,0.0,0.0,0.0,0.0,1.307,1.307,0.0,0.0,0.0,0.0,0.0,0.0,0.0,0.0,0.0,0.0,1.307,1.307,
2/2/2026,2023.0,20240904.0,44929.0,13845.0,NORTHWEST PIPELINE LLC,Natural Gas,INTERSTATE,IDAHO,0.0,0.0,0.0,0.0,0.0,0.0,0.0,26.571,26.571,0.0,0.0,0.0,0.0,0.0,0.0,0.0,0.0,0.0,0.0,26.571,26.571,
2/2/2026,2023.0,20240904.0,44929.0,13845.0,NORTHWEST PIPELINE LLC,Natural Gas,INTERSTATE,OREGON,0.0,0.0,0.0,0.0,0.0,0.0,0.0,35.343,35.343,0.0,0.0,0.0,0.0,0.0,0.0,0.0,0.0,0.0,0.0,35.343,35.343,
2/2/2026,2023.0,20240904.0,44929.0,13845.0,NORTHWEST PIPELINE LLC,Natural Gas,INTERSTATE,UTAH,0.0,0.0,0.0,0.0,0.0,0.0,0.0,4.981,4.981,0.0,0.0,0.0,0.0,0.0,0.0,0.0,0.0,0.0,0.0,4.981,4.981,
2/2/2026,2023.0,20240904.0,44929.0,13845.0,NORTHWEST PIPELINE LLC,Natural Gas,INTERSTATE,WASHINGTON,0.0,0.0,0.0,0.0,0.0,0.0,0.0,123.302,123.302,0.0,0.0,0.0,0.0,0.0,0.0,0.0,0.0,0.0,0.0,123.302,123.302,
2/2/2026,2023.0,20240904.0,44929.0,13845.0,NORTHWEST PIPELINE LLC,Natural Gas,INTERSTATE,WYOMING,0.0,0.0,0.0,0.0,0.0,0.0,0.0,0.0,0.0,0.0,0.0,0.0,0.0,0.0,0.0,0.0,0.0,0.0,0.0,0.0,0.0,
2/2/2026,2023.0,20240304.0,44633.0,14180.0,OHIO VALLEY GAS CORP,Natural Gas,INTRASTATE,INDIANA,0.0,0.152,0.152,0.0,0.0,0.0,0.0,0.0,0.0,0.0,0.0,0.0,0.0,0.0,0.0,0.0,0.0,0.0,0.0,0.152,0.152,
2/2/2026,2023.0,20240987.0,44191.0,14200.0,OKALOOSA COUNTY GAS DISTRICT,Natural Gas,INTRASTATE,FLORIDA,0.0,0.0,0.0,0.0,13.0,13.0,0.0,0.0,0.0,0.0,0.0,0.0,0.0,0.0,0.0,0.0,0.0,0.0,0.0,13.0,13.0,
2/2/2026,2023.0,20240821.0,46692.0,14210.0,"OKLAHOMA NATURAL GAS COMPANY, A DIVISION OF ONE GAS, INC.",Natural Gas,INTRASTATE,OKLAHOMA,0.0,0.0,0.0,0.0,37.94,37.94,0.0,0.0,0.0,0.0,0.0,0.0,0.0,0.0,0.0,0.0,0.0,0.0,0.0,37.94,37.94,
2/2/2026,2023.0,20240505.0,43693.0,14225.0,RINGWOOD GATHERING CO,Natural Gas,INTRASTATE,OKLAHOMA,0.0,0.0,0.0,0.0,0.0,0.0,0.0,0.0,0.0,0.0,0.0,0.0,0.0,0.0,0.0,0.0,0.0,0.0,0.0,0.0,0.0,
2/2/2026,2023.0,20240955.0,44157.0,14330.0,ORANGE & ROCKLAND UTILITY INC,Natural Gas,INTRASTATE,NEW YORK,0.0,0.0,0.0,0.0,0.0,0.0,0.0,0.0,0.0,0.0,0.0,0.0,0.0,0.0,0.0,0.0,0.0,0.0,0.0,0.0,0.0,
2/2/2026,2023.0,20241068.0,44277.0,14356.0,"ORBIT GAS TRANSMISSION, INC.",Natural Gas,INTRASTATE,INDIANA,0.0,0.0,0.0,0.0,0.0,0.0,0.0,0.0,0.0,0.0,0.0,0.0,0.0,0.0,0.0,0.0,0.0,0.0,0.0,0.0,0.0,
2/2/2026,2023.0,20241068.0,44277.0,14356.0,"ORBIT GAS TRANSMISSION, INC.",Natural Gas,INTRASTATE,KENTUCKY,0.3,0.0,0.3,0.0,0.0,0.0,0.0,0.0,0.0,0.0,0.0,0.0,0.0,0.0,0.0,0.0,0.0,0.0,0.3,0.0,0.3,
2/2/2026,2023.0,20240594.0,44711.0,14435.0,"OZARK GAS TRANSMISSION, L.L.C",Natural Gas,INTERSTATE,ARKANSAS,0.0,0.0,0.0,0.0,5.934,5.934,0.0,0.0,0.0,0.0,0.0,0.0,0.0,0.0,0.0,0.0,0.0,0.0,0.0,5.934,5.934,
2/2/2026,2023.0,20240594.0,44711.0,14435.0,"OZARK GAS TRANSMISSION, L.L.C",Natural Gas,INTERSTATE,MISSOURI,0.0,0.0,0.0,0.0,0.357,0.357,0.0,0.0,0.0,0.0,0.0,0.0,0.0,0.0,0.0,0.0,0.0,0.0,0.0,0.357,0.357,
2/2/2026,2023.0,20240594.0,44711.0,14435.0,"OZARK GAS TRANSMISSION, L.L.C",Natural Gas,INTERSTATE,OKLAHOMA,0.0,0.0,0.0,0.0,0.307,0.307,0.0,0.0,0.0,0.0,0.0,0.0,0.0,0.0,0.0,0.0,0.0,0.0,0.0,0.307,0.307,
2/2/2026,2023.0,20241178.0,44392.0,15007.0,PACIFIC GAS & ELECTRIC CO,Natural Gas,INTRASTATE,CALIFORNIA,0.0,0.0,0.0,0.0,0.0,0.0,172.9,1380.5,1553.4,0.0,0.0,0.0,0.0,0.0,0.0,0.0,0.0,0.0,172.9,1380.5,1553.4,
2/2/2026,2023.0,20240644.0,43839.0,15014.0,GAS TRANSMISSION NORTHWEST LLC,Natural Gas,INTERSTATE,IDAHO,0.0,0.0,0.0,0.0,0.0,0.0,0.0,40.648,40.648,0.0,0.0,0.0,0.0,0.0,0.0,0.0,0.0,0.0,0.0,40.648,40.648,
2/2/2026,2023.0,20240644.0,43839.0,15014.0,GAS TRANSMISSION NORTHWEST LLC,Natural Gas,INTERSTATE,OREGON,0.0,0.0,0.0,0.0,0.0,0.0,0.0,13.32,13.32,0.0,0.0,0.0,0.0,0.0,0.0,0.0,0.0,0.0,0.0,13.32,13.32,
2/2/2026,2023.0,20240644.0,43839.0,15014.0,GAS TRANSMISSION NORTHWEST LLC,Natural Gas,INTERSTATE,WASHINGTON,0.0,0.0,0.0,0.0,0.0,0.0,0.0,15.791,15.791,0.0,0.0,0.0,0.0,0.0,0.0,0.0,0.0,0.0,0.0,15.791,15.791,
2/2/2026,2023.0,20241088.0,44956.0,15033.0,GREAT BASIN GAS TRANSMISSION COMPANY,Natural Gas,INTERSTATE,NEVADA,0.0,0.0,0.0,0.0,20.551,20.551,0.0,0.0,0.0,0.0,0.0,0.0,0.0,0.0,0.0,0.0,0.0,0.0,0.0,20.551,20.551,
2/2/2026,2023.0,20240654.0,43849.0,15105.0,PANHANDLE EASTERN PIPELINE CO,Natural Gas,INTERSTATE,ILLINOIS,0.0,0.0,0.0,0.0,21.76,21.76,0.0,0.0,0.0,0.0,0.0,0.0,0.0,0.0,0.0,0.0,0.0,0.0,0.0,21.76,21.76,
2/2/2026,2023.0,20240654.0,43849.0,15105.0,PANHANDLE EASTERN PIPELINE CO,Natural Gas,INTERSTATE,INDIANA,0.0,0.0,0.0,0.0,74.38,74.38,0.0,0.0,0.0,0.0,0.0,0.0,0.0,0.0,0.0,0.0,0.0,0.0,0.0,74.38,74.38,
2/2/2026,2023.0,20240654.0,43849.0,15105.0,PANHANDLE EASTERN PIPELINE CO,Natural Gas,INTERSTATE,KANSAS,0.0,0.0,0.0,0.0,6.85,6.85,0.0,0.0,0.0,0.0,0.0,0.0,0.0,0.0,0.0,0.0,0.0,0.0,0.0,6.85,6.85,
2/2/2026,2023.0,20240654.0,43849.0,15105.0,PANHANDLE EASTERN PIPELINE CO,Natural Gas,INTERSTATE,MICHIGAN,0.0,0.0,0.0,0.0,29.67,29.67,0.0,0.0,0.0,0.0,0.0,0.0,0.0,0.0,0.0,0.0,0.0,0.0,0.0,29.67,29.67,
2/2/2026,2023.0,20240654.0,43849.0,15105.0,PANHANDLE EASTERN PIPELINE CO,Natural Gas,INTERSTATE,MISSOURI,0.0,0.0,0.0,0.0,11.67,11.67,0.0,0.0,0.0,0.0,0.0,0.0,0.0,0.0,0.0,0.0,0.0,0.0,0.0,11.67,11.67,
2/2/2026,2023.0,20240654.0,43849.0,15105.0,PANHANDLE EASTERN PIPELINE CO,Natural Gas,INTERSTATE,OHIO,0.0,0.0,0.0,0.0,8.63,8.63,0.0,0.0,0.0,0.0,0.0,0.0,0.0,0.0,0.0,0.0,0.0,0.0,0.0,8.63,8.63,
2/2/2026,2023.0,20240654.0,43849.0,15105.0,PANHANDLE EASTERN PIPELINE CO,Natural Gas,INTERSTATE,OKLAHOMA,0.0,0.0,0.0,0.0,2.65,2.65,0.0,0.0,0.0,0.0,0.0,0.0,0.0,0.0,0.0,0.0,0.0,0.0,0.0,2.65,2.65,
2/2/2026,2023.0,20240654.0,43849.0,15105.0,PANHANDLE EASTERN PIPELINE CO,Natural Gas,INTERSTATE,TEXAS,0.0,0.0,0.0,0.0,0.09,0.09,0.0,0.0,0.0,0.0,0.0,0.0,0.0,0.0,0.0,0.0,0.0,0.0,0.0,0.09,0.09,
2/2/2026,2023.0,20241434.0,44865.0,15132.0,PAPCO INC,Natural Gas,INTRASTATE,PENNSYLVANIA,0.0,0.0,0.0,0.0,0.0,0.0,0.0,0.0,0.0,0.0,0.0,0.0,0.0,0.0,0.0,0.0,0.0,0.0,0.0,0.0,0.0,
2/2/2026,2023.0,20240238.0,43416.0,15208.0,PELICAN RESERVE PIPELINE CO,Natural Gas,INTRASTATE,TEXAS,0.0,0.0,0.0,0.0,0.0,0.0,0.0,0.0,0.0,0.0,0.0,0.0,0.0,0.0,0.0,0.0,0.0,0.0,0.0,0.0,0.0,
2/2/2026,2023.0,20240874.0,44074.0,15329.0,PEOPLES GAS LIGHT & COKE CO,Natural Gas,INTRASTATE,ILLINOIS,0.0,0.0,0.0,0.0,68.76,68.76,0.0,0.0,0.0,0.0,0.0,0.0,0.0,0.0,0.0,0.0,0.0,0.0,0.0,68.76,68.76,
2/2/2026,2023.0,20240605.0,46758.0,15348.0,PEOPLES GAS SYSTEM INC,Natural Gas,INTRASTATE,FLORIDA,0.0,0.0,0.0,0.0,0.0,0.0,0.0,60.96,60.96,0.0,0.0,0.0,0.0,0.0,0.0,0.0,0.0,0.0,0.0,60.96,60.96,
2/2/2026,2023.0,20240958.0,46797.0,15350.0,PEOPLES NATURAL GAS COMPANY LLC,Natural Gas,INTRASTATE,PENNSYLVANIA,0.0,0.0,0.0,0.0,0.0,0.0,0.0,18.633,18.633,0.0,0.0,0.0,0.0,0.0,0.0,0.0,0.0,0.0,0.0,18.633,18.633,
2/2/2026,2023.0,20240923.0,45337.0,15359.0,BLACK HILLS ENERGY,Natural Gas,INTRASTATE,ARKANSAS,0.0,0.0,0.0,0.0,38.66,38.66,0.0,0.0,0.0,0.0,0.0,0.0,0.0,0.0,0.0,0.0,0.0,0.0,0.0,38.66,38.66,
2/2/2026,2023.0,20240923.0,45337.0,15359.0,BLACK HILLS ENERGY,Natural Gas,INTRASTATE,COLORADO,0.0,0.0,0.0,0.0,0.75,0.75,0.0,0.0,0.0,0.0,0.0,0.0,0.0,0.0,0.0,0.0,0.0,0.0,0.0,0.75,0.75,
2/2/2026,2023.0,20240923.0,45337.0,15359.0,BLACK HILLS ENERGY,Natural Gas,INTRASTATE,IOWA,0.0,0.0,0.0,0.0,0.39,0.39,0.0,0.0,0.0,0.0,0.0,0.0,0.0,0.0,0.0,0.0,0.0,0.0,0.0,0.39,0.39,
2/2/2026,2023.0,20240923.0,45337.0,15359.0,BLACK HILLS ENERGY,Natural Gas,INTRASTATE,KANSAS,0.0,0.0,0.0,0.0,0.9,0.9,0.0,0.0,0.0,0.0,0.0,0.0,0.0,0.0,0.0,0.0,0.0,0.0,0.0,0.9,0.9,
2/2/2026,2023.0,20240923.0,45337.0,15359.0,BLACK HILLS ENERGY,Natural Gas,INTRASTATE,NEBRASKA,0.0,0.0,0.0,0.0,4.04,4.04,0.0,0.0,0.0,0.0,0.0,0.0,0.0,0.0,0.0,0.0,0.0,0.0,0.0,4.04,4.04,
2/2/2026,2023.0,20240923.0,45337.0,15359.0,BLACK HILLS ENERGY,Natural Gas,INTRASTATE,WYOMING,0.0,0.0,0.0,0.0,3.24,3.24,0.0,0.0,0.0,0.0,0.0,0.0,0.0,0.0,0.0,0.0,0.0,0.0,0.0,3.24,3.24,
2/2/2026,2023.0,20241339.0,44765.0,15454.0,PETROLEUM FUELS CO,Natural Gas,INTRASTATE,MINNESOTA,0.0,0.0,0.0,0.0,0.0,0.0,0.0,0.0,0.0,0.0,0.0,0.0,0.0,0.0,0.0,0.0,0.0,0.0,0.0,0.0,0.0,
2/2/2026,2023.0,20241339.0,44765.0,15454.0,PETROLEUM FUELS CO,Natural Gas,INTRASTATE,TEXAS,0.0,0.0,0.0,0.0,0.0,0.0,0.0,0.0,0.0,0.0,1.541,1.541,0.0,0.0,0.0,0.0,0.0,0.0,0.0,1.541,1.541,
2/2/2026,2023.0,20240197.0,46750.0,15462.0,PECO ENERGY CO,Natural Gas,INTRASTATE,PENNSYLVANIA,0.0,0.0,0.0,0.0,2.96,2.96,0.0,0.0,0.0,0.0,0.0,0.0,0.0,0.0,0.0,0.0,0.0,0.0,0.0,2.96,2.96,
2/2/2026,2023.0,20241352.0,44580.0,15469.0,PHILADELPHIA GAS WORKS,Natural Gas,INTRASTATE,PENNSYLVANIA,2.1,0.0,2.1,0.0,0.0,0.0,0.0,0.0,0.0,0.0,0.0,0.0,0.0,0.0,0.0,0.0,0.0,0.0,2.1,0.0,2.1,
2/2/2026,2023.0,20241134.0,44346.0,15485.0,PHILLIPS 66 COMPANY - SWEENY REFINERY,Hydrogen Gas,INTRASTATE,TEXAS,0.0,0.0,0.0,0.0,0.0,0.0,0.0,0.0,0.0,0.0,0.0,0.0,0.0,0.0,0.0,0.0,0.0,0.0,0.0,0.0,0.0,
2/2/2026,2023.0,20241131.0,44747.0,15485.0,PHILLIPS 66 COMPANY - SWEENY REFINERY,Natural Gas,INTRASTATE,TEXAS,0.0,0.0,0.0,0.0,0.0,0.0,0.0,0.431,0.431,0.0,0.0,0.0,0.0,0.0,0.0,0.0,0.0,0.0,0.0,0.431,0.431,
2/2/2026,2023.0,20240664.0,44960.0,15518.0,PIEDMONT NATURAL GAS CO INC,Natural Gas,INTRASTATE,NORTH CAROLINA,0.0,0.0,0.0,0.0,237.22,237.22,0.0,0.0,0.0,0.0,0.0,0.0,0.0,0.0,0.0,0.0,0.0,0.0,0.0,237.22,237.22,
2/2/2026,2023.0,20240664.0,44960.0,15518.0,PIEDMONT NATURAL GAS CO INC,Natural Gas,INTRASTATE,SOUTH CAROLINA,0.0,0.0,0.0,0.0,13.45,13.45,0.0,0.0,0.0,0.0,0.0,0.0,0.0,0.0,0.0,0.0,0.0,0.0,0.0,13.45,13.45,
2/2/2026,2023.0,20240664.0,44960.0,15518.0,PIEDMONT NATURAL GAS CO INC,Natural Gas,INTRASTATE,TENNESSEE,0.0,0.0,0.0,0.0,22.48,22.48,0.0,0.0,0.0,0.0,0.0,0.0,0.0,0.0,0.0,0.0,0.0,0.0,0.0,22.48,22.48,
2/2/2026,2023.0,20240442.0,43629.0,15589.0,PINE PIPELINE INC,Natural Gas,INTRASTATE,LOUISIANA,0.0,0.0,0.0,0.0,0.69,0.69,0.0,0.0,0.0,0.0,0.0,0.0,0.0,0.0,0.0,0.0,0.0,0.0,0.0,0.69,0.69,
2/2/2026,2023.0,20240894.0,44095.0,15602.0,PIONEER NATURAL RESOURCES,Natural Gas,INTRASTATE,TEXAS,0.0,0.0,0.0,0.0,0.0,0.0,0.0,0.0,0.0,0.0,0.0,0.0,0.0,0.0,0.0,0.0,0.0,0.0,0.0,0.0,0.0,
2/2/2026,2023.0,20240038.0,43199.0,15645.0,PLACID PIPELINE COMPANY LLC,Natural Gas,INTRASTATE,LOUISIANA,0.0,0.0,0.0,2.0,0.0,2.0,0.0,0.0,0.0,0.0,0.0,0.0,0.0,0.0,0.0,0.0,0.0,0.0,2.0,0.0,2.0,
2/2/2026,2023.0,20240234.0,43412.0,15652.0,"PLAINS, CITY OF",Natural Gas,INTRASTATE,TEXAS,0.0,0.0,0.0,0.0,0.0,0.0,0.0,0.0,0.0,0.0,0.0,0.0,0.0,0.0,0.0,0.0,0.0,0.0,0.0,0.0,0.0,
2/2/2026,2023.0,20241071.0,44280.0,15790.0,PONTCHARTRAIN NATURAL GAS SYSTEM,Natural Gas,INTRASTATE,LOUISIANA,0.0,0.0,0.0,0.0,0.0,0.0,0.0,0.0,0.0,0.0,0.0,0.0,0.0,0.0,0.0,0.0,0.0,0.0,0.0,0.0,0.0,
2/2/2026,2023.0,20241405.0,44785.0,15815.0,PRAIRIE PIPELINE CO,Natural Gas,INTRASTATE,TEXAS,0.0,0.0,0.0,0.0,0.0,0.0,0.0,0.0,0.0,0.0,0.0,0.0,0.0,0.0,0.0,0.0,0.0,0.0,0.0,0.0,0.0,
2/2/2026,2023.0,20240375.0,44817.0,15825.0,WESTLAKE US 2 LLC,Natural Gas,INTRASTATE,LOUISIANA,0.0,0.0,0.0,0.48,0.0,0.48,0.0,0.0,0.0,0.0,0.0,0.0,0.0,0.0,0.0,0.0,0.0,0.0,0.48,0.0,0.48,
2/2/2026,2023.0,20240374.0,44818.0,15825.0,WESTLAKE US 2 LLC,Other Gas-Chlorine,INTRASTATE,LOUISIANA,0.0,0.0,0.0,0.0,4.48,4.48,0.0,0.0,0.0,0.0,0.0,0.0,0.0,0.0,0.0,0.0,0.0,0.0,0.0,4.48,4.48,
2/2/2026,2023.0,20240754.0,46781.0,15931.0,PUBLIC SERVICE CO OF COLORADO,Natural Gas,INTRASTATE,COLORADO,0.0,0.0,0.0,0.0,0.0,0.0,0.0,0.0,0.0,0.0,0.0,0.0,0.0,0.0,0.0,0.0,199.5,199.5,0.0,199.5,199.5,Semi-Quantitative
2/2/2026,2023.0,20241184.0,44729.0,15938.0,PUBLIC SERVICE CO OF NORTH CAROLINA,Natural Gas,INTRASTATE,NORTH CAROLINA,0.0,0.0,0.0,0.0,57.83,57.83,0.0,0.0,0.0,0.0,0.0,0.0,0.0,0.0,0.0,0.0,0.0,0.0,0.0,57.83,57.83,
2/2/2026,2023.0,20240313.0,43497.0,15952.0,PUBLIC SERVICE ELECTRIC & GAS CO,Natural Gas,INTRASTATE,NEW JERSEY,0.0,0.0,0.0,0.0,38.7,38.7,0.0,0.0,0.0,0.0,0.0,0.0,0.0,0.0,0.0,0.0,0.0,0.0,0.0,38.7,38.7,
2/2/2026,2023.0,20240208.0,43386.0,16667.0,ENERGY NORTH NATURAL GAS INC,Natural Gas,INTRASTATE,NEW HAMPSHIRE,2.8,0.0,2.8,0.0,0.0,0.0,0.0,0.0,0.0,0.0,0.0,0.0,0.0,0.0,0.0,0.0,0.0,0.0,2.8,0.0,2.8,
2/2/2026,2023.0,20240301.0,43482.0,17090.0,RATON GAS TRANSMISSION CO,Natural Gas,INTERSTATE,COLORADO,0.0,0.0,0.0,0.0,0.0,0.0,0.0,0.0,0.0,0.0,0.0,0.0,0.0,0.0,0.0,0.0,0.0,0.0,0.0,0.0,0.0,
2/2/2026,2023.0,20241259.0,44478.0,17540.0,ROANOKE GAS CO,Natural Gas,INTRASTATE,VIRGINIA,0.0,0.0,0.0,0.0,1.59,1.59,0.0,0.0,0.0,0.0,0.0,0.0,0.0,0.0,0.0,0.0,0.0,0.0,0.0,1.59,1.59,
2/2/2026,2023.0,20241035.0,44243.0,17570.0,ROCHESTER GAS & ELECTRIC CORP,Natural Gas,INTRASTATE,NEW YORK,0.0,0.0,0.0,0.0,10.69,10.69,0.0,0.0,0.0,0.0,0.0,0.0,0.0,0.0,0.0,0.0,0.0,0.0,0.0,10.69,10.69,
2/2/2026,2023.0,20240921.0,45338.0,17620.0,ROCKY MOUNTAIN NATURAL GAS LLC,Natural Gas,INTRASTATE,COLORADO,0.0,0.0,0.0,0.0,9.34,9.34,0.0,0.0,0.0,0.0,0.0,0.0,0.0,0.0,0.0,0.0,0.0,0.0,0.0,9.34,9.34,
2/2/2026,2023.0,20241197.0,44412.0,17681.0,ROSEBURG FOREST PRODUCTS CO,Natural Gas,INTRASTATE,OREGON,0.0,0.0,0.0,0.0,0.0,0.0,0.0,0.0,0.0,0.0,0.0,0.0,0.0,0.0,0.0,0.0,0.0,0.0,0.0,0.0,0.0,
2/2/2026,2023.0,20240353.0,43537.0,18084.0,ST LAWRENCE GAS CO INC,Natural Gas,INTRASTATE,NEW YORK,0.0,0.0,0.0,0.0,2.28,2.28,0.0,0.0,0.0,0.0,0.0,0.0,0.0,0.0,0.0,0.0,0.0,0.0,0.0,2.28,2.28,
2/2/2026,2023.0,20241086.0,44752.0,18104.0,CPS ENERGY,Natural Gas,INTRASTATE,TEXAS,0.0,0.0,0.0,0.0,19.2,19.2,0.0,0.0,0.0,0.0,0.0,0.0,0.0,0.0,0.0,0.0,0.0,0.0,0.0,19.2,19.2,
2/2/2026,2023.0,20240735.0,46771.0,18112.0,SAN DIEGO GAS & ELECTRIC CO,Natural Gas,INTRASTATE,CALIFORNIA,0.0,0.0,0.0,179.0,3.0,182.0,0.0,0.0,0.0,0.0,0.0,0.0,0.0,0.0,0.0,0.0,0.0,0.0,179.0,3.0,182.0,
2/2/2026,2023.0,20240510.0,43698.0,18156.0,SEADRIFT PIPELINE LLC,Natural Gas,INTRASTATE,TEXAS,0.0,0.0,0.0,0.22,0.0,0.22,0.0,0.0,0.0,0.0,0.0,0.0,0.0,0.0,0.0,0.0,0.0,0.0,0.22,0.0,0.22,
2/2/2026,2023.0,20240574.0,43765.0,18156.0,SEADRIFT PIPELINE LLC,Other Gas-Ethylene,INTRASTATE,TEXAS,0.0,0.0,0.0,4.37,0.0,4.37,0.0,0.0,0.0,0.0,0.0,0.0,0.0,0.0,0.0,0.0,0.0,0.0,4.37,0.0,4.37,
2/2/2026,2023.0,20241065.0,44703.0,18273.0,SHELL PIPELINE CORP,Natural Gas,INTERSTATE,OCS-Gulf of Mexico,0.0,0.0,0.0,0.0,0.0,0.0,0.0,0.0,0.0,0.0,0.0,0.0,0.0,0.0,0.0,0.0,0.0,0.0,0.0,0.0,0.0,
2/2/2026,2023.0,20241108.0,44705.0,18273.0,SHELL PIPELINE CORP,Other Gas-Dry Gas,INTRASTATE,LOUISIANA,0.0,1.3,1.3,0.0,0.0,0.0,0.0,0.0,0.0,0.0,0.0,0.0,0.0,0.0,0.0,0.0,0.0,0.0,0.0,1.3,1.3,
2/2/2026,2023.0,20241108.0,44705.0,18273.0,SHELL PIPELINE CORP,Other Gas-Dry Gas,INTRASTATE,TEXAS,0.0,26.66,26.66,0.0,0.0,0.0,0.0,0.0,0.0,0.0,0.0,0.0,0.0,0.0,0.0,0.0,0.0,0.0,0.0,26.66,26.66,
2/2/2026,2023.0,20240584.0,43777.0,18308.0,NV Energy,Natural Gas,INTRASTATE,NEVADA,0.0,0.0,0.0,8.12,0.0,8.12,0.0,0.0,0.0,0.0,0.0,0.0,0.0,0.0,0.0,0.0,0.0,0.0,8.12,0.0,8.12,
2/2/2026,2023.0,20240404.0,44896.0,18336.0,SIOUX CENTER MUNICIPAL GAS UTILITY,Natural Gas,INTRASTATE,IOWA,0.0,0.0,0.0,0.0,0.227,0.227,0.0,0.0,0.0,0.0,0.0,0.0,0.0,0.0,0.0,0.0,0.0,0.0,0.0,0.227,0.227,
2/2/2026,2023.0,20240825.0,44025.0,18380.0,SOCORRO NATURAL GAS CO,Natural Gas,INTRASTATE,NEW MEXICO,0.0,0.0,0.0,0.0,0.0,0.0,0.0,0.0,0.0,0.0,0.0,0.0,0.0,0.0,0.0,0.0,0.0,0.0,0.0,0.0,0.0,
2/2/2026,2023.0,20240182.0,43359.0,18388.0,SOMERSET GAS SERVICE,Natural Gas,INTRASTATE,KENTUCKY,0.0,1.07,1.07,0.0,0.0,0.0,0.0,0.0,0.0,0.0,0.0,0.0,0.0,0.0,0.0,0.0,0.0,0.0,0.0,1.07,1.07,
2/2/2026,2023.0,20240777.0,43977.0,18408.0,"DOMINION ENERGY SOUTH CAROLINA, INC.",Natural Gas,INTRASTATE,SOUTH CAROLINA,0.0,0.0,0.0,0.0,32.8,32.8,0.0,0.0,0.0,0.0,0.0,0.0,0.0,0.0,0.0,0.0,0.0,0.0,0.0,32.8,32.8,
2/2/2026,2023.0,20241236.0,44454.0,18440.0,SOUTH JERSEY GAS CO,Natural Gas,INTRASTATE,NEW JERSEY,0.0,0.0,0.0,0.0,32.4,32.4,0.0,0.0,0.0,0.0,0.0,0.0,0.0,0.0,0.0,0.0,0.0,0.0,0.0,32.4,32.4,
2/2/2026,2023.0,20240541.0,43729.0,18456.0,SOUTHEAST GAS,Natural Gas,INTRASTATE,ALABAMA,0.0,21.22,21.22,0.0,0.0,0.0,0.0,0.0,0.0,0.0,0.0,0.0,0.0,0.0,0.0,0.0,0.0,0.0,0.0,21.22,21.22,
2/2/2026,2023.0,20241010.0,44216.0,18472.0,SEMCO ENERGY GAS COMPANY,Natural Gas,INTRASTATE,MICHIGAN,0.0,0.0,0.0,0.0,0.0,0.0,0.0,0.758,0.758,0.0,0.0,0.0,0.0,0.0,0.0,0.0,0.0,0.0,0.0,0.758,0.758,
2/2/2026,2023.0,20241011.0,44217.0,18473.0,SEMCO PIPELINE CO,Natural Gas,INTRASTATE,MICHIGAN,0.0,0.0,0.0,0.0,0.0,0.0,0.0,0.48,0.48,0.0,0.0,0.0,0.0,0.0,0.0,0.0,0.0,0.0,0.0,0.48,0.48,
2/2/2026,2023.0,20240853.0,44913.0,18484.0,SOUTHERN CALIFORNIA GAS CO,Natural Gas,INTRASTATE,CALIFORNIA,0.0,0.0,0.0,1069.0,49.0,1118.0,0.0,0.0,0.0,0.0,0.0,0.0,0.0,0.0,0.0,0.0,0.0,0.0,1069.0,49.0,1118.0,
2/2/2026,2023.0,20241158.0,46881.0,18508.0,SOUTHERN INDIANA GAS & ELECTRIC CO,Natural Gas,INTRASTATE,INDIANA,0.0,0.0,0.0,0.0,5.027,5.027,0.0,0.0,0.0,0.0,0.0,0.0,0.0,0.0,0.0,0.0,0.0,0.0,0.0,5.027,5.027,
2/2/2026,2023.0,20240799.0,43999.0,18516.0,SOUTHERN NATURAL GAS CO,Natural Gas,INTERSTATE,ALABAMA,0.0,0.0,0.0,0.0,121.026,121.026,0.0,0.0,0.0,0.0,0.0,0.0,0.0,0.0,0.0,0.0,0.0,0.0,0.0,121.026,121.026,
2/2/2026,2023.0,20240799.0,43999.0,18516.0,SOUTHERN NATURAL GAS CO,Natural Gas,INTERSTATE,FLORIDA,0.0,0.0,0.0,0.0,2.223,2.223,0.0,0.0,0.0,0.0,0.0,0.0,0.0,0.0,0.0,0.0,0.0,0.0,0.0,2.223,2.223,
2/2/2026,2023.0,20240799.0,43999.0,18516.0,SOUTHERN NATURAL GAS CO,Natural Gas,INTERSTATE,GEORGIA,0.0,0.0,0.0,0.0,134.378,134.378,0.0,0.0,0.0,0.0,0.0,0.0,0.0,0.0,0.0,0.0,0.0,0.0,0.0,134.378,134.378,
2/2/2026,2023.0,20240799.0,43999.0,18516.0,SOUTHERN NATURAL GAS CO,Natural Gas,INTERSTATE,LOUISIANA,0.0,0.0,0.0,0.0,36.516,36.516,0.0,0.0,0.0,0.0,0.0,0.0,0.0,0.0,0.0,0.0,0.0,0.0,0.0,36.516,36.516,
2/2/2026,2023.0,20240799.0,43999.0,18516.0,SOUTHERN NATURAL GAS CO,Natural Gas,INTERSTATE,MISSISSIPPI,0.0,0.0,0.0,0.0,12.295,12.295,0.0,0.0,0.0,0.0,0.0,0.0,0.0,0.0,0.0,0.0,0.0,0.0,0.0,12.295,12.295,
2/2/2026,2023.0,20240799.0,43999.0,18516.0,SOUTHERN NATURAL GAS CO,Natural Gas,INTERSTATE,SOUTH CAROLINA,0.0,0.0,0.0,0.0,2.058,2.058,0.0,0.0,0.0,0.0,0.0,0.0,0.0,0.0,0.0,0.0,0.0,0.0,0.0,2.058,2.058,
2/2/2026,2023.0,20240799.0,43999.0,18516.0,SOUTHERN NATURAL GAS CO,Natural Gas,INTERSTATE,TENNESSEE,0.0,0.0,0.0,0.0,0.167,0.167,0.0,0.0,0.0,0.0,0.0,0.0,0.0,0.0,0.0,0.0,0.0,0.0,0.0,0.167,0.167,
2/2/2026,2023.0,20240799.0,43999.0,18516.0,SOUTHERN NATURAL GAS CO,Natural Gas,INTRASTATE,ALABAMA,0.0,0.0,0.0,0.0,0.127,0.127,0.0,0.0,0.0,0.0,0.0,0.0,0.0,0.0,0.0,0.0,0.0,0.0,0.0,0.127,0.127,
2/2/2026,2023.0,20240826.0,44026.0,18532.0,"TEXAS GAS SERVICE COMPANY, A DIVISION OF ONE GAS, INC.",Natural Gas,INTRASTATE,TEXAS,0.0,0.0,0.0,135.92,0.0,135.92,0.0,0.0,0.0,0.0,0.0,0.0,0.0,0.0,0.0,0.0,0.0,0.0,135.92,0.0,135.92,
2/2/2026,2023.0,20241098.0,45140.0,18536.0,SOUTHWEST GAS CORP,Natural Gas,INTRASTATE,ARIZONA,0.0,0.0,0.0,0.0,59.06,59.06,0.0,0.0,0.0,0.0,0.0,0.0,0.0,0.0,0.0,0.0,0.0,0.0,0.0,59.06,59.06,
2/2/2026,2023.0,20241098.0,45140.0,18536.0,SOUTHWEST GAS CORP,Natural Gas,INTRASTATE,CALIFORNIA,0.0,0.0,0.0,0.0,0.0,0.0,0.0,0.0,0.0,0.0,0.0,0.0,0.0,0.0,0.0,0.0,0.0,0.0,0.0,0.0,0.0,
2/2/2026,2023.0,20241098.0,45140.0,18536.0,SOUTHWEST GAS CORP,Natural Gas,INTRASTATE,NEVADA,0.0,0.0,0.0,0.0,76.259,76.259,0.0,0.0,0.0,0.0,0.0,0.0,0.0,0.0,0.0,0.0,0.0,0.0,0.0,76.259,76.259,
2/2/2026,2023.0,20240755.0,43955.0,18555.0,SOUTHWESTERN PUBLIC SERVICE CO,Natural Gas,INTRASTATE,TEXAS,0.0,0.0,0.0,0.0,0.0,0.0,0.0,0.0,0.0,0.0,0.0,0.0,0.0,0.0,0.0,0.0,0.3,0.3,0.0,0.3,0.3,Semi-Quantitative
2/2/2026,2023.0,20240637.0,43832.0,18560.0,SOUTHWESTERN VIRGINIA GAS CO,Natural Gas,INTRASTATE,VIRGINIA,0.0,0.0,0.0,0.0,0.0,0.0,0.0,0.0,0.0,0.0,0.0,0.0,0.0,0.0,0.0,0.0,0.0,0.0,0.0,0.0,0.0,
2/2/2026,2023.0,20241335.0,44560.0,18584.0,"SPRINGFIELD, CITY UTILITIES OF",Natural Gas,INTRASTATE,MISSOURI,7.85,0.0,7.85,0.0,0.0,0.0,0.0,0.0,0.0,0.0,0.0,0.0,0.0,0.0,0.0,0.0,0.0,0.0,7.85,0.0,7.85,
2/2/2026,2023.0,20241186.0,46798.0,18608.0,STANDARD PACIFIC GAS LINE INC,Natural Gas,INTRASTATE,CALIFORNIA,0.0,0.0,0.0,0.0,0.0,0.0,2.84,28.71,31.55,0.0,0.0,0.0,0.0,0.0,0.0,0.0,0.0,0.0,2.84,28.71,31.55,
2/2/2026,2023.0,20240652.0,44836.0,18636.0,"STEPHEN, CITY OF",Natural Gas,INTRASTATE,MINNESOTA,0.0,0.0,0.0,0.0,0.0,0.0,0.0,0.0,0.0,0.0,0.0,0.0,0.0,0.0,0.0,0.0,0.0,0.0,0.0,0.0,0.0,
2/2/2026,2023.0,20241373.0,44604.0,18667.0,FREEPORT-MCMORAN OIL & GAS,Natural Gas,INTERSTATE,CALIFORNIA,0.0,0.0,0.0,0.0,0.0,0.0,0.0,0.0,0.0,0.0,0.0,0.0,0.0,0.0,0.0,0.0,0.0,0.0,0.0,0.0,0.0,
2/2/2026,2023.0,20241373.0,44604.0,18667.0,FREEPORT-MCMORAN OIL & GAS,Natural Gas,INTERSTATE,OCS-Pacific,0.0,0.0,0.0,0.0,0.0,0.0,0.0,0.0,0.0,0.0,0.0,0.0,0.0,0.0,0.0,0.0,0.0,0.0,0.0,0.0,0.0,
2/2/2026,2023.0,20241373.0,44604.0,18667.0,FREEPORT-MCMORAN OIL & GAS,Natural Gas,INTRASTATE,CALIFORNIA,0.0,0.0,0.0,0.0,0.0,0.0,0.0,0.0,0.0,0.0,0.0,0.0,0.0,0.0,0.0,0.0,0.0,0.0,0.0,0.0,0.0,
2/2/2026,2023.0,20240445.0,43632.0,18718.0,SUNOCO PIPELINE L.P.,Natural Gas,INTRASTATE,NEW JERSEY,0.0,0.0,0.0,0.0,0.53,0.53,0.0,0.0,0.0,0.0,0.0,0.0,0.0,0.0,0.0,0.0,0.0,0.0,0.0,0.53,0.53,
2/2/2026,2023.0,20240323.0,43507.0,18752.0,SUPERIOR WATER LIGHT & POWER CO,Natural Gas,INTRASTATE,WISCONSIN,0.0,0.0,0.0,0.0,0.0,0.0,0.0,0.0,0.0,0.0,0.0,0.0,0.0,0.0,0.0,0.0,0.0,0.0,0.0,0.0,0.0,
2/2/2026,2023.0,20240210.0,43388.0,18784.0,SYLACAUGA GAS SYSTEM,Natural Gas,INTRASTATE,ALABAMA,0.0,1.0,1.0,0.0,0.0,0.0,0.0,0.0,0.0,0.0,0.0,0.0,0.0,0.0,0.0,0.0,0.0,0.0,0.0,1.0,1.0,
2/2/2026,2023.0,20240109.0,43277.0,19125.0,TEAVEE OIL & GAS INC,Natural Gas,INTRASTATE,WEST VIRGINIA,0.0,0.03,0.03,0.0,0.0,0.0,0.0,0.0,0.0,0.0,0.0,0.0,0.0,0.0,0.0,0.0,0.0,0.0,0.0,0.03,0.03,
2/2/2026,2023.0,20240888.0,44088.0,19160.0,TENNESSEE GAS PIPELINE COMPANY,Natural Gas,INTERSTATE,ALABAMA,0.0,0.0,0.0,0.0,3.806,3.806,0.0,0.0,0.0,0.0,0.0,0.0,0.0,0.0,0.0,0.0,0.0,0.0,0.0,3.806,3.806,
2/2/2026,2023.0,20240888.0,44088.0,19160.0,TENNESSEE GAS PIPELINE COMPANY,Natural Gas,INTERSTATE,ARKANSAS,0.0,0.0,0.0,0.0,0.0,0.0,0.0,0.0,0.0,0.0,0.0,0.0,0.0,0.0,0.0,0.0,0.0,0.0,0.0,0.0,0.0,
2/2/2026,2023.0,20240888.0,44088.0,19160.0,TENNESSEE GAS PIPELINE COMPANY,Natural Gas,INTERSTATE,CONNECTICUT,0.0,0.0,0.0,0.0,24.043,24.043,0.0,0.0,0.0,0.0,0.0,0.0,0.0,0.0,0.0,0.0,0.0,0.0,0.0,24.043,24.043,
2/2/2026,2023.0,20240888.0,44088.0,19160.0,TENNESSEE GAS PIPELINE COMPANY,Natural Gas,INTERSTATE,KENTUCKY,0.0,0.0,0.0,0.0,43.905,43.905,0.0,0.0,0.0,0.0,0.0,0.0,0.0,0.0,0.0,0.0,0.0,0.0,0.0,43.905,43.905,
2/2/2026,2023.0,20240888.0,44088.0,19160.0,TENNESSEE GAS PIPELINE COMPANY,Natural Gas,INTERSTATE,LOUISIANA,0.0,0.0,0.0,0.0,47.398,47.398,0.0,0.0,0.0,0.0,0.0,0.0,0.0,0.0,0.0,0.0,0.0,0.0,0.0,47.398,47.398,
2/2/2026,2023.0,20240888.0,44088.0,19160.0,TENNESSEE GAS PIPELINE COMPANY,Natural Gas,INTERSTATE,MASSACHUSETTS,0.0,0.0,0.0,0.0,121.923,121.923,0.0,0.0,0.0,0.0,0.0,0.0,0.0,0.0,0.0,0.0,0.0,0.0,0.0,121.923,121.923,
2/2/2026,2023.0,20240888.0,44088.0,19160.0,TENNESSEE GAS PIPELINE COMPANY,Natural Gas,INTERSTATE,MISSISSIPPI,0.0,0.0,0.0,0.0,42.591,42.591,0.0,0.0,0.0,0.0,0.0,0.0,0.0,0.0,0.0,0.0,0.0,0.0,0.0,42.591,42.591,
2/2/2026,2023.0,20240888.0,44088.0,19160.0,TENNESSEE GAS PIPELINE COMPANY,Natural Gas,INTERSTATE,NEW HAMPSHIRE,0.0,0.0,0.0,0.0,17.534,17.534,0.0,0.0,0.0,0.0,0.0,0.0,0.0,0.0,0.0,0.0,0.0,0.0,0.0,17.534,17.534,
2/2/2026,2023.0,20240888.0,44088.0,19160.0,TENNESSEE GAS PIPELINE COMPANY,Natural Gas,INTERSTATE,NEW JERSEY,0.0,0.0,0.0,0.0,32.934,32.934,0.0,0.0,0.0,0.0,0.0,0.0,0.0,0.0,0.0,0.0,0.0,0.0,0.0,32.934,32.934,
2/2/2026,2023.0,20240888.0,44088.0,19160.0,TENNESSEE GAS PIPELINE COMPANY,Natural Gas,INTERSTATE,NEW YORK,0.0,0.0,0.0,0.0,44.334,44.334,0.0,0.0,0.0,0.0,0.0,0.0,0.0,0.0,0.0,0.0,0.0,0.0,0.0,44.334,44.334,
2/2/2026,2023.0,20240888.0,44088.0,19160.0,TENNESSEE GAS PIPELINE COMPANY,Natural Gas,INTERSTATE,OHIO,0.0,0.0,0.0,0.0,16.886,16.886,0.0,0.0,0.0,0.0,0.0,0.0,0.0,0.0,0.0,0.0,0.0,0.0,0.0,16.886,16.886,
2/2/2026,2023.0,20240888.0,44088.0,19160.0,TENNESSEE GAS PIPELINE COMPANY,Natural Gas,INTERSTATE,PENNSYLVANIA,0.0,0.0,0.0,0.0,18.773,18.773,0.0,0.0,0.0,0.0,0.0,0.0,0.0,0.0,0.0,0.0,0.0,0.0,0.0,18.773,18.773,
2/2/2026,2023.0,20240888.0,44088.0,19160.0,TENNESSEE GAS PIPELINE COMPANY,Natural Gas,INTERSTATE,RHODE ISLAND,0.0,0.0,0.0,0.0,6.172,6.172,0.0,0.0,0.0,0.0,0.0,0.0,0.0,0.0,0.0,0.0,0.0,0.0,0.0,6.172,6.172,
2/2/2026,2023.0,20240888.0,44088.0,19160.0,TENNESSEE GAS PIPELINE COMPANY,Natural Gas,INTERSTATE,TENNESSEE,0.0,0.0,0.0,0.0,57.22,57.22,0.0,0.0,0.0,0.0,0.0,0.0,0.0,0.0,0.0,0.0,0.0,0.0,0.0,57.22,57.22,
2/2/2026,2023.0,20240888.0,44088.0,19160.0,TENNESSEE GAS PIPELINE COMPANY,Natural Gas,INTERSTATE,TEXAS,0.0,0.0,0.0,0.0,111.863,111.863,0.0,0.0,0.0,0.0,0.0,0.0,0.0,0.0,0.0,0.0,0.0,0.0,0.0,111.863,111.863,
2/2/2026,2023.0,20240888.0,44088.0,19160.0,TENNESSEE GAS PIPELINE COMPANY,Natural Gas,INTERSTATE,WEST VIRGINIA,0.0,0.0,0.0,0.0,13.062,13.062,0.0,0.0,0.0,0.0,0.0,0.0,0.0,0.0,0.0,0.0,0.0,0.0,0.0,13.062,13.062,
2/2/2026,2023.0,20241277.0,45216.0,19235.0,"TEXAS EASTERN TRANSMISSION, LP",Natural Gas,INTERSTATE,ALABAMA,0.0,0.0,0.0,0.0,0.0,0.0,0.0,15.81,15.81,0.0,0.0,0.0,0.0,0.0,0.0,0.0,0.0,0.0,0.0,15.81,15.81,
2/2/2026,2023.0,20241277.0,45216.0,19235.0,"TEXAS EASTERN TRANSMISSION, LP",Natural Gas,INTERSTATE,ARKANSAS,0.0,0.0,0.0,0.0,0.0,0.0,0.0,10.05,10.05,0.0,0.0,0.0,0.0,0.0,0.0,0.0,0.0,0.0,0.0,10.05,10.05,
2/2/2026,2023.0,20241277.0,45216.0,19235.0,"TEXAS EASTERN TRANSMISSION, LP",Natural Gas,INTERSTATE,ILLINOIS,0.0,0.0,0.0,0.0,0.0,0.0,0.0,2.22,2.22,0.0,0.0,0.0,0.0,0.0,0.0,0.0,0.0,0.0,0.0,2.22,2.22,
2/2/2026,2023.0,20241277.0,45216.0,19235.0,"TEXAS EASTERN TRANSMISSION, LP",Natural Gas,INTERSTATE,INDIANA,0.0,0.0,0.0,0.0,0.0,0.0,0.0,7.94,7.94,0.0,0.0,0.0,0.0,0.0,0.0,0.0,0.0,0.0,0.0,7.94,7.94,
2/2/2026,2023.0,20241277.0,45216.0,19235.0,"TEXAS EASTERN TRANSMISSION, LP",Natural Gas,INTERSTATE,KENTUCKY,0.0,0.0,0.0,0.0,0.0,0.0,0.0,14.1,14.1,0.0,0.0,0.0,0.0,0.0,0.0,0.0,0.0,0.0,0.0,14.1,14.1,
2/2/2026,2023.0,20241277.0,45216.0,19235.0,"TEXAS EASTERN TRANSMISSION, LP",Natural Gas,INTERSTATE,LOUISIANA,0.0,0.0,0.0,0.0,0.0,0.0,0.0,14.87,14.87,0.0,0.0,0.0,0.0,0.0,0.0,0.0,0.0,0.0,0.0,14.87,14.87,
2/2/2026,2023.0,20241277.0,45216.0,19235.0,"TEXAS EASTERN TRANSMISSION, LP",Natural Gas,INTERSTATE,MARYLAND,0.0,0.0,0.0,0.0,0.0,0.0,0.0,1.19,1.19,0.0,0.0,0.0,0.0,0.0,0.0,0.0,0.0,0.0,0.0,1.19,1.19,
2/2/2026,2023.0,20241277.0,45216.0,19235.0,"TEXAS EASTERN TRANSMISSION, LP",Natural Gas,INTERSTATE,MISSISSIPPI,0.0,0.0,0.0,0.0,0.0,0.0,0.0,23.9,23.9,0.0,0.0,0.0,0.0,0.0,0.0,0.0,0.0,0.0,0.0,23.9,23.9,
2/2/2026,2023.0,20241277.0,45216.0,19235.0,"TEXAS EASTERN TRANSMISSION, LP",Natural Gas,INTERSTATE,NEW JERSEY,0.0,0.0,0.0,0.0,0.0,0.0,0.0,135.35,135.35,0.0,0.0,0.0,0.0,0.0,0.0,0.0,0.0,0.0,0.0,135.35,135.35,
2/2/2026,2023.0,20241277.0,45216.0,19235.0,"TEXAS EASTERN TRANSMISSION, LP",Natural Gas,INTERSTATE,NEW YORK,0.0,0.0,0.0,0.0,0.0,0.0,0.0,3.86,3.86,0.0,0.0,0.0,0.0,0.0,0.0,0.0,0.0,0.0,0.0,3.86,3.86,
2/2/2026,2023.0,20241277.0,45216.0,19235.0,"TEXAS EASTERN TRANSMISSION, LP",Natural Gas,INTERSTATE,OHIO,0.0,0.0,0.0,0.0,0.0,0.0,0.0,46.13,46.13,0.0,0.0,0.0,0.0,0.0,0.0,0.0,0.0,0.0,0.0,46.13,46.13,
2/2/2026,2023.0,20241277.0,45216.0,19235.0,"TEXAS EASTERN TRANSMISSION, LP",Natural Gas,INTERSTATE,PENNSYLVANIA,0.0,0.0,0.0,0.0,0.0,0.0,0.0,372.44,372.44,0.0,0.0,0.0,0.0,0.0,0.0,0.0,0.0,0.0,0.0,372.44,372.44,
2/2/2026,2023.0,20241277.0,45216.0,19235.0,"TEXAS EASTERN TRANSMISSION, LP",Natural Gas,INTERSTATE,TENNESSEE,0.0,0.0,0.0,0.0,0.0,0.0,0.0,75.39,75.39,0.0,0.0,0.0,0.0,0.0,0.0,0.0,0.0,0.0,0.0,75.39,75.39,
2/2/2026,2023.0,20241277.0,45216.0,19235.0,"TEXAS EASTERN TRANSMISSION, LP",Natural Gas,INTERSTATE,TEXAS,0.0,0.0,0.0,0.0,0.0,0.0,0.0,67.83,67.83,0.0,0.0,0.0,0.0,0.0,0.0,0.0,0.0,0.0,0.0,67.83,67.83,
2/2/2026,2023.0,20240366.0,43552.0,19269.0,TGG PIPELINE LTD,Natural Gas,INTRASTATE,LOUISIANA,0.0,0.0,0.0,0.0,0.0,0.0,0.0,0.0,0.0,0.0,0.0,0.0,0.0,0.0,0.0,0.0,0.0,0.0,0.0,0.0,0.0,
2/2/2026,2023.0,20240724.0,43924.0,19270.0,"TEXAS GAS TRANSMISSION, LLC",Natural Gas,INTERSTATE,ARKANSAS,0.0,0.0,0.0,0.0,0.64,0.64,0.0,0.0,0.0,0.0,0.0,0.0,0.0,0.0,0.0,0.0,0.0,0.0,0.0,0.64,0.64,
2/2/2026,2023.0,20240724.0,43924.0,19270.0,"TEXAS GAS TRANSMISSION, LLC",Natural Gas,INTERSTATE,ILLINOIS,0.0,0.0,0.0,0.0,0.0,0.0,0.0,0.0,0.0,0.0,0.0,0.0,0.0,0.0,0.0,0.0,0.0,0.0,0.0,0.0,0.0,
2/2/2026,2023.0,20240724.0,43924.0,19270.0,"TEXAS GAS TRANSMISSION, LLC",Natural Gas,INTERSTATE,INDIANA,0.0,0.0,0.0,0.0,8.12,8.12,0.0,0.0,0.0,0.0,0.0,0.0,0.0,0.0,0.0,0.0,0.0,0.0,0.0,8.12,8.12,
2/2/2026,2023.0,20240724.0,43924.0,19270.0,"TEXAS GAS TRANSMISSION, LLC",Natural Gas,INTERSTATE,KENTUCKY,0.0,0.0,0.0,0.0,72.31,72.31,0.0,0.0,0.0,0.0,0.0,0.0,0.0,0.0,0.0,0.0,0.0,0.0,0.0,72.31,72.31,
2/2/2026,2023.0,20240724.0,43924.0,19270.0,"TEXAS GAS TRANSMISSION, LLC",Natural Gas,INTERSTATE,LOUISIANA,0.0,0.0,0.0,0.0,47.91,47.91,0.0,0.0,0.0,0.0,0.0,0.0,0.0,0.0,0.0,0.0,0.0,0.0,0.0,47.91,47.91,
2/2/2026,2023.0,20240724.0,43924.0,19270.0,"TEXAS GAS TRANSMISSION, LLC",Natural Gas,INTERSTATE,MISSISSIPPI,0.0,0.0,0.0,0.0,49.21,49.21,0.0,0.0,0.0,0.0,0.0,0.0,0.0,0.0,0.0,0.0,0.0,0.0,0.0,49.21,49.21,
2/2/2026,2023.0,20240724.0,43924.0,19270.0,"TEXAS GAS TRANSMISSION, LLC",Natural Gas,INTERSTATE,OHIO,0.0,0.0,0.0,0.0,41.21,41.21,0.0,0.0,0.0,0.0,0.0,0.0,0.0,0.0,0.0,0.0,0.0,0.0,0.0,41.21,41.21,
2/2/2026,2023.0,20240724.0,43924.0,19270.0,"TEXAS GAS TRANSMISSION, LLC",Natural Gas,INTERSTATE,TENNESSEE,0.0,0.0,0.0,0.0,89.13,89.13,0.0,0.0,0.0,0.0,0.0,0.0,0.0,0.0,0.0,0.0,0.0,0.0,0.0,89.13,89.13,
2/2/2026,2023.0,20240663.0,44801.0,19319.0,"TPC GROUP, LLC",Hydrogen Gas,INTRASTATE,TEXAS,0.0,0.0,0.0,0.0,0.0,0.0,0.0,0.0,0.0,0.0,0.0,0.0,0.0,0.0,0.0,0.0,0.0,0.0,0.0,0.0,0.0,
2/2/2026,2023.0,20240660.0,44800.0,19319.0,"TPC GROUP, LLC",Natural Gas,INTRASTATE,TEXAS,0.0,0.0,0.0,0.0,0.0,0.0,0.0,0.0,0.0,0.0,0.0,0.0,0.0,0.0,0.0,0.0,0.0,0.0,0.0,0.0,0.0,
2/2/2026,2023.0,20240726.0,43926.0,19410.0,THUMS LONG BEACH CO,Natural Gas,INTRASTATE,CALIFORNIA,0.0,0.0,0.0,0.0,0.0,0.0,0.0,0.0,0.0,0.0,0.0,0.0,0.0,0.0,0.0,0.0,0.0,0.0,0.0,0.0,0.0,
2/2/2026,2023.0,20240703.0,44779.0,19490.0,"TOCCOA NATURAL GAS SYSTEM, CITY OF",Natural Gas,INTRASTATE,GEORGIA,0.0,0.0,0.0,0.0,27.94,27.94,0.0,0.0,0.0,0.0,0.0,0.0,0.0,0.0,0.0,0.0,0.0,0.0,0.0,27.94,27.94,
2/2/2026,2023.0,20240703.0,44779.0,19490.0,"TOCCOA NATURAL GAS SYSTEM, CITY OF",Natural Gas,INTRASTATE,NORTH CAROLINA,0.0,0.0,0.0,12.7,0.0,12.7,0.0,0.0,0.0,0.0,0.0,0.0,0.0,0.0,0.0,0.0,0.0,0.0,12.7,0.0,12.7,
2/2/2026,2023.0,20240905.0,44107.0,19570.0,TRANSCONTINENTAL GAS PIPE LINE COMPANY,Natural Gas,INTERSTATE,ALABAMA,0.0,0.0,0.0,0.0,0.0,0.0,0.0,17.738,17.738,0.0,0.0,0.0,0.0,0.0,0.0,0.0,0.0,0.0,0.0,17.738,17.738,
2/2/2026,2023.0,20240905.0,44107.0,19570.0,TRANSCONTINENTAL GAS PIPE LINE COMPANY,Natural Gas,INTERSTATE,DELAWARE,0.0,0.0,0.0,0.0,0.0,0.0,0.0,0.013,0.013,0.0,0.0,0.0,0.0,0.0,0.0,0.0,0.0,0.0,0.0,0.013,0.013,
2/2/2026,2023.0,20240905.0,44107.0,19570.0,TRANSCONTINENTAL GAS PIPE LINE COMPANY,Natural Gas,INTERSTATE,GEORGIA,0.0,0.0,0.0,0.0,0.0,0.0,0.0,217.884,217.884,0.0,0.0,0.0,0.0,0.0,0.0,0.0,0.0,0.0,0.0,217.884,217.884,
2/2/2026,2023.0,20240905.0,44107.0,19570.0,TRANSCONTINENTAL GAS PIPE LINE COMPANY,Natural Gas,INTERSTATE,LOUISIANA,0.0,0.0,0.0,0.0,0.0,0.0,0.0,49.426,49.426,0.0,0.0,0.0,0.0,0.0,0.0,0.0,0.0,0.0,0.0,49.426,49.426,
2/2/2026,2023.0,20240905.0,44107.0,19570.0,TRANSCONTINENTAL GAS PIPE LINE COMPANY,Natural Gas,INTERSTATE,MARYLAND,0.0,0.0,0.0,0.0,0.0,0.0,0.0,102.897,102.897,0.0,0.0,0.0,0.0,0.0,0.0,0.0,0.0,0.0,0.0,102.897,102.897,
2/2/2026,2023.0,20240905.0,44107.0,19570.0,TRANSCONTINENTAL GAS PIPE LINE COMPANY,Natural Gas,INTERSTATE,MISSISSIPPI,0.0,0.0,0.0,0.0,0.0,0.0,0.0,5.456,5.456,0.0,0.0,0.0,0.0,0.0,0.0,0.0,0.0,0.0,0.0,5.456,5.456,
2/2/2026,2023.0,20240905.0,44107.0,19570.0,TRANSCONTINENTAL GAS PIPE LINE COMPANY,Natural Gas,INTERSTATE,NEW JERSEY,0.0,0.0,0.0,0.0,0.0,0.0,0.0,304.62,304.62,0.0,0.0,0.0,0.0,0.0,0.0,0.0,0.0,0.0,0.0,304.62,304.62,
2/2/2026,2023.0,20240905.0,44107.0,19570.0,TRANSCONTINENTAL GAS PIPE LINE COMPANY,Natural Gas,INTERSTATE,NEW YORK,0.0,0.0,0.0,0.0,0.0,0.0,0.0,9.043,9.043,0.0,0.0,0.0,0.0,0.0,0.0,0.0,0.0,0.0,0.0,9.043,9.043,
2/2/2026,2023.0,20240905.0,44107.0,19570.0,TRANSCONTINENTAL GAS PIPE LINE COMPANY,Natural Gas,INTERSTATE,NORTH CAROLINA,0.0,0.0,0.0,0.0,0.0,0.0,0.0,144.966,144.966,0.0,0.0,0.0,0.0,0.0,0.0,0.0,0.0,0.0,0.0,144.966,144.966,
2/2/2026,2023.0,20240905.0,44107.0,19570.0,TRANSCONTINENTAL GAS PIPE LINE COMPANY,Natural Gas,INTERSTATE,PENNSYLVANIA,0.0,0.0,0.0,0.0,0.0,0.0,0.0,283.297,283.297,0.0,0.0,0.0,0.0,0.0,0.0,0.0,0.0,0.0,0.0,283.297,283.297,
2/2/2026,2023.0,20240905.0,44107.0,19570.0,TRANSCONTINENTAL GAS PIPE LINE COMPANY,Natural Gas,INTERSTATE,SOUTH CAROLINA,0.0,0.0,0.0,0.0,0.0,0.0,0.0,55.967,55.967,0.0,0.0,0.0,0.0,0.0,0.0,0.0,0.0,0.0,0.0,55.967,55.967,
2/2/2026,2023.0,20240905.0,44107.0,19570.0,TRANSCONTINENTAL GAS PIPE LINE COMPANY,Natural Gas,INTERSTATE,TEXAS,0.0,0.0,0.0,0.0,0.0,0.0,0.0,79.272,79.272,0.0,0.0,0.0,0.0,0.0,0.0,0.0,0.0,0.0,0.0,79.272,79.272,
2/2/2026,2023.0,20240905.0,44107.0,19570.0,TRANSCONTINENTAL GAS PIPE LINE COMPANY,Natural Gas,INTERSTATE,VIRGINIA,0.0,0.0,0.0,0.0,0.0,0.0,0.0,102.722,102.722,0.0,0.0,0.0,0.0,0.0,0.0,0.0,0.0,0.0,0.0,102.722,102.722,
2/2/2026,2023.0,20241130.0,44342.0,19574.0,TRAILBLAZER PIPELINE CO,Natural Gas,INTERSTATE,NEBRASKA,0.0,0.0,0.0,0.0,0.0,0.0,0.0,1.82,1.82,0.0,0.0,0.0,0.0,0.0,0.0,0.0,0.0,0.0,0.0,1.82,1.82,
2/2/2026,2023.0,20241130.0,44342.0,19574.0,TRAILBLAZER PIPELINE CO,Natural Gas,INTERSTATE,WYOMING,0.0,0.0,0.0,0.0,0.0,0.0,0.0,0.0,0.0,0.0,0.0,0.0,0.0,0.0,0.0,0.0,0.0,0.0,0.0,0.0,0.0,
2/2/2026,2023.0,20240811.0,44011.0,19580.0,TRANSCOLORADO GAS TRANSMISSION COMPANY LLC,Natural Gas,INTERSTATE,COLORADO,0.0,0.0,0.0,0.0,1.423,1.423,0.0,0.0,0.0,0.0,0.0,0.0,0.0,0.0,0.0,0.0,0.0,0.0,0.0,1.423,1.423,
2/2/2026,2023.0,20240811.0,44011.0,19580.0,TRANSCOLORADO GAS TRANSMISSION COMPANY LLC,Natural Gas,INTERSTATE,NEW MEXICO,0.0,0.0,0.0,0.0,0.741,0.741,0.0,0.0,0.0,0.0,0.0,0.0,0.0,0.0,0.0,0.0,0.0,0.0,0.0,0.741,0.741,
2/2/2026,2023.0,20240449.0,43636.0,19610.0,TRANSWESTERN PIPELINE COMPANY LLC,Natural Gas,INTERSTATE,ARIZONA,0.0,0.0,0.0,0.0,22.24,22.24,0.0,0.0,0.0,0.0,0.0,0.0,0.0,0.0,0.0,0.0,0.0,0.0,0.0,22.24,22.24,
2/2/2026,2023.0,20240449.0,43636.0,19610.0,TRANSWESTERN PIPELINE COMPANY LLC,Natural Gas,INTERSTATE,COLORADO,0.0,0.0,0.0,0.0,0.47,0.47,0.0,0.0,0.0,0.0,0.0,0.0,0.0,0.0,0.0,0.0,0.0,0.0,0.0,0.47,0.47,
2/2/2026,2023.0,20240449.0,43636.0,19610.0,TRANSWESTERN PIPELINE COMPANY LLC,Natural Gas,INTERSTATE,NEW MEXICO,0.0,0.0,0.0,0.0,5.93,5.93,0.0,0.0,0.0,0.0,0.0,0.0,0.0,0.0,0.0,0.0,0.0,0.0,0.0,5.93,5.93,
2/2/2026,2023.0,20240449.0,43636.0,19610.0,TRANSWESTERN PIPELINE COMPANY LLC,Natural Gas,INTERSTATE,TEXAS,0.0,0.0,0.0,0.0,1.56,1.56,0.0,0.0,0.0,0.0,0.0,0.0,0.0,0.0,0.0,0.0,0.0,0.0,0.0,1.56,1.56,
2/2/2026,2023.0,20240639.0,43834.0,19730.0,TRUNKLINE GAS CO,Natural Gas,INTERSTATE,ARKANSAS,0.0,0.0,0.0,0.0,0.0,0.0,0.0,0.0,0.0,0.0,0.0,0.0,0.0,0.0,0.0,0.0,0.0,0.0,0.0,0.0,0.0,
2/2/2026,2023.0,20240639.0,43834.0,19730.0,TRUNKLINE GAS CO,Natural Gas,INTERSTATE,ILLINOIS,0.0,0.0,0.0,0.0,6.38,6.38,0.0,0.0,0.0,0.0,0.0,0.0,0.0,0.0,0.0,0.0,0.0,0.0,0.0,6.38,6.38,
2/2/2026,2023.0,20240639.0,43834.0,19730.0,TRUNKLINE GAS CO,Natural Gas,INTERSTATE,INDIANA,0.0,0.0,0.0,0.0,11.18,11.18,0.0,0.0,0.0,0.0,0.0,0.0,0.0,0.0,0.0,0.0,0.0,0.0,0.0,11.18,11.18,
2/2/2026,2023.0,20240639.0,43834.0,19730.0,TRUNKLINE GAS CO,Natural Gas,INTERSTATE,KENTUCKY,0.0,0.0,0.0,0.0,0.0,0.0,0.0,0.0,0.0,0.0,0.0,0.0,0.0,0.0,0.0,0.0,0.0,0.0,0.0,0.0,0.0,
2/2/2026,2023.0,20240639.0,43834.0,19730.0,TRUNKLINE GAS CO,Natural Gas,INTERSTATE,LOUISIANA,0.0,0.0,0.0,0.0,5.78,5.78,0.0,0.0,0.0,0.0,0.0,0.0,0.0,0.0,0.0,0.0,0.0,0.0,0.0,5.78,5.78,
2/2/2026,2023.0,20240639.0,43834.0,19730.0,TRUNKLINE GAS CO,Natural Gas,INTERSTATE,MISSISSIPPI,0.0,0.0,0.0,0.0,2.08,2.08,0.0,0.0,0.0,0.0,0.0,0.0,0.0,0.0,0.0,0.0,0.0,0.0,0.0,2.08,2.08,
2/2/2026,2023.0,20240639.0,43834.0,19730.0,TRUNKLINE GAS CO,Natural Gas,INTERSTATE,TENNESSEE,0.0,0.0,0.0,0.0,1.77,1.77,0.0,0.0,0.0,0.0,0.0,0.0,0.0,0.0,0.0,0.0,0.0,0.0,0.0,1.77,1.77,
2/2/2026,2023.0,20240639.0,43834.0,19730.0,TRUNKLINE GAS CO,Natural Gas,INTERSTATE,TEXAS,0.0,0.0,0.0,0.0,40.3,40.3,0.0,0.0,0.0,0.0,0.0,0.0,0.0,0.0,0.0,0.0,0.0,0.0,0.0,40.3,40.3,
2/2/2026,2023.0,20240513.0,43701.0,19890.0,UCAR LOUISIANA PIPELINE LLC,Natural Gas,INTRASTATE,LOUISIANA,0.0,0.0,0.0,0.0,0.0,0.0,0.0,0.0,0.0,0.0,0.0,0.0,0.0,0.0,0.0,0.0,0.0,0.0,0.0,0.0,0.0,
2/2/2026,2023.0,20240627.0,44699.0,19892.0,UCAR PIPELINE LLC,Other Gas-Ethylene,INTERSTATE,LOUISIANA,0.0,0.0,0.0,10.74,0.0,10.74,0.0,0.0,0.0,0.0,0.0,0.0,0.0,0.0,0.0,0.0,0.0,0.0,10.74,0.0,10.74,
2/2/2026,2023.0,20240627.0,44699.0,19892.0,UCAR PIPELINE LLC,Other Gas-Ethylene,INTERSTATE,TEXAS,0.0,0.0,0.0,32.74,0.0,32.74,0.0,0.0,0.0,0.0,0.0,0.0,0.0,0.0,0.0,0.0,0.0,0.0,32.74,0.0,32.74,
2/2/2026,2023.0,20240627.0,44699.0,19892.0,UCAR PIPELINE LLC,Other Gas-Ethylene,INTRASTATE,LOUISIANA,0.0,0.0,0.0,0.0,0.0,0.0,0.0,0.0,0.0,0.0,0.0,0.0,0.0,0.0,0.0,0.0,0.0,0.0,0.0,0.0,0.0,
2/2/2026,2023.0,20240627.0,44699.0,19892.0,UCAR PIPELINE LLC,Other Gas-Ethylene,INTRASTATE,TEXAS,0.0,0.0,0.0,21.63,0.0,21.63,0.0,0.0,0.0,0.0,0.0,0.0,0.0,0.0,0.0,0.0,0.0,0.0,21.63,0.0,21.63,
2/2/2026,2023.0,20240806.0,44006.0,20010.0,"UGI UTILITIES, INC",Natural Gas,INTRASTATE,PENNSYLVANIA,0.0,0.0,0.0,0.0,38.41,38.41,0.0,0.0,0.0,0.0,0.0,0.0,0.0,0.0,0.0,0.0,0.0,0.0,0.0,38.41,38.41,
2/2/2026,2023.0,20240589.0,44995.0,20044.0,LINDE,Hydrogen Gas,INTERSTATE,LOUISIANA,0.0,0.0,0.0,0.0,0.15,0.15,0.0,0.0,0.0,0.0,0.0,0.0,0.0,0.0,0.0,0.0,0.0,0.0,0.0,0.15,0.15,
2/2/2026,2023.0,20240589.0,44995.0,20044.0,LINDE,Hydrogen Gas,INTERSTATE,TEXAS,0.0,0.0,0.0,0.0,8.82,8.82,0.0,0.0,0.0,0.0,0.0,0.0,0.0,0.0,0.0,0.0,0.0,0.0,0.0,8.82,8.82,
2/2/2026,2023.0,20240589.0,44995.0,20044.0,LINDE,Hydrogen Gas,INTRASTATE,ALABAMA,0.0,0.0,0.0,0.0,10.97,10.97,0.0,0.0,0.0,0.0,0.0,0.0,0.0,0.0,0.0,0.0,0.0,0.0,0.0,10.97,10.97,
2/2/2026,2023.0,20240589.0,44995.0,20044.0,LINDE,Hydrogen Gas,INTRASTATE,INDIANA,0.0,0.0,0.0,0.0,0.26,0.26,0.0,0.0,0.0,0.0,0.0,0.0,0.0,0.0,0.0,0.0,0.0,0.0,0.0,0.26,0.26,
2/2/2026,2023.0,20240589.0,44995.0,20044.0,LINDE,Hydrogen Gas,INTRASTATE,LOUISIANA,0.0,0.0,0.0,0.0,1.42,1.42,0.0,0.0,0.0,0.0,0.0,0.0,0.0,0.0,0.0,0.0,0.0,0.0,0.0,1.42,1.42,
2/2/2026,2023.0,20240589.0,44995.0,20044.0,LINDE,Hydrogen Gas,INTRASTATE,NEW YORK,0.0,0.0,0.0,0.0,0.0,0.0,0.0,0.0,0.0,0.0,0.0,0.0,0.0,0.0,0.0,0.0,0.0,0.0,0.0,0.0,0.0,
2/2/2026,2023.0,20240589.0,44995.0,20044.0,LINDE,Hydrogen Gas,INTRASTATE,OHIO,0.0,0.0,0.0,0.0,7.21,7.21,0.0,0.0,0.0,0.0,0.0,0.0,0.0,0.0,0.0,0.0,0.0,0.0,0.0,7.21,7.21,
2/2/2026,2023.0,20240589.0,44995.0,20044.0,LINDE,Hydrogen Gas,INTRASTATE,UTAH,0.0,0.0,0.0,0.0,2.1,2.1,0.0,0.0,0.0,0.0,0.0,0.0,0.0,0.0,0.0,0.0,0.0,0.0,0.0,2.1,2.1,
2/2/2026,2023.0,20240117.0,43287.0,20044.0,LINDE,Natural Gas,INTRASTATE,TEXAS,0.0,0.0,0.0,0.0,0.0,0.0,0.0,0.0,0.0,0.0,0.0,0.0,0.0,0.0,0.0,0.0,0.0,0.0,0.0,0.0,0.0,
2/2/2026,2023.0,20240476.0,43664.0,20046.0,UNION CARBIDE CHEMICALS & PLASTICS CO INC,Natural Gas,INTRASTATE,WEST VIRGINIA,0.0,0.0,0.0,6.5,0.0,6.5,0.0,0.0,0.0,0.0,0.0,0.0,0.0,0.0,0.0,0.0,0.0,0.0,6.5,0.0,6.5,
2/2/2026,2023.0,20240684.0,43879.0,20050.0,AMERENUE,Natural Gas,INTRASTATE,ILLINOIS,0.0,0.0,0.0,0.0,0.0,0.0,0.0,0.0,0.0,0.0,0.0,0.0,0.0,0.0,0.0,0.0,0.0,0.0,0.0,0.0,0.0,
2/2/2026,2023.0,20240684.0,43879.0,20050.0,AMERENUE,Natural Gas,INTRASTATE,MISSOURI,0.0,0.0,0.0,0.0,1.024,1.024,0.0,0.0,0.0,0.0,0.0,0.0,0.0,0.0,0.0,0.0,0.0,0.0,0.0,1.024,1.024,
2/2/2026,2023.0,20240667.0,43862.0,20110.0,DUKE ENERGY KENTUCKY,Natural Gas,INTRASTATE,KENTUCKY,0.0,0.0,0.0,0.0,15.247,15.247,0.0,0.0,0.0,0.0,0.0,0.0,0.0,0.0,0.0,0.0,0.0,0.0,0.0,15.247,15.247,
2/2/2026,2023.0,20241172.0,44385.0,20211.0,ATMOS ENERGY CORPORATION - KY/MID-STATES (MID-STATES),Natural Gas,INTRASTATE,TENNESSEE,0.0,0.0,0.0,0.0,5.1,5.1,0.0,0.0,0.0,0.0,0.0,0.0,0.0,0.0,0.0,0.0,0.0,0.0,0.0,5.1,5.1,
2/2/2026,2023.0,20240554.0,43744.0,20236.0,UNITED STATES GYPSUM CO,Natural Gas,INTRASTATE,IOWA,0.0,0.0,0.0,0.0,0.0,0.0,0.0,0.0,0.0,0.0,0.0,0.0,0.0,0.0,0.0,0.0,0.0,0.0,0.0,0.0,0.0,
2/2/2026,2023.0,20240554.0,43744.0,20236.0,UNITED STATES GYPSUM CO,Natural Gas,INTRASTATE,NEW YORK,0.0,0.0,0.0,0.0,0.03,0.03,0.0,0.0,0.0,0.0,0.0,0.0,0.0,0.0,0.0,0.0,0.0,0.0,0.0,0.03,0.03,
2/2/2026,2023.0,20240554.0,43744.0,20236.0,UNITED STATES GYPSUM CO,Natural Gas,INTRASTATE,OREGON,0.0,0.0,0.0,0.0,0.0,0.0,0.0,0.0,0.0,0.0,0.0,0.0,0.0,0.0,0.0,0.0,0.0,0.0,0.0,0.0,0.0,
2/2/2026,2023.0,20240554.0,43744.0,20236.0,UNITED STATES GYPSUM CO,Natural Gas,INTRASTATE,PENNSYLVANIA,0.0,0.0,0.0,0.0,0.51,0.51,0.0,0.0,0.0,0.0,0.0,0.0,0.0,0.0,0.0,0.0,0.0,0.0,0.0,0.51,0.51,
2/2/2026,2023.0,20240107.0,44798.0,20263.0,UNIVERSITY OF ILLINOIS - LATERAL,Natural Gas,INTRASTATE,ILLINOIS,11.68,0.0,11.68,0.0,0.0,0.0,0.0,0.0,0.0,0.0,0.0,0.0,0.0,0.0,0.0,0.0,0.0,0.0,11.68,0.0,11.68,
2/2/2026,2023.0,20240463.0,43650.0,21030.0,"VALLEY ENERGY, INC.",Natural Gas,INTRASTATE,PENNSYLVANIA,0.0,0.0,0.0,0.0,0.0,0.0,0.0,0.0,0.0,0.0,0.0,0.0,0.0,0.3,0.3,0.0,0.0,0.0,0.0,0.3,0.3,
2/2/2026,2023.0,20241048.0,44256.0,21190.0,VERMONT GAS SYSTEMS INC,Natural Gas,INTRASTATE,VERMONT,0.0,0.0,0.0,0.0,6.61,6.61,0.0,0.0,0.0,0.0,0.0,0.0,0.0,0.0,0.0,0.0,0.0,0.0,0.0,6.61,6.61,
2/2/2026,2023.0,20241282.0,44506.0,21252.0,VIKING GAS TRANSMISSION CO,Natural Gas,INTERSTATE,MINNESOTA,0.0,0.0,0.0,0.0,0.0,0.0,0.0,5.28,5.28,0.0,0.0,0.0,0.0,0.0,0.0,0.0,0.0,0.0,0.0,5.28,5.28,
2/2/2026,2023.0,20241282.0,44506.0,21252.0,VIKING GAS TRANSMISSION CO,Natural Gas,INTERSTATE,WISCONSIN,0.0,0.0,0.0,0.0,0.0,0.0,0.0,2.44,2.44,0.0,0.0,0.0,0.0,0.0,0.0,0.0,0.0,0.0,0.0,2.44,2.44,
2/2/2026,2023.0,20241267.0,44717.0,21349.0,VIRGINIA NATURAL GAS,Natural Gas,INTRASTATE,VIRGINIA,63.12,0.65,63.77,0.0,0.0,0.0,0.0,0.0,0.0,0.0,0.0,0.0,0.0,0.0,0.0,0.0,0.0,0.0,63.12,0.65,63.77,
2/2/2026,2023.0,20240576.0,43767.0,21359.0,SASOL CHEMICALS USA LLC,Hydrogen Gas,INTRASTATE,LOUISIANA,0.0,0.0,0.0,0.0,0.0,0.0,0.0,0.0,0.0,0.0,0.0,0.0,0.0,0.0,0.0,0.0,0.0,0.0,0.0,0.0,0.0,
2/2/2026,2023.0,20240578.0,43769.0,21359.0,SASOL CHEMICALS USA LLC,Other Gas-Ethylene,INTRASTATE,LOUISIANA,0.0,0.0,0.0,0.0,0.0,0.0,0.0,0.0,0.0,0.0,0.0,0.0,0.0,0.0,0.0,0.0,0.0,0.0,0.0,0.0,0.0,
2/2/2026,2023.0,20240340.0,44816.0,22035.0,WAKEFIELD MUNICIPAL LIGHT DEPT,Natural Gas,INTRASTATE,MASSACHUSETTS,0.14,0.0,0.14,0.0,0.0,0.0,0.0,0.0,0.0,0.0,0.0,0.0,0.0,0.0,0.0,0.0,0.0,0.0,0.14,0.0,0.14,
2/2/2026,2023.0,20240350.0,43534.0,22154.0,WARNER ROBINS GAS SYSTEM,Natural Gas,INTRASTATE,GEORGIA,0.0,0.0,0.0,0.0,0.0,0.0,2.51,0.0,2.51,0.0,0.0,0.0,0.0,0.0,0.0,0.0,0.0,0.0,2.51,0.0,2.51,
2/2/2026,2023.0,20241256.0,46913.0,22182.0,WASHINGTON GAS LIGHT CO,Natural Gas,INTRASTATE,MARYLAND,0.0,0.0,0.0,0.0,0.0,0.0,0.0,0.0,0.0,0.0,0.0,0.0,0.0,0.0,0.0,0.0,44.48,44.48,0.0,44.48,44.48,Semi quantitative
2/2/2026,2023.0,20241256.0,46913.0,22182.0,WASHINGTON GAS LIGHT CO,Natural Gas,INTRASTATE,VIRGINIA,0.0,0.0,0.0,0.0,0.0,0.0,0.0,0.0,0.0,0.0,0.0,0.0,0.0,0.0,0.0,0.0,39.33,39.33,0.0,39.33,39.33,Semi quantitative
2/2/2026,2023.0,20241256.0,46913.0,22182.0,WASHINGTON GAS LIGHT CO,Natural Gas,INTRASTATE,WASHINGTON DC,0.0,0.0,0.0,0.0,0.0,0.0,0.0,0.0,0.0,0.0,0.0,0.0,0.0,0.0,0.0,0.0,4.92,4.92,0.0,4.92,4.92,Semi quantitative
2/2/2026,2023.0,20240743.0,43943.0,22189.0,PUGET SOUND ENERGY,Landfill Gas,INTRASTATE,WASHINGTON,0.0,0.0,0.0,0.0,0.0,0.0,0.0,0.0,0.0,0.0,0.0,0.0,0.0,0.0,0.0,0.0,0.0,0.0,0.0,0.0,0.0,
2/2/2026,2023.0,20240741.0,43941.0,22189.0,PUGET SOUND ENERGY,Natural Gas,INTERSTATE,WASHINGTON,0.0,0.0,0.0,0.0,0.199,0.199,0.0,0.0,0.0,0.0,0.0,0.0,0.0,0.0,0.0,0.0,0.0,0.0,0.0,0.199,0.199,
2/2/2026,2023.0,20240741.0,43941.0,22189.0,PUGET SOUND ENERGY,Natural Gas,INTRASTATE,WASHINGTON,0.0,0.0,0.0,0.0,4.485,4.485,0.0,0.0,0.0,0.0,0.0,0.0,0.0,0.0,0.0,0.0,0.0,0.0,0.0,4.485,4.485,
2/2/2026,2023.0,20240319.0,43503.0,22235.0,WAUKEE MUNICIPAL GAS,Natural Gas,INTRASTATE,IOWA,0.0,0.0,0.0,3.36,0.0,3.36,0.0,0.0,0.0,0.0,0.0,0.0,0.0,0.0,0.0,0.0,0.0,0.0,3.36,0.0,3.36,
2/2/2026,2023.0,20240595.0,43788.0,22280.0,WAYLAND MUNICIPAL GAS CO,Natural Gas,INTRASTATE,IOWA,0.0,0.0,0.0,0.0,0.0,0.0,0.0,0.0,0.0,0.0,0.0,0.0,0.0,0.0,0.0,0.0,0.0,0.0,0.0,0.0,0.0,
2/2/2026,2023.0,20240401.0,44897.0,22357.0,WELLMAN MUNICIPAL GAS SYSTEM,Natural Gas,INTRASTATE,IOWA,0.0,0.0,0.0,0.0,0.0,0.0,0.0,0.0,0.0,0.0,0.0,0.0,0.0,0.0,0.0,0.0,0.0,0.0,0.0,0.0,0.0,
2/2/2026,2023.0,20240006.0,43163.0,22368.0,WEST BAY EXPLORATION CO,Natural Gas,INTRASTATE,MICHIGAN,0.0,0.0,0.0,0.0,0.0,0.0,0.0,0.0,0.0,0.0,0.0,0.0,0.0,0.0,0.0,0.0,0.0,0.0,0.0,0.0,0.0,
2/2/2026,2023.0,20240756.0,43956.0,22410.0,"WESTGAS INTERSTATE, INC",Natural Gas,INTERSTATE,COLORADO,0.0,0.0,0.0,0.0,0.0,0.0,0.0,0.0,0.0,0.0,0.0,0.0,0.0,0.0,0.0,0.0,0.0,0.0,0.0,0.0,0.0,
2/2/2026,2023.0,20240691.0,43886.0,22435.0,"WEST TEXAS GAS UTILITY, LLC.",Natural Gas,INTRASTATE,TEXAS,0.0,0.0,0.0,0.0,0.0,0.0,7.01,1.22,8.23,0.0,0.0,0.0,0.0,0.0,0.0,0.0,0.0,0.0,7.01,1.22,8.23,
2/2/2026,2023.0,20240347.0,43531.0,22465.0,TARGA PIPELINE MID-CONTINENT WESTTEX LLC,Natural Gas,INTRASTATE,TEXAS,0.0,0.0,0.0,0.0,0.0,0.0,0.0,0.0,0.0,0.0,0.0,0.0,0.0,0.0,0.0,0.0,0.0,0.0,0.0,0.0,0.0,
2/2/2026,2023.0,20241180.0,44394.0,22476.0,ATMOS ENERGY CORPORATION - KY/MID-STATES (KENTUCKY),Natural Gas,INTRASTATE,KENTUCKY,0.0,0.0,0.0,0.0,0.0,0.0,0.0,0.0,0.0,0.0,0.0,0.0,0.0,0.0,0.0,0.0,0.0,0.0,0.0,0.0,0.0,
2/2/2026,2023.0,20241079.0,44815.0,22504.0,WESTFIELD GAS CORP,Natural Gas,INTRASTATE,INDIANA,0.0,0.0,0.0,0.15,0.0,0.15,0.0,0.0,0.0,0.0,0.0,0.0,0.0,0.0,0.0,0.0,0.0,0.0,0.15,0.0,0.15,
2/2/2026,2023.0,20241296.0,44520.0,22515.0,"NIPPON DYNAWAVE PACKAGING CO., LLC",Natural Gas,INTRASTATE,WASHINGTON,0.0,0.0,0.0,0.0,2.8,2.8,0.0,0.0,0.0,0.0,0.0,0.0,0.0,0.0,0.0,0.0,0.0,0.0,0.0,2.8,2.8,
2/2/2026,2023.0,20240327.0,44102.0,22605.0,WILCOX COUNTY GAS DISTRICT,Natural Gas,INTRASTATE,ALABAMA,0.0,0.0,0.0,0.0,0.0,0.0,0.0,0.0,0.0,0.0,0.0,0.0,0.0,0.0,0.0,0.0,0.0,0.0,0.0,0.0,0.0,
2/2/2026,2023.0,20241275.0,44784.0,22655.0,"WBI ENERGY TRANSMISSION, INC.",Natural Gas,INTERSTATE,MINNESOTA,0.0,0.0,0.0,0.0,0.0,0.0,0.0,0.0,0.0,0.0,0.0,0.0,0.0,0.0,0.0,0.0,0.0,0.0,0.0,0.0,0.0,
2/2/2026,2023.0,20241275.0,44784.0,22655.0,"WBI ENERGY TRANSMISSION, INC.",Natural Gas,INTERSTATE,MONTANA,0.0,0.0,0.0,0.0,7.43,7.43,0.0,0.0,0.0,0.0,0.0,0.0,0.0,0.0,0.0,0.0,0.0,0.0,0.0,7.43,7.43,
2/2/2026,2023.0,20241275.0,44784.0,22655.0,"WBI ENERGY TRANSMISSION, INC.",Natural Gas,INTERSTATE,NORTH DAKOTA,0.0,0.0,0.0,0.0,9.32,9.32,0.0,0.0,0.0,0.0,0.0,0.0,0.0,0.0,0.0,0.0,0.0,0.0,0.0,9.32,9.32,
2/2/2026,2023.0,20241275.0,44784.0,22655.0,"WBI ENERGY TRANSMISSION, INC.",Natural Gas,INTERSTATE,SOUTH DAKOTA,0.0,0.0,0.0,0.0,4.25,4.25,0.0,0.0,0.0,0.0,0.0,0.0,0.0,0.0,0.0,0.0,0.0,0.0,0.0,4.25,4.25,
2/2/2026,2023.0,20241275.0,44784.0,22655.0,"WBI ENERGY TRANSMISSION, INC.",Natural Gas,INTERSTATE,WYOMING,0.0,0.0,0.0,0.0,1.76,1.76,0.0,0.0,0.0,0.0,0.0,0.0,0.0,0.0,0.0,0.0,0.0,0.0,0.0,1.76,1.76,
2/2/2026,2023.0,20240466.0,43653.0,22763.0,WISCONSIN GAS LLC DBA WE ENERGIES,Natural Gas,INTRASTATE,WISCONSIN,0.0,0.0,0.0,0.0,47.74,47.74,0.0,0.0,0.0,0.0,0.0,0.0,0.0,0.0,0.0,0.0,0.0,0.0,0.0,47.74,47.74,
2/2/2026,2023.0,20240467.0,43654.0,22777.0,WISCONSIN ELECTRIC POWER COMPANY DBA WE ENERGIES,Natural Gas,INTRASTATE,MICHIGAN,0.0,0.0,0.0,0.0,0.52,0.52,0.0,0.0,0.0,0.0,0.0,0.0,0.0,0.0,0.0,0.0,0.0,0.0,0.0,0.52,0.52,
2/2/2026,2023.0,20240467.0,43654.0,22777.0,WISCONSIN ELECTRIC POWER COMPANY DBA WE ENERGIES,Natural Gas,INTRASTATE,WISCONSIN,0.0,0.0,0.0,0.0,55.99,55.99,0.0,0.0,0.0,0.0,0.0,0.0,0.0,0.0,0.0,0.0,0.0,0.0,0.0,55.99,55.99,
2/2/2026,2023.0,20240499.0,43687.0,22784.0,ALLIANT ENERGY - WISCONSIN POWER & LIGHT CO,Natural Gas,INTRASTATE,WISCONSIN,0.0,0.0,0.0,0.0,4.93,4.93,0.0,0.0,0.0,0.0,0.0,0.0,0.0,0.0,0.0,0.0,0.0,0.0,0.0,4.93,4.93,
2/2/2026,2023.0,20240462.0,43649.0,22791.0,WISCONSIN PUBLIC SERVICE CORP,Natural Gas,INTRASTATE,WISCONSIN,0.0,0.0,0.0,0.0,8.64,8.64,0.0,0.0,0.0,0.0,0.0,0.0,0.0,0.0,0.0,0.0,0.0,0.0,0.0,8.64,8.64,
2/2/2026,2023.0,20240642.0,43837.0,22818.0,WOLVERINE POWER SUPPLY COOP INC,Natural Gas,INTRASTATE,MICHIGAN,0.0,0.0,0.0,0.0,0.0,0.0,0.0,0.0,0.0,0.0,0.0,0.0,0.0,0.0,0.0,0.0,0.0,0.0,0.0,0.0,0.0,
2/2/2026,2023.0,20240707.0,43906.0,22855.0,"FLINT HILLS RESOURCES, LC",Hydrogen Gas,INTRASTATE,TEXAS,0.0,0.0,0.0,0.0,0.0,0.0,0.0,0.97,0.97,0.0,0.0,0.0,0.0,0.0,0.0,0.0,0.0,0.0,0.0,0.97,0.97,
2/2/2026,2023.0,20240710.0,43910.0,22855.0,"FLINT HILLS RESOURCES, LC",Other Gas-Acetylene,INTRASTATE,TEXAS,0.0,0.0,0.0,0.0,0.0,0.0,0.0,0.53,0.53,0.0,0.0,0.0,0.0,0.0,0.0,0.0,0.0,0.0,0.0,0.53,0.53,
2/2/2026,2023.0,20240709.0,43908.0,22855.0,"FLINT HILLS RESOURCES, LC",Other Gas-Off-Gas,INTRASTATE,TEXAS,0.0,0.0,0.0,0.0,0.0,0.0,0.0,1.6,1.6,0.0,0.0,0.0,0.0,0.0,0.0,0.0,0.0,0.0,0.0,1.6,1.6,
2/2/2026,2023.0,20241005.0,44211.0,22917.0,WYOMING GAS CO,Natural Gas,INTRASTATE,WYOMING,0.0,0.0,0.0,0.0,0.0,0.0,0.0,0.0,0.0,0.0,0.0,0.0,0.0,0.0,0.0,0.0,0.0,0.0,0.0,0.0,0.0,
2/2/2026,2023.0,20241017.0,44223.0,25000.0,ZIA NATURAL GAS CO,Natural Gas,INTRASTATE,NEW MEXICO,0.0,0.0,0.0,0.0,0.0,0.0,0.0,0.0,0.0,0.0,0.0,0.0,0.0,0.0,0.0,0.0,0.0,0.0,0.0,0.0,0.0,
2/2/2026,2023.0,20240061.0,43223.0,25110.0,EPCOR GAS TEXAS INC.,Natural Gas,INTRASTATE,TEXAS,0.0,0.0,0.0,0.0,1.07,1.07,0.0,0.0,0.0,0.0,0.0,0.0,0.0,0.0,0.0,0.0,0.0,0.0,0.0,1.07,1.07,
2/2/2026,2023.0,20240562.0,43753.0,25146.0,"EQUISTAR CHEMICALS, L.P.",Hydrogen Gas,INTRASTATE,TEXAS,0.0,0.0,0.0,0.0,1.949,1.949,0.0,0.0,0.0,0.0,0.0,0.0,0.0,0.0,0.0,0.0,0.0,0.0,0.0,1.949,1.949,
2/2/2026,2023.0,20240552.0,43745.0,25146.0,"EQUISTAR CHEMICALS, L.P.",Natural Gas,INTRASTATE,IOWA,0.0,0.0,0.0,0.0,0.0,0.0,0.0,0.0,0.0,0.0,0.0,0.0,0.0,0.0,0.0,0.0,0.0,0.0,0.0,0.0,0.0,
2/2/2026,2023.0,20240552.0,43745.0,25146.0,"EQUISTAR CHEMICALS, L.P.",Natural Gas,INTRASTATE,TEXAS,0.0,0.0,0.0,0.0,0.0,0.0,0.0,0.0,0.0,0.0,0.0,0.0,0.0,0.0,0.0,0.0,0.0,0.0,0.0,0.0,0.0,
2/2/2026,2023.0,20240555.0,43746.0,25146.0,"EQUISTAR CHEMICALS, L.P.",Other Gas-Propylene Off-Gas,INTRASTATE,TEXAS,0.0,0.0,0.0,0.0,0.395,0.395,0.0,0.0,0.0,0.0,0.0,0.0,0.0,0.0,0.0,0.0,0.0,0.0,0.0,0.395,0.395,
2/2/2026,2023.0,20240753.0,43953.0,25160.0,MOBIL VANDERBILT-BEAUMONT PIPELINE CO,Natural Gas,INTRASTATE,TEXAS,0.0,0.0,0.0,0.0,0.0,0.0,0.0,0.0,0.0,0.0,0.0,0.0,9.75,0.0,9.75,0.0,0.0,0.0,9.75,0.0,9.75,
2/2/2026,2023.0,20240636.0,44660.0,26039.0,FLORIDA POWER & LIGHT CO,Natural Gas,INTRASTATE,FLORIDA,0.0,0.0,0.0,0.0,0.0,0.0,0.0,0.0,0.0,0.0,0.0,0.0,0.0,2.813,2.813,0.0,0.0,0.0,0.0,2.813,2.813,
2/2/2026,2023.0,20240249.0,46787.0,26085.0,"PLAINS MARKETING, L.P.",Natural Gas,INTRASTATE,LOUISIANA,0.0,0.0,0.0,0.0,0.0,0.0,0.0,0.0,0.0,0.0,0.0,0.0,0.0,0.0,0.0,0.0,0.0,0.0,0.0,0.0,0.0,
2/2/2026,2023.0,20240600.0,43793.0,26112.0,"VALERO REFINING-TEXAS, L.P.",Hydrogen Gas,INTRASTATE,TEXAS,0.0,0.0,0.0,0.0,0.433,0.433,0.0,0.0,0.0,0.0,0.0,0.0,0.0,0.0,0.0,0.0,0.0,0.0,0.0,0.433,0.433,
2/2/2026,2023.0,20240597.0,43790.0,26112.0,"VALERO REFINING-TEXAS, L.P.",Natural Gas,INTRASTATE,TEXAS,0.0,0.0,0.0,0.0,0.0,0.0,0.0,0.0,0.0,0.0,0.0,0.0,0.0,0.0,0.0,0.0,0.0,0.0,0.0,0.0,0.0,
2/2/2026,2023.0,20240711.0,43911.0,26149.0,ALYESKA PIPELINE SERVICE CO,Natural Gas,INTRASTATE,ALASKA,0.0,0.0,0.0,0.0,0.0,0.0,0.0,0.0,0.0,0.0,0.0,0.0,0.0,0.0,0.0,0.0,0.2,0.2,0.0,0.2,0.2,HAZOP-LOPA Blend
2/2/2026,2023.0,20240453.0,43640.0,26330.0,"ENABLE OKLAHOMA INTRASTATE TRANSMISSION, LLC",Natural Gas,INTRASTATE,OKLAHOMA,0.0,0.0,0.0,0.0,90.44,90.44,0.0,0.0,0.0,0.0,0.0,0.0,0.0,0.0,0.0,0.0,0.0,0.0,0.0,90.44,90.44,
2/2/2026,2023.0,20241069.0,44278.0,30006.0,ENTERPRISE PELICAN PIPELINE L.P.,Natural Gas,INTRASTATE,LOUISIANA,0.0,0.0,0.0,0.0,7.2,7.2,0.0,0.0,0.0,0.0,0.0,0.0,0.0,0.0,0.0,0.0,0.0,0.0,0.0,7.2,7.2,
2/2/2026,2023.0,20240903.0,44105.0,30020.0,W & T OFFSHORE INC,Natural Gas,INTERSTATE,OCS-Gulf of Mexico,0.0,0.0,0.0,0.0,0.0,0.0,0.0,0.0,0.0,0.0,0.0,0.0,0.0,0.0,0.0,0.0,0.0,0.0,0.0,0.0,0.0,
2/2/2026,2023.0,20240227.0,43405.0,30024.0,SOUTH DAKOTA INTRASTATE PIPELINE CO.,Natural Gas,INTRASTATE,SOUTH DAKOTA,0.0,1.2,1.2,0.0,0.0,0.0,0.0,0.0,0.0,0.0,0.0,0.0,0.0,0.0,0.0,0.0,0.0,0.0,0.0,1.2,1.2,
2/2/2026,2023.0,20240922.0,44124.0,30026.0,"BAY GAS STORAGE COMPANY, LLC",Natural Gas,INTRASTATE,ALABAMA,0.0,0.0,0.0,6.19,0.0,6.19,0.0,0.0,0.0,0.0,0.0,0.0,0.0,0.0,0.0,0.0,0.0,0.0,6.19,0.0,6.19,
2/2/2026,2023.0,20240744.0,43944.0,30028.0,"EGAN HUB STORAGE, LLC",Natural Gas,INTERSTATE,LOUISIANA,0.0,0.0,0.0,0.0,0.0,0.0,0.0,1.83,1.83,0.0,0.0,0.0,0.0,0.0,0.0,0.0,0.0,0.0,0.0,1.83,1.83,
2/2/2026,2023.0,20240701.0,43899.0,30040.0,CITY OF GIRARD,Natural Gas,INTRASTATE,KANSAS,0.0,0.0,0.0,0.0,0.0,0.0,0.0,0.0,0.0,0.0,0.0,0.0,0.0,0.0,0.0,0.0,0.0,0.0,0.0,0.0,0.0,
2/2/2026,2023.0,20240193.0,46813.0,30052.0,NEVADA GOLD MINES,Natural Gas,INTRASTATE,NEVADA,0.0,0.0,0.0,0.0,0.0,0.0,0.0,0.0,0.0,0.0,0.0,0.0,0.0,0.0,0.0,0.0,0.0,0.0,0.0,0.0,0.0,
2/2/2026,2023.0,20240261.0,43440.0,30054.0,KENTUCKY UTILITIES CO,Natural Gas,INTRASTATE,KENTUCKY,0.0,0.0,0.0,0.0,0.0,0.0,0.0,0.0,0.0,0.0,0.0,0.0,0.0,0.0,0.0,0.0,0.0,0.0,0.0,0.0,0.0,
2/2/2026,2023.0,20240167.0,43344.0,30062.0,"BRADKEN-ATCHISON/ST. JOSEPH, INC",Natural Gas,INTRASTATE,KANSAS,0.0,0.0,0.0,0.0,0.0,0.0,0.0,0.0,0.0,0.0,0.0,0.0,0.0,0.0,0.0,0.0,0.0,0.0,0.0,0.0,0.0,
2/2/2026,2023.0,20240641.0,43836.0,30515.0,WINFIELD MUNICIPAL GAS,Natural Gas,INTRASTATE,IOWA,0.0,0.0,0.0,0.0,0.0,0.0,0.0,0.0,0.0,0.0,0.0,0.0,0.0,0.0,0.0,0.0,0.0,0.0,0.0,0.0,0.0,
2/2/2026,2023.0,20241051.0,44259.0,30544.0,OCCIDENTAL CHEMICAL CORP,Natural Gas,INTRASTATE,TEXAS,0.0,0.0,0.0,0.0,0.0,0.0,0.0,0.0,0.0,0.0,0.0,0.0,0.0,0.0,0.0,0.0,0.0,0.0,0.0,0.0,0.0,
2/2/2026,2023.0,20251456.0,46873.0,30585.0,SELKIRK COGEN PROJECT,Natural Gas,INTRASTATE,NEW YORK,0.15,0.0,0.15,0.0,0.0,0.0,0.0,0.0,0.0,0.0,0.0,0.0,0.0,0.0,0.0,0.0,0.0,0.0,0.15,0.0,0.15,
2/2/2026,2023.0,20240339.0,43523.0,30629.0,"ONEOK FIELD SERVICES COMPANY, L.L.C.",Natural Gas,INTRASTATE,KANSAS,0.0,0.0,0.0,0.0,0.0,0.0,0.0,0.0,0.0,0.0,0.0,0.0,0.0,0.0,0.0,0.0,0.0,0.0,0.0,0.0,0.0,
2/2/2026,2023.0,20240339.0,43523.0,30629.0,"ONEOK FIELD SERVICES COMPANY, L.L.C.",Natural Gas,INTRASTATE,OKLAHOMA,0.0,0.0,0.0,0.0,0.0,0.0,0.0,0.0,0.0,0.0,0.0,0.0,0.0,0.0,0.0,0.0,0.0,0.0,0.0,0.0,0.0,
2/2/2026,2023.0,20241286.0,44510.0,30630.0,"OKTEX PIPELINE COMPANY, LLC",Natural Gas,INTERSTATE,OKLAHOMA,0.0,0.0,0.0,0.0,0.0,0.0,0.0,0.0,0.0,0.0,0.0,0.0,0.0,0.0,0.0,0.0,0.0,0.0,0.0,0.0,0.0,
2/2/2026,2023.0,20241286.0,44510.0,30630.0,"OKTEX PIPELINE COMPANY, LLC",Natural Gas,INTERSTATE,TEXAS,0.0,0.0,0.0,0.0,0.0,0.0,0.0,1.77,1.77,0.0,0.0,0.0,0.0,0.0,0.0,0.0,0.0,0.0,0.0,1.77,1.77,
2/2/2026,2023.0,20240614.0,43807.0,30666.0,"ENMARK ENERGY, INC",Natural Gas,INTRASTATE,ARKANSAS,0.0,0.58,0.58,0.0,0.0,0.0,0.0,0.0,0.0,0.0,0.0,0.0,0.0,0.0,0.0,0.0,0.0,0.0,0.0,0.58,0.58,
2/2/2026,2023.0,20240614.0,43807.0,30666.0,"ENMARK ENERGY, INC",Natural Gas,INTRASTATE,MISSISSIPPI,0.0,0.0,0.0,0.0,0.0,0.0,0.0,0.0,0.0,0.0,0.0,0.0,0.0,0.0,0.0,0.0,0.0,0.0,0.0,0.0,0.0,
2/2/2026,2023.0,20240165.0,43342.0,30679.0,NORTH COUNTRY GAS PIPELINE,Natural Gas,INTRASTATE,NEW YORK,0.0,0.0,0.0,1.0,0.0,1.0,0.0,0.0,0.0,0.0,0.0,0.0,0.0,0.0,0.0,0.0,0.0,0.0,1.0,0.0,1.0,
2/2/2026,2023.0,20240378.0,43564.0,30683.0,WESTLAKE PETROCHEMICALS LLC,Hydrogen Gas,INTRASTATE,LOUISIANA,0.0,0.0,0.0,0.0,0.0,0.0,0.0,0.0,0.0,0.0,0.0,0.0,0.0,0.0,0.0,0.0,0.0,0.0,0.0,0.0,0.0,
2/2/2026,2023.0,20240377.0,43563.0,30683.0,WESTLAKE PETROCHEMICALS LLC,Natural Gas,INTRASTATE,LOUISIANA,0.0,0.0,0.0,0.0,0.0,0.0,0.0,0.0,0.0,0.0,0.0,0.0,0.0,0.0,0.0,0.0,0.0,0.0,0.0,0.0,0.0,
2/2/2026,2023.0,20240376.0,44819.0,30683.0,WESTLAKE PETROCHEMICALS LLC,Other Gas-Ethylene Gas,INTRASTATE,LOUISIANA,0.0,0.0,0.0,0.0,2.674,2.674,0.0,0.0,0.0,0.0,0.0,0.0,0.0,0.0,0.0,0.0,0.0,0.0,0.0,2.674,2.674,
2/2/2026,2023.0,20240792.0,45000.0,30711.0,HILCORP ENERGY COMPANY,Natural Gas,INTRASTATE,ALABAMA,0.0,0.0,0.0,0.0,0.0,0.0,0.0,0.0,0.0,0.0,0.0,0.0,0.0,0.0,0.0,0.0,0.0,0.0,0.0,0.0,0.0,
2/2/2026,2023.0,20240792.0,45000.0,30711.0,HILCORP ENERGY COMPANY,Natural Gas,INTRASTATE,COLORADO,0.0,0.0,0.0,0.0,0.0,0.0,0.0,0.0,0.0,0.0,0.0,0.0,0.0,0.0,0.0,0.0,0.0,0.0,0.0,0.0,0.0,
2/2/2026,2023.0,20240792.0,45000.0,30711.0,HILCORP ENERGY COMPANY,Natural Gas,INTRASTATE,LOUISIANA,0.0,0.0,0.0,0.0,0.0,0.0,0.0,0.0,0.0,0.0,0.0,0.0,0.0,0.0,0.0,0.0,0.0,0.0,0.0,0.0,0.0,
2/2/2026,2023.0,20240792.0,45000.0,30711.0,HILCORP ENERGY COMPANY,Natural Gas,INTRASTATE,NEW MEXICO,0.0,0.0,0.0,0.0,0.0,0.0,0.0,0.0,0.0,0.0,0.0,0.0,0.0,0.0,0.0,0.0,0.0,0.0,0.0,0.0,0.0,
2/2/2026,2023.0,20240792.0,45000.0,30711.0,HILCORP ENERGY COMPANY,Natural Gas,INTRASTATE,TEXAS,0.0,0.0,0.0,0.0,0.0,0.0,0.0,0.0,0.0,0.0,0.0,0.0,0.0,0.0,0.0,0.0,0.0,0.0,0.0,0.0,0.0,
2/2/2026,2023.0,20240792.0,45000.0,30711.0,HILCORP ENERGY COMPANY,Natural Gas,INTRASTATE,WYOMING,0.0,0.0,0.0,0.0,0.0,0.0,0.0,0.0,0.0,0.0,0.0,0.0,0.0,0.0,0.0,0.0,0.0,0.0,0.0,0.0,0.0,
2/2/2026,2023.0,20240092.0,43260.0,30718.0,KAISER-FRANCIS OIL COMPANY,Natural Gas,INTRASTATE,NEW MEXICO,0.0,0.0,0.0,0.0,0.0,0.0,0.0,0.0,0.0,0.0,0.0,0.0,0.0,0.0,0.0,0.0,0.0,0.0,0.0,0.0,0.0,
2/2/2026,2023.0,20240092.0,43260.0,30718.0,KAISER-FRANCIS OIL COMPANY,Natural Gas,INTRASTATE,OKLAHOMA,0.0,0.0,0.0,0.0,0.0,0.0,0.0,0.0,0.0,0.0,0.0,0.0,0.0,0.0,0.0,0.0,0.0,0.0,0.0,0.0,0.0,
2/2/2026,2023.0,20241355.0,44583.0,30749.0,SACRAMENTO MUNICIPAL UTILITY DISTRICT,Natural Gas,INTRASTATE,CALIFORNIA,0.0,0.0,0.0,26.6,0.0,26.6,0.0,0.0,0.0,0.0,0.0,0.0,0.0,0.0,0.0,0.0,0.0,0.0,26.6,0.0,26.6,
2/2/2026,2023.0,20240837.0,44037.0,30750.0,MIDAMERICAN ENERGY COMPANY,Natural Gas,INTRASTATE,ILLINOIS,0.0,0.0,0.0,0.0,0.0,0.0,0.0,0.0,0.0,0.0,2.256,2.256,0.0,0.0,0.0,0.0,0.0,0.0,0.0,2.256,2.256,
2/2/2026,2023.0,20240837.0,44037.0,30750.0,MIDAMERICAN ENERGY COMPANY,Natural Gas,INTRASTATE,IOWA,0.0,0.0,0.0,0.0,0.0,0.0,0.0,0.0,0.0,0.0,42.163,42.163,0.0,0.0,0.0,0.0,0.0,0.0,0.0,42.163,42.163,
2/2/2026,2023.0,20241322.0,44547.0,30769.0,SPIRE MISSOURI INC. WEST,Natural Gas,INTRASTATE,MISSOURI,0.0,0.0,0.0,0.0,6.79,6.79,0.0,0.0,0.0,0.0,0.0,0.0,0.0,0.0,0.0,0.0,0.0,0.0,0.0,6.79,6.79,
2/2/2026,2023.0,20241096.0,44306.0,30772.0,"NATURAL GAS OF KENTUCKY, INC.",Natural Gas,INTRASTATE,KENTUCKY,0.0,0.0,0.0,0.0,0.0,0.0,0.0,0.0,0.0,0.0,0.0,0.0,0.0,0.0,0.0,0.0,0.0,0.0,0.0,0.0,0.0,
2/2/2026,2023.0,20241396.0,44900.0,30785.0,GATEWAY PIPELINE COMPANY,Natural Gas,INTRASTATE,TEXAS,12.71,0.0,12.71,0.0,0.0,0.0,0.0,0.0,0.0,0.0,0.0,0.0,0.0,0.0,0.0,0.0,0.0,0.0,12.71,0.0,12.71,
2/2/2026,2023.0,20240456.0,43643.0,30786.0,LEE 8 STORAGE PARTNERSHIP,Natural Gas,INTRASTATE,MICHIGAN,0.0,0.0,0.0,0.0,0.0,0.0,0.0,0.0,0.0,0.0,0.0,0.0,0.0,0.0,0.0,0.0,0.0,0.0,0.0,0.0,0.0,
2/2/2026,2023.0,20240986.0,44190.0,30788.0,HAVRE PIPELINE COMPANY,Natural Gas,INTRASTATE,MONTANA,0.0,0.0,0.0,0.0,0.0,0.0,0.0,0.0,0.0,0.0,0.0,0.0,0.0,0.0,0.0,0.0,0.0,0.0,0.0,0.0,0.0,
2/2/2026,2023.0,20241316.0,44541.0,30792.0,LAMAR OIL & GAS,Natural Gas,INTRASTATE,TEXAS,0.0,0.0,0.0,0.0,0.0,0.0,0.0,0.0,0.0,0.0,0.0,0.0,0.0,0.0,0.0,0.0,0.0,0.0,0.0,0.0,0.0,
2/2/2026,2023.0,20241425.0,44850.0,30796.0,GAITHER PETROLEUM CORPORATION,Natural Gas,INTRASTATE,TEXAS,0.0,0.0,0.0,0.0,0.0,0.0,0.0,0.0,0.0,0.0,0.0,0.0,0.0,0.0,0.0,0.0,0.0,0.0,0.0,0.0,0.0,
2/2/2026,2023.0,20241056.0,46791.0,30801.0,"TOTAL GAS PIPELINE USA, INC",Natural Gas,INTRASTATE,TEXAS,0.0,0.0,0.0,0.0,0.6,0.6,0.0,0.0,0.0,0.0,0.0,0.0,0.0,0.0,0.0,0.0,0.0,0.0,0.0,0.6,0.6,
2/2/2026,2023.0,20240126.0,43297.0,30807.0,VALENCE OPERATING COMPANY,Natural Gas,INTRASTATE,TEXAS,0.0,0.0,0.0,0.0,0.0,0.0,0.0,0.0,0.0,0.0,0.0,0.0,0.0,0.0,0.0,0.0,0.0,0.0,0.0,0.0,0.0,
2/2/2026,2023.0,20240345.0,43529.0,30825.0,CITGO PETROLEUM CORPORATION (REFINERY),Hydrogen Gas,INTRASTATE,LOUISIANA,0.0,0.0,0.0,0.0,0.0,0.0,0.0,0.0,0.0,0.0,0.0,0.0,0.0,0.0,0.0,0.0,0.0,0.0,0.0,0.0,0.0,
2/2/2026,2023.0,20240344.0,43528.0,30825.0,CITGO PETROLEUM CORPORATION (REFINERY),Natural Gas,INTRASTATE,LOUISIANA,0.0,0.0,0.0,0.0,0.0,0.0,0.0,0.0,0.0,0.0,0.0,0.0,0.0,0.0,0.0,0.0,0.0,0.0,0.0,0.0,0.0,
2/2/2026,2023.0,20240906.0,46566.0,30826.0,WILLIAMS FIELD SERVICES,Natural Gas,INTRASTATE,ALABAMA,0.0,0.0,0.0,0.0,0.0,0.0,0.0,0.0,0.0,0.0,0.0,0.0,0.0,0.0,0.0,0.0,0.0,0.0,0.0,0.0,0.0,
2/2/2026,2023.0,20240906.0,46566.0,30826.0,WILLIAMS FIELD SERVICES,Natural Gas,INTRASTATE,COLORADO,0.0,0.0,0.0,0.0,0.0,0.0,0.0,0.0,0.0,0.0,0.0,0.0,0.0,0.0,0.0,0.0,0.0,0.0,0.0,0.0,0.0,
2/2/2026,2023.0,20240906.0,46566.0,30826.0,WILLIAMS FIELD SERVICES,Natural Gas,INTRASTATE,NEW YORK,0.0,0.0,0.0,0.0,0.0,0.0,0.0,0.0,0.0,0.0,0.0,0.0,0.0,0.0,0.0,0.0,0.0,0.0,0.0,0.0,0.0,
2/2/2026,2023.0,20240906.0,46566.0,30826.0,WILLIAMS FIELD SERVICES,Natural Gas,INTRASTATE,OHIO,0.0,0.0,0.0,0.0,0.0,0.0,0.0,0.0,0.0,0.0,0.0,0.0,0.0,0.0,0.0,0.0,0.0,0.0,0.0,0.0,0.0,
2/2/2026,2023.0,20240906.0,46566.0,30826.0,WILLIAMS FIELD SERVICES,Natural Gas,INTRASTATE,PENNSYLVANIA,0.0,0.0,0.0,0.0,0.0,0.0,0.0,4.118,4.118,0.0,0.0,0.0,0.0,0.0,0.0,0.0,0.0,0.0,0.0,4.118,4.118,
2/2/2026,2023.0,20240906.0,46566.0,30826.0,WILLIAMS FIELD SERVICES,Natural Gas,INTRASTATE,WEST VIRGINIA,0.0,0.0,0.0,0.0,0.0,0.0,0.0,0.0,0.0,0.0,0.0,0.0,0.0,0.0,0.0,0.0,0.0,0.0,0.0,0.0,0.0,
2/2/2026,2023.0,20240716.0,43916.0,30834.0,TIDELANDS OIL PRODUCTION COMPANY,Natural Gas,INTRASTATE,CALIFORNIA,0.0,0.0,0.0,0.0,0.0,0.0,0.0,0.0,0.0,0.0,0.0,0.0,0.0,0.0,0.0,0.0,0.0,0.0,0.0,0.0,0.0,
2/2/2026,2023.0,20240606.0,43799.0,30838.0,TUSCARORA GAS TRANSMISSION COMPANY,Natural Gas,INTERSTATE,NEVADA,0.0,0.0,0.0,0.0,0.0,0.0,0.0,2.451,2.451,0.0,0.0,0.0,0.0,0.0,0.0,0.0,0.0,0.0,0.0,2.451,2.451,
2/2/2026,2023.0,20240606.0,43799.0,30838.0,TUSCARORA GAS TRANSMISSION COMPANY,Natural Gas,INTERSTATE,OREGON,0.0,0.0,0.0,0.0,0.0,0.0,0.0,0.0,0.0,0.0,0.0,0.0,0.0,0.0,0.0,0.0,0.0,0.0,0.0,0.0,0.0,
2/2/2026,2023.0,20240524.0,43712.0,30839.0,"WALDEN, TOWN OF",Natural Gas,INTRASTATE,COLORADO,0.0,0.0,0.0,0.0,0.0,0.0,0.0,0.0,0.0,0.0,0.0,0.0,0.0,0.0,0.0,0.0,0.0,0.0,0.0,0.0,0.0,
2/2/2026,2023.0,20240665.0,43860.0,30850.0,LANXESS CORP.,Natural Gas,INTRASTATE,ARKANSAS,0.0,0.0,0.0,0.0,0.0,0.0,0.0,0.0,0.0,0.0,0.0,0.0,0.0,0.0,0.0,0.0,0.0,0.0,0.0,0.0,0.0,
2/2/2026,2023.0,20240093.0,43261.0,30851.0,ALBEMARLE CORPORATION,Natural Gas,INTRASTATE,ARKANSAS,0.0,0.0,0.0,0.0,0.0,0.0,0.0,0.0,0.0,0.0,0.0,0.0,0.0,0.0,0.0,0.0,0.0,0.0,0.0,0.0,0.0,
2/2/2026,2023.0,20241094.0,44662.0,30851.0,ALBEMARLE CORPORATION,Other Gas-Anhydrous HCL,INTRASTATE,TEXAS,0.0,0.0,0.0,0.0,0.0,0.0,0.0,0.0,0.0,0.0,0.0,0.0,0.0,0.0,0.0,2.6,0.0,2.6,2.6,0.0,2.6,FAQ 144
2/2/2026,2023.0,20240522.0,43710.0,30914.0,"TIMBERLAND GATHERING & PROCESSING CO., INC",Natural Gas,INTRASTATE,OKLAHOMA,0.0,0.0,0.0,0.0,0.0,0.0,0.0,0.0,0.0,0.0,0.0,0.0,0.0,0.0,0.0,0.0,0.0,0.0,0.0,0.0,0.0,
2/2/2026,2023.0,20241326.0,44551.0,30919.0,PEABODY MUNICIPAL LIGHT PLANT,Natural Gas,INTRASTATE,MASSACHUSETTS,0.0,0.0,0.0,0.0,0.0,0.0,0.216,0.0,0.216,0.0,0.0,0.0,0.0,0.0,0.0,0.0,0.0,0.0,0.216,0.0,0.216,
2/2/2026,2023.0,20240105.0,43273.0,30930.0,KNG ENERGY INC,Natural Gas,INTRASTATE,OHIO,0.0,0.0,0.0,0.0,0.0,0.0,0.0,0.0,0.0,0.0,0.0,0.0,0.0,0.0,0.0,0.0,0.0,0.0,0.0,0.0,0.0,
2/2/2026,2023.0,20240909.0,44111.0,30940.0,"WILLIAMS ENERGY, LLC",Natural Gas,INTERSTATE,LOUISIANA,0.0,0.0,0.0,0.0,0.0,0.0,0.0,0.46,0.46,0.0,0.0,0.0,0.0,0.0,0.0,0.0,0.0,0.0,0.0,0.46,0.46,
2/2/2026,2023.0,20240443.0,43630.0,30941.0,WESTLAKE PVC CORPORATION,Natural Gas,INTRASTATE,KENTUCKY,0.0,0.0,0.0,0.0,0.0,0.0,0.0,0.0,0.0,0.0,0.0,0.0,0.0,0.0,0.0,0.0,0.0,0.0,0.0,0.0,0.0,
2/2/2026,2023.0,20240031.0,44704.0,30944.0,"MONUMENT CHEMICAL KENTUCKY, LLC",Natural Gas,INTRASTATE,KENTUCKY,0.0,0.473,0.473,0.0,0.0,0.0,0.0,0.0,0.0,0.0,0.0,0.0,0.0,0.0,0.0,0.0,0.0,0.0,0.0,0.473,0.473,
2/2/2026,2023.0,20241140.0,44744.0,30952.0,PHILLIPS UTILITY GAS CORPORATION,Natural Gas,INTRASTATE,TEXAS,0.0,0.0,0.0,0.0,0.0,0.0,0.0,0.61,0.61,0.0,0.0,0.0,0.0,0.0,0.0,0.0,0.0,0.0,0.0,0.61,0.61,
2/2/2026,2023.0,20240118.0,43288.0,30959.0,"DOW INFRACO, LLC",Hydrogen Gas,INTRASTATE,TEXAS,0.0,0.0,0.0,0.0,0.0,0.0,0.0,0.0,0.0,0.0,0.0,0.0,0.0,0.0,0.0,0.0,0.0,0.0,0.0,0.0,0.0,
2/2/2026,2023.0,20240648.0,46767.0,30959.0,"DOW INFRACO, LLC",Other Gas-Ethylene,INTRASTATE,TEXAS,0.0,0.0,0.0,7.52,0.0,7.52,0.0,0.0,0.0,0.0,0.0,0.0,0.0,0.0,0.0,0.0,0.0,0.0,7.52,0.0,7.52,
2/2/2026,2023.0,20240397.0,46766.0,30959.0,"DOW INFRACO, LLC",Other Gas-Fuel Gas,INTRASTATE,TEXAS,0.0,0.0,0.0,6.12,0.0,6.12,0.0,0.0,0.0,0.0,0.0,0.0,0.0,0.0,0.0,0.0,0.0,0.0,6.12,0.0,6.12,
2/2/2026,2023.0,20240121.0,44716.0,30959.0,"DOW INFRACO, LLC",Other Gas-Off Gas,INTRASTATE,TEXAS,0.0,0.0,0.0,0.59,0.0,0.59,0.0,0.0,0.0,0.0,0.0,0.0,0.0,0.0,0.0,0.0,0.0,0.0,0.59,0.0,0.59,
2/2/2026,2023.0,20240122.0,43293.0,30959.0,"DOW INFRACO, LLC",Other Gas-Residual Gas,INTRASTATE,TEXAS,0.0,0.0,0.0,0.47,0.0,0.47,0.0,0.0,0.0,0.0,0.0,0.0,0.0,0.0,0.0,0.0,0.0,0.0,0.47,0.0,0.47,
2/2/2026,2023.0,20240170.0,43347.0,30965.0,BULLDOG GAS & POWER LLC,Landfill Gas,INTRASTATE,CALIFORNIA,0.0,0.0,0.0,0.0,0.0,0.0,0.0,0.0,0.0,0.0,0.0,0.0,0.0,0.0,0.0,0.0,0.0,0.0,0.0,0.0,0.0,
2/2/2026,2023.0,20240189.0,43366.0,30984.0,"BRYAN, CITY OF",Natural Gas,INTRASTATE,TEXAS,0.0,0.0,0.0,0.0,0.0,0.0,0.0,0.0,0.0,0.0,0.0,0.0,0.0,0.0,0.0,0.0,0.0,0.0,0.0,0.0,0.0,
2/2/2026,2023.0,20241044.0,44757.0,30994.0,"HOLLAND, CITY OF - BOARD OF PUBLIC WORKS",Natural Gas,INTRASTATE,MICHIGAN,5.0,0.0,5.0,0.0,0.0,0.0,0.0,0.0,0.0,0.0,0.0,0.0,0.0,0.0,0.0,0.0,0.0,0.0,5.0,0.0,5.0,
2/2/2026,2023.0,20240081.0,43249.0,31000.0,EAST KENTUCKY POWER CORPORATION,Natural Gas,INTRASTATE,KENTUCKY,0.0,0.0,0.0,0.0,0.0,0.0,0.0,0.0,0.0,0.0,0.0,0.0,0.0,0.0,0.0,0.0,0.0,0.0,0.0,0.0,0.0,
2/2/2026,2023.0,20240931.0,44133.0,31007.0,ADM CORN PROCESSING DIVISION-NW GAS CONTRACTED,Natural Gas,INTRASTATE,MINNESOTA,0.0,0.0,0.0,0.0,0.0,0.0,0.0,0.0,0.0,0.0,0.0,0.0,0.0,0.0,0.0,0.0,0.0,0.0,0.0,0.0,0.0,
2/2/2026,2023.0,20240484.0,43672.0,31023.0,CITGO REFINING & CHEMICAL CO. L.P.,Hydrogen Gas,INTRASTATE,TEXAS,0.0,0.0,0.0,7.94,0.0,7.94,0.0,0.0,0.0,0.0,0.0,0.0,0.0,0.0,0.0,0.0,0.0,0.0,7.94,0.0,7.94,
2/2/2026,2023.0,20240216.0,43394.0,31024.0,CENTRA PIPELINE MINNESOTA INC.,Natural Gas,INTERSTATE,MINNESOTA,0.698,0.0,0.698,0.0,0.0,0.0,0.0,0.0,0.0,0.0,0.0,0.0,0.0,0.0,0.0,0.0,0.0,0.0,0.698,0.0,0.698,
2/2/2026,2023.0,20241428.0,44854.0,31039.0,LOCKPORT COGENERATION FACILITY,Natural Gas,INTRASTATE,NEW YORK,0.0,0.0,0.0,0.0,0.0,0.0,0.0,0.0,0.0,0.0,0.0,0.0,0.0,0.0,0.0,0.0,0.0,0.0,0.0,0.0,0.0,
2/2/2026,2023.0,20240309.0,44840.0,31044.0,"LOWER VALLEY ENERGY, INC.",Natural Gas,INTRASTATE,WYOMING,0.0,0.0,0.0,9.0,0.0,9.0,0.0,0.0,0.0,0.0,0.0,0.0,0.0,0.0,0.0,0.0,0.0,0.0,9.0,0.0,9.0,
2/2/2026,2023.0,20241216.0,44433.0,31067.0,AERA ENERGY LLC,Natural Gas,INTRASTATE,CALIFORNIA,0.0,0.0,0.0,0.0,0.0,0.0,0.0,0.0,0.0,0.0,0.0,0.0,0.0,0.0,0.0,0.0,0.0,0.0,0.0,0.0,0.0,
2/2/2026,2023.0,20241205.0,44420.0,31068.0,SEAL BEACH GAS PROCESSING VENTURE,Natural Gas,INTRASTATE,CALIFORNIA,0.0,0.0,0.0,0.0,0.0,0.0,0.0,0.0,0.0,0.0,0.0,0.0,0.0,0.0,0.0,0.0,0.0,0.0,0.0,0.0,0.0,
2/2/2026,2023.0,20241298.0,44522.0,31075.0,E&B NATURAL RESOURCES MANAGEMENT CORP,Natural Gas,INTRASTATE,CALIFORNIA,0.0,0.0,0.0,0.0,0.0,0.0,0.0,0.0,0.0,0.0,0.0,0.0,0.0,0.0,0.0,0.0,0.0,0.0,0.0,0.0,0.0,
2/2/2026,2023.0,20241026.0,44631.0,31088.0,"DESTIN PIPELINE COMPANY, LLC",Natural Gas,INTERSTATE,ALABAMA,0.0,0.0,0.0,0.0,0.0,0.0,0.0,0.0,0.0,0.0,0.0,0.0,0.0,0.0,0.0,0.0,0.0,0.0,0.0,0.0,0.0,
2/2/2026,2023.0,20241026.0,44631.0,31088.0,"DESTIN PIPELINE COMPANY, LLC",Natural Gas,INTERSTATE,MISSISSIPPI,0.0,0.0,0.0,2.28,0.0,2.28,0.0,0.0,0.0,0.0,0.0,0.0,0.0,0.0,0.0,0.0,0.0,0.0,2.28,0.0,2.28,
2/2/2026,2023.0,20241026.0,44631.0,31088.0,"DESTIN PIPELINE COMPANY, LLC",Natural Gas,INTERSTATE,OCS-Gulf of Mexico,0.0,0.0,0.0,0.0,0.0,0.0,0.0,0.0,0.0,0.0,0.0,0.0,0.0,0.0,0.0,0.0,0.0,0.0,0.0,0.0,0.0,
2/2/2026,2023.0,20240175.0,43352.0,31092.0,"KM FEEDERS, LLC",Natural Gas,INTRASTATE,KANSAS,0.0,0.0,0.0,0.0,0.0,0.0,0.0,0.0,0.0,0.0,0.0,0.0,0.0,0.0,0.0,0.0,0.0,0.0,0.0,0.0,0.0,
2/2/2026,2023.0,20240048.0,43210.0,31093.0,CITY OF FOSSTON MUNICIPAL GAS,Other Gas-Methane,INTRASTATE,MINNESOTA,0.0,0.0,0.0,0.0,0.0,0.0,0.0,0.0,0.0,0.0,0.0,0.0,0.0,0.0,0.0,0.0,0.0,0.0,0.0,0.0,0.0,
2/2/2026,2023.0,20240946.0,44746.0,31096.0,GEORGIA-PACIFIC CONSUMER OPERATIONS LLC,Natural Gas,INTRASTATE,WASHINGTON,0.0,0.0,0.0,0.0,0.73,0.73,0.0,0.0,0.0,0.0,0.0,0.0,0.0,0.0,0.0,0.0,0.0,0.0,0.0,0.73,0.73,
2/2/2026,2023.0,20240128.0,43299.0,31100.0,DANISCO CULTOR USA INC,Natural Gas,INTRASTATE,KANSAS,0.0,0.0,0.0,0.0,0.0,0.0,0.0,0.0,0.0,0.0,0.0,0.0,0.0,0.0,0.0,0.0,0.0,0.0,0.0,0.0,0.0,
2/2/2026,2023.0,20240585.0,43778.0,31106.0,MERRION OIL AND GAS,Natural Gas,INTRASTATE,NEW MEXICO,0.0,0.0,0.0,0.0,0.0,0.0,0.0,0.0,0.0,0.0,0.0,0.0,0.0,0.0,0.0,0.0,0.0,0.0,0.0,0.0,0.0,
2/2/2026,2023.0,20240302.0,43483.0,31108.0,"ROYAL PRODUCTION CO., INC.",Natural Gas,INTRASTATE,TEXAS,0.0,0.0,0.0,0.0,0.0,0.0,0.0,0.0,0.0,0.0,0.0,0.0,0.0,0.0,0.0,0.0,0.0,0.0,0.0,0.0,0.0,
2/2/2026,2023.0,20240988.0,46759.0,31130.0,"DCP MIDSTREAM, LP",Natural Gas,INTERSTATE,ALABAMA,0.0,0.0,0.0,0.0,0.0,0.0,0.0,0.0,0.0,0.0,0.0,0.0,0.0,0.0,0.0,0.0,0.0,0.0,0.0,0.0,0.0,
2/2/2026,2023.0,20240988.0,46759.0,31130.0,"DCP MIDSTREAM, LP",Natural Gas,INTERSTATE,KANSAS,0.0,0.0,0.0,0.0,0.0,0.0,0.0,0.0,0.0,0.0,0.0,0.0,0.0,0.0,0.0,0.0,0.0,0.0,0.0,0.0,0.0,
2/2/2026,2023.0,20240988.0,46759.0,31130.0,"DCP MIDSTREAM, LP",Natural Gas,INTERSTATE,NEW MEXICO,0.0,0.0,0.0,0.0,0.0,0.0,0.0,0.0,0.0,0.0,0.0,0.0,0.0,0.0,0.0,0.0,0.0,0.0,0.0,0.0,0.0,
2/2/2026,2023.0,20240988.0,46759.0,31130.0,"DCP MIDSTREAM, LP",Natural Gas,INTERSTATE,OCS-Gulf of Mexico,0.0,0.0,0.0,0.0,0.0,0.0,0.0,0.0,0.0,0.0,0.0,0.0,0.0,0.0,0.0,0.0,0.0,0.0,0.0,0.0,0.0,
2/2/2026,2023.0,20240988.0,46759.0,31130.0,"DCP MIDSTREAM, LP",Natural Gas,INTERSTATE,OKLAHOMA,0.0,0.0,0.0,0.0,0.0,0.0,0.0,0.0,0.0,0.0,0.0,0.0,0.0,0.0,0.0,0.0,0.0,0.0,0.0,0.0,0.0,
2/2/2026,2023.0,20240988.0,46759.0,31130.0,"DCP MIDSTREAM, LP",Natural Gas,INTRASTATE,ALABAMA,0.0,0.0,0.0,0.0,0.0,0.0,0.0,0.0,0.0,0.0,0.0,0.0,0.0,0.0,0.0,0.0,0.0,0.0,0.0,0.0,0.0,
2/2/2026,2023.0,20240988.0,46759.0,31130.0,"DCP MIDSTREAM, LP",Natural Gas,INTRASTATE,COLORADO,0.0,0.775,0.775,0.0,0.0,0.0,0.0,0.0,0.0,0.0,0.0,0.0,0.0,0.0,0.0,0.0,0.0,0.0,0.0,0.775,0.775,
2/2/2026,2023.0,20240988.0,46759.0,31130.0,"DCP MIDSTREAM, LP",Natural Gas,INTRASTATE,MICHIGAN,0.0,1.651,1.651,0.0,0.0,0.0,0.0,0.0,0.0,0.0,0.0,0.0,0.0,0.0,0.0,0.0,0.0,0.0,0.0,1.651,1.651,
2/2/2026,2023.0,20240988.0,46759.0,31130.0,"DCP MIDSTREAM, LP",Natural Gas,INTRASTATE,NEW MEXICO,0.0,0.0,0.0,0.0,0.0,0.0,0.0,0.0,0.0,0.0,0.0,0.0,0.0,0.0,0.0,0.0,0.0,0.0,0.0,0.0,0.0,
2/2/2026,2023.0,20240988.0,46759.0,31130.0,"DCP MIDSTREAM, LP",Natural Gas,INTRASTATE,OCS-Gulf of Mexico,0.0,0.0,0.0,0.0,0.0,0.0,0.0,0.0,0.0,0.0,0.0,0.0,0.0,0.0,0.0,0.0,0.0,0.0,0.0,0.0,0.0,
2/2/2026,2023.0,20240988.0,46759.0,31130.0,"DCP MIDSTREAM, LP",Natural Gas,INTRASTATE,OKLAHOMA,0.0,0.0,0.0,0.0,0.0,0.0,0.0,0.0,0.0,0.0,0.0,0.0,0.0,0.0,0.0,0.0,0.0,0.0,0.0,0.0,0.0,
2/2/2026,2023.0,20240988.0,46759.0,31130.0,"DCP MIDSTREAM, LP",Natural Gas,INTRASTATE,TEXAS,0.0,29.141,29.141,0.0,0.0,0.0,0.0,0.0,0.0,0.0,0.0,0.0,0.0,0.0,0.0,0.0,0.0,0.0,0.0,29.141,29.141,
2/2/2026,2023.0,20241353.0,44581.0,31142.0,NORTH SLOPE BOROUGH ENERGY MANAGEMENT,Natural Gas,INTRASTATE,ALASKA,0.0,0.35,0.35,0.0,0.0,0.0,0.0,0.0,0.0,0.0,0.0,0.0,0.0,0.0,0.0,0.0,0.0,0.0,0.0,0.35,0.35,
2/2/2026,2023.0,20240607.0,43800.0,31145.0,PORTLAND NATURAL GAS TRANSMISSION SYSTEM,Natural Gas,INTERSTATE,MAINE,0.0,0.0,0.0,0.0,0.0,0.0,0.0,6.369,6.369,0.0,0.0,0.0,0.0,0.0,0.0,0.0,0.0,0.0,0.0,6.369,6.369,
2/2/2026,2023.0,20240607.0,43800.0,31145.0,PORTLAND NATURAL GAS TRANSMISSION SYSTEM,Natural Gas,INTERSTATE,NEW HAMPSHIRE,0.0,0.0,0.0,0.0,0.0,0.0,0.0,12.278,12.278,0.0,0.0,0.0,0.0,0.0,0.0,0.0,0.0,0.0,0.0,12.278,12.278,
2/2/2026,2023.0,20240607.0,43800.0,31145.0,PORTLAND NATURAL GAS TRANSMISSION SYSTEM,Natural Gas,INTERSTATE,VERMONT,0.0,0.0,0.0,0.0,0.0,0.0,0.0,0.327,0.327,0.0,0.0,0.0,0.0,0.0,0.0,0.0,0.0,0.0,0.0,0.327,0.327,
2/2/2026,2023.0,20240808.0,44008.0,31159.0,"KANSAS GAS SERVICE COMPANY, A DIVISION OF ONE GAS, INC.",Natural Gas,INTRASTATE,KANSAS,0.0,0.0,0.0,0.0,14.25,14.25,0.0,0.0,0.0,0.0,0.0,0.0,0.0,0.0,0.0,0.0,0.0,0.0,0.0,14.25,14.25,
2/2/2026,2023.0,20240694.0,43890.0,31178.0,XTO ENERGY INC,Natural Gas,INTRASTATE,LOUISIANA,0.0,0.0,0.0,0.0,0.0,0.0,0.0,0.0,0.0,0.0,0.0,0.0,0.0,0.0,0.0,0.0,0.0,0.0,0.0,0.0,0.0,
2/2/2026,2023.0,20240694.0,43890.0,31178.0,XTO ENERGY INC,Natural Gas,INTRASTATE,NEW MEXICO,0.0,0.0,0.0,0.0,0.0,0.0,0.0,0.0,0.0,0.0,0.0,0.0,0.0,0.0,0.0,0.0,0.0,0.0,0.0,0.0,0.0,
2/2/2026,2023.0,20240694.0,43890.0,31178.0,XTO ENERGY INC,Natural Gas,INTRASTATE,OKLAHOMA,0.0,0.0,0.0,0.0,0.0,0.0,0.0,0.0,0.0,0.0,0.0,0.0,0.0,0.0,0.0,0.0,0.0,0.0,0.0,0.0,0.0,
2/2/2026,2023.0,20240694.0,43890.0,31178.0,XTO ENERGY INC,Natural Gas,INTRASTATE,PENNSYLVANIA,0.0,0.0,0.0,0.0,0.0,0.0,0.0,0.0,0.0,0.0,0.0,0.0,0.0,0.0,0.0,0.0,0.0,0.0,0.0,0.0,0.0,
2/2/2026,2023.0,20240694.0,43890.0,31178.0,XTO ENERGY INC,Natural Gas,INTRASTATE,TEXAS,0.0,0.0,0.0,0.0,0.0,0.0,0.0,0.0,0.0,0.0,0.0,0.0,0.0,0.0,0.0,0.0,0.0,0.0,0.0,0.0,0.0,
2/2/2026,2023.0,20240740.0,43940.0,31199.0,ALLIANCE PIPELINE L.P.,Natural Gas,INTERSTATE,ILLINOIS,0.0,0.0,0.0,0.0,0.0,0.0,0.0,12.19,12.19,0.0,0.0,0.0,0.0,0.0,0.0,0.0,0.0,0.0,0.0,12.19,12.19,
2/2/2026,2023.0,20240740.0,43940.0,31199.0,ALLIANCE PIPELINE L.P.,Natural Gas,INTERSTATE,IOWA,0.0,0.0,0.0,0.0,0.0,0.0,0.0,3.08,3.08,0.0,0.0,0.0,0.0,0.0,0.0,0.0,0.0,0.0,0.0,3.08,3.08,
2/2/2026,2023.0,20240740.0,43940.0,31199.0,ALLIANCE PIPELINE L.P.,Natural Gas,INTERSTATE,MINNESOTA,0.0,0.0,0.0,0.0,0.0,0.0,0.0,6.19,6.19,0.0,0.0,0.0,0.0,0.0,0.0,0.0,0.0,0.0,0.0,6.19,6.19,
2/2/2026,2023.0,20240740.0,43940.0,31199.0,ALLIANCE PIPELINE L.P.,Natural Gas,INTERSTATE,NORTH DAKOTA,0.0,0.0,0.0,0.0,0.0,0.0,0.0,0.84,0.84,0.0,0.0,0.0,0.0,0.0,0.0,0.0,0.0,0.0,0.0,0.84,0.84,
2/2/2026,2023.0,20240370.0,43887.0,31225.0,CLEVELAND-CLIFFS STEEL CORPORATION,Natural Gas,INTRASTATE,OHIO,0.0,1.721,1.721,0.0,0.0,0.0,0.0,0.0,0.0,0.0,0.0,0.0,0.0,0.0,0.0,0.0,0.0,0.0,0.0,1.721,1.721,
2/2/2026,2023.0,20240721.0,46769.0,31228.0,"CALIFORNIA RESOURCES ELK HILLS, LLC",Natural Gas,INTRASTATE,CALIFORNIA,0.0,0.0,0.0,0.0,0.0,0.0,0.0,0.0,0.0,0.0,0.0,0.0,0.0,0.0,0.0,0.0,0.0,0.0,0.0,0.0,0.0,
2/2/2026,2023.0,20240674.0,43869.0,31232.0,AVISTA CORP,Natural Gas,INTRASTATE,OREGON,0.0,0.0,0.0,0.0,0.0,0.0,0.0,0.0,0.0,0.0,0.0,0.0,0.0,0.0,0.0,0.0,0.0,0.0,0.0,0.0,0.0,
2/2/2026,2023.0,20240674.0,43869.0,31232.0,AVISTA CORP,Natural Gas,INTRASTATE,WASHINGTON,0.0,0.0,0.0,0.0,0.0,0.0,0.0,0.0,0.0,0.0,0.0,0.0,0.0,0.0,0.0,0.0,0.0,0.0,0.0,0.0,0.0,
2/2/2026,2023.0,20241321.0,44968.0,31245.0,ATI METALS,Natural Gas,INTRASTATE,OREGON,0.0,0.0,0.0,0.0,0.0,0.0,0.0,0.3,0.3,0.0,0.0,0.0,0.0,0.0,0.0,0.0,0.0,0.0,0.0,0.3,0.3,
2/2/2026,2023.0,20241185.0,44400.0,31251.0,"MORTON INTERNATIONAL INC, - SALT DIVISION",Natural Gas,INTRASTATE,TEXAS,0.0,0.0,0.0,0.0,0.0,0.0,0.0,0.0,0.0,0.0,0.0,0.0,0.0,0.0,0.0,0.0,0.0,0.0,0.0,0.0,0.0,
2/2/2026,2023.0,20241314.0,45798.0,31256.0,"JGE GAS SOLUTIONS, LP",Natural Gas,INTRASTATE,TEXAS,0.0,0.0,0.0,0.0,0.0,0.0,0.0,0.1,0.1,0.0,0.0,0.0,0.0,0.0,0.0,0.0,0.0,0.0,0.0,0.1,0.1,
2/2/2026,2023.0,20240886.0,44086.0,31269.0,KINDER MORGAN NORTH TEXAS PIPELINE,Natural Gas,INTRASTATE,TEXAS,0.0,0.0,0.0,0.0,8.024,8.024,0.0,0.0,0.0,0.0,0.0,0.0,0.0,0.0,0.0,0.0,0.0,0.0,0.0,8.024,8.024,
2/2/2026,2023.0,20241278.0,44502.0,31286.0,"ONEOK GAS TRANSPORTATION, LLC",Natural Gas,INTRASTATE,OKLAHOMA,0.0,0.0,0.0,0.0,0.0,0.0,0.0,72.77,72.77,0.0,0.0,0.0,0.0,0.0,0.0,0.0,0.0,0.0,0.0,72.77,72.77,
2/2/2026,2023.0,20241318.0,44543.0,31287.0,WILD GOOSE STORAGE LLC,Natural Gas,INTRASTATE,CALIFORNIA,0.5,0.0,0.5,0.0,0.0,0.0,0.0,0.0,0.0,0.0,0.0,0.0,0.0,0.0,0.0,0.0,0.0,0.0,0.5,0.0,0.5,
2/2/2026,2023.0,20240542.0,43731.0,31307.0,DOW HYDROCARBONS AND RESOURCES LLC,Natural Gas,INTRASTATE,LOUISIANA,0.0,0.0,0.0,0.0,0.0,0.0,0.0,0.0,0.0,0.0,0.0,0.0,0.0,0.0,0.0,0.0,0.0,0.0,0.0,0.0,0.0,
2/2/2026,2023.0,20240203.0,43381.0,31312.0,WEST PHOENIX POWER PLANT,Natural Gas,INTRASTATE,ARIZONA,0.0,0.0,0.0,0.0,0.0,0.0,0.0,0.0,0.0,0.0,0.0,0.0,0.0,0.0,0.0,0.0,0.0,0.0,0.0,0.0,0.0,
2/2/2026,2023.0,20240008.0,43165.0,31313.0,ACME BRICK LATERAL - KN ENGERY,Natural Gas,INTRASTATE,ARKANSAS,0.0,0.0,0.0,0.0,0.0,0.0,0.0,0.0,0.0,0.0,0.0,0.0,0.0,0.0,0.0,0.0,0.0,0.0,0.0,0.0,0.0,
2/2/2026,2023.0,20241300.0,44524.0,31316.0,COLORADO NATURAL GAS INC.,Natural Gas,INTRASTATE,COLORADO,0.0,0.0,0.0,0.0,0.0,0.0,0.0,0.0,0.0,0.0,0.0,0.0,0.0,0.0,0.0,0.0,0.0,0.0,0.0,0.0,0.0,
2/2/2026,2023.0,20240393.0,44491.0,31330.0,CLECO POWER LLC,Natural Gas,INTRASTATE,LOUISIANA,0.0,0.0,0.0,0.0,0.0,0.0,0.0,0.0,0.0,0.0,0.0,0.0,0.0,0.0,0.0,0.0,0.0,0.0,0.0,0.0,0.0,
2/2/2026,2023.0,20240745.0,43945.0,31335.0,"MARITIMES & NORTHEAST PIPELINE, L.L.C.",Natural Gas,INTERSTATE,MAINE,0.0,0.0,0.0,0.0,0.0,0.0,0.0,23.39,23.39,0.0,0.0,0.0,0.0,0.0,0.0,0.0,0.0,0.0,0.0,23.39,23.39,
2/2/2026,2023.0,20240745.0,43945.0,31335.0,"MARITIMES & NORTHEAST PIPELINE, L.L.C.",Natural Gas,INTERSTATE,MASSACHUSETTS,0.0,0.0,0.0,0.0,0.0,0.0,0.0,31.62,31.62,0.0,0.0,0.0,0.0,0.0,0.0,0.0,0.0,0.0,0.0,31.62,31.62,
2/2/2026,2023.0,20240745.0,43945.0,31335.0,"MARITIMES & NORTHEAST PIPELINE, L.L.C.",Natural Gas,INTERSTATE,NEW HAMPSHIRE,0.0,0.0,0.0,0.0,0.0,0.0,0.0,19.73,19.73,0.0,0.0,0.0,0.0,0.0,0.0,0.0,0.0,0.0,0.0,19.73,19.73,
2/2/2026,2023.0,20240967.0,44169.0,31341.0,OLIKTOK PIPELINE COMPANY,Natural Gas,INTRASTATE,ALASKA,0.0,0.0,0.0,0.0,0.0,0.0,0.0,0.0,0.0,0.0,0.0,0.0,0.0,0.0,0.0,0.0,0.0,0.0,0.0,0.0,0.0,
2/2/2026,2023.0,20241060.0,44268.0,31348.0,ATMOS ENERGY CORPORATION - MID-TEX,Natural Gas,INTRASTATE,TEXAS,0.0,0.0,0.0,0.0,106.648,106.648,0.0,0.0,0.0,0.0,0.0,0.0,0.0,0.0,0.0,0.0,0.0,0.0,0.0,106.648,106.648,
2/2/2026,2023.0,20240750.0,43950.0,31356.0,"VECTOR PIPELINE, L.P.",Natural Gas,INTERSTATE,ILLINOIS,0.0,0.0,0.0,0.0,0.0,0.0,0.0,8.91,8.91,0.0,0.0,0.0,0.0,0.0,0.0,0.0,0.0,0.0,0.0,8.91,8.91,
2/2/2026,2023.0,20240750.0,43950.0,31356.0,"VECTOR PIPELINE, L.P.",Natural Gas,INTERSTATE,INDIANA,0.0,0.0,0.0,0.0,0.0,0.0,0.0,20.86,20.86,0.0,0.0,0.0,0.0,0.0,0.0,0.0,0.0,0.0,0.0,20.86,20.86,
2/2/2026,2023.0,20240750.0,43950.0,31356.0,"VECTOR PIPELINE, L.P.",Natural Gas,INTERSTATE,MICHIGAN,0.0,0.0,0.0,0.0,0.0,0.0,0.0,28.24,28.24,0.0,0.0,0.0,0.0,0.0,0.0,0.0,0.0,0.0,0.0,28.24,28.24,
2/2/2026,2023.0,20241027.0,44235.0,31365.0,"AMERICAN MIDSTREAM (SEACREST), LP",Natural Gas,INTERSTATE,LOUISIANA,0.0,0.0,0.0,0.0,0.0,0.0,0.0,0.0,0.0,0.0,0.0,0.0,0.0,0.0,0.0,0.0,0.0,0.0,0.0,0.0,0.0,
2/2/2026,2023.0,20241027.0,44235.0,31365.0,"AMERICAN MIDSTREAM (SEACREST), LP",Natural Gas,INTERSTATE,OCS-Gulf of Mexico,0.0,0.0,0.0,0.0,0.0,0.0,0.0,0.0,0.0,0.0,0.0,0.0,0.0,0.0,0.0,0.0,0.0,0.0,0.0,0.0,0.0,
2/2/2026,2023.0,20240793.0,43993.0,31368.0,SMARR ENERGY FACILITY,Natural Gas,INTRASTATE,GEORGIA,0.0,0.0,0.0,0.0,0.0,0.0,0.0,0.0,0.0,0.0,0.0,0.0,0.0,0.0,0.0,0.0,0.0,0.0,0.0,0.0,0.0,
2/2/2026,2023.0,20240699.0,44781.0,31371.0,"BUCKEYE DEVELOPMENT & LOGISTICS, LLC",Hydrogen Gas,INTRASTATE,TEXAS,0.0,0.0,0.0,0.0,0.0,0.0,0.0,0.0,0.0,0.0,0.0,0.0,0.0,0.0,0.0,0.0,0.0,0.0,0.0,0.0,0.0,
2/2/2026,2023.0,20240698.0,44782.0,31371.0,"BUCKEYE DEVELOPMENT & LOGISTICS, LLC",Natural Gas,INTRASTATE,TEXAS,0.0,0.0,0.0,0.0,0.362,0.362,0.0,0.0,0.0,0.0,0.0,0.0,0.0,0.0,0.0,0.0,0.0,0.0,0.0,0.362,0.362,
2/2/2026,2023.0,20240991.0,44737.0,31372.0,TICONA POLYMERS INC,Natural Gas,INTRASTATE,TEXAS,0.0,0.0,0.0,0.0,0.26,0.26,0.0,0.0,0.0,0.0,0.0,0.0,0.0,0.0,0.0,0.0,0.0,0.0,0.0,0.26,0.26,
2/2/2026,2023.0,20240924.0,44126.0,31389.0,"ALLIANCE ENERGY TRANSMISSIONS - SYRACUSE, LLC",Natural Gas,INTRASTATE,NEW YORK,0.0,3.08,3.08,0.0,0.0,0.0,0.0,0.0,0.0,0.0,0.0,0.0,0.0,0.0,0.0,0.0,0.0,0.0,0.0,3.08,3.08,
2/2/2026,2023.0,20240822.0,44022.0,31390.0,OREGON STEEL MILLS,Natural Gas,INTRASTATE,OREGON,0.0,0.0,0.0,0.0,0.0,0.0,0.0,0.0,0.0,0.0,0.0,0.0,0.0,0.0,0.0,0.0,0.0,0.0,0.0,0.0,0.0,
2/2/2026,2023.0,20240110.0,43278.0,31392.0,SUNFLOWER ELECTRIC POWER CORP,Natural Gas,INTRASTATE,KANSAS,0.0,0.0,0.0,0.0,0.0,0.0,0.0,0.0,0.0,0.0,0.0,0.0,0.0,0.0,0.0,0.0,0.0,0.0,0.0,0.0,0.0,
2/2/2026,2023.0,20240436.0,44678.0,31395.0,"BBT TENNESSEE RIVER, LLC",Natural Gas,INTRASTATE,ALABAMA,0.0,0.0,0.0,0.0,2.13,2.13,0.0,0.0,0.0,0.0,0.0,0.0,0.0,0.0,0.0,0.0,0.0,0.0,0.0,2.13,2.13,
2/2/2026,2023.0,20240951.0,44153.0,31406.0,FRONTIER NATURAL GAS COMPANY,Natural Gas,INTRASTATE,NORTH CAROLINA,0.0,0.0,0.0,0.0,13.25,13.25,0.0,0.0,0.0,0.0,0.0,0.0,0.0,0.0,0.0,0.0,0.0,0.0,0.0,13.25,13.25,
2/2/2026,2023.0,20240568.0,43759.0,31408.0,DALLAS PRODUCTION LLC,Natural Gas,INTRASTATE,TEXAS,0.0,0.0,0.0,0.0,0.0,0.0,0.0,0.0,0.0,0.0,0.0,0.0,0.0,0.0,0.0,0.0,0.0,0.0,0.0,0.0,0.0,
2/2/2026,2023.0,20240071.0,43236.0,31416.0,CITY OF WALL LAKE,Natural Gas,INTRASTATE,IOWA,0.0,0.0,0.0,0.0,0.0,0.0,0.0,0.0,0.0,0.0,0.0,0.0,0.0,0.0,0.0,0.0,0.0,0.0,0.0,0.0,0.0,
2/2/2026,2023.0,20240548.0,44677.0,31424.0,"BBT SIGCO INTRASTATE, LLC",Natural Gas,INTRASTATE,LOUISIANA,0.0,0.0,0.0,0.0,1.545,1.545,0.0,0.0,0.0,0.0,0.0,0.0,0.0,0.0,0.0,0.0,0.0,0.0,0.0,1.545,1.545,
2/2/2026,2023.0,20241199.0,44414.0,31425.0,"PALO DURO PIPELINES (TEXAS GATHERING), L.P.",Natural Gas,INTRASTATE,OKLAHOMA,0.0,0.0,0.0,0.0,0.0,0.0,0.0,0.53,0.53,0.0,0.0,0.0,0.0,0.0,0.0,0.0,0.0,0.0,0.0,0.53,0.53,
2/2/2026,2023.0,20241199.0,44414.0,31425.0,"PALO DURO PIPELINES (TEXAS GATHERING), L.P.",Natural Gas,INTRASTATE,TEXAS,0.0,0.0,0.0,0.0,0.0,0.0,0.0,0.0,0.0,0.0,0.0,0.0,0.0,0.0,0.0,0.0,0.0,0.0,0.0,0.0,0.0,
2/2/2026,2023.0,20240581.0,44888.0,31426.0,BBT ONSHORE PIPELINES LLC,Natural Gas,INTRASTATE,LOUISIANA,0.0,0.0,0.0,0.0,0.118,0.118,0.0,0.0,0.0,0.0,0.0,0.0,0.0,0.0,0.0,0.0,0.0,0.0,0.0,0.118,0.118,
2/2/2026,2023.0,20240228.0,43406.0,31430.0,MORTIMER PRODUCTION COMPANY,Natural Gas,INTRASTATE,TEXAS,0.0,0.0,0.0,0.0,0.0,0.0,0.0,0.0,0.0,0.0,0.0,0.0,0.0,0.0,0.0,0.0,0.0,0.0,0.0,0.0,0.0,
2/2/2026,2023.0,20240617.0,43811.0,31439.0,HARDEE POWER PARTNERS LTD,Natural Gas,INTRASTATE,FLORIDA,0.0,0.0,0.0,0.0,0.0,0.0,0.0,0.0,0.0,0.0,0.0,0.0,0.0,0.0,0.0,9.9,0.0,9.9,9.9,0.0,9.9,Declared entire pipe HCA
2/2/2026,2023.0,20241201.0,44667.0,31442.0,DOUGLAS PIPELINE CO,Landfill Gas,INTRASTATE,PENNSYLVANIA,10.7,0.0,10.7,0.0,0.0,0.0,0.0,0.0,0.0,0.0,0.0,0.0,0.0,0.0,0.0,0.0,0.0,0.0,10.7,0.0,10.7,
2/2/2026,2023.0,20241201.0,44667.0,31442.0,DOUGLAS PIPELINE CO,Landfill Gas,INTRASTATE,SOUTH CAROLINA,0.0,0.0,0.0,0.0,0.0,0.0,0.0,0.0,0.0,0.0,0.0,0.0,0.0,0.0,0.0,0.0,0.0,0.0,0.0,0.0,0.0,
2/2/2026,2023.0,20240871.0,46845.0,31442.0,DOUGLAS PIPELINE CO,Natural Gas,INTERSTATE,PENNSYLVANIA,0.0,0.0,0.0,0.0,0.0,0.0,0.0,0.0,0.0,0.0,0.0,0.0,0.0,0.0,0.0,0.0,0.0,0.0,0.0,0.0,0.0,
2/2/2026,2023.0,20240871.0,46845.0,31442.0,DOUGLAS PIPELINE CO,Natural Gas,INTERSTATE,WEST VIRGINIA,0.0,0.0,0.0,0.0,0.0,0.0,0.0,0.0,0.0,0.0,0.0,0.0,0.0,0.0,0.0,0.0,0.0,0.0,0.0,0.0,0.0,
2/2/2026,2023.0,20240871.0,46845.0,31442.0,DOUGLAS PIPELINE CO,Natural Gas,INTRASTATE,IDAHO,0.0,0.4,0.4,0.0,0.0,0.0,0.0,0.0,0.0,0.0,0.0,0.0,0.0,0.0,0.0,0.0,0.0,0.0,0.0,0.4,0.4,
2/2/2026,2023.0,20240871.0,46845.0,31442.0,DOUGLAS PIPELINE CO,Natural Gas,INTRASTATE,MARYLAND,0.0,0.2,0.2,0.0,0.0,0.0,0.0,0.0,0.0,0.0,0.0,0.0,0.0,0.0,0.0,0.0,0.0,0.0,0.0,0.2,0.2,
2/2/2026,2023.0,20240871.0,46845.0,31442.0,DOUGLAS PIPELINE CO,Natural Gas,INTRASTATE,NEW JERSEY,0.0,0.4,0.4,0.0,0.0,0.0,0.0,0.0,0.0,0.0,0.0,0.0,0.0,0.0,0.0,0.0,0.0,0.0,0.0,0.4,0.4,
2/2/2026,2023.0,20240871.0,46845.0,31442.0,DOUGLAS PIPELINE CO,Natural Gas,INTRASTATE,OHIO,0.0,0.0,0.0,0.0,0.0,0.0,0.0,0.0,0.0,0.0,0.0,0.0,0.0,0.0,0.0,0.0,0.0,0.0,0.0,0.0,0.0,
2/2/2026,2023.0,20240871.0,46845.0,31442.0,DOUGLAS PIPELINE CO,Natural Gas,INTRASTATE,PENNSYLVANIA,0.0,0.0,0.0,0.0,0.0,0.0,0.0,0.0,0.0,0.0,0.0,0.0,0.0,0.0,0.0,0.0,0.0,0.0,0.0,0.0,0.0,
2/2/2026,2023.0,20240871.0,46845.0,31442.0,DOUGLAS PIPELINE CO,Natural Gas,INTRASTATE,SOUTH CAROLINA,0.0,0.1,0.1,0.0,0.0,0.0,0.0,0.0,0.0,0.0,0.0,0.0,0.0,0.0,0.0,0.0,0.0,0.0,0.0,0.1,0.1,
2/2/2026,2023.0,20240976.0,44751.0,31443.0,"ALON USA, LP",Natural Gas,INTRASTATE,TEXAS,0.0,0.0,0.0,0.5,0.0,0.5,0.0,0.0,0.0,0.0,0.0,0.0,0.0,0.0,0.0,0.0,0.0,0.0,0.5,0.0,0.5,
2/2/2026,2023.0,20240979.0,44181.0,31451.0,KINDER MORGAN TEXAS PIPELINE CO,Natural Gas,INTRASTATE,TEXAS,0.0,0.0,0.0,0.0,270.976,270.976,0.0,0.0,0.0,0.0,0.0,0.0,0.0,0.0,0.0,0.0,0.0,0.0,0.0,270.976,270.976,
2/2/2026,2023.0,20241161.0,44373.0,31470.0,VECTREN ENERGY DELIVERY OF OHIO,Natural Gas,INTRASTATE,OHIO,0.0,0.0,0.0,0.0,45.822,45.822,0.0,0.0,0.0,0.0,0.0,0.0,0.0,0.0,0.0,0.0,0.0,0.0,0.0,45.822,45.822,
2/2/2026,2023.0,20240670.0,43865.0,31472.0,SCISSORTAIL ENERGY LLC,Natural Gas,INTRASTATE,OKLAHOMA,0.0,0.0,0.0,0.0,0.0,0.0,0.0,0.0,0.0,0.0,0.0,0.0,0.0,0.0,0.0,0.0,0.0,0.0,0.0,0.0,0.0,
2/2/2026,2023.0,20241196.0,44411.0,31477.0,CPN PIPELINE COMPANY,Natural Gas,INTRASTATE,ARIZONA,0.0,0.0,0.0,0.0,0.0,0.0,0.0,0.0,0.0,0.0,0.0,0.0,0.0,0.0,0.0,0.0,0.0,0.0,0.0,0.0,0.0,
2/2/2026,2023.0,20241196.0,44411.0,31477.0,CPN PIPELINE COMPANY,Natural Gas,INTRASTATE,CALIFORNIA,0.0,13.6,13.6,0.0,0.0,0.0,0.0,0.0,0.0,0.0,0.0,0.0,0.0,0.0,0.0,0.0,0.0,0.0,0.0,13.6,13.6,
2/2/2026,2023.0,20241196.0,44411.0,31477.0,CPN PIPELINE COMPANY,Natural Gas,INTRASTATE,OREGON,0.0,0.0,0.0,0.0,0.0,0.0,0.0,0.0,0.0,0.0,0.0,0.0,0.0,0.0,0.0,0.0,0.0,0.0,0.0,0.0,0.0,
2/2/2026,2023.0,20240996.0,44201.0,31481.0,BANGOR NATURAL GAS CO.,Natural Gas,INTRASTATE,MAINE,0.0,0.0,0.0,0.0,0.0,0.0,0.0,0.0,0.0,0.0,0.0,0.0,0.0,0.0,0.0,0.0,0.0,0.0,0.0,0.0,0.0,
2/2/2026,2023.0,20240256.0,43435.0,31485.0,ENBRIDGE OFFSHORE (GAS GATHERING) L.L.C.,Natural Gas,INTERSTATE,LOUISIANA,0.0,0.0,0.0,0.0,0.0,0.0,0.0,0.62,0.62,0.0,0.0,0.0,0.0,0.0,0.0,0.0,0.0,0.0,0.0,0.62,0.62,
2/2/2026,2023.0,20240037.0,43198.0,31486.0,MoGAS PIPELINE LLC,Natural Gas,INTERSTATE,ILLINOIS,0.0,0.0,0.0,0.0,0.55,0.55,0.0,0.0,0.0,0.0,0.0,0.0,0.0,0.0,0.0,0.0,0.0,0.0,0.0,0.55,0.55,
2/2/2026,2023.0,20240037.0,43198.0,31486.0,MoGAS PIPELINE LLC,Natural Gas,INTERSTATE,MISSOURI,0.0,0.0,0.0,2.6,5.15,7.75,0.0,0.0,0.0,0.0,0.0,0.0,0.0,0.0,0.0,0.0,0.0,0.0,2.6,5.15,7.75,
2/2/2026,2023.0,20240983.0,44761.0,31487.0,MAINE NATURAL GAS,Natural Gas,INTRASTATE,MAINE,2.0,0.0,2.0,0.0,0.0,0.0,0.0,0.0,0.0,0.0,0.0,0.0,0.0,0.0,0.0,0.0,0.0,0.0,2.0,0.0,2.0,
2/2/2026,2023.0,20240514.0,43702.0,31492.0,TARGA PIPELINE MID-CONTINENT LLC,Natural Gas,INTRASTATE,OKLAHOMA,0.0,0.0,0.0,0.0,0.0,0.0,0.0,0.0,0.0,0.0,0.0,0.0,0.0,0.0,0.0,0.0,0.0,0.0,0.0,0.0,0.0,
2/2/2026,2023.0,20240082.0,43250.0,31494.0,CITY WATER AND LIGHT PLANT,Natural Gas,INTRASTATE,ARKANSAS,0.0,0.0,0.0,0.0,0.0,0.0,0.0,0.0,0.0,0.0,0.0,0.0,0.0,0.0,0.0,0.0,0.0,0.0,0.0,0.0,0.0,
2/2/2026,2023.0,20240441.0,43628.0,31502.0,OCCIDENTAL PERMIAN LTD,Natural Gas,INTRASTATE,NEW MEXICO,0.0,0.0,0.0,0.0,0.0,0.0,0.0,0.0,0.0,0.0,0.0,0.0,0.0,0.0,0.0,0.0,0.0,0.0,0.0,0.0,0.0,
2/2/2026,2023.0,20240441.0,43628.0,31502.0,OCCIDENTAL PERMIAN LTD,Natural Gas,INTRASTATE,TEXAS,0.0,0.0,0.0,0.0,0.0,0.0,0.0,0.0,0.0,0.0,0.0,0.0,0.0,0.0,0.0,0.0,0.0,0.0,0.0,0.0,0.0,
2/2/2026,2023.0,20240850.0,44050.0,31506.0,CONOCOPHILLIPS COMPANY (E&P-L-48),Natural Gas,INTRASTATE,TEXAS,0.0,0.0,0.0,0.0,0.0,0.0,0.0,0.0,0.0,0.0,0.0,0.0,0.0,0.0,0.0,0.0,0.0,0.0,0.0,0.0,0.0,
2/2/2026,2023.0,20240394.0,43580.0,31516.0,"LOUISIANA GENERATING, LLC",Natural Gas,INTRASTATE,LOUISIANA,0.0,0.0,0.0,0.0,0.45,0.45,0.0,0.0,0.0,0.0,0.0,0.0,0.0,0.0,0.0,0.0,0.0,0.0,0.0,0.45,0.45,
2/2/2026,2023.0,20240625.0,43821.0,31520.0,MISSION NATURAL GAS LLC,Natural Gas,INTRASTATE,LOUISIANA,0.0,0.0,0.0,0.0,0.0,0.0,0.0,0.0,0.0,0.0,0.0,0.0,0.0,0.0,0.0,0.0,0.0,0.0,0.0,0.0,0.0,
2/2/2026,2023.0,20241214.0,44431.0,31522.0,KB PIPELINE,Natural Gas,INTERSTATE,OREGON,0.0,0.0,0.0,0.0,0.0,0.0,0.0,0.0,0.0,0.0,0.0,0.0,0.0,0.0,0.0,0.0,0.0,0.0,0.0,0.0,0.0,
2/2/2026,2023.0,20241214.0,44431.0,31522.0,KB PIPELINE,Natural Gas,INTERSTATE,WASHINGTON,0.0,0.0,0.0,0.0,0.0,0.0,0.0,0.0,0.0,0.0,0.0,0.0,0.0,0.0,0.0,0.0,0.0,0.0,0.0,0.0,0.0,
2/2/2026,2023.0,20241290.0,44514.0,31531.0,"ONEOK WESTEX TRANSMISSION, LLC",Natural Gas,INTRASTATE,TEXAS,0.0,0.0,0.0,0.0,0.0,0.0,0.0,27.12,27.12,0.0,0.0,0.0,0.0,0.0,0.0,0.0,0.0,0.0,0.0,27.12,27.12,
2/2/2026,2023.0,20240331.0,43515.0,31539.0,"HANSON ENGINEERING, L.C.",Natural Gas,INTRASTATE,KANSAS,0.0,0.0,0.0,0.0,0.0,0.0,0.0,0.0,0.0,0.0,0.0,0.0,0.0,0.0,0.0,0.0,0.0,0.0,0.0,0.0,0.0,
2/2/2026,2023.0,20241388.0,44628.0,31540.0,APACHE GAS TRANSMISSION,Natural Gas,INTRASTATE,KENTUCKY,0.0,0.0,0.0,0.0,0.0,0.0,0.0,0.0,0.0,0.0,0.0,0.0,0.0,0.0,0.0,0.0,0.0,0.0,0.0,0.0,0.0,
2/2/2026,2023.0,20240586.0,44679.0,31543.0,"BBT TRANS-UNION INTERSTATE PIPELINE, L.P.",Natural Gas,INTERSTATE,ARKANSAS,0.0,0.0,0.0,0.0,0.177,0.177,0.0,0.0,0.0,0.0,0.0,0.0,0.0,0.0,0.0,0.0,0.0,0.0,0.0,0.177,0.177,
2/2/2026,2023.0,20240586.0,44679.0,31543.0,"BBT TRANS-UNION INTERSTATE PIPELINE, L.P.",Natural Gas,INTERSTATE,LOUISIANA,0.0,0.0,0.0,0.0,0.0,0.0,0.0,0.0,0.0,0.0,0.0,0.0,0.0,0.0,0.0,0.0,0.0,0.0,0.0,0.0,0.0,
2/2/2026,2023.0,20241104.0,44766.0,31564.0,7-D GAS SUPPLY CORP,Natural Gas,INTRASTATE,WEST VIRGINIA,0.0,0.0,0.0,0.0,0.0,0.0,0.0,0.0,0.0,0.0,0.0,0.0,0.0,0.0,0.0,0.0,0.0,0.0,0.0,0.0,0.0,
2/2/2026,2023.0,20240911.0,44113.0,31565.0,"GULFSTREAM MANAGEMENT &  OPERATING SERVICES,LLC",Natural Gas,INTERSTATE,ALABAMA,0.0,0.0,0.0,0.0,0.0,0.0,0.0,19.351,19.351,0.0,0.0,0.0,0.0,0.0,0.0,0.0,0.0,0.0,0.0,19.351,19.351,
2/2/2026,2023.0,20240911.0,44113.0,31565.0,"GULFSTREAM MANAGEMENT &  OPERATING SERVICES,LLC",Natural Gas,INTERSTATE,FLORIDA,0.0,0.0,0.0,0.0,0.0,0.0,0.0,58.839,58.839,0.0,0.0,0.0,0.0,0.0,0.0,0.0,0.0,0.0,0.0,58.839,58.839,
2/2/2026,2023.0,20240911.0,44113.0,31565.0,"GULFSTREAM MANAGEMENT &  OPERATING SERVICES,LLC",Natural Gas,INTERSTATE,MISSISSIPPI,0.0,0.0,0.0,0.0,0.0,0.0,0.0,2.776,2.776,0.0,0.0,0.0,0.0,0.0,0.0,0.0,0.0,0.0,0.0,2.776,2.776,
2/2/2026,2023.0,20240911.0,44113.0,31565.0,"GULFSTREAM MANAGEMENT &  OPERATING SERVICES,LLC",Natural Gas,INTERSTATE,OCS-Gulf of Mexico,0.0,0.0,0.0,0.0,0.0,0.0,0.0,378.562,378.562,0.0,0.0,0.0,0.0,0.0,0.0,0.0,0.0,0.0,0.0,378.562,378.562,
2/2/2026,2023.0,20240516.0,43704.0,31575.0,THE QUINTIN LITTLE CO INC,Natural Gas,INTRASTATE,OKLAHOMA,0.0,0.0,0.0,0.0,0.0,0.0,0.0,0.0,0.0,0.0,0.0,0.0,0.0,0.0,0.0,0.0,0.0,0.0,0.0,0.0,0.0,
2/2/2026,2023.0,20240434.0,44669.0,31577.0,"BBT BAMAGAS INTRASTATE, LLC",Natural Gas,INTRASTATE,ALABAMA,0.0,0.0,0.0,0.0,14.486,14.486,0.0,0.0,0.0,0.0,0.0,0.0,0.0,0.0,0.0,0.0,0.0,0.0,0.0,14.486,14.486,
2/2/2026,2023.0,20240651.0,46865.0,31581.0,"BBT MID LOUISIANA GAS TRANSMISSION, LLC",Natural Gas,INTRASTATE,LOUISIANA,0.0,0.0,0.0,0.0,13.808,13.808,0.0,0.0,0.0,0.0,0.0,0.0,0.0,0.0,0.0,0.0,0.0,0.0,0.0,13.808,13.808,
2/2/2026,2023.0,20240798.0,43998.0,31582.0,"ONEOK ROCKIES MIDSTREAM, LLC",Natural Gas,INTRASTATE,MONTANA,0.0,0.0,0.0,0.0,0.0,0.0,0.0,0.0,0.0,0.0,0.0,0.0,0.0,0.0,0.0,0.0,0.0,0.0,0.0,0.0,0.0,
2/2/2026,2023.0,20240372.0,43558.0,31584.0,CENTRAL IOWA POWER COOPERATIVE,Natural Gas,INTRASTATE,IOWA,0.0,0.0,0.0,0.0,0.0,0.0,0.0,0.0,0.0,0.0,0.0,0.0,0.0,0.0,0.0,0.0,0.0,0.0,0.0,0.0,0.0,
2/2/2026,2023.0,20241085.0,44295.0,31592.0,EMPIRE PIPELINE INC,Natural Gas,INTERSTATE,NEW YORK,0.0,0.0,0.0,17.71,19.98,37.69,0.0,0.0,0.0,0.0,0.0,0.0,0.0,0.0,0.0,0.0,0.0,0.0,17.71,19.98,37.69,
2/2/2026,2023.0,20241085.0,44295.0,31592.0,EMPIRE PIPELINE INC,Natural Gas,INTERSTATE,PENNSYLVANIA,0.0,0.0,0.0,0.0,0.0,0.0,0.0,0.0,0.0,0.0,0.0,0.0,0.0,0.0,0.0,0.0,0.0,0.0,0.0,0.0,0.0,
2/2/2026,2023.0,20240518.0,43706.0,31594.0,TARGA SOUTHTEX MUSTANG TRANSMISSION LTD.,Natural Gas,INTRASTATE,TEXAS,0.0,0.0,0.0,0.0,0.0,0.0,0.0,0.0,0.0,0.0,0.0,0.0,0.0,0.0,0.0,0.0,0.0,0.0,0.0,0.0,0.0,
2/2/2026,2023.0,20240520.0,43708.0,31595.0,TARGA SOUTHTEX CCNG GATHERING LTD.,Natural Gas,INTRASTATE,TEXAS,0.0,0.0,0.0,0.0,0.0,0.0,0.0,0.0,0.0,0.0,0.0,0.0,0.0,0.0,0.0,0.0,0.0,0.0,0.0,0.0,0.0,
2/2/2026,2023.0,20240171.0,44775.0,31599.0,CITY OF SUSANVILLE,Natural Gas,INTRASTATE,CALIFORNIA,0.0,0.0,0.0,0.0,0.0,0.0,0.0,0.0,0.0,1.8,0.0,1.8,0.0,0.0,0.0,0.0,0.0,0.0,1.8,0.0,1.8,
2/2/2026,2023.0,20241350.0,44578.0,31604.0,EQUITRANS MIDSTREAM CORPORATION,Natural Gas,INTERSTATE,PENNSYLVANIA,0.0,0.0,0.0,35.251,30.175,65.426,0.0,0.0,0.0,0.0,0.0,0.0,0.0,0.0,0.0,0.0,0.0,0.0,35.251,30.175,65.426,
2/2/2026,2023.0,20241350.0,44578.0,31604.0,EQUITRANS MIDSTREAM CORPORATION,Natural Gas,INTERSTATE,WEST VIRGINIA,0.0,0.0,0.0,0.0,2.264,2.264,0.0,0.0,0.0,0.0,0.0,0.0,0.0,0.0,0.0,0.0,0.0,0.0,0.0,2.264,2.264,
2/2/2026,2023.0,20241350.0,44578.0,31604.0,EQUITRANS MIDSTREAM CORPORATION,Natural Gas,INTRASTATE,OHIO,0.0,0.0,0.0,0.0,0.0,0.0,0.0,0.0,0.0,0.0,0.0,0.0,0.0,0.0,0.0,0.0,0.0,0.0,0.0,0.0,0.0,
2/2/2026,2023.0,20241350.0,44578.0,31604.0,EQUITRANS MIDSTREAM CORPORATION,Natural Gas,INTRASTATE,PENNSYLVANIA,0.0,0.0,0.0,0.0,2.68,2.68,0.0,0.0,0.0,0.0,0.0,0.0,0.0,0.0,0.0,0.0,0.0,0.0,0.0,2.68,2.68,
2/2/2026,2023.0,20241350.0,44578.0,31604.0,EQUITRANS MIDSTREAM CORPORATION,Natural Gas,INTRASTATE,WEST VIRGINIA,0.0,0.0,0.0,0.0,0.29,0.29,0.0,0.0,0.0,0.0,0.0,0.0,0.0,0.0,0.0,0.0,0.0,0.0,0.0,0.29,0.29,
2/2/2026,2023.0,20240432.0,43619.0,31613.0,M6 MIDSTREAM LLC,Natural Gas,INTRASTATE,TEXAS,0.0,0.0,0.0,0.0,0.0,0.0,0.0,20.99,20.99,0.0,0.0,0.0,0.0,0.0,0.0,0.0,0.0,0.0,0.0,20.99,20.99,
2/2/2026,2023.0,20241126.0,44686.0,31618.0,ENTERPRISE PRODUCTS OPERATING LLC,Natural Gas,INTRASTATE,COLORADO,0.0,0.0,0.0,0.0,0.0,0.0,0.0,0.0,0.0,0.0,0.0,0.0,0.0,0.0,0.0,0.0,0.0,0.0,0.0,0.0,0.0,
2/2/2026,2023.0,20241126.0,44686.0,31618.0,ENTERPRISE PRODUCTS OPERATING LLC,Natural Gas,INTRASTATE,IOWA,0.0,0.0,0.0,0.0,0.0,0.0,0.0,0.0,0.0,0.0,0.0,0.0,0.0,0.0,0.0,0.0,0.0,0.0,0.0,0.0,0.0,
2/2/2026,2023.0,20241126.0,44686.0,31618.0,ENTERPRISE PRODUCTS OPERATING LLC,Natural Gas,INTRASTATE,LOUISIANA,0.0,0.0,0.0,0.0,0.986,0.986,0.0,0.0,0.0,0.0,0.0,0.0,0.0,0.0,0.0,0.0,0.0,0.0,0.0,0.986,0.986,
2/2/2026,2023.0,20241126.0,44686.0,31618.0,ENTERPRISE PRODUCTS OPERATING LLC,Natural Gas,INTRASTATE,NEBRASKA,0.0,0.0,0.0,0.0,0.0,0.0,0.0,0.0,0.0,0.0,0.0,0.0,0.0,0.0,0.0,0.0,0.0,0.0,0.0,0.0,0.0,
2/2/2026,2023.0,20241126.0,44686.0,31618.0,ENTERPRISE PRODUCTS OPERATING LLC,Natural Gas,INTRASTATE,NEW MEXICO,0.0,0.0,0.0,0.0,0.0,0.0,0.0,0.0,0.0,0.0,0.0,0.0,0.0,0.0,0.0,0.0,0.0,0.0,0.0,0.0,0.0,
2/2/2026,2023.0,20241126.0,44686.0,31618.0,ENTERPRISE PRODUCTS OPERATING LLC,Natural Gas,INTRASTATE,OKLAHOMA,0.0,0.0,0.0,0.0,0.0,0.0,0.0,0.0,0.0,0.0,0.0,0.0,0.0,0.0,0.0,0.0,0.0,0.0,0.0,0.0,0.0,
2/2/2026,2023.0,20241126.0,44686.0,31618.0,ENTERPRISE PRODUCTS OPERATING LLC,Natural Gas,INTRASTATE,TEXAS,0.0,0.0,0.0,0.0,216.671,216.671,0.0,0.0,0.0,0.0,0.0,0.0,0.0,0.0,0.0,0.0,0.0,0.0,0.0,216.671,216.671,
2/2/2026,2023.0,20241126.0,44686.0,31618.0,ENTERPRISE PRODUCTS OPERATING LLC,Natural Gas,INTRASTATE,WYOMING,0.0,0.0,0.0,0.0,0.0,0.0,0.0,0.0,0.0,0.0,0.0,0.0,0.0,0.0,0.0,0.0,0.0,0.0,0.0,0.0,0.0,
2/2/2026,2023.0,20241129.0,44341.0,31618.0,ENTERPRISE PRODUCTS OPERATING LLC,Other Gas-Ethane,INTRASTATE,TEXAS,0.0,0.0,0.0,0.0,0.0,0.0,0.0,0.0,0.0,0.0,0.0,0.0,0.0,0.0,0.0,0.0,0.0,0.0,0.0,0.0,0.0,
2/2/2026,2023.0,20241204.0,44419.0,31627.0,"DENBURY ONSHORE, LLC",Natural Gas,INTRASTATE,MISSISSIPPI,0.0,0.0,0.0,0.0,0.0,0.0,0.0,0.0,0.0,0.0,0.0,0.0,0.0,0.0,0.0,0.0,0.0,0.0,0.0,0.0,0.0,
2/2/2026,2023.0,20241204.0,44419.0,31627.0,"DENBURY ONSHORE, LLC",Natural Gas,INTRASTATE,WYOMING,0.0,0.0,0.0,0.0,0.0,0.0,0.0,0.0,0.0,0.0,0.0,0.0,0.0,0.0,0.0,0.0,0.0,0.0,0.0,0.0,0.0,
2/2/2026,2023.0,20240386.0,43572.0,31629.0,GULF PIPELINE LLC,Natural Gas,INTRASTATE,OKLAHOMA,0.0,0.0,0.0,0.0,0.0,0.0,0.0,0.0,0.0,0.0,0.0,0.0,0.0,0.0,0.0,0.0,0.0,0.0,0.0,0.0,0.0,
2/2/2026,2023.0,20240982.0,46740.0,31632.0,NORTHWESTERN CORPORATION,Natural Gas,INTRASTATE,MONTANA,0.0,0.0,0.0,0.0,0.0,0.0,0.0,0.0,0.0,0.0,0.0,0.0,0.0,0.0,0.0,0.0,8.86,8.86,0.0,8.86,8.86,Enhanced Pipeline Risk Assessment (EPRA)
2/2/2026,2023.0,20240982.0,46740.0,31632.0,NORTHWESTERN CORPORATION,Natural Gas,INTRASTATE,SOUTH DAKOTA,0.0,0.0,0.0,0.0,0.0,0.0,0.0,0.0,0.0,0.0,0.0,0.0,0.0,0.0,0.0,0.0,0.0,0.0,0.0,0.0,0.0,Enhanced Pipeline Risk Assessment (EPRA)
2/2/2026,2023.0,20240878.0,46831.0,31636.0,NORTHERN STATES POWER CO OF MINNESOTA,Natural Gas,INTRASTATE,MINNESOTA,0.0,0.0,0.0,0.0,0.0,0.0,0.0,0.0,0.0,0.0,0.0,0.0,0.0,0.0,0.0,0.0,29.8,29.8,0.0,29.8,29.8,Semi-Quantitative
2/2/2026,2023.0,20240878.0,46831.0,31636.0,NORTHERN STATES POWER CO OF MINNESOTA,Natural Gas,INTRASTATE,SOUTH DAKOTA,0.0,0.0,0.0,0.0,0.0,0.0,0.0,0.0,0.0,0.0,0.0,0.0,0.0,0.0,0.0,0.0,2.8,2.8,0.0,2.8,2.8,Semi-Quantitative
2/2/2026,2023.0,20240179.0,43356.0,31640.0,SIOUX CITY BRICK AND TILE,Natural Gas,INTRASTATE,IOWA,0.0,0.0,0.0,0.0,0.0,0.0,0.0,0.0,0.0,0.0,0.0,0.0,0.0,0.0,0.0,0.0,0.0,0.0,0.0,0.0,0.0,
2/2/2026,2023.0,20240800.0,44000.0,31646.0,PLATTE RIVER POWER AUTHORITY,Natural Gas,INTRASTATE,COLORADO,0.0,0.0,0.0,0.0,0.0,0.0,0.0,0.0,0.0,0.0,0.0,0.0,0.0,0.0,0.0,0.0,0.0,0.0,0.0,0.0,0.0,
2/2/2026,2023.0,20241427.0,44853.0,31665.0,UNIVERSITY OF NEW HAMPSHIRE,Landfill Gas,INTRASTATE,NEW HAMPSHIRE,0.0,0.0,0.0,0.0,0.9,0.9,0.0,0.0,0.0,0.0,0.0,0.0,0.0,0.0,0.0,0.0,0.0,0.0,0.0,0.9,0.9,
2/2/2026,2023.0,20241145.0,44357.0,31684.0,PHILLIPS 66 PIPELINE LLC,Hydrogen Gas,INTRASTATE,LOUISIANA,0.0,0.0,0.0,0.0,0.0,0.0,0.0,0.0,0.0,0.0,0.0,0.0,0.0,0.0,0.0,0.0,0.0,0.0,0.0,0.0,0.0,
2/2/2026,2023.0,20241143.0,44749.0,31684.0,PHILLIPS 66 PIPELINE LLC,Natural Gas,INTRASTATE,CALIFORNIA,0.0,0.0,0.0,0.0,0.0,0.0,0.0,0.0,0.0,0.0,0.0,0.0,0.0,0.0,0.0,0.0,0.0,0.0,0.0,0.0,0.0,
2/2/2026,2023.0,20241143.0,44749.0,31684.0,PHILLIPS 66 PIPELINE LLC,Natural Gas,INTRASTATE,LOUISIANA,0.0,0.0,0.0,0.0,0.0,0.0,0.0,0.17,0.17,0.0,0.0,0.0,0.0,0.0,0.0,0.0,0.0,0.0,0.0,0.17,0.17,
2/2/2026,2023.0,20240959.0,44161.0,31685.0,AZTECA MILLING LP,Natural Gas,INTRASTATE,TEXAS,0.0,0.0,0.0,0.0,0.0,0.0,0.0,0.0,0.0,0.0,0.0,0.0,0.0,0.0,0.0,0.0,0.0,0.0,0.0,0.0,0.0,
2/2/2026,2023.0,20240239.0,43417.0,31688.0,AMERICO ENERGY RESOURCES LLC,Natural Gas,INTRASTATE,TEXAS,0.0,0.0,0.0,0.0,0.0,0.0,0.0,0.0,0.0,0.0,0.0,0.0,0.0,0.0,0.0,0.0,0.0,0.0,0.0,0.0,0.0,
2/2/2026,2023.0,20241327.0,44552.0,31697.0,"LODI GAS STORAGE, LLC",Natural Gas,INTRASTATE,CALIFORNIA,2.12,0.0,2.12,0.0,0.0,0.0,0.0,0.0,0.0,0.0,0.0,0.0,0.0,0.0,0.0,0.0,0.0,0.0,2.12,0.0,2.12,
2/2/2026,2023.0,20241177.0,44390.0,31705.0,KATY STORAGE & TRANSPORTATION LP,Natural Gas,INTRASTATE,TEXAS,0.0,0.0,0.0,10.34,0.0,10.34,0.0,0.0,0.0,0.0,0.0,0.0,0.0,0.0,0.0,0.0,0.0,0.0,10.34,0.0,10.34,
2/2/2026,2023.0,20240845.0,44045.0,31707.0,CHEVRON U.S.A. INC - PERMIAN BASIN,Natural Gas,INTRASTATE,NEW MEXICO,0.0,0.0,0.0,0.0,0.0,0.0,0.0,0.0,0.0,0.0,0.0,0.0,0.0,0.0,0.0,0.0,0.0,0.0,0.0,0.0,0.0,
2/2/2026,2023.0,20240845.0,44045.0,31707.0,CHEVRON U.S.A. INC - PERMIAN BASIN,Natural Gas,INTRASTATE,TEXAS,0.0,0.0,0.0,0.0,0.0,0.0,0.0,0.0,0.0,0.0,0.0,0.0,0.0,0.0,0.0,0.0,0.0,0.0,0.0,0.0,0.0,
2/2/2026,2023.0,20241336.0,44561.0,31708.0,WAGNER OIL COMPANY,Natural Gas,INTRASTATE,TEXAS,0.0,0.0,0.0,0.0,0.0,0.0,0.0,0.0,0.0,0.0,0.0,0.0,0.0,0.0,0.0,0.0,0.0,0.0,0.0,0.0,0.0,
2/2/2026,2023.0,20240784.0,44847.0,31711.0,"SOUTHERN STAR CENTRAL GAS PIPELINE, INC",Natural Gas,INTERSTATE,COLORADO,0.0,0.0,0.0,0.0,0.0,0.0,0.0,0.0,0.0,0.0,0.0,0.0,0.0,0.0,0.0,0.0,0.0,0.0,0.0,0.0,0.0,
2/2/2026,2023.0,20240784.0,44847.0,31711.0,"SOUTHERN STAR CENTRAL GAS PIPELINE, INC",Natural Gas,INTERSTATE,KANSAS,0.0,0.0,0.0,0.0,97.98,97.98,0.0,0.0,0.0,0.0,0.0,0.0,0.0,0.0,0.0,0.0,0.0,0.0,0.0,97.98,97.98,
2/2/2026,2023.0,20240784.0,44847.0,31711.0,"SOUTHERN STAR CENTRAL GAS PIPELINE, INC",Natural Gas,INTERSTATE,MISSOURI,0.0,0.0,0.0,0.0,31.97,31.97,0.0,0.0,0.0,0.0,0.0,0.0,0.0,0.0,0.0,0.0,0.0,0.0,0.0,31.97,31.97,
2/2/2026,2023.0,20240784.0,44847.0,31711.0,"SOUTHERN STAR CENTRAL GAS PIPELINE, INC",Natural Gas,INTERSTATE,NEBRASKA,0.0,0.0,0.0,0.0,0.0,0.0,0.0,0.0,0.0,0.0,0.0,0.0,0.0,0.0,0.0,0.0,0.0,0.0,0.0,0.0,0.0,
2/2/2026,2023.0,20240784.0,44847.0,31711.0,"SOUTHERN STAR CENTRAL GAS PIPELINE, INC",Natural Gas,INTERSTATE,OKLAHOMA,0.0,0.0,0.0,0.0,20.08,20.08,0.0,0.0,0.0,0.0,0.0,0.0,0.0,0.0,0.0,0.0,0.0,0.0,0.0,20.08,20.08,
2/2/2026,2023.0,20240784.0,44847.0,31711.0,"SOUTHERN STAR CENTRAL GAS PIPELINE, INC",Natural Gas,INTERSTATE,TEXAS,0.0,0.0,0.0,0.0,0.0,0.0,0.0,0.0,0.0,0.0,0.0,0.0,0.0,0.0,0.0,0.0,0.0,0.0,0.0,0.0,0.0,
2/2/2026,2023.0,20240784.0,44847.0,31711.0,"SOUTHERN STAR CENTRAL GAS PIPELINE, INC",Natural Gas,INTERSTATE,WYOMING,0.0,0.0,0.0,0.0,0.0,0.0,0.0,0.0,0.0,0.0,0.0,0.0,0.0,0.0,0.0,0.0,0.0,0.0,0.0,0.0,0.0,
2/2/2026,2023.0,20240784.0,44847.0,31711.0,"SOUTHERN STAR CENTRAL GAS PIPELINE, INC",Natural Gas,INTRASTATE,OKLAHOMA,0.0,0.0,0.0,0.0,0.07,0.07,0.0,0.0,0.0,0.0,0.0,0.0,0.0,0.0,0.0,0.0,0.0,0.0,0.0,0.07,0.07,
2/2/2026,2023.0,20241292.0,44516.0,31712.0,"GUARDIAN PIPELINE, LLC",Natural Gas,INTERSTATE,ILLINOIS,0.0,0.0,0.0,0.0,0.0,0.0,0.0,10.09,10.09,0.0,0.0,0.0,0.0,0.0,0.0,0.0,0.0,0.0,0.0,10.09,10.09,
2/2/2026,2023.0,20241292.0,44516.0,31712.0,"GUARDIAN PIPELINE, LLC",Natural Gas,INTERSTATE,WISCONSIN,0.0,0.0,0.0,0.0,0.0,0.0,0.0,1.25,1.25,0.0,0.0,0.0,0.0,0.0,0.0,0.0,0.0,0.0,0.0,1.25,1.25,
2/2/2026,2023.0,20240704.0,43902.0,31719.0,HILAND PARTNERS HOLDINGS LLC,Natural Gas,INTRASTATE,MONTANA,0.0,0.0,0.0,0.0,0.0,0.0,0.0,0.0,0.0,0.0,0.0,0.0,0.0,0.0,0.0,0.0,0.0,0.0,0.0,0.0,0.0,
2/2/2026,2023.0,20240704.0,43902.0,31719.0,HILAND PARTNERS HOLDINGS LLC,Natural Gas,INTRASTATE,NORTH DAKOTA,0.0,0.0,0.0,0.0,0.0,0.0,0.0,0.0,0.0,0.0,0.0,0.0,0.0,0.0,0.0,0.0,0.0,0.0,0.0,0.0,0.0,
2/2/2026,2023.0,20240588.0,43781.0,31724.0,SOUTHERN COMPANY PIPELINES,Landfill Gas,INTRASTATE,TENNESSEE,0.0,0.0,0.0,0.0,0.0,0.0,0.0,0.0,0.0,0.0,0.0,0.0,0.0,0.0,0.0,0.0,0.0,0.0,0.0,0.0,0.0,
2/2/2026,2023.0,20240587.0,43780.0,31724.0,SOUTHERN COMPANY PIPELINES,Natural Gas,INTRASTATE,ALABAMA,0.0,0.0,0.0,0.0,0.0,0.0,0.0,0.0,0.0,0.0,0.0,0.0,0.0,0.0,0.0,0.0,0.0,0.0,0.0,0.0,0.0,
2/2/2026,2023.0,20240587.0,43780.0,31724.0,SOUTHERN COMPANY PIPELINES,Natural Gas,INTRASTATE,GEORGIA,0.0,0.0,0.0,2.81,0.0,2.81,0.0,0.0,0.0,0.0,0.0,0.0,0.0,0.0,0.0,0.0,0.0,0.0,2.81,0.0,2.81,
2/2/2026,2023.0,20240587.0,43780.0,31724.0,SOUTHERN COMPANY PIPELINES,Natural Gas,INTRASTATE,MISSISSIPPI,0.0,0.0,0.0,0.0,0.0,0.0,0.0,0.0,0.0,0.0,0.0,0.0,0.0,0.0,0.0,0.0,0.0,0.0,0.0,0.0,0.0,
2/2/2026,2023.0,20240722.0,43922.0,31728.0,"GULF SOUTH PIPELINE COMPANY, LLC",Natural Gas,INTERSTATE,ALABAMA,0.0,0.0,0.0,0.0,17.33,17.33,0.0,0.0,0.0,0.0,0.0,0.0,0.0,0.0,0.0,0.0,0.0,0.0,0.0,17.33,17.33,
2/2/2026,2023.0,20240722.0,43922.0,31728.0,"GULF SOUTH PIPELINE COMPANY, LLC",Natural Gas,INTERSTATE,FLORIDA,0.0,0.0,0.0,0.0,5.33,5.33,0.0,0.0,0.0,0.0,0.0,0.0,0.0,0.0,0.0,0.0,0.0,0.0,0.0,5.33,5.33,
2/2/2026,2023.0,20240722.0,43922.0,31728.0,"GULF SOUTH PIPELINE COMPANY, LLC",Natural Gas,INTERSTATE,LOUISIANA,0.0,0.0,0.0,0.0,156.03,156.03,0.0,0.0,0.0,0.0,0.0,0.0,0.0,0.0,0.0,0.0,0.0,0.0,0.0,156.03,156.03,
2/2/2026,2023.0,20240722.0,43922.0,31728.0,"GULF SOUTH PIPELINE COMPANY, LLC",Natural Gas,INTERSTATE,MISSISSIPPI,0.0,0.0,0.0,0.76,54.53,55.29,0.0,0.0,0.0,0.0,0.0,0.0,0.0,0.0,0.0,0.0,0.0,0.0,0.76,54.53,55.29,
2/2/2026,2023.0,20240722.0,43922.0,31728.0,"GULF SOUTH PIPELINE COMPANY, LLC",Natural Gas,INTERSTATE,TEXAS,0.0,0.0,0.0,0.0,73.63,73.63,0.0,0.0,0.0,0.0,0.0,0.0,0.0,0.0,0.0,0.0,0.0,0.0,0.0,73.63,73.63,
2/2/2026,2023.0,20241190.0,44405.0,31729.0,"ATMOS ENERGY CORPORATION - ATMOS PIPELINE AND STORAGE, LLC",Natural Gas,INTRASTATE,KENTUCKY,0.0,0.0,0.0,0.0,1.4,1.4,0.0,0.0,0.0,0.0,0.0,0.0,0.0,0.0,0.0,0.0,0.0,0.0,0.0,1.4,1.4,
2/2/2026,2023.0,20240306.0,43489.0,31730.0,"WGP-KHC, LLC",Natural Gas,INTRASTATE,KANSAS,0.0,0.0,0.0,0.0,0.0,0.0,0.0,0.0,0.0,0.0,0.0,0.0,0.0,0.0,0.0,0.0,0.0,0.0,0.0,0.0,0.0,
2/2/2026,2023.0,20241179.0,44393.0,31737.0,TUCSON ELECTRIC POWER COMPANY,Natural Gas,INTRASTATE,ARIZONA,0.0,0.0,0.0,0.0,0.0,0.0,0.0,0.0,0.0,0.0,0.0,0.0,0.0,0.0,0.0,0.0,0.0,0.0,0.0,0.0,0.0,
2/2/2026,2023.0,20240225.0,43403.0,31745.0,"GAS RECOVERY SYSTEMS, LLC",Landfill Gas,INTRASTATE,MICHIGAN,0.0,0.0,0.0,0.0,0.0,0.0,0.0,0.0,0.0,0.0,0.0,0.0,0.0,0.0,0.0,0.0,0.0,0.0,0.0,0.0,0.0,
2/2/2026,2023.0,20240495.0,43683.0,31747.0,TENASKA GEORGIA PARTNERS LP,Natural Gas,INTRASTATE,GEORGIA,0.0,0.0,0.0,0.0,0.0,0.0,0.0,0.0,0.0,0.0,0.0,0.0,0.0,0.0,0.0,0.0,0.0,0.0,0.0,0.0,0.0,
2/2/2026,2023.0,20240390.0,43576.0,31748.0,MASSACHUSETTS WHOLESALE ELECTRIC CO,Natural Gas,INTRASTATE,MASSACHUSETTS,0.0,0.0,0.0,0.0,0.0,0.0,0.0,1.89,1.89,0.0,0.0,0.0,0.0,0.0,0.0,0.0,0.0,0.0,0.0,1.89,1.89,
2/2/2026,2023.0,20240892.0,44092.0,31753.0,ASPIRE ENERGY OF OHIO LLC,Natural Gas,INTRASTATE,OHIO,0.0,0.0,0.0,0.0,0.0,0.0,0.0,0.0,0.0,0.0,0.0,0.0,0.0,0.0,0.0,0.0,0.0,0.0,0.0,0.0,0.0,
2/2/2026,2023.0,20241330.0,44555.0,31754.0,BLACK HILLS POWER INC,Natural Gas,INTRASTATE,SOUTH DAKOTA,0.0,0.0,0.0,0.0,0.0,0.0,0.0,0.0,0.0,0.0,0.0,0.0,0.0,0.0,0.0,0.0,0.0,0.0,0.0,0.0,0.0,
2/2/2026,2023.0,20241362.0,44590.0,31755.0,"NOBLE ENERGY, INC. RBU",Natural Gas,INTRASTATE,COLORADO,0.0,0.0,0.0,0.0,0.0,0.0,0.0,0.0,0.0,0.0,0.0,0.0,0.0,0.0,0.0,0.0,0.0,0.0,0.0,0.0,0.0,
2/2/2026,2023.0,20240243.0,43421.0,31768.0,SANTEE COOPER - RAINEY GENERATING STATION,Natural Gas,INTERSTATE,GEORGIA,0.0,0.0,0.0,0.0,0.0,0.0,0.0,0.0,0.0,0.0,0.0,0.0,0.0,0.0,0.0,0.0,0.0,0.0,0.0,0.0,0.0,
2/2/2026,2023.0,20240243.0,43421.0,31768.0,SANTEE COOPER - RAINEY GENERATING STATION,Natural Gas,INTERSTATE,SOUTH CAROLINA,0.0,0.0,0.0,0.0,0.0,0.0,0.0,0.0,0.0,0.0,0.0,0.0,0.0,0.0,0.0,0.0,0.0,0.0,0.0,0.0,0.0,
2/2/2026,2023.0,20240317.0,44948.0,31771.0,AMERESCO PALMETTO,Landfill Gas,INTRASTATE,SOUTH CAROLINA,0.0,8.36,8.36,0.0,0.0,0.0,0.0,0.0,0.0,0.0,0.0,0.0,0.0,0.0,0.0,0.0,0.0,0.0,0.0,8.36,8.36,
2/2/2026,2023.0,20240706.0,43905.0,31778.0,ENCANA OIL & GAS (USA) INC,Natural Gas,INTRASTATE,UTAH,0.0,0.0,0.0,0.0,0.0,0.0,0.0,0.0,0.0,0.0,0.0,0.0,0.0,0.0,0.0,0.0,0.0,0.0,0.0,0.0,0.0,
2/2/2026,2023.0,20240609.0,43802.0,31782.0,BAYSIDE POWER STATION,Natural Gas,INTRASTATE,FLORIDA,0.0,0.0,0.0,0.0,0.0,0.0,0.0,0.67,0.67,0.0,0.0,0.0,0.0,0.0,0.0,0.0,0.0,0.0,0.0,0.67,0.67,
2/2/2026,2023.0,20241119.0,44329.0,31784.0,OHIO VALLEY HUB LLC,Natural Gas,INTRASTATE,INDIANA,0.0,0.0,0.0,0.0,0.0,0.0,0.0,0.0,0.0,0.0,0.0,0.0,0.0,0.0,0.0,0.0,0.0,0.0,0.0,0.0,0.0,
2/2/2026,2023.0,20241192.0,44407.0,31788.0,CALPINE TEXAS PIPELINE LP,Natural Gas,INTRASTATE,TEXAS,0.0,9.7,9.7,0.0,0.0,0.0,0.0,0.0,0.0,0.0,0.0,0.0,0.0,0.0,0.0,0.0,0.0,0.0,0.0,9.7,9.7,
2/2/2026,2023.0,20241340.0,44565.0,31801.0,TANDEM ENERGY CORPORATION,Natural Gas,INTRASTATE,TEXAS,0.0,0.0,0.0,0.0,0.0,0.0,0.0,0.0,0.0,0.0,0.0,0.0,0.0,0.0,0.0,0.0,0.0,0.0,0.0,0.0,0.0,
2/2/2026,2023.0,20240440.0,43627.0,31805.0,HOLLY REFINING & MARKETING COMPANY,Hydrogen Gas,INTRASTATE,UTAH,0.0,0.0,0.0,4.29,0.0,4.29,0.0,0.0,0.0,0.0,0.0,0.0,0.0,0.0,0.0,0.0,0.0,0.0,4.29,0.0,4.29,
2/2/2026,2023.0,20240521.0,43709.0,31840.0,UNISOURCE ENERGY SERVICES,Natural Gas,INTRASTATE,ARIZONA,0.0,0.0,0.0,0.0,0.0,0.0,0.0,0.0,0.0,0.0,0.0,0.0,0.0,0.0,0.0,0.0,0.0,0.0,0.0,0.0,0.0,
2/2/2026,2023.0,20240881.0,44994.0,31846.0,"CAROLINA GAS TRANSMISSION, LLC",Natural Gas,INTERSTATE,GEORGIA,0.0,0.0,0.0,0.0,4.451,4.451,0.0,0.0,0.0,0.0,0.0,0.0,0.0,0.0,0.0,0.0,0.0,0.0,0.0,4.451,4.451,
2/2/2026,2023.0,20240881.0,44994.0,31846.0,"CAROLINA GAS TRANSMISSION, LLC",Natural Gas,INTERSTATE,SOUTH CAROLINA,0.0,0.0,0.0,0.0,52.21,52.21,0.0,0.0,0.0,0.0,0.0,0.0,0.0,0.0,0.0,0.0,0.0,0.0,0.0,52.21,52.21,
2/2/2026,2023.0,20240795.0,43995.0,31849.0,OGLETHORPE POWER CORPORATION,Natural Gas,INTRASTATE,GEORGIA,0.0,0.0,0.0,0.0,0.0,0.0,0.0,0.0,0.0,0.0,0.0,0.0,0.0,0.0,0.0,0.0,0.0,0.0,0.0,0.0,0.0,
2/2/2026,2023.0,20240981.0,44183.0,31853.0,FOUNTAIN VALLEY POWER LLC,Natural Gas,INTRASTATE,COLORADO,0.0,0.0,0.0,0.0,0.0,0.0,0.0,0.0,0.0,0.0,0.0,0.0,0.0,0.0,0.0,0.0,0.0,0.0,0.0,0.0,0.0,
2/2/2026,2023.0,20240101.0,43269.0,31855.0,EVERGY,Natural Gas,INTRASTATE,KANSAS,0.0,0.0,0.0,0.0,0.0,0.0,0.0,0.0,0.0,0.0,0.0,0.0,0.0,0.0,0.0,0.0,0.0,0.0,0.0,0.0,0.0,
2/2/2026,2023.0,20240960.0,44162.0,31875.0,MERIT ENERGY COMPANY,Natural Gas,INTRASTATE,ARKANSAS,0.0,0.0,0.0,0.0,0.0,0.0,0.0,0.0,0.0,0.0,0.0,0.0,0.0,0.0,0.0,0.0,0.0,0.0,0.0,0.0,0.0,
2/2/2026,2023.0,20240960.0,44162.0,31875.0,MERIT ENERGY COMPANY,Natural Gas,INTRASTATE,KANSAS,0.0,0.0,0.0,0.0,0.0,0.0,0.0,0.0,0.0,0.0,0.0,0.0,0.0,0.0,0.0,0.0,0.0,0.0,0.0,0.0,0.0,
2/2/2026,2023.0,20240960.0,44162.0,31875.0,MERIT ENERGY COMPANY,Natural Gas,INTRASTATE,OKLAHOMA,0.0,0.0,0.0,0.0,0.0,0.0,0.0,0.0,0.0,0.0,0.0,0.0,0.0,0.0,0.0,0.0,0.0,0.0,0.0,0.0,0.0,
2/2/2026,2023.0,20240960.0,44162.0,31875.0,MERIT ENERGY COMPANY,Natural Gas,INTRASTATE,TEXAS,0.0,0.0,0.0,0.0,0.0,0.0,0.0,0.0,0.0,0.0,0.0,0.0,0.0,0.0,0.0,0.0,0.0,0.0,0.0,0.0,0.0,
2/2/2026,2023.0,20240538.0,44675.0,31880.0,"BBT MISSISSIPPI, LLC",Natural Gas,INTRASTATE,MISSISSIPPI,0.0,0.0,0.0,0.0,1.672,1.672,0.0,0.0,0.0,0.0,0.0,0.0,0.0,0.0,0.0,0.0,0.0,0.0,0.0,1.672,1.672,
2/2/2026,2023.0,20240318.0,44804.0,31890.0,WSP USA INC.,Natural Gas,INTRASTATE,TEXAS,0.0,0.0,0.0,0.0,2.46,2.46,0.0,0.0,0.0,0.0,0.0,0.0,0.0,0.0,0.0,0.0,0.0,0.0,0.0,2.46,2.46,
2/2/2026,2023.0,20240608.0,43801.0,31891.0,NORTH BAJA PIPELINE LLC,Natural Gas,INTERSTATE,ARIZONA,0.0,0.0,0.0,0.0,0.0,0.0,0.0,0.0,0.0,0.0,0.0,0.0,0.0,0.0,0.0,0.0,0.0,0.0,0.0,0.0,0.0,
2/2/2026,2023.0,20240608.0,43801.0,31891.0,NORTH BAJA PIPELINE LLC,Natural Gas,INTERSTATE,CALIFORNIA,0.0,0.0,0.0,0.0,0.0,0.0,0.0,0.676,0.676,0.0,0.0,0.0,0.0,0.0,0.0,0.0,0.0,0.0,0.0,0.676,0.676,
2/2/2026,2023.0,20240214.0,44634.0,31892.0,DUKE ENERGY - DEBARY COMBUSTION TURBINE,Natural Gas,INTRASTATE,FLORIDA,0.0,0.0,0.0,0.0,0.85,0.85,0.0,0.0,0.0,0.0,0.0,0.0,0.0,0.0,0.0,0.0,0.0,0.0,0.0,0.85,0.85,
2/2/2026,2023.0,20241174.0,44387.0,31894.0,KISSIMMEE UTILITY AUTHORITY,Natural Gas,INTRASTATE,FLORIDA,0.0,2.0,2.0,0.0,0.0,0.0,0.0,0.0,0.0,0.0,0.0,0.0,0.0,0.0,0.0,0.0,0.0,0.0,0.0,2.0,2.0,
2/2/2026,2023.0,20241169.0,44381.0,31895.0,CERTAINTEED  SAINT-GOBAIN,Natural Gas,INTRASTATE,FLORIDA,0.0,0.0,0.0,0.0,0.0,0.0,0.0,0.0,0.0,0.0,0.0,0.0,0.0,0.0,0.0,0.0,0.0,0.0,0.0,0.0,0.0,
2/2/2026,2023.0,20240788.0,43988.0,31896.0,"NORSTAR PIPELINE COMPANY, INC.",Natural Gas,INTRASTATE,ALASKA,0.0,0.0,0.0,0.0,0.311,0.311,0.0,0.0,0.0,0.0,0.0,0.0,0.0,0.0,0.0,0.0,0.0,0.0,0.0,0.311,0.311,
2/2/2026,2023.0,20240079.0,43245.0,31901.0,BAXTER HEALTHCARE CORP.,Natural Gas,INTRASTATE,MISSISSIPPI,0.0,0.0,0.0,0.0,0.0,0.0,0.0,0.0,0.0,0.0,0.0,0.0,0.0,0.0,0.0,0.0,0.0,0.0,0.0,0.0,0.0,
2/2/2026,2023.0,20240569.0,43760.0,31902.0,"PINNACLE GAS PRODUCERS, LLC",Landfill Gas,INTRASTATE,OHIO,0.0,0.0,0.0,0.0,0.0,0.0,0.0,0.0,0.0,0.0,0.0,0.0,0.0,0.0,0.0,0.0,0.0,0.0,0.0,0.0,0.0,
2/2/2026,2023.0,20240934.0,44136.0,31908.0,CHS OILSEED PROCESSING-NW GAS CONTRACTED,Natural Gas,INTRASTATE,MINNESOTA,0.0,0.0,0.0,0.0,0.0,0.0,0.0,0.0,0.0,0.0,0.0,0.0,0.0,0.0,0.0,0.0,0.0,0.0,0.0,0.0,0.0,
2/2/2026,2023.0,20240072.0,43237.0,31911.0,"AMERICAN ENERGIES GAS SERVICE,  LLC",Natural Gas,INTRASTATE,KANSAS,0.0,0.0,0.0,0.0,0.0,0.0,0.0,0.0,0.0,0.0,0.0,0.0,0.0,0.0,0.0,0.0,0.0,0.0,0.0,0.0,0.0,
2/2/2026,2023.0,20240718.0,43918.0,31915.0,"TROPICANA PRODUCTS, INC.",Natural Gas,INTRASTATE,FLORIDA,0.0,0.0,0.0,0.0,0.0,0.0,0.0,0.0,0.0,0.0,0.0,0.0,0.0,0.0,0.0,0.0,0.0,0.0,0.0,0.0,0.0,
2/2/2026,2023.0,20240446.0,43633.0,31916.0,"WM RENEWABLE ENERGY, LLC",Natural Gas,INTRASTATE,KENTUCKY,0.0,0.0,0.0,0.0,0.0,0.0,0.0,0.0,0.0,0.0,0.0,0.0,0.0,0.0,0.0,0.0,0.0,0.0,0.0,0.0,0.0,
2/2/2026,2023.0,20240809.0,44009.0,31924.0,COPANO FIELD SERVICES/UPPER GULF COAST LLC,Natural Gas,INTRASTATE,TEXAS,0.0,0.0,0.0,0.0,0.0,0.0,0.0,0.0,0.0,0.0,0.0,0.0,0.0,0.0,0.0,0.0,0.0,0.0,0.0,0.0,0.0,
2/2/2026,2023.0,20240671.0,43866.0,31925.0,COPANO PIPELINES/SOUTH TEXAS LLC,Natural Gas,INTRASTATE,TEXAS,0.0,0.0,0.0,0.0,0.0,0.0,0.0,0.0,0.0,0.0,0.0,0.0,0.0,0.0,0.0,0.0,0.0,0.0,0.0,0.0,0.0,
2/2/2026,2023.0,20241120.0,44330.0,31926.0,COPANO PIPELINES/UPPER GULF COAST LLC,Natural Gas,INTRASTATE,TEXAS,0.0,0.0,0.0,0.0,21.699,21.699,0.0,0.0,0.0,0.0,0.0,0.0,0.0,0.0,0.0,0.0,0.0,0.0,0.0,21.699,21.699,
2/2/2026,2023.0,20240259.0,43438.0,31929.0,L.E. JONES OPERATING INC.,Natural Gas,INTRASTATE,OKLAHOMA,0.0,0.0,0.0,0.0,0.0,0.0,0.0,0.0,0.0,0.0,0.0,0.0,0.0,0.0,0.0,0.0,0.0,0.0,0.0,0.0,0.0,
2/2/2026,2023.0,20240537.0,43725.0,31933.0,CALCASIEU REFINING COMPANY,Natural Gas,INTRASTATE,LOUISIANA,0.0,0.0,0.0,0.0,0.0,0.0,0.0,0.0,0.0,0.0,0.0,0.0,0.0,0.0,0.0,0.0,0.0,0.0,0.0,0.0,0.0,
2/2/2026,2023.0,20240016.0,43174.0,31936.0,WORTHINGTON GENERATION,Natural Gas,INTRASTATE,INDIANA,0.0,0.0,0.0,0.0,0.0,0.0,0.0,0.0,0.0,0.0,0.0,0.0,0.0,0.0,0.0,0.0,0.0,0.0,0.0,0.0,0.0,
2/2/2026,2023.0,20240797.0,43997.0,31943.0,COLT MIDSTREAM LLC,Natural Gas,INTRASTATE,TEXAS,0.0,0.0,0.0,0.0,0.0,0.0,0.0,0.0,0.0,0.0,0.0,0.0,0.0,0.0,0.0,0.0,0.0,0.0,0.0,0.0,0.0,0
2/2/2026,2023.0,20240112.0,43280.0,31949.0,SW GATHERING,Natural Gas,INTRASTATE,PENNSYLVANIA,0.0,0.0,0.0,0.0,0.0,0.0,0.0,0.0,0.0,0.0,0.0,0.0,0.0,0.0,0.0,0.0,0.0,0.0,0.0,0.0,0.0,
2/2/2026,2023.0,20240551.0,43741.0,31955.0,CITY OF VERNON,Natural Gas,INTRASTATE,CALIFORNIA,0.0,0.0,0.0,7.3,0.0,7.3,0.0,0.0,0.0,0.0,0.0,0.0,0.0,0.0,0.0,0.0,0.0,0.0,7.3,0.0,7.3,
2/2/2026,2023.0,20240361.0,43547.0,31967.0,"JORDAN DEVELOPMENT COMPANY, L.L.C.",Natural Gas,INTRASTATE,MICHIGAN,0.0,0.0,0.0,0.0,0.0,0.0,0.0,0.0,0.0,0.0,0.0,0.0,0.0,0.0,0.0,0.0,0.0,0.0,0.0,0.0,0.0,
2/2/2026,2023.0,20240695.0,43891.0,31968.0,"WTG GAS TRANSMISSION COMPANY, LLC",Natural Gas,INTRASTATE,TEXAS,0.0,0.0,0.0,0.0,1.682,1.682,0.0,0.0,0.0,0.0,0.0,0.0,0.0,0.0,0.0,0.0,0.0,0.0,0.0,1.682,1.682,
2/2/2026,2023.0,20241072.0,44281.0,31978.0,ATMOS PIPELINE - TEXAS,Natural Gas,INTRASTATE,TEXAS,0.0,0.0,0.0,0.0,225.669,225.669,0.0,0.0,0.0,0.0,0.0,0.0,0.0,0.0,0.0,0.0,0.0,0.0,0.0,225.669,225.669,
2/2/2026,2023.0,20240104.0,43272.0,31999.0,"SHELBY COUNTY ENERGY CENTER, LLC",Natural Gas,INTRASTATE,ILLINOIS,0.0,0.0,0.0,0.0,0.0,0.0,0.0,0.0,0.0,0.0,0.0,0.0,0.0,0.0,0.0,0.0,0.0,0.0,0.0,0.0,0.0,
2/2/2026,2023.0,20240974.0,44683.0,32005.0,"ENLINK PROCESSING SERVICES, LLC",Natural Gas,INTERSTATE,LOUISIANA,0.0,0.0,0.0,0.0,2.963,2.963,0.0,0.0,0.0,0.0,0.0,0.0,0.0,0.0,0.0,0.0,0.0,0.0,0.0,2.963,2.963,
2/2/2026,2023.0,20240974.0,44683.0,32005.0,"ENLINK PROCESSING SERVICES, LLC",Natural Gas,INTERSTATE,TEXAS,0.0,0.0,0.0,0.0,1.301,1.301,0.0,0.0,0.0,0.0,0.0,0.0,0.0,0.0,0.0,0.0,0.0,0.0,0.0,1.301,1.301,
2/2/2026,2023.0,20240974.0,44683.0,32005.0,"ENLINK PROCESSING SERVICES, LLC",Natural Gas,INTRASTATE,LOUISIANA,0.0,0.0,0.0,0.0,42.838,42.838,0.0,0.0,0.0,0.0,0.0,0.0,0.0,0.0,0.0,0.0,0.0,0.0,0.0,42.838,42.838,
2/2/2026,2023.0,20240413.0,43600.0,32011.0,"HOLLY ENERGY PARTNERS - OPERATING, L.P.",Hydrogen Gas,INTRASTATE,OKLAHOMA,0.0,0.0,0.0,0.98,0.0,0.98,0.0,0.0,0.0,0.0,0.0,0.0,0.0,0.0,0.0,0.0,0.0,0.0,0.98,0.0,0.98,
2/2/2026,2023.0,20240411.0,43598.0,32011.0,"HOLLY ENERGY PARTNERS - OPERATING, L.P.",Natural Gas,INTRASTATE,NEW MEXICO,0.0,0.0,0.0,0.28,0.0,0.28,0.0,0.0,0.0,0.0,0.0,0.0,0.0,0.0,0.0,0.0,0.0,0.0,0.28,0.0,0.28,
2/2/2026,2023.0,20240414.0,43601.0,32011.0,"HOLLY ENERGY PARTNERS - OPERATING, L.P.",Other Gas-Sweet/Sour Gas,INTRASTATE,OKLAHOMA,0.0,0.0,0.0,2.44,0.0,2.44,0.0,0.0,0.0,0.0,0.0,0.0,0.0,0.0,0.0,0.0,0.0,0.0,2.44,0.0,2.44,
2/2/2026,2023.0,20241232.0,44834.0,32023.0,"MONTGOMERY GAS TRANSMISSION, INC.",Natural Gas,INTRASTATE,TEXAS,0.0,0.0,0.0,0.0,0.0,0.0,0.0,0.0,0.0,0.0,0.0,0.0,0.0,0.0,0.0,0.0,0.0,0.0,0.0,0.0,0.0,
2/2/2026,2023.0,20241176.0,44389.0,32024.0,"CENTERPOINT ENERGY INTRASTATE PIPELINES, INC.",Natural Gas,INTRASTATE,LOUISIANA,0.0,0.0,0.0,0.0,0.0,0.0,0.0,0.0,0.0,0.0,0.0,0.0,0.0,0.0,0.0,0.0,0.0,0.0,0.0,0.0,0.0,
2/2/2026,2023.0,20241176.0,44389.0,32024.0,"CENTERPOINT ENERGY INTRASTATE PIPELINES, INC.",Natural Gas,INTRASTATE,TEXAS,0.0,0.0,0.0,0.0,1.725,1.725,0.0,0.0,0.0,0.0,0.0,0.0,0.0,0.0,0.0,0.0,0.0,0.0,0.0,1.725,1.725,
2/2/2026,2023.0,20240935.0,44137.0,32026.0,MINNESOTA SOYBEAN PROCESSORS,Natural Gas,INTRASTATE,MINNESOTA,0.0,0.0,0.0,0.0,0.0,0.0,0.0,0.0,0.0,0.0,0.0,0.0,0.0,0.0,0.0,0.0,0.0,0.0,0.0,0.0,0.0,
2/2/2026,2023.0,20240354.0,43538.0,32034.0,"NGO TRANSMISSION, INC.",Natural Gas,INTRASTATE,OHIO,0.0,0.436,0.436,0.0,0.0,0.0,0.0,0.0,0.0,0.0,0.0,0.0,0.0,0.0,0.0,0.0,0.0,0.0,0.0,0.436,0.436,
2/2/2026,2023.0,20240097.0,43265.0,32039.0,PIMALCO GAS,Natural Gas,INTRASTATE,ARIZONA,0.44,0.0,0.44,0.0,0.0,0.0,0.0,0.0,0.0,0.0,0.0,0.0,0.0,0.0,0.0,0.0,0.0,0.0,0.44,0.0,0.44,
2/2/2026,2023.0,20240732.0,43932.0,32042.0,FUTAMURA,Natural Gas,INTRASTATE,KANSAS,0.0,0.0,0.0,0.0,0.0,0.0,0.0,0.0,0.0,0.0,0.0,0.0,0.0,0.0,0.0,0.0,0.0,0.0,0.0,0.0,0.0,
2/2/2026,2023.0,20241165.0,44377.0,32043.0,"NORTH COAST GAS TRANSMISSION, LLC",Natural Gas,INTRASTATE,OHIO,0.0,10.238,10.238,0.0,0.0,0.0,0.0,0.0,0.0,0.0,0.0,0.0,0.0,0.0,0.0,0.0,0.0,0.0,0.0,10.238,10.238,
2/2/2026,2023.0,20240938.0,44140.0,32046.0,ETHANOL 2000 LLP (NORTHWEST GAS CONTRACTED),Natural Gas,INTRASTATE,MINNESOTA,0.0,0.0,0.0,0.0,0.0,0.0,0.0,0.0,0.0,0.0,0.0,0.0,0.0,0.0,0.0,0.0,0.0,0.0,0.0,0.0,0.0,
2/2/2026,2023.0,20241457.0,44918.0,32052.0,"WHITE MARLIN OPERATING COMPANY, LLC",Natural Gas,INTRASTATE,TEXAS,0.0,0.0,0.0,0.0,0.0,0.0,0.0,0.0,0.0,0.0,0.0,0.0,0.0,0.0,0.0,0.0,0.0,0.0,0.0,0.0,0.0,
2/2/2026,2023.0,20241317.0,44733.0,32054.0,SILICON VALLEY POWER,Natural Gas,INTRASTATE,CALIFORNIA,0.0,0.0,0.0,0.0,1.45,1.45,0.0,0.0,0.0,0.0,0.0,0.0,0.0,0.0,0.0,0.0,0.0,0.0,0.0,1.45,1.45,
2/2/2026,2023.0,20240073.0,43238.0,32067.0,"TORO ENERGY OF MARYLAND, LLC",Landfill Gas,INTRASTATE,MARYLAND,0.0,0.0,0.0,0.0,0.0,0.0,0.0,0.0,0.0,0.0,0.0,0.0,0.0,0.0,0.0,0.0,0.0,0.0,0.0,0.0,0.0,
2/2/2026,2023.0,20240507.0,43695.0,32068.0,"WMRE OF MICHIGAN, LLC",Landfill Gas,INTRASTATE,MICHIGAN,0.0,0.0,0.0,0.0,0.0,0.0,0.0,0.0,0.0,0.0,0.0,0.0,0.0,0.0,0.0,0.0,0.0,0.0,0.0,0.0,0.0,
2/2/2026,2023.0,20240508.0,43696.0,32070.0,"WMRE OF OHIO, LLC",Landfill Gas,INTRASTATE,OHIO,0.0,0.0,0.0,0.0,0.0,0.0,0.0,0.0,0.0,0.0,0.0,0.0,0.0,0.0,0.0,0.0,0.0,0.0,0.0,0.0,0.0,
2/2/2026,2023.0,20240601.0,43794.0,32071.0,"WMRE OF OHIO-AMERICAN, LLC",Natural Gas,INTRASTATE,OHIO,0.0,0.0,0.0,0.0,0.46,0.46,0.0,0.0,0.0,0.0,0.0,0.0,0.0,0.0,0.0,0.0,0.0,0.0,0.0,0.46,0.46,
2/2/2026,2023.0,20240540.0,44758.0,32072.0,HUDSON VALLEY GAS CORPORATION,Natural Gas,INTRASTATE,NEW YORK,0.0,0.0,0.0,0.0,2.05,2.05,0.0,0.0,0.0,0.0,0.0,0.0,0.0,0.0,0.0,0.0,0.0,0.0,0.0,2.05,2.05,
2/2/2026,2023.0,20241306.0,44530.0,32074.0,SUMMIT NATURAL GAS OF MISSOURI,Natural Gas,INTRASTATE,MISSOURI,0.0,6.65,6.65,0.0,0.0,0.0,0.0,0.0,0.0,0.0,0.0,0.0,0.0,0.0,0.0,0.0,0.0,0.0,0.0,6.65,6.65,
2/2/2026,2023.0,20240188.0,43365.0,32081.0,NEBRASKA PUBLIC POWER DISTRICT,Natural Gas,INTRASTATE,NEBRASKA,0.0,0.0,0.0,0.0,0.0,0.0,0.0,0.0,0.0,0.0,0.0,0.0,0.0,0.0,0.0,0.0,0.0,0.0,0.0,0.0,0.0,
2/2/2026,2023.0,20241375.0,44606.0,32083.0,"DCOR, LLC",Natural Gas,INTERSTATE,CALIFORNIA,0.0,0.0,0.0,0.0,0.0,0.0,0.0,0.0,0.0,0.0,0.0,0.0,0.0,0.0,0.0,0.0,0.0,0.0,0.0,0.0,0.0,
2/2/2026,2023.0,20241375.0,44606.0,32083.0,"DCOR, LLC",Natural Gas,INTERSTATE,OCS-Pacific,0.0,0.0,0.0,0.0,0.0,0.0,0.0,0.0,0.0,0.0,0.0,0.0,0.0,0.0,0.0,0.0,0.0,0.0,0.0,0.0,0.0,
2/2/2026,2023.0,20241375.0,44606.0,32083.0,"DCOR, LLC",Natural Gas,INTRASTATE,CALIFORNIA,0.0,0.0,0.0,0.0,0.0,0.0,0.0,0.0,0.0,0.0,0.0,0.0,0.0,0.0,0.0,0.0,0.0,0.0,0.0,0.0,0.0,
2/2/2026,2023.0,20240734.0,43934.0,32093.0,EX EL PIPELINE SERVICES LLC,Natural Gas,INTRASTATE,CALIFORNIA,0.0,1.198,1.198,0.0,0.0,0.0,0.0,0.0,0.0,0.0,0.0,0.0,0.0,0.0,0.0,0.0,0.0,0.0,0.0,1.198,1.198,
2/2/2026,2023.0,20241283.0,44507.0,32094.0,AUX SABLE LIQUID PRODUCTS,Natural Gas,INTRASTATE,ILLINOIS,0.0,0.0,0.0,0.0,2.15,2.15,0.0,0.0,0.0,0.0,0.0,0.0,0.0,0.0,0.0,0.0,0.0,0.0,0.0,2.15,2.15,
2/2/2026,2023.0,20240819.0,46775.0,32099.0,ENERGY TRANSFER COMPANY,Natural Gas,INTRASTATE,ARKANSAS,0.0,0.0,0.0,0.0,0.12,0.12,0.0,0.0,0.0,0.0,0.0,0.0,0.0,0.0,0.0,0.0,0.0,0.0,0.0,0.12,0.12,
2/2/2026,2023.0,20240819.0,46775.0,32099.0,ENERGY TRANSFER COMPANY,Natural Gas,INTRASTATE,KANSAS,0.0,0.0,0.0,0.0,0.0,0.0,0.0,0.0,0.0,0.0,0.0,0.0,0.0,0.0,0.0,0.0,0.0,0.0,0.0,0.0,0.0,
2/2/2026,2023.0,20240819.0,46775.0,32099.0,ENERGY TRANSFER COMPANY,Natural Gas,INTRASTATE,LOUISIANA,0.0,0.0,0.0,0.0,7.77,7.77,0.0,0.0,0.0,0.0,0.0,0.0,0.0,0.0,0.0,0.0,0.0,0.0,0.0,7.77,7.77,
2/2/2026,2023.0,20240819.0,46775.0,32099.0,ENERGY TRANSFER COMPANY,Natural Gas,INTRASTATE,NEW MEXICO,0.0,0.0,0.0,0.0,0.0,0.0,0.0,0.0,0.0,0.0,0.0,0.0,0.0,0.0,0.0,0.0,0.0,0.0,0.0,0.0,0.0,
2/2/2026,2023.0,20240819.0,46775.0,32099.0,ENERGY TRANSFER COMPANY,Natural Gas,INTRASTATE,OHIO,0.0,0.0,0.0,0.0,6.24,6.24,0.0,0.0,0.0,0.0,0.0,0.0,0.0,0.0,0.0,0.0,0.0,0.0,0.0,6.24,6.24,
2/2/2026,2023.0,20240819.0,46775.0,32099.0,ENERGY TRANSFER COMPANY,Natural Gas,INTRASTATE,OKLAHOMA,0.0,0.0,0.0,0.0,0.0,0.0,0.0,0.0,0.0,0.0,0.0,0.0,0.0,0.0,0.0,0.0,0.0,0.0,0.0,0.0,0.0,
2/2/2026,2023.0,20240819.0,46775.0,32099.0,ENERGY TRANSFER COMPANY,Natural Gas,INTRASTATE,PENNSYLVANIA,0.0,0.0,0.0,0.0,1.72,1.72,0.0,0.0,0.0,0.0,0.0,0.0,0.0,0.0,0.0,0.0,0.0,0.0,0.0,1.72,1.72,
2/2/2026,2023.0,20240819.0,46775.0,32099.0,ENERGY TRANSFER COMPANY,Natural Gas,INTRASTATE,TEXAS,0.0,0.0,0.0,0.0,427.17,427.17,0.0,0.0,0.0,0.0,0.0,0.0,0.0,0.0,0.0,0.0,0.0,0.0,0.0,427.17,427.17,
2/2/2026,2023.0,20240819.0,46775.0,32099.0,ENERGY TRANSFER COMPANY,Natural Gas,INTRASTATE,WEST VIRGINIA,0.0,0.0,0.0,0.0,0.0,0.0,0.0,0.0,0.0,0.0,0.0,0.0,0.0,0.0,0.0,0.0,0.0,0.0,0.0,0.0,0.0,
2/2/2026,2023.0,20241486.0,45004.0,32105.0,"MIRANT BOWLINE, LLC",Natural Gas,INTRASTATE,NEW YORK,0.0,0.0,0.0,0.0,1.02,1.02,0.0,0.0,0.0,0.0,0.0,0.0,0.0,0.0,0.0,0.0,0.0,0.0,0.0,1.02,1.02,
2/2/2026,2023.0,20240912.0,44114.0,32106.0,CENTURY ALUMINUM,Natural Gas,INTRASTATE,KENTUCKY,0.0,0.0,0.0,0.0,0.0,0.0,0.0,0.0,0.0,0.0,0.0,0.0,0.0,0.0,0.0,0.0,0.0,0.0,0.0,0.0,0.0,
2/2/2026,2023.0,20240356.0,43771.0,32109.0,"ONEOK NGL PIPELINE, LLC",Natural Gas,INTRASTATE,KANSAS,0.0,0.0,0.0,0.0,0.0,0.0,0.0,0.0,0.0,0.0,0.0,0.0,0.0,0.0,0.0,0.0,0.0,0.0,0.0,0.0,0.0,
2/2/2026,2023.0,20240356.0,43771.0,32109.0,"ONEOK NGL PIPELINE, LLC",Natural Gas,INTRASTATE,TEXAS,0.0,0.0,0.0,0.0,0.0,0.0,0.0,0.71,0.71,0.0,0.0,0.0,0.0,0.0,0.0,0.0,0.0,0.0,0.0,0.71,0.71,
2/2/2026,2023.0,20240891.0,44091.0,32134.0,PATRIOTS ENERGY GROUP,Natural Gas,INTRASTATE,SOUTH CAROLINA,0.0,0.26,0.26,0.0,0.0,0.0,0.0,0.0,0.0,0.0,0.0,0.0,0.0,0.0,0.0,0.0,0.0,0.0,0.0,0.26,0.26,
2/2/2026,2023.0,20240942.0,44144.0,32144.0,COOS COUNTY PIPELINE,Natural Gas,INTRASTATE,OREGON,0.0,0.0,0.0,1.0,2.9,3.9,0.0,0.0,0.0,0.0,0.0,0.0,0.0,0.0,0.0,0.0,0.0,0.0,1.0,2.9,3.9,
2/2/2026,2023.0,20240033.0,43194.0,32145.0,BASIN ELECTRIC POWER COOPERATIVE,Natural Gas,INTRASTATE,SOUTH DAKOTA,0.0,0.0,0.0,0.0,0.0,0.0,0.0,0.0,0.0,0.0,0.0,0.0,0.0,0.0,0.0,0.0,0.0,0.0,0.0,0.0,0.0,
2/2/2026,2023.0,20240250.0,46483.0,32147.0,MARATHON PIPE LINE LLC,Natural Gas,INTRASTATE,CALIFORNIA,0.0,0.0,0.0,18.8,0.0,18.8,0.0,0.0,0.0,0.0,0.0,0.0,0.0,0.0,0.0,0.0,0.0,0.0,18.8,0.0,18.8,
2/2/2026,2023.0,20240251.0,46506.0,32147.0,MARATHON PIPE LINE LLC,Other Gas-Off Gas,INTRASTATE,CALIFORNIA,0.0,0.0,0.0,0.0,0.0,0.0,0.0,0.0,0.0,0.0,0.0,0.0,0.0,0.0,0.0,0.0,0.0,0.0,0.0,0.0,0.0,
2/2/2026,2023.0,20241149.0,44361.0,32163.0,ROCKIES EXPRESS PIPELINE LLC,Natural Gas,INTERSTATE,COLORADO,0.0,0.0,0.0,0.0,0.0,0.0,0.0,0.0,0.0,0.0,0.0,0.0,0.0,0.0,0.0,0.0,0.0,0.0,0.0,0.0,0.0,
2/2/2026,2023.0,20241149.0,44361.0,32163.0,ROCKIES EXPRESS PIPELINE LLC,Natural Gas,INTERSTATE,ILLINOIS,0.0,0.0,0.0,0.0,0.0,0.0,0.0,6.06,6.06,0.0,0.0,0.0,0.0,0.0,0.0,0.0,0.0,0.0,0.0,6.06,6.06,
2/2/2026,2023.0,20241149.0,44361.0,32163.0,ROCKIES EXPRESS PIPELINE LLC,Natural Gas,INTERSTATE,INDIANA,0.0,0.0,0.0,0.0,0.0,0.0,0.0,9.24,9.24,0.0,0.0,0.0,0.0,0.0,0.0,0.0,0.0,0.0,0.0,9.24,9.24,
2/2/2026,2023.0,20241149.0,44361.0,32163.0,ROCKIES EXPRESS PIPELINE LLC,Natural Gas,INTERSTATE,KANSAS,0.0,0.0,0.0,0.0,0.0,0.0,0.0,0.623,0.623,0.0,0.0,0.0,0.0,0.0,0.0,0.0,0.0,0.0,0.0,0.623,0.623,
2/2/2026,2023.0,20241149.0,44361.0,32163.0,ROCKIES EXPRESS PIPELINE LLC,Natural Gas,INTERSTATE,MISSOURI,0.0,0.0,0.0,0.0,0.0,0.0,0.0,5.9,5.9,0.0,0.0,0.0,0.0,0.0,0.0,0.0,0.0,0.0,0.0,5.9,5.9,
2/2/2026,2023.0,20241149.0,44361.0,32163.0,ROCKIES EXPRESS PIPELINE LLC,Natural Gas,INTERSTATE,NEBRASKA,0.0,0.0,0.0,0.0,0.0,0.0,0.0,2.82,2.82,0.0,0.0,0.0,0.0,0.0,0.0,0.0,0.0,0.0,0.0,2.82,2.82,
2/2/2026,2023.0,20241149.0,44361.0,32163.0,ROCKIES EXPRESS PIPELINE LLC,Natural Gas,INTERSTATE,OHIO,0.0,0.0,0.0,0.0,0.0,0.0,0.0,34.23,34.23,0.0,0.0,0.0,0.0,0.0,0.0,0.0,0.0,0.0,0.0,34.23,34.23,
2/2/2026,2023.0,20241149.0,44361.0,32163.0,ROCKIES EXPRESS PIPELINE LLC,Natural Gas,INTERSTATE,WYOMING,0.0,0.0,0.0,0.0,0.0,0.0,0.0,3.02,3.02,0.0,0.0,0.0,0.0,0.0,0.0,0.0,0.0,0.0,0.0,3.02,3.02,
2/2/2026,2023.0,20240279.0,43460.0,32164.0,MARSHALL MUNICIPAL UTILITIES,Natural Gas,INTRASTATE,MISSOURI,0.0,0.0,0.0,0.0,0.0,0.0,0.0,0.0,0.0,0.0,0.0,0.0,0.0,0.0,0.0,0.0,0.0,0.0,0.0,0.0,0.0,
2/2/2026,2023.0,20240936.0,44138.0,32171.0,EMPIRE PIPELINE CORPORATION,Natural Gas,INTRASTATE,TEXAS,0.0,0.0,0.0,0.0,0.0,0.0,0.0,0.0,0.0,0.0,0.0,0.0,0.0,0.0,0.0,0.0,0.0,0.0,0.0,0.0,0.0,
2/2/2026,2023.0,20241299.0,44523.0,32172.0,GERDAU MACSTEEL,Natural Gas,INTRASTATE,ARKANSAS,0.0,0.0,0.0,0.0,0.2,0.2,0.0,0.0,0.0,0.0,0.0,0.0,0.0,0.0,0.0,0.0,0.0,0.0,0.0,0.2,0.2,
2/2/2026,2023.0,20241191.0,44406.0,32176.0,CARDINAL FG,Natural Gas,INTRASTATE,WASHINGTON,0.0,0.0,0.0,0.0,0.0,0.0,0.0,0.0,0.0,0.0,0.0,0.0,0.0,0.0,0.0,0.0,0.0,0.0,0.0,0.0,0.0,
2/2/2026,2023.0,20240729.0,43929.0,32178.0,CALIFORNIA RESOURCES CENTRAL VALLEY,Natural Gas,INTRASTATE,CALIFORNIA,0.0,6.36,6.36,0.0,0.0,0.0,0.0,0.0,0.0,0.0,0.0,0.0,0.0,0.0,0.0,0.0,0.0,0.0,0.0,6.36,6.36,
2/2/2026,2023.0,20240013.0,43171.0,32183.0,"MOAB PIPELINE, LLC",Natural Gas,INTRASTATE,UTAH,0.0,0.0,0.0,0.0,0.0,0.0,0.0,0.0,0.0,0.0,0.0,0.0,0.0,0.0,0.0,0.0,0.0,0.0,0.0,0.0,0.0,
2/2/2026,2023.0,20240194.0,43371.0,32189.0,"HUGHES GAS SYSTEM, LLC",Natural Gas,INTRASTATE,OKLAHOMA,0.0,0.0,0.0,0.0,0.0,0.0,0.0,0.0,0.0,0.0,0.0,0.0,0.0,0.0,0.0,0.0,0.0,0.0,0.0,0.0,0.0,
2/2/2026,2023.0,20241394.0,44700.0,32190.0,CARDINAL FG-GREENLAND PLANT,Natural Gas,INTRASTATE,TENNESSEE,0.0,0.0,0.0,0.0,0.0,0.0,0.0,0.0,0.0,0.0,0.0,0.0,0.0,0.0,0.0,0.0,0.0,0.0,0.0,0.0,0.0,
2/2/2026,2023.0,20241324.0,44549.0,32198.0,MINNESOTA ENERGY RESOURCES CORPORATION,Natural Gas,INTRASTATE,MINNESOTA,0.0,0.0,0.0,0.0,0.0,0.0,0.0,0.0,0.0,0.0,0.0,0.0,0.0,0.0,0.0,0.0,0.0,0.0,0.0,0.0,0.0,
2/2/2026,2023.0,20240564.0,44644.0,32206.0,"FREEPORT LNG DEVELOPMENT, L.P.",Natural Gas,INTERSTATE,TEXAS,0.0,1.39,1.39,0.0,0.0,0.0,0.0,0.0,0.0,0.0,0.0,0.0,0.0,0.0,0.0,0.0,0.0,0.0,0.0,1.39,1.39,
2/2/2026,2023.0,20240564.0,44644.0,32206.0,"FREEPORT LNG DEVELOPMENT, L.P.",Natural Gas,INTRASTATE,TEXAS,0.0,0.48,0.48,0.0,0.0,0.0,0.0,0.0,0.0,0.0,0.0,0.0,0.0,0.0,0.0,0.0,0.0,0.0,0.0,0.48,0.48,
2/2/2026,2023.0,20240285.0,45095.0,32212.0,VALERO REFINING COMPANY-OKLAHOMA,Natural Gas,INTRASTATE,OKLAHOMA,0.0,1.56,1.56,0.0,0.0,0.0,0.0,0.0,0.0,0.0,0.0,0.0,0.0,0.0,0.0,0.0,0.0,0.0,0.0,1.56,1.56,
2/2/2026,2023.0,20240017.0,44632.0,32217.0,ELWOOD ENERGY LLC,Natural Gas,INTRASTATE,ILLINOIS,0.0,0.0,0.0,0.0,0.65,0.65,0.0,0.0,0.0,0.0,0.0,0.0,0.0,0.0,0.0,0.0,0.0,0.0,0.0,0.65,0.65,
2/2/2026,2023.0,20240725.0,44665.0,32231.0,"MONUMENT PIPELINE, LP",Natural Gas,INTRASTATE,TEXAS,0.0,0.0,0.0,0.0,45.71,45.71,0.0,0.0,0.0,0.0,0.0,0.0,0.0,0.0,0.0,0.0,0.0,0.0,0.0,45.71,45.71,
2/2/2026,2023.0,20241053.0,44261.0,32233.0,"BESCO OPERATING, L.P.",Natural Gas,INTRASTATE,TEXAS,0.0,0.0,0.0,0.0,0.0,0.0,0.0,0.0,0.0,0.0,0.0,0.0,0.0,0.0,0.0,0.0,0.0,0.0,0.0,0.0,0.0,
2/2/2026,2023.0,20240731.0,43931.0,32237.0,"STERLING ETHANOL, LLC",Natural Gas,INTRASTATE,COLORADO,0.0,0.0,0.0,0.0,0.0,0.0,0.0,0.0,0.0,0.0,0.0,0.0,0.0,0.0,0.0,0.0,0.0,0.0,0.0,0.0,0.0,
2/2/2026,2023.0,20241221.0,44438.0,32238.0,"LAMB WESTON, INC.",Natural Gas,INTRASTATE,OREGON,0.0,0.0,0.0,0.0,0.0,0.0,0.0,0.0,0.0,0.0,0.0,0.0,0.0,0.0,0.0,0.0,0.0,0.0,0.0,0.0,0.0,
2/2/2026,2023.0,20240294.0,43475.0,32240.0,MADILL GAS PROCESSING,Natural Gas,INTRASTATE,OKLAHOMA,0.0,0.0,0.0,0.0,0.0,0.0,0.0,0.0,0.0,0.0,0.0,0.0,0.0,0.0,0.0,0.0,0.0,0.0,0.0,0.0,0.0,
2/2/2026,2023.0,20240407.0,43594.0,32249.0,"BLUEWATER GAS STORAGE, LLC",Natural Gas,INTERSTATE,MICHIGAN,0.0,0.0,0.0,8.726,0.0,8.726,0.0,0.0,0.0,0.0,0.0,0.0,0.0,0.0,0.0,0.0,0.0,0.0,8.726,0.0,8.726,
2/2/2026,2023.0,20241024.0,44232.0,32257.0,MERIDIAN BRICK,Natural Gas,INTRASTATE,INDIANA,0.0,0.0,0.0,0.0,0.0,0.0,0.0,0.0,0.0,0.0,0.0,0.0,0.0,0.0,0.0,0.0,0.0,0.0,0.0,0.0,0.0,
2/2/2026,2023.0,20241024.0,44232.0,32257.0,MERIDIAN BRICK,Natural Gas,INTRASTATE,OKLAHOMA,0.0,0.0,0.0,0.0,0.0,0.0,0.0,0.0,0.0,0.0,0.0,0.0,0.0,0.0,0.0,0.0,0.0,0.0,0.0,0.0,0.0,
2/2/2026,2023.0,20240019.0,43177.0,32259.0,OWENS-ILLINOIS,Natural Gas,INTRASTATE,INDIANA,0.0,0.0,0.0,0.0,0.72,0.72,0.0,0.0,0.0,0.0,0.0,0.0,0.0,0.0,0.0,0.0,0.0,0.0,0.0,0.72,0.72,
2/2/2026,2023.0,20240132.0,43303.0,32261.0,"APC , INC",Natural Gas,INTRASTATE,KANSAS,0.0,0.0,0.0,0.0,0.0,0.0,0.0,0.0,0.0,0.0,0.0,0.0,0.0,0.0,0.0,0.0,0.0,0.0,0.0,0.0,0.0,
2/2/2026,2023.0,20241139.0,44351.0,32262.0,PINE PRAIRIE ENERGY CENTER LLC,Natural Gas,INTERSTATE,LOUISIANA,0.0,0.0,0.0,0.0,0.0,0.0,0.0,0.0,0.0,0.0,0.0,0.0,0.0,0.0,0.0,0.0,0.0,0.0,0.0,0.0,0.0,
2/2/2026,2023.0,20240766.0,43966.0,32264.0,"CHENIERE CREOLE TRAIL PIPELINE, L.P.",Natural Gas,INTERSTATE,LOUISIANA,0.0,0.0,0.0,0.0,10.59,10.59,0.0,0.0,0.0,0.0,0.0,0.0,0.0,0.0,0.0,0.0,0.0,0.0,0.0,10.59,10.59,
2/2/2026,2023.0,20240277.0,43458.0,32265.0,"DOGWOOD ENERGY, LLC",Natural Gas,INTRASTATE,MISSOURI,0.0,0.0,0.0,0.0,0.0,0.0,0.0,0.0,0.0,0.0,0.0,0.0,0.0,0.0,0.0,0.0,0.0,0.0,0.0,0.0,0.0,
2/2/2026,2023.0,20241213.0,44790.0,32279.0,"VINTON PIPELINE, LLC",Natural Gas,INTRASTATE,TEXAS,0.0,0.43,0.43,0.0,0.0,0.0,0.0,0.0,0.0,0.0,0.0,0.0,0.0,0.0,0.0,0.0,0.0,0.0,0.0,0.43,0.43,
2/2/2026,2023.0,20240014.0,43172.0,32280.0,LINCOLN GENERATING FACILITY LLC,Natural Gas,INTRASTATE,ILLINOIS,0.0,0.0,0.0,0.0,0.0,0.0,0.0,0.0,0.0,0.0,0.0,0.0,0.0,0.0,0.0,0.0,0.0,0.0,0.0,0.0,0.0,
2/2/2026,2023.0,20240085.0,43253.0,32282.0,JO-CARROLL ENERGY,Natural Gas,INTRASTATE,ILLINOIS,0.0,0.0,0.0,0.0,0.0,0.0,0.0,0.0,0.0,0.0,0.0,0.0,0.0,0.0,0.0,0.0,0.0,0.0,0.0,0.0,0.0,
2/2/2026,2023.0,20240772.0,43972.0,32285.0,"WORSHAM-STEED GAS STORAGE, LLC",Natural Gas,INTRASTATE,TEXAS,0.0,0.0,0.0,0.0,0.0,0.0,0.0,1.75,1.75,0.0,0.0,0.0,0.0,0.0,0.0,0.0,0.0,0.0,0.0,1.75,1.75,
2/2/2026,2023.0,20240864.0,44064.0,32286.0,PECAN PIPELINE COMPANY,Natural Gas,INTRASTATE,TEXAS,0.0,0.0,0.0,0.0,0.0,0.0,0.0,0.0,0.0,0.0,0.0,0.0,0.0,0.0,0.0,0.0,0.0,0.0,0.0,0.0,0.0,
2/2/2026,2023.0,20240129.0,44643.0,32287.0,CITY OF GARDNER,Natural Gas,INTRASTATE,KANSAS,0.0,0.0,0.0,0.0,0.1,0.1,0.0,0.0,0.0,0.0,0.0,0.0,0.0,0.0,0.0,0.0,0.0,0.0,0.0,0.1,0.1,
2/2/2026,2023.0,20240042.0,43204.0,32290.0,POET BIOREFINING - JEWELL,Natural Gas,INTRASTATE,IOWA,0.0,0.0,0.0,0.0,0.0,0.0,0.0,0.0,0.0,0.0,0.0,0.0,0.0,0.0,0.0,0.0,0.0,0.0,0.0,0.0,0.0,
2/2/2026,2023.0,20241470.0,44957.0,32292.0,RED CEDAR GATHERING COMPANY,Natural Gas,INTRASTATE,COLORADO,0.0,0.0,0.0,0.0,0.0,0.0,0.0,0.0,0.0,0.0,0.0,0.0,0.0,0.0,0.0,0.0,0.0,0.0,0.0,0.0,0.0,
2/2/2026,2023.0,20240041.0,43203.0,32294.0,AG PROCESSING INC A COOPERATIVE,Natural Gas,INTRASTATE,IOWA,0.0,0.0,0.0,0.0,0.0,0.0,0.0,0.0,0.0,0.0,0.0,0.0,0.0,0.0,0.0,0.0,0.0,0.0,0.0,0.0,0.0,
2/2/2026,2023.0,20240862.0,44697.0,32296.0,TARGA RESOURCES OPERATING LLC,Natural Gas,INTERSTATE,LOUISIANA,0.0,0.0,0.0,0.0,0.0,0.0,0.0,0.0,0.0,0.0,0.0,0.0,0.0,0.0,0.0,0.0,0.0,0.0,0.0,0.0,0.0,
2/2/2026,2023.0,20240862.0,44697.0,32296.0,TARGA RESOURCES OPERATING LLC,Natural Gas,INTRASTATE,LOUISIANA,0.0,0.0,0.0,0.0,0.0,0.0,0.0,2.47,2.47,0.0,0.0,0.0,0.0,0.0,0.0,0.0,0.0,0.0,0.0,2.47,2.47,
2/2/2026,2023.0,20240862.0,44697.0,32296.0,TARGA RESOURCES OPERATING LLC,Natural Gas,INTRASTATE,NEW MEXICO,0.0,0.0,0.0,0.0,0.0,0.0,0.0,0.0,0.0,0.0,0.0,0.0,0.0,0.0,0.0,0.0,0.0,0.0,0.0,0.0,0.0,
2/2/2026,2023.0,20240862.0,44697.0,32296.0,TARGA RESOURCES OPERATING LLC,Natural Gas,INTRASTATE,NORTH DAKOTA,0.0,0.0,0.0,0.0,0.0,0.0,0.0,0.0,0.0,0.0,0.0,0.0,0.0,0.0,0.0,0.0,0.0,0.0,0.0,0.0,0.0,
2/2/2026,2023.0,20240862.0,44697.0,32296.0,TARGA RESOURCES OPERATING LLC,Natural Gas,INTRASTATE,TEXAS,0.0,0.0,0.0,0.0,0.0,0.0,0.0,0.0,0.0,0.0,0.0,0.0,0.0,0.0,0.0,0.0,0.0,0.0,0.0,0.0,0.0,
2/2/2026,2023.0,20240140.0,43311.0,32300.0,"LITTLE SIOUX CORN PROCESSORS, LLLP",Natural Gas,INTRASTATE,IOWA,0.0,0.0,0.0,0.0,0.0,0.0,0.0,0.0,0.0,0.0,0.0,0.0,0.0,0.0,0.0,0.0,0.0,0.0,0.0,0.0,0.0,
2/2/2026,2023.0,20240049.0,43211.0,32301.0,PIONEER AMERICAS LLC DOING BUSINESS AS OLIN CHLOR ALKALI PRODUCTS,Hydrogen Gas,INTRASTATE,LOUISIANA,0.0,0.0,0.0,0.0,0.0,0.0,0.0,0.0,0.0,0.0,0.0,0.0,0.0,0.0,0.0,0.0,0.0,0.0,0.0,0.0,0.0,
2/2/2026,2023.0,20241226.0,44731.0,32304.0,CITY OF REDDING,Natural Gas,INTRASTATE,CALIFORNIA,0.0,0.0,0.0,0.0,0.68,0.68,0.0,0.0,0.0,0.0,0.0,0.0,0.0,0.0,0.0,0.0,0.0,0.0,0.0,0.68,0.68,
2/2/2026,2023.0,20241313.0,44735.0,32308.0,NORTHERN CALIFORNIA POWER AGENCY,Natural Gas,INTRASTATE,CALIFORNIA,0.0,0.0,0.0,0.0,0.55,0.55,0.0,0.0,0.0,0.0,0.0,0.0,0.0,0.0,0.0,0.0,0.0,0.0,0.0,0.55,0.55,
2/2/2026,2023.0,20240994.0,46969.0,32309.0,"QUALITY NATURAL GAS, LLC",Natural Gas,INTRASTATE,WEST VIRGINIA,0.0,0.0,0.0,0.0,0.0,0.0,0.0,0.0,0.0,0.0,0.0,0.0,0.0,0.0,0.0,0.0,0.0,0.0,0.0,0.0,0.0,
2/2/2026,2023.0,20240147.0,44382.0,32312.0,"REPSOL OIL & GAS USA, LLC",Natural Gas,INTRASTATE,NEW YORK,0.0,0.0,0.0,0.0,0.0,0.0,0.0,0.0,0.0,0.0,0.0,0.0,0.0,0.0,0.0,0.0,0.0,0.0,0.0,0.0,0.0,
2/2/2026,2023.0,20240147.0,44382.0,32312.0,"REPSOL OIL & GAS USA, LLC",Natural Gas,INTRASTATE,PENNSYLVANIA,0.0,0.0,0.0,0.0,0.0,0.0,0.0,0.0,0.0,0.0,0.0,0.0,0.0,0.0,0.0,0.0,0.0,0.0,0.0,0.0,0.0,
2/2/2026,2023.0,20240147.0,44382.0,32312.0,"REPSOL OIL & GAS USA, LLC",Natural Gas,INTRASTATE,TEXAS,0.0,0.0,0.0,0.0,0.0,0.0,0.0,0.0,0.0,0.0,0.0,0.0,0.0,0.0,0.0,0.0,0.0,0.0,0.0,0.0,0.0,
2/2/2026,2023.0,20240503.0,43691.0,32314.0,"WTG-HUGOTON, LP",Natural Gas,INTERSTATE,KANSAS,0.0,0.0,0.0,0.0,0.0,0.0,0.0,0.0,0.0,0.0,0.0,0.0,0.0,0.0,0.0,0.0,0.0,0.0,0.0,0.0,0.0,
2/2/2026,2023.0,20241106.0,44316.0,32315.0,"GREATER MINNESOTA TRANSMISSION, LLC",Natural Gas,INTRASTATE,MINNESOTA,0.0,0.0,0.0,0.0,0.0,0.0,0.0,0.0,0.0,0.0,0.0,0.0,0.0,0.0,0.0,0.0,0.0,0.0,0.0,0.0,0.0,
2/2/2026,2023.0,20240857.0,44057.0,32317.0,ACME BRICK,Natural Gas,INTRASTATE,ALABAMA,0.0,0.0,0.0,0.0,0.0,0.0,0.0,0.0,0.0,0.0,0.0,0.0,0.0,0.0,0.0,0.0,0.0,0.0,0.0,0.0,0.0,
2/2/2026,2023.0,20240645.0,43840.0,32325.0,"TORO ENERGY OF MISSISSIPPI, LLC",Landfill Gas,INTRASTATE,MISSISSIPPI,0.0,0.0,0.0,0.0,0.0,0.0,0.0,0.0,0.0,0.0,0.0,0.0,0.0,0.0,0.0,0.0,0.0,0.0,0.0,0.0,0.0,
2/2/2026,2023.0,20240380.0,43566.0,32327.0,TEXAS PIPELINE LLC,Natural Gas,INTRASTATE,TEXAS,0.0,0.0,0.0,0.0,0.0,0.0,0.0,0.0,0.0,0.0,0.0,0.0,0.0,0.0,0.0,0.0,0.0,0.0,0.0,0.0,0.0,
2/2/2026,2023.0,20240546.0,44724.0,32333.0,"QUAIL RUN ENERGY PARTNERS, LP",Natural Gas,INTRASTATE,TEXAS,0.0,0.0,0.0,0.0,0.2,0.2,0.0,0.0,0.0,0.0,0.0,0.0,0.0,0.0,0.0,0.0,0.0,0.0,0.0,0.2,0.2,
2/2/2026,2023.0,20240141.0,45091.0,32338.0,"PAL ENERGY, LLC",Natural Gas,INTRASTATE,OKLAHOMA,0.0,0.0,0.0,0.0,0.0,0.0,0.0,0.0,0.0,0.0,0.0,0.0,0.0,0.0,0.0,0.0,0.0,0.0,0.0,0.0,0.0,
2/2/2026,2023.0,20240459.0,43646.0,32341.0,"SOUTHEAST SUPPLY HEADER, LLC",Natural Gas,INTERSTATE,ALABAMA,0.0,0.0,0.0,0.0,3.37,3.37,0.0,0.0,0.0,0.0,0.0,0.0,0.0,0.0,0.0,0.0,0.0,0.0,0.0,3.37,3.37,
2/2/2026,2023.0,20240459.0,43646.0,32341.0,"SOUTHEAST SUPPLY HEADER, LLC",Natural Gas,INTERSTATE,LOUISIANA,0.0,0.0,0.0,0.0,0.0,0.0,0.0,0.0,0.0,0.0,0.0,0.0,0.0,0.0,0.0,0.0,0.0,0.0,0.0,0.0,0.0,
2/2/2026,2023.0,20240459.0,43646.0,32341.0,"SOUTHEAST SUPPLY HEADER, LLC",Natural Gas,INTERSTATE,MISSISSIPPI,0.0,0.0,0.0,0.0,3.1,3.1,0.0,0.0,0.0,0.0,0.0,0.0,0.0,0.0,0.0,0.0,0.0,0.0,0.0,3.1,3.1,
2/2/2026,2023.0,20240278.0,43459.0,32342.0,MID MISSOURI ENERGY,Natural Gas,INTRASTATE,MISSOURI,0.0,0.0,0.0,0.0,0.0,0.0,0.0,0.0,0.0,0.0,0.0,0.0,0.0,0.0,0.0,0.0,0.0,0.0,0.0,0.0,0.0,
2/2/2026,2023.0,20240281.0,43462.0,32343.0,"SHOW ME ETHANOL, LLC",Natural Gas,INTRASTATE,MISSOURI,0.0,0.0,0.0,0.0,0.0,0.0,0.0,0.0,0.0,0.0,0.0,0.0,0.0,0.0,0.0,0.0,0.0,0.0,0.0,0.0,0.0,
2/2/2026,2023.0,20240050.0,43212.0,32344.0,PARAMONT ENERGY LC,Natural Gas,INTRASTATE,VIRGINIA,0.0,0.0,0.0,0.0,0.0,0.0,0.0,0.0,0.0,0.0,0.0,0.0,0.0,0.0,0.0,0.0,0.0,0.0,0.0,0.0,0.0,
2/2/2026,2023.0,20240771.0,43971.0,32345.0,CAMERON INTERSTATE PIPELINE,Natural Gas,INTERSTATE,LOUISIANA,0.0,0.0,0.0,9.41,0.0,9.41,0.0,0.0,0.0,0.0,0.0,0.0,0.0,0.0,0.0,0.0,0.0,0.0,9.41,0.0,9.41,
2/2/2026,2023.0,20240980.0,44182.0,32349.0,"COLORADO BEND 1 POWER, LLC",Natural Gas,INTRASTATE,TEXAS,0.0,0.0,0.0,0.0,0.0,0.0,0.0,0.0,0.0,0.0,0.0,0.0,0.0,0.0,0.0,0.0,0.0,0.0,0.0,0.0,0.0,
2/2/2026,2023.0,20240616.0,43810.0,32350.0,ABSOLUTE ENERGY L.L.C.,Natural Gas,INTRASTATE,IOWA,0.0,0.0,0.0,0.0,0.0,0.0,0.0,0.0,0.0,0.0,0.0,0.0,0.0,0.0,0.0,0.0,0.0,0.0,0.0,0.0,0.0,
2/2/2026,2023.0,20240873.0,44073.0,32352.0,"MAGNOLIA GAS GATHERING, LLC",Natural Gas,INTRASTATE,TEXAS,0.0,0.0,0.0,0.0,0.0,0.0,0.0,0.0,0.0,0.0,0.0,0.0,0.0,0.0,0.0,0.0,0.0,0.0,0.0,0.0,0.0,
2/2/2026,2023.0,20240154.0,43328.0,32353.0,HOLCIM (US) INC.,Natural Gas,INTRASTATE,OKLAHOMA,0.0,0.0,0.0,0.0,0.0,0.0,0.0,0.0,0.0,0.0,0.0,0.0,0.0,0.0,0.0,0.0,0.0,0.0,0.0,0.0,0.0,
2/2/2026,2023.0,20240714.0,44684.0,32354.0,"DFW MIDSTREAM SERVICES, LLC",Natural Gas,INTRASTATE,TEXAS,0.0,0.0,0.0,13.96,0.0,13.96,0.0,0.0,0.0,0.0,0.0,0.0,0.0,0.0,0.0,0.0,0.0,0.0,13.96,0.0,13.96,
2/2/2026,2023.0,20240320.0,43504.0,32357.0,SIOUX FALLS REGIONAL SANITARY LANDFILL,Landfill Gas,INTRASTATE,SOUTH DAKOTA,0.0,0.0,0.0,0.0,0.0,0.0,0.0,0.0,0.0,0.0,0.0,0.0,0.0,0.0,0.0,0.0,0.0,0.0,0.0,0.0,0.0,
2/2/2026,2023.0,20240190.0,43367.0,32359.0,LINCOLN ELECTRIC SYSTEM,Landfill Gas,INTRASTATE,NEBRASKA,0.0,0.0,0.0,0.0,0.0,0.0,0.0,0.0,0.0,0.0,0.0,0.0,0.0,0.0,0.0,0.0,0.0,0.0,0.0,0.0,0.0,0
2/2/2026,2023.0,20240688.0,43883.0,32359.0,LINCOLN ELECTRIC SYSTEM,Natural Gas,INTRASTATE,NEBRASKA,0.0,0.0,0.0,0.0,0.0,0.0,0.0,0.0,0.0,0.0,0.0,0.0,0.0,0.0,0.0,0.0,0.0,0.0,0.0,0.0,0.0,
2/2/2026,2023.0,20240213.0,43770.0,32363.0,MID-CONTINENT MARKET CENTER,Natural Gas,INTRASTATE,KANSAS,0.0,0.0,0.0,0.0,0.0,0.0,0.0,3.46,3.46,0.0,0.0,0.0,0.0,0.0,0.0,0.0,0.0,0.0,0.0,3.46,3.46,
2/2/2026,2023.0,20241127.0,44339.0,32364.0,"VALERO REFINING-NEW ORLEANS, L.L.C.",Hydrogen Gas,INTRASTATE,LOUISIANA,0.0,0.0,0.0,0.0,0.0,0.0,0.0,0.0,0.0,0.0,0.0,0.0,0.0,0.0,0.0,0.0,0.0,0.0,0.0,0.0,0.0,
2/2/2026,2023.0,20241125.0,44653.0,32364.0,"VALERO REFINING-NEW ORLEANS, L.L.C.",Natural Gas,INTRASTATE,LOUISIANA,0.0,0.0,0.0,0.11,0.0,0.11,0.0,0.0,0.0,0.0,0.0,0.0,0.0,0.0,0.0,0.0,0.0,0.0,0.11,0.0,0.11,
2/2/2026,2023.0,20240268.0,43449.0,32373.0,"PLYMOUTH ENERGY, LLC",Natural Gas,INTRASTATE,IOWA,0.0,0.0,0.0,0.0,0.0,0.0,0.0,0.0,0.0,0.0,0.0,0.0,0.0,0.0,0.0,0.0,0.0,0.0,0.0,0.0,0.0,
2/2/2026,2023.0,20241137.0,44349.0,32374.0,"MONROE GAS STORAGE COMPANY, LLC",Natural Gas,INTERSTATE,ALABAMA,0.0,0.0,0.0,0.0,0.0,0.0,0.0,0.0,0.0,0.0,0.0,0.0,0.0,0.0,0.0,0.0,0.0,0.0,0.0,0.0,0.0,
2/2/2026,2023.0,20241137.0,44349.0,32374.0,"MONROE GAS STORAGE COMPANY, LLC",Natural Gas,INTERSTATE,MISSISSIPPI,0.0,0.0,0.0,0.0,0.0,0.0,0.0,0.0,0.0,0.0,0.0,0.0,0.0,0.0,0.0,0.0,0.0,0.0,0.0,0.0,0.0,
2/2/2026,2023.0,20241146.0,44358.0,32375.0,"SG RESOURCES MISSISSIPPI, LLC",Natural Gas,INTERSTATE,ALABAMA,0.0,0.0,0.0,0.0,0.0,0.0,0.0,0.0,0.0,0.0,0.0,0.0,0.0,0.0,0.0,0.0,0.0,0.0,0.0,0.0,0.0,
2/2/2026,2023.0,20241146.0,44358.0,32375.0,"SG RESOURCES MISSISSIPPI, LLC",Natural Gas,INTERSTATE,MISSISSIPPI,0.0,0.0,0.0,0.0,0.0,0.0,0.0,0.0,0.0,0.0,0.0,0.0,0.0,0.0,0.0,0.0,0.0,0.0,0.0,0.0,0.0,
2/2/2026,2023.0,20240929.0,44131.0,32378.0,ALLIANCE ENERGY TRANSMISSION LLC.,Natural Gas,INTRASTATE,NEW YORK,0.0,0.56,0.56,0.0,0.0,0.0,0.0,0.0,0.0,0.0,0.0,0.0,0.0,0.0,0.0,0.0,0.0,0.0,0.0,0.56,0.56,
2/2/2026,2023.0,20240939.0,44141.0,32381.0,GREEN PLAINS FAIRMONT LLC-NW GAS CONTRACTED,Natural Gas,INTRASTATE,MINNESOTA,0.0,0.0,0.0,0.0,0.0,0.0,0.0,0.0,0.0,0.0,0.0,0.0,0.0,0.0,0.0,0.0,0.0,0.0,0.0,0.0,0.0,
2/2/2026,2023.0,20240490.0,43678.0,32383.0,"HORIZON PRODUCTION AND OPERATING, LLC",Natural Gas,INTRASTATE,TEXAS,0.0,0.0,0.0,0.0,0.0,0.0,0.0,0.0,0.0,0.0,0.0,0.0,0.0,0.0,0.0,0.0,0.0,0.0,0.0,0.0,0.0,
2/2/2026,2023.0,20241379.0,44611.0,32384.0,DALTON-WHITFIELD REGIONAL SOLID WASTE MANAGMENT AUTHORITY,Landfill Gas,INTRASTATE,GEORGIA,0.0,0.0,0.0,0.0,0.0,0.0,0.0,0.0,0.0,0.0,0.0,0.0,0.0,0.0,0.0,0.0,0.0,0.0,0.0,0.0,0.0,
2/2/2026,2023.0,20240653.0,44672.0,32389.0,CENTAURI TECHNOLOGIES LLC,"Other Gas-CO, H2, N2",INTRASTATE,TEXAS,0.0,0.0,0.0,0.0,0.0,0.0,0.0,0.0,0.0,0.0,0.0,0.0,0.0,0.0,0.0,0.0,0.0,0.0,0.0,0.0,0.0,
2/2/2026,2023.0,20240933.0,44135.0,32391.0,NRG TEXAS POWER LLC,Natural Gas,INTRASTATE,TEXAS,0.0,0.0,0.0,0.0,0.0,0.0,0.0,0.0,0.0,0.0,0.0,0.0,0.0,0.0,0.0,0.0,0.0,0.0,0.0,0.0,0.0,
2/2/2026,2023.0,20241247.0,44466.0,32393.0,"FREEBIRD GAS STORAGE, LLC",Natural Gas,INTERSTATE,ALABAMA,0.0,0.0,0.0,0.0,0.0,0.0,0.0,0.0,0.0,0.0,0.0,0.0,0.0,0.0,0.0,0.0,0.0,0.0,0.0,0.0,0.0,
2/2/2026,2023.0,20241207.0,44423.0,32394.0,"CALEDONIA ENERGY PARTNERS, LLC",Natural Gas,INTERSTATE,MISSISSIPPI,0.0,0.0,0.0,0.0,0.0,0.0,0.0,0.0,0.0,0.0,0.0,0.0,0.0,0.0,0.0,0.0,0.0,0.0,0.0,0.0,0.0,
2/2/2026,2023.0,20240145.0,43316.0,32399.0,"SOLVAY CHEMICALS, INC.",Hydrogen Gas,INTRASTATE,WASHINGTON,0.0,0.0,0.0,0.0,0.0,0.0,0.0,0.0,0.0,0.0,0.0,0.0,0.0,0.0,0.0,0.0,0.0,0.0,0.0,0.0,0.0,
2/2/2026,2023.0,20240280.0,43461.0,32402.0,LOUIS DREYFUS COMPANY,Natural Gas,INTRASTATE,IOWA,0.0,0.0,0.0,0.0,0.0,0.0,0.0,0.0,0.0,0.0,0.0,0.0,0.0,0.0,0.0,0.0,0.0,0.0,0.0,0.0,0.0,
2/2/2026,2023.0,20240326.0,44794.0,32403.0,"ARCHAEA ENERGY OPERATING, LLC",Natural Gas,INTRASTATE,KANSAS,0.0,0.0,0.0,0.0,0.0,0.0,0.0,0.0,0.0,0.0,0.0,0.0,0.0,0.0,0.0,0.0,0.0,0.0,0.0,0.0,0.0,
2/2/2026,2023.0,20240326.0,44794.0,32403.0,"ARCHAEA ENERGY OPERATING, LLC",Natural Gas,INTRASTATE,OKLAHOMA,0.0,0.0,0.0,0.0,0.0,0.0,2.13,0.0,2.13,0.0,0.0,0.0,0.0,0.0,0.0,0.0,0.0,0.0,2.13,0.0,2.13,
2/2/2026,2023.0,20240084.0,43252.0,32405.0,"WYCKOFF GAS STORAGE COMPANY, LLC",Natural Gas,INTERSTATE,NEW YORK,0.0,0.0,0.0,0.0,0.0,0.0,0.0,0.0,0.0,0.0,0.0,0.0,0.0,0.0,0.0,0.0,0.0,0.0,0.0,0.0,0.0,
2/2/2026,2023.0,20241113.0,44323.0,32416.0,"ARCADIA GAS STORAGE, LLC",Natural Gas,INTRASTATE,LOUISIANA,0.0,0.0,0.0,0.0,0.0,0.0,0.0,0.0,0.0,0.0,0.0,0.0,0.0,0.0,0.0,0.0,0.0,0.0,0.0,0.0,0.0,
2/2/2026,2023.0,20240039.0,43201.0,32419.0,"SOUTHWEST IOWA RENEWABLE ENERGY, LLC",Natural Gas,INTRASTATE,IOWA,0.0,0.0,0.0,0.0,0.0,0.0,0.0,0.0,0.0,0.0,0.0,0.0,0.0,0.0,0.0,0.0,0.0,0.0,0.0,0.0,0.0,
2/2/2026,2023.0,20241244.0,44463.0,32420.0,"GRAMA RIDGE STORAGE AND TRANSPORTATION, LLC",Natural Gas,INTRASTATE,NEW MEXICO,0.0,0.0,0.0,0.0,0.0,0.0,0.0,0.0,0.0,0.0,0.0,0.0,0.0,0.0,0.0,0.0,0.0,0.0,0.0,0.0,0.0,
2/2/2026,2023.0,20240055.0,43217.0,32422.0,"NEPTUNE LNG, LLC",Natural Gas,INTERSTATE,OCS-Atlantic,0.0,0.0,0.0,0.0,0.0,0.0,0.0,0.0,0.0,0.0,0.0,0.0,0.0,0.0,0.0,0.0,0.0,0.0,0.0,0.0,0.0,
2/2/2026,2023.0,20240055.0,43217.0,32422.0,"NEPTUNE LNG, LLC",Natural Gas,INTRASTATE,MASSACHUSETTS,0.0,0.0,0.0,0.0,0.0,0.0,0.0,0.0,0.0,0.0,0.0,0.0,0.0,0.0,0.0,0.0,0.0,0.0,0.0,0.0,0.0,
2/2/2026,2023.0,20240244.0,44184.0,32423.0,MINNESOTA POWER,Natural Gas,INTRASTATE,MINNESOTA,0.0,0.0,0.0,0.0,0.0,0.0,0.0,0.0,0.0,0.0,0.0,0.0,0.0,0.0,0.0,0.0,0.0,0.0,0.0,0.0,0.0,
2/2/2026,2023.0,20240044.0,43206.0,32426.0,"UNIVERSITY PARK ENERGY, LLC",Natural Gas,INTRASTATE,ILLINOIS,0.0,0.0,0.0,0.0,0.25,0.25,0.0,0.0,0.0,0.0,0.0,0.0,0.0,0.0,0.0,0.0,0.0,0.0,0.0,0.25,0.25,
2/2/2026,2023.0,20240030.0,43191.0,32427.0,DEWBRE PETROLEUM CORP,Natural Gas,INTRASTATE,TEXAS,0.0,0.0,0.0,0.0,0.0,0.0,0.0,0.0,0.0,0.0,0.0,0.0,0.0,0.0,0.0,0.0,0.0,0.0,0.0,0.0,0.0,
2/2/2026,2023.0,20241273.0,44720.0,32429.0,US AMINES,Hydrogen Gas,INTRASTATE,ALABAMA,0.0,0.0,0.0,0.0,0.0,0.0,0.0,2.29,2.29,0.0,0.0,0.0,0.0,0.0,0.0,0.0,0.0,0.0,0.0,2.29,2.29,
2/2/2026,2023.0,20240248.0,43427.0,32431.0,CITY OF CALHOUN,Natural Gas,INTRASTATE,GEORGIA,0.0,0.0,0.0,0.0,0.0,0.0,0.0,0.0,0.0,0.0,0.0,0.0,0.0,0.0,0.0,0.0,0.0,0.0,0.0,0.0,0.0,
2/2/2026,2023.0,20240290.0,43471.0,32433.0,AMERESCO MCCARTY ENERGY LLC,Natural Gas,INTRASTATE,TEXAS,1.698,0.0,1.698,0.0,0.0,0.0,0.0,0.0,0.0,0.0,0.0,0.0,0.0,0.0,0.0,0.0,0.0,0.0,1.698,0.0,1.698,
2/2/2026,2023.0,20240264.0,43445.0,32434.0,AMERESCO EVANSVILLE LLC,Landfill Gas,INTRASTATE,INDIANA,5.1,0.0,5.1,0.0,0.0,0.0,0.0,0.0,0.0,0.0,0.0,0.0,0.0,0.0,0.0,0.0,0.0,0.0,5.1,0.0,5.1,
2/2/2026,2023.0,20240282.0,43463.0,32435.0,AMERESCO JEFFERSON CITY LLC,Landfill Gas,INTRASTATE,MISSOURI,0.0,0.0,0.0,0.0,0.0,0.0,0.0,0.0,0.0,0.0,0.0,0.0,0.0,0.0,0.0,0.0,0.0,0.0,0.0,0.0,0.0,
2/2/2026,2023.0,20240969.0,44171.0,32436.0,MIDCONTINENT EXPRESS PIPELINE LLC,Natural Gas,INTERSTATE,ALABAMA,0.0,0.0,0.0,0.0,0.0,0.0,0.0,0.0,0.0,0.0,0.0,0.0,0.0,0.0,0.0,0.0,0.0,0.0,0.0,0.0,0.0,
2/2/2026,2023.0,20240969.0,44171.0,32436.0,MIDCONTINENT EXPRESS PIPELINE LLC,Natural Gas,INTERSTATE,LOUISIANA,0.0,0.0,0.0,0.0,8.032,8.032,0.0,0.0,0.0,0.0,0.0,0.0,0.0,0.0,0.0,0.0,0.0,0.0,0.0,8.032,8.032,
2/2/2026,2023.0,20240969.0,44171.0,32436.0,MIDCONTINENT EXPRESS PIPELINE LLC,Natural Gas,INTERSTATE,MISSISSIPPI,0.0,0.0,0.0,0.0,2.326,2.326,0.0,0.0,0.0,0.0,0.0,0.0,0.0,0.0,0.0,0.0,0.0,0.0,0.0,2.326,2.326,
2/2/2026,2023.0,20240969.0,44171.0,32436.0,MIDCONTINENT EXPRESS PIPELINE LLC,Natural Gas,INTERSTATE,OKLAHOMA,0.0,0.0,0.0,0.0,0.0,0.0,0.0,0.0,0.0,0.0,0.0,0.0,0.0,0.0,0.0,0.0,0.0,0.0,0.0,0.0,0.0,
2/2/2026,2023.0,20240969.0,44171.0,32436.0,MIDCONTINENT EXPRESS PIPELINE LLC,Natural Gas,INTERSTATE,TEXAS,0.0,0.0,0.0,0.0,1.955,1.955,0.0,0.0,0.0,0.0,0.0,0.0,0.0,0.0,0.0,0.0,0.0,0.0,0.0,1.955,1.955,
2/2/2026,2023.0,20240803.0,44003.0,32437.0,KINDER MORGAN LOUISIANA PIPELINE LLC,Natural Gas,INTERSTATE,LOUISIANA,0.0,0.0,0.0,0.0,9.344,9.344,0.0,0.0,0.0,0.0,0.0,0.0,0.0,0.0,0.0,0.0,0.0,0.0,0.0,9.344,9.344,
2/2/2026,2023.0,20241242.0,44461.0,32446.0,MINNESOTA INTRASTATE PIPELINE COMPANY,Natural Gas,INTRASTATE,MINNESOTA,0.0,0.0,0.0,0.0,9.875,9.875,0.0,0.0,0.0,0.0,0.0,0.0,0.0,0.0,0.0,0.0,0.0,0.0,0.0,9.875,9.875,
2/2/2026,2023.0,20240778.0,43978.0,32451.0,SABINE OIL & GAS LLC,Natural Gas,INTRASTATE,TEXAS,0.0,0.0,0.0,0.0,0.0,0.0,0.0,0.0,0.0,0.0,0.0,0.0,0.0,0.0,0.0,0.0,0.0,0.0,0.0,0.0,0.0,
2/2/2026,2023.0,20241357.0,44585.0,32453.0,BPX (EAGLE FORD) GATHERING LLC,Natural Gas,INTRASTATE,TEXAS,0.0,0.0,0.0,0.0,0.0,0.0,0.0,0.0,0.0,0.0,0.0,0.0,0.0,0.0,0.0,0.0,0.0,0.0,0.0,0.0,0.0,
2/2/2026,2023.0,20240156.0,43330.0,32458.0,UTAH ASSOICIATED MUNICIPAL POWER SYSTEMS,Natural Gas,INTRASTATE,UTAH,0.0,0.0,0.0,0.0,1.41,1.41,0.0,0.0,0.0,0.0,0.0,0.0,0.0,0.0,0.0,0.0,0.0,0.0,0.0,1.41,1.41,
2/2/2026,2023.0,20241347.0,44575.0,32459.0,"HOOKS GAS PIPELINE, LLC",Natural Gas,INTRASTATE,TEXAS,0.0,0.0,0.0,0.0,1.109,1.109,0.0,0.0,0.0,0.0,0.0,0.0,0.0,0.0,0.0,0.0,0.0,0.0,0.0,1.109,1.109,
2/2/2026,2023.0,20240949.0,44151.0,32462.0,PENINSULA PIPELINE COMPANY,Natural Gas,INTRASTATE,FLORIDA,0.0,10.45,10.45,0.0,0.0,0.0,0.0,0.0,0.0,0.0,0.0,0.0,0.0,0.0,0.0,0.0,0.0,0.0,0.0,10.45,10.45,
2/2/2026,2023.0,20240045.0,43207.0,32464.0,LSP UNIVERSITY PARK LLC,Natural Gas,INTRASTATE,ILLINOIS,0.0,0.0,0.0,0.0,0.0,0.0,0.0,0.0,0.0,0.0,0.0,0.0,0.0,0.0,0.0,0.0,0.0,0.0,0.0,0.0,0.0,
2/2/2026,2023.0,20240728.0,43928.0,32466.0,HOMELAND ENERGY SOLUTIONS LLC,Natural Gas,INTRASTATE,IOWA,0.0,0.0,0.0,0.0,0.0,0.0,0.0,0.0,0.0,0.0,0.0,0.0,0.0,0.0,0.0,0.0,0.0,0.0,0.0,0.0,0.0,
2/2/2026,2023.0,20240632.0,43827.0,32467.0,"ETC TIGER PIPELINE, LLC",Natural Gas,INTERSTATE,LOUISIANA,0.0,0.0,0.0,0.0,2.19,2.19,0.0,0.0,0.0,0.0,0.0,0.0,0.0,0.0,0.0,0.0,0.0,0.0,0.0,2.19,2.19,
2/2/2026,2023.0,20240632.0,43827.0,32467.0,"ETC TIGER PIPELINE, LLC",Natural Gas,INTERSTATE,TEXAS,0.0,0.0,0.0,0.0,0.0,0.0,0.0,0.0,0.0,0.0,0.0,0.0,0.0,0.0,0.0,0.0,0.0,0.0,0.0,0.0,0.0,
2/2/2026,2023.0,20240465.0,43652.0,32469.0,"FAYETTEVILLE EXPRESS PIPELINE, LLC",Natural Gas,INTERSTATE,ARKANSAS,0.0,0.0,0.0,0.0,1.27,1.27,0.0,0.0,0.0,0.0,0.0,0.0,0.0,0.0,0.0,0.0,0.0,0.0,0.0,1.27,1.27,
2/2/2026,2023.0,20240465.0,43652.0,32469.0,"FAYETTEVILLE EXPRESS PIPELINE, LLC",Natural Gas,INTERSTATE,MISSISSIPPI,0.0,0.0,0.0,0.0,0.74,0.74,0.0,0.0,0.0,0.0,0.0,0.0,0.0,0.0,0.0,0.0,0.0,0.0,0.0,0.74,0.74,
2/2/2026,2023.0,20240705.0,43904.0,32477.0,"HAWK GATHERING CO, LTD",Natural Gas,INTRASTATE,TEXAS,0.0,0.0,0.0,0.0,0.0,0.0,0.0,0.0,0.0,0.0,0.0,0.0,0.0,0.0,0.0,0.0,0.0,0.0,0.0,0.0,0.0,
2/2/2026,2023.0,20240334.0,43518.0,32478.0,TARGA PIPELINE MID-CONTINENT WEST OK LLC,Natural Gas,INTRASTATE,KANSAS,0.0,0.0,0.0,0.0,0.0,0.0,0.0,0.0,0.0,0.0,0.0,0.0,0.0,0.0,0.0,0.0,0.0,0.0,0.0,0.0,0.0,
2/2/2026,2023.0,20240334.0,43518.0,32478.0,TARGA PIPELINE MID-CONTINENT WEST OK LLC,Natural Gas,INTRASTATE,OKLAHOMA,0.0,0.0,0.0,0.0,0.0,0.0,0.0,0.0,0.0,0.0,0.0,0.0,0.0,0.0,0.0,0.0,0.0,0.0,0.0,0.0,0.0,
2/2/2026,2023.0,20240270.0,43451.0,32482.0,MARSHFIELD UTILITIES,Natural Gas,INTRASTATE,WISCONSIN,0.0,0.0,0.0,0.0,0.0,0.0,0.0,0.0,0.0,0.0,0.0,0.0,0.0,0.0,0.0,0.0,0.0,0.0,0.0,0.0,0.0,
2/2/2026,2023.0,20241399.0,44767.0,32484.0,"TESUQUE PIPELINE, LLC",Natural Gas,INTRASTATE,TEXAS,0.0,0.0,0.0,0.0,0.0,0.0,0.0,0.0,0.0,0.0,0.0,0.0,0.0,0.0,0.0,0.0,0.0,0.0,0.0,0.0,0.0,
2/2/2026,2023.0,20241400.0,44940.0,32485.0,PECOS PIPELINE LLC,Natural Gas,INTRASTATE,TEXAS,0.0,0.0,0.0,0.0,0.0,0.0,0.0,0.0,0.0,0.0,0.0,0.0,0.0,0.0,0.0,0.0,0.0,0.0,0.0,0.0,0.0,
2/2/2026,2023.0,20240673.0,43868.0,32487.0,TRANSCANADA NORTHERN BORDER INC,Natural Gas,INTERSTATE,MONTANA,0.0,0.0,0.0,0.0,0.0,0.0,0.0,0.0,0.0,0.0,0.0,0.0,0.0,0.0,0.0,0.0,0.0,0.0,0.0,0.0,0.0,
2/2/2026,2023.0,20240673.0,43868.0,32487.0,TRANSCANADA NORTHERN BORDER INC,Natural Gas,INTERSTATE,NORTH DAKOTA,0.0,0.0,0.0,0.0,0.0,0.0,0.0,0.0,0.0,0.0,0.0,0.0,0.0,0.0,0.0,0.0,0.0,0.0,0.0,0.0,0.0,
2/2/2026,2023.0,20240673.0,43868.0,32487.0,TRANSCANADA NORTHERN BORDER INC,Natural Gas,INTERSTATE,WYOMING,0.0,0.0,0.0,0.0,0.0,0.0,0.0,0.0,0.0,0.0,0.0,0.0,0.0,0.0,0.0,0.0,0.0,0.0,0.0,0.0,0.0,
2/2/2026,2023.0,20240626.0,43820.0,32492.0,"GENESIS CRUDE OIL, L.P.",Natural Gas,INTRASTATE,LOUISIANA,0.0,0.0,0.0,0.0,0.0,0.0,0.0,0.0,0.0,0.0,0.0,0.0,0.0,0.0,0.0,0.0,0.0,0.0,0.0,0.0,0.0,
2/2/2026,2023.0,20240450.0,43637.0,32494.0,PADUCAH POWER SYSTEM,Natural Gas,INTRASTATE,KENTUCKY,0.0,0.0,0.0,0.0,0.0,0.0,0.0,0.0,0.0,0.0,0.0,0.0,0.0,0.0,0.0,0.0,0.0,0.0,0.0,0.0,0.0,
2/2/2026,2023.0,20240454.0,43641.0,32499.0,"PGPIPELINE, LLC.",Natural Gas,INTERSTATE,PENNSYLVANIA,0.0,0.0,0.0,0.0,0.06,0.06,0.0,0.0,0.0,0.0,0.0,0.0,0.0,0.0,0.0,0.0,0.0,0.0,0.0,0.06,0.06,
2/2/2026,2023.0,20241159.0,44371.0,32504.0,"MISSISSIPPI HUB, LLC",Natural Gas,INTERSTATE,MISSISSIPPI,0.0,0.0,0.0,0.0,0.0,0.0,0.0,0.0,0.0,0.0,0.0,0.0,0.0,0.0,0.0,0.0,0.0,0.0,0.0,0.0,0.0,
2/2/2026,2023.0,20240426.0,44275.0,32506.0,"NFG MIDSTREAM COVINGTON, LLC",Natural Gas,INTRASTATE,PENNSYLVANIA,0.0,0.0,0.0,0.0,0.38,0.38,0.0,0.0,0.0,0.0,0.0,0.0,0.0,0.0,0.0,0.0,0.0,0.0,0.0,0.38,0.38,
2/2/2026,2023.0,20240619.0,43813.0,32509.0,"SOMERSET GAS GATHERING OF PENNSYLVANIA, LLC",Natural Gas,INTRASTATE,PENNSYLVANIA,0.0,0.0,0.0,0.0,0.0,0.0,0.0,0.0,0.0,0.0,0.0,0.0,0.0,0.0,0.0,0.0,0.0,0.0,0.0,0.0,0.0,
2/2/2026,2023.0,20241354.0,44651.0,32512.0,"GOLDEN TRIANGLE STORAGE, LLC",Natural Gas,INTERSTATE,TEXAS,0.0,0.0,0.0,0.0,0.65,0.65,0.0,0.0,0.0,0.0,0.0,0.0,0.0,0.0,0.0,0.0,0.0,0.0,0.0,0.65,0.65,
2/2/2026,2023.0,20241054.0,44262.0,32513.0,AMEREN ILLINOIS COMPANY,Natural Gas,INTRASTATE,ILLINOIS,0.0,0.0,0.0,0.0,57.38,57.38,0.0,0.0,0.0,0.0,0.0,0.0,0.0,0.0,0.0,0.0,0.0,0.0,0.0,57.38,57.38,
2/2/2026,2023.0,20240168.0,43345.0,32515.0,CARGILL SALT,Natural Gas,INTRASTATE,OKLAHOMA,0.0,0.0,0.0,0.0,0.0,0.0,0.0,0.0,0.0,0.0,0.0,0.0,0.0,0.0,0.0,0.0,0.0,0.0,0.0,0.0,0.0,
2/2/2026,2023.0,20240529.0,44776.0,32525.0,VINLAND ENERGY OPERATIONS,Natural Gas,INTRASTATE,KENTUCKY,0.0,0.0,0.0,0.0,0.0,0.0,0.0,0.0,0.0,0.0,0.0,0.0,0.0,0.0,0.0,0.0,0.0,0.0,0.0,0.0,0.0,
2/2/2026,2023.0,20240883.0,44083.0,32527.0,"R. LACY SERVICES, LTD",Natural Gas,INTRASTATE,TEXAS,0.0,0.0,0.0,0.0,0.0,0.0,0.0,0.0,0.0,0.0,0.0,0.0,0.0,0.0,0.0,0.0,0.0,0.0,0.0,0.0,0.0,
2/2/2026,2023.0,20240613.0,43806.0,32529.0,KINDERHAWK FIELD SERVICES LLC,Natural Gas,INTRASTATE,LOUISIANA,0.0,0.0,0.0,0.0,0.0,0.0,0.0,0.0,0.0,0.0,0.0,0.0,0.0,0.0,0.0,0.0,0.0,0.0,0.0,0.0,0.0,
2/2/2026,2023.0,20240064.0,43229.0,32531.0,CAMBRIAN ENERGY/ SOUTHTEX FT. SMITH TREATERS,Natural Gas,INTRASTATE,ARKANSAS,0.0,0.0,0.0,0.0,0.0,0.0,0.0,0.0,0.0,0.0,0.0,0.0,0.0,0.0,0.0,0.0,0.0,0.0,0.0,0.0,0.0,
2/2/2026,2023.0,20240416.0,43603.0,32533.0,DESOTO GATHERING COMPANY LLC,Natural Gas,INTRASTATE,ARKANSAS,0.0,0.0,0.0,0.0,0.0,0.0,0.0,0.0,0.0,0.0,0.0,0.0,0.0,0.0,0.0,0.0,0.0,0.0,0.0,0.0,0.0,
2/2/2026,2023.0,20240051.0,43213.0,32534.0,"PULSE ENERGY SYSTEMS, LLC",Natural Gas,INTRASTATE,INDIANA,0.0,0.0,0.0,0.0,0.0,0.0,0.0,0.0,0.0,0.0,0.0,0.0,0.0,0.0,0.0,0.0,0.0,0.0,0.0,0.0,0.0,
2/2/2026,2023.0,20241150.0,44962.0,32536.0,"ENERVEST OPERATING, LLC",Natural Gas,INTRASTATE,VIRGINIA,0.0,0.0,0.0,0.0,0.0,0.0,0.0,0.0,0.0,0.0,0.0,0.0,0.0,0.0,0.0,0.0,0.0,0.0,0.0,0.0,0.0,
2/2/2026,2023.0,20240283.0,43464.0,32539.0,LA CROSSE COUNTY,Landfill Gas,INTRASTATE,WISCONSIN,0.0,0.0,0.0,0.0,0.0,0.0,0.0,0.0,0.0,0.0,0.0,0.0,0.0,0.0,0.0,0.0,0.0,0.0,0.0,0.0,0.0,
2/2/2026,2023.0,20240738.0,44866.0,32544.0,BLACK BELT ENERGY,Natural Gas,INTRASTATE,ALABAMA,0.0,0.0,0.0,0.0,0.516,0.516,0.0,0.0,0.0,0.0,0.0,0.0,0.0,0.0,0.0,0.0,0.0,0.0,0.0,0.516,0.516,
2/2/2026,2023.0,20240412.0,43599.0,32549.0,GILL RANCH STORAGE LLC,Natural Gas,INTRASTATE,CALIFORNIA,0.0,0.0,0.0,0.83,0.0,0.83,0.0,0.0,0.0,0.0,0.0,0.0,0.0,0.0,0.0,0.0,0.0,0.0,0.83,0.0,0.83,
2/2/2026,2023.0,20241251.0,44470.0,32553.0,NEWTON COUNTY LANDFILL PARTNERSHIP,Landfill Gas,INTRASTATE,INDIANA,0.0,0.0,0.0,0.0,0.0,0.0,0.0,0.0,0.0,0.0,0.0,0.0,0.0,0.0,0.0,0.0,0.0,0.0,0.0,0.0,0.0,
2/2/2026,2023.0,20241022.0,44230.0,32557.0,"PAULSBORO NATURAL GAS PIPELINE COMPANY, LLC",Natural Gas,INTERSTATE,NEW JERSEY,0.0,0.0,0.0,0.0,0.0,0.0,0.0,0.0,0.0,0.0,0.0,0.0,0.0,0.0,0.0,0.0,0.0,0.0,0.0,0.0,0.0,
2/2/2026,2023.0,20241022.0,44230.0,32557.0,"PAULSBORO NATURAL GAS PIPELINE COMPANY, LLC",Natural Gas,INTERSTATE,PENNSYLVANIA,0.0,0.0,0.0,0.0,0.0,0.0,0.0,0.395,0.395,0.0,0.0,0.0,0.0,0.0,0.0,0.0,0.0,0.0,0.0,0.395,0.395,
2/2/2026,2023.0,20241263.0,44482.0,32561.0,ECOELECTRICA L.P.,Natural Gas,INTRASTATE,PUERTO RICO,0.0,1.1,1.1,0.0,0.0,0.0,0.0,0.0,0.0,0.0,0.0,0.0,0.0,0.0,0.0,0.0,0.0,0.0,0.0,1.1,1.1,
2/2/2026,2023.0,20240835.0,44035.0,32562.0,SOUTHWEST GAS TRANSMISSION COMPANY A LIMITED PARTNERSHIP,Natural Gas,INTERSTATE,ARIZONA,0.0,0.0,0.0,0.0,1.353,1.353,0.0,0.0,0.0,0.0,0.0,0.0,0.0,0.0,0.0,0.0,0.0,0.0,0.0,1.353,1.353,
2/2/2026,2023.0,20241230.0,44448.0,32564.0,BLACK HILLS SERVICE COMPANY,Natural Gas,INTRASTATE,COLORADO,0.0,0.0,0.0,0.0,0.0,0.0,0.0,0.0,0.0,0.0,0.0,0.0,0.0,0.0,0.0,0.0,0.0,0.0,0.0,0.0,0.0,
2/2/2026,2023.0,20241230.0,44448.0,32564.0,BLACK HILLS SERVICE COMPANY,Natural Gas,INTRASTATE,WYOMING,0.0,0.0,0.0,0.0,0.0,0.0,0.0,0.365,0.365,0.0,0.0,0.0,0.0,0.0,0.0,0.0,0.0,0.0,0.0,0.365,0.365,
2/2/2026,2023.0,20240424.0,43611.0,32569.0,EMPIRE GENERATING COMPANY LLC.,Natural Gas,INTRASTATE,NEW YORK,0.0,0.0,0.0,0.0,0.0,0.0,0.0,0.0,0.0,0.0,0.0,0.0,0.0,0.0,0.0,0.0,0.0,0.0,0.0,0.0,0.0,
2/2/2026,2023.0,20240181.0,44730.0,32570.0,LOCKHART POWER COMPANY,Landfill Gas,INTRASTATE,SOUTH CAROLINA,1.55,0.0,1.55,0.0,0.0,0.0,0.0,0.0,0.0,0.0,0.0,0.0,0.0,0.0,0.0,0.0,0.0,0.0,1.55,0.0,1.55,
2/2/2026,2023.0,20240274.0,43455.0,32571.0,"NORTH PLATTE LIVESTOCK FEEDERS, LLC",Natural Gas,INTRASTATE,NEBRASKA,0.0,0.0,0.0,0.0,0.0,0.0,0.0,0.0,0.0,0.0,0.0,0.0,0.0,0.0,0.0,0.0,0.0,0.0,0.0,0.0,0.0,
2/2/2026,2023.0,20241409.0,44791.0,32578.0,"ORIGIN MINING COMPANY, LLC.",Natural Gas,INTRASTATE,ARIZONA,0.0,0.0,0.0,0.0,0.0,0.0,0.0,0.0,0.0,0.0,0.0,0.0,0.0,0.0,0.0,0.0,0.0,0.0,0.0,0.0,0.0,
2/2/2026,2023.0,20240944.0,44146.0,32579.0,AL-CORN CLEAN FUEL - NW GAS CONTRACTED,Natural Gas,INTRASTATE,MINNESOTA,0.0,0.0,0.0,0.0,0.0,0.0,0.0,0.0,0.0,0.0,0.0,0.0,0.0,0.0,0.0,0.0,0.0,0.0,0.0,0.0,0.0,
2/2/2026,2023.0,20240948.0,44150.0,32580.0,WFS WELCOME - NW GAS CONTRACTED,Natural Gas,INTRASTATE,MINNESOTA,0.0,0.0,0.0,0.0,0.0,0.0,0.0,0.0,0.0,0.0,0.0,0.0,0.0,0.0,0.0,0.0,0.0,0.0,0.0,0.0,0.0,
2/2/2026,2023.0,20240119.0,44796.0,32581.0,MILWAUKEE METROPOLITAN SEWERAGE DISTRICT,Landfill Gas,INTRASTATE,WISCONSIN,18.9,0.0,18.9,0.0,0.0,0.0,0.0,0.0,0.0,0.0,0.0,0.0,0.0,0.0,0.0,0.0,0.0,0.0,18.9,0.0,18.9,
2/2/2026,2023.0,20240357.0,45078.0,32583.0,"BIG SANDY PIPELINE, LLC",Natural Gas,INTERSTATE,KENTUCKY,0.0,0.0,0.0,0.0,0.0,0.0,0.0,0.91,0.91,0.0,0.0,0.0,0.0,0.0,0.0,0.0,0.0,0.0,0.0,0.91,0.91,
2/2/2026,2023.0,20240065.0,43228.0,32586.0,EAST TEXAS RENEWABLES,Natural Gas,INTRASTATE,TEXAS,0.0,0.0,0.0,0.0,0.0,0.0,0.0,0.0,0.0,0.0,0.0,0.0,0.0,0.0,0.0,0.0,0.0,0.0,0.0,0.0,0.0,
2/2/2026,2023.0,20241422.0,44838.0,32587.0,GATEWAY RED OAK LLC,Natural Gas,INTRASTATE,ARKANSAS,0.0,0.0,0.0,0.0,0.0,0.0,0.0,0.0,0.0,0.0,0.0,0.0,0.0,0.0,0.0,0.0,0.0,0.0,0.0,0.0,0.0,
2/2/2026,2023.0,20241422.0,44838.0,32587.0,GATEWAY RED OAK LLC,Natural Gas,INTRASTATE,TEXAS,0.77,0.0,0.77,0.0,0.0,0.0,0.0,0.0,0.0,0.0,0.0,0.0,0.0,0.0,0.0,0.0,0.0,0.0,0.77,0.0,0.77,
2/2/2026,2023.0,20241443.0,44884.0,32590.0,"EASTMAN GAS COMPANY, LLC",Natural Gas,INTRASTATE,TEXAS,0.0,0.0,0.0,0.0,0.0,0.0,0.0,0.0,0.0,0.0,0.0,0.0,0.0,0.0,0.0,0.0,0.0,0.0,0.0,0.0,0.0,
2/2/2026,2023.0,20240235.0,43413.0,32592.0,"TREK RESOURCES, INC",Natural Gas,INTRASTATE,TEXAS,0.0,0.0,0.0,0.0,0.0,0.0,0.0,0.0,0.0,0.0,0.0,0.0,0.0,0.0,0.0,0.0,0.0,0.0,0.0,0.0,0.0,
2/2/2026,2023.0,20241031.0,44239.0,32595.0,"HIGH POINT GAS GATHERING, LLC",Natural Gas,INTERSTATE,LOUISIANA,0.0,0.0,0.0,0.0,0.0,0.0,0.0,0.0,0.0,0.0,0.0,0.0,0.0,0.0,0.0,0.0,0.0,0.0,0.0,0.0,0.0,
2/2/2026,2023.0,20241031.0,44239.0,32595.0,"HIGH POINT GAS GATHERING, LLC",Natural Gas,INTERSTATE,OCS-Gulf of Mexico,0.0,0.0,0.0,0.0,0.0,0.0,0.0,0.0,0.0,0.0,0.0,0.0,0.0,0.0,0.0,0.0,0.0,0.0,0.0,0.0,0.0,
2/2/2026,2023.0,20240719.0,43919.0,32602.0,"SOCAL HOLDINGS, LLC / LA BASIN",Natural Gas,INTRASTATE,CALIFORNIA,0.0,0.0,0.0,0.0,0.0,0.0,0.0,0.0,0.0,0.0,0.0,0.0,0.0,0.0,0.0,0.0,0.0,0.0,0.0,0.0,0.0,
2/2/2026,2023.0,20241356.0,44584.0,32603.0,"CENTRAL VALLEY GAS STORAGE (CVGS), LLC",Natural Gas,INTRASTATE,CALIFORNIA,0.0,0.0,0.0,0.0,0.0,0.0,0.0,0.0,0.0,0.0,0.0,0.0,0.0,0.0,0.0,0.0,0.0,0.0,0.0,0.0,0.0,
2/2/2026,2023.0,20240763.0,43963.0,32604.0,WHITE MOUNTAIN PAPER,Landfill Gas,INTRASTATE,NEW HAMPSHIRE,0.0,0.0,0.0,0.0,0.0,0.0,0.0,0.0,0.0,0.0,0.0,0.0,0.0,0.0,0.0,0.0,0.0,0.0,0.0,0.0,0.0,
2/2/2026,2023.0,20240765.0,43965.0,32604.0,WHITE MOUNTAIN PAPER,Natural Gas,INTRASTATE,NEW HAMPSHIRE,0.0,0.0,0.0,0.0,0.0,0.0,0.0,0.0,0.0,0.0,0.0,0.0,0.0,0.0,0.0,0.0,0.0,0.0,0.0,0.0,0.0,
2/2/2026,2023.0,20241241.0,44459.0,32616.0,"WOODLAND PULP, LLC",Natural Gas,INTRASTATE,MAINE,0.0,0.56,0.56,0.0,0.0,0.0,0.0,0.0,0.0,0.0,0.0,0.0,0.0,0.0,0.0,0.0,0.0,0.0,0.0,0.56,0.56,
2/2/2026,2023.0,20240130.0,43301.0,32618.0,"ARKALON ETHANOL, LLC",Natural Gas,INTRASTATE,KANSAS,0.0,0.0,0.0,0.0,0.0,0.0,0.0,0.0,0.0,0.0,0.0,0.0,0.0,0.0,0.0,0.0,0.0,0.0,0.0,0.0,0.0,
2/2/2026,2023.0,20240611.0,43804.0,32623.0,"SEACOAST GAS TRANSMISSION, LLC",Natural Gas,INTRASTATE,FLORIDA,0.0,0.0,0.0,0.0,0.0,0.0,0.0,4.47,4.47,0.0,0.0,0.0,0.0,0.0,0.0,0.0,0.0,0.0,0.0,4.47,4.47,
2/2/2026,2023.0,20240415.0,43602.0,32626.0,"BBT ALABAMA, LLC",Natural Gas,INTRASTATE,ALABAMA,0.0,0.0,0.0,0.0,7.122,7.122,0.0,0.0,0.0,0.0,0.0,0.0,0.0,0.0,0.0,0.0,0.0,0.0,0.0,7.122,7.122,
2/2/2026,2023.0,20240962.0,44857.0,32634.0,"ENLINK PERMIAN, LLC",Natural Gas,INTERSTATE,NEW MEXICO,0.0,0.0,0.0,0.0,0.0,0.0,0.0,0.0,0.0,0.0,0.0,0.0,0.0,0.0,0.0,0.0,0.0,0.0,0.0,0.0,0.0,
2/2/2026,2023.0,20240962.0,44857.0,32634.0,"ENLINK PERMIAN, LLC",Natural Gas,INTERSTATE,TEXAS,0.0,0.0,0.0,0.0,0.0,0.0,0.0,0.0,0.0,0.0,0.0,0.0,0.0,0.0,0.0,0.0,0.0,0.0,0.0,0.0,0.0,
2/2/2026,2023.0,20240962.0,44857.0,32634.0,"ENLINK PERMIAN, LLC",Natural Gas,INTRASTATE,TEXAS,0.0,0.0,0.0,0.0,0.0,0.0,0.0,0.0,0.0,0.0,0.0,0.0,0.0,0.0,0.0,0.0,0.0,0.0,0.0,0.0,0.0,
2/2/2026,2023.0,20240086.0,43254.0,32639.0,"CRAWFORD COUNTY GAS GATHERING, LLC",Natural Gas,INTRASTATE,ILLINOIS,0.0,0.0,0.0,0.0,0.0,0.0,0.0,0.0,0.0,0.0,0.0,0.0,0.0,0.0,0.0,0.0,0.0,0.0,0.0,0.0,0.0,
2/2/2026,2023.0,20241284.0,44508.0,32641.0,AUX SABLE MIDSTREAM,Natural Gas,INTRASTATE,NORTH DAKOTA,0.0,0.0,0.0,0.0,0.42,0.42,0.0,0.0,0.0,0.0,0.0,0.0,0.0,0.0,0.0,0.0,0.0,0.0,0.0,0.42,0.42,
2/2/2026,2023.0,20240992.0,44961.0,32645.0,"HILCORP ALASKA, LLC",Natural Gas,INTRASTATE,ALASKA,0.0,0.51,0.51,0.0,0.0,0.0,0.0,0.0,0.0,0.0,0.0,0.0,0.0,0.0,0.0,0.0,0.0,0.0,0.0,0.51,0.51,
2/2/2026,2023.0,20241006.0,44212.0,32646.0,"CHESAPEAKE OPERATING, L.L.C.",Natural Gas,INTRASTATE,LOUISIANA,0.0,0.0,0.0,0.0,0.0,0.0,0.0,0.0,0.0,0.0,0.0,0.0,0.0,0.0,0.0,0.0,0.0,0.0,0.0,0.0,0.0,
2/2/2026,2023.0,20241006.0,44212.0,32646.0,"CHESAPEAKE OPERATING, L.L.C.",Natural Gas,INTRASTATE,NEW YORK,0.0,0.0,0.0,0.0,0.0,0.0,0.0,0.0,0.0,0.0,0.0,0.0,0.0,0.0,0.0,0.0,0.0,0.0,0.0,0.0,0.0,
2/2/2026,2023.0,20241006.0,44212.0,32646.0,"CHESAPEAKE OPERATING, L.L.C.",Natural Gas,INTRASTATE,WEST VIRGINIA,0.0,0.0,0.0,0.0,0.0,0.0,0.0,0.0,0.0,0.0,0.0,0.0,0.0,0.0,0.0,0.0,0.0,0.0,0.0,0.0,0.0,
2/2/2026,2023.0,20241308.0,44532.0,32647.0,NAVITAS UTILITY COPORATION,Natural Gas,INTRASTATE,TEXAS,0.0,0.0,0.0,0.0,0.0,0.0,0.0,0.0,0.0,0.0,0.0,0.0,0.0,0.0,0.0,0.0,0.0,0.0,0.0,0.0,0.0,
2/2/2026,2023.0,20241152.0,44364.0,32655.0,"EAST CHEYENNE GAS STORAGE, LLC",Natural Gas,INTERSTATE,COLORADO,0.0,0.0,0.0,0.0,0.0,0.0,0.0,0.0,0.0,0.0,0.0,0.0,0.0,0.0,0.0,0.0,0.0,0.0,0.0,0.0,0.0,
2/2/2026,2023.0,20240910.0,44112.0,32657.0,"CARDINAL OPERATING COMPANY, LLC",Natural Gas,INTRASTATE,NORTH CAROLINA,0.0,0.0,0.0,0.0,0.0,0.0,0.0,23.447,23.447,0.0,0.0,0.0,0.0,0.0,0.0,0.0,0.0,0.0,0.0,23.447,23.447,
2/2/2026,2023.0,20240060.0,43222.0,32659.0,"ENREMA, LLC",Natural Gas,INTRASTATE,TENNESSEE,0.0,0.0,0.0,0.0,0.0,0.0,0.0,0.0,0.0,0.0,0.0,0.0,0.0,0.0,0.0,0.0,0.0,0.0,0.0,0.0,0.0,
2/2/2026,2023.0,20240245.0,43424.0,32663.0,"PILLAR ENERGY, LLC",Natural Gas,INTRASTATE,WEST VIRGINIA,0.0,0.0,0.0,0.0,0.0,0.0,0.0,0.0,0.0,0.0,0.0,0.0,0.0,0.0,0.0,0.0,0.0,0.0,0.0,0.0,0.0,
2/2/2026,2023.0,20240047.0,43244.0,32665.0,ABBOTT NUTRITION SUPPLY CHAIN,Natural Gas,INTRASTATE,ARIZONA,0.0,0.0,0.0,0.0,0.0,0.0,0.0,0.0,0.0,0.0,0.0,0.0,0.0,0.0,0.0,0.0,0.0,0.0,0.0,0.0,0.0,
2/2/2026,2023.0,20240322.0,43506.0,32669.0,NORTHEAST NATURAL ENERGY LLC,Natural Gas,INTRASTATE,PENNSYLVANIA,0.0,0.0,0.0,0.0,0.0,0.0,0.0,0.0,0.0,0.0,0.0,0.0,0.0,0.0,0.0,0.0,0.0,0.0,0.0,0.0,0.0,
2/2/2026,2023.0,20240322.0,43506.0,32669.0,NORTHEAST NATURAL ENERGY LLC,Natural Gas,INTRASTATE,WEST VIRGINIA,0.0,0.0,0.0,0.0,0.0,0.0,0.0,0.0,0.0,0.0,0.0,0.0,0.0,0.0,0.0,0.0,0.0,0.0,0.0,0.0,0.0,
2/2/2026,2023.0,20240063.0,43226.0,32670.0,SUPERIOR MIDSTREAM APPALACHIAN LLC,Natural Gas,INTRASTATE,PENNSYLVANIA,0.0,0.0,0.0,0.0,0.0,0.0,0.0,0.0,0.0,0.0,0.0,0.0,0.0,0.0,0.0,0.0,0.0,0.0,0.0,0.0,0.0,
2/2/2026,2023.0,20240009.0,43166.0,32671.0,"RW GATHERING, LLC",Natural Gas,INTRASTATE,PENNSYLVANIA,0.0,0.0,0.0,0.0,0.0,0.0,0.0,0.0,0.0,0.0,0.0,0.0,0.0,0.0,0.0,0.0,0.0,0.0,0.0,0.0,0.0,
2/2/2026,2023.0,20241074.0,44283.0,32672.0,"NFG MIDSTREAM TROUT RUN, LLC",Natural Gas,INTRASTATE,PENNSYLVANIA,0.0,0.0,0.0,0.0,0.0,0.0,0.0,0.0,0.0,0.0,0.0,0.0,0.0,0.0,0.0,0.0,0.0,0.0,0.0,0.0,0.0,
2/2/2026,2023.0,20240990.0,44194.0,32674.0,"KEYROCK ENERGY, LLC",Natural Gas,INTRASTATE,ILLINOIS,0.0,0.0,0.0,0.0,0.0,0.0,0.0,0.0,0.0,0.0,0.0,0.0,0.0,0.0,0.0,0.0,0.0,0.0,0.0,0.0,0.0,
2/2/2026,2023.0,20240183.0,43360.0,32676.0,CITATION PIPELINE LLC,Natural Gas,INTRASTATE,OKLAHOMA,0.0,0.0,0.0,0.0,0.0,0.0,0.0,0.0,0.0,0.0,0.0,0.0,0.0,0.0,0.0,0.0,0.0,0.0,0.0,0.0,0.0,
2/2/2026,2023.0,20240785.0,43985.0,32682.0,"GREENLEAF CO2 SOLUTIONS, LLC",Natural Gas,INTRASTATE,MISSISSIPPI,0.0,0.0,0.0,0.0,0.0,0.0,0.0,0.0,0.0,0.0,0.0,0.0,0.0,0.0,0.0,0.0,0.0,0.0,0.0,0.0,0.0,
2/2/2026,2023.0,20240240.0,43418.0,32685.0,CALGAS LLC,Natural Gas,INTRASTATE,TEXAS,0.0,0.0,0.0,0.0,0.0,0.0,0.0,0.0,0.0,0.0,0.0,0.0,0.0,0.0,0.0,0.0,0.0,0.0,0.0,0.0,0.0,
2/2/2026,2023.0,20240131.0,43302.0,37578.0,"FINNEY COUNTY FEEDYARD, INC.",Natural Gas,INTRASTATE,KANSAS,0.0,0.0,0.0,0.0,0.0,0.0,0.0,0.0,0.0,0.0,0.0,0.0,0.0,0.0,0.0,0.0,0.0,0.0,0.0,0.0,0.0,
2/2/2026,2023.0,20240590.0,43783.0,38883.0,HUNT SOUTHLAND REFINING COMPANY,Natural Gas,INTRASTATE,MISSISSIPPI,0.0,0.0,0.0,0.0,0.0,0.0,0.0,0.0,0.0,0.0,0.0,0.0,0.0,0.0,0.0,0.0,0.0,0.0,0.0,0.0,0.0,
2/2/2026,2023.0,20241170.0,44383.0,38886.0,JOHNSTOWN REGIONAL ENERGY,Other Gas-Processed Landfill Gas,INTRASTATE,PENNSYLVANIA,0.0,0.0,0.0,0.0,0.0,0.0,0.0,0.0,0.0,0.0,0.0,0.0,0.0,0.0,0.0,0.0,0.0,0.0,0.0,0.0,0.0,
2/2/2026,2023.0,20240371.0,43557.0,38898.0,"MOUNTAIN GATHERING, LLC",Natural Gas,INTRASTATE,PENNSYLVANIA,0.0,0.0,0.0,0.0,0.0,0.0,0.0,0.0,0.0,0.0,0.0,0.0,0.0,0.0,0.0,0.0,0.0,0.0,0.0,0.0,0.0,
2/2/2026,2023.0,20240371.0,43557.0,38898.0,"MOUNTAIN GATHERING, LLC",Natural Gas,INTRASTATE,WEST VIRGINIA,0.0,0.0,0.0,0.0,0.0,0.0,0.0,0.0,0.0,0.0,0.0,0.0,0.0,0.0,0.0,0.0,0.0,0.0,0.0,0.0,0.0,
2/2/2026,2023.0,20241164.0,44376.0,38901.0,"PERRYVILLE GAS STORAGE, LLC",Natural Gas,INTERSTATE,LOUISIANA,0.0,0.0,0.0,0.0,0.0,0.0,0.0,0.0,0.0,0.0,0.0,0.0,0.0,0.0,0.0,0.0,0.0,0.0,0.0,0.0,0.0,
2/2/2026,2023.0,20241032.0,44240.0,38902.0,"HIGH POINT GAS TRANSMISSION, LLC",Natural Gas,INTERSTATE,LOUISIANA,0.0,0.0,0.0,0.0,0.0,0.0,0.0,0.0,0.0,0.0,0.0,0.0,0.0,0.0,0.0,0.0,0.0,0.0,0.0,0.0,0.0,
2/2/2026,2023.0,20241032.0,44240.0,38902.0,"HIGH POINT GAS TRANSMISSION, LLC",Natural Gas,INTERSTATE,OCS-Gulf of Mexico,0.0,0.0,0.0,0.0,0.0,0.0,0.0,0.0,0.0,0.0,0.0,0.0,0.0,0.0,0.0,0.0,0.0,0.0,0.0,0.0,0.0,
2/2/2026,2023.0,20240556.0,43747.0,38904.0,CALERA GATHERING LLC,Natural Gas,INTRASTATE,ALABAMA,0.0,0.0,0.0,0.0,0.0,0.0,0.0,0.0,0.0,0.0,0.0,0.0,0.0,0.0,0.0,0.0,0.0,0.0,0.0,0.0,0.0,
2/2/2026,2023.0,20241393.0,44692.0,38905.0,SENECA RESOURCES EAST DIVISION,Natural Gas,INTRASTATE,PENNSYLVANIA,0.0,0.0,0.0,0.0,0.0,0.0,0.0,0.0,0.0,0.0,0.0,0.0,0.0,0.0,0.0,0.0,0.0,0.0,0.0,0.0,0.0,
2/2/2026,2023.0,20240807.0,44831.0,38906.0,LIBERTY UTILITIES (MIDSTATES NATURAL GAS) CORP. D/B/A LIBERTY UTILITIES,Natural Gas,INTRASTATE,ILLINOIS,0.0,0.0,0.0,0.0,0.0,0.0,0.0,0.0,0.0,0.0,0.0,0.0,0.0,0.0,0.0,0.0,0.0,0.0,0.0,0.0,0.0,
2/2/2026,2023.0,20240807.0,44831.0,38906.0,LIBERTY UTILITIES (MIDSTATES NATURAL GAS) CORP. D/B/A LIBERTY UTILITIES,Natural Gas,INTRASTATE,IOWA,0.0,0.42,0.42,0.0,0.0,0.0,0.0,0.0,0.0,0.0,0.0,0.0,0.0,0.0,0.0,0.0,0.0,0.0,0.0,0.42,0.42,
2/2/2026,2023.0,20240807.0,44831.0,38906.0,LIBERTY UTILITIES (MIDSTATES NATURAL GAS) CORP. D/B/A LIBERTY UTILITIES,Natural Gas,INTRASTATE,MISSOURI,0.0,0.84,0.84,0.0,0.0,0.0,0.0,0.0,0.0,0.0,0.0,0.0,0.0,0.0,0.0,0.0,0.0,0.0,0.0,0.84,0.84,
2/2/2026,2023.0,20240106.0,43274.0,38907.0,SOUTHERN ILLINOIS POWER COOPERATIVE,Natural Gas,INTRASTATE,ILLINOIS,0.0,0.0,0.0,0.0,0.0,0.0,0.0,0.0,0.0,0.0,0.0,0.0,0.0,0.0,0.0,0.0,0.0,0.0,0.0,0.0,0.0,
2/2/2026,2023.0,20240026.0,43185.0,38908.0,"PRAIRIELAND PIPELINE, LLC",Natural Gas,INTRASTATE,ILLINOIS,0.0,0.0,0.0,0.0,0.0,0.0,0.0,0.0,0.0,0.0,0.0,0.0,0.0,0.0,0.0,0.0,0.0,0.0,0.0,0.0,0.0,
2/2/2026,2023.0,20240621.0,43815.0,38910.0,CNX RESOURCES CORPORATION,Natural Gas,INTRASTATE,KENTUCKY,0.0,0.0,0.0,0.0,0.0,0.0,0.0,0.0,0.0,0.0,0.0,0.0,0.0,0.0,0.0,0.0,0.0,0.0,0.0,0.0,0.0,
2/2/2026,2023.0,20240621.0,43815.0,38910.0,CNX RESOURCES CORPORATION,Natural Gas,INTRASTATE,PENNSYLVANIA,0.0,0.0,0.0,0.0,0.0,0.0,0.0,0.0,0.0,0.0,0.0,0.0,0.0,0.0,0.0,0.0,0.0,0.0,0.0,0.0,0.0,
2/2/2026,2023.0,20240621.0,43815.0,38910.0,CNX RESOURCES CORPORATION,Natural Gas,INTRASTATE,VIRGINIA,0.0,0.0,0.0,0.0,0.0,0.0,0.0,0.0,0.0,0.0,0.0,0.0,0.0,0.0,0.0,0.0,0.0,0.0,0.0,0.0,0.0,
2/2/2026,2023.0,20240621.0,43815.0,38910.0,CNX RESOURCES CORPORATION,Natural Gas,INTRASTATE,WEST VIRGINIA,0.0,0.0,0.0,0.0,0.0,0.0,0.0,0.0,0.0,0.0,0.0,0.0,0.0,0.0,0.0,0.0,0.0,0.0,0.0,0.0,0.0,
2/2/2026,2023.0,20240762.0,43962.0,38914.0,ANDROSCOGGIN VALLEY REGIONAL REFUSE DISPOSAL DISTRICT,Landfill Gas,INTRASTATE,NEW HAMPSHIRE,0.0,0.0,0.0,0.0,0.0,0.0,0.0,0.0,0.0,0.0,0.0,0.0,0.0,0.0,0.0,0.0,0.0,0.0,0.0,0.0,0.0,
2/2/2026,2023.0,20241397.0,44762.0,38917.0,KING-MURRAY OPERATING COMPANY LLC,Natural Gas,INTRASTATE,FLORIDA,0.0,0.0,0.0,0.0,0.0,0.0,0.0,0.0,0.0,0.0,0.0,0.0,0.0,0.0,0.0,0.0,0.0,0.0,0.0,0.0,0.0,
2/2/2026,2023.0,20240088.0,43256.0,38920.0,"CHERRY ISLAND RENEWABLE ENERGY, LLC (CIRE)",Landfill Gas,INTRASTATE,DELAWARE,0.0,0.0,0.0,0.0,0.0,0.0,0.0,0.0,0.0,0.0,0.0,0.0,0.0,0.0,0.0,0.0,0.0,0.0,0.0,0.0,0.0,
2/2/2026,2023.0,20240557.0,43748.0,38923.0,PROSPECTOR PIPELINE COMPANY,Natural Gas,INTRASTATE,NEVADA,0.0,0.0,0.0,0.0,0.0,0.0,0.0,0.0,0.0,0.0,0.0,0.0,0.0,0.0,0.0,0.0,0.0,0.0,0.0,0.0,0.0,
2/2/2026,2023.0,20240526.0,43714.0,38925.0,"NUCOR STEEL KINGMAN, LLC",Natural Gas,INTRASTATE,ARIZONA,0.0,0.0,0.0,0.0,0.0,0.0,0.0,0.0,0.0,0.0,0.0,0.0,0.0,0.0,0.0,0.0,0.0,0.0,0.0,0.0,0.0,
2/2/2026,2023.0,20241030.0,44238.0,38926.0,BLACK BEAR MIDSTREAM LLC,Natural Gas,INTRASTATE,LOUISIANA,0.0,0.0,0.0,0.0,0.0,0.0,0.0,0.0,0.0,0.0,0.0,0.0,0.0,0.0,0.0,0.0,0.0,0.0,0.0,0.0,0.0,
2/2/2026,2023.0,20240389.0,43575.0,38927.0,UGI ENERGY SERVICES,Natural Gas,INTERSTATE,PENNSYLVANIA,0.0,0.0,0.0,0.0,6.619,6.619,0.0,0.0,0.0,0.0,0.0,0.0,0.0,0.0,0.0,0.0,0.0,0.0,0.0,6.619,6.619,
2/2/2026,2023.0,20240389.0,43575.0,38927.0,UGI ENERGY SERVICES,Natural Gas,INTRASTATE,OHIO,0.0,0.0,0.0,0.0,0.0,0.0,0.0,0.0,0.0,0.0,0.0,0.0,0.0,0.0,0.0,0.0,0.0,0.0,0.0,0.0,0.0,
2/2/2026,2023.0,20240389.0,43575.0,38927.0,UGI ENERGY SERVICES,Natural Gas,INTRASTATE,PENNSYLVANIA,0.0,0.0,0.0,0.0,0.396,0.396,0.0,0.0,0.0,0.0,0.0,0.0,0.0,0.0,0.0,0.0,0.0,0.0,0.0,0.396,0.396,
2/2/2026,2023.0,20240389.0,43575.0,38927.0,UGI ENERGY SERVICES,Natural Gas,INTRASTATE,WEST VIRGINIA,0.0,0.0,0.0,0.0,0.0,0.0,0.0,0.0,0.0,0.0,0.0,0.0,0.0,0.0,0.0,0.0,0.0,0.0,0.0,0.0,0.0,
2/2/2026,2023.0,20240111.0,44849.0,38929.0,"LYNX OPERATING CO., INC.",Natural Gas,INTRASTATE,TEXAS,0.0,0.0,0.0,0.0,0.0,0.0,0.0,0.0,0.0,0.0,0.0,0.0,0.0,0.0,0.0,0.0,0.0,0.0,0.0,0.0,0.0,
2/2/2026,2023.0,20241038.0,44246.0,38932.0,"BLUESTONE PIPELINE COMPANY OF PA, LLC",Natural Gas,INTRASTATE,NEW YORK,0.0,0.0,0.0,0.0,0.0,0.0,0.0,0.0,0.0,0.0,0.0,0.0,0.0,0.0,0.0,0.0,0.0,0.0,0.0,0.0,0.0,
2/2/2026,2023.0,20241038.0,44246.0,38932.0,"BLUESTONE PIPELINE COMPANY OF PA, LLC",Natural Gas,INTRASTATE,PENNSYLVANIA,0.0,0.0,0.0,0.0,0.0,0.0,0.0,0.0,0.0,0.0,0.0,0.0,0.0,0.0,0.0,0.0,0.0,0.0,0.0,0.0,0.0,
2/2/2026,2023.0,20240776.0,44659.0,38943.0,EAGLE FORD MIDSTREAM LLC,Natural Gas,INTRASTATE,TEXAS,0.0,0.0,0.0,0.0,0.0,0.0,0.0,0.0,0.0,0.0,0.0,0.0,0.0,0.149,0.149,0.0,0.0,0.0,0.0,0.149,0.149,
2/2/2026,2023.0,20240907.0,44109.0,38947.0,KINDER MORGAN ALTAMONT LLC,Natural Gas,INTRASTATE,UTAH,0.0,0.0,0.0,0.0,0.0,0.0,0.0,0.0,0.0,0.0,0.0,0.0,0.0,0.0,0.0,0.0,0.0,0.0,0.0,0.0,0.0,
2/2/2026,2023.0,20241272.0,44494.0,38949.0,"NAVARRO MIDSTREAM SERVICES, LLC.",Natural Gas,INTRASTATE,TEXAS,0.0,0.0,0.0,0.0,0.0,0.0,0.0,0.0,0.0,0.0,0.0,0.0,0.0,0.0,0.0,0.0,0.0,0.0,0.0,0.0,0.0,
2/2/2026,2023.0,20241162.0,44374.0,38950.0,"CADEVILLE GAS STORAGE, LLC",Natural Gas,INTERSTATE,LOUISIANA,0.0,0.0,0.0,0.0,0.0,0.0,0.0,0.0,0.0,0.0,0.0,0.0,0.0,0.0,0.0,0.0,0.0,0.0,0.0,0.0,0.0,
2/2/2026,2023.0,20240070.0,43235.0,38951.0,"PENNSYLVANIA GENERAL ENERGY COMPANY, LLC",Natural Gas,INTRASTATE,PENNSYLVANIA,0.0,0.0,0.0,0.0,0.0,0.0,0.0,0.0,0.0,0.0,0.0,0.0,0.0,0.0,0.0,0.0,0.0,0.0,0.0,0.0,0.0,
2/2/2026,2023.0,20240515.0,43703.0,38952.0,TPL ARKOMA HOLDINGS LLC,Natural Gas,INTRASTATE,OKLAHOMA,0.0,0.0,0.0,0.0,0.0,0.0,0.0,0.0,0.0,0.0,0.0,0.0,0.0,0.0,0.0,0.0,0.0,0.0,0.0,0.0,0.0,
2/2/2026,2023.0,20241451.0,44901.0,38954.0,ALLEGHENY LAND AND EXPLORATION,Natural Gas,INTRASTATE,PENNSYLVANIA,0.0,0.0,0.0,0.0,0.0,0.0,0.0,0.0,0.0,0.0,0.0,0.0,0.0,0.0,0.0,0.0,0.0,0.0,0.0,0.0,0.0,
2/2/2026,2023.0,20240794.0,43994.0,38955.0,SENECA LANDFILL,Other Gas-processed landfill gas,INTRASTATE,PENNSYLVANIA,0.0,0.0,0.0,0.0,0.0,0.0,0.0,0.0,0.0,0.0,0.0,0.0,0.0,0.0,0.0,0.0,0.0,0.0,0.0,0.0,0.0,
2/2/2026,2023.0,20241420.0,44832.0,38958.0,"PPG, LLC",Natural Gas,INTRASTATE,MICHIGAN,0.0,0.0,0.0,0.0,0.0,0.0,0.0,0.0,0.0,0.0,0.0,0.0,0.0,0.0,0.0,0.0,0.0,0.0,0.0,0.0,0.0,
2/2/2026,2023.0,20240173.0,43350.0,38959.0,CITY OF MIDLAND UTILITIES DIVISION,Landfill Gas,INTRASTATE,MICHIGAN,0.0,0.0,0.0,0.0,0.0,0.0,0.0,0.0,0.0,0.0,0.0,0.0,0.0,0.0,0.0,0.0,0.0,0.0,0.0,0.0,0.0,
2/2/2026,2023.0,20240091.0,44821.0,38965.0,"CITY OF ALBUQUERQUE, SOLID WASTE MANAGEMENT DEPT.",Landfill Gas,INTRASTATE,NEW MEXICO,1.0,0.0,1.0,0.0,0.0,0.0,0.0,0.0,0.0,0.0,0.0,0.0,0.0,0.0,0.0,0.0,0.0,0.0,1.0,0.0,1.0,
2/2/2026,2023.0,20241066.0,44274.0,38967.0,LIBERTY ENERGY (GEORGIA) CORP D/B/A LIBERTY UTILITIES GEORGIA,Natural Gas,INTRASTATE,GEORGIA,0.0,2.51,2.51,0.0,0.0,0.0,0.0,0.0,0.0,0.0,0.0,0.0,0.0,0.0,0.0,0.0,0.0,0.0,0.0,2.51,2.51,
2/2/2026,2023.0,20240321.0,43505.0,38972.0,ORANGE COUNTY SANITATION DISTRICT,Other Gas-Methane,INTRASTATE,CALIFORNIA,0.0,3.792,3.792,0.0,0.0,0.0,0.0,0.0,0.0,0.0,0.0,0.0,0.0,0.0,0.0,0.0,0.0,0.0,0.0,3.792,3.792,
2/2/2026,2023.0,20240209.0,43387.0,38987.0,KINETICA ENERGY EXPRESS LLC,Natural Gas,INTERSTATE,OCS-Gulf of Mexico,0.0,0.0,0.0,0.0,0.0,0.0,0.0,0.0,0.0,0.0,0.0,0.0,0.0,0.0,0.0,0.0,0.0,0.0,0.0,0.0,0.0,
2/2/2026,2023.0,20240395.0,43581.0,38989.0,EMERALD GATHERING AND TRANSMISSION,Natural Gas,INTRASTATE,TEXAS,0.0,0.0,0.0,0.0,0.0,0.0,0.0,0.0,0.0,0.0,0.0,0.0,0.0,0.0,0.0,0.0,0.0,0.0,0.0,0.0,0.0,
2/2/2026,2023.0,20241417.0,44825.0,38999.0,"HEMCO GAS GATHERING, L.L.C.",Natural Gas,INTRASTATE,TEXAS,0.0,0.0,0.0,0.0,0.0,0.0,0.0,0.0,0.0,0.0,0.0,0.0,0.0,0.0,0.0,0.0,0.0,0.0,0.0,0.0,0.0,
2/2/2026,2023.0,20241401.0,44769.0,39002.0,"ARP BARNETT PIPELINE, LLC",Natural Gas,INTRASTATE,TEXAS,0.0,0.0,0.0,0.0,0.0,0.0,0.0,0.0,0.0,0.0,0.0,0.0,0.0,0.0,0.0,0.0,0.0,0.0,0.0,0.0,0.0,
2/2/2026,2023.0,20241040.0,44248.0,39003.0,"DTM APPALACHIA GATHERING, LLC",Natural Gas,INTRASTATE,PENNSYLVANIA,0.0,0.0,0.0,0.0,0.0,0.0,0.0,0.0,0.0,0.0,0.0,0.0,0.0,0.0,0.0,0.0,0.0,0.0,0.0,0.0,0.0,
2/2/2026,2023.0,20241040.0,44248.0,39003.0,"DTM APPALACHIA GATHERING, LLC",Natural Gas,INTRASTATE,WEST VIRGINIA,0.0,0.0,0.0,0.0,0.0,0.0,0.0,0.0,0.0,0.0,0.0,0.0,0.0,0.0,0.0,0.0,0.0,0.0,0.0,0.0,0.0,
2/2/2026,2023.0,20240159.0,43335.0,39010.0,"BLUE RACER MIDSTREAM, LLC",Natural Gas,INTRASTATE,OHIO,0.0,0.0,0.0,0.0,0.0,0.0,0.0,0.0,0.0,0.0,0.0,0.0,0.0,0.0,0.0,0.0,0.0,0.0,0.0,0.0,0.0,
2/2/2026,2023.0,20240159.0,43335.0,39010.0,"BLUE RACER MIDSTREAM, LLC",Natural Gas,INTRASTATE,WEST VIRGINIA,0.0,0.0,0.0,0.0,0.0,0.0,0.0,0.0,0.0,0.0,0.0,0.0,0.0,0.0,0.0,0.0,0.0,0.0,0.0,0.0,0.0,
2/2/2026,2023.0,20240787.0,43987.0,39012.0,"SUMMIT MIDSTREAM PARTNERS, LLC",Natural Gas,INTRASTATE,COLORADO,0.0,0.0,0.0,0.0,0.0,0.0,0.0,0.0,0.0,0.0,0.0,0.0,0.0,0.0,0.0,0.0,0.0,0.0,0.0,0.0,0.0,
2/2/2026,2023.0,20240787.0,43987.0,39012.0,"SUMMIT MIDSTREAM PARTNERS, LLC",Natural Gas,INTRASTATE,OHIO,0.0,0.0,0.0,0.0,0.0,0.0,0.0,0.0,0.0,0.0,0.0,0.0,0.0,0.0,0.0,0.0,0.0,0.0,0.0,0.0,0.0,
2/2/2026,2023.0,20240787.0,43987.0,39012.0,"SUMMIT MIDSTREAM PARTNERS, LLC",Natural Gas,INTRASTATE,WEST VIRGINIA,0.0,0.0,0.0,0.0,0.0,0.0,0.0,0.0,0.0,0.0,0.0,0.0,0.0,0.0,0.0,0.0,0.0,0.0,0.0,0.0,0.0,
2/2/2026,2023.0,20241342.0,44904.0,39022.0,"FINLEY RESOURCES, INC.",Natural Gas,INTRASTATE,TEXAS,0.0,0.0,0.0,0.0,0.0,0.0,0.0,0.0,0.0,0.0,0.0,0.0,0.0,0.0,0.0,0.0,0.0,0.0,0.0,0.0,0.0,
2/2/2026,2023.0,20240961.0,44934.0,39027.0,NRG ENERGY SERVICES,Natural Gas,INTRASTATE,CALIFORNIA,0.0,0.0,0.0,0.0,0.0,0.0,0.0,0.0,0.0,0.0,0.0,0.0,0.0,0.0,0.0,0.0,0.0,0.0,0.0,0.0,0.0,
2/2/2026,2023.0,20241323.0,44548.0,39030.0,PARADOX MIDSTREAM LLC,Natural Gas,INTRASTATE,UTAH,0.0,0.0,0.0,0.0,0.0,0.0,0.0,0.0,0.0,0.0,0.0,0.0,0.0,0.0,0.0,0.0,0.0,0.0,0.0,0.0,0.0,
2/2/2026,2023.0,20241380.0,44614.0,39031.0,MINARD RUN OIL CO.,Natural Gas,INTRASTATE,NEW YORK,0.0,0.0,0.0,0.0,0.0,0.0,0.0,0.0,0.0,0.0,0.0,0.0,0.0,0.0,0.0,0.0,0.0,0.0,0.0,0.0,0.0,
2/2/2026,2023.0,20241380.0,44614.0,39031.0,MINARD RUN OIL CO.,Natural Gas,INTRASTATE,PENNSYLVANIA,0.0,0.0,0.0,0.0,0.0,0.0,0.0,0.0,0.0,0.0,0.0,0.0,0.0,0.0,0.0,0.0,0.0,0.0,0.0,0.0,0.0,
2/2/2026,2023.0,20240477.0,43665.0,39033.0,"NESSON GATHERING SYSTEM, LLC",Natural Gas,INTRASTATE,NORTH DAKOTA,0.0,0.0,0.0,0.0,0.0,0.0,0.0,0.0,0.0,0.0,0.0,0.0,0.0,0.0,0.0,0.0,0.0,0.0,0.0,0.0,0.0,
2/2/2026,2023.0,20240222.0,43400.0,39035.0,CANES MIDSTREAM G&P LLC,Natural Gas,INTRASTATE,TEXAS,0.0,0.0,0.0,0.0,0.0,0.0,0.0,0.0,0.0,0.0,0.0,0.0,0.0,0.0,0.0,0.0,0.0,0.0,0.0,0.0,0.0,
2/2/2026,2023.0,20241033.0,44241.0,39060.0,"PANTHER PIPELINE, LLC",Natural Gas,INTRASTATE,TEXAS,0.0,0.0,0.0,0.0,0.0,0.0,0.0,0.0,0.0,0.0,0.0,0.0,0.0,0.0,0.0,0.0,0.0,0.0,0.0,0.0,0.0,
2/2/2026,2023.0,20240205.0,43383.0,39063.0,"CORN, LP",Natural Gas,INTRASTATE,IOWA,0.0,0.0,0.0,0.0,0.0,0.0,0.0,0.0,0.0,0.0,0.0,0.0,0.0,0.0,0.0,0.0,0.0,0.0,0.0,0.0,0.0,
2/2/2026,2023.0,20241200.0,44740.0,39065.0,HESS ND,Natural Gas,INTRASTATE,NORTH DAKOTA,0.0,0.0,0.0,0.0,0.0,0.0,0.0,0.0,0.0,0.0,0.0,0.0,0.236,0.0,0.236,0.0,0.0,0.0,0.236,0.0,0.236,
2/2/2026,2023.0,20241293.0,44517.0,39066.0,"SUMMIT NATURAL GAS OF MAINE, INC.",Natural Gas,INTRASTATE,MAINE,0.0,0.0,0.0,0.0,11.6,11.6,0.0,0.0,0.0,0.0,0.0,0.0,0.0,0.0,0.0,0.0,0.0,0.0,0.0,11.6,11.6,
2/2/2026,2023.0,20240180.0,43357.0,39067.0,"POET BIOPROCESSING - ARTHUR, LLC",Natural Gas,INTRASTATE,IOWA,0.0,0.0,0.0,0.0,0.0,0.0,0.0,0.0,0.0,0.0,0.0,0.0,0.0,0.0,0.0,0.0,0.0,0.0,0.0,0.0,0.0,
2/2/2026,2023.0,20240052.0,43214.0,39070.0,"PGP OPERATING, LLC",Natural Gas,INTRASTATE,ALABAMA,0.0,0.0,0.0,0.0,0.0,0.0,0.0,0.0,0.0,0.0,0.0,0.0,0.0,0.0,0.0,0.0,0.0,0.0,0.0,0.0,0.0,
2/2/2026,2023.0,20240381.0,43567.0,39073.0,OCI BEAUMONT LLC,Natural Gas,INTRASTATE,TEXAS,0.22,0.0,0.22,0.0,0.0,0.0,0.0,0.0,0.0,0.0,0.0,0.0,0.0,0.0,0.0,0.0,0.0,0.0,0.22,0.0,0.22,
2/2/2026,2023.0,20240715.0,43915.0,39074.0,"ELK HILLS POWER, LLC",Natural Gas,INTRASTATE,CALIFORNIA,0.0,0.0,0.0,0.0,0.0,0.0,0.0,0.0,0.0,0.0,0.0,0.0,0.0,0.0,0.0,0.0,0.0,0.0,0.0,0.0,0.0,
2/2/2026,2023.0,20241361.0,44589.0,39078.0,GATEWAY DELMAR LLC,Natural Gas,INTRASTATE,NEW YORK,0.0,0.0,0.0,0.0,0.0,0.0,0.0,0.0,0.0,0.0,0.0,0.0,0.0,0.0,0.0,0.0,0.0,0.0,0.0,0.0,0.0,
2/2/2026,2023.0,20240455.0,43642.0,39081.0,"RIVERSIDE GENERATING COMPANY, LLC",Natural Gas,INTRASTATE,KENTUCKY,0.0,0.0,0.0,0.0,0.0,0.0,0.0,0.0,0.0,0.0,0.0,0.0,0.0,0.0,0.0,0.0,0.0,0.0,0.0,0.0,0.0,
2/2/2026,2023.0,20240517.0,43705.0,39082.0,TPL SOUTHTEX MIDSTREAM LLC,Natural Gas,INTRASTATE,TEXAS,0.0,0.0,0.0,0.0,0.0,0.0,0.0,0.0,0.0,0.0,0.0,0.0,0.0,0.0,0.0,0.0,0.0,0.0,0.0,0.0,0.0,
2/2/2026,2023.0,20240570.0,43761.0,39086.0,FT. BEND POWER PRODUCERS,Natural Gas,INTRASTATE,TEXAS,0.0,0.0,0.0,0.0,0.0,0.0,0.0,0.0,0.0,0.0,0.0,0.0,0.0,0.0,0.0,0.0,0.0,0.0,0.0,0.0,0.0,
2/2/2026,2023.0,20241062.0,44270.0,39087.0,"NFG MIDSTREAM CLERMONT, LLC",Natural Gas,INTRASTATE,PENNSYLVANIA,0.0,0.0,0.0,0.0,0.0,0.0,0.0,0.0,0.0,0.0,0.0,0.0,0.0,0.0,0.0,0.0,0.0,0.0,0.0,0.0,0.0,
2/2/2026,2023.0,20240813.0,44013.0,39089.0,SM ENERGY COMPANY,Natural Gas,INTRASTATE,TEXAS,0.0,0.0,0.0,0.0,0.0,0.0,0.0,0.0,0.0,0.0,0.0,0.0,0.0,0.0,0.0,0.0,0.0,0.0,0.0,0.0,0.0,
2/2/2026,2023.0,20240352.0,43536.0,39090.0,"NUTAAQ PIPELINE, LLC",Natural Gas,INTRASTATE,ALASKA,0.0,0.0,0.0,0.0,0.0,0.0,0.0,0.0,0.0,0.0,0.0,0.0,0.0,0.0,0.0,0.0,0.0,0.0,0.0,0.0,0.0,
2/2/2026,2023.0,20240487.0,44830.0,39094.0,"ELYSIUM JENNINGS, LLC",Natural Gas,INTRASTATE,LOUISIANA,0.0,0.0,0.0,0.0,0.1,0.1,0.0,0.0,0.0,0.0,0.0,0.0,0.0,0.0,0.0,0.0,0.0,0.0,0.0,0.1,0.1,
2/2/2026,2023.0,20240230.0,43408.0,39097.0,SOWEGA POWER LLC & BACONTON POWER LLC,Natural Gas,INTRASTATE,GEORGIA,0.0,0.0,0.0,0.0,0.0,0.0,0.0,0.0,0.0,0.0,0.0,0.0,0.0,0.0,0.0,0.0,0.0,0.0,0.0,0.0,0.0,
2/2/2026,2023.0,20241058.0,44266.0,39099.0,CALIBER NORTH DAKOTA LLC,Natural Gas,INTRASTATE,NORTH DAKOTA,0.0,0.0,0.0,0.0,0.0,0.0,0.0,0.0,0.0,0.0,0.0,0.0,0.0,0.0,0.0,0.0,0.0,0.0,0.0,0.0,0.0,
2/2/2026,2023.0,20240275.0,43456.0,39105.0,VALERO PARTNERS OPERATING CO. LLC,Natural Gas,INTRASTATE,MISSISSIPPI,0.0,0.0,0.0,0.0,0.0,0.0,0.0,0.0,0.0,0.0,0.0,0.0,0.0,0.0,0.0,0.0,0.0,0.0,0.0,0.0,0.0,
2/2/2026,2023.0,20241078.0,44288.0,39109.0,"SUSQUEHANNA GATHERING COMPANY I, LLC",Natural Gas,INTRASTATE,PENNSYLVANIA,0.0,0.0,0.0,0.0,0.0,0.0,0.0,0.0,0.0,0.0,0.0,0.0,0.0,0.0,0.0,0.0,0.0,0.0,0.0,0.0,0.0,
2/2/2026,2023.0,20241367.0,44596.0,39110.0,"COMINS PIPELINE, LLC",Natural Gas,INTRASTATE,MICHIGAN,0.0,0.0,0.0,0.0,0.0,0.0,0.0,0.0,0.0,0.0,0.0,0.0,0.0,0.0,0.0,0.0,0.0,0.0,0.0,0.0,0.0,
2/2/2026,2023.0,20240963.0,44707.0,39112.0,"ENLINK MIDSTREAM SERVICES, LLC",Natural Gas,INTRASTATE,OKLAHOMA,0.0,0.0,0.0,0.0,0.0,0.0,0.0,0.0,0.0,0.0,0.0,0.0,0.0,0.0,0.0,0.0,0.0,0.0,0.0,0.0,0.0,
2/2/2026,2023.0,20240963.0,44707.0,39112.0,"ENLINK MIDSTREAM SERVICES, LLC",Natural Gas,INTRASTATE,TEXAS,0.0,0.0,0.0,0.0,1.649,1.649,0.0,0.0,0.0,0.0,0.0,0.0,0.0,0.0,0.0,0.0,0.0,0.0,0.0,1.649,1.649,
2/2/2026,2023.0,20241440.0,44880.0,39113.0,CITY OF GREENSBORO,Landfill Gas,INTRASTATE,NORTH CAROLINA,0.0,0.2,0.2,0.0,0.0,0.0,0.0,0.0,0.0,0.0,0.0,0.0,0.0,0.0,0.0,0.0,0.0,0.0,0.0,0.2,0.2,
2/2/2026,2023.0,20240527.0,43715.0,39117.0,"TX PIPELINE WEBB CO LEAN SYS, LLC",Natural Gas,INTRASTATE,TEXAS,0.0,0.0,0.0,0.0,0.0,0.0,0.0,0.0,0.0,0.0,0.0,0.0,0.0,0.0,0.0,0.0,0.0,0.0,0.0,0.0,0.0,
2/2/2026,2023.0,20240532.0,43720.0,39120.0,"TX PIPELINE WEBB CO RICH SYS, LLC",Natural Gas,INTRASTATE,TEXAS,0.0,0.0,0.0,0.0,0.0,0.0,0.0,0.0,0.0,0.0,0.0,0.0,0.0,0.0,0.0,0.0,0.0,0.0,0.0,0.0,0.0,
2/2/2026,2023.0,20240805.0,44846.0,39126.0,"GENERAL GAS PIPELINE, LLC",Natural Gas,INTRASTATE,TENNESSEE,0.0,0.0,0.0,0.0,1.0,1.0,0.0,0.0,0.0,0.0,0.0,0.0,0.0,0.0,0.0,0.0,0.0,0.0,0.0,1.0,1.0,
2/2/2026,2023.0,20240918.0,44120.0,39133.0,DOMTAR PAPER COMPANY,Natural Gas,INTRASTATE,TENNESSEE,0.0,0.0,0.0,0.0,0.0,0.0,0.0,0.0,0.0,0.0,0.0,0.0,0.0,0.0,0.0,0.0,0.0,0.0,0.0,0.0,0.0,
2/2/2026,2023.0,20240020.0,43178.0,39134.0,"ZEELAND FARM SERVICES, INC.",Landfill Gas,INTRASTATE,MICHIGAN,0.0,0.0,0.0,0.0,0.32,0.32,0.0,0.0,0.0,0.0,0.0,0.0,0.0,0.0,0.0,0.0,0.0,0.0,0.0,0.32,0.32,
2/2/2026,2023.0,20240534.0,43722.0,39138.0,"BOARDWALK LOUISIANA MIDSTREAM, LLC",Other Gas-Ethylene,INTRASTATE,LOUISIANA,0.0,0.0,0.0,0.0,0.51,0.51,0.0,0.0,0.0,0.0,0.0,0.0,0.0,0.0,0.0,0.0,0.0,0.0,0.0,0.51,0.51,
2/2/2026,2023.0,20240310.0,44783.0,39142.0,ENERFIN FIELD SERVICES LLC,Natural Gas,INTRASTATE,LOUISIANA,0.0,0.0,0.0,0.0,0.0,0.0,0.0,0.0,0.0,0.0,0.0,0.0,0.0,0.0,0.0,0.0,0.0,0.0,0.0,0.0,0.0,
2/2/2026,2023.0,20240310.0,44783.0,39142.0,ENERFIN FIELD SERVICES LLC,Natural Gas,INTRASTATE,TEXAS,1.458,0.0,1.458,0.0,0.0,0.0,0.0,0.0,0.0,0.0,0.0,0.0,0.0,0.0,0.0,0.0,0.0,0.0,1.458,0.0,1.458,
2/2/2026,2023.0,20240137.0,43308.0,39148.0,ARGOS CEMENT LLC,Natural Gas,INTRASTATE,FLORIDA,0.0,0.0,0.0,0.0,0.0,0.0,0.0,0.0,0.0,0.0,0.0,0.0,0.0,0.0,0.0,0.0,0.0,0.0,0.0,0.0,0.0,
2/2/2026,2023.0,20241437.0,44873.0,39155.0,"FORESTA GATHERING, LLC",Natural Gas,INTRASTATE,TEXAS,0.0,0.0,0.0,0.0,0.0,0.0,0.0,0.0,0.0,0.0,0.0,0.0,0.0,0.0,0.0,0.0,0.0,0.0,0.0,0.0,0.0,
2/2/2026,2023.0,20240519.0,43707.0,39156.0,TARGA FRIO LASALLE PIPELINE LP,Natural Gas,INTRASTATE,TEXAS,0.0,0.0,0.0,0.0,0.0,0.0,0.0,0.0,0.0,0.0,0.0,0.0,0.0,0.0,0.0,0.0,0.0,0.0,0.0,0.0,0.0,
2/2/2026,2023.0,20241171.0,44384.0,39162.0,ANTERO MIDSTREAM CORPORATION,Natural Gas,INTRASTATE,OHIO,0.0,0.0,0.0,0.0,0.0,0.0,0.0,0.0,0.0,0.0,0.0,0.0,0.0,0.0,0.0,0.0,0.0,0.0,0.0,0.0,0.0,
2/2/2026,2023.0,20241171.0,44384.0,39162.0,ANTERO MIDSTREAM CORPORATION,Natural Gas,INTRASTATE,WEST VIRGINIA,0.0,0.0,0.0,0.0,0.0,0.0,0.0,0.0,0.0,0.0,0.0,0.0,0.0,0.0,0.0,0.0,0.0,0.0,0.0,0.0,0.0,
2/2/2026,2023.0,20240746.0,43946.0,39167.0,"SABAL TRAIL TRANSMISSION, LLC",Natural Gas,INTERSTATE,ALABAMA,0.0,0.0,0.0,0.0,0.0,0.0,0.0,4.84,4.84,0.0,0.0,0.0,0.0,0.0,0.0,0.0,0.0,0.0,0.0,4.84,4.84,
2/2/2026,2023.0,20240746.0,43946.0,39167.0,"SABAL TRAIL TRANSMISSION, LLC",Natural Gas,INTERSTATE,FLORIDA,0.0,0.0,0.0,0.0,0.0,0.0,0.0,37.47,37.47,0.0,0.0,0.0,0.0,0.0,0.0,0.0,0.0,0.0,0.0,37.47,37.47,
2/2/2026,2023.0,20240746.0,43946.0,39167.0,"SABAL TRAIL TRANSMISSION, LLC",Natural Gas,INTERSTATE,GEORGIA,0.0,0.0,0.0,0.0,0.0,0.0,0.0,6.56,6.56,0.0,0.0,0.0,0.0,0.0,0.0,0.0,0.0,0.0,0.0,6.56,6.56,
2/2/2026,2023.0,20240950.0,44152.0,39168.0,UNITED NATURAL GAS-NW GAS CONTRACTED,Natural Gas,INTRASTATE,MINNESOTA,0.0,0.0,0.0,0.0,0.0,0.0,0.0,0.0,0.0,0.0,0.0,0.0,0.0,0.0,0.0,0.0,0.0,0.0,0.0,0.0,0.0,
2/2/2026,2023.0,20240668.0,43863.0,39172.0,COPANO FIELD SERVICES/SOUTH TEXAS LLC,Natural Gas,INTRASTATE,TEXAS,0.0,0.0,0.0,0.0,0.0,0.0,0.0,0.0,0.0,0.0,0.0,0.0,0.0,0.0,0.0,0.0,0.0,0.0,0.0,0.0,0.0,
2/2/2026,2023.0,20240215.0,44636.0,39178.0,DUKE ENERGY- INDIANA NOBLESVILLE STATION,Natural Gas,INTRASTATE,INDIANA,0.0,0.0,0.0,0.0,0.23,0.23,0.0,0.0,0.0,0.0,0.0,0.0,0.0,0.0,0.0,0.0,0.0,0.0,0.0,0.23,0.23,
2/2/2026,2023.0,20240823.0,44023.0,39179.0,"AMPLIFY ENERGY OPERATING, LLC",Natural Gas,INTRASTATE,TEXAS,0.0,0.0,0.0,0.0,0.0,0.0,0.0,0.0,0.0,0.0,0.0,0.0,0.0,0.0,0.0,0.0,0.0,0.0,0.0,0.0,0.0,
2/2/2026,2023.0,20240120.0,43291.0,39180.0,INVENERGY NELSON LLC,Natural Gas,INTRASTATE,ILLINOIS,0.0,0.0,0.0,0.0,0.0,0.0,0.0,0.0,0.0,0.0,0.0,0.0,0.0,0.0,0.0,0.0,0.0,0.0,0.0,0.0,0.0,
2/2/2026,2023.0,20240035.0,43196.0,39189.0,"SANARE ENERGY PARTNERS, LLC",Natural Gas,INTERSTATE,OCS-Gulf of Mexico,0.0,0.0,0.0,0.0,0.0,0.0,0.0,0.0,0.0,0.0,0.0,0.0,0.0,0.0,0.0,0.0,0.0,0.0,0.0,0.0,0.0,
2/2/2026,2023.0,20240265.0,43446.0,39192.0,"NEXUS GAS TRANSMISSION, LLC",Natural Gas,INTERSTATE,MICHIGAN,0.0,0.0,0.0,0.0,0.0,0.0,0.0,8.88,8.88,0.0,0.0,0.0,0.0,0.0,0.0,0.0,0.0,0.0,0.0,8.88,8.88,
2/2/2026,2023.0,20240265.0,43446.0,39192.0,"NEXUS GAS TRANSMISSION, LLC",Natural Gas,INTERSTATE,OHIO,0.0,0.0,0.0,0.0,0.0,0.0,0.0,37.25,37.25,0.0,0.0,0.0,0.0,0.0,0.0,0.0,0.0,0.0,0.0,37.25,37.25,
2/2/2026,2023.0,20240630.0,43825.0,39193.0,"ROVER PIPELINE, LLC",Natural Gas,INTERSTATE,MICHIGAN,0.0,0.0,0.0,0.0,8.68,8.68,0.0,0.0,0.0,0.0,0.0,0.0,0.0,0.0,0.0,0.0,0.0,0.0,0.0,8.68,8.68,
2/2/2026,2023.0,20240630.0,43825.0,39193.0,"ROVER PIPELINE, LLC",Natural Gas,INTERSTATE,OHIO,0.0,0.0,0.0,0.0,23.63,23.63,0.0,0.0,0.0,0.0,0.0,0.0,0.0,0.0,0.0,0.0,0.0,0.0,0.0,23.63,23.63,
2/2/2026,2023.0,20240630.0,43825.0,39193.0,"ROVER PIPELINE, LLC",Natural Gas,INTERSTATE,WEST VIRGINIA,0.0,0.0,0.0,0.0,0.54,0.54,0.0,0.0,0.0,0.0,0.0,0.0,0.0,0.0,0.0,0.0,0.0,0.0,0.0,0.54,0.54,
2/2/2026,2023.0,20240680.0,43875.0,39194.0,SIERRITA GAS PIPELINE LLC,Natural Gas,INTERSTATE,ARIZONA,0.0,0.0,0.0,0.0,0.0,0.0,0.0,0.0,0.0,0.0,0.0,0.0,0.0,0.0,0.0,0.0,0.0,0.0,0.0,0.0,0.0,
2/2/2026,2023.0,20241034.0,44242.0,39201.0,"CHANDELEUR PIPE LINE, LLC",Natural Gas,INTERSTATE,ALABAMA,0.0,0.0,0.0,0.0,0.0,0.0,0.0,0.0,0.0,0.0,0.0,0.0,0.0,0.0,0.0,0.0,0.0,0.0,0.0,0.0,0.0,
2/2/2026,2023.0,20241034.0,44242.0,39201.0,"CHANDELEUR PIPE LINE, LLC",Natural Gas,INTERSTATE,LOUISIANA,0.0,0.0,0.0,0.0,0.0,0.0,0.0,0.0,0.0,0.0,0.0,0.0,0.0,0.0,0.0,0.0,0.0,0.0,0.0,0.0,0.0,
2/2/2026,2023.0,20241034.0,44242.0,39201.0,"CHANDELEUR PIPE LINE, LLC",Natural Gas,INTERSTATE,MISSISSIPPI,0.0,0.0,0.0,0.0,0.0,0.0,0.0,0.0,0.0,0.0,0.0,0.0,0.0,0.0,0.0,0.0,0.0,0.0,0.0,0.0,0.0,
2/2/2026,2023.0,20241034.0,44242.0,39201.0,"CHANDELEUR PIPE LINE, LLC",Natural Gas,INTERSTATE,OCS-Gulf of Mexico,0.0,0.0,0.0,0.0,0.0,0.0,0.0,0.0,0.0,0.0,0.0,0.0,0.0,0.0,0.0,0.0,0.0,0.0,0.0,0.0,0.0,
2/2/2026,2023.0,20240151.0,43325.0,39207.0,RIVERSIDE PETROLEUM INDIANA,Natural Gas,INTRASTATE,INDIANA,0.0,0.0,0.0,0.0,0.0,0.0,0.0,0.0,0.0,0.0,0.0,0.0,0.0,0.0,0.0,0.0,0.0,0.0,0.0,0.0,0.0,
2/2/2026,2023.0,20240683.0,43878.0,39211.0,"RICHLAND STRYKER GENERATION, LLC",Natural Gas,INTRASTATE,OHIO,0.0,0.386,0.386,0.0,0.0,0.0,0.0,0.0,0.0,0.0,0.0,0.0,0.0,0.0,0.0,0.0,0.0,0.0,0.0,0.386,0.386,
2/2/2026,2023.0,20241163.0,44674.0,39216.0,TALLGRASS MIDSTREAM LLC,Natural Gas,INTERSTATE,WYOMING,0.0,0.0,0.0,0.0,0.0,0.0,0.0,0.0,0.0,0.0,0.0,0.0,0.0,0.0,0.0,0.0,0.0,0.0,0.0,0.0,0.0,
2/2/2026,2023.0,20241328.0,44553.0,39218.0,LEATHERSTOCKING GAS COMPANY,Natural Gas,INTRASTATE,PENNSYLVANIA,0.0,0.0,0.0,0.0,0.0,0.0,0.0,0.0,0.0,0.0,0.0,0.0,0.0,0.0,0.0,0.0,0.0,0.0,0.0,0.0,0.0,
2/2/2026,2023.0,20240790.0,43990.0,39223.0,"NET MEXICO PIPELINE PARTNERS, LLC",Natural Gas,INTRASTATE,TEXAS,0.0,0.0,0.0,0.0,0.0,0.0,0.0,0.0,0.0,0.0,0.0,0.0,0.0,2.697,2.697,0.0,0.0,0.0,0.0,2.697,2.697,
2/2/2026,2023.0,20240872.0,44072.0,39230.0,"BUFFCO PRODUCTION, INC.",Natural Gas,INTRASTATE,TEXAS,0.0,0.0,0.0,0.0,0.0,0.0,0.0,0.0,0.0,0.0,0.0,0.0,0.0,0.0,0.0,0.0,0.0,0.0,0.0,0.0,0.0,
2/2/2026,2023.0,20241153.0,44365.0,39232.0,MATADOR PRODUCTION COMPANY,Natural Gas,INTRASTATE,LOUISIANA,0.0,0.0,0.0,0.0,0.0,0.0,0.0,0.0,0.0,0.0,0.0,0.0,0.0,0.0,0.0,0.0,0.0,0.0,0.0,0.0,0.0,
2/2/2026,2023.0,20241153.0,44365.0,39232.0,MATADOR PRODUCTION COMPANY,Natural Gas,INTRASTATE,NEW MEXICO,0.0,0.0,0.0,0.0,0.0,0.0,0.0,0.0,0.0,0.0,0.0,0.0,0.0,0.0,0.0,0.0,0.0,0.0,0.0,0.0,0.0,
2/2/2026,2023.0,20241153.0,44365.0,39232.0,MATADOR PRODUCTION COMPANY,Natural Gas,INTRASTATE,TEXAS,0.0,0.0,0.0,0.0,0.0,0.0,0.0,0.0,0.0,0.0,0.0,0.0,0.0,0.0,0.0,0.0,0.0,0.0,0.0,0.0,0.0,
2/2/2026,2023.0,20241041.0,44844.0,39234.0,"UNITED GAS PIPELINE COMPANY, LLC",Natural Gas,INTRASTATE,WEST VIRGINIA,0.0,0.0,0.0,0.0,0.0,0.0,0.0,0.0,0.0,0.0,0.0,0.0,0.0,0.0,0.0,0.0,0.0,0.0,0.0,0.0,0.0,
2/2/2026,2023.0,20241063.0,44271.0,39235.0,"AJAX PIPE LINE COMPANY, LLC",Natural Gas,INTRASTATE,WEST VIRGINIA,0.0,0.0,0.0,0.0,0.0,0.0,0.0,0.0,0.0,0.0,0.0,0.0,0.0,0.0,0.0,0.0,0.0,0.0,0.0,0.0,0.0,
2/2/2026,2023.0,20240425.0,43612.0,39246.0,"VISTA ENERGY, INC.",Natural Gas,INTRASTATE,PENNSYLVANIA,0.0,0.0,0.0,0.0,0.0,0.0,0.0,0.0,0.0,0.0,0.0,0.0,0.0,0.0,0.0,0.0,0.0,0.0,0.0,0.0,0.0,
2/2/2026,2023.0,20240528.0,43716.0,39248.0,"DIVIDE CREEK GATHERING SYSTEM, LLC",Natural Gas,INTRASTATE,COLORADO,0.0,0.0,0.0,0.0,0.0,0.0,0.0,0.0,0.0,0.0,0.0,0.0,0.0,0.0,0.0,0.0,0.0,0.0,0.0,0.0,0.0,
2/2/2026,2023.0,20240211.0,43389.0,39249.0,"BRD ONE, LLC",Landfill Gas,INTRASTATE,NEBRASKA,0.0,0.0,0.0,0.0,0.0,0.0,0.0,0.0,0.0,0.0,0.0,0.0,0.0,0.0,0.0,0.0,0.0,0.0,0.0,0.0,0.0,
2/2/2026,2023.0,20240161.0,44755.0,39250.0,AIX ENERGY LLC,Natural Gas,INTRASTATE,ALASKA,1.27,0.0,1.27,0.0,0.0,0.0,0.0,0.0,0.0,0.0,0.0,0.0,0.0,0.0,0.0,0.0,0.0,0.0,1.27,0.0,1.27,
2/2/2026,2023.0,20240226.0,43404.0,39252.0,"FASKEN OIL AND RANCH, LTD.",Natural Gas,INTRASTATE,TEXAS,0.0,0.0,0.0,0.0,0.0,0.0,0.0,0.0,0.0,0.0,0.0,0.0,0.0,0.0,0.0,0.0,0.0,0.0,0.0,0.0,0.0,
2/2/2026,2023.0,20240152.0,44645.0,39253.0,"CONSOLIDATED ASSET MANAGEMENT SERVICES (TX), LLC",Natural Gas,INTRASTATE,TEXAS,0.0,0.0,0.0,0.0,19.9,19.9,0.0,0.0,0.0,0.0,0.0,0.0,0.0,0.0,0.0,0.0,0.0,0.0,0.0,19.9,19.9,
2/2/2026,2023.0,20240021.0,43179.0,39255.0,"ARSENAL MIDSTREAM, LLC",Natural Gas,INTRASTATE,WEST VIRGINIA,0.0,0.0,0.0,0.0,0.0,0.0,0.0,0.0,0.0,0.0,0.0,0.0,0.0,0.0,0.0,0.0,0.0,0.0,0.0,0.0,0.0,
2/2/2026,2023.0,20240599.0,43792.0,39263.0,HAYNESVILLE GATHERING LP,Natural Gas,INTRASTATE,LOUISIANA,0.0,0.0,0.0,0.0,0.0,0.0,0.0,0.0,0.0,0.0,0.0,0.0,0.0,0.0,0.0,0.0,0.0,0.0,0.0,0.0,0.0,
2/2/2026,2023.0,20241231.0,44612.0,39266.0,URBAN OIL & GAS GROUP,Natural Gas,INTRASTATE,UTAH,0.0,0.0,0.0,0.0,0.0,0.0,0.0,0.0,0.0,0.0,0.0,0.0,0.0,0.0,0.0,0.0,0.0,0.0,0.0,0.0,0.0,
2/2/2026,2023.0,20241281.0,44505.0,39267.0,"EAGLERIDGE OPERATING, LLC",Natural Gas,INTRASTATE,TEXAS,0.0,0.0,0.0,0.0,0.0,0.0,0.0,0.0,0.0,0.0,0.0,0.0,0.0,0.0,0.0,0.0,0.0,0.0,0.0,0.0,0.0,
2/2/2026,2023.0,20241057.0,44265.0,39270.0,"COMMERCE MIDSTREAM, LLC",Natural Gas,INTRASTATE,TEXAS,0.0,0.0,0.0,11.628,0.0,11.628,0.0,0.0,0.0,0.0,0.0,0.0,0.0,0.0,0.0,0.0,0.0,0.0,11.628,0.0,11.628,
2/2/2026,2023.0,20240916.0,44118.0,39275.0,"WACKER POLYSILICON NORTH AMERICA, LLC",Other Gas-chlorine,INTRASTATE,TENNESSEE,0.0,0.0,0.0,0.0,0.0,0.0,0.0,0.0,0.0,0.0,0.0,0.0,0.0,0.0,0.0,0.0,0.0,0.0,0.0,0.0,0.0,
2/2/2026,2023.0,20240855.0,44795.0,39276.0,OLIN CORPORATION,Other Gas-Chlorine,INTRASTATE,TENNESSEE,0.0,0.0,0.0,0.0,0.0,0.0,0.0,0.0,0.0,0.0,0.0,0.0,0.0,0.87,0.87,0.0,0.0,0.0,0.0,0.87,0.87,
2/2/2026,2023.0,20240219.0,43397.0,39282.0,CRISP COUNTY POWER COMMISSION,Natural Gas,INTRASTATE,GEORGIA,0.0,0.0,0.0,0.0,0.0,0.0,0.0,0.0,0.0,0.0,0.0,0.0,0.0,0.0,0.0,0.0,0.0,0.0,0.0,0.0,0.0,
2/2/2026,2023.0,20241157.0,44369.0,39293.0,DDS RENTALS LLC,Natural Gas,INTRASTATE,IOWA,0.0,0.0,0.0,0.0,0.0,0.0,0.0,0.0,0.0,0.0,0.0,0.0,0.0,0.0,0.0,0.0,0.0,0.0,0.0,0.0,0.0,
2/2/2026,2023.0,20240930.0,44132.0,39303.0,"BASA RESOURCES, INC.",Natural Gas,INTRASTATE,TEXAS,0.0,0.0,0.0,0.0,0.0,0.0,0.0,0.0,0.0,0.0,0.0,0.0,0.0,0.0,0.0,0.0,0.0,0.0,0.0,0.0,0.0,
2/2/2026,2023.0,20241473.0,44972.0,39306.0,"HILLTOP RESORT GS, LLC",Natural Gas,INTRASTATE,TEXAS,0.0,0.0,0.0,0.0,0.0,0.0,0.0,0.0,0.0,0.0,0.0,0.0,0.0,0.0,0.0,0.0,0.0,0.0,0.0,0.0,0.0,
2/2/2026,2023.0,20241395.0,44719.0,39312.0,"FREEDOM PIPELINE, LLC",Natural Gas,INTRASTATE,TEXAS,0.0,0.0,0.0,0.0,0.0,0.0,0.0,0.0,0.0,0.0,0.0,0.0,0.0,0.0,0.0,0.0,0.0,0.0,0.0,0.0,0.0,
2/2/2026,2023.0,20240373.0,43559.0,39313.0,"MAVERICK TERMINAL THREE RIVERS, LLC",Natural Gas,INTRASTATE,TEXAS,0.0,0.0,0.0,0.0,0.0,0.0,0.0,0.0,0.0,0.0,0.0,0.0,0.0,0.0,0.0,0.0,0.0,0.0,0.0,0.0,0.0,
2/2/2026,2023.0,20240307.0,43490.0,39317.0,SCOUT ENERGY MANAGEMENT LLC,Natural Gas,INTRASTATE,KANSAS,0.0,0.0,0.0,0.0,0.0,0.0,0.0,0.0,0.0,0.0,0.0,0.0,0.0,0.0,0.0,0.0,0.0,0.0,0.0,0.0,0.0,
2/2/2026,2023.0,20240945.0,44823.0,39320.0,CHISOS PIPELINE COMPANY LLC,Natural Gas,INTRASTATE,LOUISIANA,0.0,0.0,0.0,0.0,2.39,2.39,0.0,0.0,0.0,0.0,0.0,0.0,0.0,0.0,0.0,0.0,0.0,0.0,0.0,2.39,2.39,
2/2/2026,2023.0,20240945.0,44823.0,39320.0,CHISOS PIPELINE COMPANY LLC,Natural Gas,INTRASTATE,MISSISSIPPI,0.0,0.0,0.0,0.0,0.0,0.0,0.0,0.0,0.0,0.0,0.0,0.0,0.0,0.0,0.0,0.0,0.0,0.0,0.0,0.0,0.0,
2/2/2026,2023.0,20240010.0,43167.0,39322.0,"COMPASS NATURAL GAS PARTNERS, LP",Natural Gas,INTRASTATE,PENNSYLVANIA,0.0,0.0,0.0,0.0,0.0,0.0,0.0,0.0,0.0,0.0,0.0,0.0,0.0,0.0,0.0,0.0,0.0,0.0,0.0,0.0,0.0,
2/2/2026,2023.0,20240474.0,44639.0,39323.0,ELLWOOD REALTY ACQUISITION COMPANY (ERAC),Natural Gas,INTRASTATE,PENNSYLVANIA,0.0,3.0,3.0,0.0,0.0,0.0,0.0,0.0,0.0,0.0,0.0,0.0,0.0,0.0,0.0,0.0,0.0,0.0,0.0,3.0,3.0,
2/2/2026,2023.0,20240384.0,43570.0,39324.0,"HEP PENNSYLVANIA GATHERING, LLC",Natural Gas,INTRASTATE,PENNSYLVANIA,0.0,0.0,0.0,0.0,0.0,0.0,0.0,0.0,0.0,0.0,0.0,0.0,0.0,0.0,0.0,0.0,0.0,0.0,0.0,0.0,0.0,
2/2/2026,2023.0,20240157.0,43332.0,39325.0,"TALOS ENERGY, LLC",Natural Gas,INTERSTATE,OCS-Gulf of Mexico,0.0,0.0,0.0,0.0,0.0,0.0,0.0,0.0,0.0,0.0,0.0,0.0,0.0,0.0,0.0,0.0,0.0,0.0,0.0,0.0,0.0,
2/2/2026,2023.0,20240329.0,43513.0,39337.0,"TRIBUNE RESOURCES, LLC",Natural Gas,INTRASTATE,WEST VIRGINIA,0.0,0.0,0.0,0.0,0.0,0.0,0.0,0.0,0.0,0.0,0.0,0.0,0.0,0.0,0.0,0.0,0.0,0.0,0.0,0.0,0.0,
2/2/2026,2023.0,20240252.0,43431.0,39338.0,TESORO ALASKA COMPANY LLC,Natural Gas,INTRASTATE,ALASKA,0.0,0.0,0.0,0.0,0.0,0.0,0.0,0.0,0.0,0.0,0.0,0.0,0.0,0.0,0.0,0.0,0.0,0.0,0.0,0.0,0.0,
2/2/2026,2023.0,20240359.0,43545.0,39345.0,COBRA OIL & GAS CORP.,Natural Gas,INTRASTATE,MICHIGAN,0.0,0.0,0.0,0.0,0.0,0.0,0.0,0.0,0.0,0.0,0.0,0.0,0.0,0.0,0.0,0.0,0.0,0.0,0.0,0.0,0.0,
2/2/2026,2023.0,20240624.0,43818.0,39352.0,"GENESIS OFFSHORE HOLDINGS, LLC",Natural Gas,INTERSTATE,OCS-Gulf of Mexico,0.0,0.0,0.0,0.0,0.0,0.0,0.0,0.0,0.0,0.0,0.0,0.0,0.0,0.0,0.0,0.0,0.0,0.0,0.0,0.0,0.0,
2/2/2026,2023.0,20240565.0,43756.0,39356.0,AETHON ENERGY OPERATING LLC,Natural Gas,INTRASTATE,TEXAS,0.0,0.0,0.0,0.0,0.0,0.0,0.0,0.0,0.0,0.0,0.0,0.0,0.0,0.0,0.0,0.0,0.0,0.0,0.0,0.0,0.0,
2/2/2026,2023.0,20240751.0,43951.0,39361.0,"UNIVERSITY OF ARKANSAS, FAYETTEVILLE",Natural Gas,INTRASTATE,ARKANSAS,0.0,0.0,0.0,0.0,0.0,0.0,1.07,0.0,1.07,0.0,0.0,0.0,0.0,0.0,0.0,0.0,0.0,0.0,1.07,0.0,1.07,
2/2/2026,2023.0,20240475.0,43663.0,39368.0,CRESTWOOD MIDSTREAM PARTNERS LP,Natural Gas,INTRASTATE,NEW MEXICO,0.0,0.0,0.0,0.0,0.0,0.0,0.0,0.0,0.0,0.0,0.0,0.0,0.0,0.0,0.0,0.0,0.0,0.0,0.0,0.0,0.0,
2/2/2026,2023.0,20240475.0,43663.0,39368.0,CRESTWOOD MIDSTREAM PARTNERS LP,Natural Gas,INTRASTATE,NORTH DAKOTA,0.0,0.0,0.0,0.0,0.0,0.0,0.0,0.0,0.0,0.0,0.0,0.0,0.0,0.0,0.0,0.0,0.0,0.0,0.0,0.0,0.0,
2/2/2026,2023.0,20240475.0,43663.0,39368.0,CRESTWOOD MIDSTREAM PARTNERS LP,Natural Gas,INTRASTATE,TEXAS,0.0,0.0,0.0,0.0,0.0,0.0,0.0,0.0,0.0,0.0,0.0,0.0,0.0,0.0,0.0,0.0,0.0,0.0,0.0,0.0,0.0,
2/2/2026,2023.0,20240475.0,43663.0,39368.0,CRESTWOOD MIDSTREAM PARTNERS LP,Natural Gas,INTRASTATE,WYOMING,0.0,0.0,0.0,0.0,0.0,0.0,0.0,0.0,0.0,0.0,0.0,0.0,0.0,0.0,0.0,0.0,0.0,0.0,0.0,0.0,0.0,
2/2/2026,2023.0,20240114.0,43283.0,39370.0,"NORTHWEST GAS PROCESSING, LLC",Natural Gas,INTRASTATE,IDAHO,0.0,0.0,0.0,0.0,0.0,0.0,0.0,0.0,0.0,0.0,0.0,0.0,0.0,0.0,0.0,0.0,0.0,0.0,0.0,0.0,0.0,
2/2/2026,2023.0,20240127.0,43298.0,39372.0,"BLACK HILLS SHOSHONE PIPELINE, LLC",Natural Gas,INTERSTATE,MONTANA,0.0,0.0,0.0,0.0,0.0,0.0,0.0,0.0,0.0,0.0,0.0,0.0,0.0,0.0,0.0,0.0,0.0,0.0,0.0,0.0,0.0,
2/2/2026,2023.0,20240127.0,43298.0,39372.0,"BLACK HILLS SHOSHONE PIPELINE, LLC",Natural Gas,INTERSTATE,WYOMING,0.0,0.0,0.0,0.0,0.0,0.0,0.0,0.0,0.0,0.0,0.0,0.0,0.0,0.0,0.0,0.0,0.0,0.0,0.0,0.0,0.0,
2/2/2026,2023.0,20240406.0,43593.0,39375.0,WOODWAY TEXAS PIPELINE LLC,Natural Gas,INTRASTATE,TEXAS,1.929,0.0,1.929,0.0,0.0,0.0,0.0,0.0,0.0,0.0,0.0,0.0,0.0,0.0,0.0,0.0,0.0,0.0,1.929,0.0,1.929,
2/2/2026,2023.0,20241042.0,44641.0,39376.0,"BLUE CUBE OPERATIONS, LLC.",Other Gas-Anhydrous HCl,INTRASTATE,TEXAS,0.0,0.0,0.0,0.0,0.0,0.0,0.0,6.31,6.31,0.0,0.0,0.0,0.0,0.0,0.0,0.0,0.0,0.0,0.0,6.31,6.31,
2/2/2026,2023.0,20241039.0,44642.0,39376.0,"BLUE CUBE OPERATIONS, LLC.",Other Gas-Chlorine,INTRASTATE,TEXAS,0.0,0.0,0.0,0.0,0.0,0.0,0.0,12.316,12.316,0.0,0.0,0.0,0.0,0.0,0.0,0.0,0.0,0.0,0.0,12.316,12.316,
2/2/2026,2023.0,20240036.0,43197.0,39383.0,INDECK ENERGY SERVICES OF SILVER SPRINGS,Natural Gas,INTRASTATE,NEW YORK,0.0,0.0,0.0,0.0,0.0,0.0,0.0,0.0,0.0,0.0,0.0,0.0,0.0,0.0,0.0,0.0,0.0,0.0,0.0,0.0,0.0,
2/2/2026,2023.0,20240457.0,44689.0,39394.0,UTILITY SAFETY AND DESIGN INC,Natural Gas,INTERSTATE,ALABAMA,0.0,0.0,0.0,0.0,0.0,0.0,0.0,0.0,0.0,0.0,0.0,0.0,0.0,0.0,0.0,0.0,0.0,0.0,0.0,0.0,0.0,
2/2/2026,2023.0,20240457.0,44689.0,39394.0,UTILITY SAFETY AND DESIGN INC,Natural Gas,INTERSTATE,TENNESSEE,0.0,0.0,0.0,0.0,1.129,1.129,0.0,0.0,0.0,0.0,0.0,0.0,0.0,0.0,0.0,0.0,0.0,0.0,0.0,1.129,1.129,
2/2/2026,2023.0,20240246.0,43425.0,39396.0,MINNESOTA POWER LASKIN ENERGY CENTER,Natural Gas,INTRASTATE,MINNESOTA,0.0,0.0,0.0,0.0,0.0,0.0,0.0,0.0,0.0,0.0,0.0,0.0,0.0,0.0,0.0,0.0,0.0,0.0,0.0,0.0,0.0,
2/2/2026,2023.0,20240830.0,44715.0,39398.0,INEOS USA LLC,Hydrogen Gas,INTRASTATE,TEXAS,0.0,0.0,0.0,0.0,0.0,0.0,0.0,0.0,0.0,0.0,0.0,0.0,0.0,0.0,0.0,0.0,0.0,0.0,0.0,0.0,0.0,
2/2/2026,2023.0,20240827.0,44713.0,39398.0,INEOS USA LLC,Natural Gas,INTRASTATE,TEXAS,0.0,0.0,0.0,0.0,0.35,0.35,0.0,0.0,0.0,0.0,0.0,0.0,0.0,0.0,0.0,0.0,0.0,0.0,0.0,0.35,0.35,
2/2/2026,2023.0,20240399.0,43585.0,39406.0,MISSISSIPPI NATURAL INC.,Natural Gas,INTRASTATE,MISSISSIPPI,0.0,0.0,0.0,0.0,0.0,0.0,0.0,0.0,0.0,0.0,0.0,0.0,0.0,0.0,0.0,0.0,0.0,0.0,0.0,0.0,0.0,
2/2/2026,2023.0,20241303.0,44527.0,39413.0,"XTR MIDSTREAM, LLC",Natural Gas,INTRASTATE,COLORADO,0.0,0.0,0.0,0.0,0.0,0.0,0.0,0.0,0.0,0.0,0.0,0.0,0.0,0.0,0.0,0.0,0.0,0.0,0.0,0.0,0.0,
2/2/2026,2023.0,20241435.0,44871.0,39418.0,"LAKESHORE OPERATING, LLC",Natural Gas,INTRASTATE,TEXAS,0.0,0.0,0.0,0.0,0.0,0.0,0.0,0.0,0.0,0.0,0.0,0.0,0.0,0.0,0.0,0.0,0.0,0.0,0.0,0.0,0.0,
2/2/2026,2023.0,20240917.0,44981.0,39420.0,"FLORIDA SOUTHEAST CONNECTION, LLC",Natural Gas,INTERSTATE,FLORIDA,0.0,0.0,0.0,0.0,0.0,0.0,0.0,0.0,0.0,0.0,0.0,0.0,0.0,26.608,26.608,0.0,0.0,0.0,0.0,26.608,26.608,
2/2/2026,2023.0,20240056.0,43218.0,39428.0,GEOPETRO LLC,Natural Gas,INTRASTATE,PENNSYLVANIA,0.0,0.0,0.0,0.0,0.0,0.0,0.0,0.0,0.0,0.0,0.0,0.0,0.0,0.0,0.0,0.0,0.0,0.0,0.0,0.0,0.0,
2/2/2026,2023.0,20240767.0,43967.0,39429.0,CHENIERE CORPUS CHRISTI PIPELINE,Natural Gas,INTERSTATE,TEXAS,0.0,0.0,0.0,0.0,2.92,2.92,0.0,0.0,0.0,0.0,0.0,0.0,0.0,0.0,0.0,0.0,0.0,0.0,0.0,2.92,2.92,
2/2/2026,2023.0,20240481.0,43669.0,39435.0,"IMPULSORA PIPELINE, LLC",Natural Gas,INTRASTATE,TEXAS,0.0,0.0,0.0,0.0,0.0,0.0,0.0,0.0,0.0,0.0,0.0,0.0,0.0,0.0,0.0,0.0,0.0,0.0,0.0,0.0,0.0,
2/2/2026,2023.0,20240324.0,43508.0,39439.0,"VALLEY LFG, LLC",Other Gas-Processed Landfill Gas,INTRASTATE,PENNSYLVANIA,0.0,0.0,0.0,0.0,0.0,0.0,0.0,0.0,0.0,0.0,0.0,0.0,0.0,0.0,0.0,0.0,0.0,0.0,0.0,0.0,0.0,
2/2/2026,2023.0,20240305.0,43488.0,39447.0,GENESIS ALKALI LLC,Natural Gas,INTRASTATE,WYOMING,0.0,0.0,0.0,0.0,0.0,0.0,0.0,0.0,0.0,0.0,0.0,0.0,0.0,0.0,0.0,0.0,0.0,0.0,0.0,0.0,0.0,
2/2/2026,2023.0,20240144.0,43334.0,39451.0,WEYERHAEUSER,Natural Gas,INTRASTATE,LOUISIANA,0.0,0.0,0.0,0.0,0.0,0.0,0.0,0.0,0.0,0.0,0.0,0.0,0.0,0.0,0.0,0.0,0.0,0.0,0.0,0.0,0.0,
2/2/2026,2023.0,20240925.0,44127.0,39453.0,"STABILIS LNG PORT ALLEN, LLC",Natural Gas,INTRASTATE,LOUISIANA,0.0,0.0,0.0,0.0,0.0,0.0,0.0,0.0,0.0,0.0,0.0,0.0,0.0,0.0,0.0,0.0,0.0,0.0,0.0,0.0,0.0,
2/2/2026,2023.0,20240774.0,43974.0,39458.0,BRUNNER ISLAND LLC,Natural Gas,INTRASTATE,PENNSYLVANIA,0.0,0.0,0.0,0.0,0.0,0.0,0.0,0.0,0.0,0.0,0.0,0.0,0.0,0.0,0.0,0.0,0.0,0.0,0.0,0.0,0.0,
2/2/2026,2023.0,20240066.0,43230.0,39463.0,"EDINBURG RENEWABLES, LLC",Natural Gas,INTRASTATE,TEXAS,0.0,0.0,0.0,0.0,0.0,0.0,0.0,0.0,0.0,0.0,0.0,0.0,0.0,0.0,0.0,0.0,0.0,0.0,0.0,0.0,0.0,
2/2/2026,2023.0,20240758.0,43958.0,39464.0,MIDWEST GENERATION LLC,Natural Gas,INTRASTATE,ILLINOIS,0.0,0.0,0.0,0.0,0.0,0.0,0.0,0.81,0.81,0.0,0.0,0.0,0.0,0.0,0.0,0.0,0.0,0.0,0.0,0.81,0.81,
2/2/2026,2023.0,20240897.0,44098.0,39465.0,GUARDIAN LIMA,Natural Gas,INTRASTATE,OHIO,0.0,0.0,0.0,0.0,0.0,0.0,0.0,0.0,0.0,0.0,0.0,0.0,0.0,0.0,0.0,0.0,0.0,0.0,0.0,0.0,0.0,
2/2/2026,2023.0,20240116.0,44859.0,39469.0,MUSKEGON COUNTY SOLID WASTE MANAGEMENT SYSTEM,Landfill Gas,INTRASTATE,MICHIGAN,0.0,0.0,0.0,0.0,0.01,0.01,0.0,0.0,0.0,0.0,0.0,0.0,0.0,0.0,0.0,0.0,0.0,0.0,0.0,0.01,0.01,
2/2/2026,2023.0,20240543.0,43732.0,39470.0,LOUISIANA ENERGY AND POWER AUTHORITY,Natural Gas,INTRASTATE,LOUISIANA,0.0,0.0,0.0,0.0,0.17,0.17,0.0,0.0,0.0,0.0,0.0,0.0,0.0,0.0,0.0,0.0,0.0,0.0,0.0,0.17,0.17,
2/2/2026,2023.0,20240192.0,43369.0,39473.0,COWBOY PIPELINE OPERATORS LLC,Natural Gas,INTRASTATE,TEXAS,0.0,0.0,0.0,0.0,0.0,0.0,0.0,0.0,0.0,0.0,0.0,0.0,0.0,0.0,0.0,0.0,0.0,0.0,0.0,0.0,0.0,
2/2/2026,2023.0,20240015.0,44702.0,39475.0,LION ELASTOMERS LLC.,Natural Gas,INTRASTATE,TEXAS,0.73,0.0,0.73,0.0,0.0,0.0,0.0,0.0,0.0,0.0,0.0,0.0,0.0,0.0,0.0,0.0,0.0,0.0,0.73,0.0,0.73,
2/2/2026,2023.0,20241092.0,44302.0,39476.0,"BRAZOS MIDSTREAM OPERATING, LLC",Natural Gas,INTRASTATE,TEXAS,0.0,0.0,0.0,0.0,0.0,0.0,0.0,0.0,0.0,0.0,0.0,0.0,0.0,0.0,0.0,0.0,0.0,0.0,0.0,0.0,0.0,
2/2/2026,2023.0,20240473.0,44443.0,39491.0,EQT PRODUCTION,Natural Gas,INTRASTATE,OHIO,0.0,0.0,0.0,0.0,0.0,0.0,0.0,0.0,0.0,0.0,0.0,0.0,0.0,0.0,0.0,0.0,0.0,0.0,0.0,0.0,0.0,
2/2/2026,2023.0,20240473.0,44443.0,39491.0,EQT PRODUCTION,Natural Gas,INTRASTATE,PENNSYLVANIA,0.0,0.0,0.0,0.0,0.0,0.0,0.0,0.0,0.0,0.0,0.0,0.0,0.0,0.0,0.0,0.0,0.0,0.0,0.0,0.0,0.0,
2/2/2026,2023.0,20240473.0,44443.0,39491.0,EQT PRODUCTION,Natural Gas,INTRASTATE,WEST VIRGINIA,0.0,0.0,0.0,0.0,0.0,0.0,0.0,0.0,0.0,0.0,0.0,0.0,0.0,0.0,0.0,0.0,0.0,0.0,0.0,0.0,0.0,
2/2/2026,2023.0,20240263.0,43444.0,39494.0,"COFFEYVILLE RESOURCES REFINING AND MARKETING, LLC",Natural Gas,INTRASTATE,KANSAS,0.0,0.0,0.0,0.0,0.0,0.0,0.0,0.0,0.0,0.0,0.0,0.0,0.0,0.0,0.0,0.0,0.0,0.0,0.0,0.0,0.0,
2/2/2026,2023.0,20241307.0,44531.0,39496.0,"ETHOS POWER PLANT SERVICES, LLC",Natural Gas,INTRASTATE,OHIO,0.0,0.0,0.0,0.0,0.0,0.0,0.0,0.0,0.0,0.0,0.0,0.0,0.0,0.0,0.0,0.0,0.0,0.0,0.0,0.0,0.0,
2/2/2026,2023.0,20240080.0,43247.0,39497.0,MATRIX OIL CORP,Natural Gas,INTRASTATE,CALIFORNIA,0.0,0.0,0.0,0.0,0.0,0.0,0.0,0.0,0.0,0.0,0.0,0.0,0.0,0.0,0.0,0.0,0.0,0.0,0.0,0.0,0.0,
2/2/2026,2023.0,20240166.0,43343.0,39498.0,COX OPERATING LLC,Natural Gas,INTERSTATE,LOUISIANA,0.0,0.0,0.0,0.0,0.0,0.0,0.0,0.0,0.0,0.0,0.0,0.0,0.0,0.0,0.0,0.0,0.0,0.0,0.0,0.0,0.0,
2/2/2026,2023.0,20240254.0,43433.0,39502.0,"BRAZORIA INTERCONNECTOR GAS PIPELINE, LLC.",Natural Gas,INTRASTATE,TEXAS,0.0,0.0,0.0,0.0,0.0,0.0,0.0,9.65,9.65,0.0,0.0,0.0,0.0,0.0,0.0,0.0,0.0,0.0,0.0,9.65,9.65,
2/2/2026,2023.0,20240566.0,44225.0,39508.0,AETHON UNITED PIPELINE LP,Natural Gas,INTRASTATE,LOUISIANA,0.0,0.0,0.0,0.0,0.0,0.0,0.0,0.0,0.0,0.0,0.0,0.0,0.0,0.0,0.0,0.0,0.0,0.0,0.0,0.0,0.0,
2/2/2026,2023.0,20240134.0,44666.0,39519.0,KINETICA DEEPWATER EXPRESS LLC,Natural Gas,INTERSTATE,LOUISIANA,0.0,0.34,0.34,0.0,0.0,0.0,0.0,0.0,0.0,0.0,0.0,0.0,0.0,0.0,0.0,0.0,0.0,0.0,0.0,0.34,0.34,
2/2/2026,2023.0,20240134.0,44666.0,39519.0,KINETICA DEEPWATER EXPRESS LLC,Natural Gas,INTERSTATE,OCS-Gulf of Mexico,0.0,0.0,0.0,0.0,0.0,0.0,0.0,0.0,0.0,0.0,0.0,0.0,0.0,0.0,0.0,0.0,0.0,0.0,0.0,0.0,0.0,
2/2/2026,2023.0,20240427.0,43614.0,39520.0,DELFIN OFFSHORE PIPELINE LLC,Natural Gas,INTERSTATE,LOUISIANA,0.0,0.0,0.0,0.0,0.0,0.0,0.0,0.0,0.0,0.0,0.0,0.0,0.0,0.0,0.0,0.0,0.0,0.0,0.0,0.0,0.0,
2/2/2026,2023.0,20240558.0,43749.0,39536.0,"EMPIRE MINING CO, LLC",Natural Gas,INTRASTATE,NEVADA,0.0,0.0,0.0,0.0,0.0,0.0,0.0,0.0,0.0,0.0,0.0,0.0,0.0,0.0,0.0,0.0,0.0,0.0,0.0,0.0,0.0,
2/2/2026,2023.0,20240162.0,43339.0,39541.0,"BAYONNE ENERGY CENTER, LLC",Natural Gas,INTRASTATE,NEW JERSEY,0.0,0.0,0.0,0.0,0.97,0.97,0.0,0.0,0.0,0.0,0.0,0.0,0.0,0.0,0.0,0.0,0.0,0.0,0.0,0.97,0.97,
2/2/2026,2023.0,20240229.0,44773.0,39543.0,"RIVERSIDE ENERGY MICHIGAN, LLC",Natural Gas,INTRASTATE,MICHIGAN,0.0,1.77,1.77,0.0,0.0,0.0,0.0,0.0,0.0,0.0,0.0,0.0,0.0,0.0,0.0,0.0,0.0,0.0,0.0,1.77,1.77,
2/2/2026,2023.0,20240286.0,43467.0,39553.0,"ROESLEIN ALTERNATIVE ENERGY SERVICES, LLC",Landfill Gas,INTRASTATE,MISSOURI,0.0,0.0,0.0,0.0,0.0,0.0,0.0,0.0,0.0,0.0,0.0,0.0,0.0,0.0,0.0,0.0,0.0,0.0,0.0,0.0,0.0,
2/2/2026,2023.0,20241381.0,44615.0,39555.0,BROOKSTON ENERGY INC,Natural Gas,INTRASTATE,LOUISIANA,0.0,0.0,0.0,0.0,0.0,0.0,0.0,0.0,0.0,0.0,0.0,0.0,0.0,0.0,0.0,0.0,0.0,0.0,0.0,0.0,0.0,
2/2/2026,2023.0,20240814.0,44014.0,39557.0,"MOSTOLLER LANDFILL, INC.",Landfill Gas,INTRASTATE,PENNSYLVANIA,0.0,0.0,0.0,0.0,0.0,0.0,0.0,0.0,0.0,0.0,0.0,0.0,0.0,0.0,0.0,0.0,0.0,0.0,0.0,0.0,0.0,
2/2/2026,2023.0,20240865.0,44869.0,39562.0,"SECO PIPELINE, LLC",Natural Gas,INTRASTATE,TEXAS,0.0,0.0,0.0,0.0,0.0,0.0,0.0,0.0,0.0,0.0,0.0,0.0,0.0,0.0,0.0,0.0,0.0,0.0,0.0,0.0,0.0,
2/2/2026,2023.0,20240003.0,43160.0,39564.0,"APPALACHIAN ENERGY, INC",Natural Gas,INTRASTATE,VIRGINIA,0.0,0.0,0.0,0.0,0.0,0.0,0.0,0.0,0.0,0.0,0.0,0.0,0.0,0.0,0.0,0.0,0.0,0.0,0.0,0.0,0.0,
2/2/2026,2023.0,20240348.0,43532.0,39566.0,TARGA NORTHERN DELAWARE LLC,Natural Gas,INTRASTATE,NEW MEXICO,0.0,0.0,0.0,0.0,0.0,0.0,0.0,0.0,0.0,0.0,0.0,0.0,0.0,0.0,0.0,0.0,0.0,0.0,0.0,0.0,0.0,
2/2/2026,2023.0,20240348.0,43532.0,39566.0,TARGA NORTHERN DELAWARE LLC,Natural Gas,INTRASTATE,TEXAS,0.0,0.0,0.0,0.0,0.0,0.0,0.0,0.0,0.0,0.0,0.0,0.0,0.0,0.0,0.0,0.0,0.0,0.0,0.0,0.0,0.0,
2/2/2026,2023.0,20241138.0,44709.0,39567.0,"UPP OPERATING, LLC",Natural Gas,INTRASTATE,TEXAS,0.0,0.0,0.0,0.0,4.57,4.57,0.0,0.0,0.0,0.0,0.0,0.0,0.0,0.0,0.0,0.0,0.0,0.0,0.0,4.57,4.57,
2/2/2026,2023.0,20240090.0,43258.0,39568.0,GREENIDGE PIPELINE LLC,Natural Gas,INTRASTATE,NEW YORK,0.0,0.0,0.0,0.0,0.0,0.0,0.0,0.0,0.0,0.0,0.0,0.0,0.0,0.0,0.0,0.0,0.0,0.0,0.0,0.0,0.0,
2/2/2026,2023.0,20241087.0,44297.0,39569.0,EAGLE OIL AND GAS CO.,Natural Gas,INTRASTATE,TEXAS,0.0,0.0,0.0,0.0,0.0,0.0,0.0,0.0,0.0,0.0,0.0,0.0,0.0,0.0,0.0,0.0,0.0,0.0,0.0,0.0,0.0,
2/2/2026,2023.0,20240898.0,44099.0,39572.0,"WWM OPERATING, LLC",Natural Gas,INTERSTATE,NEW MEXICO,0.0,0.0,0.0,0.0,0.0,0.0,0.0,0.0,0.0,0.0,0.0,0.0,0.0,0.0,0.0,0.0,0.0,0.0,0.0,0.0,0.0,
2/2/2026,2023.0,20240898.0,44099.0,39572.0,"WWM OPERATING, LLC",Natural Gas,INTERSTATE,TEXAS,0.0,0.0,0.0,0.0,0.0,0.0,0.0,0.0,0.0,0.0,0.0,0.0,0.0,0.0,0.0,0.0,0.0,0.0,0.0,0.0,0.0,
2/2/2026,2023.0,20240898.0,44099.0,39572.0,"WWM OPERATING, LLC",Natural Gas,INTRASTATE,TEXAS,0.0,0.0,0.0,0.0,0.0,0.0,0.0,0.62,0.62,0.0,0.0,0.0,0.0,0.0,0.0,0.0,0.0,0.0,0.0,0.62,0.62,
2/2/2026,2023.0,20240972.0,44174.0,39574.0,PINE RUN MIDSTREAM,Natural Gas,INTRASTATE,PENNSYLVANIA,0.0,0.0,0.0,0.0,0.0,0.0,0.0,0.0,0.0,0.0,0.0,0.0,0.0,0.0,0.0,0.0,0.0,0.0,0.0,0.0,0.0,
2/2/2026,2023.0,20241036.0,44244.0,39578.0,"OKEANOS GAS GATHERING COMPANY, LLC",Natural Gas,INTERSTATE,OCS-Gulf of Mexico,0.0,0.0,0.0,0.0,0.0,0.0,0.0,0.0,0.0,0.0,0.0,0.0,0.0,0.0,0.0,0.0,0.0,0.0,0.0,0.0,0.0,
2/2/2026,2023.0,20240185.0,43362.0,39579.0,TRP - OK PROPERTIES LLC,Natural Gas,INTRASTATE,OKLAHOMA,0.0,0.0,0.0,0.0,0.0,0.0,0.0,0.0,0.0,0.0,0.0,0.0,0.0,0.0,0.0,0.0,0.0,0.0,0.0,0.0,0.0,
2/2/2026,2023.0,20241229.0,44447.0,39582.0,SENTINEL PEAK RESOURCES CALIFORNIA LLC,Natural Gas,INTRASTATE,CALIFORNIA,0.0,0.0,0.0,0.0,0.27,0.27,0.0,0.0,0.0,0.0,0.0,0.0,0.0,0.0,0.0,0.0,0.0,0.0,0.0,0.27,0.27,
2/2/2026,2023.0,20240253.0,43432.0,39583.0,EVONIK,Hydrogen Gas,INTRASTATE,KANSAS,0.0,0.0,0.0,0.0,0.0,0.0,0.0,0.0,0.0,0.0,0.0,0.0,0.0,0.0,0.0,0.0,0.0,0.0,0.0,0.0,0.0,
2/2/2026,2023.0,20241390.0,44650.0,39585.0,"UPSHUR GAS GATHERING, LLC",Natural Gas,INTRASTATE,WEST VIRGINIA,0.0,0.0,0.0,0.0,0.0,0.0,0.0,0.0,0.0,0.0,0.0,0.0,0.0,0.0,0.0,0.0,0.0,0.0,0.0,0.0,0.0,
2/2/2026,2023.0,20240560.0,43751.0,39590.0,"NEW RISE RENEWABLES RENO, LLC",Natural Gas,INTRASTATE,NEVADA,0.0,0.0,0.0,0.0,0.0,0.0,0.0,0.0,0.0,0.0,0.0,0.0,0.0,0.0,0.0,0.0,0.0,0.0,0.0,0.0,0.0,
2/2/2026,2023.0,20241377.0,44608.0,39592.0,GATEWAY CORRIGAN LLC,Natural Gas,INTRASTATE,TEXAS,0.0,0.0,0.0,0.0,0.0,0.0,0.0,0.0,0.0,0.0,0.0,0.0,0.0,0.0,0.0,0.0,0.0,0.0,0.0,0.0,0.0,
2/2/2026,2023.0,20240271.0,43452.0,39597.0,"VALLEY CROSSING PIPELINE, LLC",Natural Gas,INTRASTATE,TEXAS,0.0,0.0,0.0,0.0,0.0,0.0,0.0,11.66,11.66,0.0,0.0,0.0,0.0,0.0,0.0,0.0,0.0,0.0,0.0,11.66,11.66,
2/2/2026,2023.0,20241370.0,44601.0,39599.0,"HUNTER GATHERING, L.P.",Natural Gas,INTRASTATE,TEXAS,0.0,0.0,0.0,0.0,0.0,0.0,0.0,0.0,0.0,0.0,0.0,0.0,0.0,0.0,0.0,0.0,0.0,0.0,0.0,0.0,0.0,
2/2/2026,2023.0,20240461.0,43648.0,39602.0,UPPER MICHIGAN ENERGY RESOURCES CORP.,Natural Gas,INTRASTATE,MICHIGAN,0.0,0.0,0.0,0.0,0.0,0.0,0.0,0.0,0.0,0.0,0.0,0.0,0.0,0.0,0.0,0.0,0.0,0.0,0.0,0.0,0.0,
2/2/2026,2023.0,20241009.0,44215.0,39608.0,VAQUERO PERMIAN GATHERING LLC,Natural Gas,INTRASTATE,TEXAS,0.0,0.0,0.0,0.0,0.0,0.0,0.0,0.0,0.0,0.0,0.0,0.0,0.0,0.0,0.0,0.0,0.0,0.0,0.0,0.0,0.0,
2/2/2026,2023.0,20240133.0,43304.0,39609.0,"HAVEN STEEL PRODUCTS, INC",Natural Gas,INTRASTATE,KANSAS,0.0,0.0,0.0,0.0,0.0,0.0,0.0,0.0,0.0,0.0,0.0,0.0,0.0,0.0,0.0,0.0,0.0,0.0,0.0,0.0,0.0,
2/2/2026,2023.0,20240247.0,43426.0,39612.0,"CHS, INC HALLOCK",Natural Gas,INTRASTATE,MINNESOTA,0.0,0.0,0.0,0.0,0.0,0.0,0.0,0.0,0.0,0.0,0.0,0.0,0.0,0.0,0.0,0.0,0.0,0.0,0.0,0.0,0.0,
2/2/2026,2023.0,20241485.0,44999.0,39614.0,SOUTH HOUSTON PRODUCTION COMPANY,Natural Gas,INTRASTATE,TEXAS,0.0,0.0,0.0,0.0,0.0,0.0,0.0,0.0,0.0,0.0,0.0,0.0,0.0,0.0,0.0,0.0,0.0,0.0,0.0,0.0,0.0,
2/2/2026,2023.0,20241025.0,44812.0,39619.0,DIVERSIFIED MIDSTREAM LLC,Natural Gas,INTRASTATE,KENTUCKY,0.0,0.33,0.33,0.0,0.0,0.0,0.0,0.0,0.0,0.0,0.0,0.0,0.0,0.0,0.0,0.0,0.0,0.0,0.0,0.33,0.33,
2/2/2026,2023.0,20241025.0,44812.0,39619.0,DIVERSIFIED MIDSTREAM LLC,Natural Gas,INTRASTATE,LOUISIANA,0.0,0.0,0.0,0.0,0.0,0.0,0.0,0.0,0.0,0.0,0.0,0.0,0.0,0.0,0.0,0.0,0.0,0.0,0.0,0.0,0.0,
2/2/2026,2023.0,20241025.0,44812.0,39619.0,DIVERSIFIED MIDSTREAM LLC,Natural Gas,INTRASTATE,PENNSYLVANIA,0.0,0.3,0.3,0.0,0.0,0.0,0.0,0.0,0.0,0.0,0.0,0.0,0.0,0.0,0.0,0.0,0.0,0.0,0.0,0.3,0.3,
2/2/2026,2023.0,20241025.0,44812.0,39619.0,DIVERSIFIED MIDSTREAM LLC,Natural Gas,INTRASTATE,TENNESSEE,0.0,0.0,0.0,0.0,0.0,0.0,0.0,0.0,0.0,0.0,0.0,0.0,0.0,0.0,0.0,0.0,0.0,0.0,0.0,0.0,0.0,
2/2/2026,2023.0,20241025.0,44812.0,39619.0,DIVERSIFIED MIDSTREAM LLC,Natural Gas,INTRASTATE,TEXAS,0.0,0.0,0.0,0.0,0.0,0.0,0.0,0.0,0.0,0.0,0.0,0.0,0.0,0.0,0.0,0.0,0.0,0.0,0.0,0.0,0.0,
2/2/2026,2023.0,20241025.0,44812.0,39619.0,DIVERSIFIED MIDSTREAM LLC,Natural Gas,INTRASTATE,VIRGINIA,0.0,0.0,0.0,0.0,0.0,0.0,0.0,0.0,0.0,0.0,0.0,0.0,0.0,0.0,0.0,0.0,0.0,0.0,0.0,0.0,0.0,
2/2/2026,2023.0,20241025.0,44812.0,39619.0,DIVERSIFIED MIDSTREAM LLC,Natural Gas,INTRASTATE,WEST VIRGINIA,0.0,0.0,0.0,0.0,0.0,0.0,0.0,0.0,0.0,0.0,0.0,0.0,0.0,0.0,0.0,0.0,0.0,0.0,0.0,0.0,0.0,
2/2/2026,2023.0,20240713.0,43913.0,39624.0,AIRGAS MERCHANT GAS KALAMA,Hydrogen Gas,INTRASTATE,WASHINGTON,0.0,0.0,0.0,0.0,0.0,0.0,0.0,0.0,0.0,0.0,0.0,0.0,0.0,0.0,0.0,0.0,0.0,0.0,0.0,0.0,0.0,
2/2/2026,2023.0,20240143.0,44698.0,39626.0,CALGON CARBON CORPORATION,Natural Gas,INTRASTATE,MISSISSIPPI,0.0,0.0,0.0,0.0,0.0,0.0,0.0,0.0,0.0,0.0,0.0,0.0,0.0,0.0,0.0,0.0,0.0,0.0,0.0,0.0,0.0,
2/2/2026,2023.0,20241144.0,44356.0,39627.0,AIR LIQUIDE ADVANCED TECHNOLOGIES US LLC,Other Gas-Processed Landfill Methane,INTRASTATE,MISSISSIPPI,0.0,0.0,0.0,0.0,0.0,0.0,0.0,0.0,0.0,0.0,0.0,0.0,0.0,0.0,0.0,0.0,0.0,0.0,0.0,0.0,0.0,
2/2/2026,2023.0,20240689.0,43884.0,39630.0,LIGHTSTONE GENERATION LLC-DARBY POWER LLC,Natural Gas,INTRASTATE,OHIO,0.0,0.0,0.0,0.0,0.0,0.0,0.0,0.0,0.0,0.0,0.0,0.0,0.0,0.0,0.0,0.0,0.0,0.0,0.0,0.0,0.0,
2/2/2026,2023.0,20240273.0,43454.0,39635.0,WINNEBAGO COUNTY SOLID WASTE MANAGEMENT BOARD,Landfill Gas,INTRASTATE,WISCONSIN,0.0,0.0,0.0,0.0,0.0,0.0,0.0,0.0,0.0,0.0,0.0,0.0,0.0,0.0,0.0,0.0,0.0,0.0,0.0,0.0,0.0,
2/2/2026,2023.0,20240820.0,44020.0,39636.0,"CARBON CALIFORNIA OPERATING COMPANY, LLC",Natural Gas,INTRASTATE,CALIFORNIA,0.0,0.0,0.0,0.0,0.0,0.0,0.0,0.0,0.0,0.0,0.0,0.0,0.0,0.0,0.0,0.0,0.0,0.0,0.0,0.0,0.0,
2/2/2026,2023.0,20241240.0,44458.0,39640.0,PARKWAY GENERATION KEYS ENERGY CENTER,Natural Gas,INTRASTATE,MARYLAND,0.0,0.0,0.0,0.0,0.0,0.0,0.0,0.0,0.0,0.0,0.0,0.0,0.0,0.0,0.0,0.0,0.0,0.0,0.0,0.0,0.0,
2/2/2026,2023.0,20241311.0,44743.0,39648.0,VALERO HOUSTON REFINERY,Natural Gas,INTRASTATE,TEXAS,0.0,0.0,0.0,0.0,0.52,0.52,0.0,0.0,0.0,0.0,0.0,0.0,0.0,0.0,0.0,0.0,0.0,0.0,0.0,0.52,0.52,
2/2/2026,2023.0,20240029.0,43190.0,39649.0,"IRONWOOD MIDSTREAM ENERGY PARTNERS, LLC",Natural Gas,INTRASTATE,TEXAS,0.0,0.0,0.0,0.0,0.0,0.0,0.0,0.0,0.0,0.0,0.0,0.0,0.0,0.0,0.0,0.0,0.0,0.0,0.0,0.0,0.0,
2/2/2026,2023.0,20241193.0,44408.0,39652.0,"NOREGA GATHERING, LLC",Natural Gas,INTRASTATE,TEXAS,0.0,0.0,0.0,0.0,0.0,0.0,0.0,0.0,0.0,0.0,0.0,0.0,0.0,0.0,0.0,0.0,0.0,0.0,0.0,0.0,0.0,
2/2/2026,2023.0,20240610.0,43803.0,39653.0,CORNELL UNIVERSITY,Natural Gas,INTRASTATE,NEW YORK,0.0,0.0,0.0,0.0,0.0,0.0,0.0,0.0,0.0,0.0,0.0,0.0,0.0,0.0,0.0,0.0,0.0,0.0,0.0,0.0,0.0,
2/2/2026,2023.0,20240068.0,44759.0,39655.0,PINE HILL RENEWABLES,Natural Gas,INTRASTATE,TEXAS,0.68,0.0,0.68,0.0,0.0,0.0,0.0,0.0,0.0,0.0,0.0,0.0,0.0,0.0,0.0,0.0,0.0,0.0,0.68,0.0,0.68,
2/2/2026,2023.0,20240004.0,43161.0,39657.0,"SOUTHERN KENTUCKY ENERGY, LLC",Natural Gas,INTRASTATE,KENTUCKY,0.0,0.0,0.0,0.0,0.0,0.0,0.0,0.0,0.0,0.0,0.0,0.0,0.0,0.0,0.0,0.0,0.0,0.0,0.0,0.0,0.0,
2/2/2026,2023.0,20240733.0,43933.0,39660.0,COOK INLET NATURAL GAS STORAGE ALASKA,Natural Gas,INTRASTATE,ALASKA,0.0,0.0,0.0,0.0,0.0,0.0,0.0,0.0,0.0,0.0,0.0,0.0,0.0,0.0,0.0,0.0,0.0,0.0,0.0,0.0,0.0,
2/2/2026,2023.0,20241482.0,44996.0,39667.0,"UNDERGROUND STORAGE, LLC",Natural Gas,INTRASTATE,TEXAS,0.0,0.0,0.0,0.0,0.0,0.0,0.0,0.0,0.0,0.0,0.0,0.0,0.0,0.0,0.0,0.0,0.0,0.0,0.0,0.0,0.0,
2/2/2026,2023.0,20240582.0,43775.0,39674.0,"ASSIDUOUS ENERGY, LLC",Natural Gas,INTRASTATE,OKLAHOMA,0.0,0.0,0.0,0.0,0.0,0.0,0.0,0.0,0.0,0.0,0.0,0.0,0.0,0.0,0.0,0.0,0.0,0.0,0.0,0.0,0.0,
2/2/2026,2023.0,20240315.0,43499.0,39676.0,OKLAHOMA GAS GATHERING LLC,Natural Gas,INTRASTATE,OKLAHOMA,0.0,0.0,0.0,0.0,0.0,0.0,0.0,0.0,0.0,0.0,0.0,0.0,0.0,0.0,0.0,0.0,0.0,0.0,0.0,0.0,0.0,
2/2/2026,2023.0,20240135.0,43306.0,39677.0,"KC MIDSTREAM SOLUTIONS, LLC",Natural Gas,INTRASTATE,PENNSYLVANIA,0.0,0.0,0.0,0.0,0.0,0.0,0.0,0.0,0.0,0.0,0.0,0.0,0.0,0.0,0.0,0.0,0.0,0.0,0.0,0.0,0.0,
2/2/2026,2023.0,20240927.0,44129.0,39680.0,FORTUNE RESOURCES LLC,Natural Gas,INTRASTATE,TEXAS,0.0,0.0,0.0,0.0,0.0,0.0,0.0,0.0,0.0,0.0,0.0,0.0,0.0,0.0,0.0,0.0,0.0,0.0,0.0,0.0,0.0,
2/2/2026,2023.0,20240062.0,43225.0,39697.0,GOLDEN GAS SERVICE COMPANY,Natural Gas,INTRASTATE,OKLAHOMA,0.0,0.0,0.0,0.0,0.0,0.0,0.0,0.0,0.0,0.0,0.0,0.0,0.0,0.0,0.0,0.0,0.0,0.0,0.0,0.0,0.0,
2/2/2026,2023.0,20240231.0,43409.0,39700.0,"HIGHLANDS PIPELINE COMPANY, L.C.",Natural Gas,INTRASTATE,TEXAS,0.0,0.0,0.0,0.0,0.0,0.0,0.0,0.0,0.0,0.0,0.0,0.0,0.0,0.0,0.0,0.0,0.0,0.0,0.0,0.0,0.0,
2/2/2026,2023.0,20240539.0,43727.0,39701.0,"BOARDWALK TEXAS INTRASTATE, LLC",Natural Gas,INTRASTATE,TEXAS,0.0,0.0,0.0,0.0,1.28,1.28,0.0,0.0,0.0,0.0,0.0,0.0,0.0,0.0,0.0,0.0,0.0,0.0,0.0,1.28,1.28,
2/2/2026,2023.0,20241141.0,44874.0,39702.0,PIN OAK ENERGY PARTNERS LLC,Natural Gas,INTRASTATE,OHIO,0.0,0.0,0.0,0.0,0.0,0.0,0.0,0.0,0.0,0.0,0.0,0.0,0.0,0.0,0.0,0.0,0.0,0.0,0.0,0.0,0.0,
2/2/2026,2023.0,20241141.0,44874.0,39702.0,PIN OAK ENERGY PARTNERS LLC,Natural Gas,INTRASTATE,PENNSYLVANIA,0.0,0.0,0.0,0.0,0.0,0.0,0.0,0.0,0.0,0.0,0.0,0.0,0.0,0.0,0.0,0.0,0.0,0.0,0.0,0.0,0.0,
2/2/2026,2023.0,20240333.0,43517.0,39704.0,"KIOWA POWER PARTNERS, LLC",Natural Gas,INTRASTATE,OKLAHOMA,0.0,0.0,0.0,0.0,0.0,0.0,0.0,0.0,0.0,0.0,0.0,0.0,0.0,0.0,0.0,0.0,0.0,0.0,0.0,0.0,0.0,
2/2/2026,2023.0,20240901.0,44103.0,39705.0,IACX ROSWELL LLC,Natural Gas,INTRASTATE,NEW MEXICO,0.0,0.0,0.0,0.0,0.0,0.0,0.0,0.0,0.0,0.0,0.0,0.0,0.0,0.0,0.0,0.0,0.0,0.0,0.0,0.0,0.0,
2/2/2026,2023.0,20241449.0,44894.0,39708.0,"SYDRI OPERATING, INC.",Natural Gas,INTRASTATE,TEXAS,0.0,0.0,0.0,0.0,0.0,0.0,0.0,0.0,0.0,0.0,0.0,0.0,0.0,0.0,0.0,0.0,0.0,0.0,0.0,0.0,0.0,
2/2/2026,2023.0,20241439.0,44877.0,39711.0,OGRIS OPERATING,Natural Gas,INTRASTATE,COLORADO,0.0,0.0,0.0,0.0,0.0,0.0,0.0,0.0,0.0,0.0,0.0,0.0,0.0,0.0,0.0,0.0,0.0,0.0,0.0,0.0,0.0,
2/2/2026,2023.0,20240153.0,43327.0,39714.0,CAMS MIDSTREAM,Natural Gas,INTRASTATE,LOUISIANA,0.0,0.0,0.0,0.0,2.56,2.56,0.0,0.0,0.0,0.0,0.0,0.0,0.0,0.0,0.0,0.0,0.0,0.0,0.0,2.56,2.56,
2/2/2026,2023.0,20240622.0,43816.0,39715.0,CNX MIDSTREAM PARTNERS LP,Natural Gas,INTRASTATE,PENNSYLVANIA,0.0,0.0,0.0,0.0,0.0,0.0,0.0,0.0,0.0,0.0,0.0,0.0,0.0,0.0,0.0,0.0,0.0,0.0,0.0,0.0,0.0,
2/2/2026,2023.0,20240622.0,43816.0,39715.0,CNX MIDSTREAM PARTNERS LP,Natural Gas,INTRASTATE,WEST VIRGINIA,0.0,0.0,0.0,0.0,0.0,0.0,0.0,0.0,0.0,0.0,0.0,0.0,0.0,0.0,0.0,0.0,0.0,0.0,0.0,0.0,0.0,
2/2/2026,2023.0,20240768.0,43968.0,39728.0,"MIDSHIP PIPELINE COMPANY, LLC",Natural Gas,INTERSTATE,OKLAHOMA,0.0,0.0,0.0,0.0,3.37,3.37,0.0,0.0,0.0,0.0,0.0,0.0,0.0,0.0,0.0,0.0,0.0,0.0,0.0,3.37,3.37,
2/2/2026,2023.0,20240336.0,44760.0,39730.0,MELISSA RENEWABLES,Natural Gas,INTRASTATE,TEXAS,4.7,0.0,4.7,0.0,0.0,0.0,0.0,0.0,0.0,0.0,0.0,0.0,0.0,0.0,0.0,0.0,0.0,0.0,4.7,0.0,4.7,
2/2/2026,2023.0,20240460.0,43647.0,39733.0,"OHIO POWER PARTNERS, LLC.",Natural Gas,INTRASTATE,OHIO,0.0,0.0,0.0,0.0,0.0,0.0,0.0,0.0,0.0,0.0,0.0,0.0,0.0,0.0,0.0,0.0,0.0,0.0,0.0,0.0,0.0,
2/2/2026,2023.0,20241402.0,44770.0,39737.0,SAGE NATURAL RESOURCES LLC,Natural Gas,INTRASTATE,TEXAS,0.0,0.0,0.0,0.0,0.0,0.0,0.0,0.0,0.0,0.0,0.0,0.0,0.0,0.0,0.0,0.0,0.0,0.0,0.0,0.0,0.0,
2/2/2026,2023.0,20241206.0,44421.0,39741.0,"VENTURE OIL & GAS, INC.",Natural Gas,INTRASTATE,MISSISSIPPI,0.0,0.0,0.0,0.0,0.0,0.0,0.0,0.0,0.0,0.0,0.0,0.0,0.0,0.0,0.0,0.0,0.0,0.0,0.0,0.0,0.0,
2/2/2026,2023.0,20240043.0,43205.0,39743.0,NEOKC PIPELINE,Natural Gas,INTRASTATE,OKLAHOMA,0.0,0.0,0.0,0.0,0.0,0.0,0.0,0.0,0.0,0.0,0.0,0.0,0.0,0.0,0.0,0.0,0.0,0.0,0.0,0.0,0.0,
2/2/2026,2023.0,20241154.0,44366.0,39746.0,ELEVATION MIDSTREAM,Natural Gas,INTRASTATE,COLORADO,0.0,0.0,0.0,0.0,0.0,0.0,0.0,0.0,0.0,0.0,0.0,0.0,0.0,0.0,0.0,0.0,0.0,0.0,0.0,0.0,0.0,
2/2/2026,2023.0,20240437.0,43624.0,39750.0,"GREYLOCK MIDSTREAM, LLC",Natural Gas,INTRASTATE,PENNSYLVANIA,0.0,0.0,0.0,0.0,0.0,0.0,0.0,0.0,0.0,0.0,0.0,0.0,0.0,0.0,0.0,0.0,0.0,0.0,0.0,0.0,0.0,
2/2/2026,2023.0,20240437.0,43624.0,39750.0,"GREYLOCK MIDSTREAM, LLC",Natural Gas,INTRASTATE,WEST VIRGINIA,0.0,0.0,0.0,0.0,0.0,0.0,0.0,0.0,0.0,0.0,0.0,0.0,0.0,0.0,0.0,0.0,0.0,0.0,0.0,0.0,0.0,
2/2/2026,2023.0,20240635.0,43830.0,39751.0,"GREYLOCK PRODUCTION, LLC",Natural Gas,INTRASTATE,KENTUCKY,0.0,0.0,0.0,0.0,0.0,0.0,0.0,0.0,0.0,0.0,0.0,0.0,0.0,0.0,0.0,0.0,0.0,0.0,0.0,0.0,0.0,
2/2/2026,2023.0,20240635.0,43830.0,39751.0,"GREYLOCK PRODUCTION, LLC",Natural Gas,INTRASTATE,PENNSYLVANIA,0.0,0.0,0.0,0.0,0.0,0.0,0.0,0.0,0.0,0.0,0.0,0.0,0.0,0.0,0.0,0.0,0.0,0.0,0.0,0.0,0.0,
2/2/2026,2023.0,20240635.0,43830.0,39751.0,"GREYLOCK PRODUCTION, LLC",Natural Gas,INTRASTATE,UTAH,0.0,0.0,0.0,0.0,0.0,0.0,0.0,0.0,0.0,0.0,0.0,0.0,0.0,0.0,0.0,0.0,0.0,0.0,0.0,0.0,0.0,
2/2/2026,2023.0,20240635.0,43830.0,39751.0,"GREYLOCK PRODUCTION, LLC",Natural Gas,INTRASTATE,WEST VIRGINIA,0.0,0.0,0.0,0.0,0.0,0.0,0.0,0.0,0.0,0.0,0.0,0.0,0.0,0.0,0.0,0.0,0.0,0.0,0.0,0.0,0.0,
2/2/2026,2023.0,20241189.0,44404.0,39752.0,"STAKEHOLDER GAS UTILITY, LLC",Natural Gas,INTRASTATE,TEXAS,0.0,0.0,0.0,0.0,0.0,0.0,0.0,0.0,0.0,0.0,0.0,0.0,0.0,0.0,0.0,0.0,0.0,0.0,0.0,0.0,0.0,
2/2/2026,2023.0,20240387.0,43573.0,39753.0,WILLIAMS FRONT RANGE LLC,Natural Gas,INTRASTATE,COLORADO,0.0,0.0,0.0,0.0,0.0,0.0,0.0,0.0,0.0,0.0,0.0,0.0,0.0,0.0,0.0,0.0,0.0,0.0,0.0,0.0,0.0,
2/2/2026,2023.0,20241276.0,44500.0,39755.0,WOODWAY BLUEBONNET PIPELINE LLC,Natural Gas,INTRASTATE,TEXAS,0.0,1.795,1.795,0.0,0.0,0.0,0.0,0.0,0.0,0.0,0.0,0.0,0.0,0.0,0.0,0.0,0.0,0.0,0.0,1.795,1.795,
2/2/2026,2023.0,20240257.0,43436.0,39757.0,"GENERATION PIPELINE, LLC",Natural Gas,INTRASTATE,OHIO,0.0,0.0,0.0,0.0,0.0,0.0,0.0,14.59,14.59,0.0,0.0,0.0,0.0,0.0,0.0,0.0,0.0,0.0,0.0,14.59,14.59,
2/2/2026,2023.0,20240563.0,43754.0,39759.0,"IRON HORSE MIDSTREAM, LLC",Natural Gas,INTRASTATE,OKLAHOMA,0.0,0.0,0.0,0.0,0.0,0.0,0.0,0.0,0.0,0.0,0.0,0.0,0.0,0.0,0.0,0.0,0.0,0.0,0.0,0.0,0.0,
2/2/2026,2023.0,20241414.0,44810.0,39760.0,"THE DOW CHEMICAL COMPANY, SDO",Natural Gas,INTRASTATE,TEXAS,0.0,0.0,0.0,0.46,0.0,0.46,0.0,0.0,0.0,0.0,0.0,0.0,0.0,0.0,0.0,0.0,0.0,0.0,0.46,0.0,0.46,
2/2/2026,2023.0,20241415.0,44811.0,39760.0,"THE DOW CHEMICAL COMPANY, SDO",Other Gas-Ethylene,INTRASTATE,TEXAS,0.0,0.0,0.0,7.53,0.0,7.53,0.0,0.0,0.0,0.0,0.0,0.0,0.0,0.0,0.0,0.0,0.0,0.0,7.53,0.0,7.53,
2/2/2026,2023.0,20241444.0,44885.0,39767.0,FELDERHOFF PRODUCTION COMPANY,Natural Gas,INTRASTATE,TEXAS,0.0,0.0,0.0,0.0,0.0,0.0,0.0,0.0,0.0,0.0,0.0,0.0,0.0,0.0,0.0,0.0,0.0,0.0,0.0,0.0,0.0,
2/2/2026,2023.0,20240199.0,43377.0,39770.0,"HYPERION MIDSTREAM, LLC",Natural Gas,INTRASTATE,PENNSYLVANIA,0.0,0.0,0.0,0.0,0.0,0.0,0.0,0.0,0.0,0.0,0.0,0.0,0.0,0.0,0.0,0.0,0.0,0.0,0.0,0.0,0.0,
2/2/2026,2023.0,20240838.0,44986.0,39773.0,ANHEUSER-BUSCH LLC,Other Gas-Biogas,INTRASTATE,GEORGIA,0.0,0.0,0.0,0.0,0.0,0.0,0.0,0.0,0.0,0.0,0.0,0.0,0.0,0.0,0.0,0.0,0.0,0.0,0.0,0.0,0.0,
2/2/2026,2023.0,20240893.0,44094.0,39776.0,IBEX MIDSTREAM LLC,Natural Gas,INTRASTATE,LOUISIANA,0.0,0.0,0.0,0.0,0.0,0.0,0.0,0.0,0.0,0.0,0.0,0.0,0.0,0.0,0.0,0.0,0.0,0.0,0.0,0.0,0.0,
2/2/2026,2023.0,20240571.0,43762.0,39779.0,"SEABREEZE ENERGY PRODUCERS, LLC",Natural Gas,INTRASTATE,TEXAS,0.0,0.0,0.0,0.0,0.0,0.0,0.0,0.0,0.0,0.0,0.0,0.0,0.0,0.0,0.0,0.0,0.0,0.0,0.0,0.0,0.0,
2/2/2026,2023.0,20240430.0,43617.0,39784.0,"AVOCET LNG, LLC",Natural Gas,INTERSTATE,LOUISIANA,0.0,0.0,0.0,0.0,0.0,0.0,0.0,0.0,0.0,0.0,0.0,0.0,0.0,0.0,0.0,0.0,0.0,0.0,0.0,0.0,0.0,
2/2/2026,2023.0,20240430.0,43617.0,39784.0,"AVOCET LNG, LLC",Natural Gas,INTERSTATE,OCS-Gulf of Mexico,0.0,0.0,0.0,0.0,0.0,0.0,0.0,0.0,0.0,0.0,0.0,0.0,0.0,0.0,0.0,0.0,0.0,0.0,0.0,0.0,0.0,
2/2/2026,2023.0,20240059.0,43221.0,39785.0,"EPIC CONSOLIDATED OPERATIONS, LLC",Natural Gas,INTRASTATE,TEXAS,0.0,0.0,0.0,0.0,0.0,0.0,0.0,0.0,0.0,0.0,0.0,0.0,0.0,0.0,0.0,0.0,0.0,0.0,0.0,0.0,0.0,
2/2/2026,2023.0,20240545.0,43735.0,39786.0,MARATHON OIL EF LLC,Natural Gas,INTRASTATE,TEXAS,0.0,0.0,0.0,0.0,0.0,0.0,0.0,0.0,0.0,0.0,0.0,0.0,0.0,0.0,0.0,0.0,0.0,0.0,0.0,0.0,0.0,
2/2/2026,2023.0,20240783.0,43983.0,39789.0,SABINE ETX GATHERING UTILITY,Natural Gas,INTRASTATE,TEXAS,0.0,0.0,0.0,0.0,0.0,0.0,0.0,0.0,0.0,0.0,0.0,0.0,0.0,0.0,0.0,0.0,0.0,0.0,0.0,0.0,0.0,
2/2/2026,2023.0,20240685.0,43880.0,39790.0,BKV OPERATING LLC,Natural Gas,INTRASTATE,PENNSYLVANIA,0.0,0.0,0.0,0.0,0.0,0.0,0.0,0.0,0.0,0.0,0.0,0.0,0.0,0.0,0.0,0.0,0.0,0.0,0.0,0.0,0.0,
2/2/2026,2023.0,20241099.0,44309.0,39791.0,"AMAROQ RESOURCES, LLC",Natural Gas,INTRASTATE,ALASKA,0.0,0.0,0.0,0.0,0.0,0.0,0.0,0.0,0.0,0.0,0.0,0.0,0.0,0.0,0.0,0.0,0.0,0.0,0.0,0.0,0.0,
2/2/2026,2023.0,20240338.0,43522.0,39792.0,"EXCO APPALACHIA MIDSTREAM, LLC",Natural Gas,INTRASTATE,PENNSYLVANIA,0.0,0.0,0.0,0.0,0.0,0.0,0.0,0.0,0.0,0.0,0.0,0.0,0.0,0.0,0.0,0.0,0.0,0.0,0.0,0.0,0.0,
2/2/2026,2023.0,20240312.0,43496.0,39793.0,ENERFIN GATHERING LLC,Natural Gas,INTRASTATE,OKLAHOMA,0.0,0.0,0.0,0.0,0.0,0.0,0.0,0.0,0.0,0.0,0.0,0.0,0.0,0.0,0.0,0.0,0.0,0.0,0.0,0.0,0.0,
2/2/2026,2023.0,20240567.0,43758.0,39800.0,KUDU MIDSTREAM LLC,Natural Gas,INTRASTATE,TEXAS,0.0,0.0,0.0,0.0,0.0,0.0,0.0,0.0,0.0,0.0,0.0,0.0,0.0,0.0,0.0,0.0,0.0,0.0,0.0,0.0,0.0,
2/2/2026,2023.0,20240196.0,43373.0,39801.0,"ELITE OCTANE, LLC",Natural Gas,INTRASTATE,IOWA,0.0,0.0,0.0,0.0,0.0,0.0,0.0,0.0,0.0,0.0,0.0,0.0,0.0,0.0,0.0,0.0,0.0,0.0,0.0,0.0,0.0,
2/2/2026,2023.0,20240139.0,43310.0,39802.0,"RH ENERGYTRANS, LLC",Natural Gas,INTERSTATE,OHIO,0.0,0.0,0.0,0.0,0.0,0.0,0.0,0.0,0.0,0.0,0.0,0.0,0.0,0.0,0.0,0.0,0.0,0.0,0.0,0.0,0.0,
2/2/2026,2023.0,20240139.0,43310.0,39802.0,"RH ENERGYTRANS, LLC",Natural Gas,INTERSTATE,PENNSYLVANIA,0.0,0.0,0.0,0.0,0.0,0.0,0.0,0.0,0.0,0.0,0.0,0.0,0.0,0.0,0.0,0.0,0.0,0.0,0.0,0.0,0.0,
2/2/2026,2023.0,20240025.0,43184.0,39808.0,JOHNS MANVILLE,Natural Gas,INTRASTATE,OHIO,0.0,0.0,0.0,0.0,0.108,0.108,0.0,0.0,0.0,0.0,0.0,0.0,0.0,0.0,0.0,0.0,0.0,0.0,0.0,0.108,0.108,
2/2/2026,2023.0,20240034.0,43195.0,39811.0,"ARCADIA OPERATING, LLC",Natural Gas,INTRASTATE,TEXAS,0.0,0.0,0.0,0.0,0.0,0.0,0.0,0.0,0.0,0.0,0.0,0.0,0.0,0.0,0.0,0.0,0.0,0.0,0.0,0.0,0.0,
2/2/2026,2023.0,20240511.0,43699.0,39814.0,"STATELINE PROCESSING, LLC",Natural Gas,INTRASTATE,NEW MEXICO,0.0,0.0,0.0,0.0,0.0,0.0,0.0,0.0,0.0,0.0,0.0,0.0,0.0,0.0,0.0,0.0,0.0,0.0,0.0,0.0,0.0,
2/2/2026,2023.0,20240511.0,43699.0,39814.0,"STATELINE PROCESSING, LLC",Natural Gas,INTRASTATE,TEXAS,0.0,0.0,0.0,0.0,0.0,0.0,0.0,0.0,0.0,0.0,0.0,0.0,0.0,0.0,0.0,0.0,0.0,0.0,0.0,0.0,0.0,
2/2/2026,2023.0,20241406.0,44787.0,39828.0,"PEVELER PIPELINE, LP",Natural Gas,INTRASTATE,TEXAS,0.0,0.0,0.0,0.0,0.0,0.0,0.0,0.0,0.0,0.0,0.0,0.0,0.0,0.0,0.0,0.0,0.0,0.0,0.0,0.0,0.0,
2/2/2026,2023.0,20240464.0,43651.0,39829.0,"TENASKA PENNSYLVANIA PARTNERS, LLC",Natural Gas,INTRASTATE,PENNSYLVANIA,0.0,0.0,0.0,0.0,0.0,0.0,0.0,0.0,0.0,0.0,0.0,0.0,0.0,0.0,0.0,0.0,0.0,0.0,0.0,0.0,0.0,
2/2/2026,2023.0,20240926.0,44128.0,39830.0,BLUE MOUNTAIN MIDSTREAM LLC,Natural Gas,INTRASTATE,OKLAHOMA,0.0,0.0,0.0,0.0,0.0,0.0,0.0,0.0,0.0,0.0,0.0,0.0,0.0,0.0,0.0,0.0,0.0,0.0,0.0,0.0,0.0,
2/2/2026,2023.0,20240839.0,44039.0,39831.0,"PONDEROSA GATHERING (USG), LLC.",Natural Gas,INTRASTATE,OKLAHOMA,0.0,0.0,0.0,0.0,0.0,0.0,0.0,0.0,0.0,0.0,0.0,0.0,0.0,0.0,0.0,0.0,0.0,0.0,0.0,0.0,0.0,
2/2/2026,2023.0,20240007.0,43164.0,39834.0,"REP KANSAS GATHERING, LLC",Natural Gas,INTRASTATE,KANSAS,0.0,0.0,0.0,0.0,0.0,0.0,0.0,0.0,0.0,0.0,0.0,0.0,0.0,0.0,0.0,0.0,0.0,0.0,0.0,0.0,0.0,
2/2/2026,2023.0,20240749.0,43949.0,39835.0,RENEWABLE ENERGY OF JEFFERSON LLC,Landfill Gas,INTRASTATE,LOUISIANA,0.0,0.0,0.0,0.0,0.0,0.0,0.0,0.0,0.0,0.0,0.0,0.0,0.0,0.0,0.0,0.0,0.0,0.0,0.0,0.0,0.0,
2/2/2026,2023.0,20241239.0,44640.0,39842.0,UNITED PARCEL SERVICE CENTENNIAL,Natural Gas,INTRASTATE,KENTUCKY,0.0,0.3,0.3,0.0,0.0,0.0,0.0,0.0,0.0,0.0,0.0,0.0,0.0,0.0,0.0,0.0,0.0,0.0,0.0,0.3,0.3,
2/2/2026,2023.0,20240142.0,43313.0,39843.0,"SANGUINE GAS EXPLORATION, LLC",Natural Gas,INTRASTATE,OKLAHOMA,0.0,0.0,0.0,0.0,0.0,0.0,0.0,0.0,0.0,0.0,0.0,0.0,0.0,0.0,0.0,0.0,0.0,0.0,0.0,0.0,0.0,
2/2/2026,2023.0,20240943.0,44145.0,39847.0,"STONEHENGE LAUREL GATHERING, LLC",Natural Gas,INTRASTATE,PENNSYLVANIA,0.0,0.0,0.0,0.0,0.0,0.0,0.0,0.0,0.0,0.0,0.0,0.0,0.0,0.0,0.0,0.0,0.0,0.0,0.0,0.0,0.0,
2/2/2026,2023.0,20240899.0,44100.0,39850.0,"TAIT ELECTRIC GENERATING STATION, LLC",Natural Gas,INTRASTATE,OHIO,0.0,3.741,3.741,0.0,0.0,0.0,0.0,0.0,0.0,0.0,0.0,0.0,0.0,0.0,0.0,0.0,0.0,0.0,0.0,3.741,3.741,
2/2/2026,2023.0,20241423.0,44843.0,39861.0,"RED STICK GATHERING, LLC",Natural Gas,INTRASTATE,OKLAHOMA,0.0,0.0,0.0,0.0,0.0,0.0,0.0,0.0,0.0,0.0,0.0,0.0,0.0,0.0,0.0,0.0,0.0,0.0,0.0,0.0,0.0,
2/2/2026,2023.0,20241080.0,44290.0,39862.0,"DTM BIRDSBORO PIPELINE, LLC",Natural Gas,INTERSTATE,PENNSYLVANIA,0.0,0.0,0.0,0.0,0.0,0.0,0.0,0.0,0.0,0.0,0.0,0.0,0.0,0.0,0.0,0.0,0.0,0.0,0.0,0.0,0.0,
2/2/2026,2023.0,20240292.0,43473.0,39868.0,AMERESCO WOODLAND MEADOWS ROMULUS LLC,Landfill Gas,INTRASTATE,MICHIGAN,0.0,0.0,0.0,0.0,0.0,0.0,0.0,0.0,0.0,0.0,0.0,0.0,0.0,0.0,0.0,0.0,0.0,0.0,0.0,0.0,0.0,
2/2/2026,2023.0,20241312.0,44750.0,39874.0,"BEACON WEST ENERGY GROUP, LLC",Natural Gas,INTERSTATE,CALIFORNIA,0.0,0.0,0.0,0.0,0.0,0.0,0.0,0.0,0.0,0.0,0.0,0.0,0.0,0.0,0.0,0.0,0.0,0.0,0.0,0.0,0.0,
2/2/2026,2023.0,20241312.0,44750.0,39874.0,"BEACON WEST ENERGY GROUP, LLC",Natural Gas,INTRASTATE,CALIFORNIA,0.64,0.0,0.64,0.0,0.0,0.0,0.0,0.0,0.0,0.0,0.0,0.0,0.0,0.0,0.0,0.0,0.0,0.0,0.64,0.0,0.64,
2/2/2026,2023.0,20240702.0,43900.0,39875.0,PEOPLES ELECTRIC COOPERATIVE,Natural Gas,INTRASTATE,OKLAHOMA,0.0,0.0,0.0,0.0,0.0,0.0,0.0,0.0,0.0,0.0,0.0,0.0,0.0,0.0,0.0,0.0,0.0,0.0,0.0,0.0,0.0,
2/2/2026,2023.0,20240818.0,44018.0,39880.0,"TERRA TRANSMISSION, LLC.",Natural Gas,INTRASTATE,TEXAS,0.0,0.0,0.0,0.0,0.98,0.98,0.0,0.0,0.0,0.0,0.0,0.0,0.0,0.0,0.0,0.0,0.0,0.0,0.0,0.98,0.98,0
2/2/2026,2023.0,20241285.0,44509.0,39886.0,SPIRE STL PIPELINE LLC,Natural Gas,INTERSTATE,ILLINOIS,0.0,0.0,0.0,0.0,0.0,0.0,0.0,0.0,0.0,0.0,0.0,0.0,0.0,0.0,0.0,0.0,0.0,0.0,0.0,0.0,0.0,
2/2/2026,2023.0,20241285.0,44509.0,39886.0,SPIRE STL PIPELINE LLC,Natural Gas,INTERSTATE,MISSOURI,0.0,0.0,0.0,0.0,4.5,4.5,0.0,0.0,0.0,0.0,0.0,0.0,0.0,0.0,0.0,0.0,0.0,0.0,0.0,4.5,4.5,
2/2/2026,2023.0,20241341.0,44567.0,39892.0,DAYLIGHT PETROLEUM LLC,Natural Gas,INTRASTATE,OKLAHOMA,0.0,0.0,0.0,0.0,0.0,0.0,0.0,0.0,0.0,0.0,0.0,0.0,0.0,0.0,0.0,0.0,0.0,0.0,0.0,0.0,0.0,
2/2/2026,2023.0,20241341.0,44567.0,39892.0,DAYLIGHT PETROLEUM LLC,Natural Gas,INTRASTATE,TEXAS,0.0,0.0,0.0,0.0,0.0,0.0,0.0,0.0,0.0,0.0,0.0,0.0,0.0,0.0,0.0,0.0,0.0,0.0,0.0,0.0,0.0,
2/2/2026,2023.0,20240095.0,44710.0,39894.0,"AMP INTRASTATE PIPELINE, LLC",Natural Gas,INTRASTATE,TEXAS,0.0,0.0,0.0,0.0,0.0,0.0,0.0,0.7,0.7,0.0,0.0,0.0,0.0,0.0,0.0,0.0,0.0,0.0,0.0,0.7,0.7,
2/2/2026,2023.0,20241012.0,44218.0,39903.0,HANNA OIL AND GAS COMPANY,Natural Gas,INTRASTATE,ARKANSAS,0.0,0.0,0.0,0.0,0.0,0.0,0.0,0.0,0.0,0.0,0.0,0.0,0.0,0.0,0.0,0.0,0.0,0.0,0.0,0.0,0.0,
2/2/2026,2023.0,20240549.0,43739.0,39905.0,REP PROCESSING,Natural Gas,INTRASTATE,COLORADO,0.0,0.0,0.0,0.0,0.0,0.0,0.0,0.0,0.0,0.0,0.0,0.0,0.0,0.0,0.0,0.0,0.0,0.0,0.0,0.0,0.0,
2/2/2026,2023.0,20240311.0,43495.0,39907.0,ENERFIN PIPELINE LLC,Natural Gas,INTRASTATE,OKLAHOMA,0.0,0.0,0.0,0.0,0.0,0.0,0.0,0.0,0.0,0.0,0.0,0.0,0.0,0.0,0.0,0.0,0.0,0.0,0.0,0.0,0.0,
2/2/2026,2023.0,20240150.0,43324.0,39908.0,TALL OAK WOODFORD,Natural Gas,INTRASTATE,OKLAHOMA,0.0,0.0,0.0,0.0,0.0,0.0,0.0,0.0,0.0,0.0,0.0,0.0,0.0,0.0,0.0,0.0,0.0,0.0,0.0,0.0,0.0,
2/2/2026,2023.0,20240791.0,43991.0,39909.0,"BEDROCK PRODUCTION, LLC",Natural Gas,INTRASTATE,TEXAS,0.0,0.0,0.0,0.0,0.0,0.0,0.0,0.0,0.0,0.0,0.0,0.0,0.0,0.0,0.0,0.0,0.0,0.0,0.0,0.0,0.0,
2/2/2026,2023.0,20241082.0,44292.0,39913.0,"DTM LOUISIANA GATHERING, LLC",Natural Gas,INTRASTATE,LOUISIANA,0.0,0.0,0.0,0.0,0.0,0.0,0.0,0.0,0.0,0.0,0.0,0.0,0.0,0.0,0.0,0.0,0.0,0.0,0.0,0.0,0.0,
2/2/2026,2023.0,20241082.0,44292.0,39913.0,"DTM LOUISIANA GATHERING, LLC",Natural Gas,INTRASTATE,TEXAS,0.0,0.0,0.0,0.0,0.0,0.0,0.0,0.0,0.0,0.0,0.0,0.0,0.0,0.0,0.0,0.0,0.0,0.0,0.0,0.0,0.0,
2/2/2026,2023.0,20240773.0,43973.0,39928.0,JAMESTOWN BOARD OF PUBLIC UTILITIES,Natural Gas,INTRASTATE,NEW YORK,2.25,0.0,2.25,0.0,0.0,0.0,0.0,0.0,0.0,0.0,0.0,0.0,0.0,0.0,0.0,0.0,0.0,0.0,2.25,0.0,2.25,
2/2/2026,2023.0,20240096.0,43264.0,39930.0,"AMP TEXAS PIPELINES, LLC",Natural Gas,INTRASTATE,TEXAS,0.0,0.0,0.0,0.0,0.0,0.0,0.0,0.0,0.0,0.0,0.0,0.0,0.0,0.0,0.0,0.0,0.0,0.0,0.0,0.0,0.0,
2/2/2026,2023.0,20241166.0,44378.0,39933.0,"CHEYENNE CONNECTOR, LLC",Natural Gas,INTERSTATE,COLORADO,0.0,0.0,0.0,0.0,0.0,0.0,0.0,1.02,1.02,0.0,0.0,0.0,0.0,0.0,0.0,0.0,0.0,0.0,0.0,1.02,1.02,
2/2/2026,2023.0,20241287.0,45150.0,39934.0,"CLEAR CREEK STORAGE COMPANY, LLC",Natural Gas,INTERSTATE,WYOMING,0.0,0.0,0.0,0.0,0.0,0.0,0.0,0.0,0.0,0.0,0.0,0.0,0.0,0.0,0.0,0.0,0.0,0.0,0.0,0.0,0.0,
2/2/2026,2023.0,20241288.0,44512.0,39935.0,SPIRE STORAGE WEST LLC,Natural Gas,INTERSTATE,WYOMING,0.0,0.0,0.0,0.0,0.0,0.0,0.0,0.0,0.0,0.0,0.0,0.0,0.0,0.0,0.0,0.0,0.0,0.0,0.0,0.0,0.0,
2/2/2026,2023.0,20240266.0,43447.0,39936.0,NOGP OPERATING COMPANY LLC,Natural Gas,INTRASTATE,OKLAHOMA,0.0,0.0,0.0,0.0,0.0,0.0,0.0,0.0,0.0,0.0,0.0,0.0,0.0,0.0,0.0,0.0,0.0,0.0,0.0,0.0,0.0,
2/2/2026,2023.0,20240928.0,44130.0,39937.0,BLACK MOUNTAIN SAND MIDCON LLC,Natural Gas,INTRASTATE,OKLAHOMA,0.0,0.0,0.0,0.0,0.0,0.0,0.0,0.0,0.0,0.0,0.0,0.0,0.0,0.0,0.0,0.0,0.0,0.0,0.0,0.0,0.0,
2/2/2026,2023.0,20241391.0,44654.0,39947.0,"WESTMORELAND GAS, LLC",Natural Gas,INTRASTATE,WEST VIRGINIA,0.0,0.0,0.0,0.0,0.0,0.0,0.0,0.0,0.0,0.0,0.0,0.0,0.0,0.0,0.0,0.0,0.0,0.0,0.0,0.0,0.0,
2/2/2026,2023.0,20240367.0,43553.0,39950.0,"DKL DELAWARE GATHERING, LLC",Natural Gas,INTRASTATE,NEW MEXICO,0.0,0.0,0.0,0.0,0.0,0.0,0.0,0.0,0.0,0.0,0.0,0.0,0.0,0.0,0.0,0.0,0.0,0.0,0.0,0.0,0.0,
2/2/2026,2023.0,20241147.0,44359.0,39953.0,"OHIO GATHERING COMPANY, L.L.C.",Natural Gas,INTRASTATE,OHIO,0.0,0.0,0.0,0.0,0.0,0.0,0.0,0.0,0.0,0.0,0.0,0.0,0.0,0.0,0.0,0.0,0.0,0.0,0.0,0.0,0.0,
2/2/2026,2023.0,20241168.0,44380.0,39954.0,"JEFFERSON GAS GATHERING COMPANY, L.L.C.",Natural Gas,INTRASTATE,OHIO,0.0,0.0,0.0,0.0,0.0,0.0,0.0,0.0,0.0,0.0,0.0,0.0,0.0,0.0,0.0,0.0,0.0,0.0,0.0,0.0,0.0,
2/2/2026,2023.0,20240207.0,43385.0,39957.0,VALERO RENEWABLE FUELS,Natural Gas,INTRASTATE,IOWA,0.0,0.0,0.0,0.0,0.0,0.0,0.0,0.0,0.0,0.0,0.0,0.0,0.0,0.0,0.0,0.0,0.0,0.0,0.0,0.0,0.0,
2/2/2026,2023.0,20240379.0,43565.0,39970.0,"LAZARUS GAS GATHERING, LLC",Natural Gas,INTRASTATE,OKLAHOMA,0.0,0.0,0.0,0.0,0.0,0.0,0.0,0.0,0.0,0.0,0.0,0.0,0.0,0.0,0.0,0.0,0.0,0.0,0.0,0.0,0.0,
2/2/2026,2023.0,20240379.0,43565.0,39970.0,"LAZARUS GAS GATHERING, LLC",Natural Gas,INTRASTATE,TEXAS,0.0,0.0,0.0,0.0,0.0,0.0,0.0,0.0,0.0,0.0,0.0,0.0,0.0,0.0,0.0,0.0,0.0,0.0,0.0,0.0,0.0,
2/2/2026,2023.0,20240288.0,43469.0,39972.0,AMERESCO NINETY FIRST AVENUE RENEWABLE BIOGAS,Natural Gas,INTRASTATE,ARIZONA,0.0,0.0,0.0,0.0,0.0,0.0,0.0,0.0,0.0,0.0,0.0,0.0,0.0,0.0,0.0,0.0,0.0,0.0,0.0,0.0,0.0,
2/2/2026,2023.0,20241418.0,44827.0,39974.0,"PETRODOME OPERATING, LLC",Natural Gas,INTRASTATE,TEXAS,0.0,0.0,0.0,0.0,0.0,0.0,0.0,0.0,0.0,0.0,0.0,0.0,0.0,0.0,0.0,0.0,0.0,0.0,0.0,0.0,0.0,
2/2/2026,2023.0,20240693.0,43889.0,39977.0,PENN ENERGY RESOURCES,Natural Gas,INTRASTATE,PENNSYLVANIA,0.0,0.0,0.0,0.0,0.0,0.0,0.0,0.0,0.0,0.0,0.0,0.0,0.0,0.0,0.0,0.0,0.0,0.0,0.0,0.0,0.0,
2/2/2026,2023.0,20240236.0,43414.0,39978.0,"GALLOWAY LONE STAR, L.L.C.",Natural Gas,INTRASTATE,TEXAS,0.0,0.0,0.0,0.0,0.0,0.0,0.0,0.0,0.0,0.0,0.0,0.0,0.0,0.0,0.0,0.0,0.0,0.0,0.0,0.0,0.0,
2/2/2026,2023.0,20240174.0,43351.0,39983.0,GOFF CONNECTOR LLC,Natural Gas,INTRASTATE,WEST VIRGINIA,0.0,0.0,0.0,0.0,0.0,0.0,0.0,0.0,0.0,0.0,0.0,0.0,0.0,0.0,0.0,0.0,0.0,0.0,0.0,0.0,0.0,
2/2/2026,2023.0,20240314.0,44772.0,39985.0,COLLEGIATE MIDSTREAM LLC,Natural Gas,INTRASTATE,TEXAS,0.0,0.82,0.82,0.0,0.0,0.0,0.0,0.0,0.0,0.0,0.0,0.0,0.0,0.0,0.0,0.0,0.0,0.0,0.0,0.82,0.82,
2/2/2026,2023.0,20241265.0,44484.0,39986.0,"EMPIRE ENERGY E&P, LLC",Natural Gas,INTRASTATE,NEW YORK,0.0,0.0,0.0,0.0,0.0,0.0,0.0,0.0,0.0,0.0,0.0,0.0,0.0,0.0,0.0,0.0,0.0,0.0,0.0,0.0,0.0,
2/2/2026,2023.0,20241368.0,45002.0,39987.0,"RELIABLE PIPELINE, LLC",Natural Gas,INTRASTATE,MICHIGAN,0.0,0.0,0.0,0.0,0.0,0.0,0.0,0.0,0.0,0.0,0.0,0.0,0.0,0.0,0.0,0.0,0.0,0.0,0.0,0.0,0.0,
2/2/2026,2023.0,20240108.0,43276.0,39989.0,"HG ENERGY II  APPALACHIA, LLC",Natural Gas,INTRASTATE,WEST VIRGINIA,0.0,0.0,0.0,0.0,0.0,0.0,0.0,0.0,0.0,0.0,0.0,0.0,0.0,0.0,0.0,0.0,0.0,0.0,0.0,0.0,0.0,
2/2/2026,2023.0,20240858.0,44797.0,39992.0,MEGLOBAL AMERICAS INC.,Natural Gas,INTRASTATE,TEXAS,0.0,0.2,0.2,0.0,0.0,0.0,0.0,0.0,0.0,0.0,0.0,0.0,0.0,0.0,0.0,0.0,0.0,0.0,0.0,0.2,0.2,
2/2/2026,2023.0,20240867.0,44067.0,39992.0,MEGLOBAL AMERICAS INC.,Other Gas-Ethylene,INTRASTATE,TEXAS,0.0,0.0,0.0,0.0,0.0,0.0,0.0,0.0,0.0,0.0,0.0,0.0,0.0,0.0,0.0,0.0,0.0,0.0,0.0,0.0,0.0,
2/2/2026,2023.0,20241332.0,44557.0,39993.0,"TRISTATE NLA, LLC",Natural Gas,INTRASTATE,LOUISIANA,0.0,0.0,0.0,0.0,0.0,0.0,0.0,0.0,0.0,0.0,0.0,0.0,0.0,0.0,0.0,0.0,0.0,0.0,0.0,0.0,0.0,
2/2/2026,2023.0,20241332.0,44557.0,39993.0,"TRISTATE NLA, LLC",Natural Gas,INTRASTATE,TEXAS,0.0,0.0,0.0,0.0,0.0,0.0,0.0,0.0,0.0,0.0,0.0,0.0,0.0,0.0,0.0,0.0,0.0,0.0,0.0,0.0,0.0,
2/2/2026,2023.0,20240559.0,43750.0,39998.0,BOUNTY TRANSFER LLC,Natural Gas,INTRASTATE,OKLAHOMA,0.0,0.0,0.0,0.0,0.0,0.0,0.0,0.0,0.0,0.0,0.0,0.0,0.0,0.0,0.0,0.0,0.0,0.0,0.0,0.0,0.0,
2/2/2026,2023.0,20240396.0,44814.0,39999.0,"MATHESON TRI-GAS, INC",Hydrogen Gas,INTRASTATE,TEXAS,0.0,0.0,0.0,0.0,0.0,0.0,0.0,0.94,0.94,0.0,0.0,0.0,0.0,0.0,0.0,0.0,0.0,0.0,0.0,0.94,0.94,
2/2/2026,2023.0,20241246.0,44465.0,40001.0,"KINCAID GENERATION, LLC",Natural Gas,INTRASTATE,ILLINOIS,0.0,0.0,0.0,0.0,0.0,0.0,0.0,0.0,0.0,0.0,0.0,0.0,0.0,0.0,0.0,0.0,0.0,0.0,0.0,0.0,0.0,
2/2/2026,2023.0,20241366.0,44595.0,40002.0,LAYLINE OIL AND GAS LLC,Natural Gas,INTRASTATE,MICHIGAN,0.0,0.0,0.0,0.0,0.0,0.0,0.0,0.0,0.0,0.0,0.0,0.0,0.0,0.0,0.0,0.0,0.0,0.0,0.0,0.0,0.0,
2/2/2026,2023.0,20240471.0,44943.0,40003.0,"DOS CAMINOS, LLC",Natural Gas,INTRASTATE,TEXAS,0.0,0.0,0.0,0.0,0.0,0.0,0.0,0.0,0.0,0.0,0.0,0.0,0.0,0.0,0.0,0.0,0.0,0.0,0.0,0.0,0.0,
2/2/2026,2023.0,20240400.0,46928.0,40005.0,LOS ANGELES WATER & POWER,Natural Gas,INTRASTATE,CALIFORNIA,1.1,0.0,1.1,0.0,0.0,0.0,0.0,0.0,0.0,0.0,0.0,0.0,0.0,0.0,0.0,0.0,0.0,0.0,1.1,0.0,1.1,
2/2/2026,2023.0,20240488.0,43676.0,40013.0,"ENDEAVOR ENERGY RESOURCES, LP",Natural Gas,INTRASTATE,TEXAS,0.0,0.0,0.0,0.0,0.0,0.0,0.0,0.0,0.0,0.0,0.0,0.0,0.0,0.0,0.0,0.0,0.0,0.0,0.0,0.0,0.0,
2/2/2026,2023.0,20240486.0,43674.0,40018.0,"BUZZARDS BENCH, LLC",Natural Gas,INTRASTATE,UTAH,0.0,0.0,0.0,0.0,0.0,0.0,0.0,0.0,0.0,0.0,0.0,0.0,0.0,0.0,0.0,0.0,0.0,0.0,0.0,0.0,0.0,
2/2/2026,2023.0,20240512.0,44748.0,40024.0,"BRANCH ENERGY PARTNERS, LLC",Natural Gas,INTRASTATE,TEXAS,0.0,0.0,0.0,0.0,0.0,0.0,0.0,0.0,0.0,0.0,0.0,0.0,0.0,0.0,0.0,0.0,0.0,0.0,0.0,0.0,0.0,
2/2/2026,2023.0,20240149.0,43323.0,40029.0,"VM ARKOMA STACK, LLC",Natural Gas,INTRASTATE,OKLAHOMA,0.0,0.0,0.0,0.0,0.0,0.0,0.0,0.0,0.0,0.0,0.0,0.0,0.0,0.0,0.0,0.0,0.0,0.0,0.0,0.0,0.0,
2/2/2026,2023.0,20241408.0,44789.0,40035.0,"FORDYCE OIL & GAS, LLC",Natural Gas,INTRASTATE,TEXAS,0.0,0.0,0.0,0.0,0.0,0.0,0.0,0.0,0.0,0.0,0.0,0.0,0.0,0.0,0.0,0.0,0.0,0.0,0.0,0.0,0.0,
2/2/2026,2023.0,20240623.0,43817.0,40037.0,"BUCHANAN GENERATION, LLC",Natural Gas,INTRASTATE,VIRGINIA,0.0,0.0,0.0,0.0,0.0,0.0,0.0,0.0,0.0,0.0,0.0,0.0,0.0,0.0,0.0,0.0,0.0,0.0,0.0,0.0,0.0,
2/2/2026,2023.0,20241112.0,44486.0,40038.0,"JM INVESTMENTS, LLC",Natural Gas,INTRASTATE,TEXAS,0.0,0.0,0.0,0.0,0.0,0.0,0.0,0.0,0.0,0.0,0.0,0.0,0.0,0.0,0.0,0.0,0.0,0.0,0.0,0.0,0.0,
2/2/2026,2023.0,20241383.0,44619.0,40039.0,STREAMLINE MIDSTREAM INC.,Natural Gas,INTRASTATE,OKLAHOMA,0.0,0.0,0.0,0.0,0.0,0.0,0.0,0.0,0.0,0.0,0.0,0.0,0.0,0.0,0.0,0.0,0.0,0.0,0.0,0.0,0.0,
2/2/2026,2023.0,20240224.0,43402.0,40044.0,CANES INTRASTATE PIPELINE LLC,Natural Gas,INTRASTATE,TEXAS,0.0,0.0,0.0,0.0,0.0,0.0,0.0,0.0,0.0,0.0,0.0,0.0,0.0,0.0,0.0,0.0,0.0,0.0,0.0,0.0,0.0,
2/2/2026,2023.0,20241217.0,44434.0,40045.0,"COMSTOCK OIL & GAS, LLC",Natural Gas,INTRASTATE,TEXAS,0.0,0.0,0.0,0.0,0.0,0.0,0.0,0.0,0.0,0.0,0.0,0.0,0.0,0.0,0.0,0.0,0.0,0.0,0.0,0.0,0.0,
2/2/2026,2023.0,20240272.0,43453.0,40049.0,"DANE RENEWABLE ENERGY, LLC",Landfill Gas,INTRASTATE,WISCONSIN,0.0,0.0,0.0,0.0,0.0,0.0,0.0,0.0,0.0,0.0,0.0,0.0,0.0,0.0,0.0,0.0,0.0,0.0,0.0,0.0,0.0,
2/2/2026,2023.0,20241215.0,44432.0,40052.0,"COMSTOCK OIL & GAS -- LA, LLC",Natural Gas,INTRASTATE,LOUISIANA,0.0,0.0,0.0,0.0,0.0,0.0,0.0,0.0,0.0,0.0,0.0,0.0,0.0,0.0,0.0,0.0,0.0,0.0,0.0,0.0,0.0,
2/2/2026,2023.0,20241257.0,44693.0,40053.0,"TRANSCAMERON PIPELINE, LLC",Natural Gas,INTERSTATE,LOUISIANA,2.323,0.0,2.323,0.0,0.0,0.0,0.0,0.0,0.0,0.0,0.0,0.0,0.0,0.0,0.0,0.0,0.0,0.0,2.323,0.0,2.323,
2/2/2026,2023.0,20251468.0,46926.0,40055.0,CAMBRIA ASPHALT,Natural Gas,INTRASTATE,NEW YORK,0.0,0.0,0.0,0.0,0.0,0.0,0.0,0.0,0.0,0.0,0.0,0.0,0.0,0.0,0.0,0.0,0.0,0.0,0.0,0.0,0.0,
2/2/2026,2023.0,20240971.0,44173.0,40058.0,"LM TOUCHDOWN, LLC",Natural Gas,INTRASTATE,NEW MEXICO,0.0,0.0,0.0,0.0,0.0,0.0,0.0,0.0,0.0,0.0,0.0,0.0,0.0,0.0,0.0,0.0,0.0,0.0,0.0,0.0,0.0,
2/2/2026,2023.0,20241466.0,44933.0,40062.0,AMERESCO (USCG BALTIMORE),Landfill Gas,INTRASTATE,MARYLAND,0.0,0.0,0.0,0.0,0.0,0.0,0.0,0.0,0.0,0.0,0.0,0.0,0.0,0.0,0.0,0.0,0.0,0.0,0.0,0.0,0.0,
2/2/2026,2023.0,20241007.0,44213.0,40063.0,"ROARING FORK MIDSTREAM, LLC",Natural Gas,INTERSTATE,COLORADO,0.0,0.0,0.0,0.0,0.0,0.0,0.0,0.0,0.0,0.0,0.0,0.0,0.0,0.0,0.0,0.0,0.0,0.0,0.0,0.0,0.0,
2/2/2026,2023.0,20240658.0,43853.0,40069.0,"STINGRAY PIPELINE COMPANY, LLC",Natural Gas,INTERSTATE,LOUISIANA,0.0,0.0,0.0,0.0,0.63,0.63,0.0,0.0,0.0,0.0,0.0,0.0,0.0,0.0,0.0,0.0,0.0,0.0,0.0,0.63,0.63,
2/2/2026,2023.0,20240506.0,43694.0,40072.0,TEXAS AMERICAN RESOURCES COMPANY,Natural Gas,INTRASTATE,TEXAS,0.0,0.0,0.0,0.0,0.0,0.0,0.0,0.0,0.0,0.0,0.0,0.0,0.0,0.0,0.0,0.0,0.0,0.0,0.0,0.0,0.0,
2/2/2026,2023.0,20240985.0,44205.0,40080.0,INDORAMA VENTURES OXIDES LLC,Hydrogen Gas,INTRASTATE,TEXAS,0.0,0.0,0.0,0.0,0.0,0.0,0.0,0.0,0.0,0.0,0.0,0.0,0.0,0.0,0.0,0.0,0.0,0.0,0.0,0.0,0.0,
2/2/2026,2023.0,20241123.0,44739.0,40080.0,INDORAMA VENTURES OXIDES LLC,Other Gas-Refinery Gas,INTRASTATE,TEXAS,0.0,0.0,0.0,0.0,0.92,0.92,0.0,0.0,0.0,0.0,0.0,0.0,0.0,0.0,0.0,0.0,0.0,0.0,0.0,0.92,0.92,
2/2/2026,2023.0,20241135.0,44879.0,40081.0,TG NATURAL RESOURCES,Natural Gas,INTRASTATE,TEXAS,0.0,0.0,0.0,0.0,0.0,0.0,0.0,0.0,0.0,0.0,0.0,0.0,0.0,0.0,0.0,0.0,0.0,0.0,0.0,0.0,0.0,
2/2/2026,2023.0,20240889.0,44089.0,40084.0,CAMINO REAL GAS GATHERING COMPANY LLC,Natural Gas,INTRASTATE,TEXAS,0.0,0.0,0.0,0.0,0.0,0.0,0.0,0.0,0.0,0.0,0.0,0.0,0.0,0.0,0.0,0.0,0.0,0.0,0.0,0.0,0.0,
2/2/2026,2023.0,20241329.0,44722.0,40085.0,"TRISTATE RTX, LLC",Natural Gas,INTRASTATE,TEXAS,0.0,0.12,0.12,0.0,0.0,0.0,0.0,0.0,0.0,0.0,0.0,0.0,0.0,0.0,0.0,0.0,0.0,0.0,0.0,0.12,0.12,
2/2/2026,2023.0,20241333.0,44558.0,40086.0,"TRISTATE RLA, LLC",Natural Gas,INTRASTATE,LOUISIANA,0.0,0.0,0.0,0.0,0.0,0.0,0.0,0.0,0.0,0.0,0.0,0.0,0.0,0.0,0.0,0.0,0.0,0.0,0.0,0.0,0.0,
2/2/2026,2023.0,20240308.0,43491.0,40087.0,OE2 NORTH LLC,Natural Gas,INTRASTATE,NORTH DAKOTA,0.0,0.0,0.0,0.0,0.0,0.0,0.0,0.0,0.0,0.0,0.0,0.0,0.0,0.0,0.0,0.0,0.0,0.0,0.0,0.0,0.0,
2/2/2026,2023.0,20240902.0,44959.0,40093.0,AIR LIQUIDE ADVANCED TECHNOLOGIES US LLC G,Other Gas-Processed Landfill Methane,INTRASTATE,WISCONSIN,0.0,0.0,0.0,0.0,0.0,0.0,0.0,0.0,0.0,0.0,0.0,0.0,0.0,0.0,0.0,0.0,0.0,0.0,0.0,0.0,0.0,
2/2/2026,2023.0,20240233.0,43411.0,40095.0,"PETROTX OPERATING, LLC",Natural Gas,INTRASTATE,TEXAS,0.0,0.0,0.0,0.0,0.0,0.0,0.0,0.0,0.0,0.0,0.0,0.0,0.0,0.0,0.0,0.0,0.0,0.0,0.0,0.0,0.0,
2/2/2026,2023.0,20241436.0,44872.0,40100.0,"DOUBLE PLAY OIL & GAS, INC",Natural Gas,INTRASTATE,TEXAS,0.0,0.0,0.0,0.0,0.0,0.0,0.0,0.0,0.0,0.0,0.0,0.0,0.0,0.0,0.0,0.0,0.0,0.0,0.0,0.0,0.0,
2/2/2026,2023.0,20240842.0,44042.0,40119.0,VERMILLION POWER,Natural Gas,INTRASTATE,OHIO,0.0,0.0,0.0,0.0,0.0,0.0,0.0,0.0,0.0,0.0,0.0,0.0,0.0,0.0,0.0,0.0,0.0,0.0,0.0,0.0,0.0,
2/2/2026,2023.0,20241349.0,44967.0,40121.0,LINN COUNTY ROAD DEPARTMENT,Natural Gas,INTRASTATE,OREGON,0.0,0.0,0.0,0.0,0.0,0.0,0.0,0.16,0.16,0.0,0.0,0.0,0.0,0.0,0.0,0.0,0.0,0.0,0.0,0.16,0.16,
2/2/2026,2023.0,20240011.0,43169.0,40122.0,BCE-MACH III MIDSTREAM HOLDINGS LLC,Natural Gas,INTRASTATE,OKLAHOMA,0.0,0.0,0.0,0.0,0.0,0.0,0.0,0.0,0.0,0.0,0.0,0.0,0.0,0.0,0.0,0.0,0.0,0.0,0.0,0.0,0.0,
2/2/2026,2023.0,20240032.0,43193.0,40123.0,"BEECH MIDSTREAM, LLC",Natural Gas,INTRASTATE,PENNSYLVANIA,0.0,0.0,0.0,0.0,0.0,0.0,0.0,0.0,0.0,0.0,0.0,0.0,0.0,0.0,0.0,0.0,0.0,0.0,0.0,0.0,0.0,
2/2/2026,2023.0,20241003.0,44937.0,40128.0,IACX ROCK CREEK LLC,Natural Gas,INTRASTATE,TEXAS,0.0,0.0,0.0,0.0,0.0,0.0,0.0,0.0,0.0,0.0,0.0,0.0,0.0,0.0,0.0,0.0,0.0,0.0,0.0,0.0,0.0,
2/2/2026,2023.0,20240023.0,43181.0,40129.0,"ZFS ITHACA, LLC",Natural Gas,INTRASTATE,MICHIGAN,0.0,0.0,0.0,0.0,0.0,0.0,0.0,0.0,0.0,0.0,0.0,0.0,0.0,0.0,0.0,0.0,0.0,0.0,0.0,0.0,0.0,
2/2/2026,2023.0,20240952.0,44154.0,40133.0,SENECA FOODS - NW GAS CONTRACTED,Natural Gas,INTRASTATE,MINNESOTA,0.0,0.0,0.0,0.0,0.0,0.0,0.0,0.0,0.0,0.0,0.0,0.0,0.0,0.0,0.0,0.0,0.0,0.0,0.0,0.0,0.0,
2/2/2026,2023.0,20241234.0,44977.0,40135.0,"EVERLINE COMPLIANCE, LLC",Natural Gas,INTRASTATE,CALIFORNIA,0.0,0.0,0.0,0.0,3.5,3.5,0.0,0.0,0.0,0.0,0.0,0.0,0.0,0.0,0.0,0.0,0.0,0.0,0.0,3.5,3.5,
2/2/2026,2023.0,20241234.0,44977.0,40135.0,"EVERLINE COMPLIANCE, LLC",Natural Gas,INTRASTATE,LOUISIANA,0.0,0.0,0.0,0.0,0.0,0.0,0.0,0.84,0.84,0.0,0.0,0.0,0.0,0.0,0.0,0.0,0.0,0.0,0.0,0.84,0.84,
2/2/2026,2023.0,20241234.0,44977.0,40135.0,"EVERLINE COMPLIANCE, LLC",Natural Gas,INTRASTATE,MISSISSIPPI,0.0,0.0,0.0,0.0,0.21,0.21,0.0,0.54,0.54,0.0,0.0,0.0,0.0,0.0,0.0,0.0,0.0,0.0,0.0,0.75,0.75,
2/2/2026,2023.0,20241234.0,44977.0,40135.0,"EVERLINE COMPLIANCE, LLC",Natural Gas,INTRASTATE,TEXAS,0.0,0.0,0.0,0.0,0.0,0.0,0.0,1.55,1.55,0.0,0.0,0.0,0.0,0.0,0.0,0.0,0.0,0.0,0.0,1.55,1.55,
2/2/2026,2023.0,20240408.0,43595.0,40139.0,"VENICE GATHERING SYSTEM, L.L.C.",Natural Gas,INTERSTATE,LOUISIANA,0.0,0.0,0.0,0.0,0.0,0.0,0.0,0.0,0.0,0.0,0.0,0.0,0.0,0.0,0.0,0.0,0.0,0.0,0.0,0.0,0.0,
2/2/2026,2023.0,20240408.0,43595.0,40139.0,"VENICE GATHERING SYSTEM, L.L.C.",Natural Gas,INTERSTATE,OCS-Gulf of Mexico,0.0,0.0,0.0,0.0,0.0,0.0,0.0,0.0,0.0,0.0,0.0,0.0,0.0,0.0,0.0,0.0,0.0,0.0,0.0,0.0,0.0,
2/2/2026,2023.0,20241020.0,44938.0,40142.0,"MAX MIDSTREAM TEXAS, LLC",Natural Gas,INTRASTATE,TEXAS,0.0,0.0,0.0,0.0,0.0,0.0,0.0,0.0,0.0,0.0,0.0,0.0,0.0,0.0,0.0,0.0,0.0,0.0,0.0,0.0,0.0,
2/2/2026,2023.0,20240335.0,43519.0,40143.0,"TEJAS POWER GENERATION, LLC",Natural Gas,INTRASTATE,TEXAS,0.0,0.0,0.0,0.0,0.0,0.0,0.0,0.0,0.0,0.0,0.0,0.0,0.0,0.0,0.0,0.0,0.0,0.0,0.0,0.0,0.0,
2/2/2026,2023.0,20240094.0,43262.0,40145.0,"POTAC, LLC",Natural Gas,INTRASTATE,TEXAS,0.0,0.0,0.0,0.0,0.0,0.0,0.0,0.0,0.0,0.0,0.0,0.0,0.0,0.0,0.0,0.0,0.0,0.0,0.0,0.0,0.0,
2/2/2026,2023.0,20241090.0,44300.0,40146.0,"CONTINENTAL RESOURCES, INC.",Natural Gas,INTRASTATE,NORTH DAKOTA,0.0,0.0,0.0,0.0,0.0,0.0,0.0,0.0,0.0,0.0,0.0,0.0,0.0,0.0,0.0,0.0,0.0,0.0,0.0,0.0,0.0,
2/2/2026,2023.0,20241382.0,44617.0,40148.0,"OSAGE HILLS PIPELINE COMPANY, LLC",Natural Gas,INTRASTATE,OKLAHOMA,0.0,0.0,0.0,0.0,0.0,0.0,0.0,0.0,0.0,0.0,0.0,0.0,0.0,0.0,0.0,0.0,0.0,0.0,0.0,0.0,0.0,
2/2/2026,2023.0,20241208.0,44625.0,40149.0,MPLX LP,Natural Gas,INTERSTATE,OKLAHOMA,0.0,0.0,0.0,0.0,0.0,0.0,0.0,0.0,0.0,0.0,0.0,0.0,0.0,0.0,0.0,0.0,0.0,0.0,0.0,0.0,0.0,
2/2/2026,2023.0,20241208.0,44625.0,40149.0,MPLX LP,Natural Gas,INTERSTATE,WYOMING,0.0,0.0,0.0,0.0,0.0,0.0,0.0,0.0,0.0,0.0,0.0,0.0,0.0,0.0,0.0,0.0,0.0,0.0,0.0,0.0,0.0,
2/2/2026,2023.0,20241208.0,44625.0,40149.0,MPLX LP,Natural Gas,INTRASTATE,COLORADO,0.0,0.0,0.0,0.0,0.0,0.0,0.0,0.0,0.0,0.0,0.0,0.0,0.0,0.0,0.0,0.0,0.0,0.0,0.0,0.0,0.0,
2/2/2026,2023.0,20241208.0,44625.0,40149.0,MPLX LP,Natural Gas,INTRASTATE,NEW MEXICO,0.0,0.0,0.0,0.0,0.0,0.0,0.0,0.0,0.0,0.0,0.0,0.0,0.0,0.0,0.0,0.0,0.0,0.0,0.0,0.0,0.0,
2/2/2026,2023.0,20241208.0,44625.0,40149.0,MPLX LP,Natural Gas,INTRASTATE,NORTH DAKOTA,0.0,0.0,0.0,0.0,0.0,0.0,0.0,0.0,0.0,0.0,0.0,0.0,0.0,0.0,0.0,0.0,0.0,0.0,0.0,0.0,0.0,
2/2/2026,2023.0,20241208.0,44625.0,40149.0,MPLX LP,Natural Gas,INTRASTATE,OKLAHOMA,0.0,0.0,0.0,0.0,0.0,0.0,0.0,0.0,0.0,0.0,0.0,0.0,0.0,0.0,0.0,0.0,0.0,0.0,0.0,0.0,0.0,
2/2/2026,2023.0,20241208.0,44625.0,40149.0,MPLX LP,Natural Gas,INTRASTATE,PENNSYLVANIA,0.0,0.0,0.0,0.0,0.0,0.0,0.0,0.0,0.0,0.0,0.0,0.0,0.0,0.0,0.0,0.0,0.0,0.0,0.0,0.0,0.0,
2/2/2026,2023.0,20241208.0,44625.0,40149.0,MPLX LP,Natural Gas,INTRASTATE,TEXAS,0.0,0.0,0.0,0.0,0.0,0.0,0.0,0.0,0.0,0.0,0.0,0.0,0.0,0.0,0.0,0.0,0.0,0.0,0.0,0.0,0.0,
2/2/2026,2023.0,20241208.0,44625.0,40149.0,MPLX LP,Natural Gas,INTRASTATE,UTAH,0.0,0.0,0.0,0.0,0.0,0.0,0.0,0.0,0.0,0.0,0.0,0.0,0.0,0.0,0.0,0.0,0.0,0.0,0.0,0.0,0.0,
2/2/2026,2023.0,20241208.0,44625.0,40149.0,MPLX LP,Natural Gas,INTRASTATE,WEST VIRGINIA,0.0,0.0,0.0,0.0,0.0,0.0,0.0,0.0,0.0,0.0,0.0,0.0,0.0,0.0,0.0,0.0,0.0,0.0,0.0,0.0,0.0,
2/2/2026,2023.0,20241208.0,44625.0,40149.0,MPLX LP,Natural Gas,INTRASTATE,WYOMING,0.0,0.0,0.0,0.0,0.0,0.0,0.0,0.0,0.0,0.0,0.0,0.0,0.0,0.0,0.0,0.0,0.0,0.0,0.0,0.0,0.0,
2/2/2026,2023.0,20241456.0,44916.0,40150.0,"PENNHILLS RESOURCES, LLC",Natural Gas,INTRASTATE,PENNSYLVANIA,0.0,0.0,0.0,0.0,0.0,0.0,0.0,0.0,0.0,0.0,0.0,0.0,0.0,0.0,0.0,0.0,0.0,0.0,0.0,0.0,0.0,
2/2/2026,2023.0,20241376.0,44607.0,40152.0,POST OAK MIDSTREAM,Natural Gas,INTRASTATE,TEXAS,0.0,0.0,0.0,0.0,0.0,0.0,0.0,0.0,0.0,0.0,0.0,0.0,0.0,0.0,0.0,0.0,0.0,0.0,0.0,0.0,0.0,
2/2/2026,2023.0,20240810.0,44010.0,40155.0,COWBOY MIDSTREAM LLC,Natural Gas,INTRASTATE,WYOMING,0.0,0.0,0.0,0.0,0.0,0.0,0.0,0.0,0.0,0.0,0.0,0.0,0.0,0.0,0.0,0.0,0.0,0.0,0.0,0.0,0.0,
2/2/2026,2023.0,20240300.0,43481.0,40159.0,"NEW ORGANIC DIGESTION, LLC",Landfill Gas,INTRASTATE,WISCONSIN,0.0,0.0,0.0,0.0,0.0,0.0,0.0,0.0,0.0,0.0,0.0,0.0,0.0,0.0,0.0,0.0,0.0,0.0,0.0,0.0,0.0,
2/2/2026,2023.0,20240908.0,44658.0,40161.0,LOWMAN PIPELINE,Natural Gas,INTRASTATE,ALABAMA,0.0,0.0,0.0,0.0,0.0,0.0,0.0,0.0,0.0,0.0,0.0,0.0,0.648,0.0,0.648,0.0,0.0,0.0,0.648,0.0,0.648,
2/2/2026,2023.0,20240717.0,43917.0,40162.0,CITY OF AUGUSTA,Natural Gas,INTRASTATE,KANSAS,0.0,0.0,0.0,0.45,0.0,0.45,0.0,0.0,0.0,0.0,0.0,0.0,0.0,0.0,0.0,0.0,0.0,0.0,0.45,0.0,0.45,
2/2/2026,2023.0,20241269.0,44489.0,40172.0,PROLINE ENERGY RESOURCES INC,Natural Gas,INTRASTATE,TEXAS,0.0,0.0,0.0,0.0,0.0,0.0,0.0,0.0,0.0,0.0,0.0,0.0,0.0,0.0,0.0,0.0,0.0,0.0,0.0,0.0,0.0,
2/2/2026,2023.0,20240022.0,43180.0,40173.0,NICHOLS OPERATING LLC,Natural Gas,INTRASTATE,ILLINOIS,0.0,0.0,0.0,0.0,0.0,0.0,0.0,0.0,0.0,0.0,0.0,0.0,0.0,0.0,0.0,0.0,0.0,0.0,0.0,0.0,0.0,
2/2/2026,2023.0,20241445.0,44887.0,40175.0,MSLATEX PIPELINE COMPANY,Natural Gas,INTRASTATE,TEXAS,0.0,0.0,0.0,0.0,0.0,0.0,0.0,0.0,0.0,0.0,0.0,0.0,0.0,0.0,0.0,0.0,0.0,0.0,0.0,0.0,0.0,
2/2/2026,2023.0,20240824.0,44024.0,40176.0,VCP MICHIGAN,Natural Gas,INTRASTATE,MICHIGAN,0.0,0.0,0.0,0.0,0.0,0.0,0.0,0.0,0.0,0.0,0.0,0.0,0.0,0.0,0.0,0.0,0.0,0.0,0.0,0.0,0.0,
2/2/2026,2023.0,20240146.0,44935.0,40177.0,"LADDER CREEK, LLC",Natural Gas,INTRASTATE,COLORADO,0.0,0.0,0.0,0.0,0.0,0.0,0.0,0.0,0.0,0.0,0.0,0.0,0.0,0.0,0.0,0.0,0.0,0.0,0.0,0.0,0.0,
2/2/2026,2023.0,20240002.0,44630.0,40178.0,JACKSON GENERATION LLC,Natural Gas,INTRASTATE,ILLINOIS,0.0,0.0,0.0,0.0,1.036,1.036,0.0,0.0,0.0,0.0,0.0,0.0,0.0,0.0,0.0,0.0,0.0,0.0,0.0,1.036,1.036,
2/2/2026,2023.0,20240947.0,44809.0,40181.0,"MEC HOLDINGS, LLC",Natural Gas,INTRASTATE,MINNESOTA,0.0,0.269,0.269,0.0,0.0,0.0,0.0,0.0,0.0,0.0,0.0,0.0,0.0,0.0,0.0,0.0,0.0,0.0,0.0,0.269,0.269,
2/2/2026,2023.0,20240493.0,43681.0,40189.0,SULPHUR RIVER GATHERING LLC,Natural Gas,INTRASTATE,TEXAS,0.0,0.0,0.0,0.0,0.0,0.0,0.0,0.0,0.0,0.0,0.0,0.0,0.0,0.0,0.0,0.0,0.0,0.0,0.0,0.0,0.0,
2/2/2026,2023.0,20240451.0,43638.0,40190.0,OXY WTP LP,Natural Gas,INTRASTATE,NEW MEXICO,0.0,0.0,0.0,0.0,0.0,0.0,0.0,0.0,0.0,0.0,0.0,0.0,0.0,0.0,0.0,0.0,0.0,0.0,0.0,0.0,0.0,
2/2/2026,2023.0,20241107.0,44317.0,40191.0,TW NATURAL GAS PIPELINE,Natural Gas,INTRASTATE,OHIO,0.0,0.0,0.0,0.0,0.0,0.0,0.0,0.0,0.0,0.0,0.0,0.0,0.0,0.0,0.0,0.0,0.0,0.0,0.0,0.0,0.0,
2/2/2026,2023.0,20241309.0,44533.0,40196.0,EVERSOURCE GAS OF MASSACHUSETTS,Natural Gas,INTRASTATE,MASSACHUSETTS,0.0,0.0,0.0,0.0,0.0,0.0,0.0,0.02,0.02,0.0,0.0,0.0,0.0,0.0,0.0,0.0,0.0,0.0,0.0,0.02,0.02,
2/2/2026,2023.0,20241210.0,44427.0,40197.0,"TOLEDO BEND EXPRESS, LLC",Natural Gas,INTRASTATE,TEXAS,0.0,0.0,0.0,0.0,0.0,0.0,0.0,0.0,0.0,0.0,0.0,0.0,0.0,0.0,0.0,0.0,0.0,0.0,0.0,0.0,0.0,
2/2/2026,2023.0,20241151.0,44363.0,40200.0,PHILLIPS 66 COMPANY - BORGER REFINERY,Natural Gas,INTRASTATE,TEXAS,0.0,0.0,0.0,0.0,0.0,0.0,0.0,0.0,0.0,0.0,0.0,0.0,0.0,0.0,0.0,0.0,0.0,0.0,0.0,0.0,0.0,
2/2/2026,2023.0,20241346.0,44574.0,40204.0,"SCM OPERATIONS, LLC",Natural Gas,INTRASTATE,NEW MEXICO,0.0,0.0,0.0,0.0,0.0,0.0,0.0,0.0,0.0,0.0,0.0,0.0,0.0,0.0,0.0,0.0,0.0,0.0,0.0,0.0,0.0,
2/2/2026,2023.0,20241346.0,44574.0,40204.0,"SCM OPERATIONS, LLC",Natural Gas,INTRASTATE,TEXAS,0.0,0.0,0.0,0.0,0.0,0.0,0.0,0.0,0.0,0.0,0.0,0.0,0.0,0.0,0.0,0.0,0.0,0.0,0.0,0.0,0.0,
2/2/2026,2023.0,20241037.0,44245.0,40215.0,"3CM MONTEGUT, LLC",Natural Gas,INTRASTATE,LOUISIANA,0.0,0.0,0.0,0.0,0.0,0.0,0.0,0.0,0.0,0.0,0.0,0.0,0.0,0.0,0.0,0.0,0.0,0.0,0.0,0.0,0.0,
2/2/2026,2023.0,20241224.0,44441.0,40216.0,AUGEAN RNG PROJECT LLC,Natural Gas,INTRASTATE,WASHINGTON,0.0,0.0,0.0,0.0,0.0,0.0,0.0,0.0,0.0,0.0,0.0,0.0,0.0,0.0,0.0,0.0,0.0,0.0,0.0,0.0,0.0,
2/2/2026,2023.0,20241424.0,44848.0,40221.0,"CURLEW MIDSTREAM, LLC",Natural Gas,INTRASTATE,LOUISIANA,0.0,0.0,0.0,0.0,0.0,0.0,0.0,0.0,0.0,0.0,0.0,0.0,0.0,0.0,0.0,0.0,0.0,0.0,0.0,0.0,0.0,
2/2/2026,2023.0,20240496.0,43684.0,40223.0,"CRANBERRY CREEK LANDFILL, LLC",Landfill Gas,INTRASTATE,WISCONSIN,0.0,0.05,0.05,0.0,0.0,0.0,0.0,0.0,0.0,0.0,0.0,0.0,0.0,0.0,0.0,0.0,0.0,0.0,0.0,0.05,0.05,
2/2/2026,2023.0,20240160.0,43336.0,40226.0,"INR MIDSTREAM, LLC.",Natural Gas,INTRASTATE,OHIO,0.0,0.0,0.0,0.0,0.0,0.0,0.0,0.0,0.0,0.0,0.0,0.0,0.0,0.0,0.0,0.0,0.0,0.0,0.0,0.0,0.0,
2/2/2026,2023.0,20240160.0,43336.0,40226.0,"INR MIDSTREAM, LLC.",Natural Gas,INTRASTATE,PENNSYLVANIA,0.0,0.0,0.0,0.0,0.0,0.0,0.0,0.0,0.0,0.0,0.0,0.0,0.0,0.0,0.0,0.0,0.0,0.0,0.0,0.0,0.0,
2/2/2026,2023.0,20240815.0,44015.0,40228.0,SIMCOE LLC,Natural Gas,INTRASTATE,COLORADO,0.0,0.0,0.0,0.0,0.0,0.0,0.0,0.0,0.0,0.0,0.0,0.0,0.0,0.0,0.0,0.0,0.0,0.0,0.0,0.0,0.0,
2/2/2026,2023.0,20240815.0,44015.0,40228.0,SIMCOE LLC,Natural Gas,INTRASTATE,NEW MEXICO,0.0,0.0,0.0,0.0,0.0,0.0,0.0,0.0,0.0,0.0,0.0,0.0,0.0,0.0,0.0,0.0,0.0,0.0,0.0,0.0,0.0,
2/2/2026,2023.0,20241052.0,44260.0,40230.0,"BLACKHILL ENERGY, LLC",Natural Gas,INTRASTATE,PENNSYLVANIA,0.0,0.0,0.0,0.0,0.0,0.0,0.0,0.0,0.0,0.0,0.0,0.0,0.0,0.0,0.0,0.0,0.0,0.0,0.0,0.0,0.0,
2/2/2026,2023.0,20241095.0,44305.0,40231.0,"SCURRY MIDSTREAM, LLC",Natural Gas,INTRASTATE,TEXAS,0.0,0.0,0.0,0.0,0.0,0.0,0.0,0.0,0.0,0.0,0.0,0.0,0.0,0.0,0.0,0.0,0.0,0.0,0.0,0.0,0.0,
2/2/2026,2023.0,20240001.0,43157.0,40232.0,ENCRESCENT LLC,Natural Gas,INTRASTATE,TEXAS,0.0,0.0,0.0,0.0,0.0,0.0,0.0,0.0,0.0,0.0,0.0,0.0,0.0,0.0,0.0,0.0,0.0,0.0,0.0,0.0,0.0,
2/2/2026,2023.0,20241117.0,44327.0,40237.0,"SHERIDAN PRODUCTION COMPANY III, LLC",Natural Gas,INTRASTATE,TEXAS,0.0,0.0,0.0,0.0,0.0,0.0,0.0,0.0,0.0,0.0,0.0,0.0,0.0,0.0,0.0,0.0,0.0,0.0,0.0,0.0,0.0,
2/2/2026,2023.0,20241258.0,44477.0,40238.0,"GRAYSON MILL OPERATING, LLC",Natural Gas,INTRASTATE,NORTH DAKOTA,0.0,0.0,0.0,0.0,0.0,0.0,0.0,0.0,0.0,0.0,0.0,0.0,0.0,0.0,0.0,0.0,0.0,0.0,0.0,0.0,0.0,
2/2/2026,2023.0,20240579.0,43772.0,40242.0,NAES CORPORATION,Landfill Gas,INTRASTATE,NEW JERSEY,0.0,0.0,0.0,0.0,0.0,0.0,0.0,0.0,0.0,0.0,0.0,0.0,0.0,0.0,0.0,0.0,0.0,0.0,0.0,0.0,0.0,
2/2/2026,2023.0,20240289.0,43470.0,40249.0,LEESBURG LP,Natural Gas,INTRASTATE,TEXAS,0.0,0.0,0.0,0.0,0.0,0.0,0.0,0.0,0.0,0.0,0.0,0.0,0.0,0.0,0.0,0.0,0.0,0.0,0.0,0.0,0.0,
2/2/2026,2023.0,20240403.0,43590.0,40253.0,"LAMBDA GATHERING, LLC",Natural Gas,INTRASTATE,MICHIGAN,0.0,0.0,0.0,0.0,0.0,0.0,0.0,0.0,0.0,0.0,0.0,0.0,0.0,0.0,0.0,0.0,0.0,0.0,0.0,0.0,0.0,
2/2/2026,2023.0,20241438.0,44875.0,40255.0,STEEL REEF BURKE LLC,Natural Gas,INTRASTATE,NORTH DAKOTA,0.0,0.0,0.0,0.0,0.0,0.0,0.0,0.0,0.0,0.0,0.0,0.0,0.0,0.0,0.0,0.0,0.0,0.0,0.0,0.0,0.0,
2/2/2026,2023.0,20240012.0,43248.0,40259.0,"BCE-MACH III, LLC",Natural Gas,INTRASTATE,TEXAS,0.0,0.0,0.0,0.0,0.0,0.0,0.0,0.0,0.0,0.0,0.0,0.0,0.0,0.0,0.0,0.0,0.0,0.0,0.0,0.0,0.0,
2/2/2026,2023.0,20241469.0,44950.0,40260.0,"LUBBOCK GAS GATHERING LTD., LLP",Natural Gas,INTRASTATE,TEXAS,0.0,0.0,0.0,0.0,0.0,0.0,0.0,0.0,0.0,0.0,0.0,0.0,0.0,0.0,0.0,0.0,0.0,0.0,0.0,0.0,0.0,
2/2/2026,2023.0,20240422.0,43609.0,40265.0,"HEP JAVELINA PIPELINE COMPANY, LLC",Natural Gas,INTRASTATE,TEXAS,0.0,6.09,6.09,0.0,0.0,0.0,0.0,0.0,0.0,0.0,0.0,0.0,0.0,0.0,0.0,0.0,0.0,0.0,0.0,6.09,6.09,
2/2/2026,2023.0,20240419.0,43606.0,40266.0,"HEP JAVELINA COMPANY, LLC",Hydrogen Gas,INTRASTATE,TEXAS,0.0,0.18,0.18,0.0,0.0,0.0,0.0,0.0,0.0,0.0,0.0,0.0,0.0,0.0,0.0,0.0,0.0,0.0,0.0,0.18,0.18,
2/2/2026,2023.0,20240392.0,43578.0,40267.0,"HEP GAS SERVICES, LLC",Hydrogen Gas,INTRASTATE,TEXAS,0.0,0.56,0.56,0.0,0.0,0.0,0.0,0.0,0.0,0.0,0.0,0.0,0.0,0.0,0.0,0.0,0.0,0.0,0.0,0.56,0.56,
2/2/2026,2023.0,20240649.0,43844.0,40269.0,"LES PROJECT HOLDINGS, LLC",Landfill Gas,INTRASTATE,VIRGINIA,0.0,0.0,0.0,0.0,0.0,0.0,0.0,0.0,0.0,0.0,0.0,0.0,0.0,0.0,0.0,0.0,0.0,0.0,0.0,0.0,0.0,
2/2/2026,2023.0,20241055.0,44263.0,40270.0,STAGECOACH GAS SERVICES LLC,Natural Gas,INTERSTATE,NEW YORK,0.0,0.0,0.0,0.0,2.311,2.311,0.0,0.0,0.0,0.0,0.0,0.0,0.0,0.0,0.0,0.0,0.0,0.0,0.0,2.311,2.311,
2/2/2026,2023.0,20241055.0,44263.0,40270.0,STAGECOACH GAS SERVICES LLC,Natural Gas,INTERSTATE,PENNSYLVANIA,0.0,0.0,0.0,0.0,0.999,0.999,0.0,0.0,0.0,0.0,0.0,0.0,0.0,0.0,0.0,0.0,0.0,0.0,0.0,0.999,0.999,
2/2/2026,2023.0,20241055.0,44263.0,40270.0,STAGECOACH GAS SERVICES LLC,Natural Gas,INTRASTATE,NEW YORK,0.0,0.0,0.0,0.0,0.087,0.087,0.0,0.0,0.0,0.0,0.0,0.0,0.0,0.0,0.0,0.0,0.0,0.0,0.0,0.087,0.087,
2/2/2026,2023.0,20240533.0,43721.0,40274.0,"BOARDWALK LOUISIANA GAS TRANSMISSION, LLC",Natural Gas,INTRASTATE,LOUISIANA,0.0,0.0,0.0,0.0,0.5,0.5,0.0,0.0,0.0,0.0,0.0,0.0,0.0,0.0,0.0,0.0,0.0,0.0,0.0,0.5,0.5,
2/2/2026,2023.0,20240498.0,43686.0,40278.0,CUMBERLAND COUNTY SOLID WASTE,Landfill Gas,INTRASTATE,NORTH CAROLINA,0.0,0.0,0.0,0.0,0.0,0.0,0.0,0.0,0.0,0.0,0.0,0.0,0.0,0.0,0.0,0.0,0.0,0.0,0.0,0.0,0.0,
2/2/2026,2023.0,20240494.0,43682.0,40281.0,"IRON PENNSYLVANIA LAND, LLC.",Other Gas-processed coalbed methane,INTRASTATE,PENNSYLVANIA,0.0,0.0,0.0,0.0,0.0,0.0,0.0,0.0,0.0,0.0,0.0,0.0,0.0,0.0,0.0,0.0,0.0,0.0,0.0,0.0,0.0,
2/2/2026,2023.0,20240629.0,43824.0,40285.0,"GULF RUN TRANSMISSION, LLC",Natural Gas,INTERSTATE,LOUISIANA,0.0,0.0,0.0,0.0,1.76,1.76,0.0,0.0,0.0,0.0,0.0,0.0,0.0,0.0,0.0,0.0,0.0,0.0,0.0,1.76,1.76,
2/2/2026,2023.0,20240629.0,43824.0,40285.0,"GULF RUN TRANSMISSION, LLC",Natural Gas,INTERSTATE,TEXAS,0.0,0.0,0.0,0.0,0.59,0.59,0.0,0.0,0.0,0.0,0.0,0.0,0.0,0.0,0.0,0.0,0.0,0.0,0.0,0.59,0.59,
2/2/2026,2023.0,20240362.0,43548.0,40287.0,"EAST DAKOTAS RENEWABLE ENERGY, LLC",Natural Gas,INTRASTATE,SOUTH DAKOTA,0.0,0.0,0.0,0.0,0.0,0.0,0.0,0.0,0.0,0.0,0.0,0.0,0.0,0.0,0.0,0.0,0.0,0.0,0.0,0.0,0.0,
2/2/2026,2023.0,20241019.0,44226.0,40288.0,"POLARIS PIPELINE SYSTEMS, LLC",Natural Gas,INTRASTATE,TEXAS,0.0,0.0,0.0,0.0,0.0,0.0,0.0,0.0,0.0,0.0,0.0,0.0,0.0,0.0,0.0,0.0,0.0,0.0,0.0,0.0,0.0,
2/2/2026,2023.0,20240890.0,44090.0,40292.0,"ASPIRE ENERGY EXPRESS, LLC",Natural Gas,INTRASTATE,OHIO,0.0,0.0,0.0,0.0,0.0,0.0,0.0,0.0,0.0,0.0,0.0,0.0,0.0,0.0,0.0,0.0,0.0,0.0,0.0,0.0,0.0,
2/2/2026,2023.0,20240831.0,44031.0,40295.0,"FUNDARE RESOURCES OPERATING COMPANY, LLC",Natural Gas,INTRASTATE,COLORADO,0.0,0.0,0.0,0.0,0.0,0.0,0.0,0.0,0.0,0.0,0.0,0.0,0.0,0.0,0.0,0.0,0.0,0.0,0.0,0.0,0.0,
2/2/2026,2023.0,20241155.0,44367.0,40296.0,"LONGWOOD RB PIPELINE, LLC",Natural Gas,INTRASTATE,NEW MEXICO,0.0,0.0,0.0,0.0,0.0,0.0,0.0,0.0,0.0,0.0,0.0,0.0,0.0,0.0,0.0,0.0,0.0,0.0,0.0,0.0,0.0,
2/2/2026,2023.0,20240349.0,43533.0,40297.0,MIDLAND PERMIAN PIPELINE LLC,Natural Gas,INTRASTATE,TEXAS,0.0,0.0,0.0,0.0,0.0,0.0,0.0,0.0,0.0,0.0,0.0,0.0,0.0,0.0,0.0,0.0,0.0,0.0,0.0,0.0,0.0,
2/2/2026,2023.0,20240547.0,43737.0,40313.0,"CALNRG OPERATING, LLC",Natural Gas,INTRASTATE,CALIFORNIA,0.0,0.0,0.0,0.0,0.0,0.0,0.0,0.0,0.0,0.0,0.0,0.0,0.0,0.0,0.0,0.0,0.0,0.0,0.0,0.0,0.0,
2/2/2026,2023.0,20251447.0,46583.0,40315.0,"BIOCARBN, LLC",Natural Gas,INTRASTATE,NEBRASKA,0.0,0.0,0.0,0.0,0.0,0.0,0.0,0.0,0.0,0.0,0.0,0.0,0.0,0.0,0.0,0.0,0.0,0.0,0.0,0.0,0.0,
2/2/2026,2023.0,20240896.0,44097.0,40319.0,N1ENERGY,Natural Gas,INTRASTATE,OKLAHOMA,0.0,0.0,0.0,0.0,0.0,0.0,0.0,0.0,0.0,0.0,0.0,0.0,0.0,0.0,0.0,0.0,0.0,0.0,0.0,0.0,0.0,
2/2/2026,2023.0,20241219.0,44436.0,40321.0,PINNACLE DOS PICOS LLC,Natural Gas,INTRASTATE,TEXAS,0.0,0.0,0.0,0.0,0.0,0.0,0.0,0.0,0.0,0.0,0.0,0.0,0.0,0.0,0.0,0.0,0.0,0.0,0.0,0.0,0.0,
2/2/2026,2023.0,20240077.0,43242.0,40323.0,"LOS KERMIT, LLC",Natural Gas,INTRASTATE,TEXAS,0.0,0.0,0.0,0.0,0.0,0.0,0.0,0.0,0.0,0.0,0.0,0.0,0.0,0.0,0.0,0.0,0.0,0.0,0.0,0.0,0.0,
2/2/2026,2023.0,20241279.0,44503.0,40324.0,NAVAJO TRIBAL UTILITY AUTHORITY,Natural Gas,INTRASTATE,NEW MEXICO,0.0,0.0,0.0,0.0,0.0,0.0,0.0,0.0,0.0,0.0,0.0,0.0,0.0,0.0,0.0,0.0,0.0,0.0,0.0,0.0,0.0,
2/2/2026,2023.0,20241359.0,44587.0,40326.0,"TIGER GAS UTILITY, LLC",Natural Gas,INTRASTATE,TEXAS,0.0,0.0,0.0,0.0,0.0,0.0,0.0,0.0,0.0,0.0,0.0,0.0,0.0,0.0,0.0,0.0,0.0,0.0,0.0,0.0,0.0,
2/2/2026,2023.0,20240900.0,44101.0,40327.0,CARDINAL GLASS INDUSTRIES,Natural Gas,INTRASTATE,KANSAS,0.0,0.0,0.0,0.0,0.0,0.0,0.0,0.0,0.0,0.0,0.0,0.0,0.0,0.0,0.0,0.0,0.0,0.0,0.0,0.0,0.0,
2/2/2026,2023.0,20241416.0,44824.0,40332.0,TENDERFOOT PIPELINE COMPANY,Natural Gas,INTRASTATE,COLORADO,0.0,0.0,0.0,0.0,0.0,0.0,0.0,0.0,0.0,0.0,0.0,0.0,0.0,0.0,0.0,0.0,0.0,0.0,0.0,0.0,0.0,
2/2/2026,2023.0,20240598.0,43791.0,40333.0,UPHAM OIL AND GAS COMPANY LP,Natural Gas,INTRASTATE,TEXAS,0.0,0.0,0.0,0.0,0.0,0.0,0.0,0.0,0.0,0.0,0.0,0.0,0.0,0.0,0.0,0.0,0.0,0.0,0.0,0.0,0.0,
2/2/2026,2023.0,20240882.0,44082.0,40336.0,"CITY OF TOPEKA, KANSAS",Natural Gas,INTRASTATE,KANSAS,0.0,0.0,0.0,0.0,0.0,0.0,0.0,0.0,0.0,0.0,0.0,0.0,0.0,0.0,0.0,0.0,0.0,0.0,0.0,0.0,0.0,
2/2/2026,2023.0,20241305.0,44529.0,40337.0,CRESTONE PEAK RESOURCES LP,Natural Gas,INTRASTATE,COLORADO,0.0,0.0,0.0,0.0,0.0,0.0,0.0,0.0,0.0,0.0,0.0,0.0,0.0,0.0,0.0,0.0,0.0,0.0,0.0,0.0,0.0,
2/2/2026,2023.0,20240708.0,43907.0,40338.0,SUMMIT MIDSTREAM PERMIAN 2 LLC,Natural Gas,INTERSTATE,NEW MEXICO,0.0,0.0,0.0,0.0,0.0,0.0,0.0,0.0,0.0,0.0,0.0,0.0,0.0,0.0,0.0,0.0,0.0,0.0,0.0,0.0,0.0,
2/2/2026,2023.0,20240178.0,43355.0,40341.0,GIBSON CITY ENERGY CENTER,Natural Gas,INTRASTATE,ILLINOIS,0.0,0.0,0.0,0.0,0.0,0.0,0.0,0.0,0.0,0.0,0.0,0.0,0.0,0.0,0.0,0.0,0.0,0.0,0.0,0.0,0.0,
2/2/2026,2023.0,20240720.0,43920.0,40343.0,"BKV BARNETT, LLC",Natural Gas,INTRASTATE,TEXAS,0.0,0.0,0.0,0.0,0.0,0.0,0.0,0.0,0.0,0.0,0.0,0.0,0.0,0.0,0.0,0.0,0.0,0.0,0.0,0.0,0.0,
2/2/2026,2023.0,20240669.0,43864.0,40344.0,MAVERICK NATURAL RESOURCES,Natural Gas,INTRASTATE,TEXAS,0.0,0.0,0.0,0.0,0.0,0.0,0.0,0.0,0.0,0.0,0.0,0.0,0.0,0.0,0.0,0.0,0.0,0.0,0.0,0.0,0.0,
2/2/2026,2023.0,20241421.0,44837.0,40345.0,ATLAS OPERATING LLC,Natural Gas,INTRASTATE,TEXAS,0.0,0.0,0.0,0.0,0.0,0.0,0.0,0.0,0.0,0.0,0.0,0.0,0.0,0.0,0.0,0.0,0.0,0.0,0.0,0.0,0.0,
2/2/2026,2023.0,20240965.0,44167.0,40351.0,"D90 ENERGY, LLC",Natural Gas,INTRASTATE,ARKANSAS,0.0,0.0,0.0,0.0,0.0,0.0,0.0,0.0,0.0,0.0,0.0,0.0,0.0,0.0,0.0,0.0,0.0,0.0,0.0,0.0,0.0,
2/2/2026,2023.0,20241345.0,44573.0,40356.0,"FAULCONER ENERGY, LLC",Natural Gas,INTRASTATE,TEXAS,0.0,0.0,0.0,0.0,0.0,0.0,0.0,0.0,0.0,0.0,0.0,0.0,0.0,0.0,0.0,0.0,0.0,0.0,0.0,0.0,0.0,
2/2/2026,2023.0,20241218.0,44568.0,40358.0,NFENERGIA LLC,Natural Gas,INTRASTATE,PUERTO RICO,0.0,0.0,0.0,0.0,0.0,0.0,0.0,0.0,0.0,0.0,0.0,0.0,0.0,0.0,0.0,0.0,0.0,0.0,0.0,0.0,0.0,
2/2/2026,2023.0,20240293.0,43474.0,40359.0,WTG GAS PROCESSING LLC,Natural Gas,INTRASTATE,TEXAS,0.0,0.0,0.0,0.0,0.0,0.0,0.0,0.0,0.0,0.0,0.0,0.0,0.0,0.0,0.0,0.0,0.0,0.0,0.0,0.0,0.0,
2/2/2026,2023.0,20240221.0,43662.0,40360.0,WTG GAS GATHERING LLC,Natural Gas,INTRASTATE,TEXAS,0.0,0.0,0.0,0.0,0.0,0.0,0.0,0.0,0.0,0.0,0.0,0.0,0.0,0.0,0.0,0.0,0.0,0.0,0.0,0.0,0.0,
2/2/2026,2023.0,20240447.0,43634.0,40361.0,WTG NORTH PERMIAN MIDSTREAM LLC,Natural Gas,INTRASTATE,TEXAS,0.0,0.0,0.0,0.0,0.0,0.0,0.0,0.0,0.0,0.0,0.0,0.0,0.0,0.0,0.0,0.0,0.0,0.0,0.0,0.0,0.0,
2/2/2026,2023.0,20240429.0,43616.0,40363.0,WTG JAMESON LP,Natural Gas,INTRASTATE,TEXAS,0.0,0.0,0.0,0.0,0.0,0.0,0.0,0.0,0.0,0.0,0.0,0.0,0.0,0.0,0.0,0.0,0.0,0.0,0.0,0.0,0.0,
2/2/2026,2023.0,20241238.0,44456.0,40365.0,"SABER MIDSTREAM, LLC",Natural Gas,INTRASTATE,LOUISIANA,0.0,0.0,0.0,0.0,0.0,0.0,0.0,0.0,0.0,0.0,0.0,0.0,0.0,0.0,0.0,0.0,0.0,0.0,0.0,0.0,0.0,
2/2/2026,2023.0,20241238.0,44456.0,40365.0,"SABER MIDSTREAM, LLC",Natural Gas,INTRASTATE,TEXAS,0.0,0.0,0.0,0.0,0.0,0.0,0.0,0.0,0.0,0.0,0.0,0.0,0.0,0.0,0.0,0.0,0.0,0.0,0.0,0.0,0.0,
2/2/2026,2023.0,20240672.0,43867.0,40367.0,"BIGHORN GAS GATHERING, L.L.C.",Natural Gas,INTRASTATE,WYOMING,0.0,0.0,0.0,0.0,0.0,0.0,0.0,0.0,0.0,0.0,0.0,0.0,0.0,0.0,0.0,0.0,0.0,0.0,0.0,0.0,0.0,
2/2/2026,2023.0,20240679.0,43874.0,40370.0,EAGLE FORD GATHERING LLC,Natural Gas,INTRASTATE,TEXAS,0.0,0.0,0.0,0.0,0.0,0.0,0.0,0.0,0.0,0.0,0.0,0.0,0.0,0.0,0.0,0.0,0.0,0.0,0.0,0.0,0.0,
2/2/2026,2023.0,20240330.0,43514.0,40375.0,"LOST CREEK GATHERING COMPANY, LLC",Natural Gas,INTRASTATE,WYOMING,0.0,0.0,0.0,0.0,0.0,0.0,0.0,0.0,0.0,0.0,0.0,0.0,0.0,0.0,0.0,0.0,0.0,0.0,0.0,0.0,0.0,
2/2/2026,2023.0,20240846.0,44046.0,40379.0,NOBLE ENERGY INC,Natural Gas,INTRASTATE,TEXAS,0.0,0.0,0.0,0.0,0.0,0.0,0.0,0.0,0.0,0.0,0.0,0.0,0.0,0.0,0.0,0.0,0.0,0.0,0.0,0.0,0.0,
2/2/2026,2023.0,20240804.0,44004.0,40381.0,"COPANO/WEBB-DUVAL PIPELINE, LLC",Natural Gas,INTRASTATE,TEXAS,0.0,0.0,0.0,0.0,0.0,0.0,0.0,0.0,0.0,0.0,0.0,0.0,0.0,0.0,0.0,0.0,0.0,0.0,0.0,0.0,0.0,
2/2/2026,2023.0,20240420.0,43607.0,40382.0,OZONA RESIDUE SYSTEMS CO,Natural Gas,INTRASTATE,TEXAS,0.0,0.0,0.0,0.0,0.0,0.0,0.0,0.0,0.0,0.0,0.0,0.0,0.0,0.0,0.0,0.0,0.0,0.0,0.0,0.0,0.0,
2/2/2026,2023.0,20241050.0,44258.0,40384.0,CAERUS PICEANCE LLC,Natural Gas,INTRASTATE,COLORADO,0.0,0.0,0.0,0.0,0.0,0.0,0.0,0.0,0.0,0.0,0.0,0.0,0.0,0.0,0.0,0.0,0.0,0.0,0.0,0.0,0.0,
2/2/2026,2023.0,20240385.0,43571.0,40385.0,"WILLIAMS GILCREST, LLC",Natural Gas,INTRASTATE,COLORADO,0.0,0.0,0.0,0.0,0.0,0.0,0.0,0.0,0.0,0.0,0.0,0.0,0.0,0.0,0.0,0.0,0.0,0.0,0.0,0.0,0.0,
2/2/2026,2023.0,20241083.0,44293.0,40386.0,DTM GAS STORAGE COMPANY,Natural Gas,INTERSTATE,MICHIGAN,0.0,0.0,0.0,0.0,6.14,6.14,0.0,0.0,0.0,0.0,0.0,0.0,0.0,0.0,0.0,0.0,0.0,0.0,0.0,6.14,6.14,
2/2/2026,2023.0,20241103.0,44313.0,40387.0,DTM MICHIGAN GATHERING HOLDING COMPANY,Natural Gas,INTRASTATE,MICHIGAN,0.0,0.0,0.0,0.0,1.79,1.79,0.0,0.0,0.0,0.0,0.0,0.0,0.0,0.0,0.0,0.0,0.0,0.0,0.0,1.79,1.79,
2/2/2026,2023.0,20240076.0,43241.0,40388.0,JKLM ENERGY LLC,Natural Gas,INTRASTATE,PENNSYLVANIA,0.0,0.0,0.0,0.0,0.0,0.0,0.0,0.0,0.0,0.0,0.0,0.0,0.0,0.0,0.0,0.0,0.0,0.0,0.0,0.0,0.0,
2/2/2026,2023.0,20241212.0,44429.0,40390.0,"PINNACLE GAS TREATING, LLC",Natural Gas,INTRASTATE,TEXAS,0.0,0.0,0.0,0.0,0.0,0.0,0.0,0.0,0.0,0.0,0.0,0.0,0.0,0.0,0.0,0.0,0.0,0.0,0.0,0.0,0.0,
2/2/2026,2023.0,20240739.0,43939.0,40391.0,JACKSON PRAIRIE PIPELINES,Natural Gas,INTERSTATE,WASHINGTON,0.0,0.0,0.0,0.0,0.0,0.0,0.0,0.0,0.0,0.0,0.0,0.0,0.0,0.0,0.0,0.0,0.0,0.0,0.0,0.0,0.0,
2/2/2026,2023.0,20240295.0,43476.0,40395.0,CARRERA OPERATING COMPANY LLC,Natural Gas,INTRASTATE,OKLAHOMA,0.0,0.0,0.0,0.0,0.0,0.0,0.0,0.0,0.0,0.0,0.0,0.0,0.0,0.0,0.0,0.0,0.0,0.0,0.0,0.0,0.0,
2/2/2026,2023.0,20240727.0,43927.0,40396.0,"PURSUIT OIL & GAS STX, LLC",Natural Gas,INTRASTATE,TEXAS,0.0,0.0,0.0,0.0,0.0,0.0,0.0,0.0,0.0,0.0,0.0,0.0,0.0,0.0,0.0,0.0,0.0,0.0,0.0,0.0,0.0,
2/2/2026,2023.0,20240468.0,44566.0,40397.0,"PALOMA NATURAL GAS, LLC",Natural Gas,INTRASTATE,LOUISIANA,0.0,0.0,0.0,0.0,0.0,0.0,0.0,0.0,0.0,0.0,0.0,0.0,0.0,0.0,0.0,0.0,0.0,0.0,0.0,0.0,0.0,
2/2/2026,2023.0,20240646.0,43841.0,40398.0,"SILVER HILL ENERGY OPERATING, LLC",Natural Gas,INTRASTATE,LOUISIANA,0.0,0.0,0.0,0.0,0.0,0.0,0.0,0.0,0.0,0.0,0.0,0.0,0.0,0.0,0.0,0.0,0.0,0.0,0.0,0.0,0.0,
2/2/2026,2023.0,20240646.0,43841.0,40398.0,"SILVER HILL ENERGY OPERATING, LLC",Natural Gas,INTRASTATE,TEXAS,0.0,0.0,0.0,0.0,0.0,0.0,0.0,0.0,0.0,0.0,0.0,0.0,0.0,0.0,0.0,0.0,0.0,0.0,0.0,0.0,0.0,
2/2/2026,2023.0,20240398.0,43584.0,40399.0,GLE MANAGEMENT SERVICES LLC,Natural Gas,INTRASTATE,KENTUCKY,0.0,0.0,0.0,0.0,0.0,0.0,0.0,0.0,0.0,0.0,0.0,0.0,0.0,0.0,0.0,0.0,0.0,0.0,0.0,0.0,0.0,
2/2/2026,2023.0,20240364.0,43550.0,40401.0,"TGG SHELBY ASSETS, LLC",Natural Gas,INTRASTATE,TEXAS,0.0,0.51,0.51,0.0,0.0,0.0,0.0,0.0,0.0,0.0,0.0,0.0,0.0,0.0,0.0,0.0,0.0,0.0,0.0,0.51,0.51,
2/2/2026,2023.0,20241454.0,44910.0,40404.0,AIR LIQUIDE ELECTRONICS US L.P.,Hydrogen Gas,INTRASTATE,TEXAS,0.0,0.0,0.0,0.0,0.0,0.0,0.0,0.0,0.0,0.0,0.15,0.15,0.0,0.0,0.0,0.0,0.0,0.0,0.0,0.15,0.15,
2/2/2026,2023.0,20241441.0,44881.0,40405.0,"BSR GAS MARKETING, LTD.",Natural Gas,INTRASTATE,TEXAS,0.0,0.0,0.0,0.0,0.0,0.0,0.0,0.0,0.0,0.0,0.0,0.0,0.0,0.0,0.0,0.0,0.0,0.0,0.0,0.0,0.0,
2/2/2026,2023.0,20240978.0,44180.0,40407.0,HEIDELBERG MATERIALS,Natural Gas,INTRASTATE,INDIANA,0.0,0.0,0.0,0.0,0.0,0.0,0.0,0.0,0.0,0.0,0.0,0.0,0.0,0.0,0.0,0.0,0.0,0.0,0.0,0.0,0.0,
2/2/2026,2023.0,20240591.0,43784.0,40414.0,"BKV MIDSTREAM, LLC",Natural Gas,INTRASTATE,TEXAS,0.0,0.0,0.0,0.0,0.0,0.0,0.0,0.0,0.0,0.0,0.0,0.0,0.0,0.0,0.0,0.0,0.0,0.0,0.0,0.0,0.0,
2/2/2026,2023.0,20240328.0,43512.0,40415.0,"BERRY PETROLEUM COMPANY, LLC",Natural Gas,INTRASTATE,CALIFORNIA,0.0,0.0,0.0,0.0,0.0,0.0,0.0,0.0,0.0,0.0,0.0,0.0,0.0,0.0,0.0,0.0,0.0,0.0,0.0,0.0,0.0,
2/2/2026,2023.0,20240328.0,43512.0,40415.0,"BERRY PETROLEUM COMPANY, LLC",Natural Gas,INTRASTATE,UTAH,0.0,0.0,0.0,0.0,0.0,0.0,0.0,0.0,0.0,0.0,0.0,0.0,0.0,0.0,0.0,0.0,0.0,0.0,0.0,0.0,0.0,
2/2/2026,2023.0,20241089.0,44299.0,40416.0,CAERUS UINTA LLC,Natural Gas,INTRASTATE,UTAH,0.0,0.0,0.0,0.0,0.0,0.0,0.0,0.0,0.0,0.0,0.0,0.0,0.0,0.0,0.0,0.0,0.0,0.0,0.0,0.0,0.0,
2/2/2026,2023.0,20240218.0,43396.0,40417.0,BIG RUN POWER PRODUCERS,Natural Gas,INTRASTATE,KENTUCKY,0.0,0.0,0.0,0.0,0.0,0.0,0.0,0.0,0.0,0.0,0.0,0.0,0.0,0.0,0.0,0.0,0.0,0.0,0.0,0.0,0.0,
2/2/2026,2023.0,20241442.0,44883.0,40422.0,"VISION OPERATING, LLC",Natural Gas,INTRASTATE,ALASKA,0.0,0.0,0.0,0.0,0.0,0.0,0.0,0.0,0.0,0.0,0.0,0.0,0.0,0.0,0.0,0.0,0.0,0.0,0.0,0.0,0.0,
2/2/2026,2023.0,20240700.0,43896.0,40424.0,COLORADO SAND COMPANY LLC,Natural Gas,INTRASTATE,COLORADO,0.0,0.0,0.0,0.0,0.0,0.0,0.0,0.0,0.0,0.0,0.0,0.0,0.0,0.0,0.0,0.0,0.0,0.0,0.0,0.0,0.0,
2/2/2026,2023.0,20241378.0,44610.0,40425.0,"DOW HYDROCARBONS & RESOURCES, INC, GRAND BAYOU OPERATIONS",Natural Gas,INTRASTATE,LOUISIANA,0.0,0.0,0.0,0.0,0.0,0.0,0.0,0.0,0.0,0.0,0.0,0.0,0.0,0.0,0.0,0.0,0.0,0.0,0.0,0.0,0.0,
2/2/2026,2023.0,20241410.0,44793.0,40425.0,"DOW HYDROCARBONS & RESOURCES, INC, GRAND BAYOU OPERATIONS",Other Gas-ethylene,INTRASTATE,LOUISIANA,0.0,0.0,0.0,0.0,0.0,0.0,0.0,0.0,0.0,0.0,0.0,0.0,0.0,0.0,0.0,0.0,0.0,0.0,0.0,0.0,0.0,
2/2/2026,2023.0,20240657.0,43852.0,40428.0,"BRAMMER ENGINEERING, INC",Natural Gas,INTRASTATE,LOUISIANA,0.0,0.0,0.0,0.0,0.0,0.0,0.0,0.0,0.0,0.0,0.0,0.0,0.0,0.0,0.0,0.0,0.0,0.0,0.0,0.0,0.0,
2/2/2026,2023.0,20241202.0,44417.0,40438.0,"PERMIAN RESOURCES OPERATING, LLC",Natural Gas,INTRASTATE,NEW MEXICO,0.0,0.0,0.0,0.0,0.0,0.0,0.0,0.0,0.0,0.0,0.0,0.0,0.0,0.0,0.0,0.0,0.0,0.0,0.0,0.0,0.0,
2/2/2026,2023.0,20241202.0,44417.0,40438.0,"PERMIAN RESOURCES OPERATING, LLC",Natural Gas,INTRASTATE,TEXAS,0.0,0.0,0.0,0.0,0.0,0.0,0.0,0.0,0.0,0.0,0.0,0.0,0.0,0.0,0.0,0.0,0.0,0.0,0.0,0.0,0.0,
2/2/2026,2023.0,20241411.0,44802.0,40443.0,VOG FIELD SERVICES LLC,Natural Gas,INTRASTATE,PENNSYLVANIA,0.0,0.0,0.0,0.0,0.0,0.0,0.0,0.0,0.0,0.0,0.0,0.0,0.0,0.0,0.0,0.0,0.0,0.0,0.0,0.0,0.0,
2/2/2026,2023.0,20240723.0,43923.0,40446.0,FP BALBOA LA MIDSTREAM LLC,Natural Gas,INTRASTATE,LOUISIANA,0.0,0.0,0.0,0.0,0.0,0.0,0.0,0.0,0.0,0.0,0.0,0.0,0.0,0.0,0.0,0.0,0.0,0.0,0.0,0.0,0.0,
2/2/2026,2023.0,20240712.0,43912.0,40449.0,KEY OPERATING COMPANY,Natural Gas,INTRASTATE,LOUISIANA,0.0,0.0,0.0,0.0,0.0,0.0,0.0,0.0,0.0,0.0,0.0,0.0,0.0,0.0,0.0,0.0,0.0,0.0,0.0,0.0,0.0,
2/2/2026,2023.0,20240435.0,43622.0,40450.0,"AIRSTREAM COMPRESSION, LLC",Natural Gas,INTRASTATE,OHIO,0.0,0.0,0.0,0.0,0.0,0.0,0.0,0.0,0.0,0.0,0.0,0.0,0.0,0.0,0.0,0.0,0.0,0.0,0.0,0.0,0.0,
2/2/2026,2023.0,20240782.0,44696.0,40460.0,TAURUS GAS SERVICES,Natural Gas,INTRASTATE,TEXAS,0.0,0.0,0.0,0.0,0.0,0.0,0.0,0.0,0.0,0.0,0.0,0.0,0.0,0.0,0.0,0.0,1.23,1.23,0.0,1.23,1.23,49 CFR 192.905
2/2/2026,2023.0,20241404.0,44777.0,40469.0,"EARTHSTONE OPERATING, LLC",Natural Gas,INTRASTATE,TEXAS,0.0,0.0,0.0,0.0,0.0,0.0,0.0,0.0,0.0,0.0,0.0,0.0,0.0,0.0,0.0,0.0,0.0,0.0,0.0,0.0,0.0,
2/2/2026,2023.0,20241021.0,44228.0,40482.0,"STARTEX FIELD SERVICES, LLC",Natural Gas,INTRASTATE,TEXAS,0.0,0.0,0.0,0.0,0.0,0.0,0.0,0.0,0.0,0.0,0.0,0.0,0.0,0.0,0.0,0.0,0.0,0.0,0.0,0.0,0.0,
2/2/2026,2023.0,20240628.0,43823.0,40483.0,MISSION CREEK OPCO,Natural Gas,INTRASTATE,ARKANSAS,0.0,0.0,0.0,0.0,0.0,0.0,0.0,0.0,0.0,0.0,0.0,0.0,0.0,0.0,0.0,0.0,0.0,0.0,0.0,0.0,0.0,
2/2/2026,2023.0,20240351.0,43535.0,40484.0,DELAWARE-PERMIAN PIPELINE LLC,Natural Gas,INTRASTATE,TEXAS,0.0,0.0,0.0,0.0,0.0,0.0,0.0,0.0,0.0,0.0,0.0,0.0,0.0,0.0,0.0,0.0,0.0,0.0,0.0,0.0,0.0,
2/2/2026,2023.0,20241254.0,44473.0,40488.0,TEP ROCKY MOUNTAIN LLC,Natural Gas,INTRASTATE,COLORADO,0.0,0.0,0.0,0.0,0.0,0.0,0.0,0.0,0.0,0.0,0.0,0.0,0.0,0.0,0.0,0.0,0.0,0.0,0.0,0.0,0.0,
2/2/2026,2023.0,20240575.0,43766.0,40490.0,APEX WML MIDSTREAM,Natural Gas,INTRASTATE,PENNSYLVANIA,0.0,0.0,0.0,0.0,0.0,0.0,0.0,0.0,0.0,0.0,0.0,0.0,0.0,0.0,0.0,0.0,0.0,0.0,0.0,0.0,0.0,
2/2/2026,2023.0,20240847.0,44336.0,40494.0,"OWN RESOURCES OPERATING, LLC",Natural Gas,INTRASTATE,COLORADO,0.0,0.0,0.0,0.0,0.0,0.0,0.0,0.0,0.0,0.0,0.0,0.0,0.0,0.0,0.0,0.0,0.0,0.0,0.0,0.0,0.0,
2/2/2026,2023.0,20240847.0,44336.0,40494.0,"OWN RESOURCES OPERATING, LLC",Natural Gas,INTRASTATE,KANSAS,0.0,0.0,0.0,0.0,0.0,0.0,0.0,0.0,0.0,0.0,0.0,0.0,0.0,0.0,0.0,0.0,0.0,0.0,0.0,0.0,0.0,
2/2/2026,2023.0,20241248.0,44467.0,40495.0,WILL COUNTY,Natural Gas,INTRASTATE,ILLINOIS,0.0,0.0,0.0,0.0,0.0,0.0,0.0,0.0,0.0,0.0,0.0,0.0,0.0,0.0,0.0,0.0,0.0,0.0,0.0,0.0,0.0,
2/2/2026,2023.0,20241235.0,44453.0,40497.0,BRIGHTMARK CABALLERO RNG LLC,Natural Gas,INTRASTATE,ARIZONA,0.0,0.0,0.0,0.0,0.0,0.0,0.0,0.0,0.0,0.0,0.0,0.0,0.0,0.0,0.0,0.0,0.0,0.0,0.0,0.0,0.0,
2/2/2026,2023.0,20240786.0,43986.0,40499.0,KINDER MORGAN RANGER LLC,Natural Gas,INTRASTATE,TEXAS,0.0,0.0,0.0,0.0,0.0,0.0,0.0,0.0,0.0,0.0,0.0,0.0,0.0,0.0,0.0,0.0,0.0,0.0,0.0,0.0,0.0,
2/2/2026,2023.0,20241270.0,44492.0,40502.0,"WHIPTAIL MIDSTREAM, LLC",Natural Gas,INTRASTATE,NEW MEXICO,0.0,0.0,0.0,0.0,0.0,0.0,0.0,0.0,0.0,0.0,0.0,0.0,0.0,0.0,0.0,0.0,0.0,0.0,0.0,0.0,0.0,
2/2/2026,2023.0,20241023.0,44231.0,40511.0,"E2 OPERATING, LLC",Natural Gas,INTRASTATE,OKLAHOMA,0.0,0.0,0.0,0.0,0.0,0.0,0.0,0.0,0.0,0.0,0.0,0.0,0.0,0.0,0.0,0.0,0.0,0.0,0.0,0.0,0.0,
2/2/2026,2023.0,20240458.0,43645.0,40513.0,OXLEY ENERGY LLC.,Natural Gas,INTRASTATE,ARKANSAS,0.0,0.0,0.0,0.0,0.0,0.0,0.0,0.0,0.0,0.0,0.0,0.0,0.0,0.0,0.0,0.0,0.0,0.0,0.0,0.0,0.0,
2/2/2026,2023.0,20240458.0,43645.0,40513.0,OXLEY ENERGY LLC.,Natural Gas,INTRASTATE,OKLAHOMA,0.0,0.0,0.0,0.0,0.0,0.0,0.0,0.0,0.0,0.0,0.0,0.0,0.0,0.0,0.0,0.0,0.0,0.0,0.0,0.0,0.0,
2/2/2026,2023.0,20240163.0,43340.0,40515.0,TELLURIAN OPERATING LLC,Natural Gas,INTRASTATE,LOUISIANA,0.0,0.0,0.0,0.0,0.0,0.0,0.0,0.0,0.0,0.0,0.0,0.0,0.0,0.0,0.0,0.0,0.0,0.0,0.0,0.0,0.0,
2/2/2026,2023.0,20240655.0,43850.0,40521.0,C6 OPERATING LLC,Natural Gas,INTRASTATE,TEXAS,0.0,0.0,0.0,0.0,0.0,0.0,0.0,0.0,0.0,0.0,0.0,0.0,0.0,0.0,0.0,0.0,0.0,0.0,0.0,0.0,0.0,
2/2/2026,2023.0,20240852.0,44052.0,40522.0,VANDERBILT MIDSTREAM II INC,Natural Gas,INTRASTATE,PENNSYLVANIA,0.0,0.0,0.0,0.0,0.0,0.0,0.0,0.0,0.0,0.0,0.0,0.0,0.0,0.0,0.0,0.0,0.0,0.0,0.0,0.0,0.0,
2/2/2026,2023.0,20240421.0,43608.0,40523.0,"OGC, LLC DBA ORCA GATHERING COMPANY",Natural Gas,INTRASTATE,ARKANSAS,0.0,0.0,0.0,0.0,0.0,0.0,0.0,0.0,0.0,0.0,0.0,0.0,0.0,0.0,0.0,0.0,0.0,0.0,0.0,0.0,0.0,
2/2/2026,2023.0,20240659.0,43854.0,40525.0,"PRODUCERS GAS TRANSMISSION, INC",Natural Gas,INTRASTATE,LOUISIANA,0.0,0.0,0.0,0.0,0.0,0.0,0.0,0.0,0.0,0.0,0.0,0.0,0.0,0.0,0.0,0.0,0.0,0.0,0.0,0.0,0.0,
2/2/2026,2023.0,20240343.0,43527.0,40538.0,ZARVONA ENERGY LLC,Natural Gas,INTRASTATE,TEXAS,0.0,0.0,0.0,0.0,0.0,0.0,0.0,0.0,0.0,0.0,0.0,0.0,0.0,0.0,0.0,0.0,0.0,0.0,0.0,0.0,0.0,
2/2/2026,2023.0,20241132.0,44344.0,40539.0,"SLANT OPERATING, LLC",Natural Gas,INTRASTATE,TEXAS,0.0,0.0,0.0,0.0,0.0,0.0,0.0,0.0,0.0,0.0,0.0,0.0,0.0,0.0,0.0,0.0,0.0,0.0,0.0,0.0,0.0,
2/2/2026,2023.0,20240284.0,43465.0,40541.0,"COMPASS GATHERING, LLC",Natural Gas,INTRASTATE,LOUISIANA,0.0,0.0,0.0,0.0,0.0,0.0,0.0,0.0,0.0,0.0,0.0,0.0,0.0,0.0,0.0,0.0,0.0,0.0,0.0,0.0,0.0,
2/2/2026,2023.0,20240365.0,43551.0,40543.0,"MIDSTREAM ENERGY SERVICES, LLC",Natural Gas,INTRASTATE,OKLAHOMA,0.0,0.0,0.0,0.0,0.0,0.0,0.0,0.0,0.0,0.0,0.0,0.0,0.0,0.0,0.0,0.0,0.0,0.0,0.0,0.0,0.0,
2/2/2026,2023.0,20241369.0,44599.0,40544.0,BPX OPERATING COMPANY,Natural Gas,INTRASTATE,TEXAS,0.0,0.0,0.0,0.0,0.0,0.0,0.0,0.0,0.0,0.0,0.0,0.0,0.0,0.0,0.0,0.0,0.0,0.0,0.0,0.0,0.0,
2/2/2026,2023.0,20240841.0,44041.0,40546.0,"WARWICK-ARTEMIS, LLC",Natural Gas,INTRASTATE,TEXAS,0.0,0.0,0.0,0.0,0.0,0.0,0.0,0.0,0.0,0.0,0.0,0.0,0.0,0.0,0.0,0.0,0.0,0.0,0.0,0.0,0.0,
2/2/2026,2023.0,20240870.0,44070.0,40548.0,"RIVER ROCK OPERATING, LLC",Natural Gas,INTRASTATE,KANSAS,0.0,0.0,0.0,0.0,0.0,0.0,0.0,0.0,0.0,0.0,0.0,0.0,0.0,0.0,0.0,0.0,0.0,0.0,0.0,0.0,0.0,
2/2/2026,2023.0,20240866.0,44066.0,40549.0,"PECAN PIPELINE (NORTH DAKOTA), INC",Natural Gas,INTRASTATE,NORTH DAKOTA,0.0,0.0,0.0,0.0,0.0,0.0,0.0,0.0,0.0,0.0,0.0,0.0,0.0,0.0,0.0,0.0,0.0,0.0,0.0,0.0,0.0,
2/2/2026,2023.0,20240937.0,44139.0,40550.0,USG MIDSTREAM BAKKEN LLC,Natural Gas,INTRASTATE,NORTH DAKOTA,0.0,0.0,0.0,0.0,0.0,0.0,0.0,0.0,0.0,0.0,0.0,0.0,0.0,0.0,0.0,0.0,0.0,0.0,0.0,0.0,0.0,
2/2/2026,2023.0,20240115.0,43290.0,40553.0,"MONTEX DRILLLING COMPANY, LLC",Natural Gas,INTRASTATE,WYOMING,0.0,0.0,0.0,0.0,0.0,0.0,0.0,0.0,0.0,0.0,0.0,0.0,0.0,0.0,0.0,0.0,0.0,0.0,0.0,0.0,0.0,
2/2/2026,2023.0,20240489.0,43677.0,40555.0,"HET LEVELLAND, LLC",Natural Gas,INTRASTATE,TEXAS,0.0,0.0,0.0,0.0,0.0,0.0,0.0,0.0,0.0,0.0,0.0,0.0,0.0,0.0,0.0,0.0,0.0,0.0,0.0,0.0,0.0,
2/2/2026,2023.0,20241001.0,44207.0,40556.0,"SUNBRIDGE ENERGY SERVICES, LLC",Natural Gas,INTRASTATE,TEXAS,0.0,0.0,0.0,0.0,0.0,0.0,0.0,0.0,0.0,0.0,0.0,0.0,0.0,0.0,0.0,0.0,0.0,0.0,0.0,0.0,0.0,
2/2/2026,2023.0,20240316.0,43500.0,40558.0,"FLYING PIG PIPELINE, L.P.",Natural Gas,INTRASTATE,ARKANSAS,0.0,0.0,0.0,0.0,0.0,0.0,0.0,0.0,0.0,0.0,0.0,0.0,0.0,0.0,0.0,0.0,0.0,0.0,0.0,0.0,0.0,
2/2/2026,2023.0,20240561.0,43752.0,40562.0,"CALIFORNIA GAS GATHERING, INC.",Natural Gas,INTRASTATE,CALIFORNIA,0.0,0.0,0.0,0.0,0.0,0.0,0.0,0.0,0.0,0.0,0.0,0.0,0.0,0.0,0.0,0.0,0.0,0.0,0.0,0.0,0.0,
2/2/2026,2023.0,20240237.0,43588.0,40568.0,"RANGE RESOURCES - APPALACHIA, LLC",Natural Gas,INTRASTATE,PENNSYLVANIA,0.0,0.0,0.0,0.0,0.0,0.0,0.0,0.0,0.0,0.0,0.0,0.0,0.0,0.0,0.0,0.0,0.0,0.0,0.0,0.0,0.0,
2/2/2026,2023.0,20241002.0,44208.0,40570.0,CIMAREX ENERGY,Natural Gas,INTRASTATE,NEW MEXICO,0.0,0.0,0.0,0.0,0.0,0.0,0.0,0.0,0.0,0.0,0.0,0.0,0.0,0.0,0.0,0.0,0.0,0.0,0.0,0.0,0.0,
2/2/2026,2023.0,20241002.0,44208.0,40570.0,CIMAREX ENERGY,Natural Gas,INTRASTATE,OKLAHOMA,0.0,0.0,0.0,0.0,0.0,0.0,0.0,0.0,0.0,0.0,0.0,0.0,0.0,0.0,0.0,0.0,0.0,0.0,0.0,0.0,0.0,
2/2/2026,2023.0,20241002.0,44208.0,40570.0,CIMAREX ENERGY,Natural Gas,INTRASTATE,TEXAS,0.0,0.0,0.0,0.0,0.0,0.0,0.0,0.0,0.0,0.0,0.0,0.0,0.0,0.0,0.0,0.0,0.0,0.0,0.0,0.0,0.0,
2/2/2026,2023.0,20240099.0,43267.0,40571.0,"EAV OPERATOR, LLC DBA KRONOS ENERGY",Natural Gas,INTRASTATE,WEST VIRGINIA,0.0,0.0,0.0,0.0,0.0,0.0,0.0,0.0,0.0,0.0,0.0,0.0,0.0,0.0,0.0,0.0,0.0,0.0,0.0,0.0,0.0,
2/2/2026,2023.0,20240418.0,43605.0,40572.0,KIMBLE COMPANY,Landfill Gas,INTRASTATE,OHIO,0.0,0.0,0.0,0.0,0.0,0.0,0.0,0.0,0.0,0.0,0.0,0.0,0.0,0.0,0.0,0.0,0.0,0.0,0.0,0.0,0.0,
2/2/2026,2023.0,20240417.0,43604.0,40572.0,KIMBLE COMPANY,Natural Gas,INTRASTATE,OHIO,0.0,0.0,0.0,0.0,0.0,0.0,0.0,0.0,0.0,0.0,0.0,0.0,0.0,0.0,0.0,0.0,0.0,0.0,0.0,0.0,0.0,
2/2/2026,2023.0,20241268.0,44987.0,40573.0,"BRANCH MIDCO INVESTMENTS, LLC",Natural Gas,INTRASTATE,OKLAHOMA,0.0,0.0,0.0,0.0,0.0,0.0,0.0,0.0,0.0,0.0,0.0,0.0,0.0,0.0,0.0,0.0,0.0,0.0,0.0,0.0,0.0,
2/2/2026,2023.0,20241268.0,44987.0,40573.0,"BRANCH MIDCO INVESTMENTS, LLC",Natural Gas,INTRASTATE,TEXAS,0.0,0.0,0.0,0.0,0.62,0.62,0.0,0.0,0.0,0.0,0.0,0.0,0.0,0.0,0.0,0.0,0.0,0.0,0.0,0.62,0.62,
2/2/2026,2023.0,20240812.0,44012.0,40574.0,KM LOUISIANA MIDSTREAM LLC,Natural Gas,INTRASTATE,LOUISIANA,0.0,0.0,0.0,0.0,0.0,0.0,0.0,0.0,0.0,0.0,0.0,0.0,0.0,0.0,0.0,0.0,0.0,0.0,0.0,0.0,0.0,
2/2/2026,2023.0,20241338.0,44563.0,40586.0,BPX MIDSTREAM LLC,Natural Gas,INTRASTATE,TEXAS,0.0,0.0,0.0,0.0,0.0,0.0,0.0,0.0,0.0,0.0,0.0,0.0,0.0,0.0,0.0,0.0,0.0,0.0,0.0,0.0,0.0,
2/2/2026,2023.0,20241371.0,44602.0,40588.0,WILDFIRE ENERGY MIDSTREAM LLC,Natural Gas,INTRASTATE,TEXAS,0.0,0.0,0.0,0.0,0.0,0.0,0.0,0.0,0.0,0.0,0.0,0.0,0.0,0.0,0.0,0.0,0.0,0.0,0.0,0.0,0.0,
2/2/2026,2023.0,20241412.0,44805.0,40589.0,PNG GAS TRANSMISSION COMPANY LLC,Natural Gas,INTRASTATE,TEXAS,0.0,0.0,0.0,0.0,0.0,0.0,0.0,0.0,0.0,0.0,0.0,0.0,0.0,0.0,0.0,0.0,0.0,0.0,0.0,0.0,0.0,
2/2/2026,2023.0,20241014.0,44220.0,40590.0,NEW HORIZON RESOURCES LLC,Natural Gas,INTRASTATE,TEXAS,0.0,0.0,0.0,0.0,0.0,0.0,0.0,0.0,0.0,0.0,0.0,0.0,0.0,0.0,0.0,0.0,0.0,0.0,0.0,0.0,0.0,
2/2/2026,2023.0,20240388.0,43574.0,40602.0,"HEP OKLAHOMA GATHERING, LLC",Natural Gas,INTRASTATE,OKLAHOMA,0.0,0.0,0.0,0.0,0.0,0.0,0.0,0.0,0.0,0.0,0.0,0.0,0.0,0.0,0.0,0.0,0.0,0.0,0.0,0.0,0.0,
2/2/2026,2023.0,20240848.0,44048.0,40607.0,CITIZEN MIDSTREAM,Natural Gas,INTRASTATE,OKLAHOMA,0.0,0.0,0.0,0.0,0.0,0.0,0.0,0.0,0.0,0.0,0.0,0.0,0.0,0.0,0.0,0.0,0.0,0.0,0.0,0.0,0.0,
2/2/2026,2023.0,20241448.0,44893.0,40611.0,"VR AG OPERATIONS, LLC",Landfill Gas,INTRASTATE,NEVADA,0.0,0.0,0.0,0.0,0.0,0.0,0.0,0.0,0.0,0.0,0.0,0.0,0.0,0.0,0.0,0.0,0.0,0.0,0.0,0.0,0.0,
2/2/2026,2023.0,20241167.0,44379.0,40623.0,RUBY LLC,Natural Gas,INTERSTATE,NEVADA,0.0,0.0,0.0,0.0,0.0,0.0,0.0,0.0,0.0,0.0,0.0,0.0,0.0,0.0,0.0,0.0,0.0,0.0,0.0,0.0,0.0,
2/2/2026,2023.0,20241167.0,44379.0,40623.0,RUBY LLC,Natural Gas,INTERSTATE,OREGON,0.0,0.0,0.0,0.0,0.0,0.0,0.0,0.0,0.0,0.0,0.0,0.0,0.0,0.0,0.0,0.0,0.0,0.0,0.0,0.0,0.0,
2/2/2026,2023.0,20241167.0,44379.0,40623.0,RUBY LLC,Natural Gas,INTERSTATE,UTAH,0.0,0.0,0.0,0.0,0.0,0.0,0.0,2.17,2.17,0.0,0.0,0.0,0.0,0.0,0.0,0.0,0.0,0.0,0.0,2.17,2.17,
2/2/2026,2023.0,20240298.0,44663.0,40626.0,WEST TENNESSEE GAS PIPELINE LLC,Natural Gas,INTRASTATE,TENNESSEE,0.0,0.0,0.0,0.277,0.0,0.277,0.0,0.0,0.0,0.0,0.0,0.0,0.0,0.0,0.0,0.0,0.0,0.0,0.277,0.0,0.277,
2/2/2026,2023.0,20241015.0,44903.0,40628.0,"GIBBONS LAKE AND LAND, LLC",Natural Gas,INTRASTATE,TEXAS,0.0,0.0,0.0,0.0,0.0,0.0,0.0,0.0,0.0,0.0,0.0,0.0,0.0,0.0,0.0,0.0,0.0,0.0,0.0,0.0,0.0,
2/2/2026,2023.0,20241188.0,44403.0,40631.0,"STATELINE GATHERING, LLC",Natural Gas,INTRASTATE,TEXAS,0.0,0.0,0.0,0.0,0.0,0.0,0.0,0.0,0.0,0.0,0.0,0.0,0.0,0.0,0.0,0.0,0.0,0.0,0.0,0.0,0.0,
2/2/2026,2023.0,20241081.0,44291.0,40634.0,LAKE CRYSTAL OPERATING LLC,Natural Gas,INTRASTATE,TEXAS,0.0,0.0,0.0,0.0,0.0,0.0,0.0,0.0,0.0,0.0,0.0,0.0,0.0,0.0,0.0,0.0,0.0,0.0,0.0,0.0,0.0,
2/2/2026,2023.0,20240410.0,43597.0,40641.0,"NADEL & GUSSMAN RUSTON, LLC",Natural Gas,INTRASTATE,LOUISIANA,0.0,0.0,0.0,0.0,0.0,0.0,0.0,0.0,0.0,0.0,0.0,0.0,0.0,0.0,0.0,0.0,0.0,0.0,0.0,0.0,0.0,
2/2/2026,2023.0,20241384.0,44620.0,40642.0,WEXPRO COMPANY,Natural Gas,INTRASTATE,COLORADO,0.0,0.0,0.0,0.0,0.0,0.0,0.0,0.0,0.0,0.0,0.0,0.0,0.0,0.0,0.0,0.0,0.0,0.0,0.0,0.0,0.0,
2/2/2026,2023.0,20241384.0,44620.0,40642.0,WEXPRO COMPANY,Natural Gas,INTRASTATE,UTAH,0.0,0.0,0.0,0.0,0.0,0.0,0.0,0.0,0.0,0.0,0.0,0.0,0.0,0.0,0.0,0.0,0.0,0.0,0.0,0.0,0.0,
2/2/2026,2023.0,20241384.0,44620.0,40642.0,WEXPRO COMPANY,Natural Gas,INTRASTATE,WYOMING,0.0,0.0,0.0,0.0,0.0,0.0,0.0,0.0,0.0,0.0,0.0,0.0,0.0,0.0,0.0,0.0,0.0,0.0,0.0,0.0,0.0,
2/2/2026,2023.0,20241181.0,44396.0,40645.0,"WPX ENERGY PERMIAN, LLC",Natural Gas,INTRASTATE,NEW MEXICO,0.0,0.0,0.0,0.0,0.0,0.0,0.0,0.0,0.0,0.0,0.0,0.0,0.0,0.0,0.0,0.0,0.0,0.0,0.0,0.0,0.0,
2/2/2026,2023.0,20241181.0,44396.0,40645.0,"WPX ENERGY PERMIAN, LLC",Natural Gas,INTRASTATE,TEXAS,0.0,0.0,0.0,0.0,0.0,0.0,0.0,0.0,0.0,0.0,0.0,0.0,0.0,0.0,0.0,0.0,0.0,0.0,0.0,0.0,0.0,
2/2/2026,2023.0,20241115.0,44325.0,40646.0,"COTTON DRAW MIDSTREAM, LLC",Natural Gas,INTRASTATE,NEW MEXICO,0.0,0.0,0.0,0.0,0.0,0.0,0.0,0.0,0.0,0.0,0.0,0.0,0.0,0.0,0.0,0.0,0.0,0.0,0.0,0.0,0.0,
2/2/2026,2023.0,20241156.0,44368.0,40648.0,"PRONTO MIDSTREAM, LLC",Natural Gas,INTRASTATE,NEW MEXICO,0.0,0.0,0.0,0.0,0.0,0.0,0.0,0.0,0.0,0.0,0.0,0.0,0.0,0.0,0.0,0.0,0.0,0.0,0.0,0.0,0.0,
2/2/2026,2023.0,20240368.0,43554.0,40650.0,"NILE MIDSTREAM, LLC",Natural Gas,INTRASTATE,TEXAS,0.0,0.0,0.0,0.0,0.0,0.0,0.0,0.0,0.0,0.0,0.0,0.0,0.0,0.0,0.0,0.0,0.0,0.0,0.0,0.0,0.0,
2/2/2026,2023.0,20240405.0,43592.0,40655.0,"TRES MIDSTREAM VICTORIA, LLC",Natural Gas,INTRASTATE,TEXAS,0.0,0.0,0.0,0.0,0.0,0.0,0.0,0.0,0.0,0.0,0.0,0.0,0.0,0.0,0.0,0.0,0.0,0.0,0.0,0.0,0.0,
2/2/2026,2023.0,20241073.0,44282.0,40663.0,"AGERON ENERGY, LLC",Natural Gas,INTRASTATE,TEXAS,0.0,0.0,0.0,0.0,0.0,0.0,0.0,0.0,0.0,0.0,0.0,0.0,0.0,0.0,0.0,0.0,0.0,0.0,0.0,0.0,0.0,
2/2/2026,2023.0,20241093.0,44303.0,40665.0,"CULBERSON MIDSTREAM, LLC",Natural Gas,INTRASTATE,TEXAS,0.0,0.0,0.0,0.0,0.0,0.0,0.0,0.0,0.0,0.0,0.0,0.0,0.0,0.0,0.0,0.0,0.0,0.0,0.0,0.0,0.0,
2/2/2026,2023.0,20241365.0,44680.0,40667.0,NORTHEAST ENERGY CENTER LLC,Natural Gas,INTRASTATE,MASSACHUSETTS,0.0,0.0,0.0,0.0,0.0,0.0,0.0,0.63,0.63,0.0,0.0,0.0,0.0,0.0,0.0,0.0,0.0,0.0,0.0,0.63,0.63,
2/2/2026,2023.0,20241101.0,44311.0,40669.0,"LAVACA MIDSTREAM, L.L.C.",Natural Gas,INTRASTATE,TEXAS,0.0,0.0,0.0,0.0,0.0,0.0,0.0,0.0,0.0,0.0,0.0,0.0,0.0,0.0,0.0,0.0,0.0,0.0,0.0,0.0,0.0,
2/2/2026,2023.0,20240291.0,43472.0,40671.0,AMERESCO SAN ANTONIO LLC,Natural Gas,INTRASTATE,TEXAS,0.0,0.0,0.0,0.0,0.0,0.0,0.0,0.0,0.0,0.0,0.0,0.0,0.0,0.0,0.0,0.0,0.0,0.0,0.0,0.0,0.0,
2/2/2026,2023.0,20240485.0,44870.0,40678.0,SWIFT CREEK RENEWABLES,Natural Gas,INTRASTATE,VIRGINIA,0.0,0.0,0.0,0.0,0.51,0.51,0.0,0.0,0.0,0.0,0.0,0.0,0.0,0.0,0.0,0.0,0.0,0.0,0.0,0.51,0.51,
2/2/2026,2023.0,20241315.0,44540.0,40679.0,"FORMENTERA OPERATIONS, LLC",Natural Gas,INTRASTATE,OKLAHOMA,0.0,0.0,0.0,0.0,0.0,0.0,0.0,0.0,0.0,0.0,0.0,0.0,0.0,0.0,0.0,0.0,0.0,0.0,0.0,0.0,0.0,
2/2/2026,2023.0,20241398.0,44763.0,40680.0,"GUARDIAN DECOMMISSIONING, INC.",Natural Gas,INTERSTATE,LOUISIANA,0.0,0.0,0.0,0.0,0.0,0.0,0.0,0.0,0.0,0.0,0.0,0.0,0.0,0.0,0.0,0.0,0.0,0.0,0.0,0.0,0.0,
2/2/2026,2023.0,20240355.0,43539.0,40682.0,"LAKEVIEW RNG, LLC",Natural Gas,INTRASTATE,OREGON,0.0,0.0,0.0,0.0,0.0,0.0,0.0,0.0,0.0,0.0,0.0,0.0,0.0,0.0,0.0,0.0,0.0,0.0,0.0,0.0,0.0,
2/2/2026,2023.0,20240759.0,44909.0,40685.0,"OLIPDP II, LLC",Natural Gas,INTRASTATE,TEXAS,0.0,0.0,0.0,0.0,0.29,0.29,0.0,0.0,0.0,0.0,0.0,0.0,0.0,0.0,0.0,0.0,0.0,0.0,0.0,0.29,0.29,
2/2/2026,2023.0,20241343.0,44914.0,40686.0,"UINTA WAX OPERATING, LLC",Natural Gas,INTRASTATE,UTAH,0.0,0.0,0.0,0.0,0.0,0.0,0.0,0.0,0.0,0.0,0.0,0.0,0.0,0.0,0.0,0.0,0.0,0.0,0.0,0.0,0.0,
2/2/2026,2023.0,20241372.0,44603.0,40687.0,"CRYSALIS BIOSCIENCES, INC.",Natural Gas,INTRASTATE,ILLINOIS,0.0,0.0,0.0,0.0,0.0,0.0,0.0,0.0,0.0,0.0,0.0,0.0,0.0,0.0,0.0,0.0,0.0,0.0,0.0,0.0,0.0,
2/2/2026,2023.0,20241458.0,44919.0,40688.0,AGUA TRANQUILLO MIDSTREAM LLC,Natural Gas,INTRASTATE,TEXAS,0.0,0.0,0.0,0.0,0.0,0.0,0.0,0.0,0.0,0.0,0.0,0.0,0.0,0.0,0.0,0.0,0.0,0.0,0.0,0.0,0.0,
2/2/2026,2023.0,20241337.0,44562.0,40691.0,ROCC OIL AND GAS L.P.,Natural Gas,INTRASTATE,TEXAS,0.0,0.0,0.0,0.0,0.0,0.0,0.0,0.0,0.0,0.0,0.0,0.0,0.0,0.0,0.0,0.0,0.0,0.0,0.0,0.0,0.0,
2/2/2026,2023.0,20240757.0,44682.0,40697.0,"MATHESON TRI-GAS, INC. - (PA)",Hydrogen Gas,INTRASTATE,PENNSYLVANIA,0.0,0.0,0.0,0.0,0.67,0.67,0.0,0.0,0.0,0.0,0.0,0.0,0.0,0.0,0.0,0.0,0.0,0.0,0.0,0.67,0.67,
2/2/2026,2023.0,20240040.0,43202.0,40699.0,"BGGCO, LLC",Natural Gas,INTRASTATE,MISSISSIPPI,0.0,0.0,0.0,0.0,0.0,0.0,0.0,0.0,0.0,0.0,0.0,0.0,0.0,0.0,0.0,0.0,0.0,0.0,0.0,0.0,0.0,
2/2/2026,2023.0,20241460.0,44923.0,40701.0,"CARDINAL DELAWARE BASIN, LLC",Natural Gas,INTRASTATE,TEXAS,0.0,0.0,0.0,0.0,0.0,0.0,0.0,0.0,0.0,0.0,0.0,0.0,0.0,0.0,0.0,0.0,0.0,0.0,0.0,0.0,0.0,
2/2/2026,2023.0,20240232.0,43410.0,40705.0,TIDEWATER RESOURCES CORPORATION,Natural Gas,INTRASTATE,TEXAS,0.0,0.0,0.0,0.0,0.0,0.0,0.0,0.0,0.0,0.0,0.0,0.0,0.0,0.0,0.0,0.0,0.0,0.0,0.0,0.0,0.0,
2/2/2026,2023.0,20241289.0,44513.0,40709.0,SPIRE STORAGE SALT PLAINS LLC,Natural Gas,INTRASTATE,OKLAHOMA,0.0,0.0,0.0,0.0,0.0,0.0,0.0,0.0,0.0,0.0,0.0,0.0,0.0,0.0,0.0,0.0,0.0,0.0,0.0,0.0,0.0,
2/2/2026,2023.0,20240497.0,44624.0,40710.0,"MONTOUR, LLC",Natural Gas,INTRASTATE,PENNSYLVANIA,0.0,0.55,0.55,0.0,0.0,0.0,0.0,0.0,0.0,0.0,0.0,0.0,0.0,0.0,0.0,0.0,0.0,0.0,0.0,0.55,0.55,
2/2/2026,2023.0,20240868.0,44068.0,40715.0,PECAN PIPELINE (WYOMING) LLC,Natural Gas,INTRASTATE,WYOMING,0.0,0.0,0.0,0.0,0.0,0.0,0.0,0.0,0.0,0.0,0.0,0.0,0.0,0.0,0.0,0.0,0.0,0.0,0.0,0.0,0.0,
2/2/2026,2023.0,20240844.0,46748.0,40716.0,MID SOUTH INDIANA LLC,Natural Gas,INTRASTATE,INDIANA,0.0,0.0,0.0,0.0,0.0,0.0,0.0,0.0,0.0,0.0,0.0,0.0,0.0,0.0,0.0,0.0,0.0,0.0,0.0,0.0,0.0,
2/2/2026,2023.0,20240363.0,43549.0,40720.0,THREE RIVERS SOLID WASTE AUTHORITY,Landfill Gas,INTRASTATE,SOUTH CAROLINA,0.0,0.15,0.15,0.0,0.0,0.0,0.0,0.0,0.0,0.0,0.0,0.0,0.0,0.0,0.0,0.0,0.0,0.0,0.0,0.15,0.15,
2/2/2026,2023.0,20241059.0,44267.0,40722.0,MITSUI E&P USA LLC,Natural Gas,INTRASTATE,TEXAS,0.0,0.0,0.0,0.0,0.0,0.0,0.0,0.0,0.0,0.0,0.0,0.0,0.0,0.0,0.0,0.0,0.0,0.0,0.0,0.0,0.0,
2/2/2026,2023.0,20241462.0,44925.0,40725.0,CORE SOLUTIONS LLC,Natural Gas,INTRASTATE,WEST VIRGINIA,0.0,0.0,0.0,0.0,0.0,0.0,0.0,0.0,0.0,0.0,0.0,0.0,0.0,0.0,0.0,0.0,0.0,0.0,0.0,0.0,0.0,
2/2/2026,2023.0,20241209.0,44425.0,40729.0,ENERFIN GATHERING-EAST LLC,Natural Gas,INTRASTATE,OKLAHOMA,0.0,0.0,0.0,0.0,0.0,0.0,0.0,0.0,0.0,0.0,0.0,0.0,0.0,0.0,0.0,0.0,0.0,0.0,0.0,0.0,0.0,
2/2/2026,2023.0,20240470.0,43657.0,40734.0,"GREENTREE LANDFILL COMPANY, LLC",Landfill Gas,INTRASTATE,PENNSYLVANIA,0.0,0.0,0.0,0.0,0.0,0.0,0.0,0.0,0.0,0.0,0.0,0.0,0.0,0.0,0.0,0.0,0.0,0.0,0.0,0.0,0.0,
2/2/2026,2023.0,20240472.0,43659.0,40735.0,IMPERIAL LANDFILL GAS COMPANY,Landfill Gas,INTRASTATE,PENNSYLVANIA,0.0,0.0,0.0,0.0,0.0,0.0,0.0,0.0,0.0,0.0,0.0,0.0,0.0,0.0,0.0,0.0,0.0,0.0,0.0,0.0,0.0,
2/2/2026,2023.0,20241175.0,44388.0,40738.0,"LONGFELLOW ENERGY, LP",Natural Gas,INTRASTATE,TEXAS,0.0,0.0,0.0,0.0,0.0,0.0,0.0,0.0,0.0,0.0,0.0,0.0,0.0,0.0,0.0,0.0,0.0,0.0,0.0,0.0,0.0,
2/2/2026,2023.0,20241325.0,44550.0,40742.0,"JOHNSON COUNTY POWER, LLC",Natural Gas,INTRASTATE,TEXAS,0.0,0.0,0.0,0.0,0.0,0.0,0.0,0.0,0.0,0.0,0.0,0.0,0.0,0.0,0.0,0.0,0.0,0.0,0.0,0.0,0.0,
2/2/2026,2023.0,20241360.0,44588.0,40743.0,"RW MILLER POWER, LLC",Natural Gas,INTRASTATE,TEXAS,0.0,0.0,0.0,0.0,0.0,0.0,0.0,0.0,0.0,0.0,0.0,0.0,0.0,0.0,0.0,0.0,0.0,0.0,0.0,0.0,0.0,
2/2/2026,2023.0,20241358.0,44586.0,40744.0,"JACK COUNTY POWER, LLC",Natural Gas,INTRASTATE,TEXAS,0.0,0.0,0.0,0.0,0.0,0.0,0.0,0.0,0.0,0.0,0.0,0.0,0.0,0.0,0.0,0.0,0.0,0.0,0.0,0.0,0.0,
2/2/2026,2023.0,20240583.0,43776.0,40747.0,REPUBLIC COAST PIPELINE LLC,Natural Gas,INTRASTATE,TEXAS,0.0,0.0,0.0,0.0,0.0,0.0,0.0,0.0,0.0,0.0,0.0,0.0,0.0,0.0,0.0,0.0,0.0,0.0,0.0,0.0,0.0,
2/2/2026,2023.0,20240620.0,43814.0,40755.0,JACKSONVILLE ELECTRIC AUTHORITY,Natural Gas,INTRASTATE,FLORIDA,0.0,0.0,0.0,0.0,0.0,0.0,0.0,6.3,6.3,0.0,0.0,0.0,0.0,0.0,0.0,0.0,0.0,0.0,0.0,6.3,6.3,
2/2/2026,2023.0,20241237.0,44455.0,40756.0,CHEVRON U.S.A. INC - RBU,Natural Gas,INTRASTATE,COLORADO,0.0,0.0,0.0,0.0,0.0,0.0,0.0,0.0,0.0,0.0,0.0,0.0,0.0,0.0,0.0,0.0,0.0,0.0,0.0,0.0,0.0,
2/2/2026,2023.0,20240662.0,44946.0,40760.0,EQUILINE HOLDINGS LLC,Natural Gas,INTRASTATE,CALIFORNIA,0.0,0.0,0.0,0.0,0.0,0.0,0.0,0.0,0.0,0.0,0.0,0.0,0.0,0.0,0.0,0.0,0.0,0.0,0.0,0.0,0.0,
2/2/2026,2023.0,20241220.0,44437.0,40763.0,GOLDEN PASS PIPELINE LLC,Natural Gas,INTERSTATE,LOUISIANA,0.0,0.0,0.0,0.0,0.0,0.0,0.0,0.0,0.0,0.0,0.0,0.0,0.0,0.0,0.0,0.0,0.0,0.0,0.0,0.0,0.0,
2/2/2026,2023.0,20241220.0,44437.0,40763.0,GOLDEN PASS PIPELINE LLC,Natural Gas,INTERSTATE,TEXAS,0.0,0.0,0.0,0.0,6.8,6.8,0.0,0.0,0.0,0.0,0.0,0.0,0.0,0.0,0.0,0.0,0.0,0.0,0.0,6.8,6.8,
2/2/2026,2023.0,20240968.0,46358.0,40766.0,GLACIAL LAKES ENERGY - NW GAS OPERATED,Natural Gas,INTRASTATE,SOUTH DAKOTA,0.0,0.0,0.0,0.0,0.0,0.0,0.0,0.0,0.0,0.0,0.0,0.0,0.0,0.0,0.0,0.0,0.0,0.0,0.0,0.0,0.0,
2/2/2026,2023.0,20240260.0,45001.0,40768.0,"KINETIK HOLDINGS, LP",Natural Gas,INTRASTATE,NEW MEXICO,0.0,0.0,0.0,0.0,0.0,0.0,0.0,0.0,0.0,0.0,0.0,0.0,0.0,0.0,0.0,0.0,0.0,0.0,0.0,0.0,0.0,
2/2/2026,2023.0,20240260.0,45001.0,40768.0,"KINETIK HOLDINGS, LP",Natural Gas,INTRASTATE,TEXAS,0.0,0.0,0.0,0.0,0.0,0.0,0.0,0.0,0.0,0.0,0.0,0.0,0.0,0.0,0.0,0.0,0.0,0.0,0.0,0.0,0.0,
2/2/2026,2023.0,20240383.0,43569.0,40770.0,"ROSS EXPLORATIONS, INC.",Natural Gas,INTRASTATE,ARKANSAS,0.0,0.0,0.0,0.0,0.0,0.0,0.0,0.0,0.0,0.0,0.0,0.0,0.0,0.0,0.0,0.0,0.0,0.0,0.0,0.0,0.0,
2/2/2026,2023.0,20240970.0,44172.0,40772.0,"ROADRUNNER ONE, LLC",Natural Gas,INTRASTATE,TEXAS,0.0,0.0,0.0,0.0,0.0,0.0,0.0,0.0,0.0,0.0,0.0,0.0,0.0,0.0,0.0,0.0,0.0,0.0,0.0,0.0,0.0,
2/2/2026,2023.0,20240242.0,43420.0,40773.0,"RIO OIL & GAS (PERMIAN) II, LLC",Natural Gas,INTRASTATE,TEXAS,0.0,0.0,0.0,0.0,0.0,0.0,0.0,0.0,0.0,0.0,0.0,0.0,0.0,0.0,0.0,0.0,0.0,0.0,0.0,0.0,0.0,
2/2/2026,2023.0,20241250.0,44469.0,40776.0,TEAM OPERATING,Natural Gas,INTRASTATE,TEXAS,0.0,0.0,0.0,0.0,0.0,0.0,0.0,0.0,0.0,0.0,0.0,0.0,0.0,0.0,0.0,0.0,0.0,0.0,0.0,0.0,0.0,
2/2/2026,2023.0,20241070.0,44284.0,40779.0,QUATTRO OPERATING INC.,Natural Gas,INTRASTATE,TEXAS,0.0,0.0,0.0,0.0,0.0,0.0,0.0,0.0,0.0,0.0,0.0,0.0,0.0,0.0,0.0,0.0,0.0,0.0,0.0,0.0,0.0,
2/2/2026,2023.0,20240730.0,43930.0,40784.0,GILLIS HUB PIPELINE LLC,Natural Gas,INTERSTATE,LOUISIANA,0.0,0.0,0.0,0.0,0.0,0.0,0.0,0.0,0.0,0.0,0.0,0.0,0.0,0.0,0.0,0.0,0.0,0.0,0.0,0.0,0.0,
2/2/2026,2023.0,20241461.0,44924.0,40785.0,CRATON ETX GATHERING UTILITY LLC,Natural Gas,INTRASTATE,TEXAS,0.0,0.0,0.0,0.0,0.0,0.0,0.0,0.0,0.0,0.0,0.0,0.0,0.0,0.0,0.0,0.0,0.0,0.0,0.0,0.0,0.0,
2/2/2026,2023.0,20241463.0,44926.0,40792.0,"CRATON OPERATING, LLC",Natural Gas,INTRASTATE,TEXAS,0.0,0.0,0.0,0.0,0.0,0.0,0.0,0.0,0.0,0.0,0.0,0.0,0.0,0.0,0.0,0.0,0.0,0.0,0.0,0.0,0.0,
2/2/2026,2023.0,20240024.0,43182.0,40796.0,MONTARE OPERATING LTD,Natural Gas,INTRASTATE,TEXAS,0.0,0.0,0.0,0.0,0.0,0.0,0.0,0.0,0.0,0.0,0.0,0.0,0.0,0.0,0.0,0.0,0.0,0.0,0.0,0.0,0.0,
2/2/2026,2023.0,20240164.0,44978.0,40799.0,STEPPE CANTON LANDFILL LLC,Natural Gas,INTRASTATE,MICHIGAN,0.0,0.0,0.0,0.0,0.0,0.0,0.0,0.0,0.0,0.0,0.0,0.0,0.0,0.0,0.0,0.0,0.0,0.0,0.0,0.0,0.0,
2/2/2026,2023.0,20240535.0,43723.0,40801.0,"BOARDWALK PURITY PIPELINES COMPANY, LLC",Other Gas-Hydrogen Chloride,INTRASTATE,TEXAS,0.0,0.0,0.0,0.0,2.76,2.76,0.0,0.0,0.0,0.0,0.0,0.0,0.0,0.0,0.0,0.0,0.0,0.0,0.0,2.76,2.76,
2/2/2026,2023.0,20241364.0,44592.0,40805.0,MID SOUTH KENTUCKY LLC,Natural Gas,INTRASTATE,KENTUCKY,0.0,0.0,0.0,0.0,0.0,0.0,0.0,0.0,0.0,0.0,0.0,0.0,0.0,0.0,0.0,0.0,0.0,0.0,0.0,0.0,0.0,
2/2/2026,2023.0,20241075.0,44285.0,40806.0,ALCHEMIST ENERGY MIDSTREAM LLC,Natural Gas,INTRASTATE,TEXAS,0.0,0.0,0.0,0.0,0.0,0.0,0.0,0.0,0.0,0.0,0.0,0.0,0.0,0.0,0.0,0.0,0.0,0.0,0.0,0.0,0.0,
2/2/2026,2023.0,20241100.0,44310.0,40811.0,BRAZOS MIDSTREAM OPRTNG III LLC,Natural Gas,INTRASTATE,TEXAS,0.0,0.0,0.0,0.0,0.0,0.0,0.0,0.0,0.0,0.0,0.0,0.0,0.0,0.0,0.0,0.0,0.0,0.0,0.0,0.0,0.0,
2/2/2026,2023.0,20241392.0,44655.0,40817.0,MOUNTAIN V OIL GAS INC,Natural Gas,INTRASTATE,WEST VIRGINIA,0.0,0.0,0.0,0.0,0.0,0.0,0.0,0.0,0.0,0.0,0.0,0.0,0.0,0.0,0.0,0.0,0.0,0.0,0.0,0.0,0.0,
2/2/2026,2023.0,20241450.0,44895.0,40818.0,DELTA HELIX ENERGY LLC,Natural Gas,INTRASTATE,WEST VIRGINIA,0.0,0.0,0.0,0.0,0.0,0.0,0.0,0.0,0.0,0.0,0.0,0.0,0.0,0.0,0.0,0.0,0.0,0.0,0.0,0.0,0.0,
2/2/2026,2023.0,20240444.0,43631.0,40822.0,SAN JACINTO PIPELINE LLC,Natural Gas,INTRASTATE,TEXAS,0.0,0.0,0.0,0.0,0.0,0.0,0.0,0.0,0.0,0.0,0.0,0.0,0.0,0.0,0.0,0.0,0.0,0.0,0.0,0.0,0.0,
2/2/2026,2023.0,20241105.0,44315.0,40828.0,DTM UTICA LLC,Natural Gas,INTRASTATE,OHIO,0.0,0.0,0.0,0.0,0.0,0.0,0.0,0.0,0.0,0.0,0.0,0.0,0.0,0.0,0.0,0.0,0.0,0.0,0.0,0.0,0.0,
2/2/2026,2023.0,20240431.0,44738.0,40829.0,BLUE DOME OPERATING LLC,Natural Gas,INTRASTATE,LOUISIANA,0.0,0.0,0.0,0.0,0.0,0.0,0.0,0.0,0.0,0.0,0.0,0.0,0.0,0.0,0.0,0.0,0.0,0.0,0.0,0.0,0.0,
2/2/2026,2023.0,20241374.0,44605.0,40839.0,OKAPI MIDSTREAM LLC,Natural Gas,INTRASTATE,TEXAS,0.0,0.0,0.0,0.0,0.0,0.0,0.0,0.0,0.0,0.0,0.0,0.0,0.0,0.0,0.0,0.0,0.0,0.0,0.0,0.0,0.0,
2/2/2026,2023.0,20241385.0,44621.0,40844.0,MIDDLE FORK ENERGY UNITA LLC,Natural Gas,INTRASTATE,UTAH,0.0,0.0,0.0,0.0,0.0,0.0,0.0,0.0,0.0,0.0,0.0,0.0,0.0,0.0,0.0,0.0,0.0,0.0,0.0,0.0,0.0,
2/2/2026,2023.0,20241413.0,44807.0,40846.0,PDX PIPELINE CO,Natural Gas,INTRASTATE,KANSAS,0.0,0.0,0.0,0.0,0.0,0.0,0.0,0.0,0.0,0.0,0.0,0.0,0.0,0.0,0.0,0.0,0.0,0.0,0.0,0.0,0.0,
2/2/2026,2023.0,20241452.0,44905.0,40860.0,PETRO HUNT L.L.C.,Natural Gas,INTRASTATE,NORTH DAKOTA,0.0,0.0,0.0,0.0,0.0,0.0,0.0,0.0,0.0,0.0,0.0,0.0,0.0,0.0,0.0,0.0,0.0,0.0,0.0,0.0,0.0,
2/2/2026,2023.0,20241446.0,44890.0,40861.0,JAYBEE OIL GAS INC,Natural Gas,INTRASTATE,WEST VIRGINIA,0.0,0.0,0.0,0.0,0.0,0.0,0.0,0.0,0.0,0.0,0.0,0.0,0.0,0.0,0.0,0.0,0.0,0.0,0.0,0.0,0.0,
2/2/2026,2023.0,20241447.0,44892.0,40869.0,BKV NORTH TEXAS LLC,Natural Gas,INTRASTATE,TEXAS,0.0,0.0,0.0,0.0,0.0,0.0,0.0,0.0,0.0,0.0,0.0,0.0,0.0,0.0,0.0,0.0,0.0,0.0,0.0,0.0,0.0,
2/2/2026,2023.0,20241459.0,44922.0,40883.0,CABALLO LOCO MIDSTREAM INFRASTRUCTURE II LLC,Natural Gas,INTRASTATE,TEXAS,0.0,0.0,0.0,0.0,0.0,0.0,0.0,0.0,0.0,0.0,0.0,0.0,0.0,0.0,0.0,0.0,0.0,0.0,0.0,0.0,0.0,
2/2/2026,2023.0,20241483.0,44997.0,40904.0,TENASKA DISTRIBUTED GAS HOLDINGS LLC,Natural Gas,INTRASTATE,PENNSYLVANIA,0.0,0.0,0.0,0.0,0.0,0.0,0.0,0.0,0.0,0.0,0.0,0.0,0.0,0.0,0.0,0.0,0.0,0.0,0.0,0.0,0.0,
2/2/2026,2023.0,20241249.0,44468.0,99054.0,US STEEL,Other Gas-Coke Oven Gas,INTRASTATE,PENNSYLVANIA,0.0,0.0,0.0,0.0,0.0,0.0,0.0,0.0,0.0,0.0,0.0,0.0,0.0,0.0,0.0,0.0,0.0,0.0,0.0,0.0,0.0,
,,,,,,,,,,,,,,,,,,,,,,,,,,,,,,
,,,,,,,,,,,,,,,,,,,,,,,,,,,,,,
,,,,,,,,,,,,,,,,,,,,,,,,,,,,,,
,,,,,,,,,,,,,,,,,,,,,,,,,,,,,,
,,,,,,,,,,,,,,,,,,,,,,,,,,,,,,
,,,,,,,,,,,,,,,,,,,,,,,,,,,,,,
,,,,,,,,,,,,,,,,,,,,,,,,,,,,,,
,,,,,,,,,,,,,,,,,,,,,,,,,,,,,,
,,,,,,,,,,,,,,,,,,,,,,,,,,,,,,
,,,,,,,,,,,,,,,,,,,,,,,,,,,,,,
,,,,,,,,,,,,,,,,,,,,,,,,,,,,,,
,,,,,,,,,,,,,,,,,,,,,,,,,,,,,,
,,,,,,,,,,,,,,,,,,,,,,,,,,,,,,
,,,,,,,,,,,,,,,,,,,,,,,,,,,,,,
,,,,,,,,,,,,,,,,,,,,,,,,,,,,,,
,,,,,,,,,,,,,,,,,,,,,,,,,,,,,,
,,,,,,,,,,,,,,,,,,,,,,,,,,,,,,
,,,,,,,,,,,,,,,,,,,,,,,,,,,,,,
,,,,,,,,,,,,,,,,,,,,,,,,,,,,,,
,,,,,,,,,,,,,,,,,,,,,,,,,,,,,,
,,,,,,,,,,,,,,,,,,,,,,,,,,,,,,
,,,,,,,,,,,,,,,,,,,,,,,,,,,,,,
,,,,,,,,,,,,,,,,,,,,,,,,,,,,,,
,,,,,,,,,,,,,,,,,,,,,,,,,,,,,,
,,,,,,,,,,,,,,,,,,,,,,,,,,,,,,
,,,,,,,,,,,,,,,,,,,,,,,,,,,,,,
