DATAFILE_AS_OF,REPORT_YEAR,REPORT_NUMBER,SUPPLEMENTAL_NUMBER,OPERATOR_ID,PARTA2NAMEOFCOMP,PARTA5COMMODITY,INTER_INTRA,STATE_NAME,PARTJST20MOREON,PARTJST20MOREOFF,PARTJST20MORETOT,PARTJSTNR20LESSON,PARTJSTR20LESSON,PARTJST20LESSOFF,PARTJST20LESSLOW,PARTJST20LESSTOT,PARTJSTNR_UNK_ON,PARTJSTR_UNK_ON,PARTJST_UNK_OFF,PARTJST_UNK_LOW,PARTJST_UNK_TOT,PARTJNSNR125MOREON,PARTJNSR125MOREON,PARTJNS125MOREOFF,PARTJNSNR125MORETOT,PARTJNSNR125LESSON,PARTJNSR125LESSON,PARTJNS125LESSOFF,PARTJNS125LESSLOW,PARTJNSNR125LESSTOT,PARTJONTOTAL,PARTJOFFTOTAL,PARTJRLSTOTAL,PARTJTOTAL
2/2/2026,2018.0,20190331.0,17993.0,300.0,"PLAINS PIPELINE, L.P.",Crude Oil,INTERSTATE,ALABAMA,52.95,0.0,52.95,0.0,0.0,0.0,0.0,0.0,0.0,0.0,0.0,0.0,0.0,0.0,0.0,0.0,0.0,0.0,0.0,0.0,0.0,0.0,52.95,0.0,0.0,52.95
2/2/2026,2018.0,20190331.0,17993.0,300.0,"PLAINS PIPELINE, L.P.",Crude Oil,INTERSTATE,ARKANSAS,282.18,0.0,282.18,0.0,0.0,0.0,0.0,0.0,0.0,0.0,0.0,0.0,0.0,0.0,0.0,0.0,0.0,0.0,0.0,0.0,0.0,0.0,282.18,0.0,0.0,282.18
2/2/2026,2018.0,20190331.0,17993.0,300.0,"PLAINS PIPELINE, L.P.",Crude Oil,INTERSTATE,COLORADO,16.95,0.0,16.95,0.0,0.0,0.0,0.0,0.0,0.0,0.0,0.0,0.0,0.0,0.0,0.0,0.0,0.0,0.0,0.0,0.0,0.0,0.0,16.95,0.0,0.0,16.95
2/2/2026,2018.0,20190331.0,17993.0,300.0,"PLAINS PIPELINE, L.P.",Crude Oil,INTERSTATE,ILLINOIS,58.54,0.0,58.54,0.0,0.0,0.0,0.0,0.0,0.0,0.0,0.0,0.0,0.0,0.0,0.0,0.0,0.0,0.0,0.0,0.0,0.0,0.0,58.54,0.0,0.0,58.54
2/2/2026,2018.0,20190331.0,17993.0,300.0,"PLAINS PIPELINE, L.P.",Crude Oil,INTERSTATE,KANSAS,84.71,0.0,84.71,0.0,0.0,0.0,0.0,0.0,0.0,0.0,0.0,0.0,0.0,0.0,0.0,0.0,0.0,0.0,0.0,0.0,0.0,0.0,84.71,0.0,0.0,84.71
2/2/2026,2018.0,20190331.0,17993.0,300.0,"PLAINS PIPELINE, L.P.",Crude Oil,INTERSTATE,LOUISIANA,153.75,0.0,153.75,0.0,0.0,0.0,0.0,0.0,0.0,0.0,0.0,0.0,0.0,0.0,0.0,0.0,0.0,0.0,0.0,0.0,0.0,0.0,153.75,0.0,0.0,153.75
2/2/2026,2018.0,20190331.0,17993.0,300.0,"PLAINS PIPELINE, L.P.",Crude Oil,INTERSTATE,MISSISSIPPI,492.7,0.0,492.7,0.0,0.0,0.0,0.0,0.0,0.0,0.0,0.0,0.0,0.0,0.0,0.0,0.0,0.0,0.0,0.0,0.0,0.0,0.0,492.7,0.0,0.0,492.7
2/2/2026,2018.0,20190331.0,17993.0,300.0,"PLAINS PIPELINE, L.P.",Crude Oil,INTERSTATE,MONTANA,128.01,0.0,128.01,0.0,0.0,0.0,0.0,0.0,0.0,0.0,0.0,0.0,0.0,0.0,0.0,0.0,0.0,0.0,0.0,0.0,0.0,0.0,128.01,0.0,0.0,128.01
2/2/2026,2018.0,20190331.0,17993.0,300.0,"PLAINS PIPELINE, L.P.",Crude Oil,INTERSTATE,NEW MEXICO,273.22,0.0,273.22,0.0,0.0,0.0,0.0,0.0,0.0,0.0,0.0,0.0,0.0,0.0,0.0,0.0,0.0,0.0,0.0,0.0,0.0,0.0,273.22,0.0,0.0,273.22
2/2/2026,2018.0,20190331.0,17993.0,300.0,"PLAINS PIPELINE, L.P.",Crude Oil,INTERSTATE,NORTH DAKOTA,72.32,0.0,72.32,0.0,0.0,0.0,0.0,0.0,0.0,0.0,0.0,0.0,0.0,0.0,0.0,0.0,0.0,0.0,0.0,0.0,0.0,0.0,72.32,0.0,0.0,72.32
2/2/2026,2018.0,20190331.0,17993.0,300.0,"PLAINS PIPELINE, L.P.",Crude Oil,INTERSTATE,OKLAHOMA,1179.31,0.0,1179.31,0.0,0.0,0.0,0.0,0.0,0.0,0.0,0.0,0.0,0.0,1.35,0.0,0.0,1.35,0.0,0.0,0.0,0.0,0.0,1180.66,0.0,0.0,1180.66
2/2/2026,2018.0,20190331.0,17993.0,300.0,"PLAINS PIPELINE, L.P.",Crude Oil,INTERSTATE,TENNESSEE,6.57,0.0,6.57,0.0,0.0,0.0,0.0,0.0,0.0,0.0,0.0,0.0,0.0,0.0,0.0,0.0,0.0,0.0,0.0,0.0,0.0,0.0,6.57,0.0,0.0,6.57
2/2/2026,2018.0,20190331.0,17993.0,300.0,"PLAINS PIPELINE, L.P.",Crude Oil,INTERSTATE,TEXAS,1491.7,0.0,1491.7,1.83,0.0,0.0,0.0,1.83,0.0,0.0,0.0,0.0,0.0,0.0,0.0,0.0,0.0,0.0,0.0,0.0,0.0,0.0,1493.53,0.0,0.0,1493.53
2/2/2026,2018.0,20190331.0,17993.0,300.0,"PLAINS PIPELINE, L.P.",Crude Oil,INTERSTATE,WYOMING,550.42,0.0,550.42,0.62,0.49,0.0,0.0,1.11,0.0,0.0,0.0,0.0,0.0,0.0,0.0,0.0,0.0,0.0,0.0,0.0,0.0,0.0,551.53,0.0,0.0,551.53
2/2/2026,2018.0,20190331.0,17993.0,300.0,"PLAINS PIPELINE, L.P.",Crude Oil,INTRASTATE,ALABAMA,24.2,0.0,24.2,0.0,0.0,0.0,0.0,0.0,0.0,0.0,0.0,0.0,0.0,0.0,0.0,0.0,0.0,0.0,0.0,0.0,0.0,0.0,24.2,0.0,0.0,24.2
2/2/2026,2018.0,20190331.0,17993.0,300.0,"PLAINS PIPELINE, L.P.",Crude Oil,INTRASTATE,CALIFORNIA,637.56,0.0,637.56,0.75,0.0,0.0,0.0,0.75,0.0,0.0,0.0,0.0,0.0,0.0,0.0,0.0,0.0,0.0,0.0,0.0,0.0,0.0,638.31,0.0,0.0,638.31
2/2/2026,2018.0,20190331.0,17993.0,300.0,"PLAINS PIPELINE, L.P.",Crude Oil,INTRASTATE,COLORADO,2.39,0.0,2.39,0.0,0.0,0.0,0.0,0.0,0.0,0.0,0.0,0.0,0.0,0.0,0.0,0.0,0.0,0.0,0.0,0.0,0.0,0.0,2.39,0.0,0.0,2.39
2/2/2026,2018.0,20190331.0,17993.0,300.0,"PLAINS PIPELINE, L.P.",Crude Oil,INTRASTATE,KANSAS,15.85,0.0,15.85,0.0,0.0,0.0,0.0,0.0,0.0,0.0,0.0,0.0,0.0,0.0,0.0,0.0,0.0,0.0,0.0,0.0,0.0,0.0,15.85,0.0,0.0,15.85
2/2/2026,2018.0,20190331.0,17993.0,300.0,"PLAINS PIPELINE, L.P.",Crude Oil,INTRASTATE,LOUISIANA,96.56,0.0,96.56,0.0,0.0,0.0,0.0,0.0,0.0,0.0,0.0,0.0,0.0,0.0,0.0,0.0,0.0,0.0,0.0,0.0,0.0,0.0,96.56,0.0,0.0,96.56
2/2/2026,2018.0,20190331.0,17993.0,300.0,"PLAINS PIPELINE, L.P.",Crude Oil,INTRASTATE,MISSISSIPPI,53.83,0.0,53.83,0.0,0.0,0.0,0.0,0.0,0.0,0.0,0.0,0.0,0.0,0.0,0.0,0.0,0.0,0.0,0.0,0.0,0.0,0.0,53.83,0.0,0.0,53.83
2/2/2026,2018.0,20190331.0,17993.0,300.0,"PLAINS PIPELINE, L.P.",Crude Oil,INTRASTATE,MONTANA,4.07,0.0,4.07,0.0,0.0,0.0,0.0,0.0,0.0,0.0,0.0,0.0,0.0,0.0,0.0,0.0,0.0,0.0,0.0,0.0,0.0,0.0,4.07,0.0,0.0,4.07
2/2/2026,2018.0,20190331.0,17993.0,300.0,"PLAINS PIPELINE, L.P.",Crude Oil,INTRASTATE,NEW MEXICO,130.94,0.0,130.94,0.0,0.0,0.0,57.34,57.34,0.0,0.0,0.0,0.0,0.0,0.0,0.0,0.0,0.0,0.0,0.0,0.0,0.0,0.0,130.94,0.0,57.34,188.28
2/2/2026,2018.0,20190331.0,17993.0,300.0,"PLAINS PIPELINE, L.P.",Crude Oil,INTRASTATE,NORTH DAKOTA,4.26,0.0,4.26,0.0,0.0,0.0,0.0,0.0,0.0,0.0,0.0,0.0,0.0,0.0,0.0,0.0,0.0,0.0,0.0,0.0,0.0,0.0,4.26,0.0,0.0,4.26
2/2/2026,2018.0,20190331.0,17993.0,300.0,"PLAINS PIPELINE, L.P.",Crude Oil,INTRASTATE,OKLAHOMA,681.87,0.0,681.87,0.0,0.0,0.0,0.0,0.0,0.0,0.0,0.0,0.0,0.0,0.0,0.0,0.0,0.0,0.0,0.0,0.0,0.0,0.0,681.87,0.0,0.0,681.87
2/2/2026,2018.0,20190331.0,17993.0,300.0,"PLAINS PIPELINE, L.P.",Crude Oil,INTRASTATE,TEXAS,2622.84,0.0,2622.84,125.24,0.0,0.0,85.6,210.84,0.0,0.0,0.0,0.0,0.0,0.0,0.0,0.0,0.0,0.0,0.0,0.0,0.0,0.0,2748.08,0.0,85.6,2833.68
2/2/2026,2018.0,20190339.0,16762.0,300.0,"PLAINS PIPELINE, L.P.",HVL,INTERSTATE,MICHIGAN,72.54,0.0,72.54,0.0,0.0,0.0,0.0,0.0,0.0,0.0,0.0,0.0,0.0,0.0,0.0,0.0,0.0,0.0,0.0,0.0,0.0,0.0,72.54,0.0,0.0,72.54
2/2/2026,2018.0,20190339.0,16762.0,300.0,"PLAINS PIPELINE, L.P.",HVL,INTRASTATE,CALIFORNIA,43.04,0.0,43.04,0.0,0.0,0.0,0.0,0.0,0.0,0.0,0.0,0.0,0.0,0.0,0.0,0.0,0.0,0.0,0.0,0.0,0.0,0.0,43.04,0.0,0.0,43.04
2/2/2026,2018.0,20190339.0,16762.0,300.0,"PLAINS PIPELINE, L.P.",HVL,INTRASTATE,TEXAS,9.15,0.0,9.15,0.0,0.0,0.0,0.0,0.0,0.0,0.0,0.0,0.0,0.0,0.0,0.0,0.0,0.0,0.0,0.0,0.0,0.0,0.0,9.15,0.0,0.0,9.15
2/2/2026,2018.0,20190340.0,16763.0,300.0,"PLAINS PIPELINE, L.P.",Refined and/or Petroleum Product (non-HVL),INTRASTATE,CALIFORNIA,3.72,0.0,3.72,0.0,0.0,0.0,0.0,0.0,0.0,0.0,0.0,0.0,0.0,0.0,0.0,0.0,0.0,0.0,0.0,0.0,0.0,0.0,3.72,0.0,0.0,3.72
2/2/2026,2018.0,20190070.0,16463.0,395.0,AMOCO OIL CO,Refined and/or Petroleum Product (non-HVL),INTERSTATE,ILLINOIS,272.7,0.0,272.7,0.0,0.0,0.0,0.0,0.0,0.0,0.0,0.0,0.0,0.0,0.0,0.0,0.0,0.0,0.0,0.0,0.0,0.0,0.0,272.7,0.0,0.0,272.7
2/2/2026,2018.0,20190070.0,16463.0,395.0,AMOCO OIL CO,Refined and/or Petroleum Product (non-HVL),INTERSTATE,INDIANA,257.9,0.0,257.9,0.0,0.0,0.0,0.0,0.0,0.0,0.0,0.0,0.0,0.0,0.0,0.0,0.0,0.0,0.0,0.0,0.0,0.0,0.0,257.9,0.0,0.0,257.9
2/2/2026,2018.0,20190070.0,16463.0,395.0,AMOCO OIL CO,Refined and/or Petroleum Product (non-HVL),INTERSTATE,IOWA,121.3,0.0,121.3,0.0,0.0,0.0,0.0,0.0,0.0,0.0,0.0,0.0,0.0,0.0,0.0,0.0,0.0,0.0,0.0,0.0,0.0,0.0,121.3,0.0,0.0,121.3
2/2/2026,2018.0,20190070.0,16463.0,395.0,AMOCO OIL CO,Refined and/or Petroleum Product (non-HVL),INTERSTATE,MICHIGAN,162.5,0.0,162.5,0.0,0.0,0.0,0.0,0.0,0.0,0.0,0.0,0.0,0.0,0.0,0.0,0.0,0.0,0.0,0.0,0.0,0.0,0.0,162.5,0.0,0.0,162.5
2/2/2026,2018.0,20190070.0,16463.0,395.0,AMOCO OIL CO,Refined and/or Petroleum Product (non-HVL),INTERSTATE,MINNESOTA,126.2,0.0,126.2,0.0,0.0,0.0,0.0,0.0,0.0,0.0,0.0,0.0,0.0,0.0,0.0,0.0,0.0,0.0,0.0,0.0,0.0,0.0,126.2,0.0,0.0,126.2
2/2/2026,2018.0,20190070.0,16463.0,395.0,AMOCO OIL CO,Refined and/or Petroleum Product (non-HVL),INTERSTATE,MISSOURI,211.6,0.0,211.6,0.0,0.0,0.0,0.0,0.0,0.0,0.0,0.0,0.0,0.0,0.0,0.0,0.0,0.0,0.0,0.0,0.0,0.0,0.0,211.6,0.0,0.0,211.6
2/2/2026,2018.0,20190418.0,17232.0,473.0,ANADARKO PETROLEUM CORP,Crude Oil,INTRASTATE,COLORADO,101.5,0.0,101.5,0.0,0.0,0.0,0.0,0.0,0.0,0.0,0.0,0.0,0.0,0.0,0.0,0.0,0.0,0.0,0.0,0.0,0.0,0.0,101.5,0.0,0.0,101.5
2/2/2026,2018.0,20190418.0,17232.0,473.0,ANADARKO PETROLEUM CORP,Crude Oil,INTRASTATE,TEXAS,60.45,0.0,60.45,0.0,0.0,0.0,0.0,0.0,0.0,0.0,0.0,0.0,0.0,0.0,0.0,0.0,0.0,0.0,0.0,0.0,0.0,0.0,60.45,0.0,0.0,60.45
2/2/2026,2018.0,20190418.0,17232.0,473.0,ANADARKO PETROLEUM CORP,Crude Oil,INTRASTATE,WYOMING,30.5,0.0,30.5,0.0,0.0,0.0,0.0,0.0,0.0,0.0,0.0,0.0,0.0,0.0,0.0,0.0,0.0,0.0,0.0,0.0,0.0,0.0,30.5,0.0,0.0,30.5
2/2/2026,2018.0,20190419.0,16850.0,473.0,ANADARKO PETROLEUM CORP,HVL,INTRASTATE,COLORADO,11.9,0.0,11.9,0.0,0.0,0.0,0.0,0.0,0.0,0.0,0.0,0.0,0.0,0.0,0.0,0.0,0.0,0.0,0.0,0.0,0.0,0.0,11.9,0.0,0.0,11.9
2/2/2026,2018.0,20190419.0,16850.0,473.0,ANADARKO PETROLEUM CORP,HVL,INTRASTATE,TEXAS,10.85,0.0,10.85,0.0,0.0,0.0,0.0,0.0,0.0,0.0,0.0,0.0,0.0,0.0,0.0,0.0,0.0,0.0,0.0,0.0,0.0,0.0,10.85,0.0,0.0,10.85
2/2/2026,2018.0,20190419.0,16850.0,473.0,ANADARKO PETROLEUM CORP,HVL,INTRASTATE,UTAH,31.3,0.0,31.3,0.0,0.0,0.0,0.0,0.0,0.0,0.0,0.0,0.0,0.0,0.0,0.0,0.0,0.0,0.0,0.0,0.0,0.0,0.0,31.3,0.0,0.0,31.3
2/2/2026,2018.0,20190419.0,16850.0,473.0,ANADARKO PETROLEUM CORP,HVL,INTRASTATE,WYOMING,4.0,0.0,4.0,0.0,0.0,0.0,0.0,0.0,0.0,0.0,0.0,0.0,0.0,0.0,0.0,0.0,0.0,0.0,0.0,0.0,0.0,0.0,4.0,0.0,0.0,4.0
2/2/2026,2018.0,20190092.0,16486.0,515.0,DAKOTA GASIFICATION COMPANY,CO2,INTERSTATE,NORTH DAKOTA,167.04,0.0,167.04,0.0,0.0,0.0,0.0,0.0,0.0,0.0,0.0,0.0,0.0,0.0,0.0,0.0,0.0,0.0,0.0,0.0,0.0,0.0,167.04,0.0,0.0,167.04
2/2/2026,2018.0,20190580.0,17174.0,879.0,CHEMOIL TERMINALS CORP.,Refined and/or Petroleum Product (non-HVL),INTRASTATE,CALIFORNIA,11.6,0.0,11.6,0.32,0.0,0.0,0.0,0.32,0.0,0.0,0.0,0.0,0.0,0.0,0.0,0.0,0.0,0.0,0.0,0.0,0.0,0.0,11.92,0.0,0.0,11.92
2/2/2026,2018.0,20190281.0,16699.0,994.0,"WILLIAMS FIELD SERVICES - GULF COAST COMPANY, LP",Crude Oil,INTERSTATE,OCS-Gulf of Mexico,0.0,23.19,23.19,0.0,0.0,0.0,0.0,0.0,0.0,0.0,0.0,0.0,0.0,0.0,0.0,0.0,0.0,0.0,0.0,0.0,0.0,0.0,0.0,23.19,0.0,23.19
2/2/2026,2018.0,20190282.0,16700.0,994.0,"WILLIAMS FIELD SERVICES - GULF COAST COMPANY, LP",HVL,INTRASTATE,TEXAS,28.17,0.0,28.17,0.001,0.0,0.0,0.0,0.001,0.99,0.0,0.0,0.0,0.99,0.0,0.0,0.0,0.0,0.0,0.0,0.0,0.0,0.0,29.161,0.0,0.0,29.161
2/2/2026,2018.0,20190283.0,16701.0,994.0,"WILLIAMS FIELD SERVICES - GULF COAST COMPANY, LP",Refined and/or Petroleum Product (non-HVL),INTRASTATE,TEXAS,0.52,0.0,0.52,14.8,0.0,0.0,0.0,14.8,0.0,0.0,0.0,0.0,0.0,0.0,0.0,0.0,0.0,0.0,0.0,0.0,0.0,0.0,15.32,0.0,0.0,15.32
2/2/2026,2018.0,20190297.0,16717.0,999.0,"PACIFIC COAST ENERGY COMPANY, LP",Crude Oil,INTRASTATE,CALIFORNIA,0.0,0.0,0.0,1.7,0.0,0.0,0.0,1.7,0.0,0.0,0.0,0.0,0.0,0.0,0.0,0.0,0.0,0.0,0.0,0.0,0.0,0.0,1.7,0.0,0.0,1.7
2/2/2026,2018.0,20190284.0,16702.0,1047.0,HESS CORPORATION,Refined and/or Petroleum Product (non-HVL),INTRASTATE,NEW JERSEY,16.0,0.0,16.0,0.0,0.0,0.0,0.0,0.0,0.0,0.0,0.0,0.0,0.0,0.0,0.0,0.0,0.0,0.0,0.0,0.0,0.0,0.0,16.0,0.0,0.0,16.0
2/2/2026,2018.0,20190567.0,16998.0,1248.0,BELLE FOURCHE PIPELINE CO,Crude Oil,INTERSTATE,MONTANA,94.0,0.0,94.0,0.0,0.0,0.0,0.0,0.0,0.0,0.0,0.0,0.0,0.0,0.0,0.0,0.0,0.0,0.0,0.0,0.0,0.0,0.0,94.0,0.0,0.0,94.0
2/2/2026,2018.0,20190567.0,16998.0,1248.0,BELLE FOURCHE PIPELINE CO,Crude Oil,INTERSTATE,NORTH DAKOTA,171.0,0.0,171.0,0.0,0.0,0.0,0.0,0.0,0.0,0.0,0.0,0.0,0.0,0.0,0.0,0.0,0.0,0.0,0.0,0.0,0.0,0.0,171.0,0.0,0.0,171.0
2/2/2026,2018.0,20190567.0,16998.0,1248.0,BELLE FOURCHE PIPELINE CO,Crude Oil,INTERSTATE,WYOMING,417.0,0.0,417.0,0.0,0.0,0.0,0.0,0.0,0.0,0.0,0.0,0.0,0.0,0.0,0.0,0.0,0.0,0.0,0.0,0.0,0.0,0.0,417.0,0.0,0.0,417.0
2/2/2026,2018.0,20190566.0,16997.0,1248.0,BELLE FOURCHE PIPELINE CO,Refined and/or Petroleum Product (non-HVL),INTERSTATE,WYOMING,76.0,0.0,76.0,0.0,0.0,0.0,0.0,0.0,0.0,0.0,0.0,0.0,0.0,0.0,0.0,0.0,0.0,0.0,0.0,0.0,0.0,0.0,76.0,0.0,0.0,76.0
2/2/2026,2018.0,20190262.0,16679.0,1541.0,"BP PIPELINES (ALASKA), INC",Crude Oil,INTRASTATE,ALASKA,28.1,0.0,28.1,6.3,0.0,0.0,0.0,6.3,0.0,0.0,0.0,0.0,0.0,0.0,0.0,0.0,0.0,0.0,0.0,0.0,0.0,0.0,34.4,0.0,0.0,34.4
2/2/2026,2018.0,20190414.0,16845.0,1845.0,"BUCKEYE PARTNERS, LP",Crude Oil,INTERSTATE,INDIANA,1.396,0.0,1.396,0.0,0.0,0.0,0.0,0.0,0.0,0.0,0.0,0.0,0.0,0.0,0.0,0.0,0.0,0.0,0.0,0.0,0.0,0.0,1.396,0.0,0.0,1.396
2/2/2026,2018.0,20190414.0,16845.0,1845.0,"BUCKEYE PARTNERS, LP",Crude Oil,INTERSTATE,OHIO,1.168,0.0,1.168,0.0,0.0,0.0,0.0,0.0,0.0,0.0,0.0,0.0,0.0,0.0,0.0,0.0,0.0,0.0,0.0,0.0,0.0,0.0,1.168,0.0,0.0,1.168
2/2/2026,2018.0,20190414.0,16845.0,1845.0,"BUCKEYE PARTNERS, LP",Crude Oil,INTRASTATE,INDIANA,1.641,0.0,1.641,0.0,0.0,0.0,0.0,0.0,0.0,0.0,0.0,0.0,0.0,0.0,0.0,0.0,0.0,0.0,0.0,0.0,0.0,0.0,1.641,0.0,0.0,1.641
2/2/2026,2018.0,20190414.0,16845.0,1845.0,"BUCKEYE PARTNERS, LP",Crude Oil,INTRASTATE,TEXAS,4.707,0.0,4.707,3.219,0.0,0.0,0.0,3.219,0.0,0.0,0.0,0.0,0.0,0.0,0.0,0.0,0.0,0.0,0.0,0.0,0.0,0.0,7.926,0.0,0.0,7.926
2/2/2026,2018.0,20190399.0,16826.0,1845.0,"BUCKEYE PARTNERS, LP",HVL,INTERSTATE,ILLINOIS,13.54,0.0,13.54,0.0,0.0,0.0,0.0,0.0,0.0,0.0,0.0,0.0,0.0,0.0,0.0,0.0,0.0,0.0,0.0,0.0,0.0,0.0,13.54,0.0,0.0,13.54
2/2/2026,2018.0,20190399.0,16826.0,1845.0,"BUCKEYE PARTNERS, LP",HVL,INTERSTATE,INDIANA,1.621,0.0,1.621,0.0,0.0,0.0,0.0,0.0,0.0,0.0,0.0,0.0,0.0,0.0,0.0,0.0,0.0,0.0,0.0,0.0,0.0,0.0,1.621,0.0,0.0,1.621
2/2/2026,2018.0,20190399.0,16826.0,1845.0,"BUCKEYE PARTNERS, LP",HVL,INTERSTATE,OHIO,0.928,0.0,0.928,0.0,0.0,0.0,0.0,0.0,0.0,0.0,0.0,0.0,0.0,0.0,0.0,0.0,0.0,0.0,0.0,0.0,0.0,0.0,0.928,0.0,0.0,0.928
2/2/2026,2018.0,20190399.0,16826.0,1845.0,"BUCKEYE PARTNERS, LP",HVL,INTRASTATE,TEXAS,15.791,0.0,15.791,0.945,0.0,0.0,0.0,0.945,0.0,0.0,0.0,0.0,0.0,0.0,0.0,0.0,0.0,0.0,0.0,0.0,0.0,0.0,16.736,0.0,0.0,16.736
2/2/2026,2018.0,20190400.0,16827.0,1845.0,"BUCKEYE PARTNERS, LP",Refined and/or Petroleum Product (non-HVL),INTERSTATE,CONNECTICUT,70.525,0.0,70.525,20.122,0.0,0.0,0.0,20.122,0.0,0.0,0.0,0.0,0.0,0.0,0.0,0.0,0.0,0.0,0.0,0.0,0.0,0.0,90.647,0.0,0.0,90.647
2/2/2026,2018.0,20190400.0,16827.0,1845.0,"BUCKEYE PARTNERS, LP",Refined and/or Petroleum Product (non-HVL),INTERSTATE,FLORIDA,3.455,0.0,3.455,0.0,0.0,0.0,0.0,0.0,0.0,0.0,0.0,0.0,0.0,0.0,0.0,0.0,0.0,0.0,0.0,0.0,0.0,0.0,3.455,0.0,0.0,3.455
2/2/2026,2018.0,20190400.0,16827.0,1845.0,"BUCKEYE PARTNERS, LP",Refined and/or Petroleum Product (non-HVL),INTERSTATE,ILLINOIS,1032.187,0.0,1032.187,7.899,0.0,0.0,0.0,7.899,0.0,0.0,0.0,0.0,0.0,0.0,0.0,0.0,0.0,0.0,0.0,0.0,0.0,0.0,1040.086,0.0,0.0,1040.086
2/2/2026,2018.0,20190400.0,16827.0,1845.0,"BUCKEYE PARTNERS, LP",Refined and/or Petroleum Product (non-HVL),INTERSTATE,INDIANA,910.257,0.0,910.257,22.336,0.0,0.0,0.0,22.336,0.0,0.0,0.0,0.0,0.0,0.0,0.0,0.0,0.0,0.0,0.0,0.0,0.0,0.0,932.593,0.0,0.0,932.593
2/2/2026,2018.0,20190400.0,16827.0,1845.0,"BUCKEYE PARTNERS, LP",Refined and/or Petroleum Product (non-HVL),INTERSTATE,IOWA,328.091,0.0,328.091,0.0,0.0,0.0,0.0,0.0,0.0,0.0,0.0,0.0,0.0,0.0,0.0,0.0,0.0,0.0,0.0,0.0,0.0,0.0,328.091,0.0,0.0,328.091
2/2/2026,2018.0,20190400.0,16827.0,1845.0,"BUCKEYE PARTNERS, LP",Refined and/or Petroleum Product (non-HVL),INTERSTATE,MAINE,124.244,0.0,124.244,0.0,0.0,0.0,0.0,0.0,0.0,0.0,0.0,0.0,0.0,0.0,0.0,0.0,0.0,0.0,0.0,0.0,0.0,0.0,124.244,0.0,0.0,124.244
2/2/2026,2018.0,20190400.0,16827.0,1845.0,"BUCKEYE PARTNERS, LP",Refined and/or Petroleum Product (non-HVL),INTERSTATE,MASSACHUSETTS,14.392,0.0,14.392,6.557,0.0,0.0,0.0,6.557,0.0,0.0,0.0,0.0,0.0,0.0,0.0,0.0,0.0,0.0,0.0,0.0,0.0,0.0,20.949,0.0,0.0,20.949
2/2/2026,2018.0,20190400.0,16827.0,1845.0,"BUCKEYE PARTNERS, LP",Refined and/or Petroleum Product (non-HVL),INTERSTATE,MICHIGAN,381.023,0.0,381.023,11.889,0.0,0.0,0.0,11.889,0.0,0.0,0.0,0.0,0.0,0.0,0.0,0.0,0.0,0.0,0.0,0.0,0.0,0.0,392.912,0.0,0.0,392.912
2/2/2026,2018.0,20190400.0,16827.0,1845.0,"BUCKEYE PARTNERS, LP",Refined and/or Petroleum Product (non-HVL),INTERSTATE,MISSOURI,266.601,0.0,266.601,16.376,0.0,0.0,0.0,16.376,0.0,0.0,0.0,0.0,0.0,0.0,0.0,0.0,0.0,0.0,0.0,0.0,0.0,0.0,282.977,0.0,0.0,282.977
2/2/2026,2018.0,20190400.0,16827.0,1845.0,"BUCKEYE PARTNERS, LP",Refined and/or Petroleum Product (non-HVL),INTERSTATE,NEW JERSEY,146.808,0.0,146.808,2.206,0.0,0.0,0.0,2.206,0.0,0.0,0.0,0.0,0.0,0.0,0.0,0.0,0.0,0.0,0.0,0.0,0.0,0.0,149.014,0.0,0.0,149.014
2/2/2026,2018.0,20190400.0,16827.0,1845.0,"BUCKEYE PARTNERS, LP",Refined and/or Petroleum Product (non-HVL),INTERSTATE,NEW YORK,618.555,0.0,618.555,15.999,2.595,0.0,0.0,18.594,0.0,0.0,0.0,0.0,0.0,0.0,0.0,0.0,0.0,0.0,0.0,0.0,0.0,0.0,637.149,0.0,0.0,637.149
2/2/2026,2018.0,20190400.0,16827.0,1845.0,"BUCKEYE PARTNERS, LP",Refined and/or Petroleum Product (non-HVL),INTERSTATE,OHIO,1073.401,0.0,1073.401,13.338,0.0,0.0,0.0,13.338,0.0,0.0,0.0,0.0,0.0,0.0,0.0,0.0,0.0,0.0,0.0,0.0,0.0,0.0,1086.739,0.0,0.0,1086.739
2/2/2026,2018.0,20190400.0,16827.0,1845.0,"BUCKEYE PARTNERS, LP",Refined and/or Petroleum Product (non-HVL),INTERSTATE,PENNSYLVANIA,1117.973,0.0,1117.973,5.831,0.0,0.0,0.0,5.831,0.0,0.0,0.0,0.0,0.0,0.0,0.0,0.0,0.0,0.0,0.0,0.0,0.0,0.0,1123.804,0.0,0.0,1123.804
2/2/2026,2018.0,20190400.0,16827.0,1845.0,"BUCKEYE PARTNERS, LP",Refined and/or Petroleum Product (non-HVL),INTRASTATE,ALABAMA,1.98,0.0,1.98,0.0,0.0,0.0,0.0,0.0,0.0,0.0,0.0,0.0,0.0,0.0,0.0,0.0,0.0,0.0,0.0,0.0,0.0,0.0,1.98,0.0,0.0,1.98
2/2/2026,2018.0,20190400.0,16827.0,1845.0,"BUCKEYE PARTNERS, LP",Refined and/or Petroleum Product (non-HVL),INTRASTATE,IOWA,0.073,0.0,0.073,0.0,0.0,0.0,0.0,0.0,0.0,0.0,0.0,0.0,0.0,0.0,0.0,0.0,0.0,0.0,0.0,0.0,0.0,0.0,0.073,0.0,0.0,0.073
2/2/2026,2018.0,20190400.0,16827.0,1845.0,"BUCKEYE PARTNERS, LP",Refined and/or Petroleum Product (non-HVL),INTRASTATE,NEW JERSEY,0.234,0.0,0.234,0.0,0.0,0.0,0.0,0.0,0.0,0.0,0.0,0.0,0.0,0.0,0.0,0.0,0.0,0.0,0.0,0.0,0.0,0.0,0.234,0.0,0.0,0.234
2/2/2026,2018.0,20190400.0,16827.0,1845.0,"BUCKEYE PARTNERS, LP",Refined and/or Petroleum Product (non-HVL),INTRASTATE,TEXAS,2.668,0.0,2.668,4.711,0.0,0.0,0.0,4.711,0.0,0.0,0.0,0.0,0.0,0.0,0.0,0.0,0.0,0.0,0.0,0.0,0.0,0.0,7.379,0.0,0.0,7.379
2/2/2026,2018.0,20190568.0,16999.0,1960.0,BUTTE PIPELINE CO,Crude Oil,INTERSTATE,MONTANA,222.0,0.0,222.0,0.0,0.0,0.0,0.0,0.0,0.0,0.0,0.0,0.0,0.0,0.0,0.0,0.0,0.0,0.0,0.0,0.0,0.0,0.0,222.0,0.0,0.0,222.0
2/2/2026,2018.0,20190568.0,16999.0,1960.0,BUTTE PIPELINE CO,Crude Oil,INTERSTATE,WYOMING,237.0,0.0,237.0,0.0,0.0,0.0,0.0,0.0,0.0,0.0,0.0,0.0,0.0,0.0,0.0,0.0,0.0,0.0,0.0,0.0,0.0,0.0,237.0,0.0,0.0,237.0
2/2/2026,2018.0,20190080.0,16474.0,2162.0,DOW PIPELINE CO - CAYUSE,HVL,INTERSTATE,LOUISIANA,166.11,0.0,166.11,0.0,0.0,0.0,0.0,0.0,0.0,0.0,0.0,0.0,0.0,0.0,0.0,0.0,0.0,0.0,0.0,0.0,0.0,0.0,166.11,0.0,0.0,166.11
2/2/2026,2018.0,20190080.0,16474.0,2162.0,DOW PIPELINE CO - CAYUSE,HVL,INTERSTATE,TEXAS,82.64,0.0,82.64,0.0,0.0,0.0,0.0,0.0,0.0,0.0,0.0,0.0,0.0,0.0,0.0,0.0,0.0,0.0,0.0,0.0,0.0,0.0,82.64,0.0,0.0,82.64
2/2/2026,2018.0,20190569.0,17000.0,2170.0,CENEX PIPELINE LLC,Refined and/or Petroleum Product (non-HVL),INTERSTATE,MONTANA,298.74,0.0,298.74,0.0,0.0,0.0,0.0,0.0,0.0,0.0,0.0,0.0,0.0,0.0,0.0,0.0,0.0,0.0,0.0,0.0,0.0,0.0,298.74,0.0,0.0,298.74
2/2/2026,2018.0,20190569.0,17000.0,2170.0,CENEX PIPELINE LLC,Refined and/or Petroleum Product (non-HVL),INTERSTATE,NORTH DAKOTA,386.89,0.0,386.89,0.0,0.0,0.0,0.0,0.0,0.0,0.0,0.0,0.0,0.0,0.0,0.0,0.0,0.0,0.0,0.0,0.0,0.0,0.0,386.89,0.0,0.0,386.89
2/2/2026,2018.0,20190265.0,16682.0,2190.0,CENTRAL FLORIDA PIPELINE CORP,Refined and/or Petroleum Product (non-HVL),INTRASTATE,FLORIDA,194.51,0.0,194.51,11.16,0.0,0.0,0.0,11.16,0.0,0.0,0.0,0.0,0.0,0.0,0.0,0.0,0.0,0.0,0.0,0.0,0.0,0.0,205.67,0.0,0.0,205.67
2/2/2026,2018.0,20190158.0,16563.0,2387.0,CITGO PIPELINE CO,Crude Oil,INTERSTATE,LOUISIANA,22.232,0.0,22.232,0.0,0.0,0.0,0.0,0.0,0.0,0.0,0.0,0.0,0.0,0.0,0.0,0.0,0.0,0.0,0.0,0.0,0.0,0.0,22.232,0.0,0.0,22.232
2/2/2026,2018.0,20190158.0,16563.0,2387.0,CITGO PIPELINE CO,Crude Oil,INTERSTATE,TEXAS,41.823,0.0,41.823,18.007,0.0,0.0,0.0,18.007,0.0,0.0,0.0,0.0,0.0,0.0,0.0,0.0,0.0,0.0,0.0,0.0,0.0,0.0,59.83,0.0,0.0,59.83
2/2/2026,2018.0,20190631.0,17063.0,2552.0,COLONIAL PIPELINE CO,Refined and/or Petroleum Product (non-HVL),INTERSTATE,ALABAMA,409.14,0.0,409.14,3.61,1.05,0.0,0.0,4.66,0.0,0.0,0.0,0.0,0.0,0.0,0.0,0.0,0.0,0.0,0.0,0.0,0.0,0.0,413.8,0.0,0.0,413.8
2/2/2026,2018.0,20190631.0,17063.0,2552.0,COLONIAL PIPELINE CO,Refined and/or Petroleum Product (non-HVL),INTERSTATE,DELAWARE,2.89,0.0,2.89,0.0,1.36,0.0,0.0,1.36,0.0,0.0,0.0,0.0,0.0,0.0,0.0,0.0,0.0,0.0,0.0,0.0,0.0,0.0,4.25,0.0,0.0,4.25
2/2/2026,2018.0,20190631.0,17063.0,2552.0,COLONIAL PIPELINE CO,Refined and/or Petroleum Product (non-HVL),INTERSTATE,GEORGIA,1032.97,0.0,1032.97,9.99,35.43,0.0,0.0,45.42,0.0,0.0,0.0,0.0,0.0,0.0,0.0,0.0,0.0,0.0,0.0,0.0,0.0,0.0,1078.39,0.0,0.0,1078.39
2/2/2026,2018.0,20190631.0,17063.0,2552.0,COLONIAL PIPELINE CO,Refined and/or Petroleum Product (non-HVL),INTERSTATE,LOUISIANA,462.02,0.0,462.02,0.0,17.73,0.0,0.0,17.73,0.0,0.0,0.0,0.0,0.0,0.0,0.0,0.0,0.0,0.0,0.0,0.0,0.0,0.0,479.75,0.0,0.0,479.75
2/2/2026,2018.0,20190631.0,17063.0,2552.0,COLONIAL PIPELINE CO,Refined and/or Petroleum Product (non-HVL),INTERSTATE,MARYLAND,243.5,0.0,243.5,3.44,61.24,0.0,0.0,64.68,0.0,0.0,0.0,0.0,0.0,0.0,0.0,0.0,0.0,0.0,0.0,0.0,0.0,0.0,308.18,0.0,0.0,308.18
2/2/2026,2018.0,20190631.0,17063.0,2552.0,COLONIAL PIPELINE CO,Refined and/or Petroleum Product (non-HVL),INTERSTATE,MISSISSIPPI,462.8,0.0,462.8,3.23,8.1,0.0,0.0,11.33,0.0,0.0,0.0,0.0,0.0,0.0,0.0,0.0,0.0,0.0,0.0,0.0,0.0,0.0,474.13,0.0,0.0,474.13
2/2/2026,2018.0,20190631.0,17063.0,2552.0,COLONIAL PIPELINE CO,Refined and/or Petroleum Product (non-HVL),INTERSTATE,NEW JERSEY,147.28,0.0,147.28,13.34,9.03,0.0,0.0,22.37,0.0,0.0,0.0,0.0,0.0,0.0,0.0,0.0,0.0,0.0,0.0,0.0,0.0,0.0,169.65,0.0,0.0,169.65
2/2/2026,2018.0,20190631.0,17063.0,2552.0,COLONIAL PIPELINE CO,Refined and/or Petroleum Product (non-HVL),INTERSTATE,NEW YORK,5.01,0.0,5.01,0.77,1.15,0.0,0.0,1.92,0.0,0.0,0.0,0.0,0.0,0.0,0.0,0.0,0.0,0.0,0.0,0.0,0.0,0.0,6.93,0.0,0.0,6.93
2/2/2026,2018.0,20190631.0,17063.0,2552.0,COLONIAL PIPELINE CO,Refined and/or Petroleum Product (non-HVL),INTERSTATE,NORTH CAROLINA,606.22,0.0,606.22,33.66,67.61,0.0,0.0,101.27,0.0,0.0,0.0,0.0,0.0,0.0,0.0,0.0,0.0,0.0,0.0,0.0,0.0,0.0,707.49,0.0,0.0,707.49
2/2/2026,2018.0,20190631.0,17063.0,2552.0,COLONIAL PIPELINE CO,Refined and/or Petroleum Product (non-HVL),INTERSTATE,PENNSYLVANIA,33.64,0.0,33.64,4.49,0.22,0.0,0.0,4.71,0.0,0.0,0.0,0.0,0.0,0.0,0.0,0.0,0.0,0.0,0.0,0.0,0.0,0.0,38.35,0.0,0.0,38.35
2/2/2026,2018.0,20190631.0,17063.0,2552.0,COLONIAL PIPELINE CO,Refined and/or Petroleum Product (non-HVL),INTERSTATE,SOUTH CAROLINA,277.17,0.0,277.17,11.62,88.25,0.0,0.0,99.87,0.0,0.0,0.0,0.0,0.0,0.0,0.0,0.0,0.0,0.0,0.0,0.0,0.0,0.0,377.04,0.0,0.0,377.04
2/2/2026,2018.0,20190631.0,17063.0,2552.0,COLONIAL PIPELINE CO,Refined and/or Petroleum Product (non-HVL),INTERSTATE,TENNESSEE,382.75,0.0,382.75,6.75,92.39,0.0,0.0,99.14,0.0,0.0,0.0,0.0,0.0,0.0,0.0,0.0,0.0,0.0,0.0,0.0,0.0,0.0,481.89,0.0,0.0,481.89
2/2/2026,2018.0,20190631.0,17063.0,2552.0,COLONIAL PIPELINE CO,Refined and/or Petroleum Product (non-HVL),INTERSTATE,TEXAS,260.89,0.0,260.89,2.94,3.04,0.0,0.0,5.98,0.0,0.0,0.0,0.0,0.0,0.0,0.0,0.0,0.0,0.0,0.0,0.0,0.0,0.0,266.87,0.0,0.0,266.87
2/2/2026,2018.0,20190631.0,17063.0,2552.0,COLONIAL PIPELINE CO,Refined and/or Petroleum Product (non-HVL),INTERSTATE,VIRGINIA,731.89,0.0,731.89,13.07,47.59,0.0,0.0,60.66,0.0,0.0,0.0,0.0,0.0,0.0,0.0,0.0,0.0,0.0,0.0,0.0,0.0,0.0,792.55,0.0,0.0,792.55
2/2/2026,2018.0,20190631.0,17063.0,2552.0,COLONIAL PIPELINE CO,Refined and/or Petroleum Product (non-HVL),INTERSTATE,WASHINGTON DC,0.0,0.0,0.0,0.0,0.82,0.0,0.0,0.82,0.0,0.0,0.0,0.0,0.0,0.0,0.0,0.0,0.0,0.0,0.0,0.0,0.0,0.0,0.82,0.0,0.0,0.82
2/2/2026,2018.0,20190026.0,16396.0,2714.0,"DOMINION ENERGY TRANSMISSION, INC.",HVL,INTERSTATE,PENNSYLVANIA,52.251,0.0,52.251,0.017,0.0,0.0,0.0,0.017,0.0,0.0,0.0,0.0,0.0,0.0,0.0,0.0,0.0,0.0,0.0,0.0,0.0,0.0,52.268,0.0,0.0,52.268
2/2/2026,2018.0,20190026.0,16396.0,2714.0,"DOMINION ENERGY TRANSMISSION, INC.",HVL,INTERSTATE,WEST VIRGINIA,18.343,0.0,18.343,0.364,0.0,0.0,0.0,0.364,0.0,0.0,0.0,0.0,0.0,0.0,0.0,0.0,0.0,0.0,0.0,0.0,0.0,0.0,18.707,0.0,0.0,18.707
2/2/2026,2018.0,20190026.0,16396.0,2714.0,"DOMINION ENERGY TRANSMISSION, INC.",HVL,INTRASTATE,WEST VIRGINIA,1.652,0.0,1.652,5.962,0.0,0.0,0.0,5.962,0.0,0.0,0.0,0.0,0.0,0.0,0.0,0.0,0.0,0.0,0.0,0.0,0.0,0.0,7.614,0.0,0.0,7.614
2/2/2026,2018.0,20190025.0,16395.0,2714.0,"DOMINION ENERGY TRANSMISSION, INC.",Refined and/or Petroleum Product (non-HVL),INTRASTATE,WEST VIRGINIA,27.239,0.0,27.239,1.88,0.0,0.0,0.0,1.88,0.0,0.0,0.0,0.0,0.0,0.0,0.0,0.0,0.0,0.0,0.0,0.0,0.0,0.0,29.119,0.0,0.0,29.119
2/2/2026,2018.0,20190189.0,16600.0,2731.0,CHEVRON PIPE LINE CO,CO2,INTERSTATE,COLORADO,10.8,0.0,10.8,0.0,0.0,0.0,0.0,0.0,0.0,0.0,0.0,0.0,0.0,0.0,0.0,0.0,0.0,0.0,0.0,0.0,0.0,0.0,10.8,0.0,0.0,10.8
2/2/2026,2018.0,20190189.0,16600.0,2731.0,CHEVRON PIPE LINE CO,CO2,INTERSTATE,UTAH,73.8,0.0,73.8,0.0,0.0,0.0,0.0,0.0,0.0,0.0,0.0,0.0,0.0,0.0,0.0,0.0,0.0,0.0,0.0,0.0,0.0,0.0,73.8,0.0,0.0,73.8
2/2/2026,2018.0,20190189.0,16600.0,2731.0,CHEVRON PIPE LINE CO,CO2,INTERSTATE,WYOMING,44.4,0.0,44.4,0.0,0.0,0.0,0.0,0.0,0.0,0.0,0.0,0.0,0.0,0.0,0.0,0.0,0.0,0.0,0.0,0.0,0.0,0.0,44.4,0.0,0.0,44.4
2/2/2026,2018.0,20190362.0,17087.0,2731.0,CHEVRON PIPE LINE CO,Crude Oil,INTERSTATE,COLORADO,10.7,0.0,10.7,0.0,5.0,0.0,0.0,5.0,0.0,0.0,0.0,0.0,0.0,0.0,0.0,0.0,0.0,0.0,0.0,0.0,0.0,0.0,15.7,0.0,0.0,15.7
2/2/2026,2018.0,20190362.0,17087.0,2731.0,CHEVRON PIPE LINE CO,Crude Oil,INTERSTATE,LOUISIANA,168.2,0.0,168.2,0.0,23.9,0.0,0.0,23.9,0.0,0.0,0.0,0.0,0.0,0.0,0.0,0.0,0.0,0.0,0.0,0.0,0.0,0.0,192.1,0.0,0.0,192.1
2/2/2026,2018.0,20190362.0,17087.0,2731.0,CHEVRON PIPE LINE CO,Crude Oil,INTERSTATE,MISSISSIPPI,40.9,0.0,40.9,0.0,0.0,0.0,0.0,0.0,0.0,0.0,0.0,0.0,0.0,0.0,0.0,0.0,0.0,0.0,0.0,0.0,0.0,0.0,40.9,0.0,0.0,40.9
2/2/2026,2018.0,20190362.0,17087.0,2731.0,CHEVRON PIPE LINE CO,Crude Oil,INTERSTATE,OCS-Gulf of Mexico,0.0,187.7,187.7,0.0,0.0,0.0,0.0,0.0,0.0,0.0,0.0,0.0,0.0,0.0,0.0,0.0,0.0,0.0,0.0,0.0,0.0,0.0,0.0,187.7,0.0,187.7
2/2/2026,2018.0,20190362.0,17087.0,2731.0,CHEVRON PIPE LINE CO,Crude Oil,INTERSTATE,UTAH,172.6,0.0,172.6,30.0,141.8,0.0,0.0,171.8,0.0,0.0,0.0,0.0,0.0,0.0,0.0,0.0,0.0,0.0,0.0,0.0,0.0,0.0,344.4,0.0,0.0,344.4
2/2/2026,2018.0,20190362.0,17087.0,2731.0,CHEVRON PIPE LINE CO,Crude Oil,INTRASTATE,CALIFORNIA,18.5,0.0,18.5,74.8,0.0,0.0,0.0,74.8,0.0,0.0,0.0,0.0,0.0,0.0,0.0,0.0,0.0,0.0,0.0,0.0,0.0,0.0,93.3,0.0,0.0,93.3
2/2/2026,2018.0,20190366.0,20727.0,2731.0,CHEVRON PIPE LINE CO,HVL,INTRASTATE,LOUISIANA,18.4,0.0,18.4,0.0,0.0,0.0,0.0,0.0,0.0,0.0,0.0,0.0,0.0,0.0,0.0,0.0,0.0,0.0,0.0,0.0,0.0,0.0,18.4,0.0,0.0,18.4
2/2/2026,2018.0,20190366.0,20727.0,2731.0,CHEVRON PIPE LINE CO,HVL,INTRASTATE,TEXAS,1064.6,0.0,1064.6,0.0,0.0,0.0,0.0,0.0,0.0,0.0,0.0,0.0,0.0,0.0,0.0,0.0,0.0,0.0,0.0,0.0,0.0,0.0,1064.6,0.0,0.0,1064.6
2/2/2026,2018.0,20190324.0,16747.0,2731.0,CHEVRON PIPE LINE CO,Refined and/or Petroleum Product (non-HVL),INTRASTATE,CALIFORNIA,264.0,0.0,264.0,55.9,0.0,0.0,0.0,55.9,0.0,0.0,0.0,0.0,0.0,0.0,0.0,0.0,0.0,0.0,0.0,0.0,0.0,0.0,319.9,0.0,0.0,319.9
2/2/2026,2018.0,20190324.0,16747.0,2731.0,CHEVRON PIPE LINE CO,Refined and/or Petroleum Product (non-HVL),INTRASTATE,UTAH,0.0,0.0,0.0,2.7,0.0,0.0,0.0,2.7,0.0,0.0,0.0,0.0,0.0,0.0,0.0,0.0,0.0,0.0,0.0,0.0,0.0,0.0,2.7,0.0,0.0,2.7
2/2/2026,2018.0,20190035.0,16410.0,2767.0,"HARVEST ALASKA, LLC",Crude Oil,INTERSTATE,ALASKA,44.08,10.71,54.79,0.0,0.01,0.0,0.0,0.01,0.0,0.0,0.0,0.0,0.0,0.0,0.0,0.0,0.0,0.0,0.0,0.0,0.0,0.0,44.09,10.71,0.0,54.8
2/2/2026,2018.0,20190035.0,16410.0,2767.0,"HARVEST ALASKA, LLC",Crude Oil,INTRASTATE,ALASKA,67.26,0.0,67.26,11.2,6.23,0.0,0.0,17.43,0.0,0.0,0.0,0.0,0.0,0.0,0.0,0.0,0.0,0.0,0.0,0.0,0.0,0.0,84.69,0.0,0.0,84.69
2/2/2026,2018.0,20190220.0,16632.0,3345.0,DEVON ENERGY PRODUCTION CO. LP,CO2,INTRASTATE,WYOMING,46.51,0.0,46.51,0.0,0.0,0.0,0.0,0.0,0.0,0.0,0.0,0.0,0.0,0.0,0.0,0.0,0.0,0.0,0.0,0.0,0.0,0.0,46.51,0.0,0.0,46.51
2/2/2026,2018.0,20190155.0,16558.0,3445.0,DIXIE PIPELINE COMPANY LLC,HVL,INTERSTATE,ALABAMA,253.189,0.0,253.189,0.0,0.0,0.0,0.0,0.0,0.0,0.0,0.0,0.0,0.0,0.0,0.0,0.0,0.0,0.0,0.0,0.0,0.0,0.0,253.189,0.0,0.0,253.189
2/2/2026,2018.0,20190155.0,16558.0,3445.0,DIXIE PIPELINE COMPANY LLC,HVL,INTERSTATE,GEORGIA,362.066,0.0,362.066,0.0,0.0,0.0,0.0,0.0,0.0,0.0,0.0,0.0,0.0,0.0,0.0,0.0,0.0,0.0,0.0,0.0,0.0,0.0,362.066,0.0,0.0,362.066
2/2/2026,2018.0,20190155.0,16558.0,3445.0,DIXIE PIPELINE COMPANY LLC,HVL,INTERSTATE,LOUISIANA,234.938,0.0,234.938,0.0,0.0,0.0,0.0,0.0,0.0,0.0,0.0,0.0,0.0,0.0,0.0,0.0,0.0,0.0,0.0,0.0,0.0,0.0,234.938,0.0,0.0,234.938
2/2/2026,2018.0,20190155.0,16558.0,3445.0,DIXIE PIPELINE COMPANY LLC,HVL,INTERSTATE,MISSISSIPPI,123.33,0.0,123.33,0.0,0.0,0.0,0.0,0.0,0.0,0.0,0.0,0.0,0.0,0.0,0.0,0.0,0.0,0.0,0.0,0.0,0.0,0.0,123.33,0.0,0.0,123.33
2/2/2026,2018.0,20190155.0,16558.0,3445.0,DIXIE PIPELINE COMPANY LLC,HVL,INTERSTATE,NORTH CAROLINA,89.455,0.0,89.455,0.0,0.0,0.0,0.0,0.0,0.0,0.0,0.0,0.0,0.0,0.0,0.0,0.0,0.0,0.0,0.0,0.0,0.0,0.0,89.455,0.0,0.0,89.455
2/2/2026,2018.0,20190155.0,16558.0,3445.0,DIXIE PIPELINE COMPANY LLC,HVL,INTERSTATE,SOUTH CAROLINA,164.044,0.0,164.044,0.0,0.0,0.0,0.0,0.0,0.0,0.0,0.0,0.0,0.0,0.0,0.0,0.0,0.0,0.0,0.0,0.0,0.0,0.0,164.044,0.0,0.0,164.044
2/2/2026,2018.0,20190155.0,16558.0,3445.0,DIXIE PIPELINE COMPANY LLC,HVL,INTERSTATE,TEXAS,79.081,0.0,79.081,0.0,0.0,0.0,0.0,0.0,0.0,0.0,0.0,0.0,0.0,0.0,0.0,0.0,0.0,0.0,0.0,0.0,0.0,0.0,79.081,0.0,0.0,79.081
2/2/2026,2018.0,20190081.0,16475.0,3527.0,DOW PIPELINE CO,HVL,INTRASTATE,TEXAS,468.04,0.0,468.04,0.54,6.65,0.0,0.0,7.19,3.02,2.04,0.0,0.0,5.06,0.0,0.0,0.0,0.0,0.0,0.0,0.0,0.0,0.0,480.29,0.0,0.0,480.29
2/2/2026,2018.0,20190082.0,16476.0,3535.0,DOW PIPELINE CO,HVL,INTRASTATE,LOUISIANA,196.75,0.0,196.75,0.0,0.0,0.0,0.0,0.0,0.68,0.0,0.0,0.0,0.68,0.0,0.0,0.0,0.0,0.0,0.0,0.0,0.0,0.0,197.43,0.0,0.0,197.43
2/2/2026,2018.0,20190127.0,16527.0,4280.0,EL PASO NATURAL GAS CO,Crude Oil,INTRASTATE,CALIFORNIA,122.16,0.0,122.16,0.0,0.0,0.0,0.0,0.0,0.0,0.0,0.0,0.0,0.0,0.0,0.0,0.0,0.0,0.0,0.0,0.0,0.0,0.0,122.16,0.0,0.0,122.16
2/2/2026,2018.0,20190421.0,16852.0,4430.0,VALERO TERMINALING AND DISTRIBUTION COMPANY,Crude Oil,INTERSTATE,ILLINOIS,0.0,0.0,0.0,0.627,0.0,0.0,0.0,0.627,0.0,0.0,0.0,0.0,0.0,0.0,0.0,0.0,0.0,0.0,0.0,0.0,0.0,0.0,0.627,0.0,0.0,0.627
2/2/2026,2018.0,20190421.0,16852.0,4430.0,VALERO TERMINALING AND DISTRIBUTION COMPANY,Crude Oil,INTERSTATE,TENNESSEE,0.24,0.0,0.24,0.0,0.0,0.0,0.0,0.0,0.0,0.0,0.0,0.0,0.0,0.0,0.0,0.0,0.0,0.0,0.0,0.0,0.0,0.0,0.24,0.0,0.0,0.24
2/2/2026,2018.0,20190421.0,16852.0,4430.0,VALERO TERMINALING AND DISTRIBUTION COMPANY,Crude Oil,INTERSTATE,TEXAS,0.0,0.0,0.0,0.0,0.203,0.0,0.0,0.203,0.0,0.0,0.0,0.0,0.0,0.0,0.0,0.0,0.0,0.0,0.0,0.0,0.0,0.0,0.203,0.0,0.0,0.203
2/2/2026,2018.0,20190421.0,16852.0,4430.0,VALERO TERMINALING AND DISTRIBUTION COMPANY,Crude Oil,INTRASTATE,TEXAS,2.67,0.0,2.67,1.768,0.178,0.0,0.0,1.946,0.0,0.0,0.0,0.0,0.0,0.0,0.0,0.0,0.0,0.0,0.0,0.0,0.0,0.0,4.616,0.0,0.0,4.616
2/2/2026,2018.0,20190422.0,16853.0,4430.0,VALERO TERMINALING AND DISTRIBUTION COMPANY,HVL,INTERSTATE,TEXAS,52.12,0.0,52.12,0.0,0.0,0.0,0.0,0.0,0.0,0.0,0.0,0.0,0.0,0.0,0.0,0.0,0.0,0.0,0.0,0.0,0.0,0.0,52.12,0.0,0.0,52.12
2/2/2026,2018.0,20190422.0,16853.0,4430.0,VALERO TERMINALING AND DISTRIBUTION COMPANY,HVL,INTRASTATE,TEXAS,40.838,0.0,40.838,0.0,0.0,0.0,0.0,0.0,0.0,0.0,0.0,0.0,0.0,0.0,0.0,0.0,0.0,0.0,0.0,0.0,0.0,0.0,40.838,0.0,0.0,40.838
2/2/2026,2018.0,20190424.0,16855.0,4430.0,VALERO TERMINALING AND DISTRIBUTION COMPANY,Refined and/or Petroleum Product (non-HVL),INTERSTATE,ILLINOIS,10.491,0.0,10.491,0.193,0.0,0.0,0.0,0.193,0.0,0.0,0.0,0.0,0.0,0.0,0.0,0.0,0.0,0.0,0.0,0.0,0.0,0.0,10.684,0.0,0.0,10.684
2/2/2026,2018.0,20190424.0,16855.0,4430.0,VALERO TERMINALING AND DISTRIBUTION COMPANY,Refined and/or Petroleum Product (non-HVL),INTERSTATE,INDIANA,3.164,0.0,3.164,0.0,0.0,0.0,0.0,0.0,0.0,0.0,0.0,0.0,0.0,0.0,0.0,0.0,0.0,0.0,0.0,0.0,0.0,0.0,3.164,0.0,0.0,3.164
2/2/2026,2018.0,20190424.0,16855.0,4430.0,VALERO TERMINALING AND DISTRIBUTION COMPANY,Refined and/or Petroleum Product (non-HVL),INTRASTATE,TENNESSEE,0.451,0.0,0.451,0.0,0.0,0.0,0.0,0.0,0.0,0.0,0.0,0.0,0.0,0.0,0.0,0.0,0.0,0.0,0.0,0.0,0.0,0.0,0.451,0.0,0.0,0.451
2/2/2026,2018.0,20190131.0,16531.0,4461.0,"EOG RESOURCES, INC",Crude Oil,INTRASTATE,TEXAS,52.398,0.0,52.398,0.0,0.0,0.0,0.0,0.0,0.0,0.0,0.0,0.0,0.0,0.0,0.0,0.0,0.0,0.0,0.0,0.0,0.0,0.0,52.398,0.0,0.0,52.398
2/2/2026,2018.0,20190268.0,16685.0,4472.0,CYPRESS INTERSTATE PIPELINE LLC,HVL,INTERSTATE,LOUISIANA,27.15,0.0,27.15,0.0,0.0,0.0,0.0,0.0,0.0,0.0,0.0,0.0,0.0,0.0,0.0,0.0,0.0,0.0,0.0,0.0,0.0,0.0,27.15,0.0,0.0,27.15
2/2/2026,2018.0,20190268.0,16685.0,4472.0,CYPRESS INTERSTATE PIPELINE LLC,HVL,INTERSTATE,TEXAS,77.19,0.0,77.19,0.0,0.0,0.0,0.0,0.0,0.0,0.0,0.0,0.0,0.0,0.0,0.0,0.0,0.0,0.0,0.0,0.0,0.0,0.0,77.19,0.0,0.0,77.19
2/2/2026,2018.0,20190161.0,16566.0,4805.0,EXPLORER PIPELINE CO,Refined and/or Petroleum Product (non-HVL),INTERSTATE,ILLINOIS,277.73,0.0,277.73,2.55,0.0,0.0,0.0,2.55,0.0,0.0,0.0,0.0,0.0,0.0,0.0,0.0,0.0,0.0,0.0,0.0,0.0,0.0,280.28,0.0,0.0,280.28
2/2/2026,2018.0,20190161.0,16566.0,4805.0,EXPLORER PIPELINE CO,Refined and/or Petroleum Product (non-HVL),INTERSTATE,INDIANA,28.39,0.0,28.39,12.71,0.0,0.0,0.0,12.71,0.0,0.0,0.0,0.0,0.0,0.0,0.0,0.0,0.0,0.0,0.0,0.0,0.0,0.0,41.1,0.0,0.0,41.1
2/2/2026,2018.0,20190161.0,16566.0,4805.0,EXPLORER PIPELINE CO,Refined and/or Petroleum Product (non-HVL),INTERSTATE,MISSOURI,294.76,0.0,294.76,0.52,0.0,0.0,0.0,0.52,0.0,0.0,0.0,0.0,0.0,0.0,0.0,0.0,0.0,0.0,0.0,0.0,0.0,0.0,295.28,0.0,0.0,295.28
2/2/2026,2018.0,20190161.0,16566.0,4805.0,EXPLORER PIPELINE CO,Refined and/or Petroleum Product (non-HVL),INTERSTATE,OKLAHOMA,282.92,0.0,282.92,11.5,27.11,0.0,0.0,38.61,0.0,0.0,0.0,0.0,0.0,0.0,0.0,0.0,0.0,0.0,0.0,0.0,0.0,0.0,321.53,0.0,0.0,321.53
2/2/2026,2018.0,20190161.0,16566.0,4805.0,EXPLORER PIPELINE CO,Refined and/or Petroleum Product (non-HVL),INTERSTATE,TEXAS,806.4,0.0,806.4,55.83,35.47,0.0,0.0,91.3,0.0,0.0,0.0,0.0,0.0,0.0,0.0,0.0,0.0,0.0,0.0,0.0,0.0,0.0,897.7,0.0,0.0,897.7
2/2/2026,2018.0,20190240.0,17131.0,4906.0,EXXONMOBIL PIPELINE CO,Crude Oil,INTERSTATE,LOUISIANA,183.73,0.0,183.73,0.0,1.7,0.0,0.0,1.7,0.0,0.0,0.0,0.0,0.0,0.0,0.0,0.0,0.0,0.0,0.0,0.0,0.0,0.0,185.43,0.0,0.0,185.43
2/2/2026,2018.0,20190240.0,17131.0,4906.0,EXXONMOBIL PIPELINE CO,Crude Oil,INTERSTATE,OCS-Gulf of Mexico,0.0,137.65,137.65,0.0,0.0,0.0,0.0,0.0,0.0,0.0,0.0,0.0,0.0,0.0,0.0,0.0,0.0,0.0,0.0,0.0,0.0,0.0,0.0,137.65,0.0,137.65
2/2/2026,2018.0,20190240.0,17131.0,4906.0,EXXONMOBIL PIPELINE CO,Crude Oil,INTERSTATE,TEXAS,106.84,14.96,121.8,0.0,0.0,0.0,0.0,0.0,0.0,0.0,0.0,0.0,0.0,0.0,0.0,0.0,0.0,0.0,0.0,0.0,0.0,0.0,106.84,14.96,0.0,121.8
2/2/2026,2018.0,20190240.0,17131.0,4906.0,EXXONMOBIL PIPELINE CO,Crude Oil,INTRASTATE,MONTANA,70.75,0.0,70.75,0.09,0.0,0.0,0.0,0.09,0.0,0.0,0.0,0.0,0.0,0.0,0.0,0.0,0.0,0.0,0.0,0.0,0.0,0.0,70.84,0.0,0.0,70.84
2/2/2026,2018.0,20190240.0,17131.0,4906.0,EXXONMOBIL PIPELINE CO,Crude Oil,INTRASTATE,TEXAS,148.21,0.0,148.21,0.0,0.0,0.0,0.0,0.0,0.0,0.0,0.0,0.0,0.0,0.0,0.0,0.0,0.0,0.0,0.0,0.0,0.0,0.0,148.21,0.0,0.0,148.21
2/2/2026,2018.0,20190241.0,16654.0,4906.0,EXXONMOBIL PIPELINE CO,HVL,INTRASTATE,LOUISIANA,515.67,0.0,515.67,0.0,0.0,0.0,0.0,0.0,0.0,0.0,0.0,0.0,0.0,0.0,0.0,0.0,0.0,0.0,0.0,0.0,0.0,0.0,515.67,0.0,0.0,515.67
2/2/2026,2018.0,20190241.0,16654.0,4906.0,EXXONMOBIL PIPELINE CO,HVL,INTRASTATE,TEXAS,1103.98,0.0,1103.98,0.91,0.0,0.0,0.0,0.91,0.0,0.0,0.0,0.0,0.0,0.0,0.0,0.0,0.0,0.0,0.0,0.0,0.0,0.0,1104.89,0.0,0.0,1104.89
2/2/2026,2018.0,20190242.0,16655.0,4906.0,EXXONMOBIL PIPELINE CO,Refined and/or Petroleum Product (non-HVL),INTERSTATE,ILLINOIS,1.12,0.0,1.12,0.0,0.0,0.0,0.0,0.0,0.0,0.0,0.0,0.0,0.0,0.0,0.0,0.0,0.0,0.0,0.0,0.0,0.0,0.0,1.12,0.0,0.0,1.12
2/2/2026,2018.0,20190242.0,16655.0,4906.0,EXXONMOBIL PIPELINE CO,Refined and/or Petroleum Product (non-HVL),INTERSTATE,LOUISIANA,19.75,0.0,19.75,0.0,0.0,0.0,0.0,0.0,0.0,0.0,0.0,0.0,0.0,0.0,0.0,0.0,0.0,0.0,0.0,0.0,0.0,0.0,19.75,0.0,0.0,19.75
2/2/2026,2018.0,20190242.0,16655.0,4906.0,EXXONMOBIL PIPELINE CO,Refined and/or Petroleum Product (non-HVL),INTERSTATE,TEXAS,24.96,0.0,24.96,0.0,0.0,0.0,0.0,0.0,0.0,0.0,0.0,0.0,0.0,0.0,0.0,0.0,0.0,0.0,0.0,0.0,0.0,0.0,24.96,0.0,0.0,24.96
2/2/2026,2018.0,20190242.0,16655.0,4906.0,EXXONMOBIL PIPELINE CO,Refined and/or Petroleum Product (non-HVL),INTERSTATE,WASHINGTON,0.883,0.0,0.883,0.0,0.0,0.0,0.0,0.0,0.0,0.0,0.0,0.0,0.0,0.0,0.0,0.0,0.0,0.0,0.0,0.0,0.0,0.0,0.883,0.0,0.0,0.883
2/2/2026,2018.0,20190242.0,16655.0,4906.0,EXXONMOBIL PIPELINE CO,Refined and/or Petroleum Product (non-HVL),INTRASTATE,LOUISIANA,3.93,0.0,3.93,0.0,0.0,0.0,0.0,0.0,0.0,0.0,0.0,0.0,0.0,0.0,0.0,0.0,0.0,0.0,0.0,0.0,0.0,0.0,3.93,0.0,0.0,3.93
2/2/2026,2018.0,20190242.0,16655.0,4906.0,EXXONMOBIL PIPELINE CO,Refined and/or Petroleum Product (non-HVL),INTRASTATE,TEXAS,591.5,0.0,591.5,0.0,0.95,0.0,0.0,0.95,0.0,0.0,0.0,0.0,0.0,0.0,0.0,0.0,0.0,0.0,0.0,0.0,0.0,0.0,592.45,0.0,0.0,592.45
2/2/2026,2018.0,20190147.0,16549.0,4908.0,"EXXONMOBIL PRODUCTION COMPANY, A DIVISION OF EXXON MOBIL CORPORATION",CO2,INTRASTATE,WYOMING,160.48,0.0,160.48,0.0,0.0,0.0,0.0,0.0,0.0,0.0,0.0,0.0,0.0,0.0,0.0,0.0,0.0,0.0,0.0,0.0,0.0,0.0,160.48,0.0,0.0,160.48
2/2/2026,2018.0,20190146.0,16547.0,4908.0,"EXXONMOBIL PRODUCTION COMPANY, A DIVISION OF EXXON MOBIL CORPORATION",Crude Oil,INTERSTATE,CALIFORNIA,1.15,5.05,6.2,0.0,0.0,0.0,0.0,0.0,0.0,0.0,0.0,0.0,0.0,0.0,0.0,0.0,0.0,0.0,0.0,0.0,0.0,0.0,1.15,5.05,0.0,6.2
2/2/2026,2018.0,20190146.0,16547.0,4908.0,"EXXONMOBIL PRODUCTION COMPANY, A DIVISION OF EXXON MOBIL CORPORATION",Crude Oil,INTERSTATE,OCS-Pacific,0.0,4.63,4.63,0.0,0.0,0.0,0.0,0.0,0.0,0.0,0.0,0.0,0.0,0.0,0.0,0.0,0.0,0.0,0.0,0.0,0.0,0.0,0.0,4.63,0.0,4.63
2/2/2026,2018.0,20190146.0,16547.0,4908.0,"EXXONMOBIL PRODUCTION COMPANY, A DIVISION OF EXXON MOBIL CORPORATION",Crude Oil,INTRASTATE,ALABAMA,4.75,0.0,4.75,0.0,0.0,0.0,0.0,0.0,0.0,0.0,0.0,0.0,0.0,0.0,0.0,0.0,0.0,0.0,0.0,0.0,0.0,0.0,4.75,0.0,0.0,4.75
2/2/2026,2018.0,20190604.0,17242.0,5081.0,"COFFEYVILLE RESOURCES CRUDE TRANSPORTATION, LLC",Crude Oil,INTERSTATE,KANSAS,139.32,0.0,139.32,0.0,80.24,0.0,0.0,80.24,0.0,0.0,0.0,0.0,0.0,0.0,0.0,0.0,0.0,0.0,0.0,0.0,0.0,0.0,219.56,0.0,0.0,219.56
2/2/2026,2018.0,20190604.0,17242.0,5081.0,"COFFEYVILLE RESOURCES CRUDE TRANSPORTATION, LLC",Crude Oil,INTERSTATE,OKLAHOMA,80.57,0.0,80.57,0.0,0.0,0.0,0.0,0.0,0.0,0.0,0.0,0.0,0.0,0.0,0.0,0.0,0.0,0.0,0.0,0.0,0.0,0.0,80.57,0.0,0.0,80.57
2/2/2026,2018.0,20190604.0,17242.0,5081.0,"COFFEYVILLE RESOURCES CRUDE TRANSPORTATION, LLC",Crude Oil,INTRASTATE,KANSAS,11.01,0.0,11.01,0.0,36.43,0.0,0.0,36.43,0.0,0.0,0.0,0.0,0.0,0.0,0.0,0.0,0.0,0.0,0.0,0.0,0.0,0.0,47.44,0.0,0.0,47.44
2/2/2026,2018.0,20190604.0,17242.0,5081.0,"COFFEYVILLE RESOURCES CRUDE TRANSPORTATION, LLC",Crude Oil,INTRASTATE,OKLAHOMA,100.95,0.0,100.95,0.0,1.68,0.0,0.0,1.68,0.0,0.0,0.0,0.0,0.0,0.0,0.0,0.0,0.0,0.0,0.0,0.0,0.0,0.0,102.63,0.0,0.0,102.63
2/2/2026,2018.0,20190203.0,16614.0,5524.0,FOUR STAR OIL & GAS CO,Crude Oil,INTRASTATE,TEXAS,0.0,0.0,0.0,9.1,0.0,0.0,0.0,9.1,0.0,0.0,0.0,0.0,0.0,0.0,0.0,0.0,0.0,0.0,0.0,0.0,0.0,0.0,9.1,0.0,0.0,9.1
2/2/2026,2018.0,20190174.0,16584.0,6911.0,GULF STATE PIPELINE CO INC,Refined and/or Petroleum Product (non-HVL),INTRASTATE,TEXAS,55.0,0.0,55.0,0.0,0.0,0.0,0.0,0.0,0.0,0.0,0.0,0.0,0.0,0.0,0.0,0.0,0.0,0.0,0.0,0.0,0.0,0.0,55.0,0.0,0.0,55.0
2/2/2026,2018.0,20190318.0,16741.0,7063.0,HARBOR PIPELINE CO,Refined and/or Petroleum Product (non-HVL),INTERSTATE,NEW JERSEY,80.39,0.0,80.39,0.0,0.0,0.0,0.0,0.0,0.0,0.0,0.0,0.0,0.0,0.0,0.0,0.0,0.0,0.0,0.0,0.0,0.0,0.0,80.39,0.0,0.0,80.39
2/2/2026,2018.0,20190523.0,16954.0,7660.0,HUNT CRUDE OIL SUPPLY CO,Crude Oil,INTERSTATE,ALABAMA,105.0,0.0,105.0,0.0,0.0,0.0,0.0,0.0,0.0,0.0,0.0,0.0,0.0,0.0,0.0,0.0,0.0,0.0,0.0,0.0,0.0,0.0,105.0,0.0,0.0,105.0
2/2/2026,2018.0,20190523.0,16954.0,7660.0,HUNT CRUDE OIL SUPPLY CO,Crude Oil,INTERSTATE,MISSISSIPPI,93.72,0.0,93.72,0.0,0.0,0.0,4.0,4.0,0.0,0.0,0.0,0.0,0.0,0.0,0.0,0.0,0.0,0.0,0.0,0.0,0.0,0.0,93.72,0.0,4.0,97.72
2/2/2026,2018.0,20190523.0,16954.0,7660.0,HUNT CRUDE OIL SUPPLY CO,Crude Oil,INTRASTATE,ALABAMA,20.6,0.0,20.6,0.0,0.0,0.0,9.72,9.72,0.0,0.0,0.0,0.0,0.0,0.0,0.0,0.0,0.0,0.0,0.0,0.0,0.0,0.0,20.6,0.0,9.72,30.32
2/2/2026,2018.0,20190041.0,16422.0,8014.0,IDAHO PIPELINE CORP,Refined and/or Petroleum Product (non-HVL),INTRASTATE,IDAHO,0.0,0.0,0.0,2.32,0.0,0.0,0.0,2.32,0.0,0.0,0.0,0.0,0.0,0.0,0.0,0.0,0.0,0.0,0.0,0.0,0.0,0.0,2.32,0.0,0.0,2.32
2/2/2026,2018.0,20190015.0,16377.0,8166.0,INTERSTATE ENERGY COMPANY,Refined and/or Petroleum Product (non-HVL),INTRASTATE,PENNSYLVANIA,49.4,0.0,49.4,0.0,0.0,0.0,0.0,0.0,0.0,0.0,0.0,0.0,0.0,0.0,0.0,0.0,0.0,0.0,0.0,0.0,0.0,0.0,49.4,0.0,0.0,49.4
2/2/2026,2018.0,20190112.0,20928.0,8175.0,INTERSTATE STORAGE & PIPELINE C0,Refined and/or Petroleum Product (non-HVL),INTRASTATE,NEW JERSEY,0.0,0.0,0.0,11.52,0.0,0.0,0.0,11.52,0.0,0.0,0.0,0.0,0.0,0.0,0.0,0.0,0.0,0.0,0.0,0.0,0.0,0.0,11.52,0.0,0.0,11.52
2/2/2026,2018.0,20190625.0,17057.0,9175.0,JAYHAWK PIPELINE LLC,Crude Oil,INTERSTATE,KANSAS,599.7,0.0,599.7,0.0,0.0,0.0,0.0,0.0,0.0,0.0,0.0,0.0,0.0,0.0,0.0,0.0,0.0,0.0,0.0,0.0,0.0,0.0,599.7,0.0,0.0,599.7
2/2/2026,2018.0,20190625.0,17057.0,9175.0,JAYHAWK PIPELINE LLC,Crude Oil,INTERSTATE,NEBRASKA,29.1,0.0,29.1,0.0,0.0,0.0,0.0,0.0,0.0,0.0,0.0,0.0,0.0,0.0,0.0,0.0,0.0,0.0,0.0,0.0,0.0,0.0,29.1,0.0,0.0,29.1
2/2/2026,2018.0,20190625.0,17057.0,9175.0,JAYHAWK PIPELINE LLC,Crude Oil,INTERSTATE,OKLAHOMA,49.7,0.0,49.7,0.0,0.0,0.0,0.0,0.0,0.0,0.0,0.0,0.0,0.0,0.0,0.0,0.0,0.0,0.0,0.0,0.0,0.0,0.0,49.7,0.0,0.0,49.7
2/2/2026,2018.0,20190625.0,17057.0,9175.0,JAYHAWK PIPELINE LLC,Crude Oil,INTERSTATE,TEXAS,17.4,0.0,17.4,0.0,0.0,0.0,0.0,0.0,0.0,0.0,0.0,0.0,0.0,0.0,0.0,0.0,0.0,0.0,0.0,0.0,0.0,0.0,17.4,0.0,0.0,17.4
2/2/2026,2018.0,20190625.0,17057.0,9175.0,JAYHAWK PIPELINE LLC,Crude Oil,INTRASTATE,KANSAS,206.3,0.0,206.3,0.0,0.0,0.0,0.0,0.0,0.0,0.0,0.0,0.0,0.0,0.0,0.0,0.0,0.0,0.0,0.0,0.0,0.0,0.0,206.3,0.0,0.0,206.3
2/2/2026,2018.0,20190546.0,16977.0,10012.0,NUSTAR PIPELINE OPERATING PARTNERSHIP L.P.,HVL,INTERSTATE,ARKANSAS,265.6,0.0,265.6,0.0,0.0,0.0,0.0,0.0,0.0,0.0,0.0,0.0,0.0,0.0,0.0,0.0,0.0,0.0,0.0,0.0,0.0,0.0,265.6,0.0,0.0,265.6
2/2/2026,2018.0,20190546.0,16977.0,10012.0,NUSTAR PIPELINE OPERATING PARTNERSHIP L.P.,HVL,INTERSTATE,ILLINOIS,177.2,0.0,177.2,0.0,0.0,0.0,0.0,0.0,0.0,0.34,0.0,0.0,0.34,0.0,0.0,0.0,0.0,0.0,0.0,0.0,0.0,0.0,177.54,0.0,0.0,177.54
2/2/2026,2018.0,20190546.0,16977.0,10012.0,NUSTAR PIPELINE OPERATING PARTNERSHIP L.P.,HVL,INTERSTATE,INDIANA,170.8,0.0,170.8,0.0,0.0,0.0,0.0,0.0,0.0,0.1,0.0,0.0,0.1,0.0,0.0,0.0,0.0,0.0,0.0,0.0,0.0,0.0,170.9,0.0,0.0,170.9
2/2/2026,2018.0,20190546.0,16977.0,10012.0,NUSTAR PIPELINE OPERATING PARTNERSHIP L.P.,HVL,INTERSTATE,IOWA,439.1,0.0,439.1,0.0,0.0,0.0,0.0,0.0,0.0,0.8,0.0,0.0,0.8,0.0,0.0,0.0,0.0,0.0,0.0,0.0,0.0,0.0,439.9,0.0,0.0,439.9
2/2/2026,2018.0,20190546.0,16977.0,10012.0,NUSTAR PIPELINE OPERATING PARTNERSHIP L.P.,HVL,INTERSTATE,KANSAS,125.4,0.0,125.4,0.0,0.0,0.0,0.0,0.0,0.0,0.0,0.0,0.0,0.0,0.0,0.0,0.0,0.0,0.0,0.0,0.0,0.0,0.0,125.4,0.0,0.0,125.4
2/2/2026,2018.0,20190546.0,16977.0,10012.0,NUSTAR PIPELINE OPERATING PARTNERSHIP L.P.,HVL,INTERSTATE,LOUISIANA,388.27,0.0,388.27,0.0,0.0,0.0,0.0,0.0,7.0,0.0,0.0,0.0,7.0,0.0,0.0,0.0,0.0,0.0,0.0,0.0,0.0,0.0,395.27,0.0,0.0,395.27
2/2/2026,2018.0,20190546.0,16977.0,10012.0,NUSTAR PIPELINE OPERATING PARTNERSHIP L.P.,HVL,INTERSTATE,MISSOURI,411.4,0.0,411.4,0.0,0.0,0.0,0.0,0.0,0.0,1.8,0.0,0.0,1.8,0.0,0.0,0.0,0.0,0.0,0.0,0.0,0.0,0.0,413.2,0.0,0.0,413.2
2/2/2026,2018.0,20190546.0,16977.0,10012.0,NUSTAR PIPELINE OPERATING PARTNERSHIP L.P.,HVL,INTERSTATE,NEBRASKA,316.7,0.0,316.7,0.0,0.0,0.0,0.0,0.0,0.0,0.1,0.0,0.0,0.1,0.0,0.0,0.0,0.0,0.0,0.0,0.0,0.0,0.0,316.8,0.0,0.0,316.8
2/2/2026,2018.0,20190546.0,16977.0,10012.0,NUSTAR PIPELINE OPERATING PARTNERSHIP L.P.,HVL,INTERSTATE,SOUTH DAKOTA,2.1,0.0,2.1,0.0,0.0,0.0,0.0,0.0,0.0,0.0,0.0,0.0,0.0,0.0,0.0,0.0,0.0,0.0,0.0,0.0,0.0,0.0,2.1,0.0,0.0,2.1
2/2/2026,2018.0,20190547.0,17239.0,10012.0,NUSTAR PIPELINE OPERATING PARTNERSHIP L.P.,Refined and/or Petroleum Product (non-HVL),INTERSTATE,IOWA,255.3,0.0,255.3,0.0,0.0,0.0,0.0,0.0,16.8,0.0,0.0,0.0,16.8,0.0,0.0,0.0,0.0,0.0,0.0,0.0,0.0,0.0,272.1,0.0,0.0,272.1
2/2/2026,2018.0,20190547.0,17239.0,10012.0,NUSTAR PIPELINE OPERATING PARTNERSHIP L.P.,Refined and/or Petroleum Product (non-HVL),INTERSTATE,KANSAS,535.1,0.0,535.1,0.1,0.0,0.0,0.0,0.1,1.1,4.2,0.0,0.0,5.3,0.0,0.0,0.0,0.0,0.0,0.0,0.0,0.0,0.0,540.5,0.0,0.0,540.5
2/2/2026,2018.0,20190547.0,17239.0,10012.0,NUSTAR PIPELINE OPERATING PARTNERSHIP L.P.,Refined and/or Petroleum Product (non-HVL),INTERSTATE,MINNESOTA,234.4,0.0,234.4,0.0,0.0,0.0,0.0,0.0,1.4,0.0,0.0,0.0,1.4,0.0,0.0,0.0,0.0,0.0,0.0,0.0,0.0,0.0,235.8,0.0,0.0,235.8
2/2/2026,2018.0,20190547.0,17239.0,10012.0,NUSTAR PIPELINE OPERATING PARTNERSHIP L.P.,Refined and/or Petroleum Product (non-HVL),INTERSTATE,NEBRASKA,617.04,0.0,617.04,0.0,0.0,0.0,0.0,0.0,46.3,3.9,0.0,0.0,50.2,0.0,0.0,0.0,0.0,0.0,0.0,0.0,0.0,0.0,667.24,0.0,0.0,667.24
2/2/2026,2018.0,20190547.0,17239.0,10012.0,NUSTAR PIPELINE OPERATING PARTNERSHIP L.P.,Refined and/or Petroleum Product (non-HVL),INTERSTATE,NORTH DAKOTA,272.16,0.0,272.16,2.7,0.0,0.0,0.0,2.7,0.5,0.0,0.0,0.0,0.5,0.0,0.0,0.0,0.0,0.0,0.0,0.0,0.0,0.0,275.36,0.0,0.0,275.36
2/2/2026,2018.0,20190547.0,17239.0,10012.0,NUSTAR PIPELINE OPERATING PARTNERSHIP L.P.,Refined and/or Petroleum Product (non-HVL),INTERSTATE,SOUTH DAKOTA,309.0,0.0,309.0,0.0,0.0,0.0,0.0,0.0,0.0,0.0,0.0,0.0,0.0,0.0,0.0,0.0,0.0,0.0,0.0,0.0,0.0,0.0,309.0,0.0,0.0,309.0
2/2/2026,2018.0,20190547.0,17239.0,10012.0,NUSTAR PIPELINE OPERATING PARTNERSHIP L.P.,Refined and/or Petroleum Product (non-HVL),INTRASTATE,WYOMING,6.5,0.0,6.5,0.3,0.0,0.0,0.0,0.3,0.0,0.0,0.0,0.0,0.0,0.0,0.0,0.0,0.0,0.0,0.0,0.0,0.0,0.0,6.8,0.0,0.0,6.8
2/2/2026,2018.0,20190500.0,16931.0,10250.0,KIANTONE PIPELINE CORP,Crude Oil,INTERSTATE,NEW YORK,64.92,0.0,64.92,0.0,0.0,0.0,0.0,0.0,0.0,0.0,0.0,0.0,0.0,0.0,0.0,0.0,0.0,0.0,0.0,0.0,0.0,0.0,64.92,0.0,0.0,64.92
2/2/2026,2018.0,20190500.0,16931.0,10250.0,KIANTONE PIPELINE CORP,Crude Oil,INTERSTATE,PENNSYLVANIA,13.36,0.0,13.36,0.0,0.0,0.0,0.0,0.0,0.0,0.0,0.0,0.0,0.0,0.0,0.0,0.0,0.0,0.0,0.0,0.0,0.0,0.0,13.36,0.0,0.0,13.36
2/2/2026,2018.0,20190502.0,16933.0,10250.0,KIANTONE PIPELINE CORP,Refined and/or Petroleum Product (non-HVL),INTRASTATE,PENNSYLVANIA,6.915,0.0,6.915,0.0,0.0,0.0,0.0,0.0,0.0,0.0,0.0,0.0,0.0,0.0,0.0,0.0,0.0,0.0,0.0,0.0,0.0,0.0,6.915,0.0,0.0,6.915
2/2/2026,2018.0,20190489.0,16920.0,10346.0,KUPARUK TRANSPORTATION CO,Crude Oil,INTERSTATE,ALASKA,36.861,0.0,36.861,0.0,0.0,0.0,0.0,0.0,0.0,0.0,0.0,0.0,0.0,0.0,0.0,0.0,0.0,0.0,0.0,0.0,0.0,0.0,36.861,0.0,0.0,36.861
2/2/2026,2018.0,20190644.0,17080.0,11032.0,SPIRE MISSOURI INC. EAST,HVL,INTERSTATE,ILLINOIS,26.851,0.0,26.851,0.0,0.0,0.0,0.0,0.0,0.0,0.0,0.0,0.0,0.0,0.0,0.0,0.0,0.0,0.0,0.0,0.0,0.0,0.0,26.851,0.0,0.0,26.851
2/2/2026,2018.0,20190644.0,17080.0,11032.0,SPIRE MISSOURI INC. EAST,HVL,INTERSTATE,MISSOURI,13.191,0.0,13.191,0.0,0.0,0.0,0.0,0.0,0.0,0.0,0.0,0.0,0.0,0.0,0.0,0.0,0.0,0.0,0.0,0.0,0.0,0.0,13.191,0.0,0.0,13.191
2/2/2026,2018.0,20190441.0,16872.0,11169.0,"ENBRIDGE ENERGY, LIMITED PARTNERSHIP",Crude Oil,INTERSTATE,ILLINOIS,523.18,0.0,523.18,0.0,0.0,0.0,0.0,0.0,0.0,0.0,0.0,0.0,0.0,0.0,0.0,0.0,0.0,0.0,0.0,0.0,0.0,0.0,523.18,0.0,0.0,523.18
2/2/2026,2018.0,20190441.0,16872.0,11169.0,"ENBRIDGE ENERGY, LIMITED PARTNERSHIP",Crude Oil,INTERSTATE,INDIANA,172.91,0.0,172.91,0.0,0.0,0.0,0.0,0.0,0.0,0.0,0.0,0.0,0.0,0.0,0.0,0.0,0.0,0.0,0.0,0.0,0.0,0.0,172.91,0.0,0.0,172.91
2/2/2026,2018.0,20190441.0,16872.0,11169.0,"ENBRIDGE ENERGY, LIMITED PARTNERSHIP",Crude Oil,INTERSTATE,MICHIGAN,1075.68,0.0,1075.68,0.0,0.0,0.0,0.0,0.0,0.0,0.0,0.0,0.0,0.0,0.0,0.0,0.0,0.0,0.0,0.0,0.0,0.0,0.0,1075.68,0.0,0.0,1075.68
2/2/2026,2018.0,20190441.0,16872.0,11169.0,"ENBRIDGE ENERGY, LIMITED PARTNERSHIP",Crude Oil,INTERSTATE,MINNESOTA,1244.49,0.0,1244.49,0.0,0.0,0.0,0.0,0.0,0.0,0.0,0.0,0.0,0.0,0.0,0.0,0.0,0.0,0.0,0.0,0.0,0.0,0.0,1244.49,0.0,0.0,1244.49
2/2/2026,2018.0,20190441.0,16872.0,11169.0,"ENBRIDGE ENERGY, LIMITED PARTNERSHIP",Crude Oil,INTERSTATE,NEW YORK,29.77,0.0,29.77,0.0,0.0,0.0,0.0,0.0,0.0,0.0,0.0,0.0,0.0,0.0,0.0,0.0,0.0,0.0,0.0,0.0,0.0,0.0,29.77,0.0,0.0,29.77
2/2/2026,2018.0,20190441.0,16872.0,11169.0,"ENBRIDGE ENERGY, LIMITED PARTNERSHIP",Crude Oil,INTERSTATE,NORTH DAKOTA,140.0,0.0,140.0,0.0,0.0,0.0,0.0,0.0,0.0,0.0,0.0,0.0,0.0,0.0,0.0,0.0,0.0,0.0,0.0,0.0,0.0,0.0,140.0,0.0,0.0,140.0
2/2/2026,2018.0,20190441.0,16872.0,11169.0,"ENBRIDGE ENERGY, LIMITED PARTNERSHIP",Crude Oil,INTERSTATE,WISCONSIN,1180.94,0.0,1180.94,0.0,0.0,0.0,0.0,0.0,0.0,0.0,0.0,0.0,0.0,0.0,0.0,0.0,0.0,0.0,0.0,0.0,0.0,0.0,1180.94,0.0,0.0,1180.94
2/2/2026,2018.0,20190444.0,16875.0,11169.0,"ENBRIDGE ENERGY, LIMITED PARTNERSHIP",HVL,INTERSTATE,MINNESOTA,283.69,0.0,283.69,0.0,0.0,0.0,0.0,0.0,0.0,0.0,0.0,0.0,0.0,0.0,0.0,0.0,0.0,0.0,0.0,0.0,0.0,0.0,283.69,0.0,0.0,283.69
2/2/2026,2018.0,20190444.0,16875.0,11169.0,"ENBRIDGE ENERGY, LIMITED PARTNERSHIP",HVL,INTERSTATE,NORTH DAKOTA,27.91,0.0,27.91,0.0,0.0,0.0,0.0,0.0,0.0,0.0,0.0,0.0,0.0,0.0,0.0,0.0,0.0,0.0,0.0,0.0,0.0,0.0,27.91,0.0,0.0,27.91
2/2/2026,2018.0,20190444.0,16875.0,11169.0,"ENBRIDGE ENERGY, LIMITED PARTNERSHIP",HVL,INTERSTATE,WISCONSIN,13.24,0.0,13.24,0.0,0.0,0.0,0.0,0.0,0.0,0.0,0.0,0.0,0.0,0.0,0.0,0.0,0.0,0.0,0.0,0.0,0.0,0.0,13.24,0.0,0.0,13.24
2/2/2026,2018.0,20190556.0,16987.0,11272.0,LAVACA PIPELINE CO,HVL,INTRASTATE,TEXAS,50.63,0.0,50.63,4.28,0.0,0.0,0.0,4.28,0.0,0.0,0.0,0.0,0.0,0.0,0.0,0.0,0.0,0.0,0.0,0.0,0.0,0.0,54.91,0.0,0.0,54.91
2/2/2026,2018.0,20190559.0,16990.0,11272.0,LAVACA PIPELINE CO,Refined and/or Petroleum Product (non-HVL),INTRASTATE,TEXAS,0.0,0.0,0.0,5.08,7.97,0.0,0.0,13.05,0.0,0.0,0.0,0.0,0.0,0.0,0.0,0.0,0.0,0.0,0.0,0.0,0.0,0.0,13.05,0.0,0.0,13.05
2/2/2026,2018.0,20190260.0,16677.0,11551.0,"DELEK LOGISTICS OPERATING, LLC.",Crude Oil,INTERSTATE,ARKANSAS,30.64,0.0,30.64,0.0,0.0,0.0,0.0,0.0,0.0,0.0,0.0,0.0,0.0,0.0,0.0,0.0,0.0,0.0,0.0,0.0,0.0,0.0,30.64,0.0,0.0,30.64
2/2/2026,2018.0,20190260.0,16677.0,11551.0,"DELEK LOGISTICS OPERATING, LLC.",Crude Oil,INTERSTATE,LOUISIANA,63.7,0.0,63.7,1.52,0.0,0.0,0.0,1.52,0.0,0.0,0.0,0.0,0.0,0.0,0.0,0.0,0.0,0.0,0.0,0.0,0.0,0.0,65.22,0.0,0.0,65.22
2/2/2026,2018.0,20190260.0,16677.0,11551.0,"DELEK LOGISTICS OPERATING, LLC.",Crude Oil,INTRASTATE,ARKANSAS,110.28,0.0,110.28,0.0,0.0,0.0,0.0,0.0,0.0,0.0,0.0,0.0,0.0,0.0,0.0,0.0,0.0,0.0,0.0,0.0,0.0,0.0,110.28,0.0,0.0,110.28
2/2/2026,2018.0,20190260.0,16677.0,11551.0,"DELEK LOGISTICS OPERATING, LLC.",Crude Oil,INTRASTATE,TEXAS,196.07,0.0,196.07,0.0,0.0,0.0,0.0,0.0,0.0,0.0,0.0,0.0,0.0,0.0,0.0,0.0,0.0,0.0,0.0,0.0,0.0,0.0,196.07,0.0,0.0,196.07
2/2/2026,2018.0,20190230.0,16643.0,11551.0,"DELEK LOGISTICS OPERATING, LLC.",Refined and/or Petroleum Product (non-HVL),INTRASTATE,ARKANSAS,157.94,0.0,157.94,7.97,0.0,0.0,0.0,7.97,0.0,0.0,0.0,0.0,0.0,0.0,0.0,0.0,0.0,0.0,0.0,0.0,0.0,0.0,165.91,0.0,0.0,165.91
2/2/2026,2018.0,20190185.0,16835.0,11733.0,LOOP LLC,Crude Oil,INTERSTATE,LOUISIANA,91.5,3.0,94.5,0.0,0.0,0.0,0.0,0.0,0.0,0.0,0.0,0.0,0.0,0.0,0.0,0.0,0.0,0.0,0.0,0.0,0.0,0.0,91.5,3.0,0.0,94.5
2/2/2026,2018.0,20190185.0,16835.0,11733.0,LOOP LLC,Crude Oil,INTERSTATE,OCS-Gulf of Mexico,0.0,19.6,19.6,0.0,0.0,0.0,0.0,0.0,0.0,0.0,0.0,0.0,0.0,0.0,0.0,0.0,0.0,0.0,0.0,0.0,0.0,0.0,0.0,19.6,0.0,19.6
2/2/2026,2018.0,20190187.0,16836.0,11733.0,LOOP LLC,Refined and/or Petroleum Product (non-HVL),INTERSTATE,LOUISIANA,0.0,0.0,0.0,0.0,3.4,3.0,0.0,6.4,0.0,0.0,0.0,0.0,0.0,0.0,0.0,0.0,0.0,0.0,0.0,0.0,0.0,0.0,3.4,3.0,0.0,6.4
2/2/2026,2018.0,20190187.0,16836.0,11733.0,LOOP LLC,Refined and/or Petroleum Product (non-HVL),INTERSTATE,OCS-Gulf of Mexico,0.0,0.0,0.0,0.0,0.0,15.0,0.0,15.0,0.0,0.0,0.0,0.0,0.0,0.0,0.0,0.0,0.0,0.0,0.0,0.0,0.0,0.0,0.0,15.0,0.0,15.0
2/2/2026,2018.0,20190096.0,16490.0,12105.0,"MAGELLAN AMMONIA PIPELINE, L.P.",HVL,INTERSTATE,IOWA,217.48,0.0,217.48,0.49,3.48,0.0,0.0,3.97,0.0,0.0,0.0,0.0,0.0,0.0,0.0,0.0,0.0,0.0,0.0,0.0,0.0,0.0,221.45,0.0,0.0,221.45
2/2/2026,2018.0,20190096.0,16490.0,12105.0,"MAGELLAN AMMONIA PIPELINE, L.P.",HVL,INTERSTATE,KANSAS,367.87,0.0,367.87,0.0,0.3,0.0,0.0,0.3,0.0,0.0,0.0,0.0,0.0,0.0,0.0,0.0,0.0,0.0,0.0,0.0,0.0,0.0,368.17,0.0,0.0,368.17
2/2/2026,2018.0,20190096.0,16490.0,12105.0,"MAGELLAN AMMONIA PIPELINE, L.P.",HVL,INTERSTATE,MINNESOTA,44.93,0.0,44.93,0.0,0.47,0.0,0.0,0.47,0.0,0.0,0.0,0.0,0.0,0.0,0.0,0.0,0.0,0.0,0.0,0.0,0.0,0.0,45.4,0.0,0.0,45.4
2/2/2026,2018.0,20190096.0,16490.0,12105.0,"MAGELLAN AMMONIA PIPELINE, L.P.",HVL,INTERSTATE,NEBRASKA,155.76,0.0,155.76,2.04,7.77,0.0,0.0,9.81,0.0,0.0,0.0,0.0,0.0,0.0,0.0,0.0,0.0,0.0,0.0,0.0,0.0,0.0,165.57,0.0,0.0,165.57
2/2/2026,2018.0,20190096.0,16490.0,12105.0,"MAGELLAN AMMONIA PIPELINE, L.P.",HVL,INTERSTATE,OKLAHOMA,218.93,0.0,218.93,0.4,1.85,0.0,0.0,2.25,0.0,0.0,0.0,0.0,0.0,0.0,0.0,0.0,0.0,0.0,0.0,0.0,0.0,0.0,221.18,0.0,0.0,221.18
2/2/2026,2018.0,20190096.0,16490.0,12105.0,"MAGELLAN AMMONIA PIPELINE, L.P.",HVL,INTERSTATE,TEXAS,67.23,0.0,67.23,0.01,0.3,0.0,0.0,0.31,0.0,0.0,0.0,0.0,0.0,0.0,0.0,0.0,0.0,0.0,0.0,0.0,0.0,0.0,67.54,0.0,0.0,67.54
2/2/2026,2018.0,20190319.0,16742.0,12470.0,MID - VALLEY PIPELINE CO,Crude Oil,INTERSTATE,ARKANSAS,15.07,0.0,15.07,0.0,0.0,0.0,0.0,0.0,0.0,0.0,0.0,0.0,0.0,0.0,0.0,0.0,0.0,0.0,0.0,0.0,0.0,0.0,15.07,0.0,0.0,15.07
2/2/2026,2018.0,20190319.0,16742.0,12470.0,MID - VALLEY PIPELINE CO,Crude Oil,INTERSTATE,KENTUCKY,229.1,0.0,229.1,0.0,0.0,0.0,0.0,0.0,0.0,0.0,0.0,0.0,0.0,0.0,0.0,0.0,0.0,0.0,0.0,0.0,0.0,0.0,229.1,0.0,0.0,229.1
2/2/2026,2018.0,20190319.0,16742.0,12470.0,MID - VALLEY PIPELINE CO,Crude Oil,INTERSTATE,LOUISIANA,230.52,0.0,230.52,0.0,0.0,0.0,0.0,0.0,0.0,0.0,0.0,0.0,0.0,0.0,0.0,0.0,0.0,0.0,0.0,0.0,0.0,0.0,230.52,0.0,0.0,230.52
2/2/2026,2018.0,20190319.0,16742.0,12470.0,MID - VALLEY PIPELINE CO,Crude Oil,INTERSTATE,MICHIGAN,7.37,0.0,7.37,0.0,0.0,0.0,0.0,0.0,0.0,0.0,0.0,0.0,0.0,0.0,0.0,0.0,0.0,0.0,0.0,0.0,0.0,0.0,7.37,0.0,0.0,7.37
2/2/2026,2018.0,20190319.0,16742.0,12470.0,MID - VALLEY PIPELINE CO,Crude Oil,INTERSTATE,MISSISSIPPI,194.0,0.0,194.0,0.0,0.0,0.0,0.0,0.0,0.0,0.0,0.0,0.0,0.0,0.0,0.0,0.0,0.0,0.0,0.0,0.0,0.0,0.0,194.0,0.0,0.0,194.0
2/2/2026,2018.0,20190319.0,16742.0,12470.0,MID - VALLEY PIPELINE CO,Crude Oil,INTERSTATE,OHIO,236.58,0.0,236.58,0.0,0.0,0.0,0.0,0.0,0.0,0.0,0.0,0.0,0.0,0.0,0.0,0.0,0.0,0.0,0.0,0.0,0.0,0.0,236.58,0.0,0.0,236.58
2/2/2026,2018.0,20190319.0,16742.0,12470.0,MID - VALLEY PIPELINE CO,Crude Oil,INTERSTATE,TENNESSEE,153.74,0.0,153.74,0.0,0.0,0.0,0.0,0.0,0.0,0.0,0.0,0.0,0.0,0.0,0.0,0.0,0.0,0.0,0.0,0.0,0.0,0.0,153.74,0.0,0.0,153.74
2/2/2026,2018.0,20190319.0,16742.0,12470.0,MID - VALLEY PIPELINE CO,Crude Oil,INTERSTATE,TEXAS,47.97,0.0,47.97,0.0,0.0,0.0,0.0,0.0,0.0,0.0,0.0,0.0,0.0,0.0,0.0,0.0,0.0,0.0,0.0,0.0,0.0,0.0,47.97,0.0,0.0,47.97
2/2/2026,2018.0,20190394.0,16821.0,12624.0,EXXONMOBIL OIL CORPORATION,Crude Oil,INTRASTATE,TEXAS,5.97,0.0,5.97,0.0,0.0,0.0,0.0,0.0,0.0,0.0,0.0,0.0,0.0,0.0,0.0,0.0,0.0,0.0,0.0,0.0,0.0,0.0,5.97,0.0,0.0,5.97
2/2/2026,2018.0,20190395.0,16822.0,12624.0,EXXONMOBIL OIL CORPORATION,HVL,INTRASTATE,TEXAS,203.7,0.0,203.7,0.0,0.0,0.0,0.0,0.0,0.0,0.0,0.0,0.0,0.0,0.0,0.0,0.0,0.0,0.0,0.0,0.0,0.0,0.0,203.7,0.0,0.0,203.7
2/2/2026,2018.0,20190398.0,16825.0,12624.0,EXXONMOBIL OIL CORPORATION,Refined and/or Petroleum Product (non-HVL),INTRASTATE,TEXAS,32.53,0.0,32.53,0.0,0.0,0.0,0.0,0.0,0.0,0.0,0.0,0.0,0.0,0.0,0.0,0.0,0.0,0.0,0.0,0.0,0.0,0.0,32.53,0.0,0.0,32.53
2/2/2026,2018.0,20190243.0,16656.0,12628.0,MOBIL  PIPE  LINE COMPANY,Crude Oil,INTERSTATE,ILLINOIS,21.05,0.0,21.05,0.0,0.0,0.0,0.0,0.0,0.0,0.0,0.0,0.0,0.0,0.0,0.0,0.0,0.0,0.0,0.0,0.0,0.0,0.0,21.05,0.0,0.0,21.05
2/2/2026,2018.0,20190243.0,16656.0,12628.0,MOBIL  PIPE  LINE COMPANY,Crude Oil,INTRASTATE,TEXAS,47.3,0.0,47.3,0.0,0.0,0.0,0.0,0.0,0.0,0.0,0.0,0.0,0.0,0.0,0.0,0.0,0.0,0.0,0.0,0.0,0.0,0.0,47.3,0.0,0.0,47.3
2/2/2026,2018.0,20190244.0,16657.0,12628.0,MOBIL  PIPE  LINE COMPANY,HVL,INTRASTATE,TEXAS,135.4,0.0,135.4,0.0,0.0,0.0,0.0,0.0,0.0,0.0,0.0,0.0,0.0,0.0,0.0,0.0,0.0,0.0,0.0,0.0,0.0,0.0,135.4,0.0,0.0,135.4
2/2/2026,2018.0,20190245.0,16658.0,12628.0,MOBIL  PIPE  LINE COMPANY,Refined and/or Petroleum Product (non-HVL),INTRASTATE,ILLINOIS,3.27,0.0,3.27,0.0,0.0,0.0,0.0,0.0,0.0,0.0,0.0,0.0,0.0,0.0,0.0,0.0,0.0,0.0,0.0,0.0,0.0,0.0,3.27,0.0,0.0,3.27
2/2/2026,2018.0,20190389.0,16816.0,12634.0,EXXONMOBIL OIL CORPORATION,HVL,INTRASTATE,TEXAS,179.25,0.0,179.25,0.0,0.0,0.0,0.0,0.0,0.0,0.0,0.0,0.0,0.0,0.0,0.0,0.0,0.0,0.0,0.0,0.0,0.0,0.0,179.25,0.0,0.0,179.25
2/2/2026,2018.0,20190313.0,16736.0,12913.0,SUPERIOR REFINING COMPANY LLC,Refined and/or Petroleum Product (non-HVL),INTRASTATE,WISCONSIN,2.942,0.0,2.942,2.626,0.0,0.0,0.0,2.626,0.0,0.0,0.0,0.0,0.0,0.0,0.0,0.0,0.0,0.0,0.0,0.0,0.0,0.0,5.568,0.0,0.0,5.568
2/2/2026,2018.0,20190474.0,16905.0,14145.0,ENLINK LBU-ORV,Crude Oil,INTRASTATE,OHIO,68.46,0.0,68.46,0.0,0.0,0.0,0.0,0.0,0.0,0.0,0.0,0.0,0.0,0.0,0.0,0.0,0.0,0.0,0.0,0.0,0.0,0.0,68.46,0.0,0.0,68.46
2/2/2026,2018.0,20190063.0,16456.0,14194.0,"OILTANKING, HOUSTON LP",Refined and/or Petroleum Product (non-HVL),INTRASTATE,TEXAS,3.73,0.0,3.73,0.95,0.0,0.0,0.0,0.95,0.0,0.0,0.0,0.0,0.0,0.0,0.0,0.0,0.0,0.0,0.0,0.0,0.0,0.0,4.68,0.0,0.0,4.68
2/2/2026,2018.0,20190170.0,16576.0,14391.0,"OSAGE PIPE LINE COMPANY, LLC",Crude Oil,INTERSTATE,KANSAS,60.31,0.0,60.31,0.0,0.0,0.0,0.0,0.0,0.0,0.0,0.0,0.0,0.0,0.0,0.0,0.0,0.0,0.0,0.0,0.0,0.0,0.0,60.31,0.0,0.0,60.31
2/2/2026,2018.0,20190170.0,16576.0,14391.0,"OSAGE PIPE LINE COMPANY, LLC",Crude Oil,INTERSTATE,OKLAHOMA,75.35,0.0,75.35,0.0,0.0,0.0,0.0,0.0,0.0,0.0,0.0,0.0,0.0,0.0,0.0,0.0,0.0,0.0,0.0,0.0,0.0,0.0,75.35,0.0,0.0,75.35
2/2/2026,2018.0,20190443.0,16874.0,15156.0,SINCLAIR TRANSPORTATION COMPANY,Crude Oil,INTERSTATE,COLORADO,18.0,0.0,18.0,0.0,0.0,0.0,0.0,0.0,0.0,0.0,0.0,0.0,0.0,0.0,0.0,0.0,0.0,0.0,0.0,0.0,0.0,0.0,18.0,0.0,0.0,18.0
2/2/2026,2018.0,20190443.0,16874.0,15156.0,SINCLAIR TRANSPORTATION COMPANY,Crude Oil,INTERSTATE,WYOMING,413.0,0.0,413.0,5.0,0.0,0.0,0.0,5.0,0.0,0.0,0.0,0.0,0.0,0.0,0.0,0.0,0.0,0.0,0.0,0.0,0.0,0.0,418.0,0.0,0.0,418.0
2/2/2026,2018.0,20190443.0,16874.0,15156.0,SINCLAIR TRANSPORTATION COMPANY,Crude Oil,INTRASTATE,WYOMING,116.0,0.0,116.0,0.0,0.0,0.0,0.0,0.0,0.0,0.0,0.0,0.0,0.0,0.0,0.0,0.0,0.0,0.0,0.0,0.0,0.0,0.0,116.0,0.0,0.0,116.0
2/2/2026,2018.0,20190442.0,16873.0,15156.0,SINCLAIR TRANSPORTATION COMPANY,Refined and/or Petroleum Product (non-HVL),INTERSTATE,COLORADO,104.0,0.0,104.0,0.0,0.0,0.0,0.0,0.0,0.0,0.0,0.0,0.0,0.0,0.0,0.0,0.0,0.0,0.0,0.0,0.0,0.0,0.0,104.0,0.0,0.0,104.0
2/2/2026,2018.0,20190442.0,16873.0,15156.0,SINCLAIR TRANSPORTATION COMPANY,Refined and/or Petroleum Product (non-HVL),INTERSTATE,IOWA,12.0,0.0,12.0,0.0,0.0,0.0,0.0,0.0,0.0,0.0,0.0,0.0,0.0,0.0,0.0,0.0,0.0,0.0,0.0,0.0,0.0,0.0,12.0,0.0,0.0,12.0
2/2/2026,2018.0,20190442.0,16873.0,15156.0,SINCLAIR TRANSPORTATION COMPANY,Refined and/or Petroleum Product (non-HVL),INTERSTATE,KANSAS,8.0,0.0,8.0,0.0,0.0,0.0,0.0,0.0,0.0,0.0,0.0,0.0,0.0,0.0,0.0,0.0,0.0,0.0,0.0,0.0,0.0,0.0,8.0,0.0,0.0,8.0
2/2/2026,2018.0,20190442.0,16873.0,15156.0,SINCLAIR TRANSPORTATION COMPANY,Refined and/or Petroleum Product (non-HVL),INTERSTATE,MISSOURI,206.0,0.0,206.0,0.0,0.0,0.0,0.0,0.0,0.0,0.0,0.0,0.0,0.0,0.0,0.0,0.0,0.0,0.0,0.0,0.0,0.0,0.0,206.0,0.0,0.0,206.0
2/2/2026,2018.0,20190442.0,16873.0,15156.0,SINCLAIR TRANSPORTATION COMPANY,Refined and/or Petroleum Product (non-HVL),INTERSTATE,WYOMING,117.0,0.0,117.0,3.0,0.0,0.0,0.0,3.0,0.0,0.0,0.0,0.0,0.0,0.0,0.0,0.0,0.0,0.0,0.0,0.0,0.0,0.0,120.0,0.0,0.0,120.0
2/2/2026,2018.0,20190442.0,16873.0,15156.0,SINCLAIR TRANSPORTATION COMPANY,Refined and/or Petroleum Product (non-HVL),INTRASTATE,WYOMING,114.0,0.0,114.0,0.0,0.0,0.0,0.0,0.0,0.0,0.0,0.0,0.0,0.0,0.0,0.0,0.0,0.0,0.0,0.0,0.0,0.0,0.0,114.0,0.0,0.0,114.0
2/2/2026,2018.0,20190632.0,17064.0,15485.0,PHILLIPS 66 COMPANY - SWEENY REFINERY,Crude Oil,INTRASTATE,TEXAS,27.43,0.0,27.43,0.0,0.0,0.0,0.0,0.0,0.0,0.0,0.0,0.0,0.0,0.0,0.0,0.0,0.0,0.0,0.0,0.0,0.0,0.0,27.43,0.0,0.0,27.43
2/2/2026,2018.0,20190634.0,17066.0,15485.0,PHILLIPS 66 COMPANY - SWEENY REFINERY,HVL,INTRASTATE,TEXAS,14.72,0.0,14.72,0.0,0.0,0.0,0.0,0.0,0.0,0.0,0.0,0.0,0.0,0.0,0.0,0.0,0.0,0.0,0.0,0.0,0.0,0.0,14.72,0.0,0.0,14.72
2/2/2026,2018.0,20190633.0,17065.0,15485.0,PHILLIPS 66 COMPANY - SWEENY REFINERY,Refined and/or Petroleum Product (non-HVL),INTRASTATE,TEXAS,75.71,0.0,75.71,0.0,0.0,0.0,0.0,0.0,0.0,0.0,0.0,0.0,0.0,0.0,0.0,0.0,0.0,0.0,0.0,0.0,0.0,0.0,75.71,0.0,0.0,75.71
2/2/2026,2018.0,20193690.0,16347.0,15645.0,PLACID PIPELINE COMPANY LLC,Refined and/or Petroleum Product (non-HVL),INTRASTATE,LOUISIANA,8.0,0.0,8.0,1.0,0.0,0.0,0.0,1.0,0.0,0.0,0.0,0.0,0.0,0.0,0.0,0.0,0.0,0.0,0.0,0.0,0.0,0.0,9.0,0.0,0.0,9.0
2/2/2026,2018.0,20190274.0,16692.0,15674.0,PLANTATION PIPE LINE CO,Refined and/or Petroleum Product (non-HVL),INTERSTATE,ALABAMA,608.78,0.0,608.78,3.63,0.0,0.0,0.0,3.63,0.0,0.0,0.0,0.0,0.0,0.0,0.0,0.0,0.0,0.0,0.0,0.0,0.0,0.0,612.41,0.0,0.0,612.41
2/2/2026,2018.0,20190274.0,16692.0,15674.0,PLANTATION PIPE LINE CO,Refined and/or Petroleum Product (non-HVL),INTERSTATE,GEORGIA,663.18,0.0,663.18,0.0,0.0,0.0,0.0,0.0,0.0,0.0,0.0,0.0,0.0,0.0,0.0,0.0,0.0,0.0,0.0,0.0,0.0,0.0,663.18,0.0,0.0,663.18
2/2/2026,2018.0,20190274.0,16692.0,15674.0,PLANTATION PIPE LINE CO,Refined and/or Petroleum Product (non-HVL),INTERSTATE,LOUISIANA,189.29,0.0,189.29,0.0,0.0,0.0,0.0,0.0,0.0,0.0,0.0,0.0,0.0,0.0,0.0,0.0,0.0,0.0,0.0,0.0,0.0,0.0,189.29,0.0,0.0,189.29
2/2/2026,2018.0,20190274.0,16692.0,15674.0,PLANTATION PIPE LINE CO,Refined and/or Petroleum Product (non-HVL),INTERSTATE,MISSISSIPPI,734.53,0.0,734.53,1.3,0.0,0.0,0.0,1.3,0.0,0.0,0.0,0.0,0.0,0.0,0.0,0.0,0.0,0.0,0.0,0.0,0.0,0.0,735.83,0.0,0.0,735.83
2/2/2026,2018.0,20190274.0,16692.0,15674.0,PLANTATION PIPE LINE CO,Refined and/or Petroleum Product (non-HVL),INTERSTATE,NORTH CAROLINA,319.77,0.0,319.77,0.0,0.0,0.0,0.0,0.0,0.0,0.0,0.0,0.0,0.0,0.0,0.0,0.0,0.0,0.0,0.0,0.0,0.0,0.0,319.77,0.0,0.0,319.77
2/2/2026,2018.0,20190274.0,16692.0,15674.0,PLANTATION PIPE LINE CO,Refined and/or Petroleum Product (non-HVL),INTERSTATE,SOUTH CAROLINA,203.46,0.0,203.46,0.0,0.0,0.0,0.0,0.0,0.0,0.0,0.0,0.0,0.0,0.0,0.0,0.0,0.0,0.0,0.0,0.0,0.0,0.0,203.46,0.0,0.0,203.46
2/2/2026,2018.0,20190274.0,16692.0,15674.0,PLANTATION PIPE LINE CO,Refined and/or Petroleum Product (non-HVL),INTERSTATE,TENNESSEE,105.04,0.0,105.04,0.0,0.0,0.0,0.0,0.0,0.0,0.0,0.0,0.0,0.0,0.0,0.0,0.0,0.0,0.0,0.0,0.0,0.0,0.0,105.04,0.0,0.0,105.04
2/2/2026,2018.0,20190274.0,16692.0,15674.0,PLANTATION PIPE LINE CO,Refined and/or Petroleum Product (non-HVL),INTERSTATE,VIRGINIA,323.78,0.0,323.78,19.38,0.0,0.0,0.0,19.38,0.0,0.0,0.0,0.0,0.0,0.0,0.0,0.0,0.0,0.0,0.0,0.0,0.0,0.0,343.16,0.0,0.0,343.16
2/2/2026,2018.0,20190463.0,16894.0,15774.0,NORTH DAKOTA PIPELINE COMPANY LLC,Crude Oil,INTERSTATE,MINNESOTA,75.2,0.0,75.2,0.0,0.3,0.0,0.0,0.3,0.0,0.0,0.0,0.0,0.0,0.0,0.0,0.0,0.0,0.0,0.0,0.0,0.0,0.0,75.5,0.0,0.0,75.5
2/2/2026,2018.0,20190463.0,16894.0,15774.0,NORTH DAKOTA PIPELINE COMPANY LLC,Crude Oil,INTERSTATE,MONTANA,63.98,0.0,63.98,0.0,0.0,0.0,0.0,0.0,0.0,0.0,0.0,0.0,0.0,0.0,0.0,0.0,0.0,0.0,0.0,0.0,0.0,0.0,63.98,0.0,0.0,63.98
2/2/2026,2018.0,20190463.0,16894.0,15774.0,NORTH DAKOTA PIPELINE COMPANY LLC,Crude Oil,INTERSTATE,NORTH DAKOTA,562.98,0.0,562.98,0.0,53.06,0.0,0.0,53.06,0.0,0.0,0.0,0.0,0.0,0.0,0.0,0.0,0.0,0.0,0.0,0.0,0.0,0.0,616.04,0.0,0.0,616.04
2/2/2026,2018.0,20190618.0,17050.0,15786.0,PORTLAND PIPE LINE CORPORATION,Crude Oil,INTERSTATE,MAINE,144.0,0.0,144.0,0.0,0.0,0.0,0.0,0.0,0.0,0.0,0.0,0.0,0.0,0.0,0.0,0.0,0.0,0.0,0.0,0.0,0.0,0.0,144.0,0.0,0.0,144.0
2/2/2026,2018.0,20190618.0,17050.0,15786.0,PORTLAND PIPE LINE CORPORATION,Crude Oil,INTERSTATE,NEW HAMPSHIRE,71.0,0.0,71.0,0.0,0.0,0.0,0.0,0.0,0.0,0.0,0.0,0.0,0.0,0.0,0.0,0.0,0.0,0.0,0.0,0.0,0.0,0.0,71.0,0.0,0.0,71.0
2/2/2026,2018.0,20190618.0,17050.0,15786.0,PORTLAND PIPE LINE CORPORATION,Crude Oil,INTERSTATE,VERMONT,117.0,0.0,117.0,0.0,0.0,0.0,0.0,0.0,0.0,0.0,0.0,0.0,0.0,0.0,0.0,0.0,0.0,0.0,0.0,0.0,0.0,0.0,117.0,0.0,0.0,117.0
2/2/2026,2018.0,20190232.0,16645.0,15851.0,"DELEK MARKETING AND SUPPLY, LP",Refined and/or Petroleum Product (non-HVL),INTRASTATE,TEXAS,0.0,0.0,0.0,0.0,105.58,0.0,0.0,105.58,0.0,0.0,0.0,0.0,0.0,0.0,0.0,0.0,0.0,0.0,0.0,0.0,0.0,0.0,105.58,0.0,0.0,105.58
2/2/2026,2018.0,20190111.0,16507.0,15915.0,"PIPELINES OF PUERTO RICO INCD, THE",Refined and/or Petroleum Product (non-HVL),INTRASTATE,PUERTO RICO,0.0,0.0,0.0,9.5,0.0,0.0,0.0,9.5,0.0,0.0,0.0,0.0,0.0,0.0,0.0,0.0,0.0,0.0,0.0,0.0,0.0,0.0,9.5,0.0,0.0,9.5
2/2/2026,2018.0,20190654.0,17110.0,15979.0,"ERGON TERMINALING, INC.",Crude Oil,INTERSTATE,OHIO,37.0,0.0,37.0,0.0,0.0,0.0,0.0,0.0,0.0,0.0,0.0,0.0,0.0,0.0,0.0,0.0,0.0,0.0,0.0,0.0,0.0,0.0,37.0,0.0,0.0,37.0
2/2/2026,2018.0,20190654.0,17110.0,15979.0,"ERGON TERMINALING, INC.",Crude Oil,INTERSTATE,WEST VIRGINIA,1.0,0.0,1.0,0.0,0.0,0.0,0.0,0.0,0.0,0.0,0.0,0.0,0.0,0.0,0.0,0.0,0.0,0.0,0.0,0.0,0.0,0.0,1.0,0.0,0.0,1.0
2/2/2026,2018.0,20190275.0,16693.0,18092.0,"SFPP, LP",Refined and/or Petroleum Product (non-HVL),INTERSTATE,ARIZONA,553.61,0.0,553.61,6.35,0.0,0.0,0.0,6.35,0.0,0.0,0.0,0.0,0.0,0.0,0.0,0.0,0.0,0.0,0.0,0.0,0.0,0.0,559.96,0.0,0.0,559.96
2/2/2026,2018.0,20190275.0,16693.0,18092.0,"SFPP, LP",Refined and/or Petroleum Product (non-HVL),INTERSTATE,CALIFORNIA,601.89,0.0,601.89,0.39,0.0,0.0,0.0,0.39,0.0,0.0,0.0,0.0,0.0,0.0,0.0,0.0,0.0,0.0,0.0,0.0,0.0,0.0,602.28,0.0,0.0,602.28
2/2/2026,2018.0,20190275.0,16693.0,18092.0,"SFPP, LP",Refined and/or Petroleum Product (non-HVL),INTERSTATE,NEVADA,78.2,0.0,78.2,0.0,0.0,0.0,0.0,0.0,0.0,0.0,0.0,0.0,0.0,0.0,0.0,0.0,0.0,0.0,0.0,0.0,0.0,0.0,78.2,0.0,0.0,78.2
2/2/2026,2018.0,20190275.0,16693.0,18092.0,"SFPP, LP",Refined and/or Petroleum Product (non-HVL),INTERSTATE,NEW MEXICO,350.96,0.0,350.96,0.0,0.0,0.0,0.0,0.0,0.0,0.0,0.0,0.0,0.0,0.0,0.0,0.0,0.0,0.0,0.0,0.0,0.0,0.0,350.96,0.0,0.0,350.96
2/2/2026,2018.0,20190275.0,16693.0,18092.0,"SFPP, LP",Refined and/or Petroleum Product (non-HVL),INTERSTATE,OREGON,115.03,0.0,115.03,12.72,0.0,0.0,0.0,12.72,0.0,0.0,0.0,0.0,0.0,0.0,0.0,0.0,0.0,0.0,0.0,0.0,0.0,0.0,127.75,0.0,0.0,127.75
2/2/2026,2018.0,20190275.0,16693.0,18092.0,"SFPP, LP",Refined and/or Petroleum Product (non-HVL),INTERSTATE,TEXAS,69.11,0.0,69.11,0.0,0.0,0.0,0.0,0.0,0.0,0.0,0.0,0.0,0.0,0.0,0.0,0.0,0.0,0.0,0.0,0.0,0.0,0.0,69.11,0.0,0.0,69.11
2/2/2026,2018.0,20190275.0,16693.0,18092.0,"SFPP, LP",Refined and/or Petroleum Product (non-HVL),INTRASTATE,CALIFORNIA,953.02,0.0,953.02,35.73,50.4,0.0,0.0,86.13,0.0,0.0,0.0,0.0,0.0,0.0,0.0,0.0,0.0,0.0,0.0,0.0,0.0,0.0,1039.15,0.0,0.0,1039.15
2/2/2026,2018.0,20190275.0,16693.0,18092.0,"SFPP, LP",Refined and/or Petroleum Product (non-HVL),INTRASTATE,NEVADA,7.23,0.0,7.23,0.0,0.0,0.0,0.0,0.0,0.0,0.0,0.0,0.0,0.0,0.0,0.0,0.0,0.0,0.0,0.0,0.0,0.0,0.0,7.23,0.0,0.0,7.23
2/2/2026,2018.0,20190275.0,16693.0,18092.0,"SFPP, LP",Refined and/or Petroleum Product (non-HVL),INTRASTATE,OREGON,4.28,0.0,4.28,0.0,0.0,0.0,0.0,0.0,0.0,0.0,0.0,0.0,0.0,0.0,0.0,0.0,0.0,0.0,0.0,0.0,0.0,0.0,4.28,0.0,0.0,4.28
2/2/2026,2018.0,20190275.0,16693.0,18092.0,"SFPP, LP",Refined and/or Petroleum Product (non-HVL),INTRASTATE,TEXAS,5.57,0.0,5.57,0.07,0.0,0.0,0.0,0.07,0.0,0.0,0.0,0.0,0.0,0.0,0.0,0.0,0.0,0.0,0.0,0.0,0.0,0.0,5.64,0.0,0.0,5.64
2/2/2026,2018.0,20190316.0,16739.0,18275.0,SHELL CHEMICAL CO,Crude Oil,INTRASTATE,ALABAMA,6.3,0.0,6.3,0.0,0.0,0.0,0.0,0.0,0.0,0.0,0.0,0.0,0.0,0.0,0.0,0.0,0.0,0.0,0.0,0.0,0.0,0.0,6.3,0.0,0.0,6.3
2/2/2026,2018.0,20190317.0,16740.0,18275.0,SHELL CHEMICAL CO,Refined and/or Petroleum Product (non-HVL),INTRASTATE,ALABAMA,6.3,0.0,6.3,0.0,0.0,0.0,0.0,0.0,0.0,0.0,0.0,0.0,0.0,0.0,0.0,0.0,0.0,0.0,0.0,0.0,0.0,0.0,6.3,0.0,0.0,6.3
2/2/2026,2018.0,20190069.0,16462.0,18386.0,BP OIL PIPELINE CO,Refined and/or Petroleum Product (non-HVL),INTERSTATE,KENTUCKY,1.0,0.0,1.0,0.0,0.0,0.0,0.0,0.0,0.0,0.0,0.0,0.0,0.0,0.0,0.0,0.0,0.0,0.0,0.0,0.0,0.0,0.0,1.0,0.0,0.0,1.0
2/2/2026,2018.0,20190069.0,16462.0,18386.0,BP OIL PIPELINE CO,Refined and/or Petroleum Product (non-HVL),INTERSTATE,OHIO,91.9,0.0,91.9,0.0,0.0,0.0,0.0,0.0,0.0,0.0,0.0,0.0,0.0,0.0,0.0,0.0,0.0,0.0,0.0,0.0,0.0,0.0,91.9,0.0,0.0,91.9
2/2/2026,2018.0,20190069.0,16462.0,18386.0,BP OIL PIPELINE CO,Refined and/or Petroleum Product (non-HVL),INTRASTATE,OHIO,15.4,0.0,15.4,0.0,0.0,0.0,0.0,0.0,0.0,0.0,0.0,0.0,0.0,0.0,0.0,0.0,0.0,0.0,0.0,0.0,0.0,0.0,15.4,0.0,0.0,15.4
2/2/2026,2018.0,20190144.0,16545.0,18667.0,FREEPORT-MCMORAN OIL & GAS,Crude Oil,INTERSTATE,CALIFORNIA,24.31,15.33,39.64,0.0,18.08,4.17,0.0,22.25,0.0,0.0,0.0,0.0,0.0,0.0,0.0,0.0,0.0,0.0,0.0,0.0,0.0,0.0,42.39,19.5,0.0,61.89
2/2/2026,2018.0,20190144.0,16545.0,18667.0,FREEPORT-MCMORAN OIL & GAS,Crude Oil,INTERSTATE,OCS-Pacific,0.0,4.26,4.26,0.0,0.0,6.23,0.0,6.23,0.0,0.0,0.0,0.0,0.0,0.0,0.0,0.0,0.0,0.0,0.0,0.0,0.0,0.0,0.0,10.49,0.0,10.49
2/2/2026,2018.0,20190416.0,16847.0,18678.0,ST LOUIS PIPELINE OPERATING LLC,Refined and/or Petroleum Product (non-HVL),INTERSTATE,ILLINOIS,0.0,0.0,0.0,6.504,0.0,0.0,0.0,6.504,0.0,0.0,0.0,0.0,0.0,0.0,0.0,0.0,0.0,0.0,0.0,0.0,0.0,0.0,6.504,0.0,0.0,6.504
2/2/2026,2018.0,20190416.0,16847.0,18678.0,ST LOUIS PIPELINE OPERATING LLC,Refined and/or Petroleum Product (non-HVL),INTERSTATE,MISSOURI,0.0,0.0,0.0,15.315,0.0,0.0,0.0,15.315,0.0,0.0,0.0,0.0,0.0,0.0,0.0,0.0,0.0,0.0,0.0,0.0,0.0,0.0,15.315,0.0,0.0,15.315
2/2/2026,2018.0,20190322.0,16745.0,18718.0,SUNOCO PIPELINE L.P.,Crude Oil,INTERSTATE,LOUISIANA,0.75,0.0,0.75,0.0,0.0,0.0,0.0,0.0,0.0,0.0,0.0,0.0,0.0,0.0,0.0,0.0,0.0,0.0,0.0,0.0,0.0,0.0,0.75,0.0,0.0,0.75
2/2/2026,2018.0,20190322.0,16745.0,18718.0,SUNOCO PIPELINE L.P.,Crude Oil,INTERSTATE,MICHIGAN,117.52,0.0,117.52,0.0,0.0,0.0,0.0,0.0,0.0,0.0,0.0,0.0,0.0,0.0,0.0,0.0,0.0,0.0,0.0,0.0,0.0,0.0,117.52,0.0,0.0,117.52
2/2/2026,2018.0,20190322.0,16745.0,18718.0,SUNOCO PIPELINE L.P.,Crude Oil,INTERSTATE,NEW MEXICO,25.03,0.0,25.03,0.0,0.0,0.0,0.0,0.0,0.0,0.0,0.0,0.0,0.0,0.0,0.0,0.0,0.0,0.0,0.0,0.0,0.0,0.0,25.03,0.0,0.0,25.03
2/2/2026,2018.0,20190322.0,16745.0,18718.0,SUNOCO PIPELINE L.P.,Crude Oil,INTERSTATE,OHIO,10.65,0.0,10.65,0.0,0.0,0.0,0.0,0.0,0.0,0.0,0.0,0.0,0.0,0.0,0.0,0.0,0.0,0.0,0.0,0.0,0.0,0.0,10.65,0.0,0.0,10.65
2/2/2026,2018.0,20190322.0,16745.0,18718.0,SUNOCO PIPELINE L.P.,Crude Oil,INTERSTATE,OKLAHOMA,149.57,0.0,149.57,0.0,0.0,0.0,0.0,0.0,0.0,0.0,0.0,0.0,0.0,0.0,0.0,0.0,0.0,0.0,0.0,0.0,0.0,0.0,149.57,0.0,0.0,149.57
2/2/2026,2018.0,20190322.0,16745.0,18718.0,SUNOCO PIPELINE L.P.,Crude Oil,INTERSTATE,PENNSYLVANIA,10.51,0.0,10.51,0.0,0.0,0.0,0.0,0.0,0.0,0.0,0.0,0.0,0.0,0.0,0.0,0.0,0.0,0.0,0.0,0.0,0.0,0.0,10.51,0.0,0.0,10.51
2/2/2026,2018.0,20190322.0,16745.0,18718.0,SUNOCO PIPELINE L.P.,Crude Oil,INTERSTATE,TEXAS,1026.03,0.0,1026.03,0.0,0.0,0.0,0.0,0.0,0.0,0.0,0.0,0.0,0.0,0.0,0.0,0.0,0.0,0.0,0.0,0.0,0.0,0.0,1026.03,0.0,0.0,1026.03
2/2/2026,2018.0,20190322.0,16745.0,18718.0,SUNOCO PIPELINE L.P.,Crude Oil,INTRASTATE,OKLAHOMA,451.09,0.0,451.09,3.0,66.4,0.0,0.0,69.4,0.0,0.0,0.0,0.0,0.0,0.0,0.0,0.0,0.0,0.0,1.6,0.0,0.0,1.6,522.09,0.0,0.0,522.09
2/2/2026,2018.0,20190322.0,16745.0,18718.0,SUNOCO PIPELINE L.P.,Crude Oil,INTRASTATE,TEXAS,1443.77,0.0,1443.77,4.7,33.3,0.0,0.0,38.0,0.0,0.0,0.0,0.0,0.0,0.0,0.0,0.0,0.0,0.0,0.0,0.0,0.0,0.0,1481.77,0.0,0.0,1481.77
2/2/2026,2018.0,20190320.0,16743.0,18718.0,SUNOCO PIPELINE L.P.,HVL,INTERSTATE,DELAWARE,1.34,0.0,1.34,0.0,0.0,0.0,0.0,0.0,0.0,0.0,0.0,0.0,0.0,0.0,0.0,0.0,0.0,0.0,0.0,0.0,0.0,0.0,1.34,0.0,0.0,1.34
2/2/2026,2018.0,20190320.0,16743.0,18718.0,SUNOCO PIPELINE L.P.,HVL,INTERSTATE,MICHIGAN,165.05,0.0,165.05,0.0,0.0,0.0,0.0,0.0,0.0,0.0,0.0,0.0,0.0,0.0,0.0,0.0,0.0,0.0,0.0,0.0,0.0,0.0,165.05,0.0,0.0,165.05
2/2/2026,2018.0,20190320.0,16743.0,18718.0,SUNOCO PIPELINE L.P.,HVL,INTERSTATE,NEW JERSEY,11.98,0.0,11.98,0.0,0.0,0.0,0.0,0.0,0.0,0.0,0.0,0.0,0.0,0.0,0.0,0.0,0.0,0.0,0.0,0.0,0.0,0.0,11.98,0.0,0.0,11.98
2/2/2026,2018.0,20190320.0,16743.0,18718.0,SUNOCO PIPELINE L.P.,HVL,INTERSTATE,OHIO,265.14,0.0,265.14,0.0,0.0,0.0,0.0,0.0,0.0,0.0,0.0,0.0,0.0,0.0,0.0,0.0,0.0,0.0,0.0,0.0,0.0,0.0,265.14,0.0,0.0,265.14
2/2/2026,2018.0,20190320.0,16743.0,18718.0,SUNOCO PIPELINE L.P.,HVL,INTERSTATE,PENNSYLVANIA,442.62,0.0,442.62,3.7,0.0,0.0,0.0,3.7,0.0,0.0,0.0,0.0,0.0,0.0,0.0,0.0,0.0,0.0,0.0,0.0,0.0,0.0,446.32,0.0,0.0,446.32
2/2/2026,2018.0,20190320.0,16743.0,18718.0,SUNOCO PIPELINE L.P.,HVL,INTERSTATE,WEST VIRGINIA,10.16,0.0,10.16,0.0,0.0,0.0,0.0,0.0,0.0,0.0,0.0,0.0,0.0,0.0,0.0,0.0,0.0,0.0,0.0,0.0,0.0,0.0,10.16,0.0,0.0,10.16
2/2/2026,2018.0,20190320.0,16743.0,18718.0,SUNOCO PIPELINE L.P.,HVL,INTRASTATE,TEXAS,120.46,0.0,120.46,0.0,0.0,0.0,0.0,0.0,0.0,0.0,0.0,0.0,0.0,0.0,0.0,0.0,0.0,0.0,0.0,0.0,0.0,0.0,120.46,0.0,0.0,120.46
2/2/2026,2018.0,20190321.0,16744.0,18718.0,SUNOCO PIPELINE L.P.,Refined and/or Petroleum Product (non-HVL),INTERSTATE,DELAWARE,2.6,0.0,2.6,0.0,0.0,0.0,0.0,0.0,0.0,0.0,0.0,0.0,0.0,0.0,0.0,0.0,0.0,0.0,0.0,0.0,0.0,0.0,2.6,0.0,0.0,2.6
2/2/2026,2018.0,20190321.0,16744.0,18718.0,SUNOCO PIPELINE L.P.,Refined and/or Petroleum Product (non-HVL),INTERSTATE,MICHIGAN,52.99,0.0,52.99,0.2,0.0,0.0,0.0,0.2,0.0,0.0,0.0,0.0,0.0,0.0,0.0,0.0,0.0,0.0,0.0,0.0,0.0,0.0,53.19,0.0,0.0,53.19
2/2/2026,2018.0,20190321.0,16744.0,18718.0,SUNOCO PIPELINE L.P.,Refined and/or Petroleum Product (non-HVL),INTERSTATE,NEW JERSEY,99.36,0.0,99.36,0.0,0.0,0.0,0.0,0.0,0.0,0.0,0.0,0.0,0.0,0.0,0.0,0.0,0.0,0.0,0.0,0.0,0.0,0.0,99.36,0.0,0.0,99.36
2/2/2026,2018.0,20190321.0,16744.0,18718.0,SUNOCO PIPELINE L.P.,Refined and/or Petroleum Product (non-HVL),INTERSTATE,NEW YORK,162.62,0.0,162.62,0.0,0.0,0.0,0.0,0.0,0.0,0.0,0.0,0.0,0.0,0.0,0.0,0.0,0.0,0.0,0.0,0.0,0.0,0.0,162.62,0.0,0.0,162.62
2/2/2026,2018.0,20190321.0,16744.0,18718.0,SUNOCO PIPELINE L.P.,Refined and/or Petroleum Product (non-HVL),INTERSTATE,OHIO,293.64,0.0,293.64,2.44,0.0,0.0,0.0,2.44,0.0,0.0,0.0,0.0,0.0,0.0,0.0,0.0,0.0,0.0,0.0,0.0,0.0,0.0,296.08,0.0,0.0,296.08
2/2/2026,2018.0,20190321.0,16744.0,18718.0,SUNOCO PIPELINE L.P.,Refined and/or Petroleum Product (non-HVL),INTERSTATE,PENNSYLVANIA,614.2,0.0,614.2,1.62,0.0,0.0,0.0,1.62,0.0,0.0,0.0,0.0,0.0,0.0,0.0,0.0,0.0,0.0,0.0,0.0,0.0,0.0,615.82,0.0,0.0,615.82
2/2/2026,2018.0,20190321.0,16744.0,18718.0,SUNOCO PIPELINE L.P.,Refined and/or Petroleum Product (non-HVL),INTRASTATE,MASSACHUSETTS,0.8,0.0,0.8,0.0,0.0,0.0,0.0,0.0,0.0,0.0,0.0,0.0,0.0,0.0,0.0,0.0,0.0,0.0,0.0,0.0,0.0,0.0,0.8,0.0,0.0,0.8
2/2/2026,2018.0,20190321.0,16744.0,18718.0,SUNOCO PIPELINE L.P.,Refined and/or Petroleum Product (non-HVL),INTRASTATE,TEXAS,876.4,0.0,876.4,0.0,0.0,0.0,0.0,0.0,0.0,0.0,0.0,0.0,0.0,0.0,0.0,0.0,0.0,0.0,0.0,0.0,0.0,0.0,876.4,0.0,0.0,876.4
2/2/2026,2018.0,20190089.0,16483.0,19102.0,ENERGEN RESOURCES CORP.,CO2,INTRASTATE,TEXAS,1.5,0.0,1.5,0.0,0.0,0.0,0.0,0.0,0.0,0.0,0.0,0.0,0.0,0.0,0.0,0.0,0.0,0.0,0.0,0.0,0.0,0.0,1.5,0.0,0.0,1.5
2/2/2026,2018.0,20190392.0,16819.0,19319.0,"TPC GROUP, LLC",HVL,INTRASTATE,LOUISIANA,0.0,0.0,0.0,1.871,0.0,0.0,0.0,1.871,0.0,0.0,0.0,0.0,0.0,0.0,0.0,0.0,0.0,0.0,0.0,0.0,0.0,0.0,1.871,0.0,0.0,1.871
2/2/2026,2018.0,20190392.0,16819.0,19319.0,"TPC GROUP, LLC",HVL,INTRASTATE,TEXAS,107.101,0.0,107.101,12.885,0.0,0.0,0.0,12.885,0.0,0.0,0.0,0.0,0.0,0.0,0.0,0.0,0.0,0.0,0.0,0.0,0.0,0.0,119.986,0.0,0.0,119.986
2/2/2026,2018.0,20190393.0,16820.0,19319.0,"TPC GROUP, LLC",Refined and/or Petroleum Product (non-HVL),INTRASTATE,LOUISIANA,0.0,0.0,0.0,0.684,0.0,0.0,0.0,0.684,0.0,0.0,0.0,0.0,0.0,0.0,0.0,0.0,0.0,0.0,0.0,0.0,0.0,0.0,0.684,0.0,0.0,0.684
2/2/2026,2018.0,20190393.0,16820.0,19319.0,"TPC GROUP, LLC",Refined and/or Petroleum Product (non-HVL),INTRASTATE,TEXAS,15.856,0.0,15.856,0.0,0.0,0.0,0.0,0.0,0.0,0.0,0.0,0.0,0.0,0.0,0.0,0.0,0.0,0.0,0.0,0.0,0.0,0.0,15.856,0.0,0.0,15.856
2/2/2026,2018.0,20190290.0,16708.0,19410.0,THUMS LONG BEACH CO,Crude Oil,INTRASTATE,CALIFORNIA,0.0,0.0,0.0,4.39,0.0,10.19,0.0,14.58,0.0,0.0,0.0,0.0,0.0,0.0,0.0,0.0,0.0,0.08,0.0,0.0,0.0,0.08,4.47,10.19,0.0,14.66
2/2/2026,2018.0,20190538.0,16969.0,19481.0,T & M TERMINAL CO,Refined and/or Petroleum Product (non-HVL),INTERSTATE,MISSISSIPPI,0.0,0.0,0.0,0.0,1.46,0.0,0.0,1.46,0.0,0.0,0.0,0.0,0.0,0.0,0.0,0.0,0.0,0.0,0.0,0.0,0.0,0.0,1.46,0.0,0.0,1.46
2/2/2026,2018.0,20190434.0,16865.0,19585.0,TRANS MOUNTAIN PIPELINE (PUGET SOUND) LLC,Crude Oil,INTERSTATE,WASHINGTON,64.0,0.0,64.0,0.0,0.0,0.0,0.0,0.0,0.0,0.0,0.0,0.0,0.0,0.0,0.0,0.0,0.0,0.0,0.0,0.0,0.0,0.0,64.0,0.0,0.0,64.0
2/2/2026,2018.0,20190083.0,16477.0,19892.0,UCAR PIPELINE INCORPORATED,HVL,INTRASTATE,LOUISIANA,69.87,0.0,69.87,0.0,0.0,0.0,0.0,0.0,0.0,0.0,0.0,0.0,0.0,0.0,0.0,0.0,0.0,0.0,0.0,0.0,0.0,0.0,69.87,0.0,0.0,69.87
2/2/2026,2018.0,20193688.0,16345.0,20046.0,UNION CARBIDE CHEMICALS & PLASTICS CO INC,HVL,INTRASTATE,WEST VIRGINIA,7.1,0.0,7.1,0.0,0.0,0.0,0.0,0.0,0.0,0.0,0.0,0.0,0.0,0.0,0.0,0.0,0.0,0.0,0.0,0.0,0.0,0.0,7.1,0.0,0.0,7.1
2/2/2026,2018.0,20190619.0,17051.0,20202.0,ULTRAMAR INC,Crude Oil,INTRASTATE,CALIFORNIA,4.3,0.0,4.3,0.0,0.0,0.0,0.0,0.0,0.0,0.0,0.0,0.0,0.0,0.0,0.0,0.0,0.0,0.0,0.0,0.0,0.0,0.0,4.3,0.0,0.0,4.3
2/2/2026,2018.0,20190620.0,17052.0,20202.0,ULTRAMAR INC,HVL,INTRASTATE,CALIFORNIA,7.62,0.0,7.62,0.0,0.0,0.0,0.0,0.0,0.0,0.0,0.0,0.0,0.0,0.0,0.0,0.0,0.0,0.0,0.0,0.0,0.0,0.0,7.62,0.0,0.0,7.62
2/2/2026,2018.0,20190621.0,17053.0,20202.0,ULTRAMAR INC,Refined and/or Petroleum Product (non-HVL),INTRASTATE,CALIFORNIA,24.15,0.0,24.15,0.0,0.0,0.0,0.0,0.0,0.0,0.0,0.0,0.0,0.0,0.0,0.0,0.0,0.0,0.0,0.0,0.0,0.0,0.0,24.15,0.0,0.0,24.15
2/2/2026,2018.0,20190506.0,16937.0,21359.0,SASOL CHEMICALS USA LLC,Refined and/or Petroleum Product (non-HVL),INTRASTATE,LOUISIANA,1.98,0.0,1.98,10.72,0.0,0.0,0.0,10.72,0.0,0.0,0.0,0.0,0.0,0.0,0.0,0.0,0.0,0.0,0.0,0.0,0.0,0.0,12.7,0.0,0.0,12.7
2/2/2026,2018.0,20190401.0,16828.0,22430.0,WEST SHORE PIPELINE CO,Crude Oil,INTERSTATE,ILLINOIS,3.582,0.0,3.582,0.0,0.0,0.0,0.0,0.0,0.0,0.0,0.0,0.0,0.0,0.0,0.0,0.0,0.0,0.0,0.0,0.0,0.0,0.0,3.582,0.0,0.0,3.582
2/2/2026,2018.0,20190402.0,16829.0,22430.0,WEST SHORE PIPELINE CO,Refined and/or Petroleum Product (non-HVL),INTERSTATE,ILLINOIS,377.646,0.0,377.646,6.316,0.0,0.0,0.0,6.316,0.0,0.0,0.0,0.0,0.0,0.0,0.0,0.0,0.0,0.0,0.0,0.0,0.0,0.0,383.962,0.0,0.0,383.962
2/2/2026,2018.0,20190402.0,16829.0,22430.0,WEST SHORE PIPELINE CO,Refined and/or Petroleum Product (non-HVL),INTERSTATE,INDIANA,11.762,0.0,11.762,5.446,0.0,0.0,0.0,5.446,0.0,0.0,0.0,0.0,0.0,0.0,0.0,0.0,0.0,0.0,0.0,0.0,0.0,0.0,17.208,0.0,0.0,17.208
2/2/2026,2018.0,20190402.0,16829.0,22430.0,WEST SHORE PIPELINE CO,Refined and/or Petroleum Product (non-HVL),INTERSTATE,WISCONSIN,209.891,0.0,209.891,2.937,0.0,0.0,0.0,2.937,0.0,0.0,0.0,0.0,0.0,0.0,0.0,0.0,0.0,0.0,0.0,0.0,0.0,0.0,212.828,0.0,0.0,212.828
2/2/2026,2018.0,20190323.0,16746.0,22442.0,WEST TEXAS GULF PIPELINE CO,Crude Oil,INTERSTATE,TEXAS,583.25,0.0,583.25,0.0,0.0,0.0,0.0,0.0,0.0,0.0,0.0,0.0,0.0,0.0,0.0,0.0,0.0,0.0,0.0,0.0,0.0,0.0,583.25,0.0,0.0,583.25
2/2/2026,2018.0,20190190.0,16601.0,22465.0,TARGA PIPELINE MID-CONTINENT WESTTEX LLC,Refined and/or Petroleum Product (non-HVL),INTRASTATE,TEXAS,6.69,0.0,6.69,0.0,0.0,0.0,0.0,0.0,0.0,0.0,0.0,0.0,0.0,0.0,0.0,0.0,0.0,0.0,0.0,0.0,0.0,0.0,6.69,0.0,0.0,6.69
2/2/2026,2018.0,20190108.0,16504.0,22610.0,"MAGELLAN PIPELINE COMPANY, LP",Crude Oil,INTERSTATE,COLORADO,210.91,0.0,210.91,0.0,0.0,0.0,0.0,0.0,0.0,0.0,0.0,0.0,0.0,0.0,0.0,0.0,0.0,0.0,0.0,0.0,0.0,0.0,210.91,0.0,0.0,210.91
2/2/2026,2018.0,20190108.0,16504.0,22610.0,"MAGELLAN PIPELINE COMPANY, LP",Crude Oil,INTERSTATE,KANSAS,342.04,0.0,342.04,0.0,21.14,0.0,0.0,21.14,0.0,0.0,0.0,0.0,0.0,0.0,0.0,0.0,0.0,0.0,0.0,0.0,0.0,0.0,363.18,0.0,0.0,363.18
2/2/2026,2018.0,20190108.0,16504.0,22610.0,"MAGELLAN PIPELINE COMPANY, LP",Crude Oil,INTERSTATE,OKLAHOMA,227.41,0.0,227.41,4.31,1.7,0.0,0.0,6.01,0.0,0.0,0.0,0.0,0.0,0.0,0.0,0.0,0.0,0.0,0.0,0.0,0.0,0.0,233.42,0.0,0.0,233.42
2/2/2026,2018.0,20190108.0,16504.0,22610.0,"MAGELLAN PIPELINE COMPANY, LP",Crude Oil,INTERSTATE,TEXAS,408.37,0.0,408.37,0.0,0.0,0.0,0.0,0.0,0.0,0.0,0.0,0.0,0.0,0.0,0.0,0.0,0.0,0.0,0.0,0.0,0.0,0.0,408.37,0.0,0.0,408.37
2/2/2026,2018.0,20190108.0,16504.0,22610.0,"MAGELLAN PIPELINE COMPANY, LP",Crude Oil,INTERSTATE,WYOMING,9.94,0.0,9.94,0.0,0.0,0.0,0.0,0.0,0.0,0.0,0.0,0.0,0.0,0.0,0.0,0.0,0.0,0.0,0.0,0.0,0.0,0.0,9.94,0.0,0.0,9.94
2/2/2026,2018.0,20190108.0,16504.0,22610.0,"MAGELLAN PIPELINE COMPANY, LP",Crude Oil,INTRASTATE,OKLAHOMA,68.67,0.0,68.67,0.0,0.0,0.0,0.0,0.0,0.0,0.0,0.0,0.0,0.0,0.0,0.0,0.0,0.0,0.0,0.0,0.0,0.0,0.0,68.67,0.0,0.0,68.67
2/2/2026,2018.0,20190097.0,16491.0,22610.0,"MAGELLAN PIPELINE COMPANY, LP",HVL,INTERSTATE,ILLINOIS,63.12,0.0,63.12,0.0,0.0,0.0,0.0,0.0,0.0,0.0,0.0,0.0,0.0,0.0,0.0,0.0,0.0,0.0,0.0,0.0,0.0,0.0,63.12,0.0,0.0,63.12
2/2/2026,2018.0,20190097.0,16491.0,22610.0,"MAGELLAN PIPELINE COMPANY, LP",HVL,INTERSTATE,IOWA,362.04,0.0,362.04,8.02,69.06,0.0,0.0,77.08,0.0,0.0,0.0,0.0,0.0,0.0,0.0,0.0,0.0,0.0,0.0,0.0,0.0,0.0,439.12,0.0,0.0,439.12
2/2/2026,2018.0,20190097.0,16491.0,22610.0,"MAGELLAN PIPELINE COMPANY, LP",HVL,INTERSTATE,KANSAS,1.47,0.0,1.47,3.33,0.0,0.0,0.0,3.33,0.0,0.0,0.0,0.0,0.0,0.0,0.0,0.0,0.0,0.0,0.0,0.0,0.0,0.0,4.8,0.0,0.0,4.8
2/2/2026,2018.0,20190097.0,16491.0,22610.0,"MAGELLAN PIPELINE COMPANY, LP",HVL,INTERSTATE,MINNESOTA,0.04,0.0,0.04,0.0,0.0,0.0,0.0,0.0,0.0,0.0,0.0,0.0,0.0,0.0,0.0,0.0,0.0,0.0,0.0,0.0,0.0,0.0,0.04,0.0,0.0,0.04
2/2/2026,2018.0,20190097.0,16491.0,22610.0,"MAGELLAN PIPELINE COMPANY, LP",HVL,INTERSTATE,MISSOURI,121.21,0.0,121.21,4.09,0.68,0.0,0.0,4.77,0.0,0.0,0.0,0.0,0.0,0.0,0.0,0.0,0.0,0.0,0.0,0.0,0.0,0.0,125.98,0.0,0.0,125.98
2/2/2026,2018.0,20190097.0,16491.0,22610.0,"MAGELLAN PIPELINE COMPANY, LP",HVL,INTERSTATE,SOUTH DAKOTA,0.0,0.0,0.0,0.0,20.72,0.0,0.0,20.72,0.0,0.0,0.0,0.0,0.0,0.0,0.0,0.0,0.0,0.0,0.0,0.0,0.0,0.0,20.72,0.0,0.0,20.72
2/2/2026,2018.0,20190098.0,16492.0,22610.0,"MAGELLAN PIPELINE COMPANY, LP",Refined and/or Petroleum Product (non-HVL),INTERSTATE,ARKANSAS,217.49,0.0,217.49,6.06,0.0,0.0,0.0,6.06,0.0,0.0,0.0,0.0,0.0,0.0,0.0,0.0,0.0,0.0,0.0,0.0,0.0,0.0,223.55,0.0,0.0,223.55
2/2/2026,2018.0,20190098.0,16492.0,22610.0,"MAGELLAN PIPELINE COMPANY, LP",Refined and/or Petroleum Product (non-HVL),INTERSTATE,COLORADO,336.92,0.0,336.92,21.29,0.31,0.0,0.0,21.6,0.0,0.0,0.0,0.0,0.0,0.0,0.0,0.0,0.0,0.0,0.0,0.0,0.0,0.0,358.52,0.0,0.0,358.52
2/2/2026,2018.0,20190098.0,16492.0,22610.0,"MAGELLAN PIPELINE COMPANY, LP",Refined and/or Petroleum Product (non-HVL),INTERSTATE,ILLINOIS,180.97,0.0,180.97,33.23,50.03,0.0,0.0,83.26,0.0,0.0,0.0,0.0,0.0,0.0,0.0,0.0,0.0,0.0,0.0,0.0,0.0,0.0,264.23,0.0,0.0,264.23
2/2/2026,2018.0,20190098.0,16492.0,22610.0,"MAGELLAN PIPELINE COMPANY, LP",Refined and/or Petroleum Product (non-HVL),INTERSTATE,IOWA,844.82,0.0,844.82,4.42,6.5,0.0,0.0,10.92,0.0,0.0,0.0,0.0,0.0,0.0,0.0,0.0,0.0,0.0,0.0,0.0,0.0,0.0,855.74,0.0,0.0,855.74
2/2/2026,2018.0,20190098.0,16492.0,22610.0,"MAGELLAN PIPELINE COMPANY, LP",Refined and/or Petroleum Product (non-HVL),INTERSTATE,KANSAS,1926.57,0.0,1926.57,9.84,5.15,0.0,0.0,14.99,0.0,0.0,0.0,0.0,0.0,0.0,0.0,0.0,0.0,0.0,0.0,0.0,0.0,0.0,1941.56,0.0,0.0,1941.56
2/2/2026,2018.0,20190098.0,16492.0,22610.0,"MAGELLAN PIPELINE COMPANY, LP",Refined and/or Petroleum Product (non-HVL),INTERSTATE,MINNESOTA,1025.07,0.0,1025.07,13.67,0.01,0.0,0.0,13.68,0.0,0.0,0.0,0.0,0.0,0.0,0.0,0.0,0.0,0.0,0.0,0.0,0.0,0.0,1038.75,0.0,0.0,1038.75
2/2/2026,2018.0,20190098.0,16492.0,22610.0,"MAGELLAN PIPELINE COMPANY, LP",Refined and/or Petroleum Product (non-HVL),INTERSTATE,MISSOURI,505.62,0.0,505.62,36.79,2.68,0.0,0.0,39.47,0.0,0.0,0.0,0.0,0.0,0.0,0.0,0.0,0.0,0.0,0.0,0.0,0.0,0.0,545.09,0.0,0.0,545.09
2/2/2026,2018.0,20190098.0,16492.0,22610.0,"MAGELLAN PIPELINE COMPANY, LP",Refined and/or Petroleum Product (non-HVL),INTERSTATE,NEBRASKA,351.91,0.0,351.91,12.36,3.68,0.0,0.0,16.04,0.0,0.0,0.0,0.0,0.0,0.0,0.0,0.0,0.0,0.0,0.0,0.0,0.0,0.0,367.95,0.0,0.0,367.95
2/2/2026,2018.0,20190098.0,16492.0,22610.0,"MAGELLAN PIPELINE COMPANY, LP",Refined and/or Petroleum Product (non-HVL),INTERSTATE,NEW MEXICO,247.39,0.0,247.39,0.27,0.0,0.0,0.0,0.27,0.0,0.0,0.0,0.0,0.0,0.0,0.0,0.0,0.0,0.0,0.0,0.0,0.0,0.0,247.66,0.0,0.0,247.66
2/2/2026,2018.0,20190098.0,16492.0,22610.0,"MAGELLAN PIPELINE COMPANY, LP",Refined and/or Petroleum Product (non-HVL),INTERSTATE,NORTH DAKOTA,87.29,0.0,87.29,0.0,0.0,0.0,0.0,0.0,0.0,0.0,0.0,0.0,0.0,0.0,0.0,0.0,0.0,0.0,0.0,0.0,0.0,0.0,87.29,0.0,0.0,87.29
2/2/2026,2018.0,20190098.0,16492.0,22610.0,"MAGELLAN PIPELINE COMPANY, LP",Refined and/or Petroleum Product (non-HVL),INTERSTATE,OKLAHOMA,975.08,0.0,975.08,23.29,17.92,0.0,0.0,41.21,0.0,0.0,0.0,0.0,0.0,0.0,0.0,0.0,0.0,0.0,0.0,0.0,0.0,0.0,1016.29,0.0,0.0,1016.29
2/2/2026,2018.0,20190098.0,16492.0,22610.0,"MAGELLAN PIPELINE COMPANY, LP",Refined and/or Petroleum Product (non-HVL),INTERSTATE,SOUTH DAKOTA,184.41,0.0,184.41,0.0,0.27,0.0,0.0,0.27,0.0,0.0,0.0,0.0,0.0,0.0,0.0,0.0,0.0,0.0,0.0,0.0,0.0,0.0,184.68,0.0,0.0,184.68
2/2/2026,2018.0,20190098.0,16492.0,22610.0,"MAGELLAN PIPELINE COMPANY, LP",Refined and/or Petroleum Product (non-HVL),INTERSTATE,TEXAS,1355.77,0.0,1355.77,14.58,124.07,0.0,0.0,138.65,0.0,0.0,0.0,0.0,0.0,0.0,0.0,0.0,0.0,0.0,0.0,0.0,0.0,0.0,1494.42,0.0,0.0,1494.42
2/2/2026,2018.0,20190098.0,16492.0,22610.0,"MAGELLAN PIPELINE COMPANY, LP",Refined and/or Petroleum Product (non-HVL),INTERSTATE,WISCONSIN,94.22,0.0,94.22,11.45,66.3,0.0,0.0,77.75,0.0,0.0,0.0,0.0,0.0,0.0,0.0,0.0,0.0,0.0,0.0,0.0,0.0,0.0,171.97,0.0,0.0,171.97
2/2/2026,2018.0,20190098.0,16492.0,22610.0,"MAGELLAN PIPELINE COMPANY, LP",Refined and/or Petroleum Product (non-HVL),INTERSTATE,WYOMING,271.64,0.0,271.64,0.0,0.0,0.0,0.0,0.0,0.0,0.0,0.0,0.0,0.0,0.0,0.0,0.0,0.0,0.0,0.0,0.0,0.0,0.0,271.64,0.0,0.0,271.64
2/2/2026,2018.0,20190098.0,16492.0,22610.0,"MAGELLAN PIPELINE COMPANY, LP",Refined and/or Petroleum Product (non-HVL),INTRASTATE,TEXAS,26.96,0.0,26.96,0.22,0.0,0.0,0.0,0.22,0.0,0.0,0.0,0.0,0.0,0.0,0.0,0.0,0.0,0.0,0.0,0.0,0.0,0.0,27.18,0.0,0.0,27.18
2/2/2026,2018.0,20190511.0,16942.0,22830.0,WOLVERINE PIPELINE CO,Refined and/or Petroleum Product (non-HVL),INTERSTATE,ILLINOIS,92.76,0.0,92.76,0.0,0.0,0.0,0.0,0.0,0.0,0.0,0.0,0.0,0.0,0.0,0.0,0.0,0.0,0.0,0.0,0.0,0.0,0.0,92.76,0.0,0.0,92.76
2/2/2026,2018.0,20190511.0,16942.0,22830.0,WOLVERINE PIPELINE CO,Refined and/or Petroleum Product (non-HVL),INTERSTATE,INDIANA,163.61,0.0,163.61,0.0,0.0,0.0,0.0,0.0,0.0,0.0,0.0,0.0,0.0,0.0,0.0,0.0,0.0,0.0,0.0,0.0,0.0,0.0,163.61,0.0,0.0,163.61
2/2/2026,2018.0,20190511.0,16942.0,22830.0,WOLVERINE PIPELINE CO,Refined and/or Petroleum Product (non-HVL),INTERSTATE,MICHIGAN,692.96,0.0,692.96,0.0,0.0,0.0,0.0,0.0,0.0,0.0,0.0,0.0,0.0,0.0,0.0,0.0,0.0,0.0,0.0,0.0,0.0,0.0,692.96,0.0,0.0,692.96
2/2/2026,2018.0,20190377.0,16804.0,22855.0,"FLINT HILLS RESOURCES, LC",Crude Oil,INTERSTATE,ILLINOIS,3.87,0.0,3.87,1.17,0.0,0.0,0.0,1.17,0.0,0.0,0.0,0.0,0.0,0.0,0.0,0.0,0.0,0.0,0.0,0.0,0.0,0.0,5.04,0.0,0.0,5.04
2/2/2026,2018.0,20190377.0,16804.0,22855.0,"FLINT HILLS RESOURCES, LC",Crude Oil,INTERSTATE,IOWA,192.0,0.0,192.0,0.0,0.0,0.0,0.0,0.0,0.0,0.0,0.0,0.0,0.0,0.0,0.0,0.0,0.0,0.0,0.0,0.0,0.0,0.0,192.0,0.0,0.0,192.0
2/2/2026,2018.0,20190377.0,16804.0,22855.0,"FLINT HILLS RESOURCES, LC",Crude Oil,INTERSTATE,MINNESOTA,986.64,0.0,986.64,0.0,0.0,0.0,0.0,0.0,0.0,0.0,0.0,0.0,0.0,0.0,0.0,0.0,0.0,0.0,0.0,0.0,0.0,0.0,986.64,0.0,0.0,986.64
2/2/2026,2018.0,20190377.0,16804.0,22855.0,"FLINT HILLS RESOURCES, LC",Crude Oil,INTERSTATE,MISSOURI,250.02,0.0,250.02,0.0,0.0,0.0,0.0,0.0,0.0,0.0,0.0,0.0,0.0,0.0,0.0,0.0,0.0,0.0,0.0,0.0,0.0,0.0,250.02,0.0,0.0,250.02
2/2/2026,2018.0,20190377.0,16804.0,22855.0,"FLINT HILLS RESOURCES, LC",Crude Oil,INTRASTATE,TEXAS,643.01,0.0,643.01,0.0,0.0,0.0,0.0,0.0,0.0,0.0,0.0,0.0,0.0,0.0,0.0,0.0,0.0,0.0,0.0,0.0,0.0,0.0,643.01,0.0,0.0,643.01
2/2/2026,2018.0,20190378.0,16805.0,22855.0,"FLINT HILLS RESOURCES, LC",HVL,INTERSTATE,MINNESOTA,16.47,0.0,16.47,0.0,0.0,0.0,0.0,0.0,0.0,0.0,0.0,0.0,0.0,0.0,0.0,0.0,0.0,0.0,0.0,0.0,0.0,0.0,16.47,0.0,0.0,16.47
2/2/2026,2018.0,20190378.0,16805.0,22855.0,"FLINT HILLS RESOURCES, LC",HVL,INTERSTATE,WISCONSIN,153.97,0.0,153.97,0.0,0.0,0.0,0.0,0.0,0.0,0.0,0.0,0.0,0.0,0.0,0.0,0.0,0.0,0.0,0.0,0.0,0.0,0.0,153.97,0.0,0.0,153.97
2/2/2026,2018.0,20190378.0,16805.0,22855.0,"FLINT HILLS RESOURCES, LC",HVL,INTRASTATE,TEXAS,535.0,0.0,535.0,0.0,0.0,0.0,0.0,0.0,0.0,0.0,0.0,0.0,0.0,0.0,0.0,0.0,0.0,0.0,0.0,0.0,0.0,0.0,535.0,0.0,0.0,535.0
2/2/2026,2018.0,20190379.0,17133.0,22855.0,"FLINT HILLS RESOURCES, LC",Refined and/or Petroleum Product (non-HVL),INTERSTATE,IOWA,25.34,0.0,25.34,0.0,0.0,0.0,0.0,0.0,0.0,0.0,0.0,0.0,0.0,0.0,0.0,0.0,0.0,0.0,0.0,0.0,0.0,0.0,25.34,0.0,0.0,25.34
2/2/2026,2018.0,20190379.0,17133.0,22855.0,"FLINT HILLS RESOURCES, LC",Refined and/or Petroleum Product (non-HVL),INTERSTATE,MINNESOTA,113.73,0.0,113.73,0.0,0.0,0.0,0.0,0.0,0.0,0.0,0.0,0.0,0.0,0.0,0.0,0.0,0.0,0.0,0.0,0.0,0.0,0.0,113.73,0.0,0.0,113.73
2/2/2026,2018.0,20190379.0,17133.0,22855.0,"FLINT HILLS RESOURCES, LC",Refined and/or Petroleum Product (non-HVL),INTERSTATE,WISCONSIN,362.87,0.0,362.87,0.0,0.0,0.0,0.0,0.0,0.0,0.0,0.0,0.0,0.0,0.0,0.0,0.0,0.0,0.0,0.0,0.0,0.0,0.0,362.87,0.0,0.0,362.87
2/2/2026,2018.0,20190379.0,17133.0,22855.0,"FLINT HILLS RESOURCES, LC",Refined and/or Petroleum Product (non-HVL),INTRASTATE,MINNESOTA,12.91,0.0,12.91,0.0,0.0,0.0,0.0,0.0,0.0,0.0,0.0,0.0,0.0,0.0,0.0,0.0,0.0,0.0,0.0,0.0,0.0,0.0,12.91,0.0,0.0,12.91
2/2/2026,2018.0,20190379.0,17133.0,22855.0,"FLINT HILLS RESOURCES, LC",Refined and/or Petroleum Product (non-HVL),INTRASTATE,TEXAS,829.26,0.0,829.26,15.88,0.0,0.0,0.0,15.88,0.0,0.0,0.0,0.0,0.0,0.0,0.0,0.0,0.0,0.0,0.0,0.0,0.0,0.0,845.14,0.0,0.0,845.14
2/2/2026,2018.0,20190512.0,16943.0,25146.0,"EQUISTAR CHEMICALS, L.P.",Crude Oil,INTRASTATE,TEXAS,33.91,0.0,33.91,0.0,0.0,0.0,0.0,0.0,0.0,0.0,0.0,0.0,0.0,0.0,0.0,0.0,0.0,0.0,0.0,0.0,0.0,0.0,33.91,0.0,0.0,33.91
2/2/2026,2018.0,20190530.0,16961.0,25146.0,"EQUISTAR CHEMICALS, L.P.",HVL,INTERSTATE,LOUISIANA,31.71,0.0,31.71,0.0,0.0,0.0,0.0,0.0,0.0,0.0,0.0,0.0,0.0,0.0,0.0,0.0,0.0,0.0,0.0,0.0,0.0,0.0,31.71,0.0,0.0,31.71
2/2/2026,2018.0,20190530.0,16961.0,25146.0,"EQUISTAR CHEMICALS, L.P.",HVL,INTERSTATE,TEXAS,3.33,0.0,3.33,0.0,0.0,0.0,0.0,0.0,0.0,0.0,0.0,0.0,0.0,0.0,0.0,0.0,0.0,0.0,0.0,0.0,0.0,0.0,3.33,0.0,0.0,3.33
2/2/2026,2018.0,20190530.0,16961.0,25146.0,"EQUISTAR CHEMICALS, L.P.",HVL,INTRASTATE,TEXAS,1275.76,0.0,1275.76,9.7,6.82,0.0,0.0,16.52,0.0,0.0,0.0,0.0,0.0,0.0,0.0,0.0,0.0,0.0,0.0,0.0,0.0,0.0,1292.28,0.0,0.0,1292.28
2/2/2026,2018.0,20190524.0,16955.0,25146.0,"EQUISTAR CHEMICALS, L.P.",Refined and/or Petroleum Product (non-HVL),INTRASTATE,TEXAS,107.1,0.0,107.1,6.85,0.0,0.0,0.0,6.85,0.0,0.0,0.0,0.0,0.0,0.0,0.0,0.0,0.0,0.0,0.0,0.0,0.0,0.0,113.95,0.0,0.0,113.95
2/2/2026,2018.0,20190346.0,16769.0,26026.0,"MARKWEST RANGER PIPELINE COMPANY, L.L.C.",HVL,INTERSTATE,KENTUCKY,77.9,0.0,77.9,0.0,0.0,0.0,0.0,0.0,0.0,0.0,0.0,0.0,0.0,0.0,0.0,0.0,0.0,0.0,0.0,0.0,0.0,0.0,77.9,0.0,0.0,77.9
2/2/2026,2018.0,20190346.0,16769.0,26026.0,"MARKWEST RANGER PIPELINE COMPANY, L.L.C.",HVL,INTERSTATE,WEST VIRGINIA,61.85,0.0,61.85,0.0,0.0,0.0,0.0,0.0,0.0,0.0,0.0,0.0,0.0,0.0,0.0,0.0,0.0,0.0,0.0,0.0,0.0,0.0,61.85,0.0,0.0,61.85
2/2/2026,2018.0,20190234.0,16647.0,26039.0,FLORIDA POWER & LIGHT CO,Refined and/or Petroleum Product (non-HVL),INTRASTATE,FLORIDA,52.334,0.0,52.334,0.0,0.0,0.0,0.0,0.0,0.0,0.0,0.0,0.0,0.0,0.0,0.0,0.0,0.0,0.0,0.0,0.0,0.0,0.0,52.334,0.0,0.0,52.334
2/2/2026,2018.0,20190141.0,16542.0,26041.0,"KINDER MORGAN LIQUID TERMINALS, LLC",HVL,INTRASTATE,TEXAS,0.72,0.0,0.72,0.0,0.0,0.0,0.0,0.0,0.0,0.0,0.0,0.0,0.0,0.0,0.0,0.0,0.0,0.0,0.0,0.0,0.0,0.0,0.72,0.0,0.0,0.72
2/2/2026,2018.0,20190140.0,17114.0,26041.0,"KINDER MORGAN LIQUID TERMINALS, LLC",Refined and/or Petroleum Product (non-HVL),INTERSTATE,ILLINOIS,9.44,0.0,9.44,0.0,0.0,0.0,0.0,0.0,0.0,0.0,0.0,0.0,0.0,0.0,0.0,0.0,0.0,0.0,0.0,0.0,0.0,0.0,9.44,0.0,0.0,9.44
2/2/2026,2018.0,20190140.0,17114.0,26041.0,"KINDER MORGAN LIQUID TERMINALS, LLC",Refined and/or Petroleum Product (non-HVL),INTRASTATE,LOUISIANA,12.65,0.0,12.65,0.0,0.0,0.0,0.0,0.0,0.0,0.0,0.0,0.0,0.0,0.0,0.0,0.0,0.0,0.0,0.0,0.0,0.0,0.0,12.65,0.0,0.0,12.65
2/2/2026,2018.0,20190140.0,17114.0,26041.0,"KINDER MORGAN LIQUID TERMINALS, LLC",Refined and/or Petroleum Product (non-HVL),INTRASTATE,NEW JERSEY,9.13,0.0,9.13,0.0,0.0,0.0,0.0,0.0,0.0,0.0,0.0,0.0,0.0,0.0,0.0,0.0,0.0,0.0,0.0,0.0,0.0,0.0,9.13,0.0,0.0,9.13
2/2/2026,2018.0,20190140.0,17114.0,26041.0,"KINDER MORGAN LIQUID TERMINALS, LLC",Refined and/or Petroleum Product (non-HVL),INTRASTATE,NORTH CAROLINA,28.67,0.0,28.67,0.0,0.0,0.0,0.0,0.0,0.0,0.0,0.0,0.0,0.0,0.0,0.0,0.0,0.0,0.0,0.0,0.0,0.0,0.0,28.67,0.0,0.0,28.67
2/2/2026,2018.0,20190140.0,17114.0,26041.0,"KINDER MORGAN LIQUID TERMINALS, LLC",Refined and/or Petroleum Product (non-HVL),INTRASTATE,OHIO,0.0,0.0,0.0,0.0,0.0,0.0,0.0,0.0,0.0,0.0,0.0,0.0,0.0,0.0,0.0,0.0,0.0,0.0,0.0,0.0,0.0,0.0,0.0,0.0,0.0,0.0
2/2/2026,2018.0,20190140.0,17114.0,26041.0,"KINDER MORGAN LIQUID TERMINALS, LLC",Refined and/or Petroleum Product (non-HVL),INTRASTATE,TEXAS,34.43,0.0,34.43,0.0,0.0,0.0,0.0,0.0,0.0,0.0,0.0,0.0,0.0,0.0,0.0,0.0,0.0,0.0,0.0,0.0,0.0,0.0,34.43,0.0,0.0,34.43
2/2/2026,2018.0,20190009.0,16365.0,26045.0,"PAR HAWAII REFINING, LLC",Refined and/or Petroleum Product (non-HVL),INTRASTATE,HAWAII,24.0,0.0,24.0,0.0,0.0,0.0,0.0,0.0,0.0,0.0,0.0,0.0,0.0,0.0,0.0,0.0,0.0,0.0,0.0,0.0,0.0,0.0,24.0,0.0,0.0,24.0
2/2/2026,2018.0,20190517.0,16948.0,26048.0,HUNT REFINING CO,Refined and/or Petroleum Product (non-HVL),INTRASTATE,ALABAMA,47.44,0.0,47.44,0.0,0.0,0.0,0.0,0.0,0.0,0.0,0.0,0.0,0.0,0.0,0.0,0.0,0.0,0.0,0.0,0.0,0.0,0.0,47.44,0.0,0.0,47.44
2/2/2026,2018.0,20190383.0,16810.0,26049.0,"COUNTRYMARK REFINING AND LOGISTICS, LLC",Crude Oil,INTERSTATE,ILLINOIS,147.36,0.0,147.36,0.0,0.0,0.0,0.0,0.0,0.0,0.0,0.0,0.0,0.0,0.0,0.0,0.0,0.0,0.0,0.0,0.0,0.0,0.0,147.36,0.0,0.0,147.36
2/2/2026,2018.0,20190383.0,16810.0,26049.0,"COUNTRYMARK REFINING AND LOGISTICS, LLC",Crude Oil,INTERSTATE,INDIANA,38.5,0.0,38.5,0.0,0.0,0.0,0.0,0.0,0.0,0.0,0.0,0.0,0.0,0.0,0.0,0.0,0.0,0.0,0.0,0.0,0.0,0.0,38.5,0.0,0.0,38.5
2/2/2026,2018.0,20190383.0,16810.0,26049.0,"COUNTRYMARK REFINING AND LOGISTICS, LLC",Crude Oil,INTERSTATE,KENTUCKY,0.5,0.0,0.5,0.0,0.0,0.0,0.0,0.0,0.0,0.0,0.0,0.0,0.0,0.0,0.0,0.0,0.0,0.0,0.0,0.0,0.0,0.0,0.5,0.0,0.0,0.5
2/2/2026,2018.0,20190383.0,16810.0,26049.0,"COUNTRYMARK REFINING AND LOGISTICS, LLC",Crude Oil,INTRASTATE,ILLINOIS,0.06,0.0,0.06,0.0,0.0,0.0,0.0,0.0,0.0,0.0,0.0,0.0,0.0,0.0,0.0,0.0,0.0,0.0,0.0,0.0,0.0,0.0,0.06,0.0,0.0,0.06
2/2/2026,2018.0,20190383.0,16810.0,26049.0,"COUNTRYMARK REFINING AND LOGISTICS, LLC",Crude Oil,INTRASTATE,INDIANA,28.3,0.0,28.3,0.0,0.0,0.0,0.0,0.0,0.0,0.0,0.0,0.0,0.0,0.0,0.0,0.0,0.0,0.0,0.0,0.0,0.0,0.0,28.3,0.0,0.0,28.3
2/2/2026,2018.0,20190382.0,16809.0,26049.0,"COUNTRYMARK REFINING AND LOGISTICS, LLC",Refined and/or Petroleum Product (non-HVL),INTRASTATE,INDIANA,247.1,0.0,247.1,0.0,0.0,0.0,0.0,0.0,0.0,0.0,0.0,0.0,0.0,0.0,0.0,0.0,0.0,0.0,0.0,0.0,0.0,0.0,247.1,0.0,0.0,247.1
2/2/2026,2018.0,20190255.0,16668.0,26054.0,KEY WEST PIPELINE CO,Refined and/or Petroleum Product (non-HVL),INTRASTATE,FLORIDA,3.0,4.0,7.0,0.0,0.0,0.0,0.0,0.0,0.0,0.0,0.0,0.0,0.0,0.0,0.0,0.0,0.0,0.0,0.0,0.0,0.0,0.0,3.0,4.0,0.0,7.0
2/2/2026,2018.0,20190198.0,16609.0,26061.0,"DELEK CRUDE LOGISTICS, LLC.",Crude Oil,INTERSTATE,OKLAHOMA,39.72,0.0,39.72,0.0,0.0,0.0,0.0,0.0,0.0,0.0,0.0,0.0,0.0,0.0,0.0,0.0,0.0,0.0,0.0,0.0,0.0,0.0,39.72,0.0,0.0,39.72
2/2/2026,2018.0,20190198.0,16609.0,26061.0,"DELEK CRUDE LOGISTICS, LLC.",Crude Oil,INTERSTATE,TEXAS,103.15,0.0,103.15,0.0,0.0,0.0,0.0,0.0,0.0,0.0,0.0,0.0,0.0,0.0,0.0,0.0,0.0,0.0,0.0,0.0,0.0,0.0,103.15,0.0,0.0,103.15
2/2/2026,2018.0,20190198.0,16609.0,26061.0,"DELEK CRUDE LOGISTICS, LLC.",Crude Oil,INTRASTATE,TEXAS,286.99,0.0,286.99,2.21,0.0,0.0,0.0,2.21,0.0,0.0,0.0,0.0,0.0,0.0,0.0,0.0,0.0,0.0,0.0,0.0,0.0,0.0,289.2,0.0,0.0,289.2
2/2/2026,2018.0,20190231.0,16644.0,26061.0,"DELEK CRUDE LOGISTICS, LLC.",Refined and/or Petroleum Product (non-HVL),INTRASTATE,TEXAS,118.0,0.0,118.0,0.0,0.0,0.0,0.0,0.0,0.0,0.0,0.0,0.0,0.0,0.0,0.0,0.0,0.0,0.0,0.0,0.0,0.0,0.0,118.0,0.0,0.0,118.0
2/2/2026,2018.0,20190622.0,17054.0,26065.0,CHS MCPHERSON REFINERY INC.,HVL,INTRASTATE,KANSAS,13.0,0.0,13.0,0.0,0.0,0.0,0.0,0.0,0.0,0.0,0.0,0.0,0.0,0.0,0.0,0.0,0.0,0.0,0.0,0.0,0.0,0.0,13.0,0.0,0.0,13.0
2/2/2026,2018.0,20190615.0,17047.0,26065.0,CHS MCPHERSON REFINERY INC.,Refined and/or Petroleum Product (non-HVL),INTRASTATE,KANSAS,20.7,0.0,20.7,0.0,0.0,0.0,0.0,0.0,0.0,0.0,0.0,0.0,0.0,0.0,0.0,0.0,0.0,0.0,0.0,0.0,0.0,0.0,20.7,0.0,0.0,20.7
2/2/2026,2018.0,20190344.0,17996.0,26085.0,"PLAINS MARKETING, L.P.",Crude Oil,INTERSTATE,ALABAMA,1.56,0.0,1.56,0.76,0.0,0.0,0.0,0.76,0.0,0.0,0.0,0.0,0.0,0.0,0.0,0.0,0.0,0.0,0.0,0.0,0.0,0.0,2.32,0.0,0.0,2.32
2/2/2026,2018.0,20190344.0,17996.0,26085.0,"PLAINS MARKETING, L.P.",Crude Oil,INTRASTATE,ALABAMA,16.83,0.0,16.83,0.0,0.0,0.0,0.0,0.0,0.0,0.0,0.0,0.0,0.0,0.0,0.0,0.0,0.0,0.0,0.0,0.0,0.0,0.0,16.83,0.0,0.0,16.83
2/2/2026,2018.0,20190344.0,17996.0,26085.0,"PLAINS MARKETING, L.P.",Crude Oil,INTRASTATE,CALIFORNIA,275.43,0.0,275.43,0.0,0.0,0.0,5.05,5.05,0.0,0.0,0.0,0.0,0.0,0.0,0.0,0.0,0.0,0.0,0.0,0.0,0.0,0.0,275.43,0.0,5.05,280.48
2/2/2026,2018.0,20190344.0,17996.0,26085.0,"PLAINS MARKETING, L.P.",Crude Oil,INTRASTATE,LOUISIANA,40.44,0.0,40.44,0.0,0.0,0.0,0.0,0.0,0.0,0.0,0.0,0.0,0.0,0.0,0.0,0.0,0.0,0.0,0.0,0.0,0.0,0.0,40.44,0.0,0.0,40.44
2/2/2026,2018.0,20190344.0,17996.0,26085.0,"PLAINS MARKETING, L.P.",Crude Oil,INTRASTATE,NEW MEXICO,21.46,0.0,21.46,0.0,0.0,0.0,0.0,0.0,0.0,0.0,0.0,0.0,0.0,0.0,0.0,0.0,0.0,0.0,0.0,0.0,0.0,0.0,21.46,0.0,0.0,21.46
2/2/2026,2018.0,20190344.0,17996.0,26085.0,"PLAINS MARKETING, L.P.",Crude Oil,INTRASTATE,OKLAHOMA,11.43,0.0,11.43,0.0,0.0,0.0,0.0,0.0,0.0,0.0,0.0,0.0,0.0,7.01,0.0,0.0,7.01,0.0,0.0,0.0,0.0,0.0,18.44,0.0,0.0,18.44
2/2/2026,2018.0,20190344.0,17996.0,26085.0,"PLAINS MARKETING, L.P.",Crude Oil,INTRASTATE,TEXAS,74.69,0.0,74.69,0.0,0.0,0.0,0.0,0.0,0.0,0.0,0.0,0.0,0.0,0.0,0.0,0.0,0.0,0.0,0.0,0.0,0.0,0.0,74.69,0.0,0.0,74.69
2/2/2026,2018.0,20190345.0,17613.0,26085.0,"PLAINS MARKETING, L.P.",HVL,INTERSTATE,MICHIGAN,0.55,0.0,0.55,0.0,0.0,0.0,0.0,0.0,0.0,0.0,0.0,0.0,0.0,0.0,0.0,0.0,0.0,0.0,0.0,0.0,0.0,0.0,0.55,0.0,0.0,0.55
2/2/2026,2018.0,20190345.0,17613.0,26085.0,"PLAINS MARKETING, L.P.",HVL,INTERSTATE,SOUTH CAROLINA,62.68,0.0,62.68,0.0,0.0,0.0,0.0,0.0,0.0,0.0,0.0,0.0,0.0,0.0,0.0,0.0,0.0,0.0,0.0,0.0,0.0,0.0,62.68,0.0,0.0,62.68
2/2/2026,2018.0,20190345.0,17613.0,26085.0,"PLAINS MARKETING, L.P.",HVL,INTRASTATE,ARIZONA,11.58,0.0,11.58,0.0,0.0,0.0,0.0,0.0,0.0,0.0,0.0,0.0,0.0,0.0,0.0,0.0,0.0,0.0,0.0,0.0,0.0,0.0,11.58,0.0,0.0,11.58
2/2/2026,2018.0,20190084.0,16478.0,26086.0,SEADRIFT PIPELINE CORP,HVL,INTRASTATE,TEXAS,1016.34,0.0,1016.34,0.0,0.0,0.0,0.0,0.0,2.9,5.3,0.0,0.0,8.2,0.0,0.0,0.0,0.0,0.0,0.0,0.0,0.0,0.0,1024.54,0.0,0.0,1024.54
2/2/2026,2018.0,20190548.0,17183.0,26094.0,NUSTAR TERMINALS OPERATIONS PARTNERSHIP L. P.,Refined and/or Petroleum Product (non-HVL),INTERSTATE,MARYLAND,0.0,0.0,0.0,8.4,0.0,0.0,0.0,8.4,0.0,0.0,0.0,0.0,0.0,0.0,0.0,0.0,0.0,0.0,0.0,0.0,0.0,0.0,8.4,0.0,0.0,8.4
2/2/2026,2018.0,20190548.0,17183.0,26094.0,NUSTAR TERMINALS OPERATIONS PARTNERSHIP L. P.,Refined and/or Petroleum Product (non-HVL),INTERSTATE,NEW JERSEY,0.3,0.0,0.3,1.3,0.0,0.0,0.0,1.3,0.0,0.0,0.0,0.0,0.0,0.0,0.0,0.0,0.0,0.0,0.0,0.0,0.0,0.0,1.6,0.0,0.0,1.6
2/2/2026,2018.0,20190548.0,17183.0,26094.0,NUSTAR TERMINALS OPERATIONS PARTNERSHIP L. P.,Refined and/or Petroleum Product (non-HVL),INTERSTATE,NEW YORK,0.0,0.0,0.0,0.2,0.0,0.0,0.0,0.2,0.0,0.0,0.0,0.0,0.0,0.0,0.0,0.0,0.0,0.0,0.0,0.0,0.0,0.0,0.2,0.0,0.0,0.2
2/2/2026,2018.0,20190548.0,17183.0,26094.0,NUSTAR TERMINALS OPERATIONS PARTNERSHIP L. P.,Refined and/or Petroleum Product (non-HVL),INTERSTATE,WASHINGTON DC,0.0,0.0,0.0,2.8,0.0,0.0,0.0,2.8,0.0,0.0,0.0,0.0,0.0,0.0,0.0,0.0,0.0,0.0,0.0,0.0,0.0,0.0,2.8,0.0,0.0,2.8
2/2/2026,2018.0,20190548.0,17183.0,26094.0,NUSTAR TERMINALS OPERATIONS PARTNERSHIP L. P.,Refined and/or Petroleum Product (non-HVL),INTRASTATE,CALIFORNIA,0.5,0.0,0.5,0.5,0.0,0.0,0.0,0.5,6.5,0.0,0.0,0.0,6.5,0.0,0.0,0.0,0.0,0.0,0.0,0.0,0.0,0.0,7.5,0.0,0.0,7.5
2/2/2026,2018.0,20190548.0,17183.0,26094.0,NUSTAR TERMINALS OPERATIONS PARTNERSHIP L. P.,Refined and/or Petroleum Product (non-HVL),INTRASTATE,NEW JERSEY,4.3,0.0,4.3,1.2,0.0,0.0,0.0,1.2,0.0,0.0,0.0,0.0,0.0,0.0,0.0,0.0,0.0,0.0,0.0,0.0,0.0,0.0,5.5,0.0,0.0,5.5
2/2/2026,2018.0,20190548.0,17183.0,26094.0,NUSTAR TERMINALS OPERATIONS PARTNERSHIP L. P.,Refined and/or Petroleum Product (non-HVL),INTRASTATE,OREGON,0.3,0.0,0.3,0.4,0.0,0.0,0.0,0.4,0.0,0.0,0.0,0.0,0.0,0.0,0.0,0.0,0.0,0.0,0.0,0.0,0.0,0.0,0.7,0.0,0.0,0.7
2/2/2026,2018.0,20190548.0,17183.0,26094.0,NUSTAR TERMINALS OPERATIONS PARTNERSHIP L. P.,Refined and/or Petroleum Product (non-HVL),INTRASTATE,VIRGINIA,7.0,0.0,7.0,2.2,0.0,0.0,0.0,2.2,0.0,0.0,0.0,0.0,0.0,0.0,0.0,0.0,0.0,0.0,0.0,0.0,0.0,0.0,9.2,0.0,0.0,9.2
2/2/2026,2018.0,20190579.0,17010.0,26099.0,TAMPA BAY PIPELINE CO.,HVL,INTRASTATE,FLORIDA,89.1,0.0,89.1,0.0,0.0,0.0,0.0,0.0,0.0,0.0,0.0,0.0,0.0,0.0,0.0,0.0,0.0,0.0,0.0,0.0,0.0,0.0,89.1,0.0,0.0,89.1
2/2/2026,2018.0,20190504.0,16935.0,26103.0,"TEXAS EASTMAN DIVISION, EASTMAN CHEMICAL CO",HVL,INTRASTATE,TEXAS,470.5,0.0,470.5,0.0,0.0,0.0,0.0,0.0,0.0,0.0,0.0,0.0,0.0,0.0,0.0,0.0,0.0,0.0,0.0,0.0,0.0,0.0,470.5,0.0,0.0,470.5
2/2/2026,2018.0,20190498.0,16929.0,26111.0,UNITED REFINING CO,Refined and/or Petroleum Product (non-HVL),INTRASTATE,NEW YORK,0.0,0.0,0.0,1.85,0.0,0.0,0.0,1.85,0.0,0.0,0.0,0.0,0.0,0.0,0.0,0.0,0.0,0.0,0.0,0.0,0.0,0.0,1.85,0.0,0.0,1.85
2/2/2026,2018.0,20190200.0,16611.0,26112.0,VALERO REFINING-TEXAS L.P.,Crude Oil,INTRASTATE,TEXAS,5.68,0.0,5.68,0.0,0.0,0.0,0.0,0.0,0.0,0.0,0.0,0.0,0.0,0.0,0.0,0.0,0.0,0.0,0.0,0.0,0.0,0.0,5.68,0.0,0.0,5.68
2/2/2026,2018.0,20190202.0,16613.0,26112.0,VALERO REFINING-TEXAS L.P.,HVL,INTRASTATE,TEXAS,9.41,0.0,9.41,4.11,0.0,0.0,0.0,4.11,0.0,0.0,0.0,0.0,0.0,0.0,0.0,0.0,0.0,0.0,0.0,0.0,0.0,0.0,13.52,0.0,0.0,13.52
2/2/2026,2018.0,20190201.0,16612.0,26112.0,VALERO REFINING-TEXAS L.P.,Refined and/or Petroleum Product (non-HVL),INTRASTATE,TEXAS,12.67,0.0,12.67,19.12,0.0,0.0,0.0,19.12,0.0,0.0,0.0,0.0,0.0,0.0,0.0,0.0,0.0,0.0,0.0,0.0,0.0,0.0,31.79,0.0,0.0,31.79
2/2/2026,2018.0,20190539.0,16970.0,26120.0,COLLINS PIPELINE CO,Refined and/or Petroleum Product (non-HVL),INTERSTATE,LOUISIANA,48.01,0.0,48.01,0.0,0.0,0.0,0.0,0.0,0.0,0.0,0.0,0.0,0.0,0.0,0.0,0.0,0.0,0.0,0.0,0.0,0.0,0.0,48.01,0.0,0.0,48.01
2/2/2026,2018.0,20190539.0,16970.0,26120.0,COLLINS PIPELINE CO,Refined and/or Petroleum Product (non-HVL),INTERSTATE,MISSISSIPPI,76.5,0.0,76.5,0.0,0.0,0.0,0.0,0.0,0.0,0.0,0.0,0.0,0.0,0.0,0.0,0.0,0.0,0.0,0.0,0.0,0.0,0.0,76.5,0.0,0.0,76.5
2/2/2026,2018.0,20190264.0,16681.0,26125.0,CALNEV PIPELINE CO,Refined and/or Petroleum Product (non-HVL),INTERSTATE,CALIFORNIA,389.14,0.0,389.14,0.0,0.0,0.0,0.0,0.0,0.0,0.0,0.0,0.0,0.0,0.0,0.0,0.0,0.0,0.0,0.0,0.0,0.0,0.0,389.14,0.0,0.0,389.14
2/2/2026,2018.0,20190264.0,16681.0,26125.0,CALNEV PIPELINE CO,Refined and/or Petroleum Product (non-HVL),INTERSTATE,NEVADA,110.79,0.0,110.79,4.97,0.0,0.0,0.0,4.97,0.0,0.0,0.0,0.0,0.0,0.0,0.0,0.0,0.0,0.0,0.0,0.0,0.0,0.0,115.76,0.0,0.0,115.76
2/2/2026,2018.0,20190264.0,16681.0,26125.0,CALNEV PIPELINE CO,Refined and/or Petroleum Product (non-HVL),INTRASTATE,CALIFORNIA,60.45,0.0,60.45,0.0,0.0,0.0,0.0,0.0,0.0,0.0,0.0,0.0,0.0,0.0,0.0,0.0,0.0,0.0,0.0,0.0,0.0,0.0,60.45,0.0,0.0,60.45
2/2/2026,2018.0,20190264.0,16681.0,26125.0,CALNEV PIPELINE CO,Refined and/or Petroleum Product (non-HVL),INTRASTATE,NEVADA,0.0,0.0,0.0,0.62,0.0,0.0,0.0,0.62,0.0,0.0,0.0,0.0,0.0,0.0,0.0,0.0,0.0,0.0,0.0,0.0,0.0,0.0,0.62,0.0,0.0,0.62
2/2/2026,2018.0,20190238.0,16651.0,26134.0,EXXONMOBIL OIL CORP - WEST COAST,Crude Oil,INTRASTATE,CALIFORNIA,31.29,0.0,31.29,0.0,1.72,0.0,0.0,1.72,0.0,0.0,0.0,0.0,0.0,0.0,0.0,0.0,0.0,0.0,0.0,0.0,0.0,0.0,33.01,0.0,0.0,33.01
2/2/2026,2018.0,20190239.0,16652.0,26134.0,EXXONMOBIL OIL CORP - WEST COAST,Refined and/or Petroleum Product (non-HVL),INTRASTATE,CALIFORNIA,9.28,0.0,9.28,0.0,0.0,0.0,0.0,0.0,0.0,0.0,0.0,0.0,0.0,0.0,0.0,0.0,0.0,0.0,0.0,0.0,0.0,0.0,9.28,0.0,0.0,9.28
2/2/2026,2018.0,20190668.0,17145.0,26136.0,PARAMOUNT PETROLEUM CORP,Refined and/or Petroleum Product (non-HVL),INTRASTATE,CALIFORNIA,0.0,0.0,0.0,8.72,0.0,0.0,0.0,8.72,0.0,0.0,0.0,0.0,0.0,0.0,0.0,0.0,0.0,0.0,0.0,0.0,0.0,0.0,8.72,0.0,0.0,8.72
2/2/2026,2018.0,20190315.0,16737.0,26149.0,ALYESKA PIPELINE SERVICE CO,Crude Oil,INTERSTATE,ALASKA,800.0,0.0,800.0,0.0,0.0,0.0,0.0,0.0,0.0,0.0,0.0,0.0,0.0,0.0,0.0,0.0,0.0,0.0,0.0,0.0,0.0,0.0,800.0,0.0,0.0,800.0
2/2/2026,2018.0,20190505.0,16936.0,26302.0,MUSTANG PIPELINE CO,HVL,INTRASTATE,TEXAS,89.32,0.0,89.32,0.0,0.0,0.0,0.0,0.0,0.0,0.0,0.0,0.0,0.0,0.0,0.0,0.0,0.0,0.0,0.0,0.0,0.0,0.0,89.32,0.0,0.0,89.32
2/2/2026,2018.0,20190196.0,16607.0,26303.0,UNOCAL PIPELINE CO - EASTERN REGION,Crude Oil,INTRASTATE,TEXAS,4.7,0.0,4.7,0.0,0.0,0.0,0.0,0.0,0.0,0.0,0.0,0.0,0.0,0.0,0.0,0.0,0.0,0.0,0.0,0.0,0.0,0.0,4.7,0.0,0.0,4.7
2/2/2026,2018.0,20190093.0,16487.0,26330.0,"ENABLE OKLAHOMA INTRASTATE TRANSMISSION, LLC",HVL,INTRASTATE,OKLAHOMA,7.26,0.0,7.26,0.0,4.33,0.0,0.0,4.33,0.0,0.0,0.0,0.0,0.0,0.0,0.0,0.0,0.0,0.0,0.0,0.0,0.0,0.0,11.59,0.0,0.0,11.59
2/2/2026,2018.0,20190605.0,17073.0,30003.0,HOUSTON REFINING LP.,Refined and/or Petroleum Product (non-HVL),INTRASTATE,TEXAS,3.0,0.0,3.0,0.0,0.0,0.0,0.0,0.0,0.0,0.0,0.0,0.0,0.0,0.0,0.0,0.0,0.0,0.0,0.0,0.0,0.0,0.0,3.0,0.0,0.0,3.0
2/2/2026,2018.0,20190143.0,16544.0,30544.0,OCCIDENTAL CHEMICAL CORP,HVL,INTRASTATE,TEXAS,0.0,0.0,0.0,41.946,0.0,0.0,0.0,41.946,0.0,0.0,0.0,0.0,0.0,0.0,0.0,0.0,0.0,0.0,0.0,0.0,0.0,0.0,41.946,0.0,0.0,41.946
2/2/2026,2018.0,20190509.0,16940.0,30626.0,TARGA NGL PIPE LINE CO,HVL,INTERSTATE,LOUISIANA,22.03,0.0,22.03,0.0,0.0,0.0,0.0,0.0,0.0,0.0,0.0,0.0,0.0,0.0,0.0,0.0,0.0,0.0,0.0,0.0,0.0,0.0,22.03,0.0,0.0,22.03
2/2/2026,2018.0,20190509.0,16940.0,30626.0,TARGA NGL PIPE LINE CO,HVL,INTERSTATE,TEXAS,84.4,0.0,84.4,0.0,0.0,0.0,0.0,0.0,0.0,0.0,0.0,0.0,0.0,0.0,0.0,0.0,0.0,0.0,0.0,0.0,0.0,0.0,84.4,0.0,0.0,84.4
2/2/2026,2018.0,20190509.0,16940.0,30626.0,TARGA NGL PIPE LINE CO,HVL,INTRASTATE,TEXAS,195.36,0.0,195.36,0.0,0.0,0.0,0.0,0.0,0.0,0.0,0.0,0.0,0.0,0.0,0.0,0.0,0.0,0.0,0.0,0.0,0.0,0.0,195.36,0.0,0.0,195.36
2/2/2026,2018.0,20190638.0,17071.0,30657.0,BRAVO PIPELINE COMPANY,CO2,INTERSTATE,COLORADO,89.0,0.0,89.0,0.0,0.0,0.0,0.0,0.0,0.0,0.0,0.0,0.0,0.0,0.0,0.0,0.0,0.0,0.0,0.0,0.0,0.0,0.0,89.0,0.0,0.0,89.0
2/2/2026,2018.0,20190638.0,17071.0,30657.0,BRAVO PIPELINE COMPANY,CO2,INTERSTATE,NEW MEXICO,376.33,0.0,376.33,0.0,0.0,0.0,0.0,0.0,0.0,0.0,0.0,0.0,0.0,0.0,0.0,0.0,0.0,0.0,0.0,0.0,0.0,0.0,376.33,0.0,0.0,376.33
2/2/2026,2018.0,20190638.0,17071.0,30657.0,BRAVO PIPELINE COMPANY,CO2,INTERSTATE,TEXAS,418.86,0.0,418.86,0.0,0.0,0.0,0.0,0.0,0.0,0.0,0.0,0.0,0.0,0.0,0.0,0.0,0.0,0.0,0.0,0.0,0.0,0.0,418.86,0.0,0.0,418.86
2/2/2026,2018.0,20190638.0,17071.0,30657.0,BRAVO PIPELINE COMPANY,CO2,INTRASTATE,TEXAS,169.22,0.0,169.22,0.0,0.0,0.0,0.0,0.0,0.0,0.0,0.0,0.0,0.0,0.0,0.0,0.0,0.0,0.0,0.0,0.0,0.0,0.0,169.22,0.0,0.0,169.22
2/2/2026,2018.0,20190627.0,17059.0,30658.0,KERN OIL & REFINING CO.,Crude Oil,INTRASTATE,CALIFORNIA,17.8,0.0,17.8,0.0,0.8,0.0,0.0,0.8,0.0,0.0,0.0,0.0,0.0,0.0,0.0,0.0,0.0,0.0,0.0,0.0,0.0,0.0,18.6,0.0,0.0,18.6
2/2/2026,2018.0,20190587.0,17196.0,30666.0,"ENMARK ENERGY, INC",CO2,INTRASTATE,MISSISSIPPI,9.63,0.0,9.63,0.0,0.0,0.0,0.0,0.0,0.0,0.0,0.0,0.0,0.0,0.0,0.0,0.0,0.0,0.0,0.0,0.0,0.0,0.0,9.63,0.0,0.0,9.63
2/2/2026,2018.0,20190197.0,16608.0,30683.0,WESTLAKE PETROCHEMICALS LLC,HVL,INTRASTATE,LOUISIANA,17.479,0.0,17.479,0.0,0.0,0.0,0.0,0.0,0.0,0.0,0.0,0.0,0.0,0.0,0.0,0.0,0.0,0.0,0.0,0.0,0.0,0.0,17.479,0.0,0.0,17.479
2/2/2026,2018.0,20190199.0,16610.0,30683.0,WESTLAKE PETROCHEMICALS LLC,Refined and/or Petroleum Product (non-HVL),INTRASTATE,LOUISIANA,0.0,0.0,0.0,0.0,6.836,0.0,0.0,6.836,0.0,0.0,0.0,0.0,0.0,0.0,0.0,0.0,0.0,0.0,0.0,0.0,0.0,0.0,6.836,0.0,0.0,6.836
2/2/2026,2018.0,20190514.0,16945.0,30709.0,HUNTSMAN PETROCHEMICAL LLC,HVL,INTRASTATE,TEXAS,0.0,0.0,0.0,1.13,0.0,0.0,0.0,1.13,0.0,0.0,0.0,0.0,0.0,0.0,0.0,0.0,0.0,0.0,0.0,0.0,0.0,0.0,1.13,0.0,0.0,1.13
2/2/2026,2018.0,20190513.0,16944.0,30709.0,HUNTSMAN PETROCHEMICAL LLC,Refined and/or Petroleum Product (non-HVL),INTRASTATE,TEXAS,2.6,0.0,2.6,12.79,0.0,0.0,0.0,12.79,0.0,0.0,0.0,0.0,0.0,0.0,0.0,0.0,0.0,0.0,0.0,0.0,0.0,0.0,15.39,0.0,0.0,15.39
2/2/2026,2018.0,20190223.0,16635.0,30711.0,HILCORP ENERGY COMPANY,Crude Oil,INTRASTATE,LOUISIANA,0.0,1.967,1.967,0.0,4.943,0.0,0.0,4.943,0.0,0.0,0.0,0.0,0.0,0.0,0.0,0.0,0.0,0.0,0.0,0.0,0.0,0.0,4.943,1.967,0.0,6.91
2/2/2026,2018.0,20190159.0,16564.0,30755.0,CITGO PRODUCTS PIPELINE CO,HVL,INTERSTATE,LOUISIANA,23.452,0.0,23.452,0.0,0.0,0.0,0.0,0.0,0.0,0.0,0.0,0.0,0.0,0.0,0.0,0.0,0.0,0.0,0.0,0.0,0.0,0.0,23.452,0.0,0.0,23.452
2/2/2026,2018.0,20190159.0,16564.0,30755.0,CITGO PRODUCTS PIPELINE CO,HVL,INTERSTATE,TEXAS,86.524,0.0,86.524,0.0,0.0,0.0,0.0,0.0,0.0,0.0,0.0,0.0,0.0,0.0,0.0,0.0,0.0,0.0,0.0,0.0,0.0,0.0,86.524,0.0,0.0,86.524
2/2/2026,2018.0,20190160.0,16565.0,30755.0,CITGO PRODUCTS PIPELINE CO,Refined and/or Petroleum Product (non-HVL),INTRASTATE,TEXAS,199.058,0.0,199.058,37.935,0.0,0.0,0.0,37.935,0.0,0.0,0.0,0.0,0.0,0.0,0.0,0.0,0.0,0.0,0.0,0.0,0.0,0.0,236.993,0.0,0.0,236.993
2/2/2026,2018.0,20190656.0,17112.0,30756.0,WYOMING REFINING CO,Refined and/or Petroleum Product (non-HVL),INTRASTATE,WYOMING,40.36,0.0,40.36,0.0,0.0,0.0,0.0,0.0,0.0,0.0,0.0,0.0,0.0,0.0,0.0,0.0,0.0,0.0,0.0,0.0,0.0,0.0,40.36,0.0,0.0,40.36
2/2/2026,2018.0,20190431.0,16862.0,30777.0,MOTIVA ENTERPRISE LLC,HVL,INTRASTATE,TEXAS,35.32,0.0,35.32,0.0,0.0,0.0,0.0,0.0,0.0,0.0,0.0,0.0,0.0,0.0,0.0,0.0,0.0,0.0,0.0,0.0,0.0,0.0,35.32,0.0,0.0,35.32
2/2/2026,2018.0,20190464.0,16895.0,30777.0,MOTIVA ENTERPRISE LLC,Refined and/or Petroleum Product (non-HVL),INTRASTATE,TEXAS,18.02,0.0,18.02,44.15,0.0,0.0,0.0,44.15,0.0,0.0,0.0,0.0,0.0,0.0,0.0,0.0,0.0,0.0,0.0,0.0,0.0,0.0,62.17,0.0,0.0,62.17
2/2/2026,2018.0,20190068.0,16461.0,30781.0,OLYMPIC PIPE LINE COMPANY,Refined and/or Petroleum Product (non-HVL),INTERSTATE,OREGON,15.3,0.0,15.3,0.0,0.0,0.0,0.0,0.0,0.0,0.0,0.0,0.0,0.0,0.0,0.0,0.0,0.0,0.0,0.0,0.0,0.0,0.0,15.3,0.0,0.0,15.3
2/2/2026,2018.0,20190068.0,16461.0,30781.0,OLYMPIC PIPE LINE COMPANY,Refined and/or Petroleum Product (non-HVL),INTERSTATE,WASHINGTON,351.7,0.0,351.7,0.0,0.0,0.0,0.0,0.0,0.0,0.0,0.0,0.0,0.0,0.0,0.0,0.0,0.0,0.0,0.0,0.0,0.0,0.0,351.7,0.0,0.0,351.7
2/2/2026,2018.0,20190068.0,16461.0,30781.0,OLYMPIC PIPE LINE COMPANY,Refined and/or Petroleum Product (non-HVL),INTRASTATE,WASHINGTON,46.3,0.0,46.3,0.0,0.0,0.0,0.0,0.0,0.0,0.0,0.0,0.0,0.0,0.0,0.0,0.0,0.0,0.0,0.0,0.0,0.0,0.0,46.3,0.0,0.0,46.3
2/2/2026,2018.0,20190367.0,16794.0,30782.0,HARVEST MIDSTREAM COMPANY,Crude Oil,INTERSTATE,LOUISIANA,177.538,0.0,177.538,0.243,0.0,0.0,0.0,0.243,0.0,0.0,0.0,0.0,0.0,0.0,0.0,0.0,0.0,0.0,0.0,0.0,0.0,0.0,177.781,0.0,0.0,177.781
2/2/2026,2018.0,20190367.0,16794.0,30782.0,HARVEST MIDSTREAM COMPANY,Crude Oil,INTERSTATE,OCS-Gulf of Mexico,0.0,31.801,31.801,0.0,0.0,0.0,0.0,0.0,0.0,0.0,0.0,0.0,0.0,0.0,0.0,0.0,0.0,0.0,0.0,0.0,0.0,0.0,0.0,31.801,0.0,31.801
2/2/2026,2018.0,20190367.0,16794.0,30782.0,HARVEST MIDSTREAM COMPANY,Crude Oil,INTERSTATE,TEXAS,2.407,0.0,2.407,0.0,0.498,0.0,0.0,0.498,0.0,0.0,0.0,0.0,0.0,0.0,0.0,0.0,0.0,0.0,0.0,0.0,0.0,0.0,2.905,0.0,0.0,2.905
2/2/2026,2018.0,20190367.0,16794.0,30782.0,HARVEST MIDSTREAM COMPANY,Crude Oil,INTRASTATE,LOUISIANA,129.045,0.0,129.045,3.38,57.751,0.0,0.0,61.131,0.0,0.0,0.0,0.0,0.0,0.0,0.0,0.0,0.0,0.0,0.0,0.0,0.0,0.0,190.176,0.0,0.0,190.176
2/2/2026,2018.0,20190367.0,16794.0,30782.0,HARVEST MIDSTREAM COMPANY,Crude Oil,INTRASTATE,TEXAS,481.529,0.0,481.529,0.511,0.0,0.0,0.0,0.511,0.0,0.0,0.0,0.0,0.0,0.0,0.0,0.0,0.0,0.0,0.0,0.0,0.0,0.0,482.04,0.0,0.0,482.04
2/2/2026,2018.0,20190021.0,16387.0,30792.0,LAMAR OIL & GAS,Crude Oil,INTRASTATE,TEXAS,0.0,0.0,0.0,0.0,0.8,9.21,0.0,10.01,0.0,0.0,0.0,0.0,0.0,0.0,0.0,0.0,0.0,0.0,0.0,0.0,0.0,0.0,0.8,9.21,0.0,10.01
2/2/2026,2018.0,20190164.0,16570.0,30825.0,CITGO PETROLEUM CORPORATION (REFINERY),HVL,INTRASTATE,LOUISIANA,6.24,0.0,6.24,0.0,0.0,0.0,0.0,0.0,0.0,0.0,0.0,0.0,0.0,0.0,0.0,0.0,0.0,0.0,0.0,0.0,0.0,0.0,6.24,0.0,0.0,6.24
2/2/2026,2018.0,20190286.0,16704.0,30826.0,WILLIAMS FIELD SERVICES,HVL,INTERSTATE,COLORADO,393.03,0.0,393.03,0.0,0.0,0.0,0.0,0.0,0.28,0.0,0.0,0.0,0.28,0.0,0.0,0.0,0.0,0.0,0.0,0.0,0.0,0.0,393.31,0.0,0.0,393.31
2/2/2026,2018.0,20190286.0,16704.0,30826.0,WILLIAMS FIELD SERVICES,HVL,INTERSTATE,KANSAS,261.24,0.0,261.24,0.0,0.0,0.0,0.0,0.0,0.07,0.0,0.0,0.0,0.07,0.0,0.0,0.0,0.0,0.0,0.0,0.0,0.0,0.0,261.31,0.0,0.0,261.31
2/2/2026,2018.0,20190286.0,16704.0,30826.0,WILLIAMS FIELD SERVICES,HVL,INTERSTATE,PENNSYLVANIA,31.35,0.0,31.35,0.0,0.0,0.0,0.0,0.0,0.0,0.0,0.0,0.0,0.0,0.0,0.0,0.0,0.0,0.0,0.0,0.0,0.0,0.0,31.35,0.0,0.0,31.35
2/2/2026,2018.0,20190286.0,16704.0,30826.0,WILLIAMS FIELD SERVICES,HVL,INTERSTATE,WEST VIRGINIA,18.61,0.0,18.61,0.0,0.0,0.0,0.0,0.0,0.01,0.0,0.0,0.0,0.01,0.0,0.0,0.0,0.0,0.0,0.0,0.0,0.0,0.0,18.62,0.0,0.0,18.62
2/2/2026,2018.0,20190286.0,16704.0,30826.0,WILLIAMS FIELD SERVICES,HVL,INTERSTATE,WYOMING,235.38,0.0,235.38,0.0,0.0,0.0,0.0,0.0,151.22,0.0,0.0,0.0,151.22,0.0,0.0,0.0,0.0,0.0,0.0,0.0,0.0,0.0,386.6,0.0,0.0,386.6
2/2/2026,2018.0,20190286.0,16704.0,30826.0,WILLIAMS FIELD SERVICES,HVL,INTRASTATE,COLORADO,35.36,0.0,35.36,0.0,0.0,0.0,0.0,0.0,0.53,0.0,0.0,0.0,0.53,0.0,0.0,0.0,0.0,0.0,0.0,0.0,0.0,0.0,35.89,0.0,0.0,35.89
2/2/2026,2018.0,20190286.0,16704.0,30826.0,WILLIAMS FIELD SERVICES,HVL,INTRASTATE,WEST VIRGINIA,27.71,0.0,27.71,0.0,0.0,0.0,0.0,0.0,0.02,0.0,0.0,0.0,0.02,0.0,0.0,0.0,0.0,0.0,0.0,0.0,0.0,0.0,27.73,0.0,0.0,27.73
2/2/2026,2018.0,20190153.0,16556.0,30829.0,ENTERPRISE CRUDE PIPELINE LLC,Crude Oil,INTERSTATE,NEW MEXICO,36.589,0.0,36.589,0.056,0.0,0.0,0.0,0.056,0.0,0.0,0.0,0.0,0.0,0.0,0.0,0.0,0.0,0.0,0.0,0.0,0.0,0.0,36.645,0.0,0.0,36.645
2/2/2026,2018.0,20190153.0,16556.0,30829.0,ENTERPRISE CRUDE PIPELINE LLC,Crude Oil,INTERSTATE,OKLAHOMA,320.592,0.0,320.592,0.0,0.0,0.0,0.0,0.0,0.0,0.0,0.0,0.0,0.0,0.0,0.0,0.0,0.0,0.0,0.0,0.0,0.0,0.0,320.592,0.0,0.0,320.592
2/2/2026,2018.0,20190153.0,16556.0,30829.0,ENTERPRISE CRUDE PIPELINE LLC,Crude Oil,INTERSTATE,TEXAS,1660.587,0.0,1660.587,3.376,0.0,0.0,0.0,3.376,0.0,0.0,0.0,0.0,0.0,0.0,0.0,0.0,0.0,0.0,0.0,0.0,0.0,0.0,1663.963,0.0,0.0,1663.963
2/2/2026,2018.0,20190153.0,16556.0,30829.0,ENTERPRISE CRUDE PIPELINE LLC,Crude Oil,INTRASTATE,NEW MEXICO,52.991,0.0,52.991,0.0,0.0,0.0,0.0,0.0,0.0,0.0,0.0,0.0,0.0,0.0,0.0,0.0,0.0,0.0,0.0,0.0,0.0,0.0,52.991,0.0,0.0,52.991
2/2/2026,2018.0,20190153.0,16556.0,30829.0,ENTERPRISE CRUDE PIPELINE LLC,Crude Oil,INTRASTATE,TEXAS,1065.498,0.0,1065.498,69.221,1.093,0.0,0.0,70.314,0.0,0.0,0.0,0.0,0.0,0.0,0.0,0.0,0.0,0.0,0.0,0.0,0.0,0.0,1135.812,0.0,0.0,1135.812
2/2/2026,2018.0,20190154.0,16557.0,30829.0,ENTERPRISE CRUDE PIPELINE LLC,Refined and/or Petroleum Product (non-HVL),INTERSTATE,TEXAS,21.365,0.0,21.365,0.0,0.0,0.0,0.0,0.0,0.0,0.0,0.0,0.0,0.0,0.0,0.0,0.0,0.0,0.0,0.0,0.0,0.0,0.0,21.365,0.0,0.0,21.365
2/2/2026,2018.0,20190154.0,16557.0,30829.0,ENTERPRISE CRUDE PIPELINE LLC,Refined and/or Petroleum Product (non-HVL),INTRASTATE,TEXAS,9.264,0.0,9.264,0.0,0.0,0.0,0.0,0.0,0.0,0.0,0.0,0.0,0.0,0.0,0.0,0.0,0.0,0.0,0.0,0.0,0.0,0.0,9.264,0.0,0.0,9.264
2/2/2026,2018.0,20190287.0,16705.0,30834.0,TIDELANDS OIL PRODUCTION COMPANY,Crude Oil,INTRASTATE,CALIFORNIA,0.0,0.0,0.0,2.02,0.0,0.0,0.0,2.02,0.0,0.0,0.0,0.0,0.0,0.0,0.0,0.0,0.0,0.0,0.0,0.0,0.0,0.0,2.02,0.0,0.0,2.02
2/2/2026,2018.0,20190650.0,17092.0,30901.0,AIRCRAFT SERVICES INTERNATIONAL GROUP (ASIG),Refined and/or Petroleum Product (non-HVL),INTRASTATE,ALASKA,7.6,0.0,7.6,0.0,0.0,0.0,0.0,0.0,0.0,0.0,0.0,0.0,0.0,0.0,0.0,0.0,0.0,0.0,0.0,0.0,0.0,0.0,7.6,0.0,0.0,7.6
2/2/2026,2018.0,20190628.0,17307.0,30909.0,TRANSMONTAIGNE OPERATING COMPANY L.P.,Crude Oil,INTRASTATE,CALIFORNIA,0.0,0.0,0.0,1.9,0.0,0.0,0.0,1.9,0.0,0.0,0.0,0.0,0.0,0.0,0.0,0.0,0.0,0.0,0.0,0.0,0.0,0.0,1.9,0.0,0.0,1.9
2/2/2026,2018.0,20190611.0,17043.0,30909.0,TRANSMONTAIGNE OPERATING COMPANY L.P.,HVL,INTERSTATE,TEXAS,32.74,0.0,32.74,0.0,0.0,0.0,0.0,0.0,0.0,0.0,0.0,0.0,0.0,0.0,0.0,0.0,0.0,0.0,0.0,0.0,0.0,0.0,32.74,0.0,0.0,32.74
2/2/2026,2018.0,20190626.0,17308.0,30909.0,TRANSMONTAIGNE OPERATING COMPANY L.P.,Refined and/or Petroleum Product (non-HVL),INTERSTATE,ARKANSAS,11.58,0.0,11.58,0.0,0.0,0.0,0.0,0.0,0.0,0.0,0.0,0.0,0.0,0.0,0.0,0.0,0.0,0.0,0.0,0.0,0.0,0.0,11.58,0.0,0.0,11.58
2/2/2026,2018.0,20190626.0,17308.0,30909.0,TRANSMONTAIGNE OPERATING COMPANY L.P.,Refined and/or Petroleum Product (non-HVL),INTERSTATE,MISSOURI,56.0,0.0,56.0,0.0,0.0,0.0,0.0,0.0,0.0,0.0,0.0,0.0,0.0,0.0,0.0,0.0,0.0,0.0,0.0,0.0,0.0,0.0,56.0,0.0,0.0,56.0
2/2/2026,2018.0,20190626.0,17308.0,30909.0,TRANSMONTAIGNE OPERATING COMPANY L.P.,Refined and/or Petroleum Product (non-HVL),INTERSTATE,TEXAS,18.0,0.0,18.0,0.0,0.0,0.0,0.0,0.0,0.0,0.0,0.0,0.0,0.0,0.0,0.0,0.0,0.0,0.0,0.0,0.0,0.0,0.0,18.0,0.0,0.0,18.0
2/2/2026,2018.0,20190626.0,17308.0,30909.0,TRANSMONTAIGNE OPERATING COMPANY L.P.,Refined and/or Petroleum Product (non-HVL),INTRASTATE,CALIFORNIA,0.0,0.0,0.0,7.3,0.0,0.0,0.0,7.3,0.0,0.0,0.0,0.0,0.0,0.0,0.0,0.0,0.0,0.0,0.0,0.0,0.0,0.0,7.3,0.0,0.0,7.3
2/2/2026,2018.0,20190626.0,17308.0,30909.0,TRANSMONTAIGNE OPERATING COMPANY L.P.,Refined and/or Petroleum Product (non-HVL),INTRASTATE,MISSISSIPPI,35.0,0.0,35.0,0.0,5.7,0.0,0.0,5.7,0.0,0.0,0.0,0.0,0.0,0.0,0.0,0.0,0.0,0.0,0.0,0.0,0.0,0.0,40.7,0.0,0.0,40.7
2/2/2026,2018.0,20190626.0,17308.0,30909.0,TRANSMONTAIGNE OPERATING COMPANY L.P.,Refined and/or Petroleum Product (non-HVL),INTRASTATE,VIRGINIA,1.0,0.0,1.0,0.0,0.0,0.0,0.0,0.0,0.0,0.0,0.0,0.0,0.0,0.0,0.0,0.0,0.0,0.0,0.0,0.0,0.0,0.0,1.0,0.0,0.0,1.0
2/2/2026,2018.0,20190302.0,17166.0,30940.0,"WILLIAMS ENERGY, LLC",HVL,INTRASTATE,LOUISIANA,23.15,0.0,23.15,0.0,0.0,0.0,0.0,0.0,0.0,0.0,0.0,0.0,0.0,0.0,0.0,0.0,0.0,0.0,0.0,0.0,0.0,0.0,23.15,0.0,0.0,23.15
2/2/2026,2018.0,20190454.0,16885.0,30959.0,THE DOW CHEMICAL COMPANY,HVL,INTRASTATE,TEXAS,64.25,0.0,64.25,20.36,1.51,0.0,0.0,21.87,0.0,0.0,0.0,0.0,0.0,0.0,0.0,0.0,0.0,0.0,0.0,0.0,0.0,0.0,86.12,0.0,0.0,86.12
2/2/2026,2018.0,20190459.0,16890.0,30959.0,THE DOW CHEMICAL COMPANY,Refined and/or Petroleum Product (non-HVL),INTRASTATE,TEXAS,45.01,0.0,45.01,12.95,0.0,0.0,0.0,12.95,0.0,0.0,0.0,0.0,0.0,0.0,0.0,0.0,0.0,0.0,0.0,0.0,0.0,0.0,57.96,0.0,0.0,57.96
2/2/2026,2018.0,20190181.0,16592.0,31023.0,CITGO REFINING & CHEMICAL CO. L.P.,Crude Oil,INTRASTATE,TEXAS,4.1,0.0,4.1,0.0,0.0,0.0,0.0,0.0,0.0,0.0,0.0,0.0,0.0,0.0,0.0,0.0,0.0,0.0,0.0,0.0,0.0,0.0,4.1,0.0,0.0,4.1
2/2/2026,2018.0,20190183.0,16594.0,31023.0,CITGO REFINING & CHEMICAL CO. L.P.,HVL,INTRASTATE,TEXAS,1.3,0.0,1.3,4.4,0.0,0.0,0.0,4.4,0.0,0.0,0.0,0.0,0.0,0.0,0.0,0.0,0.0,0.0,0.0,0.0,0.0,0.0,5.7,0.0,0.0,5.7
2/2/2026,2018.0,20190182.0,16593.0,31023.0,CITGO REFINING & CHEMICAL CO. L.P.,Refined and/or Petroleum Product (non-HVL),INTRASTATE,TEXAS,17.0,0.0,17.0,31.6,0.0,0.0,0.0,31.6,0.0,0.0,0.0,0.0,0.0,0.0,0.0,0.0,0.0,0.0,0.0,0.0,0.0,0.0,48.6,0.0,0.0,48.6
2/2/2026,2018.0,20190210.0,16622.0,31045.0,"GENESIS PIPELINE USA, L.P.",Crude Oil,INTERSTATE,ALABAMA,53.71,0.0,53.71,9.03,5.7,0.0,0.0,14.73,0.0,0.0,0.0,0.0,0.0,0.0,0.0,0.0,0.0,0.0,0.0,0.0,0.0,0.0,68.44,0.0,0.0,68.44
2/2/2026,2018.0,20190210.0,16622.0,31045.0,"GENESIS PIPELINE USA, L.P.",Crude Oil,INTERSTATE,FLORIDA,30.86,0.0,30.86,9.36,3.38,0.0,0.0,12.74,0.0,0.0,0.0,0.0,0.0,0.0,0.0,0.0,0.0,0.0,0.0,0.0,0.0,0.0,43.6,0.0,0.0,43.6
2/2/2026,2018.0,20190210.0,16622.0,31045.0,"GENESIS PIPELINE USA, L.P.",Crude Oil,INTERSTATE,LOUISIANA,37.61,0.0,37.61,0.0,0.0,0.0,0.0,0.0,0.0,0.0,0.0,0.0,0.0,0.0,0.0,0.0,0.0,0.0,0.0,0.0,0.0,0.0,37.61,0.0,0.0,37.61
2/2/2026,2018.0,20190210.0,16622.0,31045.0,"GENESIS PIPELINE USA, L.P.",Crude Oil,INTERSTATE,MISSISSIPPI,113.35,0.0,113.35,79.69,24.63,0.0,0.0,104.32,0.0,0.0,0.0,0.0,0.0,0.0,0.0,0.0,0.0,0.0,0.0,0.0,0.0,0.0,217.67,0.0,0.0,217.67
2/2/2026,2018.0,20190016.0,16378.0,31049.0,MCCHORD PIPELINE CO.,Refined and/or Petroleum Product (non-HVL),INTRASTATE,WASHINGTON,14.25,0.0,14.25,0.0,0.0,0.0,0.0,0.0,0.0,0.0,0.0,0.0,0.0,0.0,0.0,0.0,0.0,0.0,0.0,0.0,0.0,0.0,14.25,0.0,0.0,14.25
2/2/2026,2018.0,20190487.0,16918.0,31051.0,"TIDEWATER, INC",Refined and/or Petroleum Product (non-HVL),INTRASTATE,OREGON,0.0,0.0,0.0,0.0,10.56,0.0,0.0,10.56,0.0,0.0,0.0,0.0,0.0,0.0,0.0,0.0,0.0,0.0,0.0,0.0,0.0,0.0,10.56,0.0,0.0,10.56
2/2/2026,2018.0,20190487.0,16918.0,31051.0,"TIDEWATER, INC",Refined and/or Petroleum Product (non-HVL),INTRASTATE,WASHINGTON,0.0,0.0,0.0,0.0,6.88,0.0,0.0,6.88,0.0,0.0,0.0,0.0,0.0,0.0,0.0,0.0,0.0,0.0,0.0,0.0,0.0,0.0,6.88,0.0,0.0,6.88
2/2/2026,2018.0,20190495.0,16926.0,31056.0,"SIGNATURE FLIGHT SUPPORT, M&O _ HONOLULU",Refined and/or Petroleum Product (non-HVL),INTRASTATE,HAWAII,0.0,0.0,0.0,6.0,0.0,0.0,0.0,6.0,0.0,0.0,0.0,0.0,0.0,0.0,0.0,0.0,0.0,0.0,0.0,0.0,0.0,0.0,6.0,0.0,0.0,6.0
2/2/2026,2018.0,20190116.0,16513.0,31057.0,"HECO - HAWAIIAN ELECTRIC COMPANY, INC.",Refined and/or Petroleum Product (non-HVL),INTRASTATE,HAWAII,18.0,0.0,18.0,0.0,0.0,0.0,0.0,0.0,0.0,0.0,0.0,0.0,0.0,0.0,0.0,0.0,0.0,0.0,0.0,0.0,0.0,0.0,18.0,0.0,0.0,18.0
2/2/2026,2018.0,20190584.0,17015.0,31059.0,BASF CORPORATION,HVL,INTRASTATE,TEXAS,8.26,0.0,8.26,1.97,0.0,0.0,0.0,1.97,0.0,0.0,0.0,0.0,0.0,0.0,0.0,0.0,0.0,0.0,0.0,0.0,0.0,0.0,10.23,0.0,0.0,10.23
2/2/2026,2018.0,20190573.0,17004.0,31075.0,E&B NATURAL RESOURCES MANAGEMENT CORP,Crude Oil,INTRASTATE,CALIFORNIA,0.25,0.0,0.25,4.36,0.0,0.0,0.0,4.36,0.0,0.0,0.0,0.0,0.0,0.0,0.0,0.0,0.0,0.0,0.0,0.0,0.0,0.0,4.61,0.0,0.0,4.61
2/2/2026,2018.0,20190050.0,16437.0,31083.0,HAWAII ELECTRIC LIGHT,Refined and/or Petroleum Product (non-HVL),INTRASTATE,HAWAII,2.0,0.0,2.0,0.0,0.0,0.0,0.0,0.0,0.0,0.0,0.0,0.0,0.0,0.0,0.0,0.0,0.0,0.0,0.0,0.0,0.0,0.0,2.0,0.0,0.0,2.0
2/2/2026,2018.0,20190138.0,16539.0,31130.0,DCP MIDSTREAM,HVL,INTERSTATE,COLORADO,220.621,0.0,220.621,0.0,0.0,0.0,0.0,0.0,0.0,0.0,0.0,0.0,0.0,0.0,0.0,0.0,0.0,0.0,0.0,0.0,0.0,0.0,220.621,0.0,0.0,220.621
2/2/2026,2018.0,20190138.0,16539.0,31130.0,DCP MIDSTREAM,HVL,INTERSTATE,KANSAS,232.155,0.0,232.155,0.0,0.0,0.0,0.0,0.0,0.0,0.0,0.0,0.0,0.0,0.0,0.0,0.0,0.0,0.0,0.0,0.0,0.0,0.0,232.155,0.0,0.0,232.155
2/2/2026,2018.0,20190138.0,16539.0,31130.0,DCP MIDSTREAM,HVL,INTERSTATE,LOUISIANA,175.554,0.0,175.554,0.0,0.653,0.0,0.0,0.653,0.0,0.0,0.0,0.0,0.0,0.0,0.0,0.0,0.0,0.0,0.0,0.0,0.0,0.0,176.207,0.0,0.0,176.207
2/2/2026,2018.0,20190138.0,16539.0,31130.0,DCP MIDSTREAM,HVL,INTERSTATE,NEW MEXICO,45.456,0.0,45.456,0.0,0.0,0.0,0.0,0.0,0.0,0.0,0.0,0.0,0.0,0.0,0.0,0.0,0.0,0.0,0.0,0.0,0.0,0.0,45.456,0.0,0.0,45.456
2/2/2026,2018.0,20190138.0,16539.0,31130.0,DCP MIDSTREAM,HVL,INTERSTATE,OKLAHOMA,525.955,0.0,525.955,0.0,0.0,0.0,0.0,0.0,0.0,0.0,0.0,0.0,0.0,0.0,0.0,0.0,0.0,0.0,0.0,0.0,0.0,0.0,525.955,0.0,0.0,525.955
2/2/2026,2018.0,20190138.0,16539.0,31130.0,DCP MIDSTREAM,HVL,INTERSTATE,TEXAS,541.995,0.0,541.995,0.0,0.0,0.0,0.0,0.0,0.0,0.0,0.0,0.0,0.0,0.0,0.0,0.0,0.0,0.0,0.0,0.0,0.0,0.0,541.995,0.0,0.0,541.995
2/2/2026,2018.0,20190138.0,16539.0,31130.0,DCP MIDSTREAM,HVL,INTRASTATE,COLORADO,69.922,0.0,69.922,0.121,0.0,0.0,0.0,0.121,0.0,0.127,0.0,0.0,0.127,0.0,0.0,0.0,0.0,0.0,0.0,0.0,0.0,0.0,70.17,0.0,0.0,70.17
2/2/2026,2018.0,20190138.0,16539.0,31130.0,DCP MIDSTREAM,HVL,INTRASTATE,MICHIGAN,4.173,0.0,4.173,0.057,0.0,0.0,0.0,0.057,0.0,0.0,0.0,0.0,0.0,0.0,0.0,0.0,0.0,0.0,0.0,0.0,0.0,0.0,4.23,0.0,0.0,4.23
2/2/2026,2018.0,20190138.0,16539.0,31130.0,DCP MIDSTREAM,HVL,INTRASTATE,NEW MEXICO,19.125,0.0,19.125,0.0,0.0,0.0,0.0,0.0,0.0,0.0,0.0,0.0,0.0,0.0,0.0,0.0,0.0,0.0,0.0,0.0,0.0,0.0,19.125,0.0,0.0,19.125
2/2/2026,2018.0,20190138.0,16539.0,31130.0,DCP MIDSTREAM,HVL,INTRASTATE,TEXAS,1695.519,0.0,1695.519,0.0,0.0,0.0,0.0,0.0,0.0,0.0,0.0,0.0,0.0,0.0,0.0,0.0,0.0,0.0,0.0,0.0,0.0,0.0,1695.519,0.0,0.0,1695.519
2/2/2026,2018.0,20190138.0,16539.0,31130.0,DCP MIDSTREAM,HVL,INTRASTATE,WYOMING,7.454,0.0,7.454,0.0,0.0,0.0,0.0,0.0,0.0,18.874,0.0,0.0,18.874,0.0,0.0,0.0,0.0,0.0,0.0,0.0,0.0,0.0,26.328,0.0,0.0,26.328
2/2/2026,2018.0,20190139.0,16540.0,31130.0,DCP MIDSTREAM,Refined and/or Petroleum Product (non-HVL),INTRASTATE,NEW MEXICO,0.015,0.0,0.015,0.0,2.993,0.0,0.0,2.993,0.0,0.0,0.0,0.0,0.0,0.0,0.0,0.0,0.0,0.0,0.0,0.0,0.0,0.0,3.008,0.0,0.0,3.008
2/2/2026,2018.0,20190139.0,16540.0,31130.0,DCP MIDSTREAM,Refined and/or Petroleum Product (non-HVL),INTRASTATE,TEXAS,25.48,0.0,25.48,0.0,0.0,0.0,0.0,0.0,0.0,0.0,0.0,0.0,0.0,0.0,0.0,0.0,0.0,0.0,0.0,0.0,0.0,0.0,25.48,0.0,0.0,25.48
2/2/2026,2018.0,20190060.0,18298.0,31135.0,PETRO-DIAMOND TERMINAL COMPANY,Refined and/or Petroleum Product (non-HVL),INTRASTATE,CALIFORNIA,0.0,0.0,0.0,2.19,0.0,0.0,0.0,2.19,0.0,0.0,0.0,0.0,0.0,0.0,0.0,0.0,0.0,0.0,0.0,0.0,0.0,0.0,2.19,0.0,0.0,2.19
2/2/2026,2018.0,20190048.0,16432.0,31136.0,WICKLAND PIPELINES LLC,Refined and/or Petroleum Product (non-HVL),INTRASTATE,CALIFORNIA,10.6,0.0,10.6,2.0,0.0,0.0,0.0,2.0,0.0,0.0,0.0,0.0,0.0,0.0,0.0,0.0,0.0,0.0,0.0,0.0,0.0,0.0,12.6,0.0,0.0,12.6
2/2/2026,2018.0,20190237.0,17954.0,31166.0,MUSTANG  PIPE  LINE  LLC,Crude Oil,INTERSTATE,ILLINOIS,209.604,0.0,209.604,0.0,0.0,0.0,0.0,0.0,0.0,0.0,0.0,0.0,0.0,0.0,0.0,0.0,0.0,0.0,0.0,0.0,0.0,0.0,209.604,0.0,0.0,209.604
2/2/2026,2018.0,20190540.0,16971.0,31167.0,MOEM PIPELINE LLC,Crude Oil,INTERSTATE,LOUISIANA,55.905,0.0,55.905,0.0,0.0,0.0,0.0,0.0,0.0,0.0,0.0,0.0,0.0,0.0,0.0,0.0,0.0,0.0,0.0,0.0,0.0,0.0,55.905,0.0,0.0,55.905
2/2/2026,2018.0,20190591.0,17160.0,31174.0,"SHELL PIPELINE CO., L.P.",Crude Oil,INTERSTATE,ILLINOIS,1.2,0.0,1.2,0.0,0.0,0.0,0.0,0.0,0.0,0.0,0.0,0.0,0.0,0.0,0.0,0.0,0.0,0.0,0.0,0.0,0.0,0.0,1.2,0.0,0.0,1.2
2/2/2026,2018.0,20190591.0,17160.0,31174.0,"SHELL PIPELINE CO., L.P.",Crude Oil,INTERSTATE,LOUISIANA,666.9,126.8,793.7,0.0,0.0,0.0,0.0,0.0,0.0,0.0,0.0,0.0,0.0,0.0,0.0,0.0,0.0,0.0,0.0,0.0,0.0,0.0,666.9,126.8,0.0,793.7
2/2/2026,2018.0,20190591.0,17160.0,31174.0,"SHELL PIPELINE CO., L.P.",Crude Oil,INTERSTATE,OCS-Gulf of Mexico,0.0,1205.2,1205.2,0.0,0.0,0.0,0.0,0.0,0.0,0.0,0.0,0.0,0.0,0.0,0.0,0.0,0.0,0.0,0.0,0.0,0.0,0.0,0.0,1205.2,0.0,1205.2
2/2/2026,2018.0,20190591.0,17160.0,31174.0,"SHELL PIPELINE CO., L.P.",Crude Oil,INTERSTATE,TEXAS,119.6,0.0,119.6,0.0,0.0,0.0,0.0,0.0,0.0,0.0,0.0,0.0,0.0,0.0,0.0,0.0,0.0,0.0,0.0,0.0,0.0,0.0,119.6,0.0,0.0,119.6
2/2/2026,2018.0,20190591.0,17160.0,31174.0,"SHELL PIPELINE CO., L.P.",Crude Oil,INTRASTATE,CALIFORNIA,475.7,0.0,475.7,0.0,0.0,0.0,1.2,1.2,0.0,0.0,0.0,0.0,0.0,0.0,0.0,0.0,0.0,0.0,0.0,0.0,0.0,0.0,475.7,0.0,1.2,476.9
2/2/2026,2018.0,20190594.0,17025.0,31174.0,"SHELL PIPELINE CO., L.P.",Fuel Grade Ethanol (dedicated system),INTRASTATE,CALIFORNIA,15.0,0.0,15.0,0.0,0.0,0.0,0.0,0.0,0.0,0.0,0.0,0.0,0.0,0.0,0.0,0.0,0.0,0.0,0.0,0.0,0.0,0.0,15.0,0.0,0.0,15.0
2/2/2026,2018.0,20190593.0,17024.0,31174.0,"SHELL PIPELINE CO., L.P.",HVL,INTERSTATE,LOUISIANA,330.7,0.0,330.7,0.0,0.0,0.0,0.0,0.0,0.0,0.0,0.0,0.0,0.0,0.0,0.0,0.0,0.0,0.0,0.0,0.0,0.0,0.0,330.7,0.0,0.0,330.7
2/2/2026,2018.0,20190593.0,17024.0,31174.0,"SHELL PIPELINE CO., L.P.",HVL,INTERSTATE,TEXAS,115.0,0.0,115.0,0.0,0.0,0.0,0.0,0.0,0.0,0.0,0.0,0.0,0.0,0.0,0.0,0.0,0.0,0.0,0.0,0.0,0.0,0.0,115.0,0.0,0.0,115.0
2/2/2026,2018.0,20190593.0,17024.0,31174.0,"SHELL PIPELINE CO., L.P.",HVL,INTRASTATE,LOUISIANA,78.8,0.0,78.8,0.0,0.0,0.0,0.0,0.0,0.0,0.0,0.0,0.0,0.0,0.0,0.0,0.0,0.0,0.0,0.0,0.0,0.0,0.0,78.8,0.0,0.0,78.8
2/2/2026,2018.0,20190593.0,17024.0,31174.0,"SHELL PIPELINE CO., L.P.",HVL,INTRASTATE,TEXAS,119.9,0.0,119.9,0.0,0.0,0.0,0.0,0.0,0.0,0.0,0.0,0.0,0.0,0.0,0.0,0.0,0.0,0.0,0.0,0.0,0.0,0.0,119.9,0.0,0.0,119.9
2/2/2026,2018.0,20190592.0,17163.0,31174.0,"SHELL PIPELINE CO., L.P.",Refined and/or Petroleum Product (non-HVL),INTERSTATE,ILLINOIS,0.8,0.0,0.8,0.0,0.0,0.0,0.0,0.0,0.0,0.0,0.0,0.0,0.0,0.0,0.0,0.0,0.0,0.0,0.0,0.0,0.0,0.0,0.8,0.0,0.0,0.8
2/2/2026,2018.0,20190592.0,17163.0,31174.0,"SHELL PIPELINE CO., L.P.",Refined and/or Petroleum Product (non-HVL),INTERSTATE,LOUISIANA,157.7,0.0,157.7,0.0,0.0,0.0,0.0,0.0,0.0,0.0,0.0,0.0,0.0,0.0,0.0,0.0,0.0,0.0,0.0,0.0,0.0,0.0,157.7,0.0,0.0,157.7
2/2/2026,2018.0,20190592.0,17163.0,31174.0,"SHELL PIPELINE CO., L.P.",Refined and/or Petroleum Product (non-HVL),INTERSTATE,OREGON,0.0,0.0,0.0,0.0,0.0,0.0,0.0,0.0,0.0,0.0,0.0,0.0,0.0,0.0,0.0,0.0,0.0,0.0,0.0,0.0,0.0,0.0,0.0,0.0,0.0,0.0
2/2/2026,2018.0,20190592.0,17163.0,31174.0,"SHELL PIPELINE CO., L.P.",Refined and/or Petroleum Product (non-HVL),INTERSTATE,TEXAS,12.4,0.0,12.4,0.0,0.0,0.0,5.5,5.5,0.0,0.0,0.0,0.0,0.0,0.0,0.0,0.0,0.0,0.0,0.0,0.0,0.0,0.0,12.4,0.0,5.5,17.9
2/2/2026,2018.0,20190592.0,17163.0,31174.0,"SHELL PIPELINE CO., L.P.",Refined and/or Petroleum Product (non-HVL),INTRASTATE,CALIFORNIA,144.4,0.0,144.4,0.0,0.0,0.0,0.0,0.0,0.0,0.0,0.0,0.0,0.0,0.0,0.0,0.0,0.0,0.0,0.0,0.0,0.0,0.0,144.4,0.0,0.0,144.4
2/2/2026,2018.0,20190592.0,17163.0,31174.0,"SHELL PIPELINE CO., L.P.",Refined and/or Petroleum Product (non-HVL),INTRASTATE,ILLINOIS,5.9,0.0,5.9,0.0,0.0,0.0,0.0,0.0,0.0,0.0,0.0,0.0,0.0,0.0,0.0,0.0,0.0,0.0,0.0,0.0,0.0,0.0,5.9,0.0,0.0,5.9
2/2/2026,2018.0,20190592.0,17163.0,31174.0,"SHELL PIPELINE CO., L.P.",Refined and/or Petroleum Product (non-HVL),INTRASTATE,LOUISIANA,10.6,0.0,10.6,0.0,0.0,0.0,0.0,0.0,0.0,0.0,0.0,0.0,0.0,0.0,0.0,0.0,0.0,0.0,0.0,0.0,0.0,0.0,10.6,0.0,0.0,10.6
2/2/2026,2018.0,20190592.0,17163.0,31174.0,"SHELL PIPELINE CO., L.P.",Refined and/or Petroleum Product (non-HVL),INTRASTATE,TEXAS,20.3,0.0,20.3,0.0,0.0,0.0,0.0,0.0,0.0,0.0,0.0,0.0,0.0,0.0,0.0,0.0,0.0,0.0,0.0,0.0,0.0,0.0,20.3,0.0,0.0,20.3
2/2/2026,2018.0,20190515.0,16946.0,31178.0,XTO ENERGY INC,CO2,INTRASTATE,TEXAS,29.2,0.0,29.2,0.0,0.0,0.0,0.0,0.0,0.0,0.0,0.0,0.0,0.0,0.0,0.0,0.0,0.0,0.0,0.0,0.0,0.0,0.0,29.2,0.0,0.0,29.2
2/2/2026,2018.0,20190599.0,17030.0,31178.0,XTO ENERGY INC,Crude Oil,INTRASTATE,NEW MEXICO,8.8,0.0,8.8,0.0,0.0,0.0,0.0,0.0,0.0,0.0,0.0,0.0,0.0,0.0,0.0,0.0,0.0,0.0,0.0,0.0,0.0,0.0,8.8,0.0,0.0,8.8
2/2/2026,2018.0,20190599.0,17030.0,31178.0,XTO ENERGY INC,Crude Oil,INTRASTATE,TEXAS,0.0,0.0,0.0,0.0,0.0,0.0,0.0,0.0,0.0,0.0,0.0,0.0,0.0,0.0,7.12,0.0,7.12,0.0,0.0,0.0,0.0,0.0,7.12,0.0,0.0,7.12
2/2/2026,2018.0,20190510.0,16941.0,31178.0,XTO ENERGY INC,HVL,INTRASTATE,LOUISIANA,12.1,0.0,12.1,0.0,0.0,0.0,0.0,0.0,0.0,0.0,0.0,0.0,0.0,0.0,0.0,0.0,0.0,0.0,0.0,0.0,0.0,0.0,12.1,0.0,0.0,12.1
2/2/2026,2018.0,20190510.0,16941.0,31178.0,XTO ENERGY INC,HVL,INTRASTATE,TEXAS,3.6,0.0,3.6,0.0,0.0,0.0,0.0,0.0,0.0,0.0,0.0,0.0,0.0,0.0,0.0,0.0,0.0,0.0,0.0,0.0,0.0,0.0,3.6,0.0,0.0,3.6
2/2/2026,2018.0,20190071.0,16464.0,31189.0,BP PIPELINE (NORTH AMERICA) INC.,Crude Oil,INTERSTATE,ILLINOIS,519.6,0.0,519.6,0.0,0.0,0.0,0.0,0.0,0.0,0.0,0.0,0.0,0.0,0.0,0.0,0.0,0.0,0.0,0.0,0.0,0.0,0.0,519.6,0.0,0.0,519.6
2/2/2026,2018.0,20190071.0,16464.0,31189.0,BP PIPELINE (NORTH AMERICA) INC.,Crude Oil,INTERSTATE,INDIANA,41.5,0.0,41.5,0.0,0.0,0.0,0.0,0.0,0.0,0.0,0.0,0.0,0.0,0.0,0.0,0.0,0.0,0.0,0.0,0.0,0.0,0.0,41.5,0.0,0.0,41.5
2/2/2026,2018.0,20190071.0,16464.0,31189.0,BP PIPELINE (NORTH AMERICA) INC.,Crude Oil,INTERSTATE,IOWA,16.0,0.0,16.0,0.0,0.0,0.0,0.0,0.0,0.0,0.0,0.0,0.0,0.0,0.0,0.0,0.0,0.0,0.0,0.0,0.0,0.0,0.0,16.0,0.0,0.0,16.0
2/2/2026,2018.0,20190071.0,16464.0,31189.0,BP PIPELINE (NORTH AMERICA) INC.,Crude Oil,INTERSTATE,KANSAS,132.3,0.0,132.3,0.0,0.0,0.0,0.0,0.0,0.0,0.0,0.0,0.0,0.0,0.0,0.0,0.0,0.0,0.0,0.0,0.0,0.0,0.0,132.3,0.0,0.0,132.3
2/2/2026,2018.0,20190071.0,16464.0,31189.0,BP PIPELINE (NORTH AMERICA) INC.,Crude Oil,INTERSTATE,MISSOURI,217.1,0.0,217.1,0.0,0.0,0.0,0.0,0.0,0.0,0.0,0.0,0.0,0.0,0.0,0.0,0.0,0.0,0.0,0.0,0.0,0.0,0.0,217.1,0.0,0.0,217.1
2/2/2026,2018.0,20190071.0,16464.0,31189.0,BP PIPELINE (NORTH AMERICA) INC.,Crude Oil,INTERSTATE,OKLAHOMA,89.0,0.0,89.0,0.0,0.0,0.0,0.0,0.0,0.0,0.0,0.0,0.0,0.0,0.0,0.0,0.0,0.0,0.0,0.0,0.0,0.0,0.0,89.0,0.0,0.0,89.0
2/2/2026,2018.0,20190071.0,16464.0,31189.0,BP PIPELINE (NORTH AMERICA) INC.,Crude Oil,INTRASTATE,WASHINGTON,5.3,0.0,5.3,0.0,0.0,0.0,0.0,0.0,0.0,0.0,0.0,0.0,0.0,0.0,0.0,0.0,0.0,0.0,0.0,0.0,0.0,0.0,5.3,0.0,0.0,5.3
2/2/2026,2018.0,20190067.0,16460.0,31189.0,BP PIPELINE (NORTH AMERICA) INC.,HVL,INTERSTATE,INDIANA,1.7,0.0,1.7,0.0,0.0,0.0,0.0,0.0,0.0,0.0,0.0,0.0,0.0,0.0,0.0,0.0,0.0,0.0,0.0,0.0,0.0,0.0,1.7,0.0,0.0,1.7
2/2/2026,2018.0,20190067.0,16460.0,31189.0,BP PIPELINE (NORTH AMERICA) INC.,HVL,INTRASTATE,WASHINGTON,4.9,0.0,4.9,0.0,0.0,0.0,0.0,0.0,0.0,0.0,0.0,0.0,0.0,0.0,0.0,0.0,0.0,0.0,0.0,0.0,0.0,0.0,4.9,0.0,0.0,4.9
2/2/2026,2018.0,20190073.0,17300.0,31189.0,BP PIPELINE (NORTH AMERICA) INC.,Refined and/or Petroleum Product (non-HVL),INTERSTATE,ALABAMA,26.2,0.0,26.2,0.0,0.0,0.0,0.0,0.0,0.0,0.0,0.0,0.0,0.0,0.0,0.0,0.0,0.0,0.0,0.0,0.0,0.0,0.0,26.2,0.0,0.0,26.2
2/2/2026,2018.0,20190073.0,17300.0,31189.0,BP PIPELINE (NORTH AMERICA) INC.,Refined and/or Petroleum Product (non-HVL),INTERSTATE,ILLINOIS,147.6,0.0,147.6,0.0,0.0,0.0,0.0,0.0,0.0,0.0,0.0,0.0,0.0,0.0,0.0,0.0,0.0,0.0,0.0,0.0,0.0,0.0,147.6,0.0,0.0,147.6
2/2/2026,2018.0,20190073.0,17300.0,31189.0,BP PIPELINE (NORTH AMERICA) INC.,Refined and/or Petroleum Product (non-HVL),INTERSTATE,INDIANA,140.9,0.0,140.9,0.0,0.0,0.0,0.0,0.0,0.0,0.0,0.0,0.0,0.0,0.0,0.0,0.0,0.0,0.0,0.0,0.0,0.0,0.0,140.9,0.0,0.0,140.9
2/2/2026,2018.0,20190073.0,17300.0,31189.0,BP PIPELINE (NORTH AMERICA) INC.,Refined and/or Petroleum Product (non-HVL),INTERSTATE,KANSAS,72.5,0.0,72.5,0.0,0.0,0.0,0.0,0.0,0.0,0.0,0.0,0.0,0.0,0.0,0.0,0.0,0.0,0.0,0.0,0.0,0.0,0.0,72.5,0.0,0.0,72.5
2/2/2026,2018.0,20190073.0,17300.0,31189.0,BP PIPELINE (NORTH AMERICA) INC.,Refined and/or Petroleum Product (non-HVL),INTERSTATE,KENTUCKY,97.4,0.0,97.4,0.0,0.0,0.0,0.0,0.0,0.0,0.0,0.0,0.0,0.0,0.0,0.0,0.0,0.0,0.0,0.0,0.0,0.0,0.0,97.4,0.0,0.0,97.4
2/2/2026,2018.0,20190073.0,17300.0,31189.0,BP PIPELINE (NORTH AMERICA) INC.,Refined and/or Petroleum Product (non-HVL),INTERSTATE,MISSOURI,7.1,0.0,7.1,0.0,0.0,0.0,0.0,0.0,0.0,0.0,0.0,0.0,0.0,0.0,0.0,0.0,0.0,0.0,0.0,0.0,0.0,0.0,7.1,0.0,0.0,7.1
2/2/2026,2018.0,20190073.0,17300.0,31189.0,BP PIPELINE (NORTH AMERICA) INC.,Refined and/or Petroleum Product (non-HVL),INTERSTATE,TENNESSEE,128.1,0.0,128.1,0.0,0.0,0.0,0.0,0.0,0.0,0.0,0.0,0.0,0.0,0.0,0.0,0.0,0.0,0.0,0.0,0.0,0.0,0.0,128.1,0.0,0.0,128.1
2/2/2026,2018.0,20193695.0,17219.0,31199.0,ALLIANCE PIPELINE L.P.,HVL,INTRASTATE,NORTH DAKOTA,0.317,0.0,0.317,0.0,0.0,0.0,0.0,0.0,0.0,0.0,0.0,0.0,0.0,0.0,0.0,0.0,0.0,0.0,0.0,0.0,0.0,0.0,0.317,0.0,0.0,0.317
2/2/2026,2018.0,20190110.0,16506.0,31202.0,"ENABLE MIDSTREAM PARTNERS, LP",HVL,INTRASTATE,TEXAS,55.41,0.0,55.41,2.52,0.0,0.0,0.0,2.52,0.0,0.0,0.0,0.0,0.0,0.0,0.0,0.0,0.0,0.0,0.0,0.0,0.0,0.0,57.93,0.0,0.0,57.93
2/2/2026,2018.0,20190136.0,16537.0,31202.0,"ENABLE MIDSTREAM PARTNERS, LP",Refined and/or Petroleum Product (non-HVL),INTRASTATE,TEXAS,34.67,0.0,34.67,10.35,0.0,0.0,0.0,10.35,0.0,0.0,0.0,0.0,0.0,0.0,0.0,0.0,0.0,0.0,0.0,0.0,0.0,0.0,45.02,0.0,0.0,45.02
2/2/2026,2018.0,20190294.0,16712.0,31228.0,"CALIFORNIA RESOURCES ELK HILLS, LLC",HVL,INTRASTATE,CALIFORNIA,22.0,0.0,22.0,0.0,0.0,0.0,0.0,0.0,0.0,0.0,0.0,0.0,0.0,0.0,0.0,0.0,0.0,0.0,0.0,0.0,0.0,0.0,22.0,0.0,0.0,22.0
2/2/2026,2018.0,20190295.0,16713.0,31228.0,"CALIFORNIA RESOURCES ELK HILLS, LLC",Refined and/or Petroleum Product (non-HVL),INTRASTATE,CALIFORNIA,11.0,0.0,11.0,0.0,0.0,0.0,0.0,0.0,0.0,0.0,0.0,0.0,0.0,0.0,0.0,0.0,0.0,0.0,0.0,0.0,0.0,0.0,11.0,0.0,0.0,11.0
2/2/2026,2018.0,20190121.0,16519.0,31256.0,"AMERICAN MIDSTREAM GAS SOLUTIONS, LP",Crude Oil,INTRASTATE,TEXAS,11.16,0.0,11.16,0.0,0.0,0.0,0.0,0.0,0.0,0.0,0.0,0.0,0.0,0.0,0.0,0.0,0.0,0.0,0.0,0.0,0.0,0.0,11.16,0.0,0.0,11.16
2/2/2026,2018.0,20190120.0,17138.0,31256.0,"AMERICAN MIDSTREAM GAS SOLUTIONS, LP",HVL,INTRASTATE,TEXAS,36.4,0.0,36.4,0.0,0.0,0.0,0.0,0.0,0.0,0.0,0.0,0.0,0.0,0.0,0.0,0.0,0.0,0.0,0.0,0.0,0.0,0.0,36.4,0.0,0.0,36.4
2/2/2026,2018.0,20190227.0,17234.0,31285.0,HOUSTON AMMONIA TERMINAL,HVL,INTRASTATE,TEXAS,0.0,0.0,0.0,6.2,0.0,0.0,0.0,6.2,0.0,0.0,0.0,0.0,0.0,0.0,0.0,0.0,0.0,0.0,0.0,0.0,0.0,0.0,6.2,0.0,0.0,6.2
2/2/2026,2018.0,20190561.0,16992.0,31288.0,"FLINT HILLS RESOURCES PINE BEND, LLC",Refined and/or Petroleum Product (non-HVL),INTERSTATE,WISCONSIN,0.0,0.0,0.0,0.0,0.0,0.0,0.0,0.0,0.0,0.0,0.0,0.0,0.0,0.0,0.0,0.0,0.0,0.0,0.0,0.0,0.0,0.0,0.0,0.0,0.0,0.0
2/2/2026,2018.0,20193686.0,16389.0,31295.0,PACIFIC OPERATORS OFFSHORE,Crude Oil,INTERSTATE,OCS-Pacific,0.0,1.3,1.3,0.0,0.0,0.0,0.0,0.0,0.0,0.0,0.0,0.0,0.0,0.0,0.0,0.0,0.0,0.0,0.0,0.0,0.0,0.0,0.0,1.3,0.0,1.3
2/2/2026,2018.0,20193686.0,16389.0,31295.0,PACIFIC OPERATORS OFFSHORE,Crude Oil,INTRASTATE,CALIFORNIA,0.0,5.139,5.139,0.0,0.0,0.0,0.0,0.0,0.0,0.0,0.0,0.0,0.0,0.0,0.0,0.0,0.0,0.0,0.0,0.0,0.0,0.0,0.0,5.139,0.0,5.139
2/2/2026,2018.0,20190022.0,18936.0,31312.0,WEST PHOENIX POWER PLANT,Refined and/or Petroleum Product (non-HVL),INTRASTATE,ARIZONA,0.0,0.0,0.0,2.0,0.0,0.0,0.0,2.0,0.0,0.0,0.0,0.0,0.0,0.0,0.0,0.0,0.0,0.0,0.0,0.0,0.0,0.0,2.0,0.0,0.0,2.0
2/2/2026,2018.0,20190486.0,16917.0,31341.0,OLIKTOK PIPELINE COMPANY,HVL,INTRASTATE,ALASKA,28.065,0.0,28.065,0.0,0.0,0.0,0.0,0.0,0.0,0.0,0.0,0.0,0.0,0.0,0.0,0.0,0.0,0.0,0.0,0.0,0.0,0.0,28.065,0.0,0.0,28.065
2/2/2026,2018.0,20190077.0,16471.0,31352.0,WHITING PETROLEUM CORP,Crude Oil,INTRASTATE,COLORADO,11.52,0.0,11.52,0.0,0.0,0.0,0.0,0.0,0.0,0.0,0.0,0.0,0.0,0.0,0.0,0.0,0.0,0.0,0.0,0.0,0.0,0.0,11.52,0.0,0.0,11.52
2/2/2026,2018.0,20190403.0,16830.0,31371.0,"BUCKEYE DEVELOPMENT & LOGISTICS, LLC",HVL,INTERSTATE,LOUISIANA,32.165,0.0,32.165,0.0,0.0,0.0,0.0,0.0,0.0,0.0,0.0,0.0,0.0,0.0,0.0,0.0,0.0,0.0,0.0,0.0,0.0,0.0,32.165,0.0,0.0,32.165
2/2/2026,2018.0,20190403.0,16830.0,31371.0,"BUCKEYE DEVELOPMENT & LOGISTICS, LLC",HVL,INTERSTATE,MICHIGAN,7.689,0.0,7.689,0.0,0.0,0.0,0.0,0.0,0.0,0.0,0.0,0.0,0.0,0.0,0.0,0.0,0.0,0.0,0.0,0.0,0.0,0.0,7.689,0.0,0.0,7.689
2/2/2026,2018.0,20190403.0,16830.0,31371.0,"BUCKEYE DEVELOPMENT & LOGISTICS, LLC",HVL,INTERSTATE,TEXAS,78.567,0.0,78.567,0.0,0.0,0.0,0.0,0.0,0.0,0.0,0.0,0.0,0.0,0.0,0.0,0.0,0.0,0.0,0.0,0.0,0.0,0.0,78.567,0.0,0.0,78.567
2/2/2026,2018.0,20190403.0,16830.0,31371.0,"BUCKEYE DEVELOPMENT & LOGISTICS, LLC",HVL,INTRASTATE,LOUISIANA,22.997,0.0,22.997,0.0,0.0,0.0,0.0,0.0,0.0,0.0,0.0,0.0,0.0,0.0,0.0,0.0,0.0,0.0,0.0,0.0,0.0,0.0,22.997,0.0,0.0,22.997
2/2/2026,2018.0,20190403.0,16830.0,31371.0,"BUCKEYE DEVELOPMENT & LOGISTICS, LLC",HVL,INTRASTATE,TEXAS,547.629,0.0,547.629,20.734,0.0,0.0,0.0,20.734,0.0,0.0,0.0,0.0,0.0,0.0,0.0,0.0,0.0,0.0,0.0,0.0,0.0,0.0,568.363,0.0,0.0,568.363
2/2/2026,2018.0,20190404.0,16831.0,31371.0,"BUCKEYE DEVELOPMENT & LOGISTICS, LLC",Refined and/or Petroleum Product (non-HVL),INTERSTATE,FLORIDA,36.257,0.0,36.257,1.3,0.0,0.0,0.0,1.3,0.0,0.0,0.0,0.0,0.0,0.0,0.0,0.0,0.0,0.0,0.0,0.0,0.0,0.0,37.557,0.0,0.0,37.557
2/2/2026,2018.0,20190404.0,16831.0,31371.0,"BUCKEYE DEVELOPMENT & LOGISTICS, LLC",Refined and/or Petroleum Product (non-HVL),INTERSTATE,NEVADA,0.0,0.0,0.0,3.035,0.0,0.0,0.0,3.035,0.0,0.0,0.0,0.0,0.0,0.0,0.0,0.0,0.0,0.0,0.0,0.0,0.0,0.0,3.035,0.0,0.0,3.035
2/2/2026,2018.0,20190404.0,16831.0,31371.0,"BUCKEYE DEVELOPMENT & LOGISTICS, LLC",Refined and/or Petroleum Product (non-HVL),INTERSTATE,TENNESSEE,14.951,0.0,14.951,0.0,0.0,0.0,0.0,0.0,0.0,0.0,0.0,0.0,0.0,0.0,0.0,0.0,0.0,0.0,0.0,0.0,0.0,0.0,14.951,0.0,0.0,14.951
2/2/2026,2018.0,20190404.0,16831.0,31371.0,"BUCKEYE DEVELOPMENT & LOGISTICS, LLC",Refined and/or Petroleum Product (non-HVL),INTERSTATE,TEXAS,27.776,0.0,27.776,0.0,0.0,0.0,0.0,0.0,0.0,0.0,0.0,0.0,0.0,0.0,0.0,0.0,0.0,0.0,0.0,0.0,0.0,0.0,27.776,0.0,0.0,27.776
2/2/2026,2018.0,20190404.0,16831.0,31371.0,"BUCKEYE DEVELOPMENT & LOGISTICS, LLC",Refined and/or Petroleum Product (non-HVL),INTRASTATE,CALIFORNIA,0.023,0.0,0.023,4.265,0.0,0.0,0.0,4.265,0.0,0.0,0.0,0.0,0.0,0.0,0.0,0.0,0.0,0.0,0.0,0.0,0.0,0.0,4.288,0.0,0.0,4.288
2/2/2026,2018.0,20190404.0,16831.0,31371.0,"BUCKEYE DEVELOPMENT & LOGISTICS, LLC",Refined and/or Petroleum Product (non-HVL),INTRASTATE,TEXAS,1.907,0.0,1.907,0.0,0.0,0.0,0.0,0.0,0.0,0.0,0.0,0.0,0.0,0.0,0.0,0.0,0.0,0.0,0.0,0.0,0.0,0.0,1.907,0.0,0.0,1.907
2/2/2026,2018.0,20190564.0,16995.0,31391.0,"LINDE GAS NORTH AMERICA, LLC",CO2,INTRASTATE,WYOMING,7.24,0.0,7.24,0.0,0.0,0.0,0.0,0.0,0.0,0.0,0.0,0.0,0.0,0.0,0.0,0.0,0.0,0.0,0.0,0.0,0.0,0.0,7.24,0.0,0.0,7.24
2/2/2026,2018.0,20190525.0,16956.0,31420.0,VOPAK TERMINAL LOS ANGELES INC.,Refined and/or Petroleum Product (non-HVL),INTRASTATE,CALIFORNIA,10.61,0.0,10.61,0.0,0.0,0.0,0.0,0.0,0.0,0.0,0.0,0.0,0.0,0.0,0.0,0.0,0.0,0.0,0.0,0.0,0.0,0.0,10.61,0.0,0.0,10.61
2/2/2026,2018.0,20190247.0,17210.0,31425.0,MIDCOAST PIPELINES (TEXAS GATHERING) L.P.,HVL,INTRASTATE,TEXAS,49.08,0.0,49.08,0.0,0.0,0.0,0.0,0.0,0.0,0.0,0.0,0.0,0.0,0.0,0.0,0.0,0.0,0.0,0.0,0.0,0.0,0.0,49.08,0.0,0.0,49.08
2/2/2026,2018.0,20190145.0,16546.0,31434.0,PALMER PETROLEUM INC,Crude Oil,INTRASTATE,ALABAMA,0.0,0.0,0.0,7.0,0.0,0.0,0.0,7.0,0.0,0.0,0.0,0.0,0.0,0.0,0.0,0.0,0.0,0.0,0.0,0.0,0.0,0.0,7.0,0.0,0.0,7.0
2/2/2026,2018.0,20190011.0,16371.0,31443.0,"ALON USA, LP",Crude Oil,INTRASTATE,TEXAS,0.0,0.0,0.0,0.0,4.0,0.0,0.0,4.0,0.0,0.0,0.0,0.0,0.0,0.0,0.0,0.0,0.0,0.0,0.0,0.0,0.0,0.0,4.0,0.0,0.0,4.0
2/2/2026,2018.0,20190012.0,16425.0,31443.0,"ALON USA, LP",Refined and/or Petroleum Product (non-HVL),INTRASTATE,TEXAS,0.0,0.0,0.0,63.0,133.0,0.0,0.0,196.0,0.0,0.0,0.0,0.0,0.0,0.0,0.0,0.0,0.0,0.0,0.0,0.0,0.0,0.0,196.0,0.0,0.0,196.0
2/2/2026,2018.0,20190450.0,16881.0,31448.0,ENBRIDGE PIPELINES (TOLEDO) INC,Crude Oil,INTERSTATE,MICHIGAN,138.24,0.0,138.24,0.0,0.0,0.0,0.0,0.0,0.0,0.0,0.0,0.0,0.0,0.0,0.0,0.0,0.0,0.0,0.0,0.0,0.0,0.0,138.24,0.0,0.0,138.24
2/2/2026,2018.0,20190450.0,16881.0,31448.0,ENBRIDGE PIPELINES (TOLEDO) INC,Crude Oil,INTERSTATE,OHIO,10.44,0.0,10.44,0.0,0.0,0.0,0.0,0.0,0.0,0.0,0.0,0.0,0.0,0.0,0.0,0.0,0.0,0.0,0.0,0.0,0.0,0.0,10.44,0.0,0.0,10.44
2/2/2026,2018.0,20190128.0,16528.0,31451.0,KINDER MORGAN TEXAS PIPELINE CO,Refined and/or Petroleum Product (non-HVL),INTRASTATE,TEXAS,3.27,0.0,3.27,0.0,0.0,0.0,0.0,0.0,0.0,0.0,0.0,0.0,0.0,0.0,0.0,0.0,0.0,0.0,0.0,0.0,0.0,0.0,3.27,0.0,0.0,3.27
2/2/2026,2018.0,20190551.0,16982.0,31454.0,"NUSTAR LOGISTICS, L.P.",Crude Oil,INTERSTATE,OKLAHOMA,83.0,0.0,83.0,0.0,0.0,0.0,0.0,0.0,0.0,0.0,0.0,0.0,0.0,0.0,0.0,0.0,0.0,0.0,0.0,0.0,0.0,0.0,83.0,0.0,0.0,83.0
2/2/2026,2018.0,20190551.0,16982.0,31454.0,"NUSTAR LOGISTICS, L.P.",Crude Oil,INTERSTATE,TEXAS,63.4,0.0,63.4,0.0,0.0,0.0,0.0,0.0,0.0,0.0,0.0,0.0,0.0,0.0,0.0,0.0,0.0,0.0,0.0,0.0,0.0,0.0,63.4,0.0,0.0,63.4
2/2/2026,2018.0,20190551.0,16982.0,31454.0,"NUSTAR LOGISTICS, L.P.",Crude Oil,INTRASTATE,TEXAS,793.7,0.0,793.7,0.0,2.0,0.0,0.0,2.0,0.0,0.0,0.0,0.0,0.0,0.0,0.0,0.0,0.0,0.0,0.0,0.0,0.0,0.0,795.7,0.0,0.0,795.7
2/2/2026,2018.0,20190553.0,16984.0,31454.0,"NUSTAR LOGISTICS, L.P.",HVL,INTRASTATE,TEXAS,215.4,0.0,215.4,0.0,0.0,0.0,0.0,0.0,0.0,0.0,0.0,0.0,0.0,0.0,0.0,0.0,0.0,0.0,0.0,0.0,0.0,0.0,215.4,0.0,0.0,215.4
2/2/2026,2018.0,20190552.0,17240.0,31454.0,"NUSTAR LOGISTICS, L.P.",Refined and/or Petroleum Product (non-HVL),INTERSTATE,COLORADO,273.0,0.0,273.0,0.0,0.0,0.0,0.0,0.0,0.0,0.0,0.0,0.0,0.0,0.0,0.0,0.0,0.0,0.0,0.0,0.0,0.0,0.0,273.0,0.0,0.0,273.0
2/2/2026,2018.0,20190552.0,17240.0,31454.0,"NUSTAR LOGISTICS, L.P.",Refined and/or Petroleum Product (non-HVL),INTERSTATE,NEW MEXICO,716.6,0.0,716.6,0.0,0.0,0.0,0.0,0.0,0.0,0.0,0.0,0.0,0.0,0.0,0.0,0.0,0.0,0.0,0.0,0.0,0.0,0.0,716.6,0.0,0.0,716.6
2/2/2026,2018.0,20190552.0,17240.0,31454.0,"NUSTAR LOGISTICS, L.P.",Refined and/or Petroleum Product (non-HVL),INTERSTATE,OKLAHOMA,127.5,0.0,127.5,0.0,0.0,0.0,0.0,0.0,0.0,0.0,0.0,0.0,0.0,0.0,0.0,0.0,0.0,0.0,0.0,0.0,0.0,0.0,127.5,0.0,0.0,127.5
2/2/2026,2018.0,20190552.0,17240.0,31454.0,"NUSTAR LOGISTICS, L.P.",Refined and/or Petroleum Product (non-HVL),INTERSTATE,TEXAS,828.8,0.0,828.8,0.8,0.0,0.0,0.0,0.8,0.0,0.0,0.0,0.0,0.0,0.0,0.0,0.0,0.0,0.0,0.0,0.0,0.0,0.0,829.6,0.0,0.0,829.6
2/2/2026,2018.0,20190552.0,17240.0,31454.0,"NUSTAR LOGISTICS, L.P.",Refined and/or Petroleum Product (non-HVL),INTRASTATE,TEXAS,622.9,0.0,622.9,2.5,0.0,0.0,0.0,2.5,29.7,0.3,0.0,0.0,30.0,0.0,0.0,0.0,0.0,0.0,0.0,0.0,0.0,0.0,655.4,0.0,0.0,655.4
2/2/2026,2018.0,20190518.0,16949.0,31455.0,"CALUMET MONTANA REFINING, LLC",Crude Oil,INTRASTATE,MONTANA,2.6,0.0,2.6,0.0,0.0,0.0,0.0,0.0,0.0,0.0,0.0,0.0,0.0,0.0,0.0,0.0,0.0,0.0,0.0,0.0,0.0,0.0,2.6,0.0,0.0,2.6
2/2/2026,2018.0,20190370.0,17205.0,31460.0,DOD DEFENSE ENERGY SUPPORT CENTER,Refined and/or Petroleum Product (non-HVL),INTRASTATE,CALIFORNIA,0.0,0.0,0.0,79.31,0.0,0.0,0.0,79.31,0.0,0.0,0.0,0.0,0.0,0.0,0.0,0.0,0.0,0.0,0.0,0.0,0.0,0.0,79.31,0.0,0.0,79.31
2/2/2026,2018.0,20190299.0,16718.0,31472.0,SCISSORTAIL ENERGY LLC,Refined and/or Petroleum Product (non-HVL),INTRASTATE,OKLAHOMA,1.41,0.0,1.41,0.0,0.0,0.0,0.0,0.0,0.0,0.0,0.0,0.0,0.0,0.0,0.0,0.0,0.0,0.0,0.0,0.0,0.0,0.0,1.41,0.0,0.0,1.41
2/2/2026,2018.0,20190624.0,17056.0,31475.0,TRINITY PIPELINE GP LLC,CO2,INTERSTATE,NEW MEXICO,57.44,0.0,57.44,0.0,0.0,0.0,0.0,0.0,0.0,0.0,0.0,0.0,0.0,0.0,0.0,0.0,0.0,0.0,0.0,0.0,0.0,0.0,57.44,0.0,0.0,57.44
2/2/2026,2018.0,20190624.0,17056.0,31475.0,TRINITY PIPELINE GP LLC,CO2,INTERSTATE,TEXAS,42.57,0.0,42.57,0.0,0.0,0.0,0.0,0.0,0.0,0.0,0.0,0.0,0.0,0.0,0.0,0.0,0.0,0.0,0.0,0.0,0.0,0.0,42.57,0.0,0.0,42.57
2/2/2026,2018.0,20190624.0,17056.0,31475.0,TRINITY PIPELINE GP LLC,CO2,INTRASTATE,NEW MEXICO,52.9,0.0,52.9,0.0,0.0,0.0,0.0,0.0,0.0,0.0,0.0,0.0,0.0,0.0,0.0,0.0,0.0,0.0,0.0,0.0,0.0,0.0,52.9,0.0,0.0,52.9
2/2/2026,2018.0,20190624.0,17056.0,31475.0,TRINITY PIPELINE GP LLC,CO2,INTRASTATE,TEXAS,26.93,0.0,26.93,0.0,0.0,0.0,0.0,0.0,0.0,0.0,0.0,0.0,0.0,0.0,0.0,0.0,0.0,0.0,0.0,0.0,0.0,0.0,26.93,0.0,0.0,26.93
2/2/2026,2018.0,20190206.0,16618.0,31476.0,ROSE ROCK MIDSTREAM L.P.,Crude Oil,INTERSTATE,KANSAS,348.933,0.0,348.933,42.593,11.726,0.0,0.0,54.319,0.0,0.0,0.0,0.0,0.0,0.0,0.0,0.0,0.0,0.0,0.0,0.0,0.0,0.0,403.252,0.0,0.0,403.252
2/2/2026,2018.0,20190206.0,16618.0,31476.0,ROSE ROCK MIDSTREAM L.P.,Crude Oil,INTERSTATE,NORTH DAKOTA,0.0,0.0,0.0,0.748,0.0,0.0,0.0,0.748,0.0,0.0,0.0,0.0,0.0,0.0,0.0,0.0,0.0,0.0,0.0,0.0,0.0,0.0,0.748,0.0,0.0,0.748
2/2/2026,2018.0,20190206.0,16618.0,31476.0,ROSE ROCK MIDSTREAM L.P.,Crude Oil,INTERSTATE,OKLAHOMA,51.822,0.0,51.822,0.0,0.0,0.0,0.0,0.0,0.0,0.0,0.0,0.0,0.0,0.0,0.0,0.0,0.0,0.0,0.0,0.0,0.0,0.0,51.822,0.0,0.0,51.822
2/2/2026,2018.0,20190206.0,16618.0,31476.0,ROSE ROCK MIDSTREAM L.P.,Crude Oil,INTRASTATE,COLORADO,75.555,0.0,75.555,0.0,0.0,0.0,0.0,0.0,0.0,0.0,0.0,0.0,0.0,0.0,0.0,0.0,0.0,0.0,0.0,0.0,0.0,0.0,75.555,0.0,0.0,75.555
2/2/2026,2018.0,20190206.0,16618.0,31476.0,ROSE ROCK MIDSTREAM L.P.,Crude Oil,INTRASTATE,LOUISIANA,35.252,0.0,35.252,0.0,0.0,0.0,0.0,0.0,0.0,0.0,0.0,0.0,0.0,0.0,0.0,0.0,0.0,0.0,0.0,0.0,0.0,0.0,35.252,0.0,0.0,35.252
2/2/2026,2018.0,20190206.0,16618.0,31476.0,ROSE ROCK MIDSTREAM L.P.,Crude Oil,INTRASTATE,OKLAHOMA,3.952,0.0,3.952,5.275,0.0,0.0,0.0,5.275,0.0,0.0,0.0,0.0,0.0,0.0,0.0,0.0,0.0,0.0,0.0,0.0,0.0,0.0,9.227,0.0,0.0,9.227
2/2/2026,2018.0,20190188.0,16617.0,31476.0,ROSE ROCK MIDSTREAM L.P.,Refined and/or Petroleum Product (non-HVL),INTRASTATE,LOUISIANA,35.843,0.0,35.843,0.0,0.0,0.0,0.0,0.0,0.0,0.0,0.0,0.0,0.0,0.0,0.0,0.0,0.0,0.0,0.0,0.0,0.0,0.0,35.843,0.0,0.0,35.843
2/2/2026,2018.0,20190407.0,16834.0,31502.0,OCCIDENTAL PERMIAN LTD,CO2,INTRASTATE,TEXAS,6.0,0.0,6.0,0.0,0.0,0.0,0.0,0.0,0.0,0.0,0.0,0.0,0.0,0.0,0.0,0.0,0.0,0.0,0.0,0.0,0.0,0.0,6.0,0.0,0.0,6.0
2/2/2026,2018.0,20190405.0,19729.0,31502.0,OCCIDENTAL PERMIAN LTD,HVL,INTRASTATE,TEXAS,2.0,0.0,2.0,0.0,0.0,0.0,0.0,0.0,0.0,0.0,0.0,0.0,0.0,0.0,0.0,0.0,0.0,0.0,0.0,0.0,0.0,0.0,2.0,0.0,0.0,2.0
2/2/2026,2018.0,20190137.0,16538.0,31506.0,CONOCOPHILLIPS COMPANY (E&P-L-48),HVL,INTRASTATE,NEW MEXICO,17.65,0.0,17.65,0.0,0.0,0.0,0.0,0.0,0.0,0.0,0.0,0.0,0.0,0.0,0.0,0.0,0.0,0.0,0.0,0.0,0.0,0.0,17.65,0.0,0.0,17.65
2/2/2026,2018.0,20190137.0,16538.0,31506.0,CONOCOPHILLIPS COMPANY (E&P-L-48),HVL,INTRASTATE,TEXAS,1.0,0.0,1.0,0.0,0.0,0.0,0.0,0.0,0.0,0.0,0.0,0.0,0.0,0.0,0.0,0.0,0.0,0.0,0.0,0.0,0.0,0.0,1.0,0.0,0.0,1.0
2/2/2026,2018.0,20190670.0,17150.0,31517.0,ASCEND PERFORMANCE MATERIALS TEXAS INC,HVL,INTRASTATE,TEXAS,93.69,0.0,93.69,29.45,0.0,0.0,0.0,29.45,0.0,0.0,0.0,0.0,0.0,0.0,0.0,0.0,0.0,0.0,0.0,0.0,0.0,0.0,123.14,0.0,0.0,123.14
2/2/2026,2018.0,20190034.0,16408.0,31523.0,ANDERSON OIL LTD,Crude Oil,INTRASTATE,TEXAS,0.0,0.0,0.0,0.3,0.0,0.0,0.0,0.3,0.0,0.0,0.0,0.0,0.0,0.0,0.0,0.0,0.0,0.0,0.0,0.0,0.0,0.0,0.3,0.0,0.0,0.3
2/2/2026,2018.0,20190113.0,16510.0,31526.0,DELAWARE STORAGE AND PIPELINE COMPANY,Refined and/or Petroleum Product (non-HVL),INTRASTATE,DELAWARE,0.0,0.0,0.0,10.61,0.0,0.0,0.0,10.61,0.0,0.0,0.0,0.0,0.0,0.0,0.0,0.0,0.0,0.0,0.0,0.0,0.0,0.0,10.61,0.0,0.0,10.61
2/2/2026,2018.0,20190023.0,16393.0,31536.0,"GOLDEN VALLEY ELECTRIC ASSOCIATION, INC",Crude Oil,INTRASTATE,ALASKA,2.1,0.0,2.1,0.85,0.0,0.0,0.0,0.85,2.1,0.0,0.0,0.0,2.1,0.0,0.0,0.0,0.0,0.0,0.0,0.0,0.0,0.0,5.05,0.0,0.0,5.05
2/2/2026,2018.0,20190207.0,16619.0,31546.0,CENTRAL LOUISIANA ENERGY PIPELINE CO (CLEPCO),Crude Oil,INTRASTATE,LOUISIANA,36.7,0.0,36.7,0.0,3.6,0.0,0.0,3.6,0.0,0.0,0.0,0.0,0.0,0.0,0.0,0.0,0.0,0.0,0.0,0.0,0.0,0.0,40.3,0.0,0.0,40.3
2/2/2026,2018.0,20190491.0,16922.0,31552.0,ALPINE TRANSPORTATION CO.,Crude Oil,INTERSTATE,ALASKA,34.634,0.0,34.634,0.0,0.0,0.0,0.0,0.0,0.0,0.0,0.0,0.0,0.0,0.0,0.0,0.0,0.0,0.0,0.0,0.0,0.0,0.0,34.634,0.0,0.0,34.634
2/2/2026,2018.0,20190409.0,16840.0,31554.0,"BOARDWALK PETROCHEMICAL PIPELINE, LLC",HVL,INTERSTATE,LOUISIANA,162.3,0.0,162.3,0.0,0.0,0.0,0.0,0.0,0.0,0.0,0.0,0.0,0.0,0.0,0.0,0.0,0.0,0.0,0.0,0.0,0.0,0.0,162.3,0.0,0.0,162.3
2/2/2026,2018.0,20190409.0,16840.0,31554.0,"BOARDWALK PETROCHEMICAL PIPELINE, LLC",HVL,INTERSTATE,TEXAS,15.3,0.0,15.3,0.0,0.0,0.0,0.0,0.0,0.0,0.0,0.0,0.0,0.0,0.0,0.0,0.0,0.0,0.0,0.0,0.0,0.0,0.0,15.3,0.0,0.0,15.3
2/2/2026,2018.0,20190172.0,16581.0,31555.0,KINDER MORGAN CO2 CO. LP,CO2,INTERSTATE,COLORADO,116.0,0.0,116.0,0.0,0.0,0.0,0.0,0.0,0.0,0.0,0.0,0.0,0.0,0.0,0.0,0.0,0.0,0.0,0.0,0.0,0.0,0.0,116.0,0.0,0.0,116.0
2/2/2026,2018.0,20190172.0,16581.0,31555.0,KINDER MORGAN CO2 CO. LP,CO2,INTERSTATE,NEW MEXICO,485.0,0.0,485.0,0.0,0.0,0.0,0.0,0.0,0.0,0.0,0.0,0.0,0.0,0.0,0.0,0.0,0.0,0.0,0.0,0.0,0.0,0.0,485.0,0.0,0.0,485.0
2/2/2026,2018.0,20190172.0,16581.0,31555.0,KINDER MORGAN CO2 CO. LP,CO2,INTERSTATE,TEXAS,705.0,0.0,705.0,0.0,0.0,0.0,0.0,0.0,0.0,0.0,0.0,0.0,0.0,0.0,0.0,0.0,0.0,0.0,0.0,0.0,0.0,0.0,705.0,0.0,0.0,705.0
2/2/2026,2018.0,20190172.0,16581.0,31555.0,KINDER MORGAN CO2 CO. LP,CO2,INTRASTATE,TEXAS,4.0,0.0,4.0,0.0,0.0,0.0,0.0,0.0,0.0,0.0,0.0,0.0,0.0,0.0,0.0,0.0,0.0,0.0,0.0,0.0,0.0,0.0,4.0,0.0,0.0,4.0
2/2/2026,2018.0,20190193.0,16604.0,31563.0,"WHITECAP PIPE LINE COMPANY, L.L.C.",Crude Oil,INTERSTATE,OCS-Gulf of Mexico,0.0,43.2,43.2,0.0,0.0,0.0,0.0,0.0,0.0,0.0,0.0,0.0,0.0,0.0,0.0,0.0,0.0,0.0,0.0,0.0,0.0,0.0,0.0,43.2,0.0,43.2
2/2/2026,2018.0,20190457.0,17128.0,31574.0,"WESTERN REFINING LOGISTICS, LP",Crude Oil,INTERSTATE,NEW MEXICO,660.4,0.0,660.4,0.0,0.0,0.0,0.0,0.0,0.0,0.0,0.0,0.0,0.0,0.0,0.0,0.0,0.0,0.0,0.0,0.0,0.0,0.0,660.4,0.0,0.0,660.4
2/2/2026,2018.0,20190457.0,17128.0,31574.0,"WESTERN REFINING LOGISTICS, LP",Crude Oil,INTERSTATE,TEXAS,195.3,0.0,195.3,0.0,0.0,0.0,0.0,0.0,0.0,0.0,0.0,0.0,0.0,0.0,0.0,0.0,0.0,0.0,0.0,0.0,0.0,0.0,195.3,0.0,0.0,195.3
2/2/2026,2018.0,20190457.0,17128.0,31574.0,"WESTERN REFINING LOGISTICS, LP",Crude Oil,INTRASTATE,MINNESOTA,0.0,0.0,0.0,4.8,0.0,0.0,0.0,4.8,0.0,0.0,0.0,0.0,0.0,0.0,0.0,0.0,0.0,0.0,0.0,0.0,0.0,0.0,4.8,0.0,0.0,4.8
2/2/2026,2018.0,20190455.0,17127.0,31574.0,"WESTERN REFINING LOGISTICS, LP",HVL,INTRASTATE,NEW MEXICO,126.4,0.0,126.4,0.0,0.0,0.0,0.0,0.0,0.0,0.0,0.0,0.0,0.0,0.0,0.0,0.0,0.0,0.0,0.0,0.0,0.0,0.0,126.4,0.0,0.0,126.4
2/2/2026,2018.0,20190462.0,16893.0,31574.0,"WESTERN REFINING LOGISTICS, LP",Refined and/or Petroleum Product (non-HVL),INTRASTATE,TEXAS,3.9,0.0,3.9,0.0,0.0,0.0,0.0,0.0,0.0,0.0,0.0,0.0,0.0,0.0,0.0,0.0,0.0,0.0,0.0,0.0,0.0,0.0,3.9,0.0,0.0,3.9
2/2/2026,2018.0,20190099.0,16493.0,31579.0,"MAGELLAN PIPELINES HOLDINGS, LP",Crude Oil,INTERSTATE,OKLAHOMA,104.55,0.0,104.55,11.18,31.82,0.0,0.0,43.0,0.0,0.0,0.0,0.0,0.0,0.0,0.0,0.0,0.0,0.0,0.0,0.0,0.0,0.0,147.55,0.0,0.0,147.55
2/2/2026,2018.0,20190099.0,16493.0,31579.0,"MAGELLAN PIPELINES HOLDINGS, LP",Crude Oil,INTRASTATE,TEXAS,5.9,0.0,5.9,0.0,0.0,0.0,0.0,0.0,0.0,0.0,0.0,0.0,0.0,0.0,0.0,0.0,0.0,0.0,0.0,0.0,0.0,0.0,5.9,0.0,0.0,5.9
2/2/2026,2018.0,20190100.0,16494.0,31579.0,"MAGELLAN PIPELINES HOLDINGS, LP",Refined and/or Petroleum Product (non-HVL),INTRASTATE,TEXAS,11.8,0.0,11.8,18.32,0.14,0.0,0.0,18.46,0.0,0.0,0.0,0.0,0.0,0.0,0.0,0.0,0.0,0.0,0.0,0.0,0.0,0.0,30.26,0.0,0.0,30.26
2/2/2026,2018.0,20190101.0,16495.0,31580.0,"MAGELLAN TERMINALS HOLDINGS, LP",Crude Oil,INTERSTATE,OKLAHOMA,3.44,0.0,3.44,0.0,8.47,0.0,0.0,8.47,0.0,0.0,0.0,0.0,0.0,0.0,0.0,0.0,0.0,0.0,0.0,0.0,0.0,0.0,11.91,0.0,0.0,11.91
2/2/2026,2018.0,20190101.0,16495.0,31580.0,"MAGELLAN TERMINALS HOLDINGS, LP",Crude Oil,INTRASTATE,LOUISIANA,2.06,0.0,2.06,0.46,11.35,0.0,0.0,11.81,0.0,0.0,0.0,0.0,0.0,0.0,0.0,0.0,0.0,0.0,0.0,0.0,0.0,0.0,13.87,0.0,0.0,13.87
2/2/2026,2018.0,20190101.0,16495.0,31580.0,"MAGELLAN TERMINALS HOLDINGS, LP",Crude Oil,INTRASTATE,TEXAS,0.0,0.0,0.0,0.0,0.0,0.0,0.0,0.0,0.0,0.0,0.0,0.0,0.0,0.0,0.0,0.0,0.0,0.0,0.0,0.0,0.0,0.0,0.0,0.0,0.0,0.0
2/2/2026,2018.0,20190102.0,16496.0,31580.0,"MAGELLAN TERMINALS HOLDINGS, LP",Refined and/or Petroleum Product (non-HVL),INTRASTATE,CONNECTICUT,0.0,0.0,0.0,2.83,0.0,0.0,0.0,2.83,0.0,0.0,0.0,0.0,0.0,0.0,0.0,0.0,0.0,0.0,0.0,0.0,0.0,0.0,2.83,0.0,0.0,2.83
2/2/2026,2018.0,20190102.0,16496.0,31580.0,"MAGELLAN TERMINALS HOLDINGS, LP",Refined and/or Petroleum Product (non-HVL),INTRASTATE,DELAWARE,0.0,0.0,0.0,3.08,0.0,0.0,0.0,3.08,0.0,0.0,0.0,0.0,0.0,0.0,0.0,0.0,0.0,0.0,0.0,0.0,0.0,0.0,3.08,0.0,0.0,3.08
2/2/2026,2018.0,20190102.0,16496.0,31580.0,"MAGELLAN TERMINALS HOLDINGS, LP",Refined and/or Petroleum Product (non-HVL),INTRASTATE,TEXAS,8.18,0.0,8.18,5.7,0.0,0.0,0.0,5.7,0.0,0.0,0.0,0.0,0.0,0.0,0.0,0.0,0.0,0.0,0.0,0.0,0.0,0.0,13.88,0.0,0.0,13.88
2/2/2026,2018.0,20190248.0,16661.0,31613.0,"MIDCOAST PIPELINES (EAST TEXAS), L.P.",HVL,INTRASTATE,TEXAS,176.22,0.0,176.22,0.0,0.0,0.0,0.0,0.0,0.0,0.0,0.0,0.0,0.0,0.0,0.0,0.0,0.0,0.0,0.0,0.0,0.0,0.0,176.22,0.0,0.0,176.22
2/2/2026,2018.0,20190149.0,16552.0,31618.0,ENTERPRISE PRODUCTS OPERATING LLC,Crude Oil,INTRASTATE,TEXAS,11.424,0.0,11.424,2.705,0.0,0.0,0.0,2.705,0.0,0.0,0.0,0.0,0.0,0.0,0.0,0.0,0.0,0.0,0.0,0.0,0.0,0.0,14.129,0.0,0.0,14.129
2/2/2026,2018.0,20190151.0,18975.0,31618.0,ENTERPRISE PRODUCTS OPERATING LLC,HVL,INTERSTATE,ALABAMA,18.549,0.0,18.549,0.0,0.0,0.0,0.0,0.0,0.0,0.0,0.0,0.0,0.0,0.0,0.0,0.0,0.0,0.0,0.0,0.0,0.0,0.0,18.549,0.0,0.0,18.549
2/2/2026,2018.0,20190151.0,18975.0,31618.0,ENTERPRISE PRODUCTS OPERATING LLC,HVL,INTERSTATE,ARKANSAS,675.059,0.0,675.059,0.38,0.0,0.0,0.0,0.38,0.0,0.0,0.0,0.0,0.0,0.0,0.0,0.0,0.0,0.0,0.0,0.0,0.0,0.0,675.439,0.0,0.0,675.439
2/2/2026,2018.0,20190151.0,18975.0,31618.0,ENTERPRISE PRODUCTS OPERATING LLC,HVL,INTERSTATE,COLORADO,734.201,0.0,734.201,0.0,0.0,0.0,0.0,0.0,0.0,0.0,0.0,0.0,0.0,0.0,0.0,0.0,0.0,0.0,0.0,0.0,0.0,0.0,734.201,0.0,0.0,734.201
2/2/2026,2018.0,20190151.0,18975.0,31618.0,ENTERPRISE PRODUCTS OPERATING LLC,HVL,INTERSTATE,ILLINOIS,798.917,0.0,798.917,0.0,0.0,0.0,0.0,0.0,0.0,0.0,0.0,0.0,0.0,0.0,0.0,0.0,0.0,0.0,0.0,0.0,0.0,0.0,798.917,0.0,0.0,798.917
2/2/2026,2018.0,20190151.0,18975.0,31618.0,ENTERPRISE PRODUCTS OPERATING LLC,HVL,INTERSTATE,INDIANA,582.37,0.0,582.37,0.0,0.0,0.0,0.0,0.0,0.0,0.0,0.0,0.0,0.0,0.0,0.0,0.0,0.0,0.0,0.0,0.0,0.0,0.0,582.37,0.0,0.0,582.37
2/2/2026,2018.0,20190151.0,18975.0,31618.0,ENTERPRISE PRODUCTS OPERATING LLC,HVL,INTERSTATE,IOWA,749.63,0.0,749.63,0.0,0.0,0.0,0.0,0.0,0.0,0.0,0.0,0.0,0.0,0.0,0.0,0.0,0.0,0.0,0.0,0.0,0.0,0.0,749.63,0.0,0.0,749.63
2/2/2026,2018.0,20190151.0,18975.0,31618.0,ENTERPRISE PRODUCTS OPERATING LLC,HVL,INTERSTATE,KANSAS,1600.93,0.0,1600.93,0.0,0.18,0.0,0.0,0.18,0.0,0.0,0.0,0.0,0.0,0.0,0.0,0.0,0.0,0.0,0.0,0.0,0.0,0.0,1601.11,0.0,0.0,1601.11
2/2/2026,2018.0,20190151.0,18975.0,31618.0,ENTERPRISE PRODUCTS OPERATING LLC,HVL,INTERSTATE,KENTUCKY,9.887,0.0,9.887,0.0,0.0,0.0,0.0,0.0,0.0,0.0,0.0,0.0,0.0,0.0,0.0,0.0,0.0,0.0,0.0,0.0,0.0,0.0,9.887,0.0,0.0,9.887
2/2/2026,2018.0,20190151.0,18975.0,31618.0,ENTERPRISE PRODUCTS OPERATING LLC,HVL,INTERSTATE,LOUISIANA,939.777,0.0,939.777,0.0,0.0,0.0,0.0,0.0,0.0,0.0,0.0,0.0,0.0,0.0,0.0,0.0,0.0,0.0,0.0,0.0,0.0,0.0,939.777,0.0,0.0,939.777
2/2/2026,2018.0,20190151.0,18975.0,31618.0,ENTERPRISE PRODUCTS OPERATING LLC,HVL,INTERSTATE,MINNESOTA,216.738,0.0,216.738,0.426,0.0,0.0,0.0,0.426,0.0,0.0,0.0,0.0,0.0,0.0,0.0,0.0,0.0,0.0,0.0,0.0,0.0,0.0,217.164,0.0,0.0,217.164
2/2/2026,2018.0,20190151.0,18975.0,31618.0,ENTERPRISE PRODUCTS OPERATING LLC,HVL,INTERSTATE,MISSISSIPPI,93.437,0.0,93.437,0.0,0.0,0.0,0.0,0.0,0.0,0.0,0.0,0.0,0.0,0.0,0.0,0.0,0.0,0.0,0.0,0.0,0.0,0.0,93.437,0.0,0.0,93.437
2/2/2026,2018.0,20190151.0,18975.0,31618.0,ENTERPRISE PRODUCTS OPERATING LLC,HVL,INTERSTATE,MISSOURI,539.599,0.0,539.599,0.0,0.0,0.0,0.0,0.0,0.0,0.0,0.0,0.0,0.0,0.0,0.0,0.0,0.0,0.0,0.0,0.0,0.0,0.0,539.599,0.0,0.0,539.599
2/2/2026,2018.0,20190151.0,18975.0,31618.0,ENTERPRISE PRODUCTS OPERATING LLC,HVL,INTERSTATE,NEBRASKA,289.111,0.0,289.111,0.0,0.0,0.0,0.0,0.0,0.0,0.0,0.0,0.0,0.0,0.0,0.0,0.0,0.0,0.0,0.0,0.0,0.0,0.0,289.111,0.0,0.0,289.111
2/2/2026,2018.0,20190151.0,18975.0,31618.0,ENTERPRISE PRODUCTS OPERATING LLC,HVL,INTERSTATE,NEW MEXICO,1449.885,0.0,1449.885,0.0,0.0,0.0,0.0,0.0,0.0,0.0,0.0,0.0,0.0,0.0,0.0,0.0,0.0,0.0,0.0,0.0,0.0,0.0,1449.885,0.0,0.0,1449.885
2/2/2026,2018.0,20190151.0,18975.0,31618.0,ENTERPRISE PRODUCTS OPERATING LLC,HVL,INTERSTATE,NEW YORK,199.685,0.0,199.685,0.309,0.0,0.0,0.0,0.309,0.0,0.0,0.0,0.0,0.0,0.0,0.0,0.0,0.0,0.0,0.0,0.0,0.0,0.0,199.994,0.0,0.0,199.994
2/2/2026,2018.0,20190151.0,18975.0,31618.0,ENTERPRISE PRODUCTS OPERATING LLC,HVL,INTERSTATE,OHIO,647.683,0.0,647.683,0.0,0.0,0.0,0.0,0.0,0.0,0.0,0.0,0.0,0.0,0.0,0.0,0.0,0.0,0.0,0.0,0.0,0.0,0.0,647.683,0.0,0.0,647.683
2/2/2026,2018.0,20190151.0,18975.0,31618.0,ENTERPRISE PRODUCTS OPERATING LLC,HVL,INTERSTATE,OKLAHOMA,326.979,0.0,326.979,0.0,0.0,0.0,0.0,0.0,0.0,0.0,0.0,0.0,0.0,0.0,0.0,0.0,0.0,0.0,0.0,0.0,0.0,0.0,326.979,0.0,0.0,326.979
2/2/2026,2018.0,20190151.0,18975.0,31618.0,ENTERPRISE PRODUCTS OPERATING LLC,HVL,INTERSTATE,PENNSYLVANIA,566.93,0.0,566.93,0.113,0.0,0.0,0.0,0.113,0.0,0.0,0.0,0.0,0.0,0.0,0.0,0.0,0.0,0.0,0.0,0.0,0.0,0.0,567.043,0.0,0.0,567.043
2/2/2026,2018.0,20190151.0,18975.0,31618.0,ENTERPRISE PRODUCTS OPERATING LLC,HVL,INTERSTATE,TEXAS,3475.497,0.0,3475.497,0.0,0.0,0.0,0.0,0.0,0.0,0.0,0.0,0.0,0.0,0.0,0.0,0.0,0.0,0.0,0.0,0.0,0.0,0.0,3475.497,0.0,0.0,3475.497
2/2/2026,2018.0,20190151.0,18975.0,31618.0,ENTERPRISE PRODUCTS OPERATING LLC,HVL,INTERSTATE,UTAH,535.545,0.0,535.545,0.0,0.0,0.0,0.0,0.0,0.0,0.0,0.0,0.0,0.0,0.0,0.0,0.0,0.0,0.0,0.0,0.0,0.0,0.0,535.545,0.0,0.0,535.545
2/2/2026,2018.0,20190151.0,18975.0,31618.0,ENTERPRISE PRODUCTS OPERATING LLC,HVL,INTERSTATE,WEST VIRGINIA,22.656,0.0,22.656,0.0,0.0,0.0,0.0,0.0,0.0,0.0,0.0,0.0,0.0,0.0,0.0,0.0,0.0,0.0,0.0,0.0,0.0,0.0,22.656,0.0,0.0,22.656
2/2/2026,2018.0,20190151.0,18975.0,31618.0,ENTERPRISE PRODUCTS OPERATING LLC,HVL,INTERSTATE,WISCONSIN,71.144,0.0,71.144,0.005,0.0,0.0,0.0,0.005,0.0,0.0,0.0,0.0,0.0,0.0,0.0,0.0,0.0,0.0,0.0,0.0,0.0,0.0,71.149,0.0,0.0,71.149
2/2/2026,2018.0,20190151.0,18975.0,31618.0,ENTERPRISE PRODUCTS OPERATING LLC,HVL,INTERSTATE,WYOMING,439.568,0.0,439.568,0.0,0.0,0.0,0.0,0.0,0.0,0.0,0.0,0.0,0.0,0.0,0.0,0.0,0.0,0.0,0.0,0.0,0.0,0.0,439.568,0.0,0.0,439.568
2/2/2026,2018.0,20190151.0,18975.0,31618.0,ENTERPRISE PRODUCTS OPERATING LLC,HVL,INTRASTATE,LOUISIANA,1259.949,0.0,1259.949,0.819,0.551,0.0,0.0,1.37,0.0,0.0,0.0,0.0,0.0,0.0,0.0,0.0,0.0,0.0,0.0,0.0,0.0,0.0,1261.319,0.0,0.0,1261.319
2/2/2026,2018.0,20190151.0,18975.0,31618.0,ENTERPRISE PRODUCTS OPERATING LLC,HVL,INTRASTATE,TEXAS,4616.47,0.0,4616.47,16.278,0.0,0.0,0.0,16.278,0.0,0.0,0.0,0.0,0.0,0.0,0.0,0.0,0.0,0.0,0.0,0.0,0.0,0.0,4632.748,0.0,0.0,4632.748
2/2/2026,2018.0,20190151.0,18975.0,31618.0,ENTERPRISE PRODUCTS OPERATING LLC,HVL,INTRASTATE,WYOMING,31.927,0.0,31.927,0.0,0.0,0.0,0.0,0.0,0.0,0.0,0.0,0.0,0.0,0.0,0.0,0.0,0.0,0.0,0.0,0.0,0.0,0.0,31.927,0.0,0.0,31.927
2/2/2026,2018.0,20190150.0,16553.0,31618.0,ENTERPRISE PRODUCTS OPERATING LLC,Refined and/or Petroleum Product (non-HVL),INTERSTATE,ARKANSAS,37.696,0.0,37.696,0.0,0.0,0.0,0.0,0.0,0.0,0.0,0.0,0.0,0.0,0.0,0.0,0.0,0.0,0.0,0.0,0.0,0.0,0.0,37.696,0.0,0.0,37.696
2/2/2026,2018.0,20190150.0,16553.0,31618.0,ENTERPRISE PRODUCTS OPERATING LLC,Refined and/or Petroleum Product (non-HVL),INTERSTATE,ILLINOIS,34.612,0.0,34.612,0.0,0.0,0.0,0.0,0.0,0.0,0.0,0.0,0.0,0.0,0.0,0.0,0.0,0.0,0.0,0.0,0.0,0.0,0.0,34.612,0.0,0.0,34.612
2/2/2026,2018.0,20190150.0,16553.0,31618.0,ENTERPRISE PRODUCTS OPERATING LLC,Refined and/or Petroleum Product (non-HVL),INTERSTATE,INDIANA,29.966,0.0,29.966,0.0,0.0,0.0,0.0,0.0,0.0,0.0,0.0,0.0,0.0,0.0,0.0,0.0,0.0,0.0,0.0,0.0,0.0,0.0,29.966,0.0,0.0,29.966
2/2/2026,2018.0,20190150.0,16553.0,31618.0,ENTERPRISE PRODUCTS OPERATING LLC,Refined and/or Petroleum Product (non-HVL),INTERSTATE,KANSAS,0.559,0.0,0.559,0.0,0.0,0.0,0.0,0.0,0.0,0.0,0.0,0.0,0.0,0.0,0.0,0.0,0.0,0.0,0.0,0.0,0.0,0.0,0.559,0.0,0.0,0.559
2/2/2026,2018.0,20190150.0,16553.0,31618.0,ENTERPRISE PRODUCTS OPERATING LLC,Refined and/or Petroleum Product (non-HVL),INTERSTATE,KENTUCKY,9.355,0.0,9.355,0.0,0.0,0.0,0.0,0.0,0.0,0.0,0.0,0.0,0.0,0.0,0.0,0.0,0.0,0.0,0.0,0.0,0.0,0.0,9.355,0.0,0.0,9.355
2/2/2026,2018.0,20190150.0,16553.0,31618.0,ENTERPRISE PRODUCTS OPERATING LLC,Refined and/or Petroleum Product (non-HVL),INTERSTATE,LOUISIANA,73.678,0.0,73.678,2.898,0.0,0.0,0.0,2.898,0.0,0.0,0.0,0.0,0.0,0.0,0.0,0.0,0.0,0.0,0.0,0.0,0.0,0.0,76.576,0.0,0.0,76.576
2/2/2026,2018.0,20190150.0,16553.0,31618.0,ENTERPRISE PRODUCTS OPERATING LLC,Refined and/or Petroleum Product (non-HVL),INTERSTATE,OHIO,38.256,0.0,38.256,0.0,0.0,0.0,0.0,0.0,0.0,0.0,0.0,0.0,0.0,0.0,0.0,0.0,0.0,0.0,0.0,0.0,0.0,0.0,38.256,0.0,0.0,38.256
2/2/2026,2018.0,20190150.0,16553.0,31618.0,ENTERPRISE PRODUCTS OPERATING LLC,Refined and/or Petroleum Product (non-HVL),INTERSTATE,TENNESSEE,6.832,0.0,6.832,0.0,0.0,0.0,0.0,0.0,0.0,0.0,0.0,0.0,0.0,0.0,0.0,0.0,0.0,0.0,0.0,0.0,0.0,0.0,6.832,0.0,0.0,6.832
2/2/2026,2018.0,20190150.0,16553.0,31618.0,ENTERPRISE PRODUCTS OPERATING LLC,Refined and/or Petroleum Product (non-HVL),INTERSTATE,TEXAS,82.812,0.0,82.812,0.0,0.0,0.0,0.0,0.0,0.0,0.0,0.0,0.0,0.0,0.0,0.0,0.0,0.0,0.0,0.0,0.0,0.0,0.0,82.812,0.0,0.0,82.812
2/2/2026,2018.0,20190150.0,16553.0,31618.0,ENTERPRISE PRODUCTS OPERATING LLC,Refined and/or Petroleum Product (non-HVL),INTRASTATE,LOUISIANA,81.99,0.0,81.99,0.0,0.0,0.0,0.0,0.0,0.0,0.0,0.0,0.0,0.0,0.0,0.0,0.0,0.0,0.0,0.0,0.0,0.0,0.0,81.99,0.0,0.0,81.99
2/2/2026,2018.0,20190150.0,16553.0,31618.0,ENTERPRISE PRODUCTS OPERATING LLC,Refined and/or Petroleum Product (non-HVL),INTRASTATE,NEW MEXICO,334.921,0.0,334.921,0.0,0.0,0.0,0.0,0.0,0.0,0.0,0.0,0.0,0.0,0.0,0.0,0.0,0.0,0.0,0.0,0.0,0.0,0.0,334.921,0.0,0.0,334.921
2/2/2026,2018.0,20190150.0,16553.0,31618.0,ENTERPRISE PRODUCTS OPERATING LLC,Refined and/or Petroleum Product (non-HVL),INTRASTATE,TEXAS,283.329,0.0,283.329,11.081,0.0,0.0,0.0,11.081,0.0,0.0,0.0,0.0,0.0,0.0,0.0,0.0,0.0,0.0,0.0,0.0,0.0,0.0,294.41,0.0,0.0,294.41
2/2/2026,2018.0,20190386.0,16813.0,31627.0,"DENBURY ONSHORE, LLC",CO2,INTERSTATE,LOUISIANA,74.27,0.0,74.27,0.0,0.0,0.0,0.0,0.0,0.0,0.0,0.0,0.0,0.0,0.0,0.0,0.0,0.0,0.0,0.0,0.0,0.0,0.0,74.27,0.0,0.0,74.27
2/2/2026,2018.0,20190386.0,16813.0,31627.0,"DENBURY ONSHORE, LLC",CO2,INTERSTATE,MISSISSIPPI,249.37,0.0,249.37,0.0,0.0,0.0,0.0,0.0,0.0,0.0,0.0,0.0,0.0,0.0,0.0,0.0,0.0,0.0,0.0,0.0,0.0,0.0,249.37,0.0,0.0,249.37
2/2/2026,2018.0,20190386.0,16813.0,31627.0,"DENBURY ONSHORE, LLC",CO2,INTRASTATE,ALABAMA,1.0,0.0,1.0,0.0,0.0,0.0,0.0,0.0,0.0,0.0,0.0,0.0,0.0,0.0,0.0,0.0,0.0,0.0,0.0,0.0,0.0,0.0,1.0,0.0,0.0,1.0
2/2/2026,2018.0,20190386.0,16813.0,31627.0,"DENBURY ONSHORE, LLC",CO2,INTRASTATE,MISSISSIPPI,4.38,0.0,4.38,0.0,0.0,0.0,0.0,0.0,0.0,0.0,0.0,0.0,0.0,0.0,0.0,0.0,0.0,0.0,0.0,0.0,0.0,0.0,4.38,0.0,0.0,4.38
2/2/2026,2018.0,20190251.0,16664.0,31636.0,NORTHERN STATES POWER CO OF MINNESOTA,HVL,INTRASTATE,MINNESOTA,8.0,0.0,8.0,0.0,0.0,0.0,0.0,0.0,0.0,0.0,0.0,0.0,0.0,0.0,0.0,0.0,0.0,0.0,0.0,0.0,0.0,0.0,8.0,0.0,0.0,8.0
2/2/2026,2018.0,20190490.0,16921.0,31663.0,NAVAJO NATION OIL AND GAS COMPANY,Crude Oil,INTERSTATE,COLORADO,12.1,0.0,12.1,0.0,0.0,0.0,0.0,0.0,0.0,0.0,0.0,0.0,0.0,0.0,0.0,0.0,0.0,0.0,0.0,0.0,0.0,0.0,12.1,0.0,0.0,12.1
2/2/2026,2018.0,20190490.0,16921.0,31663.0,NAVAJO NATION OIL AND GAS COMPANY,Crude Oil,INTERSTATE,NEW MEXICO,58.2,0.0,58.2,0.0,0.0,0.0,0.0,0.0,0.0,0.0,0.0,0.0,0.0,0.0,0.0,0.0,0.0,0.0,0.0,0.0,0.0,0.0,58.2,0.0,0.0,58.2
2/2/2026,2018.0,20190490.0,16921.0,31663.0,NAVAJO NATION OIL AND GAS COMPANY,Crude Oil,INTERSTATE,UTAH,17.21,0.0,17.21,0.0,0.0,0.0,0.0,0.0,0.0,0.0,0.0,0.0,0.0,0.0,0.0,0.0,0.0,0.0,0.0,0.0,0.0,0.0,17.21,0.0,0.0,17.21
2/2/2026,2018.0,20190280.0,16698.0,31672.0,"CHAPARRAL ENERGY, LLC",CO2,INTRASTATE,OKLAHOMA,29.4,0.0,29.4,0.0,0.0,0.0,0.0,0.0,0.0,0.0,0.0,0.0,0.0,0.0,0.0,0.0,0.0,0.0,0.0,0.0,0.0,0.0,29.4,0.0,0.0,29.4
2/2/2026,2018.0,20190263.0,16680.0,31684.0,PHILLIPS 66 PIPELINE LLC,Crude Oil,INTERSTATE,ILLINOIS,2.83,0.0,2.83,0.0,0.0,0.0,0.0,0.0,0.0,0.0,0.0,0.0,0.0,0.0,0.0,0.0,0.0,0.0,0.0,0.0,0.0,0.0,2.83,0.0,0.0,2.83
2/2/2026,2018.0,20190263.0,16680.0,31684.0,PHILLIPS 66 PIPELINE LLC,Crude Oil,INTERSTATE,LOUISIANA,10.76,0.0,10.76,0.64,0.0,0.0,0.0,0.64,0.0,0.0,0.0,0.0,0.0,0.0,0.0,0.0,0.0,0.0,0.0,0.0,0.0,0.0,11.4,0.0,0.0,11.4
2/2/2026,2018.0,20190263.0,16680.0,31684.0,PHILLIPS 66 PIPELINE LLC,Crude Oil,INTERSTATE,MONTANA,797.54,0.0,797.54,0.0,0.0,0.0,0.0,0.0,0.0,0.0,0.0,0.0,0.0,0.0,0.0,0.0,0.0,0.0,0.0,0.0,0.0,0.0,797.54,0.0,0.0,797.54
2/2/2026,2018.0,20190263.0,16680.0,31684.0,PHILLIPS 66 PIPELINE LLC,Crude Oil,INTERSTATE,NEW MEXICO,39.54,0.0,39.54,0.0,0.0,0.0,0.0,0.0,0.0,0.0,0.0,0.0,0.0,0.0,0.0,0.0,0.0,0.0,0.0,0.0,0.0,0.0,39.54,0.0,0.0,39.54
2/2/2026,2018.0,20190263.0,16680.0,31684.0,PHILLIPS 66 PIPELINE LLC,Crude Oil,INTERSTATE,NORTH DAKOTA,94.42,0.0,94.42,0.0,0.0,0.0,0.0,0.0,0.0,0.0,0.0,0.0,0.0,0.0,0.0,0.0,0.0,0.0,0.0,0.0,0.0,0.0,94.42,0.0,0.0,94.42
2/2/2026,2018.0,20190263.0,16680.0,31684.0,PHILLIPS 66 PIPELINE LLC,Crude Oil,INTERSTATE,OKLAHOMA,455.58,0.0,455.58,0.0,0.0,0.0,0.0,0.0,0.0,0.0,0.0,0.0,0.0,0.0,0.0,0.0,0.0,0.0,0.0,0.0,0.0,0.0,455.58,0.0,0.0,455.58
2/2/2026,2018.0,20190263.0,16680.0,31684.0,PHILLIPS 66 PIPELINE LLC,Crude Oil,INTERSTATE,TEXAS,631.88,0.0,631.88,0.0,0.0,0.0,0.0,0.0,0.0,0.0,0.0,0.0,0.0,0.0,0.0,0.0,0.0,0.0,0.0,0.0,0.0,0.0,631.88,0.0,0.0,631.88
2/2/2026,2018.0,20190263.0,16680.0,31684.0,PHILLIPS 66 PIPELINE LLC,Crude Oil,INTERSTATE,WYOMING,15.47,0.0,15.47,0.0,0.0,0.0,0.0,0.0,0.0,0.0,0.0,0.0,0.0,0.0,0.0,0.0,0.0,0.0,0.0,0.0,0.0,0.0,15.47,0.0,0.0,15.47
2/2/2026,2018.0,20190263.0,16680.0,31684.0,PHILLIPS 66 PIPELINE LLC,Crude Oil,INTRASTATE,CALIFORNIA,472.15,0.0,472.15,0.46,0.0,0.0,0.0,0.46,0.0,0.0,0.0,0.0,0.0,0.0,0.0,0.0,0.0,0.0,0.0,0.0,0.0,0.0,472.61,0.0,0.0,472.61
2/2/2026,2018.0,20190263.0,16680.0,31684.0,PHILLIPS 66 PIPELINE LLC,Crude Oil,INTRASTATE,LOUISIANA,79.2,0.0,79.2,0.0,0.0,0.0,0.0,0.0,0.0,0.0,0.0,0.0,0.0,0.0,0.0,0.0,0.0,0.0,0.0,0.0,0.0,0.0,79.2,0.0,0.0,79.2
2/2/2026,2018.0,20190263.0,16680.0,31684.0,PHILLIPS 66 PIPELINE LLC,Crude Oil,INTRASTATE,NORTH DAKOTA,0.1,0.0,0.1,0.0,0.0,0.0,0.0,0.0,0.0,0.0,0.0,0.0,0.0,0.0,0.0,0.0,0.0,0.0,0.0,0.0,0.0,0.0,0.1,0.0,0.0,0.1
2/2/2026,2018.0,20190263.0,16680.0,31684.0,PHILLIPS 66 PIPELINE LLC,Crude Oil,INTRASTATE,OKLAHOMA,0.0,0.0,0.0,1.64,0.0,0.0,0.0,1.64,0.0,0.0,0.0,0.0,0.0,0.0,0.0,0.0,0.0,0.0,0.0,0.0,0.0,0.0,1.64,0.0,0.0,1.64
2/2/2026,2018.0,20190263.0,16680.0,31684.0,PHILLIPS 66 PIPELINE LLC,Crude Oil,INTRASTATE,TEXAS,129.47,0.0,129.47,23.25,0.0,0.0,0.0,23.25,0.0,0.0,0.0,0.0,0.0,0.0,0.0,0.0,0.0,0.0,0.0,0.0,0.0,0.0,152.72,0.0,0.0,152.72
2/2/2026,2018.0,20190257.0,16670.0,31684.0,PHILLIPS 66 PIPELINE LLC,HVL,INTERSTATE,COLORADO,355.79,0.0,355.79,0.0,0.0,0.0,0.0,0.0,0.0,0.0,0.0,0.0,0.0,0.0,0.0,0.0,0.0,0.0,0.0,0.0,0.0,0.0,355.79,0.0,0.0,355.79
2/2/2026,2018.0,20190257.0,16670.0,31684.0,PHILLIPS 66 PIPELINE LLC,HVL,INTERSTATE,ILLINOIS,11.61,0.0,11.61,0.0,0.0,0.0,0.0,0.0,0.0,0.0,0.0,0.0,0.0,0.0,0.0,0.0,0.0,0.0,0.0,0.0,0.0,0.0,11.61,0.0,0.0,11.61
2/2/2026,2018.0,20190257.0,16670.0,31684.0,PHILLIPS 66 PIPELINE LLC,HVL,INTERSTATE,KANSAS,437.89,0.0,437.89,0.0,0.0,0.0,0.0,0.0,0.0,0.0,0.0,0.0,0.0,0.0,0.0,0.0,0.0,0.0,0.0,0.0,0.0,0.0,437.89,0.0,0.0,437.89
2/2/2026,2018.0,20190257.0,16670.0,31684.0,PHILLIPS 66 PIPELINE LLC,HVL,INTERSTATE,LOUISIANA,31.48,0.0,31.48,0.0,0.0,0.0,0.0,0.0,0.0,0.0,0.0,0.0,0.0,0.0,0.0,0.0,0.0,0.0,0.0,0.0,0.0,0.0,31.48,0.0,0.0,31.48
2/2/2026,2018.0,20190257.0,16670.0,31684.0,PHILLIPS 66 PIPELINE LLC,HVL,INTERSTATE,MISSOURI,242.76,0.0,242.76,0.0,0.0,0.0,0.0,0.0,0.0,0.0,0.0,0.0,0.0,0.0,0.0,0.0,0.0,0.0,0.0,0.0,0.0,0.0,242.76,0.0,0.0,242.76
2/2/2026,2018.0,20190257.0,16670.0,31684.0,PHILLIPS 66 PIPELINE LLC,HVL,INTERSTATE,NEW MEXICO,115.42,0.0,115.42,0.0,0.0,0.0,0.0,0.0,0.0,0.0,0.0,0.0,0.0,0.0,0.0,0.0,0.0,0.0,0.0,0.0,0.0,0.0,115.42,0.0,0.0,115.42
2/2/2026,2018.0,20190257.0,16670.0,31684.0,PHILLIPS 66 PIPELINE LLC,HVL,INTERSTATE,OKLAHOMA,371.52,0.0,371.52,0.0,0.0,0.0,0.0,0.0,0.0,0.0,0.0,0.0,0.0,0.0,0.0,0.0,0.0,0.0,0.0,0.0,0.0,0.0,371.52,0.0,0.0,371.52
2/2/2026,2018.0,20190257.0,16670.0,31684.0,PHILLIPS 66 PIPELINE LLC,HVL,INTERSTATE,TEXAS,1558.17,0.0,1558.17,0.0,0.0,0.0,0.0,0.0,0.0,0.0,0.0,0.0,0.0,0.0,0.0,0.0,0.0,0.0,0.0,0.0,0.0,0.0,1558.17,0.0,0.0,1558.17
2/2/2026,2018.0,20190257.0,16670.0,31684.0,PHILLIPS 66 PIPELINE LLC,HVL,INTERSTATE,WYOMING,138.57,0.0,138.57,0.0,0.0,0.0,0.0,0.0,0.0,0.0,0.0,0.0,0.0,0.0,0.0,0.0,0.0,0.0,0.0,0.0,0.0,0.0,138.57,0.0,0.0,138.57
2/2/2026,2018.0,20190257.0,16670.0,31684.0,PHILLIPS 66 PIPELINE LLC,HVL,INTRASTATE,LOUISIANA,510.15,0.0,510.15,0.0,0.0,0.0,0.0,0.0,0.0,0.0,0.0,0.0,0.0,0.0,0.0,0.0,0.0,0.0,0.0,0.0,0.0,0.0,510.15,0.0,0.0,510.15
2/2/2026,2018.0,20190257.0,16670.0,31684.0,PHILLIPS 66 PIPELINE LLC,HVL,INTRASTATE,TEXAS,627.43,0.0,627.43,0.0,0.0,0.0,0.0,0.0,0.0,0.0,0.0,0.0,0.0,0.0,0.0,0.0,0.0,0.0,0.0,0.0,0.0,0.0,627.43,0.0,0.0,627.43
2/2/2026,2018.0,20190253.0,16666.0,31684.0,PHILLIPS 66 PIPELINE LLC,Refined and/or Petroleum Product (non-HVL),INTERSTATE,COLORADO,257.73,0.0,257.73,0.55,0.0,0.0,0.0,0.55,0.0,0.0,0.0,0.0,0.0,0.0,0.0,0.0,0.0,0.0,0.0,0.0,0.0,0.0,258.28,0.0,0.0,258.28
2/2/2026,2018.0,20190253.0,16666.0,31684.0,PHILLIPS 66 PIPELINE LLC,Refined and/or Petroleum Product (non-HVL),INTERSTATE,IDAHO,79.59,0.0,79.59,0.0,0.0,0.0,0.0,0.0,0.0,0.0,0.0,0.0,0.0,0.0,0.0,0.0,0.0,0.0,0.0,0.0,0.0,0.0,79.59,0.0,0.0,79.59
2/2/2026,2018.0,20190253.0,16666.0,31684.0,PHILLIPS 66 PIPELINE LLC,Refined and/or Petroleum Product (non-HVL),INTERSTATE,ILLINOIS,18.03,0.0,18.03,0.0,0.0,0.0,0.0,0.0,0.0,0.0,0.0,0.0,0.0,0.0,0.0,0.0,0.0,0.0,0.0,0.0,0.0,0.0,18.03,0.0,0.0,18.03
2/2/2026,2018.0,20190253.0,16666.0,31684.0,PHILLIPS 66 PIPELINE LLC,Refined and/or Petroleum Product (non-HVL),INTERSTATE,KANSAS,554.82,0.0,554.82,14.06,0.0,0.0,0.0,14.06,0.0,0.0,0.0,0.0,0.0,0.0,0.0,0.0,0.0,0.0,0.0,0.0,0.0,0.0,568.88,0.0,0.0,568.88
2/2/2026,2018.0,20190253.0,16666.0,31684.0,PHILLIPS 66 PIPELINE LLC,Refined and/or Petroleum Product (non-HVL),INTERSTATE,LOUISIANA,9.83,0.0,9.83,0.38,0.0,0.0,0.0,0.38,0.0,0.0,0.0,0.0,0.0,0.0,0.0,0.0,0.0,0.0,0.0,0.0,0.0,0.0,10.21,0.0,0.0,10.21
2/2/2026,2018.0,20190253.0,16666.0,31684.0,PHILLIPS 66 PIPELINE LLC,Refined and/or Petroleum Product (non-HVL),INTERSTATE,MISSOURI,295.26,0.0,295.26,0.0,0.0,0.0,0.0,0.0,0.0,0.0,0.0,0.0,0.0,0.0,0.0,0.0,0.0,0.0,0.0,0.0,0.0,0.0,295.26,0.0,0.0,295.26
2/2/2026,2018.0,20190253.0,16666.0,31684.0,PHILLIPS 66 PIPELINE LLC,Refined and/or Petroleum Product (non-HVL),INTERSTATE,MONTANA,578.4,0.0,578.4,0.0,0.0,0.0,0.0,0.0,0.0,0.0,0.0,0.0,0.0,0.0,0.0,0.0,0.0,0.0,0.0,0.0,0.0,0.0,578.4,0.0,0.0,578.4
2/2/2026,2018.0,20190253.0,16666.0,31684.0,PHILLIPS 66 PIPELINE LLC,Refined and/or Petroleum Product (non-HVL),INTERSTATE,NEW JERSEY,0.0,0.0,0.0,2.03,0.0,0.0,0.0,2.03,0.0,0.0,0.0,0.0,0.0,0.0,0.0,0.0,0.0,0.0,0.0,0.0,0.0,0.0,2.03,0.0,0.0,2.03
2/2/2026,2018.0,20190253.0,16666.0,31684.0,PHILLIPS 66 PIPELINE LLC,Refined and/or Petroleum Product (non-HVL),INTERSTATE,OKLAHOMA,624.41,0.0,624.41,0.0,0.0,0.0,0.0,0.0,0.0,0.0,0.0,0.0,0.0,0.0,0.0,0.0,0.0,0.0,0.0,0.0,0.0,0.0,624.41,0.0,0.0,624.41
2/2/2026,2018.0,20190253.0,16666.0,31684.0,PHILLIPS 66 PIPELINE LLC,Refined and/or Petroleum Product (non-HVL),INTERSTATE,TEXAS,438.01,0.0,438.01,0.0,0.0,0.0,0.0,0.0,0.0,0.0,0.0,0.0,0.0,0.0,0.0,0.0,0.0,0.0,0.0,0.0,0.0,0.0,438.01,0.0,0.0,438.01
2/2/2026,2018.0,20190253.0,16666.0,31684.0,PHILLIPS 66 PIPELINE LLC,Refined and/or Petroleum Product (non-HVL),INTERSTATE,UTAH,109.07,0.0,109.07,5.13,0.0,0.0,0.0,5.13,0.0,0.0,0.0,0.0,0.0,0.0,0.0,0.0,0.0,0.0,0.0,0.0,0.0,0.0,114.2,0.0,0.0,114.2
2/2/2026,2018.0,20190253.0,16666.0,31684.0,PHILLIPS 66 PIPELINE LLC,Refined and/or Petroleum Product (non-HVL),INTERSTATE,WASHINGTON,130.25,0.0,130.25,2.48,0.0,0.0,0.0,2.48,0.0,0.0,0.0,0.0,0.0,0.0,0.0,0.0,0.0,0.0,0.0,0.0,0.0,0.0,132.73,0.0,0.0,132.73
2/2/2026,2018.0,20190253.0,16666.0,31684.0,PHILLIPS 66 PIPELINE LLC,Refined and/or Petroleum Product (non-HVL),INTERSTATE,WYOMING,706.99,0.0,706.99,0.36,0.0,0.0,0.0,0.36,0.0,0.0,0.0,0.0,0.0,0.0,0.0,0.0,0.0,0.0,0.0,0.0,0.0,0.0,707.35,0.0,0.0,707.35
2/2/2026,2018.0,20190253.0,16666.0,31684.0,PHILLIPS 66 PIPELINE LLC,Refined and/or Petroleum Product (non-HVL),INTRASTATE,CALIFORNIA,267.33,0.0,267.33,0.0,0.0,0.0,0.0,0.0,0.0,0.0,0.0,0.0,0.0,0.0,0.0,0.0,0.0,0.0,0.0,0.0,0.0,0.0,267.33,0.0,0.0,267.33
2/2/2026,2018.0,20190253.0,16666.0,31684.0,PHILLIPS 66 PIPELINE LLC,Refined and/or Petroleum Product (non-HVL),INTRASTATE,LOUISIANA,19.09,0.0,19.09,0.0,0.0,0.0,0.0,0.0,0.0,0.0,0.0,0.0,0.0,0.0,0.0,0.0,0.0,0.0,0.0,0.0,0.0,0.0,19.09,0.0,0.0,19.09
2/2/2026,2018.0,20190253.0,16666.0,31684.0,PHILLIPS 66 PIPELINE LLC,Refined and/or Petroleum Product (non-HVL),INTRASTATE,TEXAS,124.78,0.0,124.78,0.0,0.0,0.0,0.0,0.0,0.0,0.0,0.0,0.0,0.0,0.0,0.0,0.0,0.0,0.0,0.0,0.0,0.0,0.0,124.78,0.0,0.0,124.78
2/2/2026,2018.0,20190019.0,16382.0,31687.0,"HILL-LAKE GAS STORAGE, LLC",HVL,INTRASTATE,TEXAS,2.0,0.0,2.0,0.0,0.0,0.0,0.0,0.0,0.0,0.0,0.0,0.0,0.0,0.0,0.0,0.0,0.0,0.0,0.0,0.0,0.0,0.0,2.0,0.0,0.0,2.0
2/2/2026,2018.0,20190429.0,16860.0,31703.0,"WILLIAMS MLP OPERATING, LLC",HVL,INTRASTATE,WEST VIRGINIA,5.54,0.0,5.54,0.0,0.0,0.0,0.0,0.0,0.0,0.0,0.0,0.0,0.0,0.0,0.0,0.0,0.0,0.0,0.0,0.0,0.0,0.0,5.54,0.0,0.0,5.54
2/2/2026,2018.0,20190205.0,16616.0,31707.0,CHEVRON U.S.A. INC - PERMIAN BASIN,HVL,INTRASTATE,TEXAS,0.26,0.0,0.26,0.0,0.0,0.0,0.0,0.0,0.0,0.0,0.0,0.0,0.0,0.0,0.0,0.0,0.0,0.0,0.0,0.0,0.0,0.0,0.26,0.0,0.0,0.26
2/2/2026,2018.0,20190314.0,16735.0,31719.0,HILAND PARTNERS HOLDINGS LLC,HVL,INTRASTATE,MONTANA,8.85,0.0,8.85,0.0,0.0,0.0,0.0,0.0,0.0,0.0,0.0,0.0,0.0,0.0,0.0,0.0,0.0,0.0,0.0,0.0,0.0,0.0,8.85,0.0,0.0,8.85
2/2/2026,2018.0,20190314.0,16735.0,31719.0,HILAND PARTNERS HOLDINGS LLC,HVL,INTRASTATE,NORTH DAKOTA,12.95,0.0,12.95,0.0,0.0,0.0,0.0,0.0,0.0,0.0,0.0,0.0,0.0,0.0,0.0,0.0,0.0,0.0,0.0,0.0,0.0,0.0,12.95,0.0,0.0,12.95
2/2/2026,2018.0,20190456.0,16887.0,31720.0,"EXPRESS HOLDINGS (USA), LLC",Crude Oil,INTERSTATE,ILLINOIS,1.25,0.0,1.25,3.57,0.0,0.0,0.0,3.57,0.0,0.0,0.0,0.0,0.0,0.0,0.0,0.0,0.0,0.0,0.0,0.0,0.0,0.0,4.82,0.0,0.0,4.82
2/2/2026,2018.0,20190456.0,16887.0,31720.0,"EXPRESS HOLDINGS (USA), LLC",Crude Oil,INTERSTATE,KANSAS,98.41,0.0,98.41,0.0,0.0,0.0,0.0,0.0,0.0,0.0,0.0,0.0,0.0,0.0,0.0,0.0,0.0,0.0,0.0,0.0,0.0,0.0,98.41,0.0,0.0,98.41
2/2/2026,2018.0,20190456.0,16887.0,31720.0,"EXPRESS HOLDINGS (USA), LLC",Crude Oil,INTERSTATE,MISSOURI,271.43,0.0,271.43,0.0,0.0,0.0,0.0,0.0,0.0,0.0,0.0,0.0,0.0,0.0,0.0,0.0,0.0,0.0,0.0,0.0,0.0,0.0,271.43,0.0,0.0,271.43
2/2/2026,2018.0,20190456.0,16887.0,31720.0,"EXPRESS HOLDINGS (USA), LLC",Crude Oil,INTERSTATE,MONTANA,304.08,0.0,304.08,0.0,0.0,0.0,0.0,0.0,0.0,0.0,0.0,0.0,0.0,0.0,0.0,0.0,0.0,0.0,0.0,0.0,0.0,0.0,304.08,0.0,0.0,304.08
2/2/2026,2018.0,20190456.0,16887.0,31720.0,"EXPRESS HOLDINGS (USA), LLC",Crude Oil,INTERSTATE,NEBRASKA,409.66,0.0,409.66,0.0,0.0,0.0,0.0,0.0,0.0,0.0,0.0,0.0,0.0,0.0,0.0,0.0,0.0,0.0,0.0,0.0,0.0,0.0,409.66,0.0,0.0,409.66
2/2/2026,2018.0,20190456.0,16887.0,31720.0,"EXPRESS HOLDINGS (USA), LLC",Crude Oil,INTERSTATE,WYOMING,361.75,0.0,361.75,3.45,0.0,0.0,0.0,3.45,0.0,0.0,0.0,0.0,0.0,0.0,0.0,0.0,0.0,0.0,0.0,0.0,0.0,0.0,365.2,0.0,0.0,365.2
2/2/2026,2018.0,20190003.0,17184.0,31721.0,PIPELINE TECHNOLOGY,HVL,INTRASTATE,LOUISIANA,0.0,0.0,0.0,6.3,0.0,0.0,0.0,6.3,0.0,0.0,0.0,0.0,0.0,0.0,0.0,0.0,0.0,0.0,0.0,0.0,0.0,0.0,6.3,0.0,0.0,6.3
2/2/2026,2018.0,20190002.0,16358.0,31721.0,PIPELINE TECHNOLOGY,Refined and/or Petroleum Product (non-HVL),INTRASTATE,LOUISIANA,0.0,0.0,0.0,5.0,17.0,0.0,0.0,22.0,0.0,0.0,0.0,0.0,0.0,0.0,0.0,0.0,0.0,0.0,0.0,0.0,0.0,0.0,22.0,0.0,0.0,22.0
2/2/2026,2018.0,20190364.0,16790.0,31723.0,EXXONMOBIL FUELS AND LUBRICANTS COMPANY,Crude Oil,INTERSTATE,LOUISIANA,0.148,0.0,0.148,0.28,0.0,0.0,0.0,0.28,0.0,0.0,0.0,0.0,0.0,0.0,0.0,0.0,0.0,0.0,0.0,0.0,0.0,0.0,0.428,0.0,0.0,0.428
2/2/2026,2018.0,20190364.0,16790.0,31723.0,EXXONMOBIL FUELS AND LUBRICANTS COMPANY,Crude Oil,INTRASTATE,LOUISIANA,7.978,0.0,7.978,3.038,0.0,0.0,0.0,3.038,0.0,0.0,0.0,0.0,0.0,0.0,0.0,0.0,0.0,0.0,0.0,0.0,0.0,0.0,11.016,0.0,0.0,11.016
2/2/2026,2018.0,20190365.0,16791.0,31723.0,EXXONMOBIL FUELS AND LUBRICANTS COMPANY,Refined and/or Petroleum Product (non-HVL),INTRASTATE,LOUISIANA,23.413,0.0,23.413,0.0,0.0,0.0,0.0,0.0,0.0,0.0,0.0,0.0,0.0,0.0,0.0,0.0,0.0,0.0,0.0,0.0,0.0,0.0,23.413,0.0,0.0,23.413
2/2/2026,2018.0,20190225.0,16637.0,31724.0,SOUTHERN COMPANY PIPELINES,CO2,INTRASTATE,MISSISSIPPI,61.12,0.0,61.12,0.0,0.0,0.0,0.0,0.0,0.0,0.0,0.0,0.0,0.0,0.0,0.0,0.0,0.0,0.0,0.0,0.0,0.0,0.0,61.12,0.0,0.0,61.12
2/2/2026,2018.0,20190368.0,16795.0,31755.0,"NOBLE MIDSTREAM SERVICES, LLC",Crude Oil,INTRASTATE,COLORADO,136.04,0.0,136.04,1.54,12.37,0.0,0.0,13.91,0.0,0.0,0.0,0.0,0.0,0.0,0.0,0.0,0.0,0.0,0.0,0.0,0.0,0.0,149.95,0.0,0.0,149.95
2/2/2026,2018.0,20190368.0,16795.0,31755.0,"NOBLE MIDSTREAM SERVICES, LLC",Crude Oil,INTRASTATE,TEXAS,112.93,0.0,112.93,0.53,0.0,0.0,0.0,0.53,0.0,0.0,0.0,0.0,0.0,0.0,0.0,0.0,0.0,0.0,0.0,0.0,0.0,0.0,113.46,0.0,0.0,113.46
2/2/2026,2018.0,20190380.0,16807.0,31755.0,"NOBLE MIDSTREAM SERVICES, LLC",HVL,INTRASTATE,COLORADO,5.083,0.0,5.083,0.0,0.0,0.0,0.0,0.0,0.0,0.0,0.0,0.0,0.0,0.0,0.0,0.0,0.0,0.0,0.0,0.0,0.0,0.0,5.083,0.0,0.0,5.083
2/2/2026,2018.0,20190018.0,16381.0,31779.0,SWISSPORT FUELING INC,Refined and/or Petroleum Product (non-HVL),INTRASTATE,ARIZONA,0.0,0.0,0.0,12.28,0.0,0.0,0.0,12.28,0.0,0.0,0.0,0.0,0.0,0.0,0.0,0.0,0.0,0.0,0.0,0.0,0.0,0.0,12.28,0.0,0.0,12.28
2/2/2026,2018.0,20190010.0,16370.0,31801.0,TANDEM ENERGY CORPORATION,Crude Oil,INTRASTATE,TEXAS,0.0,0.0,0.0,0.0,0.0,0.0,0.0,0.0,0.0,0.0,0.0,0.0,0.0,0.0,0.0,0.0,0.0,1.85,2.46,0.0,0.0,4.31,4.31,0.0,0.0,4.31
2/2/2026,2018.0,20190303.0,16724.0,31816.0,"MID-CONTINENT FRACTIONATION AND STORAGE, L.L.C.",HVL,INTRASTATE,KANSAS,48.31,0.0,48.31,3.1,0.0,0.0,0.0,3.1,7.71,0.0,0.0,0.0,7.71,0.0,0.0,0.0,0.0,0.0,0.0,0.0,0.0,0.0,59.12,0.0,0.0,59.12
2/2/2026,2018.0,20190307.0,16728.0,31816.0,"MID-CONTINENT FRACTIONATION AND STORAGE, L.L.C.",Refined and/or Petroleum Product (non-HVL),INTRASTATE,KANSAS,1.66,0.0,1.66,0.06,0.0,0.0,0.0,0.06,1.81,0.0,0.0,0.0,1.81,0.0,0.0,0.0,0.0,0.0,0.0,0.0,0.0,0.0,3.53,0.0,0.0,3.53
2/2/2026,2018.0,20190194.0,16605.0,31822.0,SUNCOR ENERGY (USA) PIPELINE CO.,Crude Oil,INTERSTATE,COLORADO,104.6,0.0,104.6,0.0,0.0,0.0,0.0,0.0,0.0,0.0,0.0,0.0,0.0,0.0,0.0,0.0,0.0,0.0,0.0,0.0,0.0,0.0,104.6,0.0,0.0,104.6
2/2/2026,2018.0,20190194.0,16605.0,31822.0,SUNCOR ENERGY (USA) PIPELINE CO.,Crude Oil,INTERSTATE,WYOMING,18.0,0.0,18.0,0.0,0.0,0.0,0.0,0.0,0.0,0.0,0.0,0.0,0.0,0.0,0.0,0.0,0.0,0.0,0.0,0.0,0.0,0.0,18.0,0.0,0.0,18.0
2/2/2026,2018.0,20190194.0,16605.0,31822.0,SUNCOR ENERGY (USA) PIPELINE CO.,Crude Oil,INTRASTATE,COLORADO,25.7,0.0,25.7,0.0,0.0,0.0,0.0,0.0,0.0,0.0,0.0,0.0,0.0,0.0,0.0,0.0,0.0,0.0,0.0,0.0,0.0,0.0,25.7,0.0,0.0,25.7
2/2/2026,2018.0,20190194.0,16605.0,31822.0,SUNCOR ENERGY (USA) PIPELINE CO.,Crude Oil,INTRASTATE,WYOMING,219.0,0.0,219.0,0.0,0.0,0.0,0.0,0.0,0.0,0.0,0.0,0.0,0.0,0.0,0.0,0.0,0.0,0.0,0.0,0.0,0.0,0.0,219.0,0.0,0.0,219.0
2/2/2026,2018.0,20190195.0,16606.0,31822.0,SUNCOR ENERGY (USA) PIPELINE CO.,Refined and/or Petroleum Product (non-HVL),INTRASTATE,COLORADO,0.0,0.0,0.0,4.17,0.0,0.0,0.0,4.17,0.0,0.0,0.0,0.0,0.0,0.0,0.0,0.0,0.0,0.0,0.0,0.0,0.0,0.0,4.17,0.0,0.0,4.17
2/2/2026,2018.0,20190586.0,17017.0,31824.0,"CALUMET LUBRICANTS CO., L.P.",Crude Oil,INTRASTATE,LOUISIANA,34.0,0.0,34.0,0.0,0.0,0.0,0.0,0.0,0.0,0.0,0.0,0.0,0.0,0.0,0.0,0.0,0.0,0.0,0.0,0.0,0.0,0.0,34.0,0.0,0.0,34.0
2/2/2026,2018.0,20190433.0,16864.0,31847.0,"CALUMET LUBRICANTS CO., L. P.",Refined and/or Petroleum Product (non-HVL),INTRASTATE,LOUISIANA,0.0,0.0,0.0,0.0,6.35,0.0,0.0,6.35,0.0,0.0,0.0,0.0,0.0,0.0,0.0,0.0,0.0,0.0,0.0,0.0,0.0,0.0,6.35,0.0,0.0,6.35
2/2/2026,2018.0,20190204.0,16615.0,31863.0,HFOTCO LLC,Crude Oil,INTRASTATE,TEXAS,20.6,0.0,20.6,0.0,0.0,0.0,0.0,0.0,0.0,0.0,0.0,0.0,0.0,0.0,0.0,0.0,0.0,0.0,0.0,0.0,0.0,0.0,20.6,0.0,0.0,20.6
2/2/2026,2018.0,20190229.0,16642.0,31864.0,APACHE CORPORATION,CO2,INTRASTATE,TEXAS,41.13,0.0,41.13,0.0,0.0,0.0,0.0,0.0,0.0,0.0,0.0,0.0,0.0,0.0,0.0,0.0,0.0,0.0,0.0,0.0,0.0,0.0,41.13,0.0,0.0,41.13
2/2/2026,2018.0,20190360.0,16784.0,31871.0,"MARKWEST MICHIGAN PIPELINE COMPANY, L.L.C.",Crude Oil,INTERSTATE,MICHIGAN,0.0,0.0,0.0,19.3,18.3,0.0,113.8,151.4,0.0,0.0,0.0,0.0,0.0,0.0,0.0,0.0,0.0,0.0,0.0,0.0,0.0,0.0,37.6,0.0,113.8,151.4
2/2/2026,2018.0,20190571.0,17002.0,31878.0,BRIDGER PIPELINE LLC,Crude Oil,INTERSTATE,MONTANA,220.0,0.0,220.0,0.0,0.0,0.0,0.0,0.0,0.0,0.0,0.0,0.0,0.0,0.0,0.0,0.0,0.0,0.0,0.0,0.0,0.0,0.0,220.0,0.0,0.0,220.0
2/2/2026,2018.0,20190571.0,17002.0,31878.0,BRIDGER PIPELINE LLC,Crude Oil,INTERSTATE,NORTH DAKOTA,232.0,0.0,232.0,0.0,0.0,0.0,0.0,0.0,0.0,0.0,0.0,0.0,0.0,0.0,0.0,0.0,0.0,0.0,0.0,0.0,0.0,0.0,232.0,0.0,0.0,232.0
2/2/2026,2018.0,20190065.0,16458.0,31887.0,DUKE ENERGY KENTUCKY - LIQUID,HVL,INTRASTATE,KENTUCKY,0.0,0.0,0.0,3.41,0.0,0.0,0.0,3.41,0.0,0.0,0.0,0.0,0.0,0.0,0.0,0.0,0.0,0.0,0.0,0.0,0.0,0.0,3.41,0.0,0.0,3.41
2/2/2026,2018.0,20190133.0,17437.0,31888.0,CENTURION PIPELINE L.P.,Crude Oil,INTERSTATE,NEW MEXICO,159.49,0.0,159.49,0.0,0.0,0.0,0.0,0.0,0.0,0.0,0.0,0.0,0.0,0.0,0.0,0.0,0.0,0.0,0.0,0.0,0.0,0.0,159.49,0.0,0.0,159.49
2/2/2026,2018.0,20190133.0,17437.0,31888.0,CENTURION PIPELINE L.P.,Crude Oil,INTERSTATE,OKLAHOMA,418.5,0.0,418.5,0.0,0.0,0.0,0.0,0.0,0.0,0.0,0.0,0.0,0.0,0.0,0.0,0.0,0.0,0.0,0.0,0.0,0.0,0.0,418.5,0.0,0.0,418.5
2/2/2026,2018.0,20190133.0,17437.0,31888.0,CENTURION PIPELINE L.P.,Crude Oil,INTERSTATE,TEXAS,648.3,0.0,648.3,0.0,0.0,0.0,0.0,0.0,0.0,0.0,0.0,0.0,0.0,0.0,0.0,0.0,0.0,0.0,0.0,0.0,0.0,0.0,648.3,0.0,0.0,648.3
2/2/2026,2018.0,20190133.0,17437.0,31888.0,CENTURION PIPELINE L.P.,Crude Oil,INTRASTATE,NEW MEXICO,162.64,0.0,162.64,0.0,0.0,0.0,0.0,0.0,0.0,0.0,0.0,0.0,0.0,0.0,0.0,0.0,0.0,0.0,0.0,0.0,0.0,0.0,162.64,0.0,0.0,162.64
2/2/2026,2018.0,20190133.0,17437.0,31888.0,CENTURION PIPELINE L.P.,Crude Oil,INTRASTATE,TEXAS,1257.57,0.0,1257.57,0.0,0.0,0.0,0.0,0.0,0.0,0.0,0.0,0.0,0.0,0.0,0.0,0.0,0.0,0.0,0.0,0.0,0.0,0.0,1257.57,0.0,0.0,1257.57
2/2/2026,2018.0,20190090.0,16484.0,31888.0,CENTURION PIPELINE L.P.,HVL,INTRASTATE,TEXAS,12.5,0.0,12.5,0.0,0.0,0.0,0.0,0.0,0.0,0.0,0.0,0.0,0.0,0.0,0.0,0.0,0.0,0.0,0.0,0.0,0.0,0.0,12.5,0.0,0.0,12.5
2/2/2026,2018.0,20190109.0,16505.0,31897.0,"THE GEORGE R. BROWN PARTNERSHIP, L.P.",CO2,INTRASTATE,TEXAS,7.7,0.0,7.7,0.0,0.0,0.0,0.0,0.0,0.0,0.0,0.0,0.0,0.0,0.0,0.0,0.0,0.0,0.0,0.0,0.0,0.0,0.0,7.7,0.0,0.0,7.7
2/2/2026,2018.0,20190581.0,17212.0,31914.0,NGL SUPPLY TERMINAL COMPANY LLC,HVL,INTRASTATE,ARKANSAS,5.4,0.0,5.4,0.0,0.0,0.0,0.0,0.0,0.0,0.0,0.0,0.0,0.0,0.0,0.0,0.0,0.0,0.0,0.0,0.0,0.0,0.0,5.4,0.0,0.0,5.4
2/2/2026,2018.0,20190581.0,17212.0,31914.0,NGL SUPPLY TERMINAL COMPANY LLC,HVL,INTRASTATE,OKLAHOMA,0.057,0.0,0.057,0.0,0.0,0.0,0.0,0.0,0.0,0.0,0.0,0.0,0.0,0.0,0.0,0.0,0.0,0.0,0.0,0.0,0.0,0.0,0.057,0.0,0.0,0.057
2/2/2026,2018.0,20190042.0,16424.0,31919.0,MIDSTREAM ENERGY PARTNERS (USA) LLC,HVL,INTRASTATE,CALIFORNIA,28.5,0.0,28.5,0.0,19.0,0.0,0.0,19.0,0.0,0.0,0.0,0.0,0.0,0.0,0.0,0.0,0.0,0.0,0.0,0.0,0.0,0.0,47.5,0.0,0.0,47.5
2/2/2026,2018.0,20193683.0,16338.0,31933.0,CALCASIEU REFINING COMPANY,Refined and/or Petroleum Product (non-HVL),INTRASTATE,LOUISIANA,0.0,0.0,0.0,5.4,0.0,0.0,0.0,5.4,0.0,0.0,0.0,0.0,0.0,0.0,0.0,0.0,0.0,0.0,0.0,0.0,0.0,0.0,5.4,0.0,0.0,5.4
2/2/2026,2018.0,20190528.0,16959.0,31937.0,"TPCO, LLC",Crude Oil,INTRASTATE,MISSISSIPPI,0.0,0.0,0.0,10.4,0.0,0.0,0.0,10.4,0.0,0.0,0.0,0.0,0.0,0.0,0.0,0.0,0.0,0.0,0.0,0.0,0.0,0.0,10.4,0.0,0.0,10.4
2/2/2026,2018.0,20190249.0,16662.0,31943.0,MIDCOAST GATHERING (NORTH TEXAS) L.P.,HVL,INTRASTATE,TEXAS,16.36,0.0,16.36,0.0,0.0,0.0,0.0,0.0,0.0,0.0,0.0,0.0,0.0,0.0,0.0,0.0,0.0,0.0,0.0,0.0,0.0,0.0,16.36,0.0,0.0,16.36
2/2/2026,2018.0,20190445.0,16876.0,31947.0,ENBRIDGE PIPELINES (OZARK) L.L.C.,Crude Oil,INTRASTATE,KANSAS,5.0,0.0,5.0,0.0,0.0,0.0,0.0,0.0,0.0,0.0,0.0,0.0,0.0,0.0,0.0,0.0,0.0,0.0,0.0,0.0,0.0,0.0,5.0,0.0,0.0,5.0
2/2/2026,2018.0,20190445.0,16876.0,31947.0,ENBRIDGE PIPELINES (OZARK) L.L.C.,Crude Oil,INTRASTATE,OKLAHOMA,47.08,0.0,47.08,0.0,0.0,0.0,0.0,0.0,0.0,0.0,0.0,0.0,0.0,0.0,0.0,0.0,0.0,0.0,0.0,0.0,0.0,0.0,47.08,0.0,0.0,47.08
2/2/2026,2018.0,20190173.0,16583.0,31957.0,KINDER MORGAN WINK PIPELINE LLC,Crude Oil,INTERSTATE,TEXAS,433.0,0.0,433.0,0.0,0.0,0.0,0.0,0.0,0.0,0.0,0.0,0.0,0.0,0.0,0.0,0.0,0.0,0.0,0.0,0.0,0.0,0.0,433.0,0.0,0.0,433.0
2/2/2026,2018.0,20190173.0,16583.0,31957.0,KINDER MORGAN WINK PIPELINE LLC,Crude Oil,INTRASTATE,TEXAS,2.0,0.0,2.0,0.0,0.0,0.0,0.0,0.0,0.0,0.0,0.0,0.0,0.0,0.0,0.0,0.0,0.0,0.0,0.0,0.0,0.0,0.0,2.0,0.0,0.0,2.0
2/2/2026,2018.0,20190492.0,16923.0,31970.0,"CONOCOPHILLIPS ALASKA, INC.",Refined and/or Petroleum Product (non-HVL),INTRASTATE,ALASKA,0.0,0.0,0.0,0.0,34.744,0.0,0.0,34.744,0.0,0.0,0.0,0.0,0.0,0.0,0.0,0.0,0.0,0.0,0.0,0.0,0.0,0.0,34.744,0.0,0.0,34.744
2/2/2026,2018.0,20190595.0,17026.0,31982.0,"KOCH FERTILIZER, LLC.",HVL,INTRASTATE,IOWA,0.072,0.0,0.072,0.113,0.0,0.0,0.0,0.113,0.0,0.0,0.0,0.0,0.0,0.0,0.0,0.0,0.0,0.0,0.0,0.0,0.0,0.0,0.185,0.0,0.0,0.185
2/2/2026,2018.0,20190142.0,16543.0,31994.0,"PANTHER OPERATING COMPANY, LLC",Crude Oil,INTERSTATE,LOUISIANA,30.79,17.51,48.3,0.0,0.0,0.0,0.0,0.0,0.0,0.0,0.0,0.0,0.0,0.0,0.0,0.0,0.0,0.0,0.0,0.0,0.0,0.0,30.79,17.51,0.0,48.3
2/2/2026,2018.0,20190142.0,16543.0,31994.0,"PANTHER OPERATING COMPANY, LLC",Crude Oil,INTERSTATE,OCS-Gulf of Mexico,0.0,444.01,444.01,0.0,0.0,0.0,0.0,0.0,0.0,0.0,0.0,0.0,0.0,0.0,0.0,0.0,0.0,0.0,0.0,0.0,0.0,0.0,0.0,444.01,0.0,444.01
2/2/2026,2018.0,20190142.0,16543.0,31994.0,"PANTHER OPERATING COMPANY, LLC",Crude Oil,INTERSTATE,TEXAS,12.02,10.92,22.94,0.0,0.0,0.0,0.0,0.0,0.0,0.0,0.0,0.0,0.0,0.0,0.0,0.0,0.0,0.0,0.0,0.0,0.0,0.0,12.02,10.92,0.0,22.94
2/2/2026,2018.0,20190482.0,16913.0,32005.0,ENLINK LBU-GAS&LIQUIDS,HVL,INTERSTATE,LOUISIANA,247.04,0.0,247.04,0.0,0.0,0.0,0.0,0.0,0.0,0.0,0.0,0.0,0.0,0.0,0.0,0.0,0.0,0.0,0.0,0.0,0.0,0.0,247.04,0.0,0.0,247.04
2/2/2026,2018.0,20190482.0,16913.0,32005.0,ENLINK LBU-GAS&LIQUIDS,HVL,INTERSTATE,TEXAS,64.27,0.0,64.27,0.0,0.0,0.0,0.0,0.0,0.0,0.0,0.0,0.0,0.0,0.0,0.0,0.0,0.0,0.0,0.0,0.0,0.0,0.0,64.27,0.0,0.0,64.27
2/2/2026,2018.0,20190482.0,16913.0,32005.0,ENLINK LBU-GAS&LIQUIDS,HVL,INTRASTATE,LOUISIANA,421.62,0.0,421.62,0.0,0.0,0.0,0.0,0.0,0.0,0.0,0.0,0.0,0.0,0.0,0.0,0.0,0.0,0.0,0.0,0.0,0.0,0.0,421.62,0.0,0.0,421.62
2/2/2026,2018.0,20190478.0,16909.0,32005.0,ENLINK LBU-GAS&LIQUIDS,Refined and/or Petroleum Product (non-HVL),INTRASTATE,LOUISIANA,23.04,0.0,23.04,0.0,0.0,0.0,0.0,0.0,0.0,0.0,0.0,0.0,0.0,0.0,0.0,0.0,0.0,0.0,0.0,0.0,0.0,0.0,23.04,0.0,0.0,23.04
2/2/2026,2018.0,20193689.0,16346.0,32007.0,SUPERIOR PIPELINE COMPANY L.L.C.,HVL,INTRASTATE,OKLAHOMA,32.72,0.0,32.72,3.35,0.0,0.0,0.0,3.35,0.0,0.0,0.0,0.0,0.0,0.0,0.0,0.0,0.0,0.0,0.0,0.0,0.0,0.0,36.07,0.0,0.0,36.07
2/2/2026,2018.0,20190516.0,18926.0,32011.0,"HOLLY ENERGY PARTNERS - OPERATING, L.P.",Crude Oil,INTERSTATE,NEW MEXICO,34.85,0.0,34.85,0.0,0.0,0.0,0.0,0.0,0.0,0.0,0.0,0.0,0.0,0.0,0.0,0.0,0.0,0.0,0.0,0.0,0.0,0.0,34.85,0.0,0.0,34.85
2/2/2026,2018.0,20190516.0,18926.0,32011.0,"HOLLY ENERGY PARTNERS - OPERATING, L.P.",Crude Oil,INTERSTATE,TEXAS,25.18,0.0,25.18,0.0,0.0,0.0,0.0,0.0,0.0,0.0,0.0,0.0,0.0,0.0,0.0,0.0,0.0,0.0,0.0,0.0,0.0,0.0,25.18,0.0,0.0,25.18
2/2/2026,2018.0,20190516.0,18926.0,32011.0,"HOLLY ENERGY PARTNERS - OPERATING, L.P.",Crude Oil,INTERSTATE,UTAH,229.92,0.0,229.92,0.0,1.43,0.0,0.0,1.43,0.0,0.0,0.0,0.0,0.0,0.0,0.0,0.0,0.0,0.0,0.0,0.0,0.0,0.0,231.35,0.0,0.0,231.35
2/2/2026,2018.0,20190516.0,18926.0,32011.0,"HOLLY ENERGY PARTNERS - OPERATING, L.P.",Crude Oil,INTERSTATE,WYOMING,290.19,0.0,290.19,0.0,0.48,0.0,0.0,0.48,0.0,0.0,0.0,0.0,0.0,0.0,0.0,0.0,0.0,0.0,0.0,0.0,0.0,0.0,290.67,0.0,0.0,290.67
2/2/2026,2018.0,20190516.0,18926.0,32011.0,"HOLLY ENERGY PARTNERS - OPERATING, L.P.",Crude Oil,INTRASTATE,KANSAS,3.94,0.0,3.94,0.0,0.0,0.0,0.0,0.0,0.0,0.0,0.0,0.0,0.0,0.0,0.0,0.0,0.0,0.0,0.0,0.0,0.0,0.0,3.94,0.0,0.0,3.94
2/2/2026,2018.0,20190516.0,18926.0,32011.0,"HOLLY ENERGY PARTNERS - OPERATING, L.P.",Crude Oil,INTRASTATE,NEW MEXICO,267.1,0.0,267.1,0.0,0.0,0.0,0.0,0.0,0.0,0.0,0.0,0.0,0.0,0.0,0.0,0.0,0.0,0.0,0.0,0.0,0.0,0.0,267.1,0.0,0.0,267.1
2/2/2026,2018.0,20190516.0,18926.0,32011.0,"HOLLY ENERGY PARTNERS - OPERATING, L.P.",Crude Oil,INTRASTATE,TEXAS,30.14,0.0,30.14,0.0,0.37,0.0,0.0,0.37,0.0,0.0,0.0,0.0,0.0,0.0,0.0,0.0,0.0,0.0,0.0,0.0,0.0,0.0,30.51,0.0,0.0,30.51
2/2/2026,2018.0,20190516.0,18926.0,32011.0,"HOLLY ENERGY PARTNERS - OPERATING, L.P.",Crude Oil,INTRASTATE,UTAH,0.63,0.0,0.63,0.0,0.0,0.0,0.0,0.0,0.0,0.0,0.0,0.0,0.0,0.0,0.0,0.0,0.0,0.0,0.0,0.0,0.0,0.0,0.63,0.0,0.0,0.63
2/2/2026,2018.0,20190516.0,18926.0,32011.0,"HOLLY ENERGY PARTNERS - OPERATING, L.P.",Crude Oil,INTRASTATE,WYOMING,0.0,0.0,0.0,0.0,0.0,0.0,0.0,0.0,0.0,0.0,0.0,0.0,0.0,0.0,0.0,0.0,0.0,0.0,0.0,0.0,0.0,0.0,0.0,0.0,0.0,0.0
2/2/2026,2018.0,20190381.0,17968.0,32011.0,"HOLLY ENERGY PARTNERS - OPERATING, L.P.",Refined and/or Petroleum Product (non-HVL),INTERSTATE,NEBRASKA,170.68,0.0,170.68,0.0,0.0,0.0,0.0,0.0,0.0,0.0,0.0,0.0,0.0,0.0,0.0,0.0,0.0,0.0,0.0,0.0,0.0,0.0,170.68,0.0,0.0,170.68
2/2/2026,2018.0,20190381.0,17968.0,32011.0,"HOLLY ENERGY PARTNERS - OPERATING, L.P.",Refined and/or Petroleum Product (non-HVL),INTERSTATE,NEW MEXICO,183.79,0.0,183.79,0.0,0.0,0.0,0.0,0.0,0.0,0.0,0.0,0.0,0.0,0.0,0.0,0.0,0.0,0.0,0.0,0.0,0.0,0.0,183.79,0.0,0.0,183.79
2/2/2026,2018.0,20190381.0,17968.0,32011.0,"HOLLY ENERGY PARTNERS - OPERATING, L.P.",Refined and/or Petroleum Product (non-HVL),INTERSTATE,OKLAHOMA,28.62,0.0,28.62,0.0,0.0,0.0,0.0,0.0,0.0,0.0,0.0,0.0,0.0,0.0,0.0,0.0,0.0,0.0,0.0,0.0,0.0,0.0,28.62,0.0,0.0,28.62
2/2/2026,2018.0,20190381.0,17968.0,32011.0,"HOLLY ENERGY PARTNERS - OPERATING, L.P.",Refined and/or Petroleum Product (non-HVL),INTERSTATE,TEXAS,235.38,0.0,235.38,0.01,0.24,0.0,0.0,0.25,0.0,0.0,0.0,0.0,0.0,0.0,0.0,0.0,0.0,0.0,0.0,0.0,0.0,0.0,235.63,0.0,0.0,235.63
2/2/2026,2018.0,20190381.0,17968.0,32011.0,"HOLLY ENERGY PARTNERS - OPERATING, L.P.",Refined and/or Petroleum Product (non-HVL),INTERSTATE,UTAH,4.76,0.0,4.76,0.0,0.0,0.0,0.0,0.0,0.0,0.0,0.0,0.0,0.0,0.0,0.0,0.0,0.0,0.0,0.0,0.0,0.0,0.0,4.76,0.0,0.0,4.76
2/2/2026,2018.0,20190381.0,17968.0,32011.0,"HOLLY ENERGY PARTNERS - OPERATING, L.P.",Refined and/or Petroleum Product (non-HVL),INTERSTATE,WYOMING,39.0,0.0,39.0,0.0,0.0,0.0,0.0,0.0,0.0,0.0,0.0,0.0,0.0,0.0,0.0,0.0,0.0,0.0,0.0,0.0,0.0,0.0,39.0,0.0,0.0,39.0
2/2/2026,2018.0,20190381.0,17968.0,32011.0,"HOLLY ENERGY PARTNERS - OPERATING, L.P.",Refined and/or Petroleum Product (non-HVL),INTRASTATE,IDAHO,13.23,0.0,13.23,0.03,0.04,0.0,0.0,0.07,0.0,0.0,0.0,0.0,0.0,0.0,0.0,0.0,0.0,0.0,0.0,0.0,0.0,0.0,13.3,0.0,0.0,13.3
2/2/2026,2018.0,20190381.0,17968.0,32011.0,"HOLLY ENERGY PARTNERS - OPERATING, L.P.",Refined and/or Petroleum Product (non-HVL),INTRASTATE,NEW MEXICO,229.08,0.0,229.08,0.0,0.0,0.0,0.0,0.0,0.0,0.0,0.0,0.0,0.0,0.0,0.0,0.0,0.0,0.0,0.0,0.0,0.0,0.0,229.08,0.0,0.0,229.08
2/2/2026,2018.0,20190381.0,17968.0,32011.0,"HOLLY ENERGY PARTNERS - OPERATING, L.P.",Refined and/or Petroleum Product (non-HVL),INTRASTATE,OKLAHOMA,1.53,0.0,1.53,1.52,0.0,0.0,0.0,1.52,0.0,0.0,0.0,0.0,0.0,0.0,0.0,0.0,0.0,0.0,0.0,0.0,0.0,0.0,3.05,0.0,0.0,3.05
2/2/2026,2018.0,20190381.0,17968.0,32011.0,"HOLLY ENERGY PARTNERS - OPERATING, L.P.",Refined and/or Petroleum Product (non-HVL),INTRASTATE,TEXAS,473.51,0.0,473.51,1.64,0.0,0.0,0.0,1.64,0.0,0.0,0.0,0.0,0.0,0.0,0.0,0.0,0.0,0.0,0.0,0.0,0.0,0.0,475.15,0.0,0.0,475.15
2/2/2026,2018.0,20190381.0,17968.0,32011.0,"HOLLY ENERGY PARTNERS - OPERATING, L.P.",Refined and/or Petroleum Product (non-HVL),INTRASTATE,UTAH,5.69,0.0,5.69,0.0,0.0,0.0,0.0,0.0,0.0,0.0,0.0,0.0,0.0,0.0,0.0,0.0,0.0,0.0,0.0,0.0,0.0,0.0,5.69,0.0,0.0,5.69
2/2/2026,2018.0,20190381.0,17968.0,32011.0,"HOLLY ENERGY PARTNERS - OPERATING, L.P.",Refined and/or Petroleum Product (non-HVL),INTRASTATE,WYOMING,4.0,0.0,4.0,0.0,0.0,0.0,0.0,0.0,0.0,0.0,0.0,0.0,0.0,0.0,0.0,0.0,0.0,0.0,0.0,0.0,0.0,0.0,4.0,0.0,0.0,4.0
2/2/2026,2018.0,20190066.0,16459.0,32044.0,BP USFO/LOGISTICS,Refined and/or Petroleum Product (non-HVL),INTERSTATE,IOWA,0.0,0.0,0.0,0.0,0.0,0.0,0.0,0.0,0.0,0.0,0.0,0.0,0.0,0.0,0.0,0.0,0.0,0.0,0.0,0.0,0.0,0.0,0.0,0.0,0.0,0.0
2/2/2026,2018.0,20190646.0,17086.0,32051.0,"MARTIN OPERATING PARTNERSHIP, L.P.",HVL,INTRASTATE,TEXAS,197.94,0.0,197.94,0.0,0.0,0.0,0.0,0.0,0.0,0.0,0.0,0.0,0.0,0.0,0.0,0.0,0.0,0.0,0.0,0.0,0.0,0.0,197.94,0.0,0.0,197.94
2/2/2026,2018.0,20190651.0,17107.0,32051.0,"MARTIN OPERATING PARTNERSHIP, L.P.",Refined and/or Petroleum Product (non-HVL),INTRASTATE,TEXAS,0.0,0.0,0.0,0.0,5.82,0.0,0.0,5.82,0.0,0.0,0.0,0.0,0.0,0.0,0.0,0.0,0.0,0.0,0.0,0.0,0.0,0.0,5.82,0.0,0.0,5.82
2/2/2026,2018.0,20190447.0,16878.0,32052.0,"WHITE MARLIN OPERATING COMPANY, LLC",Crude Oil,INTRASTATE,TEXAS,0.0,6.52,6.52,0.0,0.0,0.0,0.0,0.0,0.0,0.0,0.0,0.0,0.0,0.0,0.0,0.0,0.0,0.0,0.0,0.0,0.0,0.0,0.0,6.52,0.0,6.52
2/2/2026,2018.0,20190114.0,16511.0,32062.0,IMTT-PIPELINE,Refined and/or Petroleum Product (non-HVL),INTERSTATE,NEW JERSEY,3.17,0.0,3.17,3.78,0.0,0.0,0.0,3.78,0.0,0.0,0.0,0.0,0.0,0.0,0.0,0.0,0.0,0.0,0.0,0.0,0.0,0.0,6.95,0.0,0.0,6.95
2/2/2026,2018.0,20190114.0,16511.0,32062.0,IMTT-PIPELINE,Refined and/or Petroleum Product (non-HVL),INTERSTATE,NEW YORK,1.49,0.0,1.49,1.41,0.0,0.0,0.0,1.41,0.0,0.0,0.0,0.0,0.0,0.0,0.0,0.0,0.0,0.0,0.0,0.0,0.0,0.0,2.9,0.0,0.0,2.9
2/2/2026,2018.0,20190292.0,16710.0,32073.0,LUCID ARTESIA COMPANY,HVL,INTRASTATE,NEW MEXICO,7.22,0.0,7.22,0.0,0.0,0.0,0.0,0.0,0.0,0.0,0.0,0.0,0.0,0.0,0.0,0.0,0.0,0.0,0.0,0.0,0.0,0.0,7.22,0.0,0.0,7.22
2/2/2026,2018.0,20190439.0,16870.0,32080.0,"CCPS TRANSPORTATION, LLC",Crude Oil,INTERSTATE,ILLINOIS,335.62,0.0,335.62,0.0,0.0,0.0,0.0,0.0,0.0,0.0,0.0,0.0,0.0,0.0,0.0,0.0,0.0,0.0,0.0,0.0,0.0,0.0,335.62,0.0,0.0,335.62
2/2/2026,2018.0,20190439.0,16870.0,32080.0,"CCPS TRANSPORTATION, LLC",Crude Oil,INTERSTATE,KANSAS,245.39,0.0,245.39,0.0,0.0,0.0,0.0,0.0,0.0,0.0,0.0,0.0,0.0,0.0,0.0,0.0,0.0,0.0,0.0,0.0,0.0,0.0,245.39,0.0,0.0,245.39
2/2/2026,2018.0,20190439.0,16870.0,32080.0,"CCPS TRANSPORTATION, LLC",Crude Oil,INTERSTATE,MISSOURI,414.18,0.0,414.18,0.0,0.0,0.0,0.0,0.0,0.0,0.0,0.0,0.0,0.0,0.0,0.0,0.0,0.0,0.0,0.0,0.0,0.0,0.0,414.18,0.0,0.0,414.18
2/2/2026,2018.0,20190439.0,16870.0,32080.0,"CCPS TRANSPORTATION, LLC",Crude Oil,INTERSTATE,OKLAHOMA,183.52,0.0,183.52,0.0,0.0,0.0,0.0,0.0,0.0,0.0,0.0,0.0,0.0,0.0,0.0,0.0,0.0,0.0,0.0,0.0,0.0,0.0,183.52,0.0,0.0,183.52
2/2/2026,2018.0,20190560.0,16991.0,32082.0,"ZENITH ENERGY TERMINALS HOLDINGS, LLC",Refined and/or Petroleum Product (non-HVL),INTRASTATE,OHIO,0.0,0.0,0.0,1.569,0.0,0.0,0.0,1.569,0.0,0.0,0.0,0.0,0.0,0.0,0.0,0.0,0.0,0.0,0.0,0.0,0.0,0.0,1.569,0.0,0.0,1.569
2/2/2026,2018.0,20190557.0,16988.0,32083.0,"DCOR, LLC",Crude Oil,INTERSTATE,CALIFORNIA,0.0,0.0,0.0,0.51,0.0,13.99,0.0,14.5,0.0,0.0,0.0,0.0,0.0,0.0,0.0,0.0,0.0,0.0,0.0,0.0,0.0,0.0,0.51,13.99,0.0,14.5
2/2/2026,2018.0,20190557.0,16988.0,32083.0,"DCOR, LLC",Crude Oil,INTERSTATE,OCS-Pacific,0.0,0.0,0.0,0.0,0.0,12.92,0.0,12.92,0.0,0.0,0.0,0.0,0.0,0.0,0.0,0.0,0.0,0.0,0.0,0.0,0.0,0.0,0.0,12.92,0.0,12.92
2/2/2026,2018.0,20190557.0,16988.0,32083.0,"DCOR, LLC",Crude Oil,INTRASTATE,CALIFORNIA,2.54,0.0,2.54,19.46,0.0,4.59,0.0,24.05,0.0,0.0,0.0,0.0,0.0,0.0,0.0,0.0,0.0,0.0,0.0,0.0,0.0,0.0,22.0,4.59,0.0,26.59
2/2/2026,2018.0,20190312.0,16733.0,32091.0,"WILLIAMS OIL GATHERING, LLC",Crude Oil,INTERSTATE,LOUISIANA,0.0,17.92,17.92,0.0,0.0,0.0,0.0,0.0,0.0,0.0,0.0,0.0,0.0,0.0,0.0,0.0,0.0,0.0,0.0,0.0,0.0,0.0,0.0,17.92,0.0,17.92
2/2/2026,2018.0,20190312.0,16733.0,32091.0,"WILLIAMS OIL GATHERING, LLC",Crude Oil,INTERSTATE,OCS-Gulf of Mexico,0.0,359.94,359.94,0.0,0.0,0.0,0.0,0.0,0.0,0.0,0.0,0.0,0.0,0.0,0.0,0.0,0.0,0.0,0.0,0.0,0.0,0.0,0.0,359.94,0.0,359.94
2/2/2026,2018.0,20190001.0,16355.0,32094.0,AUX SABLE LIQUID PRODUCTS,HVL,INTRASTATE,ILLINOIS,32.281,0.0,32.281,0.0,0.0,0.0,0.0,0.0,0.0,0.0,0.0,0.0,0.0,0.0,0.0,0.0,0.0,0.0,0.0,0.0,0.0,0.0,32.281,0.0,0.0,32.281
2/2/2026,2018.0,20190488.0,16919.0,32095.0,"LBC HOUSTON, L.P.",HVL,INTRASTATE,TEXAS,0.0,0.0,0.0,1.774,0.0,0.0,0.0,1.774,0.0,0.0,0.0,0.0,0.0,0.0,0.0,0.0,0.0,0.0,0.0,0.0,0.0,0.0,1.774,0.0,0.0,1.774
2/2/2026,2018.0,20190485.0,16916.0,32095.0,"LBC HOUSTON, L.P.",Refined and/or Petroleum Product (non-HVL),INTRASTATE,TEXAS,0.0,0.0,0.0,5.43,0.0,0.0,0.0,5.43,0.0,0.0,0.0,0.0,0.0,0.0,0.0,0.0,0.0,0.0,0.0,0.0,0.0,0.0,5.43,0.0,0.0,5.43
2/2/2026,2018.0,20190327.0,16750.0,32096.0,WYNNEWOOD REFINERY COMPANY,Crude Oil,INTRASTATE,OKLAHOMA,2.06,0.0,2.06,0.0,0.0,0.0,0.0,0.0,0.0,0.0,0.0,0.0,0.0,0.0,0.0,0.0,0.0,0.0,0.0,0.0,0.0,0.0,2.06,0.0,0.0,2.06
2/2/2026,2018.0,20190328.0,16751.0,32099.0,ENERGY TRANSFER COMPANY,Crude Oil,INTERSTATE,NEW MEXICO,15.77,0.0,15.77,0.0,0.0,0.0,0.0,0.0,0.0,0.0,0.0,0.0,0.0,0.0,0.0,0.0,0.0,0.0,0.0,0.0,0.0,0.0,15.77,0.0,0.0,15.77
2/2/2026,2018.0,20190328.0,16751.0,32099.0,ENERGY TRANSFER COMPANY,Crude Oil,INTERSTATE,TEXAS,54.05,0.0,54.05,0.0,0.0,0.0,0.0,0.0,0.0,0.0,0.0,0.0,0.0,0.0,0.0,0.0,0.0,0.0,0.0,0.0,0.0,0.0,54.05,0.0,0.0,54.05
2/2/2026,2018.0,20190328.0,16751.0,32099.0,ENERGY TRANSFER COMPANY,Crude Oil,INTRASTATE,LOUISIANA,12.76,0.0,12.76,0.0,0.0,0.0,0.0,0.0,0.0,0.0,0.0,0.0,0.0,0.0,0.0,0.0,0.0,0.0,0.0,0.0,0.0,0.0,12.76,0.0,0.0,12.76
2/2/2026,2018.0,20190328.0,16751.0,32099.0,ENERGY TRANSFER COMPANY,Crude Oil,INTRASTATE,NEW MEXICO,5.97,0.0,5.97,0.0,0.0,0.0,0.0,0.0,0.0,0.0,0.0,0.0,0.0,0.0,0.0,0.0,0.0,0.0,0.0,0.0,0.0,0.0,5.97,0.0,0.0,5.97
2/2/2026,2018.0,20190328.0,16751.0,32099.0,ENERGY TRANSFER COMPANY,Crude Oil,INTRASTATE,TEXAS,304.11,0.0,304.11,0.0,0.0,0.0,0.0,0.0,0.0,0.0,0.0,0.0,0.0,0.0,0.0,0.0,0.0,0.0,0.0,0.0,0.0,0.0,304.11,0.0,0.0,304.11
2/2/2026,2018.0,20190329.0,16752.0,32099.0,ENERGY TRANSFER COMPANY,HVL,INTERSTATE,NEW MEXICO,72.19,0.0,72.19,0.0,0.0,0.0,0.0,0.0,0.0,0.0,0.0,0.0,0.0,0.0,0.0,0.0,0.0,0.0,0.0,0.0,0.0,0.0,72.19,0.0,0.0,72.19
2/2/2026,2018.0,20190329.0,16752.0,32099.0,ENERGY TRANSFER COMPANY,HVL,INTERSTATE,TEXAS,1375.7,0.0,1375.7,0.0,0.0,0.0,0.0,0.0,0.0,0.0,0.0,0.0,0.0,0.0,0.0,0.0,0.0,0.0,0.0,0.0,0.0,0.0,1375.7,0.0,0.0,1375.7
2/2/2026,2018.0,20190329.0,16752.0,32099.0,ENERGY TRANSFER COMPANY,HVL,INTRASTATE,LOUISIANA,244.96,0.0,244.96,0.0,0.0,0.0,0.0,0.0,0.0,0.0,0.0,0.0,0.0,0.0,0.0,0.0,0.0,0.0,0.0,0.0,0.0,0.0,244.96,0.0,0.0,244.96
2/2/2026,2018.0,20190329.0,16752.0,32099.0,ENERGY TRANSFER COMPANY,HVL,INTRASTATE,TEXAS,1211.75,0.0,1211.75,0.0,0.0,0.0,0.0,0.0,0.0,0.0,0.0,0.0,0.0,0.0,0.0,0.0,0.0,0.0,0.0,0.0,0.0,0.0,1211.75,0.0,0.0,1211.75
2/2/2026,2018.0,20190603.0,17035.0,32103.0,CRIMSON PIPELINE L.P.,Crude Oil,INTRASTATE,CALIFORNIA,662.0,0.0,662.0,368.0,0.0,0.0,0.0,368.0,0.0,0.0,0.0,0.0,0.0,0.0,0.0,0.0,0.0,0.0,0.0,0.0,0.0,0.0,1030.0,0.0,0.0,1030.0
2/2/2026,2018.0,20190549.0,17144.0,32109.0,"ONEOK NGL PIPELINE, LLC",HVL,INTERSTATE,COLORADO,10.36,0.0,10.36,0.0,0.0,0.0,0.0,0.0,0.0,0.0,0.0,0.0,0.0,0.0,0.0,0.0,0.0,0.0,0.0,0.0,0.0,0.0,10.36,0.0,0.0,10.36
2/2/2026,2018.0,20190549.0,17144.0,32109.0,"ONEOK NGL PIPELINE, LLC",HVL,INTERSTATE,ILLINOIS,263.82,0.0,263.82,0.0,0.0,0.0,0.0,0.0,0.0,0.0,0.0,0.0,0.0,0.0,0.0,0.0,0.0,0.0,0.0,0.0,0.0,0.0,263.82,0.0,0.0,263.82
2/2/2026,2018.0,20190549.0,17144.0,32109.0,"ONEOK NGL PIPELINE, LLC",HVL,INTERSTATE,INDIANA,4.4,0.0,4.4,0.0,0.0,0.0,0.0,0.0,0.0,0.0,0.0,0.0,0.0,0.0,0.0,0.0,0.0,0.0,0.0,0.0,0.0,0.0,4.4,0.0,0.0,4.4
2/2/2026,2018.0,20190549.0,17144.0,32109.0,"ONEOK NGL PIPELINE, LLC",HVL,INTERSTATE,IOWA,348.67,0.0,348.67,0.0,0.0,0.0,0.0,0.0,0.0,0.0,0.0,0.0,0.0,0.0,0.0,0.0,0.0,0.0,0.0,0.0,0.0,0.0,348.67,0.0,0.0,348.67
2/2/2026,2018.0,20190549.0,17144.0,32109.0,"ONEOK NGL PIPELINE, LLC",HVL,INTERSTATE,KANSAS,1101.19,0.0,1101.19,0.0,0.0,0.0,0.0,0.0,0.0,0.0,0.0,0.0,0.0,0.0,0.0,0.0,0.0,0.0,0.0,0.0,0.0,0.0,1101.19,0.0,0.0,1101.19
2/2/2026,2018.0,20190549.0,17144.0,32109.0,"ONEOK NGL PIPELINE, LLC",HVL,INTERSTATE,MISSOURI,38.4,0.0,38.4,0.0,0.0,0.0,0.0,0.0,0.0,0.0,0.0,0.0,0.0,0.0,0.0,0.0,0.0,0.0,0.0,0.0,0.0,0.0,38.4,0.0,0.0,38.4
2/2/2026,2018.0,20190549.0,17144.0,32109.0,"ONEOK NGL PIPELINE, LLC",HVL,INTERSTATE,MONTANA,270.71,0.0,270.71,0.0,0.0,0.0,0.0,0.0,0.0,0.0,0.0,0.0,0.0,0.0,0.0,0.0,0.0,0.0,0.0,0.0,0.0,0.0,270.71,0.0,0.0,270.71
2/2/2026,2018.0,20190549.0,17144.0,32109.0,"ONEOK NGL PIPELINE, LLC",HVL,INTERSTATE,NEBRASKA,78.64,0.0,78.64,0.0,0.0,0.0,0.0,0.0,0.0,0.0,0.0,0.0,0.0,0.0,0.0,0.0,0.0,0.0,0.0,0.0,0.0,0.0,78.64,0.0,0.0,78.64
2/2/2026,2018.0,20190549.0,17144.0,32109.0,"ONEOK NGL PIPELINE, LLC",HVL,INTERSTATE,NEW MEXICO,225.04,0.0,225.04,0.0,0.0,0.0,0.0,0.0,0.0,0.0,0.0,0.0,0.0,0.0,0.0,0.0,0.0,0.0,0.0,0.0,0.0,0.0,225.04,0.0,0.0,225.04
2/2/2026,2018.0,20190549.0,17144.0,32109.0,"ONEOK NGL PIPELINE, LLC",HVL,INTERSTATE,NORTH DAKOTA,171.89,0.0,171.89,0.0,0.0,0.0,0.0,0.0,0.0,0.0,0.0,0.0,0.0,0.0,0.0,0.0,0.0,0.0,0.0,0.0,0.0,0.0,171.89,0.0,0.0,171.89
2/2/2026,2018.0,20190549.0,17144.0,32109.0,"ONEOK NGL PIPELINE, LLC",HVL,INTERSTATE,OKLAHOMA,1245.96,0.0,1245.96,0.0,0.0,0.0,0.0,0.0,0.0,0.0,0.0,0.0,0.0,0.0,0.0,0.0,0.0,0.0,0.0,0.0,0.0,0.0,1245.96,0.0,0.0,1245.96
2/2/2026,2018.0,20190549.0,17144.0,32109.0,"ONEOK NGL PIPELINE, LLC",HVL,INTERSTATE,TEXAS,4293.53,0.0,4293.53,0.0,0.0,0.0,0.0,0.0,0.0,0.0,0.0,0.0,0.0,0.0,0.0,0.0,0.0,0.0,0.0,0.0,0.0,0.0,4293.53,0.0,0.0,4293.53
2/2/2026,2018.0,20190549.0,17144.0,32109.0,"ONEOK NGL PIPELINE, LLC",HVL,INTERSTATE,WYOMING,425.39,0.0,425.39,0.0,0.0,0.0,0.0,0.0,0.0,0.0,0.0,0.0,0.0,0.0,0.0,0.0,0.0,0.0,0.0,0.0,0.0,0.0,425.39,0.0,0.0,425.39
2/2/2026,2018.0,20190549.0,17144.0,32109.0,"ONEOK NGL PIPELINE, LLC",HVL,INTRASTATE,KANSAS,475.27,0.0,475.27,0.0,0.0,0.0,0.0,0.0,0.0,0.0,0.0,0.0,0.0,0.0,0.0,0.0,0.0,0.0,0.0,0.0,0.0,0.0,475.27,0.0,0.0,475.27
2/2/2026,2018.0,20190549.0,17144.0,32109.0,"ONEOK NGL PIPELINE, LLC",HVL,INTRASTATE,OKLAHOMA,2148.34,0.0,2148.34,0.0,0.0,0.0,0.0,0.0,0.0,0.0,0.0,0.0,0.0,0.0,0.0,0.0,0.0,0.0,0.0,0.0,0.0,0.0,2148.34,0.0,0.0,2148.34
2/2/2026,2018.0,20190549.0,17144.0,32109.0,"ONEOK NGL PIPELINE, LLC",HVL,INTRASTATE,TEXAS,139.26,0.0,139.26,0.0,0.0,0.0,0.0,0.0,0.0,0.0,0.0,0.0,0.0,0.0,0.0,0.0,0.0,0.0,0.0,0.0,0.0,0.0,139.26,0.0,0.0,139.26
2/2/2026,2018.0,20190550.0,16981.0,32109.0,"ONEOK NGL PIPELINE, LLC",Refined and/or Petroleum Product (non-HVL),INTERSTATE,ILLINOIS,0.0,0.0,0.0,0.0,0.0,0.0,0.0,0.0,0.0,0.0,0.0,0.0,0.0,0.0,0.0,0.0,0.0,0.0,0.0,0.0,0.0,0.0,0.0,0.0,0.0,0.0
2/2/2026,2018.0,20190550.0,16981.0,32109.0,"ONEOK NGL PIPELINE, LLC",Refined and/or Petroleum Product (non-HVL),INTERSTATE,IOWA,147.38,0.0,147.38,0.0,0.0,0.0,0.0,0.0,0.0,0.0,0.0,0.0,0.0,0.0,0.0,0.0,0.0,0.0,0.0,0.0,0.0,0.0,147.38,0.0,0.0,147.38
2/2/2026,2018.0,20190550.0,16981.0,32109.0,"ONEOK NGL PIPELINE, LLC",Refined and/or Petroleum Product (non-HVL),INTERSTATE,KANSAS,274.46,0.0,274.46,0.0,0.0,0.0,0.0,0.0,0.0,0.0,0.0,0.0,0.0,0.0,0.0,0.0,0.0,0.0,0.0,0.0,0.0,0.0,274.46,0.0,0.0,274.46
2/2/2026,2018.0,20190550.0,16981.0,32109.0,"ONEOK NGL PIPELINE, LLC",Refined and/or Petroleum Product (non-HVL),INTERSTATE,NEBRASKA,113.96,0.0,113.96,0.0,0.0,0.0,0.0,0.0,0.0,0.0,0.0,0.0,0.0,0.0,0.0,0.0,0.0,0.0,0.0,0.0,0.0,0.0,113.96,0.0,0.0,113.96
2/2/2026,2018.0,20190550.0,16981.0,32109.0,"ONEOK NGL PIPELINE, LLC",Refined and/or Petroleum Product (non-HVL),INTERSTATE,OKLAHOMA,15.6,0.0,15.6,0.0,0.0,0.0,0.0,0.0,0.0,0.0,0.0,0.0,0.0,0.0,0.0,0.0,0.0,0.0,0.0,0.0,0.0,0.0,15.6,0.0,0.0,15.6
2/2/2026,2018.0,20190308.0,16729.0,32114.0,COPANO NGL SERVICES LLC,HVL,INTRASTATE,TEXAS,183.23,0.0,183.23,0.0,0.0,0.0,0.0,0.0,0.0,0.0,0.0,0.0,0.0,0.0,0.0,0.0,0.0,0.0,0.0,0.0,0.0,0.0,183.23,0.0,0.0,183.23
2/2/2026,2018.0,20190477.0,16908.0,32117.0,ENLINK ASCENSION,Refined and/or Petroleum Product (non-HVL),INTRASTATE,LOUISIANA,32.48,0.0,32.48,0.0,0.0,0.0,0.0,0.0,0.0,0.0,0.0,0.0,0.0,0.0,0.0,0.0,0.0,0.0,0.0,0.0,0.0,0.0,32.48,0.0,0.0,32.48
2/2/2026,2018.0,20190024.0,16394.0,32120.0,NORTHVILLE INDUSTRIES CORP.,Refined and/or Petroleum Product (non-HVL),INTRASTATE,NEW YORK,36.69,0.0,36.69,0.0,0.0,0.0,0.0,0.0,0.0,0.0,0.0,0.0,0.0,0.0,0.0,0.0,0.0,0.0,0.0,0.0,0.0,0.0,36.69,0.0,0.0,36.69
2/2/2026,2018.0,20190055.0,16443.0,32129.0,OKLAHOMA GAS PROCESSING,HVL,INTRASTATE,OKLAHOMA,11.0,0.0,11.0,0.0,0.0,0.0,0.0,0.0,0.0,0.0,0.0,0.0,0.0,0.0,0.0,0.0,0.0,0.0,0.0,0.0,0.0,0.0,11.0,0.0,0.0,11.0
2/2/2026,2018.0,20190079.0,18021.0,32135.0,PHILLIPS 66 COMPANY - LOS ANGELES REFINERY,Refined and/or Petroleum Product (non-HVL),INTRASTATE,CALIFORNIA,0.0,0.0,0.0,13.14,0.0,0.0,0.0,13.14,0.0,0.0,0.0,0.0,0.0,0.0,0.0,0.0,0.0,0.0,0.0,0.0,0.0,0.0,13.14,0.0,0.0,13.14
2/2/2026,2018.0,20190177.0,16587.0,32147.0,MARATHON PIPE LINE LLC,Crude Oil,INTERSTATE,ILLINOIS,474.5,0.0,474.5,4.7,3.0,0.0,0.0,7.7,0.0,0.0,0.0,0.0,0.0,0.0,0.0,0.0,0.0,0.0,0.0,0.0,0.0,0.0,482.2,0.0,0.0,482.2
2/2/2026,2018.0,20190177.0,16587.0,32147.0,MARATHON PIPE LINE LLC,Crude Oil,INTERSTATE,INDIANA,229.8,0.0,229.8,0.0,0.0,0.0,0.0,0.0,0.0,0.0,0.0,0.0,0.0,0.0,0.0,0.0,0.0,0.0,0.0,0.0,0.0,0.0,229.8,0.0,0.0,229.8
2/2/2026,2018.0,20190177.0,16587.0,32147.0,MARATHON PIPE LINE LLC,Crude Oil,INTERSTATE,KENTUCKY,318.1,0.0,318.1,0.5,0.1,0.0,0.0,0.6,0.0,0.0,0.0,0.0,0.0,0.0,0.0,0.0,0.0,0.0,0.0,0.0,0.0,0.0,318.7,0.0,0.0,318.7
2/2/2026,2018.0,20190177.0,16587.0,32147.0,MARATHON PIPE LINE LLC,Crude Oil,INTERSTATE,LOUISIANA,94.1,0.0,94.1,0.0,0.0,0.0,0.0,0.0,0.0,0.0,0.0,0.0,0.0,0.0,0.0,0.0,0.0,0.0,0.0,0.0,0.0,0.0,94.1,0.0,0.0,94.1
2/2/2026,2018.0,20190177.0,16587.0,32147.0,MARATHON PIPE LINE LLC,Crude Oil,INTERSTATE,MICHIGAN,61.4,0.0,61.4,0.0,0.0,0.0,0.0,0.0,0.0,0.0,0.0,0.0,0.0,0.0,0.0,0.0,0.0,0.0,0.0,0.0,0.0,0.0,61.4,0.0,0.0,61.4
2/2/2026,2018.0,20190177.0,16587.0,32147.0,MARATHON PIPE LINE LLC,Crude Oil,INTERSTATE,MISSISSIPPI,288.9,0.0,288.9,0.0,0.0,0.0,0.0,0.0,0.0,0.0,0.0,0.0,0.0,0.0,0.0,0.0,0.0,0.0,0.0,0.0,0.0,0.0,288.9,0.0,0.0,288.9
2/2/2026,2018.0,20190177.0,16587.0,32147.0,MARATHON PIPE LINE LLC,Crude Oil,INTERSTATE,MISSOURI,294.5,0.0,294.5,0.0,0.0,0.0,0.0,0.0,0.0,0.0,0.0,0.0,0.0,0.0,0.0,0.0,0.0,0.0,0.0,0.0,0.0,0.0,294.5,0.0,0.0,294.5
2/2/2026,2018.0,20190177.0,16587.0,32147.0,MARATHON PIPE LINE LLC,Crude Oil,INTERSTATE,OHIO,37.7,0.0,37.7,0.7,0.0,0.0,0.0,0.7,0.0,0.0,0.0,0.0,0.0,0.0,0.0,0.0,0.0,0.0,0.0,0.0,0.0,0.0,38.4,0.0,0.0,38.4
2/2/2026,2018.0,20190177.0,16587.0,32147.0,MARATHON PIPE LINE LLC,Crude Oil,INTERSTATE,OKLAHOMA,144.2,0.0,144.2,0.0,0.0,0.0,0.0,0.0,0.0,0.0,0.0,0.0,0.0,0.0,0.0,0.0,0.0,0.0,0.0,0.0,0.0,0.0,144.2,0.0,0.0,144.2
2/2/2026,2018.0,20190177.0,16587.0,32147.0,MARATHON PIPE LINE LLC,Crude Oil,INTERSTATE,TENNESSEE,110.3,0.0,110.3,0.0,0.0,0.0,0.0,0.0,0.0,0.0,0.0,0.0,0.0,0.0,0.0,0.0,0.0,0.0,0.0,0.0,0.0,0.0,110.3,0.0,0.0,110.3
2/2/2026,2018.0,20190177.0,16587.0,32147.0,MARATHON PIPE LINE LLC,Crude Oil,INTERSTATE,WEST VIRGINIA,0.0,0.0,0.0,1.8,1.8,0.0,0.0,3.6,0.0,0.0,0.0,0.0,0.0,0.0,0.0,0.0,0.0,0.0,0.0,0.0,0.0,0.0,3.6,0.0,0.0,3.6
2/2/2026,2018.0,20190177.0,16587.0,32147.0,MARATHON PIPE LINE LLC,Crude Oil,INTRASTATE,ILLINOIS,47.5,0.0,47.5,0.0,0.0,0.0,0.0,0.0,0.0,0.0,0.0,0.0,0.0,0.0,0.0,0.0,0.0,0.0,0.0,0.0,0.0,0.0,47.5,0.0,0.0,47.5
2/2/2026,2018.0,20190177.0,16587.0,32147.0,MARATHON PIPE LINE LLC,Crude Oil,INTRASTATE,KENTUCKY,0.0,0.0,0.0,0.0,1.8,0.0,0.0,1.8,0.0,0.0,0.0,0.0,0.0,0.0,0.0,0.0,0.0,0.0,0.0,0.0,0.0,0.0,1.8,0.0,0.0,1.8
2/2/2026,2018.0,20190177.0,16587.0,32147.0,MARATHON PIPE LINE LLC,Crude Oil,INTRASTATE,OHIO,152.1,0.0,152.1,1.1,0.0,0.0,0.0,1.1,0.0,0.0,0.0,0.0,0.0,0.0,0.0,0.0,0.0,0.0,0.0,0.0,0.0,0.0,153.2,0.0,0.0,153.2
2/2/2026,2018.0,20190177.0,16587.0,32147.0,MARATHON PIPE LINE LLC,Crude Oil,INTRASTATE,TEXAS,1.3,0.0,1.3,0.0,0.0,0.0,0.0,0.0,0.0,0.0,0.0,0.0,0.0,0.0,0.0,0.0,0.0,0.0,0.0,0.0,0.0,0.0,1.3,0.0,0.0,1.3
2/2/2026,2018.0,20190176.0,16586.0,32147.0,MARATHON PIPE LINE LLC,HVL,INTERSTATE,ILLINOIS,30.6,0.0,30.6,0.0,0.0,0.0,0.0,0.0,0.0,0.0,0.0,0.0,0.0,0.0,0.0,0.0,0.0,0.0,0.0,0.0,0.0,0.0,30.6,0.0,0.0,30.6
2/2/2026,2018.0,20190176.0,16586.0,32147.0,MARATHON PIPE LINE LLC,HVL,INTERSTATE,INDIANA,28.2,0.0,28.2,0.0,0.0,0.0,0.0,0.0,0.0,0.0,0.0,0.0,0.0,0.0,0.0,0.0,0.0,0.0,0.0,0.0,0.0,0.0,28.2,0.0,0.0,28.2
2/2/2026,2018.0,20190176.0,16586.0,32147.0,MARATHON PIPE LINE LLC,HVL,INTERSTATE,KENTUCKY,0.0,0.0,0.0,0.2,0.0,0.0,0.0,0.2,0.0,0.0,0.0,0.0,0.0,0.0,0.0,0.0,0.0,0.0,0.0,0.0,0.0,0.0,0.2,0.0,0.0,0.2
2/2/2026,2018.0,20190176.0,16586.0,32147.0,MARATHON PIPE LINE LLC,HVL,INTERSTATE,WEST VIRGINIA,0.0,0.0,0.0,3.1,0.0,0.0,0.0,3.1,0.0,0.0,0.0,0.0,0.0,0.0,0.0,0.0,0.0,0.0,0.0,0.0,0.0,0.0,3.1,0.0,0.0,3.1
2/2/2026,2018.0,20190176.0,16586.0,32147.0,MARATHON PIPE LINE LLC,HVL,INTRASTATE,MICHIGAN,26.3,0.0,26.3,0.1,0.0,0.0,0.0,0.1,0.0,0.0,0.0,0.0,0.0,0.0,0.0,0.0,0.0,0.0,0.0,0.0,0.0,0.0,26.4,0.0,0.0,26.4
2/2/2026,2018.0,20190176.0,16586.0,32147.0,MARATHON PIPE LINE LLC,HVL,INTRASTATE,TEXAS,103.0,0.0,103.0,0.1,0.0,0.0,0.0,0.1,0.0,0.0,0.0,0.0,0.0,0.0,0.0,0.0,0.0,0.0,0.0,0.0,0.0,0.0,103.1,0.0,0.0,103.1
2/2/2026,2018.0,20190175.0,17134.0,32147.0,MARATHON PIPE LINE LLC,Refined and/or Petroleum Product (non-HVL),INTERSTATE,ARKANSAS,19.7,0.0,19.7,0.0,0.0,0.0,0.0,0.0,0.0,0.0,0.0,0.0,0.0,0.0,0.0,0.0,0.0,0.0,0.0,0.0,0.0,0.0,19.7,0.0,0.0,19.7
2/2/2026,2018.0,20190175.0,17134.0,32147.0,MARATHON PIPE LINE LLC,Refined and/or Petroleum Product (non-HVL),INTERSTATE,ILLINOIS,970.9,0.0,970.9,8.4,0.0,0.0,0.0,8.4,0.0,0.0,0.0,0.0,0.0,0.0,0.0,0.0,0.0,0.0,0.0,0.0,0.0,0.0,979.3,0.0,0.0,979.3
2/2/2026,2018.0,20190175.0,17134.0,32147.0,MARATHON PIPE LINE LLC,Refined and/or Petroleum Product (non-HVL),INTERSTATE,INDIANA,704.7,0.0,704.7,21.1,0.0,0.0,0.0,21.1,0.0,0.0,0.0,0.0,0.0,0.0,0.0,0.0,0.0,0.0,0.0,0.0,0.0,0.0,725.8,0.0,0.0,725.8
2/2/2026,2018.0,20190175.0,17134.0,32147.0,MARATHON PIPE LINE LLC,Refined and/or Petroleum Product (non-HVL),INTERSTATE,KENTUCKY,67.2,0.0,67.2,12.8,0.1,0.0,0.0,12.9,0.0,0.0,0.0,0.0,0.0,0.0,0.0,0.0,0.0,0.0,0.0,0.0,0.0,0.0,80.1,0.0,0.0,80.1
2/2/2026,2018.0,20190175.0,17134.0,32147.0,MARATHON PIPE LINE LLC,Refined and/or Petroleum Product (non-HVL),INTERSTATE,LOUISIANA,305.5,0.0,305.5,0.0,3.2,0.0,0.0,3.2,0.0,0.0,0.0,0.0,0.0,0.0,0.0,0.0,0.0,0.0,0.0,0.0,0.0,0.0,308.7,0.0,0.0,308.7
2/2/2026,2018.0,20190175.0,17134.0,32147.0,MARATHON PIPE LINE LLC,Refined and/or Petroleum Product (non-HVL),INTERSTATE,MICHIGAN,121.1,0.0,121.1,0.0,0.0,0.0,0.0,0.0,0.0,0.0,0.0,0.0,0.0,0.0,0.0,0.0,0.0,0.0,0.0,0.0,0.0,0.0,121.1,0.0,0.0,121.1
2/2/2026,2018.0,20190175.0,17134.0,32147.0,MARATHON PIPE LINE LLC,Refined and/or Petroleum Product (non-HVL),INTERSTATE,MISSISSIPPI,151.8,0.0,151.8,0.0,0.0,0.0,0.0,0.0,0.0,0.0,0.0,0.0,0.0,0.0,0.0,0.0,0.0,0.0,0.0,0.0,0.0,0.0,151.8,0.0,0.0,151.8
2/2/2026,2018.0,20190175.0,17134.0,32147.0,MARATHON PIPE LINE LLC,Refined and/or Petroleum Product (non-HVL),INTERSTATE,OHIO,690.7,0.0,690.7,1.6,0.0,0.0,0.0,1.6,0.0,0.0,0.0,0.0,0.0,0.0,0.0,0.0,0.0,0.0,0.0,0.0,0.0,0.0,692.3,0.0,0.0,692.3
2/2/2026,2018.0,20190175.0,17134.0,32147.0,MARATHON PIPE LINE LLC,Refined and/or Petroleum Product (non-HVL),INTERSTATE,PENNSYLVANIA,12.7,0.0,12.7,0.2,0.0,0.0,0.0,0.2,0.0,0.0,0.0,0.0,0.0,0.0,0.0,0.0,0.0,0.0,0.0,0.0,0.0,0.0,12.9,0.0,0.0,12.9
2/2/2026,2018.0,20190175.0,17134.0,32147.0,MARATHON PIPE LINE LLC,Refined and/or Petroleum Product (non-HVL),INTERSTATE,TENNESSEE,112.9,0.0,112.9,0.0,0.0,0.0,0.0,0.0,0.0,0.0,0.0,0.0,0.0,0.0,0.0,0.0,0.0,0.0,0.0,0.0,0.0,0.0,112.9,0.0,0.0,112.9
2/2/2026,2018.0,20190175.0,17134.0,32147.0,MARATHON PIPE LINE LLC,Refined and/or Petroleum Product (non-HVL),INTERSTATE,TEXAS,79.4,0.0,79.4,6.8,0.0,0.0,0.0,6.8,0.0,0.0,0.0,0.0,0.0,0.0,0.0,0.0,0.0,0.0,0.0,0.0,0.0,0.0,86.2,0.0,0.0,86.2
2/2/2026,2018.0,20190175.0,17134.0,32147.0,MARATHON PIPE LINE LLC,Refined and/or Petroleum Product (non-HVL),INTERSTATE,WEST VIRGINIA,3.5,0.0,3.5,6.3,1.8,0.0,0.0,8.1,0.0,0.0,0.0,0.0,0.0,0.0,0.0,0.0,0.0,0.0,0.0,0.0,0.0,0.0,11.6,0.0,0.0,11.6
2/2/2026,2018.0,20190175.0,17134.0,32147.0,MARATHON PIPE LINE LLC,Refined and/or Petroleum Product (non-HVL),INTRASTATE,KENTUCKY,86.7,0.0,86.7,0.0,0.0,0.0,0.0,0.0,0.0,0.0,0.0,0.0,0.0,0.0,0.0,0.0,0.0,0.0,0.0,0.0,0.0,0.0,86.7,0.0,0.0,86.7
2/2/2026,2018.0,20190175.0,17134.0,32147.0,MARATHON PIPE LINE LLC,Refined and/or Petroleum Product (non-HVL),INTRASTATE,OHIO,54.1,0.0,54.1,0.1,2.9,0.0,0.0,3.0,0.0,0.0,0.0,0.0,0.0,0.0,0.0,0.0,0.0,0.0,0.0,0.0,0.0,0.0,57.1,0.0,0.0,57.1
2/2/2026,2018.0,20190256.0,20699.0,32174.0,MCCAIN PIPELINE COMPANY,Refined and/or Petroleum Product (non-HVL),INTRASTATE,MISSISSIPPI,0.0,0.0,0.0,0.0,5.1,0.0,0.0,5.1,0.0,0.0,0.0,0.0,0.0,0.0,0.0,0.0,0.0,0.0,0.0,0.0,0.0,0.0,5.1,0.0,0.0,5.1
2/2/2026,2018.0,20190261.0,16678.0,32179.0,EXXONMOBIL BILLINGS REFINERY,Crude Oil,INTRASTATE,MONTANA,0.0,0.0,0.0,0.0,0.0,0.0,0.0,0.0,0.0,0.0,0.0,0.0,0.0,0.0,0.0,0.0,0.0,0.0,0.0,0.0,0.0,0.0,0.0,0.0,0.0,0.0
2/2/2026,2018.0,20190358.0,16782.0,32213.0,DIAMOND SHAMROCK REFINING CO. LP,Crude Oil,INTRASTATE,TEXAS,0.0,0.0,0.0,0.0,0.0,0.0,0.0,0.0,0.0,0.0,0.0,0.0,0.0,0.0,0.0,0.0,0.0,0.0,0.0,0.0,0.0,0.0,0.0,0.0,0.0,0.0
2/2/2026,2018.0,20190052.0,16439.0,32215.0,NOVA CHEMICALS (CANADA) LTD.,HVL,INTRASTATE,MICHIGAN,3.23,0.0,3.23,7.92,0.0,0.0,0.0,7.92,0.0,0.0,0.0,0.0,0.0,0.0,0.0,0.0,0.0,0.0,0.0,0.0,0.0,0.0,11.15,0.0,0.0,11.15
2/2/2026,2018.0,20190520.0,16951.0,32223.0,VALERO REFINING COMPANY - CALIFORNIA,Crude Oil,INTRASTATE,CALIFORNIA,3.49,0.0,3.49,1.9,0.0,0.0,0.0,1.9,0.0,0.0,0.0,0.0,0.0,0.0,0.0,0.0,0.0,0.0,0.0,0.0,0.0,0.0,5.39,0.0,0.0,5.39
2/2/2026,2018.0,20190522.0,16953.0,32223.0,VALERO REFINING COMPANY - CALIFORNIA,Refined and/or Petroleum Product (non-HVL),INTRASTATE,CALIFORNIA,1.55,0.0,1.55,1.88,0.0,0.0,0.0,1.88,0.0,0.0,0.0,0.0,0.0,0.0,0.0,0.0,0.0,0.0,0.0,0.0,0.0,0.0,3.43,0.0,0.0,3.43
2/2/2026,2018.0,20193684.0,18887.0,32224.0,BETA OFFSHORE,Crude Oil,INTERSTATE,CALIFORNIA,2.6,8.85,11.45,0.0,0.0,0.0,0.0,0.0,0.0,0.0,0.0,0.0,0.0,0.0,0.0,0.0,0.0,0.0,0.0,0.0,0.0,0.0,2.6,8.85,0.0,11.45
2/2/2026,2018.0,20193684.0,18887.0,32224.0,BETA OFFSHORE,Crude Oil,INTERSTATE,OCS-Pacific,0.0,6.34,6.34,0.0,0.0,0.0,0.0,0.0,0.0,0.0,0.0,0.0,0.0,0.0,0.0,0.0,0.0,0.0,0.0,0.0,0.0,0.0,0.0,6.34,0.0,6.34
2/2/2026,2018.0,20190659.0,17119.0,32233.0,"BESCO OPERATING, L.P.",Crude Oil,INTRASTATE,TEXAS,0.0,0.0,0.0,0.0,0.38,5.9,0.0,6.28,0.0,0.0,0.0,0.0,0.0,0.0,0.0,0.0,0.0,0.0,0.0,0.0,0.0,0.0,0.38,5.9,0.0,6.28
2/2/2026,2018.0,20190059.0,16451.0,32248.0,"FRONTIER FIELD SERVICES, LLC",HVL,INTRASTATE,NEW MEXICO,0.3,0.0,0.3,0.0,0.0,0.0,0.0,0.0,0.0,0.0,0.0,0.0,0.0,0.0,0.0,0.0,0.0,0.0,0.0,0.0,0.0,0.0,0.3,0.0,0.0,0.3
2/2/2026,2018.0,20190209.0,16621.0,32251.0,"RIBOST TERMINAL LLC, DBA WORLD OIL TERMINALS",Crude Oil,INTRASTATE,CALIFORNIA,0.0,0.0,0.0,0.22,0.0,0.0,0.0,0.22,0.0,0.0,0.0,0.0,0.0,0.0,0.0,0.0,0.0,0.0,0.0,0.0,0.0,0.0,0.22,0.0,0.0,0.22
2/2/2026,2018.0,20190279.0,16697.0,32258.0,KINDER MORGAN COCHIN LLC,Crude Oil,INTERSTATE,ILLINOIS,166.18,0.0,166.18,0.0,0.0,0.0,0.0,0.0,0.0,0.0,0.0,0.0,0.0,0.0,0.0,0.0,0.0,0.0,0.0,0.0,0.0,0.0,166.18,0.0,0.0,166.18
2/2/2026,2018.0,20190279.0,16697.0,32258.0,KINDER MORGAN COCHIN LLC,Crude Oil,INTERSTATE,INDIANA,153.49,0.0,153.49,0.0,0.0,0.0,0.0,0.0,0.0,0.0,0.0,0.0,0.0,0.0,0.0,0.0,0.0,0.0,0.0,0.0,0.0,0.0,153.49,0.0,0.0,153.49
2/2/2026,2018.0,20190279.0,16697.0,32258.0,KINDER MORGAN COCHIN LLC,Crude Oil,INTERSTATE,IOWA,229.76,0.0,229.76,0.0,0.0,0.0,0.0,0.0,0.0,0.0,0.0,0.0,0.0,0.0,0.0,0.0,0.0,0.0,0.0,0.0,0.0,0.0,229.76,0.0,0.0,229.76
2/2/2026,2018.0,20190279.0,16697.0,32258.0,KINDER MORGAN COCHIN LLC,Crude Oil,INTERSTATE,MICHIGAN,12.27,0.0,12.27,0.0,0.0,0.0,0.0,0.0,0.0,0.0,0.0,0.0,0.0,0.0,0.0,0.0,0.0,0.0,0.0,0.0,0.0,0.0,12.27,0.0,0.0,12.27
2/2/2026,2018.0,20190279.0,16697.0,32258.0,KINDER MORGAN COCHIN LLC,Crude Oil,INTERSTATE,MINNESOTA,254.18,0.0,254.18,0.0,0.0,0.0,0.0,0.0,0.0,0.0,0.0,0.0,0.0,0.0,0.0,0.0,0.0,0.0,0.0,0.0,0.0,0.0,254.18,0.0,0.0,254.18
2/2/2026,2018.0,20190279.0,16697.0,32258.0,KINDER MORGAN COCHIN LLC,Crude Oil,INTERSTATE,NORTH DAKOTA,325.86,0.0,325.86,0.0,0.0,0.0,0.0,0.0,0.0,0.0,0.0,0.0,0.0,0.0,0.0,0.0,0.0,0.0,0.0,0.0,0.0,0.0,325.86,0.0,0.0,325.86
2/2/2026,2018.0,20190279.0,16697.0,32258.0,KINDER MORGAN COCHIN LLC,Crude Oil,INTERSTATE,OHIO,48.57,0.0,48.57,0.0,0.0,0.0,0.0,0.0,0.0,0.0,0.0,0.0,0.0,0.0,0.0,0.0,0.0,0.0,0.0,0.0,0.0,0.0,48.57,0.0,0.0,48.57
2/2/2026,2018.0,20190056.0,16445.0,32272.0,SAN ANTONIO PIPELINE CORPORATION,Refined and/or Petroleum Product (non-HVL),INTRASTATE,TEXAS,0.0,0.0,0.0,14.0,0.0,0.0,0.0,14.0,0.0,0.0,0.0,0.0,0.0,0.0,0.0,0.0,0.0,0.0,0.0,0.0,0.0,0.0,14.0,0.0,0.0,14.0
2/2/2026,2018.0,20190163.0,16569.0,32277.0,OXEA CORPORATION,HVL,INTRASTATE,TEXAS,51.0,0.0,51.0,0.0,0.0,0.0,0.0,0.0,0.0,0.0,0.0,0.0,0.0,0.0,0.0,0.0,0.0,0.0,0.0,0.0,0.0,0.0,51.0,0.0,0.0,51.0
2/2/2026,2018.0,20190583.0,17014.0,32283.0,"FRONT RANGE PIPELINE, LLC.",Crude Oil,INTRASTATE,MONTANA,428.11,0.0,428.11,0.0,0.0,0.0,0.0,0.0,0.0,0.0,0.0,0.0,0.0,0.0,0.0,0.0,0.0,0.0,0.0,0.0,0.0,0.0,428.11,0.0,0.0,428.11
2/2/2026,2018.0,20190606.0,17105.0,32284.0,PENNZOIL-QUAKER STATE D/B/A SOPUS PRODUCTS,Refined and/or Petroleum Product (non-HVL),INTRASTATE,CALIFORNIA,0.0,0.0,0.0,12.3,0.0,0.0,0.0,12.3,0.0,0.0,0.0,0.0,0.0,0.0,0.0,0.0,0.0,0.0,0.0,0.0,0.0,0.0,12.3,0.0,0.0,12.3
2/2/2026,2018.0,20190020.0,19208.0,32285.0,"WORSHAM-STEED GAS STORAGE, LLC",HVL,INTRASTATE,TEXAS,7.0,0.0,7.0,0.0,0.0,0.0,0.0,0.0,0.0,0.0,0.0,0.0,0.0,0.0,0.0,0.0,0.0,0.0,0.0,0.0,0.0,0.0,7.0,0.0,0.0,7.0
2/2/2026,2018.0,20190186.0,16597.0,32288.0,"WHITE CLIFFS PIPELINE, LLC",Crude Oil,INTERSTATE,COLORADO,310.76,0.0,310.76,0.0,0.0,0.0,0.0,0.0,0.0,0.0,0.0,0.0,0.0,0.0,0.0,0.0,0.0,0.0,0.0,0.0,0.0,0.0,310.76,0.0,0.0,310.76
2/2/2026,2018.0,20190186.0,16597.0,32288.0,"WHITE CLIFFS PIPELINE, LLC",Crude Oil,INTERSTATE,KANSAS,566.415,0.0,566.415,0.0,0.0,0.0,0.0,0.0,0.0,0.0,0.0,0.0,0.0,0.0,0.0,0.0,0.0,0.0,0.0,0.0,0.0,0.0,566.415,0.0,0.0,566.415
2/2/2026,2018.0,20190186.0,16597.0,32288.0,"WHITE CLIFFS PIPELINE, LLC",Crude Oil,INTERSTATE,OKLAHOMA,177.347,0.0,177.347,0.0,0.0,0.0,0.0,0.0,0.0,0.0,0.0,0.0,0.0,0.0,0.0,0.0,0.0,0.0,0.0,0.0,0.0,0.0,177.347,0.0,0.0,177.347
2/2/2026,2018.0,20190126.0,16525.0,32296.0,TARGA RESOURCES OPERATING LLC,Crude Oil,INTRASTATE,NORTH DAKOTA,204.3,0.0,204.3,3.8,0.0,0.0,0.0,3.8,0.0,0.0,0.0,0.0,0.0,0.0,0.0,0.0,0.0,0.0,0.0,0.0,0.0,0.0,208.1,0.0,0.0,208.1
2/2/2026,2018.0,20190126.0,16525.0,32296.0,TARGA RESOURCES OPERATING LLC,Crude Oil,INTRASTATE,TEXAS,0.4,0.0,0.4,0.0,0.0,0.0,0.0,0.0,0.0,0.0,0.0,0.0,0.0,0.0,0.0,0.0,0.0,0.0,0.0,0.0,0.0,0.0,0.4,0.0,0.0,0.4
2/2/2026,2018.0,20190420.0,16851.0,32296.0,TARGA RESOURCES OPERATING LLC,HVL,INTERSTATE,LOUISIANA,20.84,0.0,20.84,0.0,0.0,0.0,0.0,0.0,0.0,0.0,0.0,0.0,0.0,0.0,0.0,0.0,0.0,0.0,0.0,0.0,0.0,0.0,20.84,0.0,0.0,20.84
2/2/2026,2018.0,20190420.0,16851.0,32296.0,TARGA RESOURCES OPERATING LLC,HVL,INTERSTATE,TEXAS,2.26,0.0,2.26,0.0,0.0,0.0,0.0,0.0,0.0,0.0,0.0,0.0,0.0,0.0,0.0,0.0,0.0,0.0,0.0,0.0,0.0,0.0,2.26,0.0,0.0,2.26
2/2/2026,2018.0,20190420.0,16851.0,32296.0,TARGA RESOURCES OPERATING LLC,HVL,INTRASTATE,LOUISIANA,424.24,0.0,424.24,18.72,9.22,0.0,0.0,27.94,0.0,0.0,0.0,0.0,0.0,0.0,0.0,0.0,0.0,0.0,0.0,0.0,0.0,0.0,452.18,0.0,0.0,452.18
2/2/2026,2018.0,20190420.0,16851.0,32296.0,TARGA RESOURCES OPERATING LLC,HVL,INTRASTATE,MISSISSIPPI,0.0,0.0,0.0,0.98,0.0,0.0,0.0,0.98,0.0,0.0,0.0,0.0,0.0,0.0,0.0,0.0,0.0,0.0,0.0,0.0,0.0,0.0,0.98,0.0,0.0,0.98
2/2/2026,2018.0,20190420.0,16851.0,32296.0,TARGA RESOURCES OPERATING LLC,HVL,INTRASTATE,TEXAS,3.85,0.0,3.85,1.0,0.0,0.0,0.0,1.0,0.0,0.0,0.0,0.0,0.0,0.0,0.0,0.0,0.0,0.0,0.0,0.0,0.0,0.0,4.85,0.0,0.0,4.85
2/2/2026,2018.0,20190396.0,16823.0,32296.0,TARGA RESOURCES OPERATING LLC,Refined and/or Petroleum Product (non-HVL),INTRASTATE,LOUISIANA,0.0,0.0,0.0,0.0,1.86,0.0,0.0,1.86,0.0,0.0,0.0,0.0,0.0,0.0,0.0,0.0,0.0,0.0,0.0,0.0,0.0,0.0,1.86,0.0,0.0,1.86
2/2/2026,2018.0,20190106.0,16501.0,32297.0,"LUMEN MIDSTREAM PARTNERSHIP, LLC",HVL,INTRASTATE,OKLAHOMA,13.86,0.0,13.86,0.0,0.0,0.0,0.0,0.0,0.0,0.0,0.0,0.0,0.0,0.0,0.0,0.0,0.0,0.0,0.0,0.0,0.0,0.0,13.86,0.0,0.0,13.86
2/2/2026,2018.0,20190074.0,16467.0,32327.0,TEXAS PIPELINE LLC,HVL,INTRASTATE,TEXAS,54.65,0.0,54.65,0.0,0.0,0.0,0.0,0.0,0.0,0.0,0.0,0.0,0.0,0.0,0.0,0.0,0.0,0.0,0.0,0.0,0.0,0.0,54.65,0.0,0.0,54.65
2/2/2026,2018.0,20190425.0,16856.0,32331.0,"PASADENA REFINING SYSTEM, INC.",Crude Oil,INTRASTATE,TEXAS,0.48,0.0,0.48,1.96,0.0,0.0,0.0,1.96,0.0,0.0,0.0,0.0,0.0,0.0,0.0,0.0,0.0,0.0,0.0,0.0,0.0,0.0,2.44,0.0,0.0,2.44
2/2/2026,2018.0,20190438.0,16869.0,32331.0,"PASADENA REFINING SYSTEM, INC.",HVL,INTRASTATE,TEXAS,5.23,0.0,5.23,0.0,0.0,0.0,0.0,0.0,0.0,0.0,0.0,0.0,0.0,0.0,0.0,0.0,0.0,0.0,0.0,0.0,0.0,0.0,5.23,0.0,0.0,5.23
2/2/2026,2018.0,20190503.0,16934.0,32331.0,"PASADENA REFINING SYSTEM, INC.",Refined and/or Petroleum Product (non-HVL),INTRASTATE,TEXAS,5.23,0.0,5.23,2.781,0.0,0.0,0.0,2.781,0.0,0.0,0.0,0.0,0.0,0.0,0.0,0.0,0.0,0.0,0.0,0.0,0.0,0.0,8.011,0.0,0.0,8.011
2/2/2026,2018.0,20190617.0,17049.0,32334.0,TC OIL PIPELINE OPERATIONS INC,Crude Oil,INTERSTATE,ILLINOIS,58.3,0.0,58.3,0.0,0.0,0.0,0.0,0.0,0.0,0.0,0.0,0.0,0.0,0.0,0.0,0.0,0.0,0.0,0.0,0.0,0.0,0.0,58.3,0.0,0.0,58.3
2/2/2026,2018.0,20190617.0,17049.0,32334.0,TC OIL PIPELINE OPERATIONS INC,Crude Oil,INTERSTATE,KANSAS,310.4,0.0,310.4,0.0,0.0,0.0,0.0,0.0,0.0,0.0,0.0,0.0,0.0,0.0,0.0,0.0,0.0,0.0,0.0,0.0,0.0,0.0,310.4,0.0,0.0,310.4
2/2/2026,2018.0,20190617.0,17049.0,32334.0,TC OIL PIPELINE OPERATIONS INC,Crude Oil,INTERSTATE,MISSOURI,275.8,0.0,275.8,0.0,0.0,0.0,0.0,0.0,0.0,0.0,0.0,0.0,0.0,0.0,0.0,0.0,0.0,0.0,0.0,0.0,0.0,0.0,275.8,0.0,0.0,275.8
2/2/2026,2018.0,20190617.0,17049.0,32334.0,TC OIL PIPELINE OPERATIONS INC,Crude Oil,INTERSTATE,NEBRASKA,217.4,0.0,217.4,0.0,0.0,0.0,0.0,0.0,0.0,0.0,0.0,0.0,0.0,0.0,0.0,0.0,0.0,0.0,0.0,0.0,0.0,0.0,217.4,0.0,0.0,217.4
2/2/2026,2018.0,20190617.0,17049.0,32334.0,TC OIL PIPELINE OPERATIONS INC,Crude Oil,INTERSTATE,NORTH DAKOTA,218.1,0.0,218.1,0.0,0.0,0.0,0.0,0.0,0.0,0.0,0.0,0.0,0.0,0.0,0.0,0.0,0.0,0.0,0.0,0.0,0.0,0.0,218.1,0.0,0.0,218.1
2/2/2026,2018.0,20190617.0,17049.0,32334.0,TC OIL PIPELINE OPERATIONS INC,Crude Oil,INTERSTATE,OKLAHOMA,240.2,0.0,240.2,0.0,1.53,0.0,0.0,1.53,0.0,0.0,0.0,0.0,0.0,0.0,0.0,0.0,0.0,0.0,0.0,0.0,0.0,0.0,241.73,0.0,0.0,241.73
2/2/2026,2018.0,20190617.0,17049.0,32334.0,TC OIL PIPELINE OPERATIONS INC,Crude Oil,INTERSTATE,SOUTH DAKOTA,220.3,0.0,220.3,0.0,0.0,0.0,0.0,0.0,0.0,0.0,0.0,0.0,0.0,0.0,0.0,0.0,0.0,0.0,0.0,0.0,0.0,0.0,220.3,0.0,0.0,220.3
2/2/2026,2018.0,20190617.0,17049.0,32334.0,TC OIL PIPELINE OPERATIONS INC,Crude Oil,INTERSTATE,TEXAS,384.07,0.0,384.07,0.0,0.0,0.0,0.0,0.0,0.0,0.0,0.0,0.0,0.0,0.0,0.0,0.0,0.0,0.0,0.0,0.0,0.0,0.0,384.07,0.0,0.0,384.07
2/2/2026,2018.0,20190178.0,16588.0,32346.0,"TOTAL PETROCHEMICALS PIPELINE USA , INC.",Crude Oil,INTRASTATE,TEXAS,13.6,0.0,13.6,0.0,0.0,0.0,0.0,0.0,0.0,0.0,0.0,0.0,0.0,0.0,0.0,0.0,0.0,0.0,0.0,0.0,0.0,0.0,13.6,0.0,0.0,13.6
2/2/2026,2018.0,20190180.0,16590.0,32346.0,"TOTAL PETROCHEMICALS PIPELINE USA , INC.",HVL,INTRASTATE,TEXAS,11.0,0.0,11.0,0.0,0.0,0.0,0.0,0.0,0.0,0.0,0.0,0.0,0.0,0.0,0.0,0.0,0.0,0.0,0.0,0.0,0.0,0.0,11.0,0.0,0.0,11.0
2/2/2026,2018.0,20190179.0,16589.0,32346.0,"TOTAL PETROCHEMICALS PIPELINE USA , INC.",Refined and/or Petroleum Product (non-HVL),INTRASTATE,TEXAS,14.72,0.0,14.72,0.0,0.0,0.0,0.0,0.0,0.0,0.0,0.0,0.0,0.0,0.0,0.0,0.0,0.0,0.0,0.0,0.0,0.0,0.0,14.72,0.0,0.0,14.72
2/2/2026,2018.0,20190027.0,16397.0,32364.0,"VALERO REFINING-NEW ORLEANS, L.L.C.",Crude Oil,INTRASTATE,LOUISIANA,1.35,0.0,1.35,0.0,0.0,0.0,0.0,0.0,0.0,0.0,0.0,0.0,0.0,0.0,0.0,0.0,0.0,0.0,0.0,0.0,0.0,0.0,1.35,0.0,0.0,1.35
2/2/2026,2018.0,20190028.0,16398.0,32364.0,"VALERO REFINING-NEW ORLEANS, L.L.C.",HVL,INTRASTATE,LOUISIANA,1.56,0.0,1.56,0.0,0.0,0.0,0.0,0.0,0.0,0.0,0.0,0.0,0.0,0.0,0.0,0.0,0.0,0.0,0.0,0.0,0.0,0.0,1.56,0.0,0.0,1.56
2/2/2026,2018.0,20190029.0,17266.0,32364.0,"VALERO REFINING-NEW ORLEANS, L.L.C.",Refined and/or Petroleum Product (non-HVL),INTRASTATE,LOUISIANA,1.62,0.0,1.62,0.0,0.0,0.0,0.0,0.0,0.0,0.0,0.0,0.0,0.0,0.0,0.0,0.0,0.0,0.0,0.0,0.0,0.0,0.0,1.62,0.0,0.0,1.62
2/2/2026,2018.0,20190435.0,16866.0,32365.0,GULFPORT ENERGY CORPORATION,Crude Oil,INTRASTATE,LOUISIANA,0.0,0.0,0.0,0.0,1.788,0.0,0.0,1.788,0.0,0.0,0.0,0.0,0.0,0.0,0.0,0.0,0.0,0.0,0.0,0.0,0.0,0.0,1.788,0.0,0.0,1.788
2/2/2026,2018.0,20190211.0,16623.0,32407.0,"GENESIS PIPELINE TEXAS, L.P.",Crude Oil,INTRASTATE,TEXAS,14.16,0.0,14.16,79.39,0.0,0.0,0.0,79.39,0.0,0.0,0.0,0.0,0.0,0.0,0.0,0.0,0.0,0.0,0.0,0.0,0.0,0.0,93.55,0.0,0.0,93.55
2/2/2026,2018.0,20190212.0,16624.0,32410.0,"GENESIS FREE STATE PIPELINE, LLC",CO2,INTRASTATE,MISSISSIPPI,90.62,0.0,90.62,0.0,0.0,0.0,0.0,0.0,0.0,0.0,0.0,0.0,0.0,0.0,0.0,0.0,0.0,0.0,0.0,0.0,0.0,0.0,90.62,0.0,0.0,90.62
2/2/2026,2018.0,20190213.0,16625.0,32411.0,"GENESIS PIPELINE ALABAMA, LLC",Crude Oil,INTRASTATE,ALABAMA,31.27,0.0,31.27,0.0,0.0,0.0,0.0,0.0,0.0,0.0,0.0,0.0,0.0,0.0,0.0,0.0,0.0,0.0,0.0,0.0,0.0,0.0,31.27,0.0,0.0,31.27
2/2/2026,2018.0,20190347.0,16770.0,32412.0,"MARKWEST LIBERTY MIDSTREAM & RESOURCES, L.L.C.",HVL,INTRASTATE,PENNSYLVANIA,7.21,0.0,7.21,0.0,0.0,0.0,0.0,0.0,0.0,0.0,0.0,0.0,0.0,0.0,0.0,0.0,0.0,0.0,0.0,0.0,0.0,0.0,7.21,0.0,0.0,7.21
2/2/2026,2018.0,20190348.0,16771.0,32414.0,"MARKWEST OKLAHOMA GAS COMPANY, L.L.C.",Crude Oil,INTRASTATE,OKLAHOMA,15.73,0.0,15.73,0.0,0.0,0.0,0.0,0.0,0.0,0.0,0.0,0.0,0.0,0.0,0.0,0.0,0.0,0.0,0.0,0.0,0.0,0.0,15.73,0.0,0.0,15.73
2/2/2026,2018.0,20190607.0,17039.0,32428.0,"INTERCONTINENTAL TERMINAL COMPANY, LLC",HVL,INTRASTATE,TEXAS,3.0,0.0,3.0,0.0,0.0,0.0,0.0,0.0,0.0,0.0,0.0,0.0,0.0,0.0,0.0,0.0,0.0,0.0,0.0,0.0,0.0,0.0,3.0,0.0,0.0,3.0
2/2/2026,2018.0,20190493.0,16924.0,32445.0,SOUTHCROSS NGL PIPELINE LTD.,HVL,INTRASTATE,TEXAS,116.781,0.0,116.781,0.0,0.0,0.0,0.0,0.0,0.0,0.0,0.0,0.0,0.0,0.0,0.0,0.0,0.0,0.0,0.0,0.0,0.0,0.0,116.781,0.0,0.0,116.781
2/2/2026,2018.0,20190132.0,16532.0,32447.0,"HAWTHORN OIL TRANSPORTATION (NORTH DAKOTA), INC.",Crude Oil,INTRASTATE,NORTH DAKOTA,4.08,0.0,4.08,0.0,0.0,0.0,0.0,0.0,0.0,0.0,0.0,0.0,0.0,0.0,0.0,0.0,0.0,0.0,0.0,0.0,0.0,0.0,4.08,0.0,0.0,4.08
2/2/2026,2018.0,20190169.0,16575.0,32450.0,"ROADRUNNER PIPELINE, L.L.C.",Crude Oil,INTERSTATE,NEW MEXICO,22.63,0.0,22.63,0.0,0.0,0.0,0.0,0.0,0.0,0.0,0.0,0.0,0.0,0.0,0.0,0.0,0.0,0.0,0.0,0.0,0.0,0.0,22.63,0.0,0.0,22.63
2/2/2026,2018.0,20190169.0,16575.0,32450.0,"ROADRUNNER PIPELINE, L.L.C.",Crude Oil,INTERSTATE,TEXAS,46.7,0.0,46.7,0.0,0.0,0.0,0.0,0.0,0.0,0.0,0.0,0.0,0.0,0.0,0.0,0.0,0.0,0.0,0.0,0.0,0.0,0.0,46.7,0.0,0.0,46.7
2/2/2026,2018.0,20190575.0,17140.0,32453.0,BHP BILLITON PETROLEUM (EAGLE FORD GATHERING) LLC,Refined and/or Petroleum Product (non-HVL),INTRASTATE,TEXAS,192.61,0.0,192.61,0.0,0.0,0.0,0.0,0.0,0.0,0.0,0.0,0.0,0.0,0.0,0.0,0.0,0.0,0.0,0.0,0.0,0.0,0.0,192.61,0.0,0.0,192.61
2/2/2026,2018.0,20190061.0,16454.0,32454.0,"DRY TRAILS MIDSTREAM ENERGY, LLC",HVL,INTERSTATE,KANSAS,2.32,0.0,2.32,0.0,0.0,0.0,0.0,0.0,0.0,0.0,0.0,0.0,0.0,0.0,0.0,0.0,0.0,0.0,0.0,0.0,0.0,0.0,2.32,0.0,0.0,2.32
2/2/2026,2018.0,20190061.0,16454.0,32454.0,"DRY TRAILS MIDSTREAM ENERGY, LLC",HVL,INTERSTATE,OKLAHOMA,43.26,0.0,43.26,0.0,0.0,0.0,0.0,0.0,0.0,0.0,0.0,0.0,0.0,0.0,0.0,0.0,0.0,0.0,0.0,0.0,0.0,0.0,43.26,0.0,0.0,43.26
2/2/2026,2018.0,20190652.0,17108.0,32473.0,OP RENO LLC,Refined and/or Petroleum Product (non-HVL),INTRASTATE,NEVADA,0.0,0.0,0.0,0.0,0.0,0.0,0.0,0.0,0.0,0.0,0.0,0.0,0.0,0.0,0.0,0.0,0.0,0.0,0.0,0.0,0.0,0.0,0.0,0.0,0.0,0.0
2/2/2026,2018.0,20190527.0,16958.0,32476.0,"TREETOP MIDSTREAM SERVICES, LLC",CO2,INTRASTATE,MISSISSIPPI,0.265,0.0,0.265,0.0,0.0,0.0,0.0,0.0,0.0,0.0,0.0,0.0,0.0,0.0,0.0,0.0,0.0,0.0,0.0,0.0,0.0,0.0,0.265,0.0,0.0,0.265
2/2/2026,2018.0,20190135.0,16536.0,32481.0,"BKEP CRUDE, LLC",Refined and/or Petroleum Product (non-HVL),INTRASTATE,TEXAS,1.7,0.0,1.7,0.0,0.0,0.0,0.0,0.0,0.0,0.0,0.0,0.0,0.0,0.0,0.0,0.0,0.0,0.0,0.0,0.0,0.0,0.0,1.7,0.0,0.0,1.7
2/2/2026,2018.0,20190669.0,17148.0,32483.0,"BRIDGER LAKE, LLC",Crude Oil,INTRASTATE,WYOMING,25.3,0.0,25.3,0.0,0.0,0.0,0.0,0.0,0.0,0.0,0.0,0.0,0.0,0.0,0.0,0.0,0.0,0.0,0.0,0.0,0.0,0.0,25.3,0.0,0.0,25.3
2/2/2026,2018.0,20190119.0,16517.0,32488.0,"ENI US OPERATING CO, INC",Crude Oil,INTRASTATE,ALASKA,0.0,0.0,0.0,0.0,13.8,3.6,0.0,17.4,0.0,0.0,0.0,0.0,0.0,0.0,0.0,0.0,0.0,0.0,0.0,0.0,0.0,0.0,13.8,3.6,0.0,17.4
2/2/2026,2018.0,20190214.0,16626.0,32492.0,"GENESIS CRUDE OIL, L.P.",Crude Oil,INTRASTATE,LOUISIANA,1.87,0.0,1.87,0.0,0.32,0.0,0.0,0.32,0.0,0.0,0.0,0.0,0.0,0.0,0.0,0.0,0.0,0.0,0.0,0.0,0.0,0.0,2.19,0.0,0.0,2.19
2/2/2026,2018.0,20190171.0,16577.0,32493.0,"UNEV PIPELINE, LLC",Refined and/or Petroleum Product (non-HVL),INTERSTATE,NEVADA,70.88,0.0,70.88,0.0,0.0,0.0,0.0,0.0,0.0,0.0,0.0,0.0,0.0,0.0,0.0,0.0,0.0,0.0,0.0,0.0,0.0,0.0,70.88,0.0,0.0,70.88
2/2/2026,2018.0,20190171.0,16577.0,32493.0,"UNEV PIPELINE, LLC",Refined and/or Petroleum Product (non-HVL),INTERSTATE,UTAH,355.64,0.0,355.64,0.0,0.0,0.0,0.0,0.0,0.0,0.0,0.0,0.0,0.0,0.0,0.0,0.0,0.0,0.0,0.0,0.0,0.0,0.0,355.64,0.0,0.0,355.64
2/2/2026,2018.0,20190543.0,16974.0,32495.0,"DELAWARE PIPELINE COMPANY, LLC",Refined and/or Petroleum Product (non-HVL),INTERSTATE,DELAWARE,20.26,0.0,20.26,0.0,0.0,0.0,0.0,0.0,0.0,0.0,0.0,0.0,0.0,0.0,0.0,0.0,0.0,0.0,0.0,0.0,0.0,0.0,20.26,0.0,0.0,20.26
2/2/2026,2018.0,20190543.0,16974.0,32495.0,"DELAWARE PIPELINE COMPANY, LLC",Refined and/or Petroleum Product (non-HVL),INTERSTATE,PENNSYLVANIA,3.14,0.0,3.14,0.0,0.0,0.0,0.0,0.0,0.0,0.0,0.0,0.0,0.0,0.0,0.0,0.0,0.0,0.0,0.0,0.0,0.0,0.0,3.14,0.0,0.0,3.14
2/2/2026,2018.0,20190448.0,16879.0,32502.0,ENBRIDGE PIPELINES (SOUTHERN LIGHTS) L.L.C.,Refined and/or Petroleum Product (non-HVL),INTERSTATE,ILLINOIS,146.03,0.0,146.03,0.0,0.0,0.0,0.0,0.0,0.0,0.0,0.0,0.0,0.0,0.0,0.0,0.0,0.0,0.0,0.0,0.0,0.0,0.0,146.03,0.0,0.0,146.03
2/2/2026,2018.0,20190448.0,16879.0,32502.0,ENBRIDGE PIPELINES (SOUTHERN LIGHTS) L.L.C.,Refined and/or Petroleum Product (non-HVL),INTERSTATE,MINNESOTA,284.85,0.0,284.85,0.0,0.0,0.0,0.0,0.0,0.0,0.0,0.0,0.0,0.0,0.0,0.0,0.0,0.0,0.0,0.0,0.0,0.0,0.0,284.85,0.0,0.0,284.85
2/2/2026,2018.0,20190448.0,16879.0,32502.0,ENBRIDGE PIPELINES (SOUTHERN LIGHTS) L.L.C.,Refined and/or Petroleum Product (non-HVL),INTERSTATE,NORTH DAKOTA,27.99,0.0,27.99,0.0,0.0,0.0,0.0,0.0,0.0,0.0,0.0,0.0,0.0,0.0,0.0,0.0,0.0,0.0,0.0,0.0,0.0,0.0,27.99,0.0,0.0,27.99
2/2/2026,2018.0,20190448.0,16879.0,32502.0,ENBRIDGE PIPELINES (SOUTHERN LIGHTS) L.L.C.,Refined and/or Petroleum Product (non-HVL),INTERSTATE,WISCONSIN,358.38,0.0,358.38,0.0,0.0,0.0,0.0,0.0,0.0,0.0,0.0,0.0,0.0,0.0,0.0,0.0,0.0,0.0,0.0,0.0,0.0,0.0,358.38,0.0,0.0,358.38
2/2/2026,2018.0,20190222.0,16634.0,32503.0,"CALUMET SHREVEPORT FUELS, LLC",Crude Oil,INTRASTATE,LOUISIANA,0.0,0.0,0.0,6.35,0.0,0.0,0.0,6.35,0.0,0.0,0.0,0.0,0.0,0.0,0.0,0.0,0.0,0.0,0.0,0.0,0.0,0.0,6.35,0.0,0.0,6.35
2/2/2026,2018.0,20193687.0,16344.0,32520.0,CITY OF BANGOR,Refined and/or Petroleum Product (non-HVL),INTRASTATE,MAINE,0.0,0.0,0.0,0.0,0.934,0.0,0.0,0.934,0.0,0.0,0.0,0.0,0.0,0.0,0.0,0.0,0.0,0.0,0.0,0.0,0.0,0.0,0.934,0.0,0.0,0.934
2/2/2026,2018.0,20190049.0,16434.0,32522.0,NRG OSWEGO HARBOR POWER,Refined and/or Petroleum Product (non-HVL),INTRASTATE,NEW YORK,0.0,0.0,0.0,4.2,0.0,0.0,0.0,4.2,0.0,0.0,0.0,0.0,0.0,0.0,0.0,0.0,0.0,0.0,0.0,0.0,0.0,0.0,4.2,0.0,0.0,4.2
2/2/2026,2018.0,20190014.0,16376.0,32526.0,COWTOWN PIPELINE PARTNERS L.P.,HVL,INTRASTATE,TEXAS,26.98,0.0,26.98,0.0,0.0,0.0,0.0,0.0,0.0,0.0,0.0,0.0,0.0,0.0,0.0,0.0,0.0,0.0,0.0,0.0,0.0,0.0,26.98,0.0,0.0,26.98
2/2/2026,2018.0,20190397.0,16824.0,32532.0,"ENERGY XXI PIPELINE, LLC",Crude Oil,INTERSTATE,LOUISIANA,10.55,31.21,41.76,0.0,0.74,7.63,0.0,8.37,0.0,0.0,0.0,0.0,0.0,0.0,0.0,0.0,0.0,0.0,0.0,0.0,0.0,0.0,11.29,38.84,0.0,50.13
2/2/2026,2018.0,20190397.0,16824.0,32532.0,"ENERGY XXI PIPELINE, LLC",Crude Oil,INTERSTATE,OCS-Gulf of Mexico,0.0,246.53,246.53,0.0,0.0,8.14,0.0,8.14,0.0,0.0,0.0,0.0,0.0,0.0,0.0,0.0,0.0,0.0,0.0,0.0,0.0,0.0,0.0,254.67,0.0,254.67
2/2/2026,2018.0,20190397.0,16824.0,32532.0,"ENERGY XXI PIPELINE, LLC",Crude Oil,INTRASTATE,LOUISIANA,0.0,6.53,6.53,0.0,0.0,0.0,0.0,0.0,0.0,0.0,0.0,0.0,0.0,0.0,0.0,0.0,0.0,0.0,0.0,0.0,0.0,0.0,0.0,6.53,0.0,6.53
2/2/2026,2018.0,20190655.0,17195.0,32537.0,WYOMING PIPELINE COMPANY,Crude Oil,INTRASTATE,WYOMING,0.0,0.0,0.0,1.5,48.148,0.0,0.0,49.648,0.0,0.0,0.0,0.0,0.0,0.0,0.0,0.0,0.0,0.0,0.0,0.0,0.0,0.0,49.648,0.0,0.0,49.648
2/2/2026,2018.0,20190270.0,16687.0,32540.0,ELECTRAGAS INC.,Crude Oil,INTRASTATE,TEXAS,0.0,0.0,0.0,0.0,0.0,3.33,0.0,3.33,0.0,0.0,0.0,0.0,0.0,0.0,0.0,0.0,0.0,0.0,0.0,0.0,0.0,0.0,0.0,3.33,0.0,3.33
2/2/2026,2018.0,20190304.0,16725.0,32541.0,"COPANO NGL SERVICES (MARKHAM), LLC",HVL,INTRASTATE,TEXAS,153.11,0.0,153.11,0.0,0.0,0.0,0.0,0.0,0.0,0.0,0.0,0.0,0.0,0.0,0.0,0.0,0.0,0.0,0.0,0.0,0.0,0.0,153.11,0.0,0.0,153.11
2/2/2026,2018.0,20190387.0,18915.0,32543.0,"DENBURY GREEN PIPELINE-TEXAS, LLC",CO2,INTERSTATE,TEXAS,131.15,0.0,131.15,0.0,0.0,0.0,0.0,0.0,0.0,0.0,0.0,0.0,0.0,0.0,0.0,0.0,0.0,0.0,0.0,0.0,0.0,0.0,131.15,0.0,0.0,131.15
2/2/2026,2018.0,20190387.0,18915.0,32543.0,"DENBURY GREEN PIPELINE-TEXAS, LLC",CO2,INTRASTATE,TEXAS,12.9,0.0,12.9,0.0,0.0,0.0,0.0,0.0,0.0,0.0,0.0,0.0,0.0,0.0,0.0,0.0,0.0,0.0,0.0,0.0,0.0,0.0,12.9,0.0,0.0,12.9
2/2/2026,2018.0,20190388.0,16815.0,32545.0,"DENBURY GULF COAST PIPELINES, LLC",CO2,INTERSTATE,LOUISIANA,239.38,0.0,239.38,0.0,0.0,0.0,0.0,0.0,0.0,0.0,0.0,0.0,0.0,0.0,0.0,0.0,0.0,0.0,0.0,0.0,0.0,0.0,239.38,0.0,0.0,239.38
2/2/2026,2018.0,20190388.0,16815.0,32545.0,"DENBURY GULF COAST PIPELINES, LLC",CO2,INTERSTATE,MISSISSIPPI,139.49,0.0,139.49,0.0,0.0,0.0,0.0,0.0,0.0,0.0,0.0,0.0,0.0,0.0,0.0,0.0,0.0,0.0,0.0,0.0,0.0,0.0,139.49,0.0,0.0,139.49
2/2/2026,2018.0,20190134.0,16535.0,32551.0,"BKEP PIPELINE, LLC",Crude Oil,INTERSTATE,OKLAHOMA,0.0,0.0,0.0,0.0,7.1,0.0,0.0,7.1,0.0,0.0,0.0,0.0,0.0,0.0,0.0,0.0,0.0,0.0,0.0,0.0,0.0,0.0,7.1,0.0,0.0,7.1
2/2/2026,2018.0,20190134.0,16535.0,32551.0,"BKEP PIPELINE, LLC",Crude Oil,INTERSTATE,TEXAS,0.0,0.0,0.0,9.2,0.0,0.0,0.0,9.2,0.0,0.0,0.0,0.0,0.0,0.0,0.0,0.0,0.0,0.0,0.0,0.0,0.0,0.0,9.2,0.0,0.0,9.2
2/2/2026,2018.0,20190134.0,16535.0,32551.0,"BKEP PIPELINE, LLC",Crude Oil,INTRASTATE,OKLAHOMA,490.0,0.0,490.0,12.7,82.0,0.0,0.0,94.7,0.0,0.0,0.0,0.0,0.0,0.0,0.0,0.0,0.0,0.0,0.0,0.0,0.0,0.0,584.7,0.0,0.0,584.7
2/2/2026,2018.0,20190085.0,17161.0,32559.0,"ALON USA KROTZ SPRINGS REFINERY, INC",HVL,INTRASTATE,LOUISIANA,13.3,0.0,13.3,0.0,0.0,0.0,0.0,0.0,0.0,0.0,0.0,0.0,0.0,0.0,0.0,0.0,0.0,0.0,0.0,0.0,0.0,0.0,13.3,0.0,0.0,13.3
2/2/2026,2018.0,20190086.0,16480.0,32559.0,"ALON USA KROTZ SPRINGS REFINERY, INC",Refined and/or Petroleum Product (non-HVL),INTRASTATE,LOUISIANA,0.0,0.0,0.0,0.0,2.8,0.0,0.0,2.8,0.0,0.0,0.0,0.0,0.0,0.0,0.0,0.0,0.0,0.0,0.0,0.0,0.0,0.0,2.8,0.0,0.0,2.8
2/2/2026,2018.0,20190390.0,16817.0,32566.0,GREENCORE PIPELINE COMPANY LLC,CO2,INTERSTATE,MONTANA,8.73,0.0,8.73,0.0,0.0,0.0,0.0,0.0,0.0,0.0,0.0,0.0,0.0,0.0,0.0,0.0,0.0,0.0,0.0,0.0,0.0,0.0,8.73,0.0,0.0,8.73
2/2/2026,2018.0,20190390.0,16817.0,32566.0,GREENCORE PIPELINE COMPANY LLC,CO2,INTERSTATE,WYOMING,222.75,0.0,222.75,0.0,0.0,0.0,0.0,0.0,0.0,0.0,0.0,0.0,0.0,0.0,0.0,0.0,0.0,0.0,0.0,0.0,0.0,0.0,222.75,0.0,0.0,222.75
2/2/2026,2018.0,20190390.0,16817.0,32566.0,GREENCORE PIPELINE COMPANY LLC,CO2,INTRASTATE,WYOMING,3.43,0.0,3.43,0.0,0.0,0.0,0.0,0.0,0.0,0.0,0.0,0.0,0.0,0.0,0.0,0.0,0.0,0.0,0.0,0.0,0.0,0.0,3.43,0.0,0.0,3.43
2/2/2026,2018.0,20190192.0,16603.0,32572.0,"TOLEDO REFINING COMPANY, LLC",Crude Oil,INTRASTATE,OHIO,0.0,0.0,0.0,0.0,0.0,0.0,0.0,0.0,0.0,0.0,0.0,0.0,0.0,0.0,0.0,0.0,0.0,0.0,0.0,0.0,0.0,0.0,0.0,0.0,0.0,0.0
2/2/2026,2018.0,20190191.0,16602.0,32572.0,"TOLEDO REFINING COMPANY, LLC",Refined and/or Petroleum Product (non-HVL),INTRASTATE,OHIO,4.18,0.0,4.18,0.0,0.0,0.0,0.0,0.0,0.0,0.0,0.0,0.0,0.0,0.0,0.0,0.0,0.0,0.0,0.0,0.0,0.0,0.0,4.18,0.0,0.0,4.18
2/2/2026,2018.0,20190526.0,16957.0,32575.0,"DEEPROCK OIL OPERATING, LLC",Crude Oil,INTRASTATE,OKLAHOMA,0.0,0.0,0.0,0.0,1.0,0.0,0.0,1.0,0.0,0.0,0.0,0.0,0.0,12.25,0.0,0.0,12.25,0.0,0.0,0.0,0.0,0.0,13.25,0.0,0.0,13.25
2/2/2026,2018.0,20190006.0,16361.0,32576.0,CRESTWOOD PANHANDLE PIPELINE LLC,HVL,INTRASTATE,TEXAS,16.76,0.0,16.76,0.0,0.0,0.0,0.0,0.0,0.0,0.0,0.0,0.0,0.0,0.0,0.0,0.0,0.0,0.0,0.0,0.0,0.0,0.0,16.76,0.0,0.0,16.76
2/2/2026,2018.0,20220512.0,19511.0,32590.0,"EASTMAN GAS COMPANY, LLC",Crude Oil,INTRASTATE,TEXAS,0.0,0.0,0.0,0.0,190.0,0.0,0.0,190.0,0.0,0.0,0.0,0.0,0.0,0.0,0.0,0.0,0.0,0.0,0.0,0.0,0.0,0.0,190.0,0.0,0.0,190.0
2/2/2026,2018.0,20190078.0,16472.0,32595.0,"HIGH POINT GAS GATHERING, LLC",Crude Oil,INTRASTATE,OCS-Gulf of Mexico,0.0,6.145,6.145,0.0,0.0,0.0,0.0,0.0,0.0,0.0,0.0,0.0,0.0,0.0,0.0,0.0,0.0,0.0,0.0,0.0,0.0,0.0,0.0,6.145,0.0,6.145
2/2/2026,2018.0,20190467.0,16898.0,32597.0,"ENLINK PERMIAN II, LLC",HVL,INTRASTATE,TEXAS,16.872,0.0,16.872,0.0,0.0,0.0,0.0,0.0,0.0,0.0,0.0,0.0,0.0,0.0,0.0,0.0,0.0,0.0,0.0,0.0,0.0,0.0,16.872,0.0,0.0,16.872
2/2/2026,2018.0,20190032.0,16402.0,32599.0,"MCLEAN GAS PROCESSING, LLC",HVL,INTRASTATE,TEXAS,21.0,0.0,21.0,0.0,0.0,0.0,0.0,0.0,0.0,0.0,0.0,0.0,0.0,0.0,0.0,0.0,0.0,0.0,0.0,0.0,0.0,0.0,21.0,0.0,0.0,21.0
2/2/2026,2018.0,20190408.0,16839.0,32606.0,"BOARDWALK FIELD SERVICES, LLC",HVL,INTRASTATE,TEXAS,2.4,0.0,2.4,0.0,0.0,0.0,0.0,0.0,0.0,0.0,0.0,0.0,0.0,0.0,0.0,0.0,0.0,0.0,0.0,0.0,0.0,0.0,2.4,0.0,0.0,2.4
2/2/2026,2018.0,20190326.0,16789.0,32614.0,"WILLIAMS OLEFINS FEEDSTOCK PIPELINES, LLC",Crude Oil,INTRASTATE,TEXAS,0.15,0.0,0.15,0.0,0.0,0.0,0.0,0.0,0.0,0.0,0.0,0.0,0.0,0.0,0.0,0.0,0.0,0.0,0.0,0.0,0.0,0.0,0.15,0.0,0.0,0.15
2/2/2026,2018.0,20190325.0,16792.0,32614.0,"WILLIAMS OLEFINS FEEDSTOCK PIPELINES, LLC",HVL,INTERSTATE,LOUISIANA,28.08,0.0,28.08,0.0,0.0,0.0,0.0,0.0,53.21,0.0,0.0,0.0,53.21,0.0,0.0,0.0,0.0,0.0,0.0,0.0,0.0,0.0,81.29,0.0,0.0,81.29
2/2/2026,2018.0,20190325.0,16792.0,32614.0,"WILLIAMS OLEFINS FEEDSTOCK PIPELINES, LLC",HVL,INTERSTATE,TEXAS,88.89,0.0,88.89,0.0,0.0,0.0,0.0,0.0,2.14,0.0,0.0,0.0,2.14,0.0,0.0,0.0,0.0,0.0,0.0,0.0,0.0,0.0,91.03,0.0,0.0,91.03
2/2/2026,2018.0,20190325.0,16792.0,32614.0,"WILLIAMS OLEFINS FEEDSTOCK PIPELINES, LLC",HVL,INTRASTATE,TEXAS,31.76,0.0,31.76,15.94,0.0,0.0,0.0,15.94,252.51,0.0,0.0,0.0,252.51,0.0,0.0,0.0,0.0,0.14,0.0,0.0,0.0,0.14,300.35,0.0,0.0,300.35
2/2/2026,2018.0,20190334.0,16757.0,32614.0,"WILLIAMS OLEFINS FEEDSTOCK PIPELINES, LLC",Refined and/or Petroleum Product (non-HVL),INTRASTATE,TEXAS,31.66,0.0,31.66,0.0,0.0,0.0,0.0,0.0,0.51,0.0,0.0,0.0,0.51,0.0,0.0,0.0,0.0,0.0,0.0,0.0,0.0,0.0,32.17,0.0,0.0,32.17
2/2/2026,2018.0,20190412.0,16843.0,32619.0,"HILAND CRUDE, LLC",Crude Oil,INTRASTATE,NORTH DAKOTA,258.1,0.0,258.1,0.0,0.0,0.0,0.0,0.0,0.0,0.0,0.0,0.0,0.0,0.0,0.0,0.0,0.0,0.0,0.0,0.0,0.0,0.0,258.1,0.0,0.0,258.1
2/2/2026,2018.0,20190468.0,16899.0,32634.0,"ENLINK PERMIAN, LLC",HVL,INTRASTATE,NEW MEXICO,2.701,0.0,2.701,0.0,0.0,0.0,0.0,0.0,0.0,0.0,0.0,0.0,0.0,0.0,0.0,0.0,0.0,0.0,0.0,0.0,0.0,0.0,2.701,0.0,0.0,2.701
2/2/2026,2018.0,20190468.0,16899.0,32634.0,"ENLINK PERMIAN, LLC",HVL,INTRASTATE,TEXAS,7.548,0.0,7.548,0.0,0.0,0.0,0.0,0.0,0.0,0.0,0.0,0.0,0.0,0.0,0.0,0.0,0.0,0.0,0.0,0.0,0.0,0.0,7.548,0.0,0.0,7.548
2/2/2026,2018.0,20190157.0,16562.0,32643.0,"LT PIPELINE, INC.",Crude Oil,INTRASTATE,CALIFORNIA,0.0,0.0,0.0,5.3,0.0,0.0,0.0,5.3,0.0,0.0,0.0,0.0,0.0,0.0,0.0,0.0,0.0,0.0,0.0,0.0,0.0,0.0,5.3,0.0,0.0,5.3
2/2/2026,2018.0,20190039.0,20674.0,32650.0,LEMM CORPORATION - OPERATIONS,HVL,INTRASTATE,TENNESSEE,0.0,0.0,0.0,9.1,0.0,0.0,0.0,9.1,0.0,0.0,0.0,0.0,0.0,0.0,0.0,0.0,0.0,0.0,0.0,0.0,0.0,0.0,9.1,0.0,0.0,9.1
2/2/2026,2018.0,20190123.0,16521.0,32652.0,PETROSANTANDER (USA) INC.,CO2,INTRASTATE,KANSAS,14.2,0.0,14.2,0.0,0.0,0.0,0.0,0.0,0.0,0.0,0.0,0.0,0.0,0.0,0.0,0.0,0.0,0.0,0.0,0.0,0.0,0.0,14.2,0.0,0.0,14.2
2/2/2026,2018.0,20190272.0,16689.0,32678.0,KINDER MORGAN CRUDE AND CONDENSATE LLC,Crude Oil,INTRASTATE,TEXAS,265.38,0.0,265.38,0.0,0.0,0.0,0.0,0.0,0.0,0.0,0.0,0.0,0.0,0.0,0.0,0.0,0.0,0.0,0.0,0.0,0.0,0.0,265.38,0.0,0.0,265.38
2/2/2026,2018.0,20190529.0,16960.0,32682.0,"GREENLEAF CO2 SOLUTIONS, LLC",CO2,INTRASTATE,MISSISSIPPI,5.1,0.0,5.1,0.0,0.0,0.0,0.0,0.0,0.0,0.0,0.0,0.0,0.0,0.0,0.0,0.0,0.0,0.0,0.0,0.0,0.0,0.0,5.1,0.0,0.0,5.1
2/2/2026,2018.0,20190330.0,16753.0,32683.0,INLAND CORPORATION,Refined and/or Petroleum Product (non-HVL),INTERSTATE,OHIO,598.88,0.0,598.88,1.6,0.0,0.0,0.0,1.6,0.0,0.0,0.0,0.0,0.0,0.0,0.0,0.0,0.0,0.0,0.0,0.0,0.0,0.0,600.48,0.0,0.0,600.48
2/2/2026,2018.0,20190276.0,16694.0,32688.0,WEST COAST TERMINAL PIPELINE  (WCTP),Crude Oil,INTRASTATE,CALIFORNIA,0.57,0.0,0.57,0.33,0.0,0.0,0.0,0.33,0.0,0.0,0.0,0.0,0.0,0.0,0.0,0.0,0.0,0.0,0.0,0.0,0.0,0.0,0.9,0.0,0.0,0.9
2/2/2026,2018.0,20190277.0,16695.0,32688.0,WEST COAST TERMINAL PIPELINE  (WCTP),Refined and/or Petroleum Product (non-HVL),INTERSTATE,OREGON,8.46,0.0,8.46,0.0,0.0,0.0,0.0,0.0,0.0,0.0,0.0,0.0,0.0,0.0,0.0,0.0,0.0,0.0,0.0,0.0,0.0,0.0,8.46,0.0,0.0,8.46
2/2/2026,2018.0,20190277.0,16695.0,32688.0,WEST COAST TERMINAL PIPELINE  (WCTP),Refined and/or Petroleum Product (non-HVL),INTRASTATE,CALIFORNIA,29.13,0.0,29.13,0.0,0.0,0.0,0.0,0.0,0.0,0.0,0.0,0.0,0.0,0.0,0.0,0.0,0.0,0.0,0.0,0.0,0.0,0.0,29.13,0.0,0.0,29.13
2/2/2026,2018.0,20190305.0,16726.0,38887.0,IMTT EPIC LLC,Refined and/or Petroleum Product (non-HVL),INTERSTATE,NEW MEXICO,68.37,0.0,68.37,0.0,0.0,0.0,0.0,0.0,0.0,0.0,0.0,0.0,0.0,0.0,0.0,0.0,0.0,0.0,0.0,0.0,0.0,0.0,68.37,0.0,0.0,68.37
2/2/2026,2018.0,20190305.0,16726.0,38887.0,IMTT EPIC LLC,Refined and/or Petroleum Product (non-HVL),INTERSTATE,TEXAS,4.6,0.0,4.6,0.0,0.0,0.0,0.0,0.0,0.0,0.0,0.0,0.0,0.0,0.0,0.0,0.0,0.0,0.0,0.0,0.0,0.0,0.0,4.6,0.0,0.0,4.6
2/2/2026,2018.0,20190305.0,16726.0,38887.0,IMTT EPIC LLC,Refined and/or Petroleum Product (non-HVL),INTRASTATE,GEORGIA,0.0,0.0,0.0,9.08,8.05,0.0,0.0,17.13,0.0,0.0,0.0,0.0,0.0,0.0,0.0,0.0,0.0,0.0,0.0,0.0,0.0,0.0,17.13,0.0,0.0,17.13
2/2/2026,2018.0,20190236.0,16649.0,38893.0,PTE PIPELINE LLC,Crude Oil,INTERSTATE,ALASKA,22.25,0.0,22.25,0.0,0.0,0.0,0.0,0.0,0.0,0.0,0.0,0.0,0.0,0.0,0.0,0.0,0.0,0.0,0.0,0.0,0.0,0.0,22.25,0.0,0.0,22.25
2/2/2026,2018.0,20190215.0,16627.0,38894.0,"THUNDER BASIN PIPELINE, LLC",Crude Oil,INTRASTATE,WYOMING,0.0,0.0,0.0,0.0,44.58,0.0,0.0,44.58,0.0,0.0,0.0,0.0,0.0,0.0,0.0,0.0,0.0,0.0,0.0,0.0,0.0,0.0,44.58,0.0,0.0,44.58
2/2/2026,2018.0,20190278.0,16696.0,38895.0,KINDER MORGAN SOUTHEAST TERMINALS,Refined and/or Petroleum Product (non-HVL),INTRASTATE,NORTH CAROLINA,3.79,0.0,3.79,0.0,0.0,0.0,0.0,0.0,0.0,0.0,0.0,0.0,0.0,0.0,0.0,0.0,0.0,0.0,0.0,0.0,0.0,0.0,3.79,0.0,0.0,3.79
2/2/2026,2018.0,20190278.0,16696.0,38895.0,KINDER MORGAN SOUTHEAST TERMINALS,Refined and/or Petroleum Product (non-HVL),INTRASTATE,VIRGINIA,0.0,0.0,0.0,0.0,0.0,0.0,0.0,0.0,0.0,0.0,0.0,0.0,0.0,0.0,0.0,0.0,0.0,0.0,0.0,0.0,0.0,0.0,0.0,0.0,0.0,0.0
2/2/2026,2018.0,20190657.0,17115.0,38899.0,"BREITBURN MANAGEMENT COMPANY, LLC",Crude Oil,INTRASTATE,CALIFORNIA,0.0,0.0,0.0,0.44,0.0,0.0,0.0,0.44,0.0,0.0,0.0,0.0,0.0,0.0,0.0,0.0,0.0,0.0,0.0,0.0,0.0,0.0,0.44,0.0,0.0,0.44
2/2/2026,2018.0,20190007.0,16362.0,38919.0,LEGACY RESERVES OPERATING LP,Crude Oil,INTRASTATE,WYOMING,0.0,0.0,0.0,0.0,11.4,0.0,0.0,11.4,0.0,0.0,0.0,0.0,0.0,0.0,0.0,0.0,0.0,0.0,0.0,0.0,0.0,0.0,11.4,0.0,0.0,11.4
2/2/2026,2018.0,20190501.0,16932.0,38922.0,MIPC LLC,HVL,INTRASTATE,PENNSYLVANIA,0.0,0.0,0.0,0.28,0.0,0.0,0.0,0.28,0.0,0.0,0.0,0.0,0.0,0.0,0.0,0.0,0.0,0.0,0.0,0.0,0.0,0.0,0.28,0.0,0.0,0.28
2/2/2026,2018.0,20190507.0,17202.0,38922.0,MIPC LLC,Refined and/or Petroleum Product (non-HVL),INTERSTATE,NEW JERSEY,4.155,0.0,4.155,1.78,0.0,0.0,0.0,1.78,0.0,0.0,0.0,0.0,0.0,0.0,0.0,0.0,0.0,0.0,0.0,0.0,0.0,0.0,5.935,0.0,0.0,5.935
2/2/2026,2018.0,20190507.0,17202.0,38922.0,MIPC LLC,Refined and/or Petroleum Product (non-HVL),INTERSTATE,PENNSYLVANIA,37.24,0.0,37.24,8.43,0.0,0.0,0.0,8.43,0.0,0.0,0.0,0.0,0.0,0.0,0.0,0.0,0.0,0.0,0.0,0.0,0.0,0.0,45.67,0.0,0.0,45.67
2/2/2026,2018.0,20190578.0,17126.0,38924.0,NGL CRUDE TERMINALS,Crude Oil,INTRASTATE,COLORADO,0.0,0.0,0.0,19.0,0.0,0.0,0.0,19.0,0.0,0.0,0.0,0.0,0.0,0.0,0.0,0.0,0.0,0.0,0.0,0.0,0.0,0.0,19.0,0.0,0.0,19.0
2/2/2026,2018.0,20190578.0,17126.0,38924.0,NGL CRUDE TERMINALS,Crude Oil,INTRASTATE,LOUISIANA,0.0,0.0,0.0,2.0,0.0,0.0,0.0,2.0,0.0,0.0,0.0,0.0,0.0,0.0,0.0,0.0,0.0,0.0,0.0,0.0,0.0,0.0,2.0,0.0,0.0,2.0
2/2/2026,2018.0,20190578.0,17126.0,38924.0,NGL CRUDE TERMINALS,Crude Oil,INTRASTATE,OKLAHOMA,0.0,0.0,0.0,0.0,11.5,0.0,0.0,11.5,0.0,7.0,0.0,0.0,7.0,0.0,0.0,0.0,0.0,0.0,22.0,0.0,0.0,22.0,40.5,0.0,0.0,40.5
2/2/2026,2018.0,20190342.0,16765.0,38926.0,BLACK BEAR MIDSTREAM LLC,HVL,INTRASTATE,LOUISIANA,40.1,0.0,40.1,0.0,0.0,0.0,0.0,0.0,0.0,0.0,0.0,0.0,0.0,0.0,0.0,0.0,0.0,0.0,0.0,0.0,0.0,0.0,40.1,0.0,0.0,40.1
2/2/2026,2018.0,20190091.0,16485.0,38930.0,"PATOKA TERMINAL COMPANY, LLC",Crude Oil,INTRASTATE,ILLINOIS,0.0,0.0,0.0,0.0,0.45,0.0,0.0,0.45,0.0,0.0,0.0,0.0,0.0,0.0,0.0,0.0,0.0,0.0,0.0,0.0,0.0,0.0,0.45,0.0,0.0,0.45
2/2/2026,2018.0,20190589.0,17020.0,38931.0,TABULA RASA ENERGY LLC,CO2,INTRASTATE,COLORADO,0.0,0.0,0.0,15.263,0.0,0.0,0.0,15.263,0.0,0.0,0.0,0.0,0.0,0.0,0.0,0.0,0.0,0.0,0.0,0.0,0.0,0.0,15.263,0.0,0.0,15.263
2/2/2026,2018.0,20190589.0,17020.0,38931.0,TABULA RASA ENERGY LLC,CO2,INTRASTATE,TEXAS,0.0,0.0,0.0,14.235,0.0,0.0,0.0,14.235,0.0,0.0,0.0,0.0,0.0,0.0,0.0,0.0,0.0,0.0,0.0,0.0,0.0,0.0,14.235,0.0,0.0,14.235
2/2/2026,2018.0,20190472.0,17217.0,38933.0,"TESORO LOGISTICS OPERATIONS, LLC",Crude Oil,INTERSTATE,COLORADO,124.2,0.0,124.2,0.0,0.0,0.0,0.0,0.0,0.0,0.0,0.0,0.0,0.0,0.0,0.0,0.0,0.0,0.0,0.0,0.0,0.0,0.0,124.2,0.0,0.0,124.2
2/2/2026,2018.0,20190472.0,17217.0,38933.0,"TESORO LOGISTICS OPERATIONS, LLC",Crude Oil,INTERSTATE,MONTANA,14.0,0.0,14.0,0.0,39.7,0.0,0.0,39.7,0.0,0.0,0.0,0.0,0.0,0.0,0.0,0.0,0.0,0.0,0.0,0.0,0.0,0.0,53.7,0.0,0.0,53.7
2/2/2026,2018.0,20190472.0,17217.0,38933.0,"TESORO LOGISTICS OPERATIONS, LLC",Crude Oil,INTERSTATE,NORTH DAKOTA,365.7,0.0,365.7,0.0,61.2,0.0,0.0,61.2,0.0,0.0,0.0,0.0,0.0,0.0,0.0,0.0,0.0,0.0,0.0,0.0,0.0,0.0,426.9,0.0,0.0,426.9
2/2/2026,2018.0,20190472.0,17217.0,38933.0,"TESORO LOGISTICS OPERATIONS, LLC",Crude Oil,INTERSTATE,UTAH,1.2,0.0,1.2,0.0,0.0,0.0,0.0,0.0,0.0,0.0,0.0,0.0,0.0,0.0,0.0,0.0,0.0,0.0,0.0,0.0,0.0,0.0,1.2,0.0,0.0,1.2
2/2/2026,2018.0,20190472.0,17217.0,38933.0,"TESORO LOGISTICS OPERATIONS, LLC",Crude Oil,INTERSTATE,WYOMING,444.5,0.0,444.5,0.0,0.0,0.0,0.0,0.0,0.0,0.0,0.0,0.0,0.0,0.0,0.0,0.0,0.0,0.0,0.0,0.0,0.0,0.0,444.5,0.0,0.0,444.5
2/2/2026,2018.0,20190472.0,17217.0,38933.0,"TESORO LOGISTICS OPERATIONS, LLC",Crude Oil,INTRASTATE,ALASKA,0.0,0.0,0.0,4.1,0.0,0.0,0.0,4.1,0.0,0.0,0.0,0.0,0.0,0.0,0.0,0.0,0.0,0.0,0.0,0.0,0.0,0.0,4.1,0.0,0.0,4.1
2/2/2026,2018.0,20190472.0,17217.0,38933.0,"TESORO LOGISTICS OPERATIONS, LLC",Crude Oil,INTRASTATE,CALIFORNIA,31.2,0.0,31.2,3.4,0.0,0.0,0.0,3.4,0.0,0.0,0.0,0.0,0.0,0.0,0.0,0.0,0.0,0.0,0.0,0.0,0.0,0.0,34.6,0.0,0.0,34.6
2/2/2026,2018.0,20190472.0,17217.0,38933.0,"TESORO LOGISTICS OPERATIONS, LLC",Crude Oil,INTRASTATE,NORTH DAKOTA,3.8,0.0,3.8,0.0,0.0,0.0,0.0,0.0,0.0,0.0,0.0,0.0,0.0,0.0,0.0,0.0,0.0,0.0,0.0,0.0,0.0,0.0,3.8,0.0,0.0,3.8
2/2/2026,2018.0,20190472.0,17217.0,38933.0,"TESORO LOGISTICS OPERATIONS, LLC",Crude Oil,INTRASTATE,UTAH,5.2,0.0,5.2,0.0,0.0,0.0,0.0,0.0,0.0,0.0,0.0,0.0,0.0,0.0,0.0,0.0,0.0,0.0,0.0,0.0,0.0,0.0,5.2,0.0,0.0,5.2
2/2/2026,2018.0,20190466.0,17330.0,38933.0,"TESORO LOGISTICS OPERATIONS, LLC",HVL,INTRASTATE,CALIFORNIA,2.3,0.0,2.3,0.0,0.0,0.0,0.0,0.0,0.0,0.0,0.0,0.0,0.0,0.0,0.0,0.0,0.0,0.0,0.0,0.0,0.0,0.0,2.3,0.0,0.0,2.3
2/2/2026,2018.0,20190466.0,17330.0,38933.0,"TESORO LOGISTICS OPERATIONS, LLC",HVL,INTRASTATE,NORTH DAKOTA,44.1,0.0,44.1,0.0,0.0,0.0,0.0,0.0,0.0,0.0,0.0,0.0,0.0,0.0,0.0,0.0,0.0,0.0,0.0,0.0,0.0,0.0,44.1,0.0,0.0,44.1
2/2/2026,2018.0,20190470.0,17329.0,38933.0,"TESORO LOGISTICS OPERATIONS, LLC",Refined and/or Petroleum Product (non-HVL),INTERSTATE,IDAHO,553.1,0.0,553.1,0.0,0.0,0.0,0.0,0.0,0.0,0.0,0.0,0.0,0.0,0.0,0.0,0.0,0.0,0.0,0.0,0.0,0.0,0.0,553.1,0.0,0.0,553.1
2/2/2026,2018.0,20190470.0,17329.0,38933.0,"TESORO LOGISTICS OPERATIONS, LLC",Refined and/or Petroleum Product (non-HVL),INTERSTATE,OREGON,248.7,0.0,248.7,0.0,0.0,0.0,0.0,0.0,0.0,0.0,0.0,0.0,0.0,0.0,0.0,0.0,0.0,0.0,0.0,0.0,0.0,0.0,248.7,0.0,0.0,248.7
2/2/2026,2018.0,20190470.0,17329.0,38933.0,"TESORO LOGISTICS OPERATIONS, LLC",Refined and/or Petroleum Product (non-HVL),INTERSTATE,UTAH,222.0,0.0,222.0,0.0,0.0,0.0,0.0,0.0,0.0,0.0,0.0,0.0,0.0,0.0,0.0,0.0,0.0,0.0,0.0,0.0,0.0,0.0,222.0,0.0,0.0,222.0
2/2/2026,2018.0,20190470.0,17329.0,38933.0,"TESORO LOGISTICS OPERATIONS, LLC",Refined and/or Petroleum Product (non-HVL),INTERSTATE,WASHINGTON,176.7,0.0,176.7,0.0,0.0,0.0,0.0,0.0,0.0,0.0,0.0,0.0,0.0,0.0,0.0,0.0,0.0,0.0,0.0,0.0,0.0,0.0,176.7,0.0,0.0,176.7
2/2/2026,2018.0,20190470.0,17329.0,38933.0,"TESORO LOGISTICS OPERATIONS, LLC",Refined and/or Petroleum Product (non-HVL),INTRASTATE,ALASKA,69.2,0.0,69.2,0.0,0.0,0.0,0.0,0.0,0.0,0.0,0.0,0.0,0.0,0.0,0.0,0.0,0.0,0.0,0.0,0.0,0.0,0.0,69.2,0.0,0.0,69.2
2/2/2026,2018.0,20190470.0,17329.0,38933.0,"TESORO LOGISTICS OPERATIONS, LLC",Refined and/or Petroleum Product (non-HVL),INTRASTATE,CALIFORNIA,80.2,0.0,80.2,4.2,0.0,0.0,0.0,4.2,0.0,0.0,0.0,0.0,0.0,0.0,0.0,0.0,0.0,0.0,0.0,0.0,0.0,0.0,84.4,0.0,0.0,84.4
2/2/2026,2018.0,20190470.0,17329.0,38933.0,"TESORO LOGISTICS OPERATIONS, LLC",Refined and/or Petroleum Product (non-HVL),INTRASTATE,MINNESOTA,8.6,0.0,8.6,0.0,0.0,0.0,0.0,0.0,0.0,0.0,0.0,0.0,0.0,0.0,0.0,0.0,0.0,0.0,0.0,0.0,0.0,0.0,8.6,0.0,0.0,8.6
2/2/2026,2018.0,20190470.0,17329.0,38933.0,"TESORO LOGISTICS OPERATIONS, LLC",Refined and/or Petroleum Product (non-HVL),INTRASTATE,UTAH,14.4,0.0,14.4,0.0,0.0,0.0,0.0,0.0,0.0,0.0,0.0,0.0,0.0,0.0,0.0,0.0,0.0,0.0,0.0,0.0,0.0,0.0,14.4,0.0,0.0,14.4
2/2/2026,2018.0,20190250.0,17209.0,38937.0,"MIDCOAST ENERGY, LLC",HVL,INTRASTATE,TEXAS,154.36,0.0,154.36,0.0,0.0,0.0,0.0,0.0,0.0,0.0,0.0,0.0,0.0,0.0,0.0,0.0,0.0,0.0,0.0,0.0,0.0,0.0,154.36,0.0,0.0,154.36
2/2/2026,2018.0,20190107.0,16502.0,38938.0,"WTG NGL PIPELINE COMPANY, LLC",HVL,INTRASTATE,TEXAS,42.169,0.0,42.169,0.0,0.0,0.0,0.0,0.0,0.0,0.0,0.0,0.0,0.0,0.0,0.0,0.0,0.0,0.0,0.0,0.0,0.0,0.0,42.169,0.0,0.0,42.169
2/2/2026,2018.0,20190436.0,16867.0,38945.0,BAKKEN PIPELINE COMPANY LP,Crude Oil,INTERSTATE,NORTH DAKOTA,75.18,0.0,75.18,0.0,0.0,0.0,0.0,0.0,0.0,0.0,0.0,0.0,0.0,0.0,0.0,0.0,0.0,0.0,0.0,0.0,0.0,0.0,75.18,0.0,0.0,75.18
2/2/2026,2018.0,20190130.0,16530.0,38949.0,"NAVARRO MIDSTREAM SERVICES, LLC.",Crude Oil,INTRASTATE,TEXAS,0.0,0.0,0.0,0.0,3.43,0.0,0.0,3.43,0.0,0.0,0.0,0.0,0.0,0.0,0.0,0.0,0.0,0.0,0.0,0.0,0.0,0.0,3.43,0.0,0.0,3.43
2/2/2026,2018.0,20190519.0,18242.0,38964.0,"PHILADELPHIA ENERGY SOLUTIONS REFINING AND MARKETING, LLC",HVL,INTRASTATE,PENNSYLVANIA,1.33,0.0,1.33,0.56,0.0,0.0,0.0,0.56,0.0,0.0,0.0,0.0,0.0,0.0,0.0,0.0,0.0,0.0,0.0,0.0,0.0,0.0,1.89,0.0,0.0,1.89
2/2/2026,2018.0,20190521.0,18238.0,38964.0,"PHILADELPHIA ENERGY SOLUTIONS REFINING AND MARKETING, LLC",Refined and/or Petroleum Product (non-HVL),INTRASTATE,PENNSYLVANIA,5.46,0.0,5.46,9.97,0.0,0.0,0.0,9.97,0.0,0.0,0.0,0.0,0.0,0.0,0.0,0.0,0.0,0.0,0.0,0.0,0.0,0.0,15.43,0.0,0.0,15.43
2/2/2026,2018.0,20190411.0,16842.0,38968.0,OASIS PETROLEUM NORTH AMERICA,Crude Oil,INTRASTATE,NORTH DAKOTA,19.0,0.0,19.0,1.83,0.0,0.0,0.0,1.83,0.0,0.0,0.0,0.0,0.0,0.0,0.0,0.0,0.0,0.0,0.0,0.0,0.0,0.0,20.83,0.0,0.0,20.83
2/2/2026,2018.0,20190582.0,17013.0,38989.0,EMERALD GATHERING AND TRANSMISSION,Crude Oil,INTRASTATE,TEXAS,0.0,0.0,0.0,0.0,1.85,8.52,0.0,10.37,0.0,0.0,0.0,0.0,0.0,0.0,0.0,0.0,0.0,0.0,0.0,0.0,0.0,0.0,1.85,8.52,0.0,10.37
2/2/2026,2018.0,20190554.0,17102.0,39010.0,"BLUE RACER MIDSTREAM, LLC",HVL,INTRASTATE,OHIO,16.38,0.0,16.38,0.0,0.0,0.0,0.0,0.0,0.0,0.0,0.0,0.0,0.0,0.0,0.0,0.0,0.0,0.0,0.0,0.0,0.0,0.0,16.38,0.0,0.0,16.38
2/2/2026,2018.0,20190554.0,17102.0,39010.0,"BLUE RACER MIDSTREAM, LLC",HVL,INTRASTATE,WEST VIRGINIA,73.437,0.0,73.437,0.0,0.0,0.0,0.0,0.0,0.0,0.0,0.0,0.0,0.0,0.0,0.0,0.0,0.0,0.0,0.0,0.0,0.0,0.0,73.437,0.0,0.0,73.437
2/2/2026,2018.0,20190508.0,16939.0,39012.0,"SUMMIT MIDSTREAM PARTNERS, LLC",Crude Oil,INTRASTATE,NORTH DAKOTA,72.0,0.0,72.0,0.0,0.0,0.0,0.0,0.0,0.0,0.0,0.0,0.0,0.0,0.0,0.0,0.0,0.0,0.0,0.0,0.0,0.0,0.0,72.0,0.0,0.0,72.0
2/2/2026,2018.0,20190384.0,16811.0,39012.0,"SUMMIT MIDSTREAM PARTNERS, LLC",HVL,INTRASTATE,COLORADO,10.86,0.0,10.86,0.0,0.0,0.0,0.0,0.0,0.0,0.0,0.0,0.0,0.0,0.0,0.0,0.0,0.0,0.0,0.0,0.0,0.0,0.0,10.86,0.0,0.0,10.86
2/2/2026,2018.0,20190269.0,16686.0,39023.0,DOUBLE EAGLE PIPELINE LLC,Crude Oil,INTRASTATE,TEXAS,203.99,0.0,203.99,0.0,0.0,0.0,0.0,0.0,0.0,0.0,0.0,0.0,0.0,0.0,0.0,0.0,0.0,0.0,0.0,0.0,0.0,0.0,203.99,0.0,0.0,203.99
2/2/2026,2018.0,20190072.0,16465.0,39038.0,E&T LLC,Crude Oil,INTRASTATE,CALIFORNIA,0.37,0.0,0.37,0.0,0.0,0.0,0.0,0.0,0.0,0.0,0.0,0.0,0.0,0.0,0.0,0.0,0.0,0.0,0.0,0.0,0.0,0.0,0.37,0.0,0.0,0.37
2/2/2026,2018.0,20190630.0,17081.0,39043.0,"TALLGRASS PONY EXPRESS PIPELINE, LLC",Crude Oil,INTERSTATE,COLORADO,218.387,0.0,218.387,0.0,0.0,0.0,0.0,0.0,0.006,0.0,0.0,0.0,0.006,0.0,0.0,0.0,0.0,0.0,0.0,0.0,0.0,0.0,218.393,0.0,0.0,218.393
2/2/2026,2018.0,20190630.0,17081.0,39043.0,"TALLGRASS PONY EXPRESS PIPELINE, LLC",Crude Oil,INTERSTATE,KANSAS,365.764,0.0,365.764,0.0,0.0,0.0,0.0,0.0,0.396,0.0,0.0,0.0,0.396,0.0,0.0,0.0,0.0,0.0,0.0,0.0,0.0,0.0,366.16,0.0,0.0,366.16
2/2/2026,2018.0,20190630.0,17081.0,39043.0,"TALLGRASS PONY EXPRESS PIPELINE, LLC",Crude Oil,INTERSTATE,NEBRASKA,98.038,0.0,98.038,0.0,0.0,0.0,0.0,0.0,0.0,0.0,0.0,0.0,0.0,0.0,0.0,0.0,0.0,0.0,0.0,0.0,0.0,0.0,98.038,0.0,0.0,98.038
2/2/2026,2018.0,20190630.0,17081.0,39043.0,"TALLGRASS PONY EXPRESS PIPELINE, LLC",Crude Oil,INTERSTATE,OKLAHOMA,81.108,0.0,81.108,0.0,0.0,0.0,0.0,0.0,1.413,0.0,0.0,0.0,1.413,0.0,0.0,0.0,0.0,0.0,0.0,0.0,0.0,0.0,82.521,0.0,0.0,82.521
2/2/2026,2018.0,20190630.0,17081.0,39043.0,"TALLGRASS PONY EXPRESS PIPELINE, LLC",Crude Oil,INTERSTATE,WYOMING,67.96,0.0,67.96,0.0,0.0,0.0,0.0,0.0,0.0,0.0,0.0,0.0,0.0,0.0,0.0,0.0,0.0,0.0,0.0,0.0,0.0,0.0,67.96,0.0,0.0,67.96
2/2/2026,2018.0,20193693.0,16352.0,39046.0,"BRIDGER SWAN RANCH, LLC",Crude Oil,INTRASTATE,WYOMING,4.46,0.0,4.46,0.0,0.0,0.0,0.0,0.0,0.0,0.0,0.0,0.0,0.0,0.0,0.0,0.0,0.0,0.0,0.0,0.0,0.0,0.0,4.46,0.0,0.0,4.46
2/2/2026,2018.0,20190216.0,16628.0,39047.0,"GEL OFFSHORE PIPELINE, LLC",Crude Oil,INTERSTATE,OCS-Gulf of Mexico,0.0,70.39,70.39,0.0,0.0,0.0,0.0,0.0,0.0,0.0,0.0,0.0,0.0,0.0,0.0,0.0,0.0,0.0,0.0,0.0,0.0,0.0,0.0,70.39,0.0,70.39
2/2/2026,2018.0,20190359.0,16783.0,39050.0,"CASPER CRUDE TO RAIL, LLC",Crude Oil,INTERSTATE,WYOMING,0.0,0.0,0.0,6.22,0.0,0.0,0.0,6.22,0.0,0.0,0.0,0.0,0.0,0.0,0.0,0.0,0.0,0.0,0.0,0.0,0.0,0.0,6.22,0.0,0.0,6.22
2/2/2026,2018.0,20190117.0,17282.0,39055.0,AMID SILVER DOLLAR PIPELINE LLC,Crude Oil,INTRASTATE,TEXAS,173.69,0.0,173.69,0.0,0.0,0.0,0.0,0.0,0.0,0.0,0.0,0.0,0.0,0.0,0.0,0.0,0.0,0.0,0.0,0.0,0.0,0.0,173.69,0.0,0.0,173.69
2/2/2026,2018.0,20190289.0,17152.0,39065.0,HESS ND,Crude Oil,INTRASTATE,NORTH DAKOTA,79.43,0.0,79.43,0.4,24.35,0.0,0.0,24.75,0.0,0.0,0.0,0.0,0.0,0.0,0.0,0.0,0.0,0.0,0.0,0.0,0.0,0.0,104.18,0.0,0.0,104.18
2/2/2026,2018.0,20190432.0,16863.0,39065.0,HESS ND,HVL,INTRASTATE,NORTH DAKOTA,27.85,0.0,27.85,0.0,7.61,0.0,0.0,7.61,0.0,0.0,0.0,0.0,0.0,0.0,0.0,0.0,0.0,0.0,0.0,0.0,0.0,0.0,35.46,0.0,0.0,35.46
2/2/2026,2018.0,20190311.0,16777.0,39065.0,HESS ND,Refined and/or Petroleum Product (non-HVL),INTRASTATE,NORTH DAKOTA,0.0,0.0,0.0,0.0,3.8,0.0,0.0,3.8,0.0,0.0,0.0,0.0,0.0,0.0,0.0,0.0,0.0,0.0,0.0,0.0,0.0,0.0,3.8,0.0,0.0,3.8
2/2/2026,2018.0,20190413.0,16844.0,39068.0,"FIELDWOOD ENERGY, LLC",Crude Oil,INTERSTATE,LOUISIANA,0.0,0.0,0.0,21.72,0.0,76.79,0.0,98.51,0.0,0.0,0.0,0.0,0.0,0.0,0.0,0.0,0.0,0.0,0.0,0.0,0.0,0.0,21.72,76.79,0.0,98.51
2/2/2026,2018.0,20190413.0,16844.0,39068.0,"FIELDWOOD ENERGY, LLC",Crude Oil,INTRASTATE,LOUISIANA,0.0,0.0,0.0,0.0,14.4,0.0,0.0,14.4,0.0,0.0,0.0,0.0,0.0,0.0,0.0,0.0,0.0,0.0,0.0,0.0,0.0,0.0,14.4,0.0,0.0,14.4
2/2/2026,2018.0,20190413.0,16844.0,39068.0,"FIELDWOOD ENERGY, LLC",Crude Oil,INTRASTATE,TEXAS,0.0,0.0,0.0,0.0,0.78,16.57,0.0,17.35,0.0,0.0,0.0,0.0,0.0,0.0,0.0,0.0,0.0,0.0,0.0,0.0,0.0,0.0,0.78,16.57,0.0,17.35
2/2/2026,2018.0,20190058.0,16450.0,39069.0,"EMPIRE PIPELINE, LLC",Crude Oil,INTERSTATE,OCS-Gulf of Mexico,0.0,33.83,33.83,0.0,0.0,38.9,0.0,38.9,0.0,0.0,0.0,0.0,0.0,0.0,0.0,0.0,0.0,0.0,0.0,0.0,0.0,0.0,0.0,72.73,0.0,72.73
2/2/2026,2018.0,20190058.0,16450.0,39069.0,"EMPIRE PIPELINE, LLC",Crude Oil,INTRASTATE,LOUISIANA,0.0,0.0,0.0,0.0,0.0,10.7,0.0,10.7,0.0,0.0,0.0,0.0,0.0,0.0,0.0,0.0,0.0,0.0,0.0,0.0,0.0,0.0,0.0,10.7,0.0,10.7
2/2/2026,2018.0,20190043.0,16426.0,39073.0,OCI BEAUMONT LLC,Refined and/or Petroleum Product (non-HVL),INTRASTATE,TEXAS,0.0,0.0,0.0,4.63,0.0,0.0,0.0,4.63,0.0,0.0,0.0,0.0,0.0,0.0,0.0,0.0,0.0,0.0,0.0,0.0,0.0,0.0,4.63,0.0,0.0,4.63
2/2/2026,2018.0,20190473.0,16904.0,39075.0,"ENLINK TEXAS NGL PIPELINE, LLC",HVL,INTRASTATE,TEXAS,53.079,0.0,53.079,0.0,0.0,0.0,0.0,0.0,0.0,0.0,0.0,0.0,0.0,0.0,0.0,0.0,0.0,0.0,0.0,0.0,0.0,0.0,53.079,0.0,0.0,53.079
2/2/2026,2018.0,20190545.0,16976.0,39084.0,"CRIMSON GULF, LLC",Crude Oil,INTERSTATE,LOUISIANA,423.136,49.797,472.933,0.0,0.0,0.0,0.0,0.0,0.0,0.0,0.0,0.0,0.0,0.0,0.0,0.0,0.0,0.0,0.0,0.0,0.0,0.0,423.136,49.797,0.0,472.933
2/2/2026,2018.0,20190545.0,16976.0,39084.0,"CRIMSON GULF, LLC",Crude Oil,INTERSTATE,OCS-Gulf of Mexico,0.0,413.237,413.237,0.0,0.0,0.0,0.0,0.0,0.0,0.0,0.0,0.0,0.0,0.0,0.0,0.0,0.0,0.0,0.0,0.0,0.0,0.0,0.0,413.237,0.0,413.237
2/2/2026,2018.0,20190417.0,16848.0,39090.0,"NUTAAQ PIPELINE, LLC",Crude Oil,INTRASTATE,ALASKA,25.05,0.0,25.05,0.0,0.0,0.0,0.0,0.0,0.0,0.0,0.0,0.0,0.0,0.0,0.0,0.0,0.0,0.0,0.0,0.0,0.0,0.0,25.05,0.0,0.0,25.05
2/2/2026,2018.0,20190635.0,17067.0,39098.0,"TEXSTAR MIDSTREAM LOGISTICS, LP",Crude Oil,INTRASTATE,TEXAS,0.0,0.0,0.0,49.9,0.0,0.0,0.0,49.9,0.0,0.0,0.0,0.0,0.0,0.0,0.0,0.0,0.0,0.0,0.0,0.0,0.0,0.0,49.9,0.0,0.0,49.9
2/2/2026,2018.0,20190585.0,17016.0,39099.0,CALIBER NORTH DAKOTA LLC,Crude Oil,INTRASTATE,NORTH DAKOTA,22.93,0.0,22.93,0.0,0.0,0.0,0.0,0.0,0.0,0.0,0.0,0.0,0.0,0.0,0.0,0.0,0.0,0.0,0.0,0.0,0.0,0.0,22.93,0.0,0.0,22.93
2/2/2026,2018.0,20190588.0,17019.0,39099.0,CALIBER NORTH DAKOTA LLC,HVL,INTRASTATE,NORTH DAKOTA,4.3,0.0,4.3,0.0,0.0,0.0,0.0,0.0,0.0,0.0,0.0,0.0,0.0,0.0,0.0,0.0,0.0,0.0,0.0,0.0,0.0,0.0,4.3,0.0,0.0,4.3
2/2/2026,2018.0,20190427.0,16858.0,39105.0,VALERO PARTNERS OPERATING CO. LLC,Crude Oil,INTERSTATE,MISSISSIPPI,37.909,0.0,37.909,0.0,0.0,0.0,0.0,0.0,0.0,0.0,0.0,0.0,0.0,0.0,0.0,0.0,0.0,0.0,0.0,0.0,0.0,0.0,37.909,0.0,0.0,37.909
2/2/2026,2018.0,20190427.0,16858.0,39105.0,VALERO PARTNERS OPERATING CO. LLC,Crude Oil,INTERSTATE,OKLAHOMA,40.016,0.0,40.016,0.0,0.0,0.0,0.0,0.0,0.0,0.0,0.0,0.0,0.0,0.0,0.0,0.0,0.0,0.0,0.0,0.0,0.0,0.0,40.016,0.0,0.0,40.016
2/2/2026,2018.0,20190427.0,16858.0,39105.0,VALERO PARTNERS OPERATING CO. LLC,Crude Oil,INTERSTATE,TENNESSEE,13.991,0.0,13.991,0.0,0.0,0.0,0.0,0.0,0.0,0.0,0.0,0.0,0.0,0.0,0.0,0.0,0.0,0.0,0.0,0.0,0.0,0.0,13.991,0.0,0.0,13.991
2/2/2026,2018.0,20190427.0,16858.0,39105.0,VALERO PARTNERS OPERATING CO. LLC,Crude Oil,INTERSTATE,TEXAS,87.714,0.0,87.714,0.018,17.587,0.0,0.0,17.605,0.0,0.0,0.0,0.0,0.0,0.0,0.0,0.0,0.0,0.0,0.0,0.0,0.0,0.0,105.319,0.0,0.0,105.319
2/2/2026,2018.0,20190427.0,16858.0,39105.0,VALERO PARTNERS OPERATING CO. LLC,Crude Oil,INTRASTATE,TEXAS,19.35,0.0,19.35,0.3,0.0,0.0,0.0,0.3,0.0,0.0,0.0,0.0,0.0,0.0,0.0,0.0,0.0,0.0,0.0,0.0,0.0,0.0,19.65,0.0,0.0,19.65
2/2/2026,2018.0,20190354.0,16778.0,39105.0,VALERO PARTNERS OPERATING CO. LLC,HVL,INTRASTATE,TEXAS,0.0,0.0,0.0,2.211,0.0,0.0,0.0,2.211,0.0,0.0,0.0,0.0,0.0,0.0,0.0,0.0,0.0,0.0,0.0,0.0,0.0,0.0,2.211,0.0,0.0,2.211
2/2/2026,2018.0,20190430.0,16861.0,39105.0,VALERO PARTNERS OPERATING CO. LLC,Refined and/or Petroleum Product (non-HVL),INTERSTATE,ARKANSAS,0.793,0.0,0.793,0.0,0.0,0.0,0.0,0.0,0.0,0.0,0.0,0.0,0.0,0.0,0.0,0.0,0.0,0.0,0.0,0.0,0.0,0.0,0.793,0.0,0.0,0.793
2/2/2026,2018.0,20190430.0,16861.0,39105.0,VALERO PARTNERS OPERATING CO. LLC,Refined and/or Petroleum Product (non-HVL),INTERSTATE,LOUISIANA,87.429,0.0,87.429,0.0,0.0,0.0,0.0,0.0,0.0,0.0,0.0,0.0,0.0,0.0,0.0,0.0,0.0,0.0,0.0,0.0,0.0,0.0,87.429,0.0,0.0,87.429
2/2/2026,2018.0,20190430.0,16861.0,39105.0,VALERO PARTNERS OPERATING CO. LLC,Refined and/or Petroleum Product (non-HVL),INTERSTATE,MISSISSIPPI,55.205,0.0,55.205,0.0,0.0,0.0,0.0,0.0,0.0,0.0,0.0,0.0,0.0,0.0,0.0,0.0,0.0,0.0,0.0,0.0,0.0,0.0,55.205,0.0,0.0,55.205
2/2/2026,2018.0,20190430.0,16861.0,39105.0,VALERO PARTNERS OPERATING CO. LLC,Refined and/or Petroleum Product (non-HVL),INTERSTATE,OKLAHOMA,29.893,0.0,29.893,0.0,0.0,0.0,0.0,0.0,0.0,0.0,0.0,0.0,0.0,0.0,0.0,0.0,0.0,0.0,0.0,0.0,0.0,0.0,29.893,0.0,0.0,29.893
2/2/2026,2018.0,20190430.0,16861.0,39105.0,VALERO PARTNERS OPERATING CO. LLC,Refined and/or Petroleum Product (non-HVL),INTERSTATE,TENNESSEE,8.058,0.0,8.058,0.0,0.0,0.0,0.0,0.0,0.0,0.0,0.0,0.0,0.0,0.0,0.0,0.0,0.0,0.0,0.0,0.0,0.0,0.0,8.058,0.0,0.0,8.058
2/2/2026,2018.0,20190430.0,16861.0,39105.0,VALERO PARTNERS OPERATING CO. LLC,Refined and/or Petroleum Product (non-HVL),INTRASTATE,TENNESSEE,11.142,0.0,11.142,0.0,0.0,0.0,0.0,0.0,0.0,0.0,0.0,0.0,0.0,0.0,0.0,0.0,0.0,0.0,0.0,0.0,0.0,0.0,11.142,0.0,0.0,11.142
2/2/2026,2018.0,20190430.0,16861.0,39105.0,VALERO PARTNERS OPERATING CO. LLC,Refined and/or Petroleum Product (non-HVL),INTRASTATE,TEXAS,23.105,0.0,23.105,0.0,0.0,0.0,0.0,0.0,0.0,0.0,0.0,0.0,0.0,0.0,0.0,0.0,0.0,0.0,0.0,0.0,0.0,0.0,23.105,0.0,0.0,23.105
2/2/2026,2018.0,20190064.0,16457.0,39106.0,BOE MIDSTREAM,Crude Oil,INTRASTATE,NORTH DAKOTA,38.3,0.0,38.3,0.0,0.0,0.0,0.0,0.0,0.0,0.4,0.0,0.0,0.4,0.0,0.0,0.0,0.0,0.0,0.0,0.0,0.0,0.0,38.7,0.0,0.0,38.7
2/2/2026,2018.0,20190062.0,16455.0,39108.0,BLUEFISH PIPELINE LLC,Refined and/or Petroleum Product (non-HVL),INTRASTATE,NEW MEXICO,0.0,0.0,0.0,4.01,0.0,0.0,0.0,4.01,0.0,0.0,0.0,0.0,0.0,0.0,0.0,0.0,0.0,0.0,0.0,0.0,0.0,0.0,4.01,0.0,0.0,4.01
2/2/2026,2018.0,20190062.0,16455.0,39108.0,BLUEFISH PIPELINE LLC,Refined and/or Petroleum Product (non-HVL),INTRASTATE,TEXAS,11.93,0.0,11.93,0.0,0.0,0.0,0.0,0.0,0.0,0.0,0.0,0.0,0.0,0.0,0.0,0.0,0.0,0.0,0.0,0.0,0.0,0.0,11.93,0.0,0.0,11.93
2/2/2026,2018.0,20190221.0,16633.0,39122.0,UTICA EAST OHIO MIDSTREAM LLC,HVL,INTRASTATE,OHIO,62.8,0.0,62.8,0.0,0.0,0.0,0.0,0.0,0.0,0.0,0.0,0.0,0.0,0.0,0.0,0.0,0.0,0.0,0.0,0.0,0.0,0.0,62.8,0.0,0.0,62.8
2/2/2026,2018.0,20190226.0,17176.0,39124.0,EQUINOR PIPELINES LLC,Crude Oil,INTRASTATE,NORTH DAKOTA,65.85,0.0,65.85,2.28,0.0,0.0,0.0,2.28,0.0,0.0,0.0,0.0,0.0,0.0,0.0,0.0,0.0,0.0,0.0,0.0,0.0,0.0,68.13,0.0,0.0,68.13
2/2/2026,2018.0,20190226.0,17176.0,39124.0,EQUINOR PIPELINES LLC,Crude Oil,INTRASTATE,TEXAS,56.55,0.0,56.55,0.0,0.0,0.0,0.0,0.0,0.0,0.0,0.0,0.0,0.0,0.0,0.0,0.0,0.0,0.0,0.0,0.0,0.0,0.0,56.55,0.0,0.0,56.55
2/2/2026,2018.0,20190332.0,16755.0,39131.0,PERMIAN EXPRESS TERMINAL LLC,Crude Oil,INTERSTATE,TEXAS,27.56,0.0,27.56,0.0,0.0,0.0,0.0,0.0,0.0,0.0,0.0,0.0,0.0,0.0,0.0,0.0,0.0,0.0,0.0,0.0,0.0,0.0,27.56,0.0,0.0,27.56
2/2/2026,2018.0,20190598.0,17029.0,39132.0,"COLUMBIA MIDSTREAM GROUP, LLC",HVL,INTRASTATE,OHIO,36.25,0.0,36.25,0.0,0.0,0.0,0.0,0.0,0.0,0.0,0.0,0.0,0.0,0.0,0.0,0.0,0.0,0.0,0.0,0.0,0.0,0.0,36.25,0.0,0.0,36.25
2/2/2026,2018.0,20190475.0,16906.0,39135.0,"VICTORIA EXPRESS PIPELINE, L.L.C.",Crude Oil,INTRASTATE,TEXAS,54.79,0.0,54.79,0.0,2.15,0.0,0.0,2.15,0.0,0.0,0.0,0.0,0.0,0.0,0.0,0.0,0.0,0.0,0.0,0.0,0.0,0.0,56.94,0.0,0.0,56.94
2/2/2026,2018.0,20190410.0,16841.0,39138.0,"BOARDWALK LOUISIANA MIDSTREAM, LLC",HVL,INTRASTATE,LOUISIANA,421.6,0.0,421.6,44.6,0.0,0.0,0.0,44.6,0.0,0.0,0.0,0.0,0.0,0.0,0.0,0.0,0.0,0.0,0.0,0.0,0.0,0.0,466.2,0.0,0.0,466.2
2/2/2026,2018.0,20190094.0,17132.0,39147.0,"ENABLE GAS GATHERING, LLC",Crude Oil,INTRASTATE,OKLAHOMA,126.17,0.0,126.17,0.0,0.0,0.0,0.0,0.0,0.0,0.0,0.0,0.0,0.0,0.0,0.0,0.0,0.0,0.0,0.0,0.0,0.0,0.0,126.17,0.0,0.0,126.17
2/2/2026,2018.0,20190115.0,16512.0,39149.0,IMTT-BAYONNE,Refined and/or Petroleum Product (non-HVL),INTRASTATE,NEW JERSEY,0.0,0.0,0.0,3.35,0.0,0.0,0.0,3.35,0.0,0.0,0.0,0.0,0.0,0.0,0.0,0.0,0.0,0.0,0.0,0.0,0.0,0.0,3.35,0.0,0.0,3.35
2/2/2026,2018.0,20190476.0,16907.0,39153.0,"ENLINK MIDSTREAM OPERATING, LP",Crude Oil,INTRASTATE,OKLAHOMA,35.967,0.0,35.967,0.0,0.0,0.0,0.0,0.0,0.0,0.0,0.0,0.0,0.0,0.0,0.0,0.0,0.0,0.0,0.0,0.0,0.0,0.0,35.967,0.0,0.0,35.967
2/2/2026,2018.0,20190494.0,17078.0,39156.0,"FRIO LASALLE PIPELINE, LP",HVL,INTRASTATE,TEXAS,49.106,0.0,49.106,0.0,0.0,0.0,0.0,0.0,0.0,0.0,0.0,0.0,0.0,0.0,0.0,0.0,0.0,0.0,0.0,0.0,0.0,0.0,49.106,0.0,0.0,49.106
2/2/2026,2018.0,20190356.0,16780.0,39179.0,"AMPLIFY ENERGY OPERATING, LLC",CO2,INTRASTATE,WYOMING,20.0,0.0,20.0,0.0,0.0,0.0,0.0,0.0,0.0,0.0,0.0,0.0,0.0,0.0,0.0,0.0,0.0,0.0,0.0,0.0,0.0,0.0,20.0,0.0,0.0,20.0
2/2/2026,2018.0,20190267.0,16684.0,39183.0,"MEDALLION OPERATING COMPANY, LLC",Crude Oil,INTRASTATE,TEXAS,572.15,0.0,572.15,0.0,0.0,0.0,0.0,0.0,0.0,0.0,0.0,0.0,0.0,0.0,0.0,0.0,0.0,0.0,0.0,0.0,0.0,0.0,572.15,0.0,0.0,572.15
2/2/2026,2018.0,20190266.0,16683.0,39183.0,"MEDALLION OPERATING COMPANY, LLC",HVL,INTRASTATE,TEXAS,6.52,0.0,6.52,0.0,0.0,0.0,0.0,0.0,0.0,0.0,0.0,0.0,0.0,0.0,0.0,0.0,0.0,0.0,0.0,0.0,0.0,0.0,6.52,0.0,0.0,6.52
2/2/2026,2018.0,20190293.0,17155.0,39187.0,"THUNDER CREEK NGL PIPELINE, LLC",HVL,INTERSTATE,WYOMING,109.6,0.0,109.6,0.0,0.0,0.0,0.0,0.0,0.0,0.0,0.0,0.0,0.0,0.0,0.0,0.0,0.0,0.0,0.0,0.0,0.0,0.0,109.6,0.0,0.0,109.6
2/2/2026,2018.0,20190612.0,17044.0,39189.0,"NORTHSTAR OFFSHORE VENTURES, LLC",Crude Oil,INTERSTATE,LOUISIANA,0.0,0.0,0.0,0.38,0.0,9.16,0.0,9.54,0.0,0.0,0.0,0.0,0.0,0.0,0.0,0.0,0.0,0.0,0.0,0.0,0.0,0.0,0.38,9.16,0.0,9.54
2/2/2026,2018.0,20190246.0,16659.0,39191.0,CONSOLIDATED EDISON CO OF NY,Refined and/or Petroleum Product (non-HVL),INTRASTATE,NEW YORK,0.71,0.0,0.71,0.0,0.0,0.0,0.0,0.0,0.0,0.0,0.0,0.0,0.0,0.0,0.0,0.0,0.0,0.21,0.0,0.0,0.0,0.21,0.92,0.0,0.0,0.92
2/2/2026,2018.0,20193694.0,16353.0,39196.0,CHEYENNE RAIL HUB,Crude Oil,INTRASTATE,WYOMING,0.0,0.0,0.0,1.8,0.0,0.0,0.0,1.8,0.0,0.0,0.0,0.0,0.0,0.0,0.0,0.0,0.0,0.0,0.0,0.0,0.0,0.0,1.8,0.0,0.0,1.8
2/2/2026,2018.0,20190333.0,16756.0,39205.0,"DAPL-ETCO OPERATIONS MANAGEMENT, LLC",Crude Oil,INTERSTATE,ARKANSAS,19.7,0.0,19.7,0.0,0.0,0.0,0.0,0.0,0.0,0.0,0.0,0.0,0.0,0.0,0.0,0.0,0.0,0.0,0.0,0.0,0.0,0.0,19.7,0.0,0.0,19.7
2/2/2026,2018.0,20190333.0,16756.0,39205.0,"DAPL-ETCO OPERATIONS MANAGEMENT, LLC",Crude Oil,INTERSTATE,ILLINOIS,320.45,0.0,320.45,0.0,0.0,0.0,0.0,0.0,0.0,0.0,0.0,0.0,0.0,0.0,0.0,0.0,0.0,0.0,0.0,0.0,0.0,0.0,320.45,0.0,0.0,320.45
2/2/2026,2018.0,20190333.0,16756.0,39205.0,"DAPL-ETCO OPERATIONS MANAGEMENT, LLC",Crude Oil,INTERSTATE,IOWA,348.05,0.0,348.05,0.0,0.0,0.0,0.0,0.0,0.0,0.0,0.0,0.0,0.0,0.0,0.0,0.0,0.0,0.0,0.0,0.0,0.0,0.0,348.05,0.0,0.0,348.05
2/2/2026,2018.0,20190333.0,16756.0,39205.0,"DAPL-ETCO OPERATIONS MANAGEMENT, LLC",Crude Oil,INTERSTATE,KENTUCKY,51.15,0.0,51.15,0.0,0.0,0.0,0.0,0.0,0.0,0.0,0.0,0.0,0.0,0.0,0.0,0.0,0.0,0.0,0.0,0.0,0.0,0.0,51.15,0.0,0.0,51.15
2/2/2026,2018.0,20190333.0,16756.0,39205.0,"DAPL-ETCO OPERATIONS MANAGEMENT, LLC",Crude Oil,INTERSTATE,LOUISIANA,237.02,0.0,237.02,0.0,0.0,0.0,0.0,0.0,0.0,0.0,0.0,0.0,0.0,0.0,0.0,0.0,0.0,0.0,0.0,0.0,0.0,0.0,237.02,0.0,0.0,237.02
2/2/2026,2018.0,20190333.0,16756.0,39205.0,"DAPL-ETCO OPERATIONS MANAGEMENT, LLC",Crude Oil,INTERSTATE,MISSISSIPPI,151.41,0.0,151.41,0.0,0.0,0.0,0.0,0.0,0.0,0.0,0.0,0.0,0.0,0.0,0.0,0.0,0.0,0.0,0.0,0.0,0.0,0.0,151.41,0.0,0.0,151.41
2/2/2026,2018.0,20190333.0,16756.0,39205.0,"DAPL-ETCO OPERATIONS MANAGEMENT, LLC",Crude Oil,INTERSTATE,NORTH DAKOTA,360.05,0.0,360.05,0.0,0.0,0.0,0.0,0.0,0.0,0.0,0.0,0.0,0.0,0.0,0.0,0.0,0.0,0.0,0.0,0.0,0.0,0.0,360.05,0.0,0.0,360.05
2/2/2026,2018.0,20190333.0,16756.0,39205.0,"DAPL-ETCO OPERATIONS MANAGEMENT, LLC",Crude Oil,INTERSTATE,SOUTH DAKOTA,274.96,0.0,274.96,0.0,0.0,0.0,0.0,0.0,0.0,0.0,0.0,0.0,0.0,0.0,0.0,0.0,0.0,0.0,0.0,0.0,0.0,0.0,274.96,0.0,0.0,274.96
2/2/2026,2018.0,20190333.0,16756.0,39205.0,"DAPL-ETCO OPERATIONS MANAGEMENT, LLC",Crude Oil,INTERSTATE,TENNESSEE,110.58,0.0,110.58,0.0,0.0,0.0,0.0,0.0,0.0,0.0,0.0,0.0,0.0,0.0,0.0,0.0,0.0,0.0,0.0,0.0,0.0,0.0,110.58,0.0,0.0,110.58
2/2/2026,2018.0,20190333.0,16756.0,39205.0,"DAPL-ETCO OPERATIONS MANAGEMENT, LLC",Crude Oil,INTERSTATE,TEXAS,43.7,0.0,43.7,0.0,0.0,0.0,0.0,0.0,0.0,0.0,0.0,0.0,0.0,0.0,0.0,0.0,0.0,0.0,0.0,0.0,0.0,0.0,43.7,0.0,0.0,43.7
2/2/2026,2018.0,20190054.0,16441.0,39214.0,ENVEN ENERGY VENTURES LLC.,Crude Oil,INTERSTATE,LOUISIANA,0.0,0.0,0.0,0.0,4.27,0.0,0.0,4.27,0.0,0.0,0.0,0.0,0.0,0.0,0.0,0.0,0.0,0.0,0.0,0.0,0.0,0.0,4.27,0.0,0.0,4.27
2/2/2026,2018.0,20190054.0,16441.0,39214.0,ENVEN ENERGY VENTURES LLC.,Crude Oil,INTERSTATE,OCS-Gulf of Mexico,0.0,0.0,0.0,0.0,0.0,23.23,0.0,23.23,0.0,0.0,0.0,0.0,0.0,0.0,0.0,0.0,0.0,0.0,0.0,0.0,0.0,0.0,0.0,23.23,0.0,23.23
2/2/2026,2018.0,20190629.0,17075.0,39216.0,TALLGRASS MIDSTREAM LLC,HVL,INTERSTATE,COLORADO,18.225,0.0,18.225,0.0,0.0,0.0,0.0,0.0,0.0,0.0,0.0,0.0,0.0,0.0,0.0,0.0,0.0,0.0,0.0,0.0,0.0,0.0,18.225,0.0,0.0,18.225
2/2/2026,2018.0,20190662.0,17122.0,39221.0,DAKOTA MIDSTREAM,Crude Oil,INTRASTATE,NORTH DAKOTA,0.0,0.0,0.0,0.0,20.68,0.0,0.0,20.68,0.0,0.0,0.0,0.0,0.0,0.0,0.0,0.0,0.0,0.0,0.0,0.0,0.0,0.0,20.68,0.0,0.0,20.68
2/2/2026,2018.0,20190374.0,16801.0,39227.0,CALIFORNIA RESOURCES VENTURA BASIN,Crude Oil,INTRASTATE,CALIFORNIA,0.95,0.0,0.95,2.18,0.0,0.0,0.0,2.18,0.0,0.0,0.0,0.0,0.0,0.0,0.0,0.0,0.0,0.0,0.0,0.0,0.0,0.0,3.13,0.0,0.0,3.13
2/2/2026,2018.0,20190449.0,16880.0,39228.0,ANDEAVOR FIELD SERVICES LLC,Crude Oil,INTRASTATE,NORTH DAKOTA,4.6,0.0,4.6,0.0,0.0,0.0,0.0,0.0,0.0,0.0,0.0,0.0,0.0,0.0,0.0,0.0,0.0,0.0,0.0,0.0,0.0,0.0,4.6,0.0,0.0,4.6
2/2/2026,2018.0,20190449.0,16880.0,39228.0,ANDEAVOR FIELD SERVICES LLC,Crude Oil,INTRASTATE,WYOMING,2.2,0.0,2.2,0.0,3.6,0.0,0.0,3.6,0.0,0.0,0.0,0.0,0.0,0.0,0.0,0.0,0.0,0.0,0.0,0.0,0.0,0.0,5.8,0.0,0.0,5.8
2/2/2026,2018.0,20190446.0,16877.0,39228.0,ANDEAVOR FIELD SERVICES LLC,HVL,INTRASTATE,NORTH DAKOTA,45.1,0.0,45.1,0.0,0.0,0.0,0.0,0.0,0.0,0.0,0.0,0.0,0.0,0.0,0.0,0.0,0.0,0.0,0.0,0.0,0.0,0.0,45.1,0.0,0.0,45.1
2/2/2026,2018.0,20190446.0,16877.0,39228.0,ANDEAVOR FIELD SERVICES LLC,HVL,INTRASTATE,UTAH,36.5,0.0,36.5,0.0,0.0,0.0,0.0,0.0,0.0,0.0,0.0,0.0,0.0,0.0,0.0,0.0,0.0,0.0,0.0,0.0,0.0,0.0,36.5,0.0,0.0,36.5
2/2/2026,2018.0,20190446.0,16877.0,39228.0,ANDEAVOR FIELD SERVICES LLC,HVL,INTRASTATE,WYOMING,10.3,0.0,10.3,0.0,9.5,0.0,0.0,9.5,0.0,0.0,0.0,0.0,0.0,0.0,0.0,0.0,0.0,0.0,0.0,0.0,0.0,0.0,19.8,0.0,0.0,19.8
2/2/2026,2018.0,20190423.0,16854.0,39229.0,CAMINO REAL GATHERING CO LLC,Crude Oil,INTRASTATE,TEXAS,46.68,0.0,46.68,0.0,0.0,0.0,0.0,0.0,0.0,0.0,0.0,0.0,0.0,0.0,0.0,0.0,0.0,0.0,0.0,0.0,0.0,0.0,46.68,0.0,0.0,46.68
2/2/2026,2018.0,20190288.0,16706.0,39231.0,INTENSITY MIDSTREAM LLC,HVL,INTRASTATE,OKLAHOMA,2.24,0.0,2.24,0.0,0.0,0.0,0.0,0.0,0.0,0.0,0.0,0.0,0.0,0.0,0.0,0.0,0.0,0.0,0.0,0.0,0.0,0.0,2.24,0.0,0.0,2.24
2/2/2026,2018.0,20190558.0,16989.0,39241.0,ZENITH ENERGY TERMINALS JOLIET HOLDINGS LLC,Crude Oil,INTERSTATE,ILLINOIS,4.538,0.0,4.538,0.0,0.0,0.0,0.0,0.0,0.0,0.0,0.0,0.0,0.0,0.0,0.0,0.0,0.0,0.0,0.0,0.0,0.0,0.0,4.538,0.0,0.0,4.538
2/2/2026,2018.0,20190481.0,16912.0,39271.0,EAGLECLAW MIDSTREAM VENTURES,HVL,INTRASTATE,TEXAS,42.873,0.0,42.873,0.0,0.0,0.0,0.0,0.0,0.0,0.0,0.0,0.0,0.0,0.0,0.0,0.0,0.0,0.0,0.0,0.0,0.0,0.0,42.873,0.0,0.0,42.873
2/2/2026,2018.0,20190167.0,16573.0,39272.0,"PARADIGM MIDSTREAM SERVICES - ND, LLC",Crude Oil,INTRASTATE,NORTH DAKOTA,23.94,0.0,23.94,0.0,0.0,0.0,0.0,0.0,0.0,0.0,0.0,0.0,0.0,0.0,0.0,0.0,0.0,0.0,0.0,0.0,0.0,0.0,23.94,0.0,0.0,23.94
2/2/2026,2018.0,20190148.0,16550.0,39277.0,"AMERICAN MIDSTREAM BAKKEN, LLC",Crude Oil,INTRASTATE,NORTH DAKOTA,44.6,0.0,44.6,0.0,0.0,0.0,0.0,0.0,0.0,0.0,0.0,0.0,0.0,0.0,0.0,0.0,0.0,0.0,0.0,0.0,0.0,0.0,44.6,0.0,0.0,44.6
2/2/2026,2018.0,20190124.0,16522.0,39284.0,ORYX SO. DELAWARE OGT LLC,Crude Oil,INTRASTATE,TEXAS,269.37,0.0,269.37,0.0,0.0,0.0,0.0,0.0,0.0,0.0,0.0,0.0,0.0,0.0,0.0,0.0,0.0,0.0,0.0,0.0,0.0,0.0,269.37,0.0,0.0,269.37
2/2/2026,2018.0,20193679.0,16330.0,39291.0,FDL OPERATING LLC,CO2,INTRASTATE,WYOMING,155.0,0.0,155.0,0.0,0.0,0.0,0.0,0.0,0.0,0.0,0.0,0.0,0.0,0.0,0.0,0.0,0.0,0.0,0.0,0.0,0.0,0.0,155.0,0.0,0.0,155.0
2/2/2026,2018.0,20190460.0,16891.0,39292.0,"TWIN EAGLE MIDSTREAM ASSETS, LLC",Crude Oil,INTERSTATE,WYOMING,4.486,0.0,4.486,0.0,0.0,0.0,0.0,0.0,0.0,0.0,0.0,0.0,0.0,0.0,0.0,0.0,0.0,0.0,0.0,0.0,0.0,0.0,4.486,0.0,0.0,4.486
2/2/2026,2018.0,20193681.0,16333.0,39294.0,"CAELUS NATURAL RESOURCES ALASKA, LLC",Refined and/or Petroleum Product (non-HVL),INTRASTATE,ALASKA,2.3,5.7,8.0,0.0,0.0,0.0,0.0,0.0,0.0,0.0,0.0,0.0,0.0,0.0,0.0,0.0,0.0,0.0,0.0,0.0,0.0,0.0,2.3,5.7,0.0,8.0
2/2/2026,2018.0,20190544.0,16975.0,39302.0,"REPUBLIC MIDSTREAM, LLC",Crude Oil,INTRASTATE,TEXAS,26.15,0.0,26.15,0.0,0.0,0.0,0.0,0.0,0.0,0.0,0.0,0.0,0.0,0.0,0.0,0.0,0.0,0.0,0.0,0.0,0.0,0.0,26.15,0.0,0.0,26.15
2/2/2026,2018.0,20190376.0,16803.0,39303.0,"BASA RESOURCES, INC.",Crude Oil,INTRASTATE,TEXAS,0.0,0.0,0.0,15.42,0.0,0.0,0.0,15.42,0.0,0.0,0.0,0.0,0.0,0.0,0.0,0.0,0.0,0.6,0.0,0.0,0.0,0.6,16.02,0.0,0.0,16.02
2/2/2026,2018.0,20190461.0,16892.0,39305.0,ENLINK CRUDE PURCHASING LLC,Crude Oil,INTRASTATE,TEXAS,0.0,0.0,0.0,0.0,9.219,0.0,0.0,9.219,0.0,0.0,0.0,0.0,0.0,0.0,0.0,0.0,0.0,0.0,0.0,0.0,0.0,0.0,9.219,0.0,0.0,9.219
2/2/2026,2018.0,20190335.0,16758.0,39307.0,SUNOCO MIDLAND GATHERING LLC,Crude Oil,INTRASTATE,TEXAS,82.83,0.0,82.83,0.0,0.0,0.0,0.0,0.0,0.0,0.0,0.0,0.0,0.0,0.0,0.0,0.0,0.0,0.0,0.0,0.0,0.0,0.0,82.83,0.0,0.0,82.83
2/2/2026,2018.0,20190075.0,16468.0,39313.0,"MAVERICK TERMINAL THREE RIVERS, LLC",HVL,INTRASTATE,TEXAS,1.77,0.0,1.77,0.0,0.0,0.0,0.0,0.0,0.0,0.0,0.0,0.0,0.0,0.0,0.0,0.0,0.0,0.0,0.0,0.0,0.0,0.0,1.77,0.0,0.0,1.77
2/2/2026,2018.0,20190306.0,16727.0,39316.0,"RENAISSANCE OFFSHORE, LLC",Crude Oil,INTERSTATE,OCS-Gulf of Mexico,0.0,0.0,0.0,0.0,0.0,15.9,0.0,15.9,0.0,0.0,0.0,0.0,0.0,0.0,0.0,0.0,0.0,0.0,0.0,0.0,0.0,0.0,0.0,15.9,0.0,15.9
2/2/2026,2018.0,20190306.0,16727.0,39316.0,"RENAISSANCE OFFSHORE, LLC",Crude Oil,INTERSTATE,TEXAS,0.0,0.0,0.0,2.73,0.0,11.46,0.0,14.19,0.0,0.0,0.0,0.0,0.0,0.0,0.0,0.0,0.0,0.0,0.0,0.0,0.0,0.0,2.73,11.46,0.0,14.19
2/2/2026,2018.0,20190590.0,17021.0,39325.0,"TALOS ENERGY, LLC",Crude Oil,INTERSTATE,LOUISIANA,0.0,0.149,0.149,0.0,0.0,0.0,0.0,0.0,0.0,0.0,0.0,0.0,0.0,0.0,0.0,0.0,0.0,0.0,0.0,0.0,0.0,0.0,0.0,0.149,0.0,0.149
2/2/2026,2018.0,20190590.0,17021.0,39325.0,"TALOS ENERGY, LLC",Crude Oil,INTERSTATE,OCS-Gulf of Mexico,0.0,0.698,0.698,0.0,0.0,0.0,0.0,0.0,0.0,0.0,0.0,0.0,0.0,0.0,0.0,0.0,0.0,0.0,0.0,0.0,0.0,0.0,0.0,0.698,0.0,0.698
2/2/2026,2018.0,20190217.0,17197.0,39336.0,"BR PORT SERVICES, LLC",Crude Oil,INTRASTATE,LOUISIANA,0.0,0.0,0.0,3.91,0.0,0.0,0.0,3.91,0.0,0.0,0.0,0.0,0.0,0.0,0.0,0.0,0.0,0.0,0.0,0.0,0.0,0.0,3.91,0.0,0.0,3.91
2/2/2026,2018.0,20190469.0,16900.0,39339.0,TINSLEY RESOURCES  LLC,Crude Oil,INTRASTATE,MISSISSIPPI,0.0,0.0,0.0,37.415,0.0,0.0,0.0,37.415,0.0,0.0,0.0,0.0,0.0,0.0,0.0,0.0,0.0,0.0,0.0,0.0,0.0,0.0,37.415,0.0,0.0,37.415
2/2/2026,2018.0,20190310.0,20831.0,39341.0,"CHALMETTE LOUISIANA LIQUIDS, LLC",HVL,INTRASTATE,LOUISIANA,0.0,0.0,0.0,42.28,0.0,0.0,0.0,42.28,0.0,0.0,0.0,0.0,0.0,0.0,0.0,0.0,0.0,0.0,0.0,0.0,0.0,0.0,42.28,0.0,0.0,42.28
2/2/2026,2018.0,20190415.0,16846.0,39342.0,MOTIVA DISTRIBUTION,Crude Oil,INTRASTATE,TEXAS,8.201,0.0,8.201,0.0,0.0,0.0,0.0,0.0,0.0,0.0,0.0,0.0,0.0,0.0,0.0,0.0,0.0,0.0,0.0,0.0,0.0,0.0,8.201,0.0,0.0,8.201
2/2/2026,2018.0,20190458.0,16889.0,39347.0,"ILLINOIS EXTENSION PIPELINE COMPANY, L.L.C.",Crude Oil,INTERSTATE,ILLINOIS,168.2,0.0,168.2,0.0,0.0,0.0,0.0,0.0,0.0,0.0,0.0,0.0,0.0,0.0,0.0,0.0,0.0,0.0,0.0,0.0,0.0,0.0,168.2,0.0,0.0,168.2
2/2/2026,2018.0,20190555.0,16986.0,39348.0,"NUSTAR PERMIAN TRANSPORTATION AND STORAGE, LLC",Crude Oil,INTRASTATE,TEXAS,340.2,0.0,340.2,0.0,0.0,0.0,0.0,0.0,0.0,0.0,0.0,0.0,0.0,0.0,0.0,0.0,0.0,0.0,0.0,0.0,0.0,0.0,340.2,0.0,0.0,340.2
2/2/2026,2018.0,20190235.0,16648.0,39349.0,"USG WHEATLAND PIPELINE, LLC",Crude Oil,INTRASTATE,NORTH DAKOTA,0.0,0.0,0.0,0.0,21.143,0.0,0.0,21.143,0.0,0.0,0.0,0.0,0.0,0.0,0.0,0.0,0.0,0.0,0.0,0.0,0.0,0.0,21.143,0.0,0.0,21.143
2/2/2026,2018.0,20210685.0,18805.0,39351.0,"MONARCH OIL PIPELINE, LLC",Crude Oil,INTERSTATE,OKLAHOMA,1.4,0.0,1.4,0.0,0.0,0.0,0.0,0.0,0.0,0.0,0.0,0.0,0.0,0.0,0.0,0.0,0.0,0.0,0.0,0.0,0.0,0.0,1.4,0.0,0.0,1.4
2/2/2026,2018.0,20210685.0,18805.0,39351.0,"MONARCH OIL PIPELINE, LLC",Crude Oil,INTERSTATE,TEXAS,38.3,0.0,38.3,0.0,0.0,0.0,0.0,0.0,0.0,0.0,0.0,0.0,0.0,0.0,0.0,0.0,0.0,0.0,0.0,0.0,0.0,0.0,38.3,0.0,0.0,38.3
2/2/2026,2018.0,20210685.0,18805.0,39351.0,"MONARCH OIL PIPELINE, LLC",Crude Oil,INTRASTATE,TEXAS,13.25,0.0,13.25,0.0,0.0,0.0,0.0,0.0,0.0,0.0,0.0,0.0,0.0,0.0,0.0,0.0,0.0,0.0,0.0,0.0,0.0,0.0,13.25,0.0,0.0,13.25
2/2/2026,2018.0,20190218.0,16630.0,39352.0,"GENESIS OFFSHORE HOLDINGS, LLC",Crude Oil,INTERSTATE,LOUISIANA,45.91,4.32,50.23,0.0,0.0,0.0,0.0,0.0,0.0,0.0,0.0,0.0,0.0,0.0,0.0,0.0,0.0,0.0,0.0,0.0,0.0,0.0,45.91,4.32,0.0,50.23
2/2/2026,2018.0,20190218.0,16630.0,39352.0,"GENESIS OFFSHORE HOLDINGS, LLC",Crude Oil,INTERSTATE,OCS-Gulf of Mexico,0.0,951.92,951.92,0.0,0.0,0.0,0.0,0.0,0.0,0.0,0.0,0.0,0.0,0.0,0.0,0.0,0.0,0.0,0.0,0.0,0.0,0.0,0.0,951.92,0.0,951.92
2/2/2026,2018.0,20190218.0,16630.0,39352.0,"GENESIS OFFSHORE HOLDINGS, LLC",Crude Oil,INTERSTATE,TEXAS,50.09,27.87,77.96,0.0,0.0,0.0,0.0,0.0,0.0,0.0,0.0,0.0,0.0,0.0,0.0,0.0,0.0,0.0,0.0,0.0,0.0,0.0,50.09,27.87,0.0,77.96
2/2/2026,2018.0,20190129.0,16529.0,39354.0,ENBRIDGE OFFSHORE FACILITIES,Crude Oil,INTERSTATE,OCS-Gulf of Mexico,0.0,114.3,114.3,0.0,0.0,0.0,0.0,0.0,0.0,0.0,0.0,0.0,0.0,0.0,0.0,0.0,0.0,0.0,0.0,0.0,0.0,0.0,0.0,114.3,0.0,114.3
2/2/2026,2018.0,20190087.0,16481.0,39360.0,"FAIRWAY ENERGY PARTNERS, LLC",Crude Oil,INTRASTATE,TEXAS,38.08,0.0,38.08,0.0,0.0,0.0,0.0,0.0,0.0,0.0,0.0,0.0,0.0,0.0,0.0,0.0,0.0,0.0,0.0,0.0,0.0,0.0,38.08,0.0,0.0,38.08
2/2/2026,2018.0,20190045.0,17978.0,39368.0,CRESTWOOD MIDSTREAM PARTNERS LP,Crude Oil,INTRASTATE,NORTH DAKOTA,139.94,0.0,139.94,0.0,3.17,0.0,0.0,3.17,0.0,0.0,0.0,0.0,0.0,0.0,0.0,0.0,0.0,0.0,0.0,0.0,0.0,0.0,143.11,0.0,0.0,143.11
2/2/2026,2018.0,20190045.0,17978.0,39368.0,CRESTWOOD MIDSTREAM PARTNERS LP,Crude Oil,INTRASTATE,TEXAS,2.15,0.0,2.15,0.0,0.0,0.0,0.0,0.0,0.0,0.0,0.0,0.0,0.0,0.0,0.0,0.0,0.0,0.0,0.0,0.0,0.0,0.0,2.15,0.0,0.0,2.15
2/2/2026,2018.0,20190653.0,17113.0,39369.0,ELLSJET TERMINAL,Refined and/or Petroleum Product (non-HVL),INTRASTATE,SOUTH DAKOTA,0.0,0.0,0.0,6.51,0.0,0.0,0.0,6.51,0.0,0.0,0.0,0.0,0.0,0.0,0.0,0.0,0.0,0.0,0.0,0.0,0.0,0.0,6.51,0.0,0.0,6.51
2/2/2026,2018.0,20190440.0,16871.0,39370.0,"NORTHWEST GAS PROCESSING, LLC",Crude Oil,INTRASTATE,IDAHO,0.0,0.0,0.0,11.2,0.0,0.0,0.0,11.2,0.0,0.0,0.0,0.0,0.0,0.0,0.0,0.0,0.0,0.0,0.0,0.0,0.0,0.0,11.2,0.0,0.0,11.2
2/2/2026,2018.0,20190030.0,16400.0,39376.0,"BLUE CUBE OPERATIONS, LLC.",HVL,INTRASTATE,TEXAS,1.43,0.0,1.43,0.0,0.0,0.0,0.0,0.0,0.0,0.0,0.0,0.0,0.0,0.0,0.0,0.0,0.0,0.0,0.0,0.0,0.0,0.0,1.43,0.0,0.0,1.43
2/2/2026,2018.0,20190572.0,17003.0,39377.0,"WHITNEY OIL & GAS, LLC",Crude Oil,INTRASTATE,LOUISIANA,0.0,0.0,0.0,0.0,0.0,9.15,0.0,9.15,0.0,0.0,0.0,0.0,0.0,0.0,0.0,0.0,0.0,0.0,0.0,0.0,0.0,0.0,0.0,9.15,0.0,9.15
2/2/2026,2018.0,20190219.0,16631.0,39389.0,"GEL TEXAS PIPELINE, LLC",Crude Oil,INTERSTATE,TEXAS,25.03,0.0,25.03,0.11,0.0,0.0,0.0,0.11,0.0,0.0,0.0,0.0,0.0,0.0,0.0,0.0,0.0,0.0,0.0,0.0,0.0,0.0,25.14,0.0,0.0,25.14
2/2/2026,2018.0,20190004.0,17919.0,39398.0,INEOS USA LLC,HVL,INTRASTATE,TEXAS,351.34,0.0,351.34,20.58,39.89,0.0,0.0,60.47,0.0,0.0,0.0,0.0,0.0,0.0,0.0,0.0,0.0,0.0,0.0,0.0,0.0,0.0,411.81,0.0,0.0,411.81
2/2/2026,2018.0,20190005.0,16360.0,39398.0,INEOS USA LLC,Refined and/or Petroleum Product (non-HVL),INTRASTATE,TEXAS,18.67,0.0,18.67,4.51,48.85,0.0,0.0,53.36,0.0,0.0,0.0,0.0,0.0,0.0,0.0,0.0,0.0,0.0,0.0,0.0,0.0,0.0,72.03,0.0,0.0,72.03
2/2/2026,2018.0,20190577.0,20905.0,39401.0,GREAT SALT PLAINS PIPELINE LLC,Crude Oil,INTRASTATE,OKLAHOMA,161.05,0.0,161.05,0.0,0.0,0.0,0.0,0.0,0.0,0.0,0.0,0.0,0.0,0.0,0.0,0.0,0.0,0.0,0.0,0.0,0.0,0.0,161.05,0.0,0.0,161.05
2/2/2026,2018.0,20190562.0,17932.0,39401.0,GREAT SALT PLAINS PIPELINE LLC,HVL,INTRASTATE,OKLAHOMA,0.17,0.0,0.17,0.0,0.0,0.0,0.0,0.0,0.0,0.0,0.0,0.0,0.0,0.0,0.0,0.0,0.0,0.0,0.0,0.0,0.0,0.0,0.17,0.0,0.0,0.17
2/2/2026,2018.0,20190541.0,16972.0,39409.0,"CHALMETTE REFINING, L.L.C.",Crude Oil,INTRASTATE,LOUISIANA,2.1,0.0,2.1,0.0,0.0,0.0,0.0,0.0,0.0,0.0,0.0,0.0,0.0,0.0,0.0,0.0,0.0,0.0,0.0,0.0,0.0,0.0,2.1,0.0,0.0,2.1
2/2/2026,2018.0,20190542.0,16973.0,39409.0,"CHALMETTE REFINING, L.L.C.",Refined and/or Petroleum Product (non-HVL),INTRASTATE,LOUISIANA,1.69,0.0,1.69,0.0,0.0,0.0,0.0,0.0,0.0,0.0,0.0,0.0,0.0,0.0,0.0,0.0,0.0,0.0,0.0,0.0,0.0,0.0,1.69,0.0,0.0,1.69
2/2/2026,2018.0,20190616.0,17048.0,39410.0,RELIANCE GATHERING LLC,Crude Oil,INTRASTATE,TEXAS,0.0,0.0,0.0,0.0,0.0,0.0,0.0,0.0,131.559,0.0,0.0,0.0,131.559,0.0,0.0,0.0,0.0,0.0,0.0,0.0,0.0,0.0,131.559,0.0,0.0,131.559
2/2/2026,2018.0,20190046.0,16430.0,39414.0,NST EXPRESS LLC,Crude Oil,INTRASTATE,NORTH DAKOTA,22.99,0.0,22.99,0.0,0.0,0.0,0.0,0.0,0.0,0.0,0.0,0.0,0.0,0.0,0.0,0.0,0.0,0.0,0.0,0.0,0.0,0.0,22.99,0.0,0.0,22.99
2/2/2026,2018.0,20190643.0,17079.0,39421.0,"NASCO PETROLEUM, LLC",Crude Oil,INTRASTATE,CALIFORNIA,2.78,0.0,2.78,0.0,0.0,0.0,0.0,0.0,0.0,0.0,0.0,0.0,0.0,0.0,0.0,0.0,0.0,0.0,0.0,0.0,0.0,0.0,2.78,0.0,0.0,2.78
2/2/2026,2018.0,20190031.0,16401.0,39424.0,"MAGNUM OPERATING, LLC",Crude Oil,INTRASTATE,TEXAS,0.0,8.0,8.0,0.0,0.0,0.0,0.0,0.0,0.0,0.0,0.0,0.0,0.0,0.0,0.0,0.0,0.0,0.0,0.0,0.0,0.0,0.0,0.0,8.0,0.0,8.0
2/2/2026,2018.0,20190103.0,16497.0,39433.0,"MAGELLAN OPERATING COMPANY, LLC",Crude Oil,INTRASTATE,TEXAS,15.61,0.0,15.61,9.39,0.0,0.0,0.0,9.39,0.0,0.0,0.0,0.0,0.0,0.0,0.0,0.0,0.0,0.0,0.0,0.0,0.0,0.0,25.0,0.0,0.0,25.0
2/2/2026,2018.0,20190104.0,16498.0,39433.0,"MAGELLAN OPERATING COMPANY, LLC",Refined and/or Petroleum Product (non-HVL),INTRASTATE,TEXAS,0.0,0.0,0.0,0.0,0.0,0.0,0.0,0.0,0.0,0.0,0.0,0.0,0.0,0.0,0.0,0.0,0.0,0.0,0.0,0.0,0.0,0.0,0.0,0.0,0.0,0.0
2/2/2026,2018.0,20190162.0,16568.0,39434.0,"FOOTHILLS TEXAS, INC.",Crude Oil,INTRASTATE,TEXAS,0.0,0.0,0.0,0.0,0.095,1.675,0.0,1.77,0.0,0.0,0.0,0.0,0.0,0.0,0.0,0.0,0.0,0.0,0.0,0.0,0.0,0.0,0.095,1.675,0.0,1.77
2/2/2026,2018.0,20190641.0,17124.0,39436.0,INDORAMA VENTURES OLEFINS LLC,HVL,INTERSTATE,LOUISIANA,27.7,0.0,27.7,0.0,0.0,0.0,0.0,0.0,0.0,0.0,0.0,0.0,0.0,0.0,0.0,0.0,0.0,0.0,0.0,0.0,0.0,0.0,27.7,0.0,0.0,27.7
2/2/2026,2018.0,20190641.0,17124.0,39436.0,INDORAMA VENTURES OLEFINS LLC,HVL,INTERSTATE,TEXAS,5.0,0.0,5.0,0.0,0.0,0.0,0.0,0.0,0.0,0.0,0.0,0.0,0.0,0.0,0.0,0.0,0.0,0.0,0.0,0.0,0.0,0.0,5.0,0.0,0.0,5.0
2/2/2026,2018.0,20190641.0,17124.0,39436.0,INDORAMA VENTURES OLEFINS LLC,HVL,INTRASTATE,LOUISIANA,0.09,0.0,0.09,0.0,0.0,0.0,0.0,0.0,0.0,0.0,0.0,0.0,0.0,0.0,0.0,0.0,0.0,0.0,0.0,0.0,0.0,0.0,0.09,0.0,0.0,0.09
2/2/2026,2018.0,20190271.0,16688.0,39440.0,DOUBLE H,Crude Oil,INTERSTATE,MONTANA,266.51,0.0,266.51,0.0,0.0,0.0,0.0,0.0,0.0,0.0,0.0,0.0,0.0,0.0,0.0,0.0,0.0,0.0,0.0,0.0,0.0,0.0,266.51,0.0,0.0,266.51
2/2/2026,2018.0,20190271.0,16688.0,39440.0,DOUBLE H,Crude Oil,INTERSTATE,NORTH DAKOTA,0.88,0.0,0.88,0.0,0.0,0.0,0.0,0.0,0.0,0.0,0.0,0.0,0.0,0.0,0.0,0.0,0.0,0.0,0.0,0.0,0.0,0.0,0.88,0.0,0.0,0.88
2/2/2026,2018.0,20190271.0,16688.0,39440.0,DOUBLE H,Crude Oil,INTERSTATE,WYOMING,244.67,0.0,244.67,0.0,0.0,0.0,0.0,0.0,0.0,0.0,0.0,0.0,0.0,0.0,0.0,0.0,0.0,0.0,0.0,0.0,0.0,0.0,244.67,0.0,0.0,244.67
2/2/2026,2018.0,20190663.0,17123.0,39442.0,JAMES LAKE MIDSTREAM,Refined and/or Petroleum Product (non-HVL),INTRASTATE,TEXAS,4.84,0.0,4.84,0.0,0.0,0.0,0.0,0.0,0.0,0.0,0.0,0.0,0.0,0.0,0.0,0.0,0.0,0.0,0.0,0.0,0.0,0.0,4.84,0.0,0.0,4.84
2/2/2026,2018.0,20190426.0,16857.0,39443.0,"NAVITAS MDSTR MIDLAND BASIN, LLC",HVL,INTRASTATE,TEXAS,1.5,0.0,1.5,0.0,0.0,0.0,0.0,0.0,0.0,0.0,0.0,0.0,0.0,0.0,0.0,0.0,0.0,0.0,0.0,0.0,0.0,0.0,1.5,0.0,0.0,1.5
2/2/2026,2018.0,20190118.0,16515.0,39459.0,"AMERICAN MIDSTREAM PERMIAN, LLC",HVL,INTRASTATE,TEXAS,0.0,0.0,0.0,0.0,9.73,0.0,0.0,9.73,0.0,0.0,0.0,0.0,0.0,0.0,0.0,0.0,0.0,0.0,0.0,0.0,0.0,0.0,9.73,0.0,0.0,9.73
2/2/2026,2018.0,20190336.0,16759.0,39462.0,"BAYOU BRIDGE PIPELINE, LLC",Crude Oil,INTERSTATE,LOUISIANA,24.26,0.0,24.26,0.0,0.0,0.0,0.0,0.0,0.0,0.0,0.0,0.0,0.0,0.0,0.0,0.0,0.0,0.0,0.0,0.0,0.0,0.0,24.26,0.0,0.0,24.26
2/2/2026,2018.0,20190336.0,16759.0,39462.0,"BAYOU BRIDGE PIPELINE, LLC",Crude Oil,INTERSTATE,TEXAS,24.9,0.0,24.9,0.0,0.0,0.0,0.0,0.0,0.0,0.0,0.0,0.0,0.0,0.0,0.0,0.0,0.0,0.0,0.0,0.0,0.0,0.0,24.9,0.0,0.0,24.9
2/2/2026,2018.0,20190565.0,17203.0,39467.0,"KURARAY AMERICA, INC.",HVL,INTRASTATE,TEXAS,0.0,0.0,0.0,9.14,0.0,0.0,0.0,9.14,0.0,0.0,0.0,0.0,0.0,0.0,0.0,0.0,0.0,0.0,0.0,0.0,0.0,0.0,9.14,0.0,0.0,9.14
2/2/2026,2018.0,20190371.0,16798.0,39474.0,MODA INGLESIDE LLC,Crude Oil,INTRASTATE,TEXAS,31.6,0.0,31.6,0.0,0.0,0.0,0.0,0.0,0.0,0.0,0.0,0.0,0.0,0.0,0.0,0.0,0.0,0.0,0.0,0.0,0.0,0.0,31.6,0.0,0.0,31.6
2/2/2026,2018.0,20190385.0,16812.0,39474.0,MODA INGLESIDE LLC,HVL,INTRASTATE,TEXAS,18.1,0.0,18.1,0.0,0.0,0.0,0.0,0.0,0.0,0.0,0.0,0.0,0.0,0.0,0.0,0.0,0.0,0.0,0.0,0.0,0.0,0.0,18.1,0.0,0.0,18.1
2/2/2026,2018.0,20190640.0,17074.0,39477.0,"KEYERA ENERGY, INC.",HVL,INTRASTATE,OKLAHOMA,0.0,0.0,0.0,0.0,0.0,0.0,0.0,0.0,3.4,0.0,0.0,0.0,3.4,0.0,0.0,0.0,0.0,0.0,0.0,0.0,0.0,0.0,3.4,0.0,0.0,3.4
2/2/2026,2018.0,20190640.0,17074.0,39477.0,"KEYERA ENERGY, INC.",HVL,INTRASTATE,TEXAS,24.85,0.0,24.85,32.2,0.0,0.0,0.0,32.2,0.0,0.0,0.0,0.0,0.0,0.0,0.0,0.0,0.0,0.0,0.0,0.0,0.0,0.0,57.05,0.0,0.0,57.05
2/2/2026,2018.0,20190122.0,16520.0,39487.0,COPANO PROCESSING LLC,HVL,INTRASTATE,TEXAS,3.16,0.0,3.16,0.0,0.0,0.0,0.0,0.0,0.0,0.0,0.0,0.0,0.0,0.0,0.0,0.0,0.0,0.0,0.0,0.0,0.0,0.0,3.16,0.0,0.0,3.16
2/2/2026,2018.0,20193692.0,16351.0,39488.0,"KINGFISHER MIDSTREAM, LLC",HVL,INTRASTATE,OKLAHOMA,4.06,0.0,4.06,0.0,0.0,0.0,0.0,0.0,0.0,0.0,0.0,0.0,0.0,0.0,0.0,0.0,0.0,0.0,0.0,0.0,0.0,0.0,4.06,0.0,0.0,4.06
2/2/2026,2018.0,20190309.0,16730.0,39490.0,PETRA NOVA CCS I LLC,CO2,INTRASTATE,TEXAS,0.36,0.0,0.36,0.0,0.0,0.0,0.0,0.0,0.0,0.0,0.0,0.0,0.0,0.0,0.0,0.0,0.0,0.0,0.0,0.0,0.0,0.0,0.36,0.0,0.0,0.36
2/2/2026,2018.0,20190233.0,16646.0,39492.0,"CELANESE CHEMICALS, INC",HVL,INTRASTATE,TEXAS,0.0,0.0,0.0,21.459,0.0,0.0,0.0,21.459,0.0,0.0,0.0,0.0,0.0,0.0,0.0,0.0,0.0,0.0,0.0,0.0,0.0,0.0,21.459,0.0,0.0,21.459
2/2/2026,2018.0,20190465.0,16896.0,39495.0,"ENLINK CRUDE PIPELINE, LLC",Crude Oil,INTRASTATE,TEXAS,52.645,0.0,52.645,0.0,0.0,0.0,0.0,0.0,0.0,0.0,0.0,0.0,0.0,0.0,0.0,0.0,0.0,0.0,0.0,0.0,0.0,0.0,52.645,0.0,0.0,52.645
2/2/2026,2018.0,20193680.0,16331.0,39497.0,MATRIX OIL CORP,Crude Oil,INTRASTATE,CALIFORNIA,0.0,0.0,0.0,1.296,0.0,0.0,0.0,1.296,0.0,0.0,0.0,0.0,0.0,0.0,0.0,0.0,0.0,0.0,0.0,0.0,0.0,0.0,1.296,0.0,0.0,1.296
2/2/2026,2018.0,20190601.0,17033.0,39498.0,COX OPERATING LLC,Crude Oil,INTERSTATE,LOUISIANA,0.0,0.0,0.0,6.3,0.0,4.22,0.0,10.52,0.0,0.0,0.0,0.0,0.0,0.0,0.0,0.0,0.0,0.0,0.0,0.0,0.0,0.0,6.3,4.22,0.0,10.52
2/2/2026,2018.0,20190105.0,16499.0,39504.0,"MAGELLAN CRUDE OIL PIPELINE COMPANY, L.P.",Crude Oil,INTERSTATE,TEXAS,472.47,0.0,472.47,3.41,0.0,0.0,0.0,3.41,0.0,0.0,0.0,0.0,0.0,0.0,0.0,0.0,0.0,0.0,0.0,0.0,0.0,0.0,475.88,0.0,0.0,475.88
2/2/2026,2018.0,20190105.0,16499.0,39504.0,"MAGELLAN CRUDE OIL PIPELINE COMPANY, L.P.",Crude Oil,INTRASTATE,TEXAS,117.14,0.0,117.14,0.01,0.0,0.0,0.0,0.01,0.0,0.0,0.0,0.0,0.0,0.0,0.0,0.0,0.0,0.0,0.0,0.0,0.0,0.0,117.15,0.0,0.0,117.15
2/2/2026,2018.0,20190639.0,17072.0,39506.0,PEAK MIDSTREAM GOLDSBORO LLC,Refined and/or Petroleum Product (non-HVL),INTRASTATE,NORTH CAROLINA,0.0,0.0,0.0,5.62,0.0,0.0,0.0,5.62,0.0,0.0,0.0,0.0,0.0,0.0,0.0,0.0,0.0,0.0,0.0,0.0,0.0,0.0,5.62,0.0,0.0,5.62
2/2/2026,2018.0,20190609.0,17041.0,39509.0,"ITC PIPELINE COMPANY, LLC",Refined and/or Petroleum Product (non-HVL),INTRASTATE,TEXAS,3.874,0.0,3.874,0.0,0.0,0.0,0.0,0.0,0.0,0.0,0.0,0.0,0.0,0.0,0.0,0.0,0.0,0.0,0.0,0.0,0.0,0.0,3.874,0.0,0.0,3.874
2/2/2026,2018.0,20190661.0,17121.0,39511.0,CAPROCK PERMIAN PROCESSING LLC,HVL,INTRASTATE,TEXAS,10.47,0.0,10.47,0.0,0.0,0.0,0.0,0.0,0.0,0.0,0.0,0.0,0.0,0.0,0.0,0.0,0.0,0.0,0.0,0.0,0.0,0.0,10.47,0.0,0.0,10.47
2/2/2026,2018.0,20190471.0,16902.0,39512.0,DELAWARE G&P LLC,HVL,INTRASTATE,TEXAS,2.476,0.0,2.476,0.0,0.0,0.0,0.0,0.0,0.0,0.0,0.0,0.0,0.0,0.0,0.0,0.0,0.0,0.0,0.0,0.0,0.0,0.0,2.476,0.0,0.0,2.476
2/2/2026,2018.0,20190273.0,18794.0,39518.0,KINDER MORGAN UTOPIA LLC,HVL,INTERSTATE,MICHIGAN,59.97,0.0,59.97,0.0,0.0,0.0,0.0,0.0,0.0,0.0,0.0,0.0,0.0,0.0,0.0,0.0,0.0,0.0,0.0,0.0,0.0,0.0,59.97,0.0,0.0,59.97
2/2/2026,2018.0,20190273.0,18794.0,39518.0,KINDER MORGAN UTOPIA LLC,HVL,INTERSTATE,OHIO,205.77,0.0,205.77,0.0,0.0,0.0,0.0,0.0,0.0,0.0,0.0,0.0,0.0,0.0,0.0,0.0,0.0,0.0,0.0,0.0,0.0,0.0,205.77,0.0,0.0,205.77
2/2/2026,2018.0,20190531.0,16962.0,39532.0,TORRANCE BASIN PIPELINE COMPANY LLC,Crude Oil,INTRASTATE,CALIFORNIA,13.893,0.0,13.893,0.0,0.0,0.0,0.0,0.0,0.0,0.0,0.0,0.0,0.0,0.0,0.0,0.0,0.0,0.0,0.0,0.0,0.0,0.0,13.893,0.0,0.0,13.893
2/2/2026,2018.0,20190532.0,16963.0,39532.0,TORRANCE BASIN PIPELINE COMPANY LLC,Refined and/or Petroleum Product (non-HVL),INTRASTATE,CALIFORNIA,8.28,0.0,8.28,0.0,0.0,0.0,0.0,0.0,0.0,0.0,0.0,0.0,0.0,0.0,0.0,0.0,0.0,0.0,0.0,0.0,0.0,0.0,8.28,0.0,0.0,8.28
2/2/2026,2018.0,20190533.0,16964.0,39533.0,TORRANCE LOGISTICS COMPANY LLC,Crude Oil,INTRASTATE,CALIFORNIA,0.839,0.0,0.839,0.0,0.0,0.0,0.0,0.0,0.0,0.0,0.0,0.0,0.0,0.0,0.0,0.0,0.0,0.0,0.0,0.0,0.0,0.0,0.839,0.0,0.0,0.839
2/2/2026,2018.0,20190535.0,16966.0,39534.0,TORRANCE VALLEY PIPELINE COMPANY LLC,Crude Oil,INTRASTATE,CALIFORNIA,181.455,0.0,181.455,0.0,0.0,0.0,0.0,0.0,0.0,0.0,0.0,0.0,0.0,0.0,0.0,0.0,0.0,0.0,0.0,0.0,0.0,0.0,181.455,0.0,0.0,181.455
2/2/2026,2018.0,20190536.0,16967.0,39535.0,TORRANCE PIPELINE COMPANY LLC,Crude Oil,INTRASTATE,CALIFORNIA,10.691,0.0,10.691,0.0,0.0,0.0,0.0,0.0,0.0,0.0,0.0,0.0,0.0,0.0,0.0,0.0,0.0,0.0,0.0,0.0,0.0,0.0,10.691,0.0,0.0,10.691
2/2/2026,2018.0,20190537.0,16968.0,39535.0,TORRANCE PIPELINE COMPANY LLC,Refined and/or Petroleum Product (non-HVL),INTRASTATE,CALIFORNIA,85.882,0.0,85.882,0.0,0.0,0.0,0.0,0.0,0.0,0.0,0.0,0.0,0.0,0.0,0.0,0.0,0.0,0.0,0.0,0.0,0.0,0.0,85.882,0.0,0.0,85.882
2/2/2026,2018.0,20190298.0,16716.0,39540.0,"ARB MIDSTREAM, LLC",Crude Oil,INTRASTATE,COLORADO,0.0,0.0,0.0,27.7,11.9,0.0,0.0,39.6,0.0,0.0,0.0,0.0,0.0,0.0,0.0,0.0,0.0,0.0,0.0,0.0,0.0,0.0,39.6,0.0,0.0,39.6
2/2/2026,2018.0,20190254.0,17167.0,39551.0,"STAKEHOLDER MIDSTREAM CRUDE OIL PIPELINE, LLC",Crude Oil,INTRASTATE,TEXAS,23.58,0.0,23.58,0.0,0.0,0.0,0.0,0.0,0.0,0.0,0.0,0.0,0.0,0.0,0.0,0.0,0.0,0.0,0.0,0.0,0.0,0.0,23.58,0.0,0.0,23.58
2/2/2026,2018.0,20190355.0,17868.0,39556.0,ISLAND ENERGY SERVICES,Refined and/or Petroleum Product (non-HVL),INTRASTATE,HAWAII,45.259,0.0,45.259,0.0,0.0,0.0,0.0,0.0,0.0,0.0,0.0,0.0,0.0,0.0,0.0,0.0,0.0,0.0,0.0,0.0,0.0,0.0,45.259,0.0,0.0,45.259
2/2/2026,2018.0,20190597.0,18163.0,39565.0,TORRENT OIL LLC,Crude Oil,INTRASTATE,TEXAS,0.0,0.0,0.0,0.0,0.0,24.01,0.0,24.01,0.0,0.0,0.0,0.0,0.0,0.0,0.0,0.0,0.0,0.0,0.0,0.0,0.0,0.0,0.0,24.01,0.0,24.01
2/2/2026,2018.0,20190301.0,16722.0,39566.0,LUCID ENERGY DELAWARE LLC,HVL,INTRASTATE,NEW MEXICO,27.6,0.0,27.6,0.0,0.0,0.0,0.0,0.0,0.0,0.0,0.0,0.0,0.0,0.0,0.0,0.0,0.0,0.0,0.0,0.0,0.0,0.0,27.6,0.0,0.0,27.6
2/2/2026,2018.0,20190596.0,17027.0,39581.0,CALIBER BEAR DEN INTERCONNECT LLC,Crude Oil,INTRASTATE,NORTH DAKOTA,5.66,0.0,5.66,0.0,0.0,0.0,0.0,0.0,0.0,0.0,0.0,0.0,0.0,0.0,0.0,0.0,0.0,0.0,0.0,0.0,0.0,0.0,5.66,0.0,0.0,5.66
2/2/2026,2018.0,20190649.0,17986.0,39587.0,"SAVAGE BAKKEN CONNECTOR, INC",Crude Oil,INTERSTATE,NORTH DAKOTA,2.25,0.0,2.25,0.0,0.0,0.0,0.0,0.0,0.0,0.0,0.0,0.0,0.0,0.0,0.0,0.0,0.0,0.0,0.0,0.0,0.0,0.0,2.25,0.0,0.0,2.25
2/2/2026,2018.0,20190259.0,17175.0,39589.0,"STATELINE CRUDE, LLC",Crude Oil,INTERSTATE,NEW MEXICO,4.75,0.0,4.75,0.0,0.0,0.0,0.0,0.0,0.0,0.0,0.0,0.0,0.0,0.0,0.0,0.0,0.0,0.0,0.0,0.0,0.0,0.0,4.75,0.0,0.0,4.75
2/2/2026,2018.0,20190259.0,17175.0,39589.0,"STATELINE CRUDE, LLC",Crude Oil,INTERSTATE,TEXAS,2.78,0.0,2.78,0.0,0.0,0.0,0.0,0.0,0.0,0.0,0.0,0.0,0.0,0.0,0.0,0.0,0.0,0.0,0.0,0.0,0.0,0.0,2.78,0.0,0.0,2.78
2/2/2026,2018.0,20190259.0,17175.0,39589.0,"STATELINE CRUDE, LLC",Crude Oil,INTRASTATE,TEXAS,15.55,0.0,15.55,0.0,0.0,0.0,0.0,0.0,0.0,0.0,0.0,0.0,0.0,0.0,0.0,0.0,0.0,0.0,0.0,0.0,0.0,0.0,15.55,0.0,0.0,15.55
2/2/2026,2018.0,20190152.0,16555.0,39593.0,QEP ENERGY COMPANY,Crude Oil,INTRASTATE,TEXAS,0.0,0.0,0.0,0.0,2.8,0.0,0.0,2.8,0.0,0.0,0.0,0.0,0.0,0.0,0.0,0.0,0.0,0.0,0.0,0.0,0.0,0.0,2.8,0.0,0.0,2.8
2/2/2026,2018.0,20190337.0,16760.0,39596.0,PERMIAN EXPRESS PARTNERS LLC,Crude Oil,INTERSTATE,ARKANSAS,298.05,0.0,298.05,0.0,0.0,0.0,0.0,0.0,0.0,0.0,0.0,0.0,0.0,0.0,0.0,0.0,0.0,0.0,0.0,0.0,0.0,0.0,298.05,0.0,0.0,298.05
2/2/2026,2018.0,20190337.0,16760.0,39596.0,PERMIAN EXPRESS PARTNERS LLC,Crude Oil,INTERSTATE,ILLINOIS,79.36,0.0,79.36,0.0,0.0,0.0,0.0,0.0,0.0,0.0,0.0,0.0,0.0,0.0,0.0,0.0,0.0,0.0,0.0,0.0,0.0,0.0,79.36,0.0,0.0,79.36
2/2/2026,2018.0,20190337.0,16760.0,39596.0,PERMIAN EXPRESS PARTNERS LLC,Crude Oil,INTERSTATE,LOUISIANA,240.87,0.0,240.87,0.0,0.0,0.0,0.0,0.0,0.0,0.0,0.0,0.0,0.0,0.0,0.0,0.0,0.0,0.0,0.0,0.0,0.0,0.0,240.87,0.0,0.0,240.87
2/2/2026,2018.0,20190337.0,16760.0,39596.0,PERMIAN EXPRESS PARTNERS LLC,Crude Oil,INTERSTATE,MISSOURI,121.08,0.0,121.08,0.0,0.0,0.0,0.0,0.0,0.0,0.0,0.0,0.0,0.0,0.0,0.0,0.0,0.0,0.0,0.0,0.0,0.0,0.0,121.08,0.0,0.0,121.08
2/2/2026,2018.0,20190337.0,16760.0,39596.0,PERMIAN EXPRESS PARTNERS LLC,Crude Oil,INTERSTATE,TEXAS,947.69,0.0,947.69,0.0,0.0,0.0,0.0,0.0,0.0,0.0,0.0,0.0,0.0,0.0,0.0,0.0,0.0,0.0,0.0,0.0,0.0,0.0,947.69,0.0,0.0,947.69
2/2/2026,2018.0,20190337.0,16760.0,39596.0,PERMIAN EXPRESS PARTNERS LLC,Crude Oil,INTRASTATE,TEXAS,28.55,0.0,28.55,0.0,0.0,0.0,0.0,0.0,0.0,0.0,0.0,0.0,0.0,0.0,0.0,0.0,0.0,0.0,0.0,0.0,0.0,0.0,28.55,0.0,0.0,28.55
2/2/2026,2018.0,20190338.0,16761.0,39596.0,PERMIAN EXPRESS PARTNERS LLC,HVL,INTRASTATE,OKLAHOMA,62.95,0.0,62.95,0.0,0.0,0.0,0.0,0.0,0.0,0.0,0.0,0.0,0.0,0.0,0.0,0.0,0.0,0.0,0.0,0.0,0.0,0.0,62.95,0.0,0.0,62.95
2/2/2026,2018.0,20193682.0,16337.0,39600.0,VAQUERO PERMIAN PROCESSING LLC,HVL,INTRASTATE,TEXAS,3.265,0.0,3.265,0.0,0.0,0.0,0.0,0.0,0.0,0.0,0.0,0.0,0.0,0.0,0.0,0.0,0.0,0.0,0.0,0.0,0.0,0.0,3.265,0.0,0.0,3.265
2/2/2026,2018.0,20190660.0,17120.0,39606.0,CAPROCK PERMIAN CRUDE LLC,Crude Oil,INTRASTATE,TEXAS,0.0,0.0,0.0,0.0,20.0,0.0,0.0,20.0,0.0,0.0,0.0,0.0,0.0,0.0,9.52,0.0,9.52,0.0,0.0,0.0,0.0,0.0,29.52,0.0,0.0,29.52
2/2/2026,2018.0,20190453.0,16884.0,39607.0,"TWIN EAGLE GARDENDALE PIPELINE, LLC",Crude Oil,INTRASTATE,TEXAS,0.0,0.0,0.0,0.0,2.16,0.0,0.0,2.16,0.0,0.0,0.0,0.0,0.0,0.0,0.0,0.0,0.0,0.0,0.0,0.0,0.0,0.0,2.16,0.0,0.0,2.16
2/2/2026,2018.0,20190095.0,16489.0,39610.0,"CPE GATHERING MIDCON, LLC",Crude Oil,INTRASTATE,OKLAHOMA,0.0,0.0,0.0,0.0,16.76,0.0,0.0,16.76,0.0,0.0,0.0,0.0,0.0,0.0,0.0,0.0,0.0,0.0,0.0,0.0,0.0,0.0,16.76,0.0,0.0,16.76
2/2/2026,2018.0,20190363.0,16787.0,39617.0,SHELL OIL PRODUCTS US - CONVENT REFINERY,HVL,INTRASTATE,LOUISIANA,20.7,0.0,20.7,0.0,0.0,0.0,0.0,0.0,0.0,0.0,0.0,0.0,0.0,0.0,0.0,0.0,0.0,0.0,0.0,0.0,0.0,0.0,20.7,0.0,0.0,20.7
2/2/2026,2018.0,20190184.0,16595.0,39618.0,TORRANCE REFINING COMPANY LLC,Crude Oil,INTRASTATE,CALIFORNIA,0.0,0.0,0.0,0.0,0.0,0.0,0.0,0.0,0.0,0.0,0.0,0.0,0.0,0.0,0.0,0.0,0.0,0.0,0.0,0.0,0.0,0.0,0.0,0.0,0.0,0.0
2/2/2026,2018.0,20190647.0,17089.0,39636.0,"CARBON CALIFORNIA OPERATING COMPANY, LLC",Crude Oil,INTRASTATE,CALIFORNIA,0.0,0.0,0.0,0.0,3.7,0.0,0.0,3.7,0.0,0.0,0.0,0.0,0.0,0.0,0.0,0.0,0.0,0.0,0.0,0.0,0.0,0.0,3.7,0.0,0.0,3.7
2/2/2026,2018.0,20190040.0,16420.0,39637.0,UTAH GAS OP LTD DBA UTAH GAS CORP,HVL,INTERSTATE,COLORADO,15.1,0.0,15.1,0.0,0.0,0.0,0.0,0.0,0.0,0.0,0.0,0.0,0.0,0.0,0.0,0.0,0.0,0.0,0.0,0.0,0.0,0.0,15.1,0.0,0.0,15.1
2/2/2026,2018.0,20190040.0,16420.0,39637.0,UTAH GAS OP LTD DBA UTAH GAS CORP,HVL,INTERSTATE,UTAH,1.6,0.0,1.6,0.0,0.0,0.0,0.0,0.0,0.0,0.0,0.0,0.0,0.0,0.0,0.0,0.0,0.0,0.0,0.0,0.0,0.0,0.0,1.6,0.0,0.0,1.6
2/2/2026,2018.0,20190013.0,16375.0,39638.0,ALPINE HIGH NGL PIPELINE LP,HVL,INTRASTATE,TEXAS,25.59,0.0,25.59,0.0,0.0,0.0,0.0,0.0,0.0,0.0,0.0,0.0,0.0,0.0,0.0,0.0,0.0,0.0,0.0,0.0,0.0,0.0,25.59,0.0,0.0,25.59
2/2/2026,2018.0,20190051.0,16438.0,39639.0,TANKS R US,Refined and/or Petroleum Product (non-HVL),INTRASTATE,MICHIGAN,0.0,0.0,0.0,0.0,0.0,0.0,0.0,0.0,0.0,0.01,0.0,0.0,0.01,0.0,0.0,0.0,0.0,0.0,0.0,0.0,0.0,0.0,0.01,0.0,0.0,0.01
2/2/2026,2018.0,20190391.0,16818.0,39647.0,VALERO TEXAS CITY REFINERY,Refined and/or Petroleum Product (non-HVL),INTRASTATE,TEXAS,5.22,0.0,5.22,0.0,0.0,0.0,0.0,0.0,0.0,0.0,0.0,0.0,0.0,0.0,0.0,0.0,0.0,0.0,0.0,0.0,0.0,0.0,5.22,0.0,0.0,5.22
2/2/2026,2018.0,20190496.0,16927.0,39648.0,VALERO HOUSTON REFINERY,Crude Oil,INTRASTATE,TEXAS,0.16,0.0,0.16,1.24,0.0,0.0,0.0,1.24,0.0,0.0,0.0,0.0,0.0,0.0,0.0,0.0,0.0,0.0,0.0,0.0,0.0,0.0,1.4,0.0,0.0,1.4
2/2/2026,2018.0,20190497.0,16928.0,39648.0,VALERO HOUSTON REFINERY,HVL,INTRASTATE,TEXAS,3.78,0.0,3.78,0.0,0.0,0.0,0.0,0.0,0.0,0.0,0.0,0.0,0.0,0.0,0.0,0.0,0.0,0.0,0.0,0.0,0.0,0.0,3.78,0.0,0.0,3.78
2/2/2026,2018.0,20190499.0,16930.0,39648.0,VALERO HOUSTON REFINERY,Refined and/or Petroleum Product (non-HVL),INTRASTATE,TEXAS,9.57,0.0,9.57,0.0,0.0,0.0,0.0,0.0,0.0,0.0,0.0,0.0,0.0,0.0,0.0,0.0,0.0,0.0,0.0,0.0,0.0,0.0,9.57,0.0,0.0,9.57
2/2/2026,2018.0,20190613.0,17045.0,39649.0,"IRONWOOD MIDSTREAM ENERGY PARTNERS, LLC",Crude Oil,INTRASTATE,TEXAS,14.82,0.0,14.82,0.93,4.12,0.0,0.0,5.05,0.0,0.0,0.0,0.0,0.0,0.0,0.0,0.0,0.0,0.0,0.0,0.0,0.0,0.0,19.87,0.0,0.0,19.87
2/2/2026,2018.0,20190125.0,16523.0,39654.0,ORYX DELAWARE OIL TRANSPORT LLC,Crude Oil,INTERSTATE,TEXAS,70.23,0.0,70.23,0.0,0.0,0.0,0.0,0.0,0.0,0.0,0.0,0.0,0.0,0.0,0.0,0.0,0.0,0.0,0.0,0.0,0.0,0.0,70.23,0.0,0.0,70.23
2/2/2026,2018.0,20190125.0,16523.0,39654.0,ORYX DELAWARE OIL TRANSPORT LLC,Crude Oil,INTRASTATE,TEXAS,10.7,0.0,10.7,0.0,0.0,0.0,0.0,0.0,0.0,0.0,0.0,0.0,0.0,0.0,0.0,0.0,0.0,0.0,0.0,0.0,0.0,0.0,10.7,0.0,0.0,10.7
2/2/2026,2018.0,20190088.0,16482.0,39663.0,"PETROGAS WEST, LLC",HVL,INTRASTATE,WASHINGTON,0.0,0.0,0.0,0.4,0.0,0.0,0.0,0.4,0.0,0.0,0.0,0.0,0.0,0.0,0.0,0.0,0.0,0.0,0.0,0.0,0.0,0.0,0.4,0.0,0.0,0.4
2/2/2026,2018.0,20190228.0,16640.0,39666.0,FORMULA MIDSTREAM PARTNERS LLC,Crude Oil,INTRASTATE,TEXAS,0.0,0.0,0.0,0.0,23.11,0.0,0.0,23.11,0.0,0.0,0.0,0.0,0.0,0.0,0.0,0.0,0.0,0.0,0.0,0.0,0.0,0.0,23.11,0.0,0.0,23.11
2/2/2026,2018.0,20190047.0,16431.0,39670.0,"SEAHAWK PIPELINE, LLC",Crude Oil,INTRASTATE,TEXAS,20.89,0.0,20.89,0.0,0.0,0.0,0.0,0.0,0.0,0.0,0.0,0.0,0.0,0.0,0.0,0.0,0.0,0.0,0.0,0.0,0.0,0.0,20.89,0.0,0.0,20.89
2/2/2026,2018.0,20190480.0,16911.0,39675.0,"SCT PIPELINE, LLC",Crude Oil,INTRASTATE,OKLAHOMA,17.49,0.0,17.49,0.0,0.0,0.0,0.0,0.0,0.0,0.0,0.0,0.0,0.0,0.0,0.0,0.0,0.0,0.0,0.0,0.0,0.0,0.0,17.49,0.0,0.0,17.49
2/2/2026,2018.0,20190357.0,18123.0,39684.0,ROCKY MOUNTAIN MIDSTREAM PIPELINE LLC,Crude Oil,INTRASTATE,COLORADO,17.56,0.0,17.56,0.0,0.0,0.0,0.0,0.0,0.0,0.0,0.0,0.0,0.0,0.0,0.0,0.0,0.0,0.0,0.0,0.0,0.0,0.0,17.56,0.0,0.0,17.56
2/2/2026,2018.0,20190479.0,16910.0,39687.0,"BRAZOS DELAWARE CRUDE, LLC",HVL,INTRASTATE,TEXAS,12.37,0.0,12.37,0.0,0.0,0.0,0.0,0.0,0.0,0.0,0.0,0.0,0.0,0.0,0.0,0.0,0.0,0.0,0.0,0.0,0.0,0.0,12.37,0.0,0.0,12.37
2/2/2026,2018.0,20193691.0,16348.0,39694.0,"BRIDGE ENERGY, LLC",Crude Oil,INTRASTATE,CALIFORNIA,0.0,0.0,0.0,3.5,0.0,0.0,0.0,3.5,0.0,0.0,0.0,0.0,0.0,0.0,0.0,0.0,0.0,0.0,0.0,0.0,0.0,0.0,3.5,0.0,0.0,3.5
2/2/2026,2018.0,20190574.0,17005.0,39698.0,S2 ENERGY OPERATING LLC,Crude Oil,INTRASTATE,LOUISIANA,0.0,0.0,0.0,0.0,0.0,0.21,0.0,0.21,0.0,0.0,0.0,0.0,0.0,0.0,0.0,0.0,0.0,0.0,0.0,0.0,0.0,0.0,0.0,0.21,0.0,0.21
2/2/2026,2018.0,20190614.0,17046.0,39708.0,"SYDRI OPERATING, INC.",Crude Oil,INTRASTATE,TEXAS,0.0,0.0,0.0,1.27,0.0,0.0,0.0,1.27,0.0,0.0,0.0,0.0,0.0,0.0,0.0,0.0,0.0,0.0,0.0,0.0,0.0,0.0,1.27,0.0,0.0,1.27
2/2/2026,2018.0,20190437.0,17069.0,39713.0,CANTIUM. LLC,Crude Oil,INTERSTATE,LOUISIANA,0.0,14.189,14.189,0.0,0.0,0.0,0.0,0.0,0.0,0.0,0.0,0.0,0.0,0.0,0.0,0.0,0.0,0.0,0.0,0.0,0.0,0.0,0.0,14.189,0.0,14.189
2/2/2026,2018.0,20190437.0,17069.0,39713.0,CANTIUM. LLC,Crude Oil,INTERSTATE,OCS-Gulf of Mexico,0.0,0.48,0.48,0.0,0.0,0.0,0.0,0.0,0.0,0.0,0.0,0.0,0.0,0.0,0.0,0.0,0.0,0.0,0.0,0.0,0.0,0.0,0.0,0.48,0.0,0.48
2/2/2026,2018.0,20190483.0,16914.0,39731.0,VANTAGE PIPELINE US LP,HVL,INTERSTATE,NORTH DAKOTA,127.11,0.0,127.11,0.0,0.0,0.0,0.0,0.0,0.0,0.0,0.0,0.0,0.0,0.0,0.0,0.0,0.0,0.0,0.0,0.0,0.0,0.0,127.11,0.0,0.0,127.11
2/2/2026,2018.0,20190610.0,17042.0,39739.0,OCELOT ENERGY MANAGEMENT LLC,Refined and/or Petroleum Product (non-HVL),INTRASTATE,TEXAS,16.71,0.0,16.71,0.0,0.0,0.0,0.0,0.0,0.0,0.0,0.0,0.0,0.0,0.0,0.0,0.0,0.0,0.0,0.0,0.0,0.0,0.0,16.71,0.0,0.0,16.71
2/2/2026,2018.0,20190600.0,17031.0,39745.0,"SEAPORT MIDSTREAM PARTNERS, LLC.",Refined and/or Petroleum Product (non-HVL),INTRASTATE,OREGON,0.0,0.0,0.0,0.0,0.0,0.0,0.0,0.0,0.0,0.0,0.0,0.0,0.0,0.0,0.0,0.0,0.0,0.0,0.0,0.0,0.0,0.0,0.0,0.0,0.0,0.0
2/2/2026,2018.0,20190017.0,16380.0,39752.0,"STAKEHOLDER GAS UTILITY, LLC",HVL,INTRASTATE,TEXAS,30.97,0.0,30.97,0.0,0.0,0.0,0.0,0.0,0.0,0.0,0.0,0.0,0.0,0.0,0.0,0.0,0.0,0.0,0.0,0.0,0.0,0.0,30.97,0.0,0.0,30.97
2/2/2026,2018.0,20190570.0,17001.0,39754.0,"PERDURE PETROLEUM, LLC",CO2,INTERSTATE,KANSAS,0.0,0.0,0.0,15.249,0.0,0.0,0.0,15.249,0.0,0.0,0.0,0.0,0.0,0.0,0.0,0.0,0.0,0.0,0.0,0.0,0.0,0.0,15.249,0.0,0.0,15.249
2/2/2026,2018.0,20190570.0,17001.0,39754.0,"PERDURE PETROLEUM, LLC",CO2,INTERSTATE,OKLAHOMA,0.0,0.0,0.0,107.99,0.0,0.0,0.0,107.99,0.0,0.0,0.0,0.0,0.0,0.0,0.0,0.0,0.0,0.0,0.0,0.0,0.0,0.0,107.99,0.0,0.0,107.99
2/2/2026,2018.0,20190570.0,17001.0,39754.0,"PERDURE PETROLEUM, LLC",CO2,INTERSTATE,TEXAS,0.0,0.0,0.0,119.08,0.0,0.0,0.0,119.08,0.0,0.0,0.0,0.0,0.0,0.0,0.0,0.0,0.0,0.0,0.0,0.0,0.0,0.0,119.08,0.0,0.0,119.08
2/2/2026,2018.0,20200006.0,17244.0,39763.0,"FELIX MIDSTREAM, LLC.",Crude Oil,INTRASTATE,TEXAS,28.11,0.0,28.11,0.0,0.0,0.0,0.0,0.0,0.0,0.0,0.0,0.0,0.0,0.0,0.0,0.0,0.0,0.0,0.0,0.0,0.0,0.0,28.11,0.0,0.0,28.11
2/2/2026,2018.0,20190008.0,16364.0,39771.0,ELK OPERATING SERVICES LLC,CO2,INTERSTATE,COLORADO,12.1,0.0,12.1,0.0,0.0,0.0,0.0,0.0,0.0,0.0,0.0,0.0,0.0,0.0,0.0,0.0,0.0,0.0,0.0,0.0,0.0,0.0,12.1,0.0,0.0,12.1
2/2/2026,2018.0,20190008.0,16364.0,39771.0,ELK OPERATING SERVICES LLC,CO2,INTERSTATE,UTAH,15.6,0.0,15.6,0.0,0.0,0.0,0.0,0.0,0.0,0.0,0.0,0.0,0.0,0.0,0.0,0.0,0.0,0.0,0.0,0.0,0.0,0.0,15.6,0.0,0.0,15.6
2/2/2026,2018.0,20190636.0,17068.0,39774.0,"GLASS MOUNTAIN PIPELINE, LLC",Crude Oil,INTRASTATE,OKLAHOMA,259.95,0.0,259.95,0.0,0.0,0.0,0.0,0.0,0.0,0.0,0.0,0.0,0.0,0.0,0.0,0.0,0.0,0.0,0.0,0.0,0.0,0.0,259.95,0.0,0.0,259.95
2/2/2026,2018.0,20190637.0,17070.0,39785.0,"EPIC CONSOLIDATED OPERATIONS, LLC",HVL,INTERSTATE,NEW MEXICO,19.9,0.0,19.9,0.0,0.0,0.0,0.0,0.0,0.0,0.0,0.0,0.0,0.0,0.0,0.0,0.0,0.0,0.0,0.0,0.0,0.0,0.0,19.9,0.0,0.0,19.9
2/2/2026,2018.0,20190637.0,17070.0,39785.0,"EPIC CONSOLIDATED OPERATIONS, LLC",HVL,INTERSTATE,TEXAS,7.6,0.0,7.6,0.0,0.0,0.0,0.0,0.0,0.0,0.0,0.0,0.0,0.0,0.0,0.0,0.0,0.0,0.0,0.0,0.0,0.0,0.0,7.6,0.0,0.0,7.6
2/2/2026,2018.0,20190637.0,17070.0,39785.0,"EPIC CONSOLIDATED OPERATIONS, LLC",HVL,INTRASTATE,TEXAS,409.89,0.0,409.89,0.0,0.0,0.0,0.0,0.0,0.0,0.0,0.0,0.0,0.0,0.0,0.0,0.0,0.0,0.0,0.0,0.0,0.0,0.0,409.89,0.0,0.0,409.89
2/2/2026,2018.0,20200025.0,17229.0,39794.0,"GULFMARK ENERGY, INC.",Crude Oil,INTRASTATE,TEXAS,0.0,0.0,0.0,0.0,0.73,0.0,0.0,0.73,0.0,0.0,0.0,0.0,0.0,0.0,0.0,0.0,0.0,0.0,0.0,0.0,0.0,0.0,0.73,0.0,0.0,0.73
2/2/2026,2018.0,20210715.0,18890.0,39805.0,"THOMPSON WEBSTER PIPELINE, INC.",Crude Oil,INTRASTATE,TEXAS,0.0,0.0,0.0,41.9,0.0,0.0,0.0,41.9,0.0,0.0,0.0,0.0,0.0,0.0,0.0,0.0,0.0,0.0,0.0,0.0,0.0,0.0,41.9,0.0,0.0,41.9
2/2/2026,2018.0,20190484.0,16915.0,39806.0,"EVX MIDSTREAM PARTNERS, LLC",Crude Oil,INTRASTATE,TEXAS,0.0,0.0,0.0,0.0,13.86,0.0,0.0,13.86,0.0,0.0,0.0,0.0,0.0,0.0,0.0,0.0,0.0,0.0,0.0,0.0,0.0,0.0,13.86,0.0,0.0,13.86
2/2/2026,2018.0,20190642.0,17077.0,39810.0,DIAMONDBACK E&P LLC,Crude Oil,INTRASTATE,TEXAS,52.34,0.0,52.34,0.0,0.0,0.0,0.0,0.0,0.0,0.0,0.0,0.0,0.0,0.0,0.0,0.0,0.0,0.0,0.0,0.0,0.0,0.0,52.34,0.0,0.0,52.34
2/2/2026,2018.0,20190300.0,16719.0,39817.0,TN AVENUE LLC,Crude Oil,INTRASTATE,CALIFORNIA,2.5,0.0,2.5,0.0,0.0,0.0,0.0,0.0,0.0,0.0,0.0,0.0,0.0,0.0,0.0,0.0,0.0,0.0,0.0,0.0,0.0,0.0,2.5,0.0,0.0,2.5
2/2/2026,2018.0,20190037.0,16413.0,39819.0,BREITBURN ENERGY CO2,CO2,INTERSTATE,NEW MEXICO,46.94,0.0,46.94,0.0,0.0,0.0,0.0,0.0,0.0,0.0,0.0,0.0,0.0,0.0,0.0,0.0,0.0,0.0,0.0,0.0,0.0,0.0,46.94,0.0,0.0,46.94
2/2/2026,2018.0,20190037.0,16413.0,39819.0,BREITBURN ENERGY CO2,CO2,INTERSTATE,OKLAHOMA,78.77,0.0,78.77,0.0,0.0,0.0,0.0,0.0,0.0,0.0,0.0,0.0,0.0,0.0,0.0,0.0,0.0,0.0,0.0,0.0,0.0,0.0,78.77,0.0,0.0,78.77
2/2/2026,2018.0,20190037.0,16413.0,39819.0,BREITBURN ENERGY CO2,CO2,INTERSTATE,TEXAS,50.85,0.0,50.85,0.0,0.0,0.0,0.0,0.0,0.0,0.0,0.0,0.0,0.0,0.0,0.0,0.0,0.0,0.0,0.0,0.0,0.0,0.0,50.85,0.0,0.0,50.85
2/2/2026,2018.0,20190258.0,16671.0,39820.0,"MAVERICK TERMINALS CORPUS, LLC",Refined and/or Petroleum Product (non-HVL),INTRASTATE,TEXAS,1.31,0.0,1.31,0.0,0.0,0.0,0.0,0.0,0.0,0.0,0.0,0.0,0.0,0.0,0.0,0.0,0.0,0.0,0.0,0.0,0.0,0.0,1.31,0.0,0.0,1.31
2/2/2026,2018.0,20190057.0,16446.0,39821.0,AGRIUM U.S. INC.,HVL,INTRASTATE,IOWA,0.0,0.0,0.0,0.0,0.0,0.0,0.0,0.0,0.0,0.0,0.0,0.0,0.0,0.0,0.0,0.0,0.0,0.0,0.0,0.0,0.0,0.0,0.0,0.0,0.0,0.0
2/2/2026,2018.0,20190166.0,17149.0,39822.0,"SCM PR, LLC",Crude Oil,INTERSTATE,WYOMING,146.6,0.0,146.6,0.0,0.0,0.0,0.0,0.0,0.0,0.0,0.0,0.0,0.0,0.0,0.0,0.0,0.0,0.0,0.0,0.0,0.0,0.0,146.6,0.0,0.0,146.6
2/2/2026,2018.0,20190406.0,16833.0,39823.0,TARGA DOWNSTREAM LLC,HVL,INTERSTATE,NEW MEXICO,21.2,0.0,21.2,0.0,0.0,0.0,0.0,0.0,0.0,0.0,0.0,0.0,0.0,0.0,0.0,0.0,0.0,0.0,0.0,0.0,0.0,0.0,21.2,0.0,0.0,21.2
2/2/2026,2018.0,20190406.0,16833.0,39823.0,TARGA DOWNSTREAM LLC,HVL,INTERSTATE,OKLAHOMA,105.5,0.0,105.5,0.0,0.0,0.0,0.0,0.0,0.0,0.0,0.0,0.0,0.0,0.0,0.0,0.0,0.0,0.0,0.0,0.0,0.0,0.0,105.5,0.0,0.0,105.5
2/2/2026,2018.0,20190406.0,16833.0,39823.0,TARGA DOWNSTREAM LLC,HVL,INTERSTATE,TEXAS,180.2,0.0,180.2,0.0,0.0,0.0,0.0,0.0,0.0,0.0,0.0,0.0,0.0,0.0,0.0,0.0,0.0,0.0,0.0,0.0,0.0,0.0,180.2,0.0,0.0,180.2
2/2/2026,2018.0,20190406.0,16833.0,39823.0,TARGA DOWNSTREAM LLC,HVL,INTRASTATE,TEXAS,32.5,0.0,32.5,0.0,0.0,0.0,0.0,0.0,0.0,0.0,0.0,0.0,0.0,0.0,0.0,0.0,0.0,0.0,0.0,0.0,0.0,0.0,32.5,0.0,0.0,32.5
2/2/2026,2018.0,20190053.0,16440.0,39827.0,"SWISSPORT SA FUEL SERVICES, LLC",Refined and/or Petroleum Product (non-HVL),INTRASTATE,TEXAS,0.0,0.0,0.0,1.5,0.0,0.0,0.0,1.5,0.0,0.0,0.0,0.0,0.0,0.0,0.0,0.0,0.0,0.0,0.0,0.0,0.0,0.0,1.5,0.0,0.0,1.5
2/2/2026,2018.0,20190664.0,17139.0,39832.0,CCI SAN JUAN LLC,HVL,INTRASTATE,NEW MEXICO,26.108,0.0,26.108,0.0,0.0,0.0,0.0,0.0,0.0,0.0,0.0,0.0,0.0,0.0,0.0,0.0,0.0,0.0,0.0,0.0,0.0,0.0,26.108,0.0,0.0,26.108
2/2/2026,2018.0,20190224.0,16636.0,39832.0,CCI SAN JUAN LLC,Refined and/or Petroleum Product (non-HVL),INTRASTATE,NEW MEXICO,26.108,0.0,26.108,0.0,0.0,0.0,0.0,0.0,0.0,0.0,0.0,0.0,0.0,0.0,0.0,0.0,0.0,0.0,0.0,0.0,0.0,0.0,26.108,0.0,0.0,26.108
2/2/2026,2018.0,20190036.0,17151.0,39833.0,"SAN MATEO BLACK RIVER OIL PIPELINE, LLC",Crude Oil,INTRASTATE,NEW MEXICO,0.0,0.0,0.0,0.0,15.823,0.0,0.0,15.823,0.0,0.0,0.0,0.0,0.0,0.0,0.0,0.0,0.0,0.0,0.0,0.0,0.0,0.0,15.823,0.0,0.0,15.823
2/2/2026,2018.0,20190665.0,17180.0,39837.0,PARAMOUNT PIPELINE LLC,Crude Oil,INTRASTATE,CALIFORNIA,43.634,0.0,43.634,0.0,0.0,0.0,0.0,0.0,0.0,0.0,0.0,0.0,0.0,0.0,0.0,0.0,0.0,0.0,0.0,0.0,0.0,0.0,43.634,0.0,0.0,43.634
2/2/2026,2018.0,20190666.0,17179.0,39837.0,PARAMOUNT PIPELINE LLC,Refined and/or Petroleum Product (non-HVL),INTRASTATE,CALIFORNIA,12.714,0.0,12.714,0.0,0.0,0.0,0.0,0.0,0.0,0.0,0.0,0.0,0.0,0.0,0.0,0.0,0.0,0.0,0.0,0.0,0.0,0.0,12.714,0.0,0.0,12.714
2/2/2026,2018.0,20190165.0,16571.0,39841.0,RED BUTTE PIPELINE LLC,Crude Oil,INTERSTATE,MONTANA,0.7,0.0,0.7,0.0,0.0,0.0,0.0,0.0,0.0,0.0,0.0,0.0,0.0,0.0,0.0,0.0,0.0,0.0,0.0,0.0,0.0,0.0,0.7,0.0,0.0,0.7
2/2/2026,2018.0,20190165.0,16571.0,39841.0,RED BUTTE PIPELINE LLC,Crude Oil,INTERSTATE,WYOMING,288.0,0.0,288.0,41.0,0.0,0.0,0.0,41.0,0.0,0.0,0.0,0.0,0.0,0.0,0.0,0.0,0.0,0.0,0.0,0.0,0.0,0.0,329.0,0.0,0.0,329.0
2/2/2026,2018.0,20190165.0,16571.0,39841.0,RED BUTTE PIPELINE LLC,Crude Oil,INTRASTATE,MONTANA,0.0,0.0,0.0,0.3,0.0,0.0,0.0,0.3,0.0,0.0,0.0,0.0,0.0,0.0,0.0,0.0,0.0,0.0,0.0,0.0,0.0,0.0,0.3,0.0,0.0,0.3
2/2/2026,2018.0,20190296.0,16714.0,39848.0,LAMBDA ENERGY RESOURCES LLC,HVL,INTRASTATE,MICHIGAN,225.0,0.0,225.0,0.0,0.0,0.0,0.0,0.0,0.0,0.0,0.0,0.0,0.0,0.0,0.0,0.0,0.0,0.0,0.0,0.0,0.0,0.0,225.0,0.0,0.0,225.0
2/2/2026,2018.0,20190602.0,17034.0,39849.0,"COASTAL CAVERNS, INC.",HVL,INTRASTATE,TEXAS,1.0,0.0,1.0,0.0,0.0,0.0,0.0,0.0,0.0,0.0,0.0,0.0,0.0,0.0,0.0,0.0,0.0,0.0,0.0,0.0,0.0,0.0,1.0,0.0,0.0,1.0
2/2/2026,2018.0,20190658.0,17116.0,39874.0,"BEACON WEST ENERGY GROUP, LLC",Crude Oil,INTERSTATE,CALIFORNIA,0.0,3.55,3.55,0.0,0.0,0.0,0.0,0.0,0.0,0.0,0.0,0.0,0.0,0.0,0.0,0.0,0.0,0.0,0.0,0.0,0.0,0.0,0.0,3.55,0.0,3.55
2/2/2026,2018.0,20190658.0,17116.0,39874.0,"BEACON WEST ENERGY GROUP, LLC",Crude Oil,INTERSTATE,OCS-Pacific,0.0,11.8,11.8,0.0,0.0,0.0,0.0,0.0,0.0,0.0,0.0,0.0,0.0,0.0,0.0,0.0,0.0,0.0,0.0,0.0,0.0,0.0,0.0,11.8,0.0,11.8
2/2/2026,2018.0,20190658.0,17116.0,39874.0,"BEACON WEST ENERGY GROUP, LLC",Crude Oil,INTRASTATE,CALIFORNIA,0.0,3.0,3.0,0.0,0.0,0.0,0.0,0.0,0.0,0.0,0.0,0.0,0.0,0.0,0.0,0.0,0.0,0.0,0.0,0.0,0.0,0.0,0.0,3.0,0.0,3.0
2/2/2026,2018.0,20190667.0,17143.0,39879.0,"DWYER TERMINAL, LLC",Crude Oil,INTRASTATE,WYOMING,0.0,0.0,0.0,0.0,0.0,0.0,0.0,0.0,0.0,0.0,0.0,0.0,0.0,0.0,0.0,0.0,0.0,0.0,0.0,0.0,0.0,0.0,0.0,0.0,0.0,0.0
2/2/2026,2018.0,20190044.0,16427.0,39882.0,"GETKA ENERGY, LLC",Crude Oil,INTRASTATE,OKLAHOMA,0.0,0.0,0.0,0.0,0.866,0.0,0.0,0.866,0.0,0.0,0.0,0.0,0.0,0.0,0.0,0.0,0.0,0.0,0.0,0.0,0.0,0.0,0.866,0.0,0.0,0.866
2/2/2026,2018.0,20190563.0,17170.0,39887.0,"TEXOMA CRUDE OIL PIPELINE CO., LLC",Crude Oil,INTERSTATE,OKLAHOMA,53.19,0.0,53.19,0.19,37.41,0.0,0.0,37.6,0.0,25.02,0.0,0.0,25.02,0.0,0.0,0.0,0.0,0.0,0.0,0.0,0.0,0.0,115.81,0.0,0.0,115.81
2/2/2026,2018.0,20190563.0,17170.0,39887.0,"TEXOMA CRUDE OIL PIPELINE CO., LLC",Crude Oil,INTERSTATE,TEXAS,26.53,0.0,26.53,0.19,4.7,0.0,0.0,4.89,0.96,89.5,0.0,0.0,90.46,0.0,0.0,0.0,0.0,0.0,0.0,0.0,0.0,0.0,121.88,0.0,0.0,121.88
2/2/2026,2018.0,20190563.0,17170.0,39887.0,"TEXOMA CRUDE OIL PIPELINE CO., LLC",Crude Oil,INTRASTATE,OKLAHOMA,200.88,0.0,200.88,3.57,38.67,0.0,0.0,42.24,42.34,70.02,0.0,0.0,112.36,0.0,0.0,0.0,0.0,0.0,0.0,0.0,0.0,0.0,355.48,0.0,0.0,355.48
2/2/2026,2018.0,20190563.0,17170.0,39887.0,"TEXOMA CRUDE OIL PIPELINE CO., LLC",Crude Oil,INTRASTATE,TEXAS,132.67,0.0,132.67,1.61,117.48,0.0,0.0,119.09,2.04,92.35,0.0,0.0,94.39,0.0,0.0,0.0,0.0,0.0,0.0,0.0,0.0,0.0,346.15,0.0,0.0,346.15
2/2/2026,2018.0,20190428.0,16859.0,39888.0,FORE RIVER ENERGY CENTER,Refined and/or Petroleum Product (non-HVL),INTRASTATE,MASSACHUSETTS,0.0,0.0,0.0,0.3,0.0,0.0,0.0,0.3,0.0,0.0,0.0,0.0,0.0,0.0,0.0,0.0,0.0,0.0,0.0,0.0,0.0,0.0,0.3,0.0,0.0,0.3
2/2/2026,2018.0,20190252.0,16665.0,39892.0,DAYLIGHT PETROLEUM LLC,CO2,INTRASTATE,OKLAHOMA,118.0,0.0,118.0,0.0,0.0,0.0,0.0,0.0,0.0,0.0,0.0,0.0,0.0,0.0,0.0,0.0,0.0,0.0,0.0,0.0,0.0,0.0,118.0,0.0,0.0,118.0
2/2/2026,2018.0,20190285.0,16703.0,39892.0,DAYLIGHT PETROLEUM LLC,HVL,INTRASTATE,OKLAHOMA,1.2,0.0,1.2,0.0,0.0,0.0,0.0,0.0,0.0,0.0,0.0,0.0,0.0,0.0,0.0,0.0,0.0,0.0,0.0,0.0,0.0,0.0,1.2,0.0,0.0,1.2
2/2/2026,2018.0,20190608.0,17040.0,39906.0,"SEAPORT SOUND TERMINAL, LLC",Refined and/or Petroleum Product (non-HVL),INTRASTATE,WASHINGTON,0.0,0.0,0.0,2.7,0.0,0.0,0.0,2.7,0.0,0.0,0.0,0.0,0.0,0.0,0.0,0.0,0.0,0.0,0.0,0.0,0.0,0.0,2.7,0.0,0.0,2.7
2/2/2026,2018.0,20190033.0,17162.0,39910.0,COGENT MIDSTREAM PRODUCTS LLC,HVL,INTRASTATE,TEXAS,21.1,0.0,21.1,0.0,0.0,0.0,0.0,0.0,0.0,0.0,0.0,0.0,0.0,0.0,0.0,0.0,0.0,0.0,0.0,0.0,0.0,0.0,21.1,0.0,0.0,21.1
2/2/2026,2018.0,20190349.0,16772.0,39919.0,"MARKWEST BLUESTONE ETHANE PIPELINE, L.L.C.",HVL,INTERSTATE,PENNSYLVANIA,29.96,0.0,29.96,0.0,0.0,0.0,0.0,0.0,0.0,0.0,0.0,0.0,0.0,0.0,0.0,0.0,0.0,0.0,0.0,0.0,0.0,0.0,29.96,0.0,0.0,29.96
2/2/2026,2018.0,20190361.0,16785.0,39920.0,"MARKWEST LIBERTY ETHANE PIPELINE, L.L.C.",HVL,INTERSTATE,OHIO,24.33,0.0,24.33,0.0,0.0,0.0,0.0,0.0,0.0,0.0,0.0,0.0,0.0,0.0,0.0,0.0,0.0,0.0,0.0,0.0,0.0,0.0,24.33,0.0,0.0,24.33
2/2/2026,2018.0,20190361.0,16785.0,39920.0,"MARKWEST LIBERTY ETHANE PIPELINE, L.L.C.",HVL,INTERSTATE,PENNSYLVANIA,53.28,0.0,53.28,0.0,0.0,0.0,0.0,0.0,0.0,0.0,0.0,0.0,0.0,0.0,0.0,0.0,0.0,0.0,0.0,0.0,0.0,0.0,53.28,0.0,0.0,53.28
2/2/2026,2018.0,20190361.0,16785.0,39920.0,"MARKWEST LIBERTY ETHANE PIPELINE, L.L.C.",HVL,INTERSTATE,WEST VIRGINIA,95.7,0.0,95.7,0.0,0.0,0.0,0.0,0.0,0.0,0.0,0.0,0.0,0.0,0.0,0.0,0.0,0.0,0.0,0.0,0.0,0.0,0.0,95.7,0.0,0.0,95.7
2/2/2026,2018.0,20190375.0,16802.0,39922.0,"MARKWEST LIBERTY NGL PIPELINE, L.L.C.",HVL,INTERSTATE,OHIO,24.33,0.0,24.33,0.0,0.0,0.0,0.0,0.0,0.0,0.0,0.0,0.0,0.0,0.0,0.0,0.0,0.0,0.0,0.0,0.0,0.0,0.0,24.33,0.0,0.0,24.33
2/2/2026,2018.0,20190375.0,16802.0,39922.0,"MARKWEST LIBERTY NGL PIPELINE, L.L.C.",HVL,INTERSTATE,PENNSYLVANIA,53.28,0.0,53.28,0.0,0.0,0.0,0.0,0.0,0.0,0.0,0.0,0.0,0.0,0.0,0.0,0.0,0.0,0.0,0.0,0.0,0.0,0.0,53.28,0.0,0.0,53.28
2/2/2026,2018.0,20190375.0,16802.0,39922.0,"MARKWEST LIBERTY NGL PIPELINE, L.L.C.",HVL,INTERSTATE,WEST VIRGINIA,67.14,0.0,67.14,0.3,0.0,0.0,0.0,0.3,0.0,0.0,0.0,0.0,0.0,0.0,0.0,0.0,0.0,0.0,0.0,0.0,0.0,0.0,67.44,0.0,0.0,67.44
2/2/2026,2018.0,20190350.0,16773.0,39924.0,"MARKWEST JAVELINA COMPANY, L.L.C.",HVL,INTRASTATE,TEXAS,31.56,0.0,31.56,3.33,0.0,0.0,0.0,3.33,0.0,0.0,0.0,0.0,0.0,0.0,0.0,0.0,0.0,0.0,0.0,0.0,0.0,0.0,34.89,0.0,0.0,34.89
2/2/2026,2018.0,20190351.0,16774.0,39941.0,"MARKWEST UTICA EMG, L.L.C.",HVL,INTRASTATE,OHIO,123.23,0.0,123.23,0.0,0.0,0.0,0.0,0.0,0.0,0.0,0.0,0.0,0.0,0.0,0.0,0.0,0.0,0.0,0.0,0.0,0.0,0.0,123.23,0.0,0.0,123.23
2/2/2026,2018.0,20190372.0,16799.0,39950.0,"3 BEAR DELAWARE OPERATING-NM, LLC",Crude Oil,INTRASTATE,NEW MEXICO,0.0,0.0,0.0,0.0,1.77,0.0,0.0,1.77,0.0,0.0,0.0,0.0,0.0,0.0,0.0,0.0,0.0,0.0,0.0,0.0,0.0,0.0,1.77,0.0,0.0,1.77
2/2/2026,2018.0,20190373.0,16800.0,39950.0,"3 BEAR DELAWARE OPERATING-NM, LLC",HVL,INTRASTATE,NEW MEXICO,6.74,0.0,6.74,0.0,0.0,0.0,0.0,0.0,0.0,0.0,0.0,0.0,0.0,0.0,0.0,0.0,0.0,0.0,0.0,0.0,0.0,0.0,6.74,0.0,0.0,6.74
2/2/2026,2018.0,20190352.0,16775.0,39960.0,"MARKWEST PIPELINE COMPANY, L.L.C.",HVL,INTERSTATE,TEXAS,49.28,0.0,49.28,0.0,0.0,0.0,0.0,0.0,0.0,0.0,0.0,0.0,0.0,0.0,0.0,0.0,0.0,0.0,0.0,0.0,0.0,0.0,49.28,0.0,0.0,49.28
2/2/2026,2018.0,20190648.0,17090.0,39965.0,"CONTINUUM ENERGY SERVICES, LLC",HVL,INTRASTATE,TENNESSEE,0.0,0.0,0.0,0.0,3.34,0.0,0.0,3.34,0.0,0.0,0.0,0.0,0.0,0.0,0.0,0.0,0.0,0.0,0.0,0.0,0.0,0.0,3.34,0.0,0.0,3.34
2/2/2026,2018.0,20190353.0,16776.0,39976.0,"MARKWEST LIBERTY BLUESTONE, L.L.C.",HVL,INTRASTATE,PENNSYLVANIA,14.98,0.0,14.98,0.0,0.0,0.0,0.0,0.0,0.0,0.0,0.0,0.0,0.0,0.0,0.0,0.0,0.0,0.0,0.0,0.0,0.0,0.0,14.98,0.0,0.0,14.98
2/2/2026,2018.0,20200022.0,17226.0,39991.0,PRISM MIDSTREAM LLC,HVL,INTRASTATE,TEXAS,1.8,0.0,1.8,0.0,0.0,0.0,0.0,0.0,0.0,0.0,0.0,0.0,0.0,0.0,0.0,0.0,0.0,0.0,0.0,0.0,0.0,0.0,1.8,0.0,0.0,1.8
2/2/2026,2018.0,20190671.0,17153.0,40020.0,"REXTAC, LLC",HVL,INTRASTATE,TEXAS,0.0,0.0,0.0,0.0,11.05,0.0,0.0,11.05,0.0,0.0,0.0,0.0,0.0,0.0,0.0,0.0,0.0,0.0,0.0,0.0,0.0,0.0,11.05,0.0,0.0,11.05
2/2/2026,2018.0,20190673.0,17164.0,40051.0,VALERO REFINING - MERAUX LLC,Crude Oil,INTRASTATE,LOUISIANA,1.52,0.0,1.52,0.0,0.0,0.0,0.0,0.0,0.0,0.0,0.0,0.0,0.0,0.0,0.0,0.0,0.0,0.0,0.0,0.0,0.0,0.0,1.52,0.0,0.0,1.52
2/2/2026,2018.0,20190674.0,17165.0,40051.0,VALERO REFINING - MERAUX LLC,Refined and/or Petroleum Product (non-HVL),INTRASTATE,LOUISIANA,0.85,0.0,0.85,0.0,0.0,0.0,0.0,0.0,0.0,0.0,0.0,0.0,0.0,0.0,0.0,0.0,0.0,0.0,0.0,0.0,0.0,0.0,0.85,0.0,0.0,0.85
2/2/2026,2018.0,20190369.0,16796.0,99001.0,DEFENSE FUEL SUPPLY POINT,Refined and/or Petroleum Product (non-HVL),INTRASTATE,SOUTH CAROLINA,0.0,0.0,0.0,4.72,0.0,0.0,0.0,4.72,0.0,0.0,0.0,0.0,0.0,0.0,0.0,0.0,0.0,0.0,0.0,0.0,0.0,0.0,4.72,0.0,0.0,4.72
2/2/2026,2018.0,20190168.0,16574.0,99002.0,TAMPA AIRPORT PIPELINE CORPORATION,Refined and/or Petroleum Product (non-HVL),INTRASTATE,FLORIDA,0.0,0.0,0.0,10.5,0.0,0.0,0.0,10.5,0.0,0.0,0.0,0.0,0.0,0.0,0.0,0.0,0.0,0.0,0.0,0.0,0.0,0.0,10.5,0.0,0.0,10.5
2/2/2026,2018.0,20190156.0,16561.0,99031.0,CITGO PETROLEUM CORPORATION (TERMINALS),Refined and/or Petroleum Product (non-HVL),INTRASTATE,FLORIDA,0.0,0.0,0.0,1.219,0.0,0.0,0.0,1.219,0.0,0.0,0.0,0.0,0.0,0.0,0.0,0.0,0.0,0.0,0.0,0.0,0.0,0.0,1.219,0.0,0.0,1.219
2/2/2026,2018.0,20190156.0,16561.0,99031.0,CITGO PETROLEUM CORPORATION (TERMINALS),Refined and/or Petroleum Product (non-HVL),INTRASTATE,ILLINOIS,0.0,0.0,0.0,0.736,0.0,0.0,0.0,0.736,0.0,0.0,0.0,0.0,0.0,0.0,0.0,0.0,0.0,0.0,0.0,0.0,0.0,0.0,0.736,0.0,0.0,0.736
2/2/2026,2018.0,20190156.0,16561.0,99031.0,CITGO PETROLEUM CORPORATION (TERMINALS),Refined and/or Petroleum Product (non-HVL),INTRASTATE,INDIANA,5.021,0.0,5.021,0.247,0.0,0.0,0.0,0.247,0.0,0.0,0.0,0.0,0.0,0.0,0.0,0.0,0.0,0.0,0.0,0.0,0.0,0.0,5.268,0.0,0.0,5.268
2/2/2026,2018.0,20190156.0,16561.0,99031.0,CITGO PETROLEUM CORPORATION (TERMINALS),Refined and/or Petroleum Product (non-HVL),INTRASTATE,MICHIGAN,0.05,0.0,0.05,0.205,0.0,0.0,0.0,0.205,0.0,0.0,0.0,0.0,0.0,0.0,0.0,0.0,0.0,0.0,0.0,0.0,0.0,0.0,0.255,0.0,0.0,0.255
2/2/2026,2018.0,20190156.0,16561.0,99031.0,CITGO PETROLEUM CORPORATION (TERMINALS),Refined and/or Petroleum Product (non-HVL),INTRASTATE,NEW JERSEY,0.793,0.0,0.793,9.929,0.0,0.0,0.0,9.929,0.0,0.0,0.0,0.0,0.0,0.0,0.0,0.0,0.0,0.0,0.0,0.0,0.0,0.0,10.722,0.0,0.0,10.722
2/2/2026,2018.0,20190156.0,16561.0,99031.0,CITGO PETROLEUM CORPORATION (TERMINALS),Refined and/or Petroleum Product (non-HVL),INTRASTATE,OHIO,1.189,0.0,1.189,0.0,0.0,0.0,0.0,0.0,0.0,0.0,0.0,0.0,0.0,0.0,0.0,0.0,0.0,0.0,0.0,0.0,0.0,0.0,1.189,0.0,0.0,1.189
2/2/2026,2018.0,20193685.0,16340.0,99043.0,PETROLEUM FUEL AND TERMINAL COMPANY,Refined and/or Petroleum Product (non-HVL),INTRASTATE,MARYLAND,0.0,0.0,0.0,3.1,0.0,0.0,0.0,3.1,0.0,0.0,0.0,0.0,0.0,0.0,0.0,0.0,0.0,0.0,0.0,0.0,0.0,0.0,3.1,0.0,0.0,3.1
,,,,,,,,,,,,,,,,,,,,,,,,,,,,,,,,,,
,,,,,,,,,,,,,,,,,,,,,,,,,,,,,,,,,,
,,,,,,,,,,,,,,,,,,,,,,,,,,,,,,,,,,
,,,,,,,,,,,,,,,,,,,,,,,,,,,,,,,,,,
,,,,,,,,,,,,,,,,,,,,,,,,,,,,,,,,,,
,,,,,,,,,,,,,,,,,,,,,,,,,,,,,,,,,,
,,,,,,,,,,,,,,,,,,,,,,,,,,,,,,,,,,
,,,,,,,,,,,,,,,,,,,,,,,,,,,,,,,,,,
,,,,,,,,,,,,,,,,,,,,,,,,,,,,,,,,,,
,,,,,,,,,,,,,,,,,,,,,,,,,,,,,,,,,,
,,,,,,,,,,,,,,,,,,,,,,,,,,,,,,,,,,
,,,,,,,,,,,,,,,,,,,,,,,,,,,,,,,,,,
,,,,,,,,,,,,,,,,,,,,,,,,,,,,,,,,,,
,,,,,,,,,,,,,,,,,,,,,,,,,,,,,,,,,,
,,,,,,,,,,,,,,,,,,,,,,,,,,,,,,,,,,
,,,,,,,,,,,,,,,,,,,,,,,,,,,,,,,,,,
,,,,,,,,,,,,,,,,,,,,,,,,,,,,,,,,,,
,,,,,,,,,,,,,,,,,,,,,,,,,,,,,,,,,,
,,,,,,,,,,,,,,,,,,,,,,,,,,,,,,,,,,
,,,,,,,,,,,,,,,,,,,,,,,,,,,,,,,,,,
,,,,,,,,,,,,,,,,,,,,,,,,,,,,,,,,,,
,,,,,,,,,,,,,,,,,,,,,,,,,,,,,,,,,,
,,,,,,,,,,,,,,,,,,,,,,,,,,,,,,,,,,
,,,,,,,,,,,,,,,,,,,,,,,,,,,,,,,,,,
,,,,,,,,,,,,,,,,,,,,,,,,,,,,,,,,,,
,,,,,,,,,,,,,,,,,,,,,,,,,,,,,,,,,,
,,,,,,,,,,,,,,,,,,,,,,,,,,,,,,,,,,
,,,,,,,,,,,,,,,,,,,,,,,,,,,,,,,,,,
,,,,,,,,,,,,,,,,,,,,,,,,,,,,,,,,,,
,,,,,,,,,,,,,,,,,,,,,,,,,,,,,,,,,,
,,,,,,,,,,,,,,,,,,,,,,,,,,,,,,,,,,
,,,,,,,,,,,,,,,,,,,,,,,,,,,,,,,,,,
,,,,,,,,,,,,,,,,,,,,,,,,,,,,,,,,,,
,,,,,,,,,,,,,,,,,,,,,,,,,,,,,,,,,,
,,,,,,,,,,,,,,,,,,,,,,,,,,,,,,,,,,
,,,,,,,,,,,,,,,,,,,,,,,,,,,,,,,,,,
,,,,,,,,,,,,,,,,,,,,,,,,,,,,,,,,,,
,,,,,,,,,,,,,,,,,,,,,,,,,,,,,,,,,,
,,,,,,,,,,,,,,,,,,,,,,,,,,,,,,,,,,
,,,,,,,,,,,,,,,,,,,,,,,,,,,,,,,,,,
,,,,,,,,,,,,,,,,,,,,,,,,,,,,,,,,,,
,,,,,,,,,,,,,,,,,,,,,,,,,,,,,,,,,,
,,,,,,,,,,,,,,,,,,,,,,,,,,,,,,,,,,
,,,,,,,,,,,,,,,,,,,,,,,,,,,,,,,,,,
,,,,,,,,,,,,,,,,,,,,,,,,,,,,,,,,,,
,,,,,,,,,,,,,,,,,,,,,,,,,,,,,,,,,,
,,,,,,,,,,,,,,,,,,,,,,,,,,,,,,,,,,
,,,,,,,,,,,,,,,,,,,,,,,,,,,,,,,,,,
,,,,,,,,,,,,,,,,,,,,,,,,,,,,,,,,,,
,,,,,,,,,,,,,,,,,,,,,,,,,,,,,,,,,,
,,,,,,,,,,,,,,,,,,,,,,,,,,,,,,,,,,
,,,,,,,,,,,,,,,,,,,,,,,,,,,,,,,,,,
,,,,,,,,,,,,,,,,,,,,,,,,,,,,,,,,,,
,,,,,,,,,,,,,,,,,,,,,,,,,,,,,,,,,,
,,,,,,,,,,,,,,,,,,,,,,,,,,,,,,,,,,
,,,,,,,,,,,,,,,,,,,,,,,,,,,,,,,,,,
,,,,,,,,,,,,,,,,,,,,,,,,,,,,,,,,,,
,,,,,,,,,,,,,,,,,,,,,,,,,,,,,,,,,,
,,,,,,,,,,,,,,,,,,,,,,,,,,,,,,,,,,
,,,,,,,,,,,,,,,,,,,,,,,,,,,,,,,,,,
,,,,,,,,,,,,,,,,,,,,,,,,,,,,,,,,,,
,,,,,,,,,,,,,,,,,,,,,,,,,,,,,,,,,,
,,,,,,,,,,,,,,,,,,,,,,,,,,,,,,,,,,
,,,,,,,,,,,,,,,,,,,,,,,,,,,,,,,,,,
,,,,,,,,,,,,,,,,,,,,,,,,,,,,,,,,,,
,,,,,,,,,,,,,,,,,,,,,,,,,,,,,,,,,,
,,,,,,,,,,,,,,,,,,,,,,,,,,,,,,,,,,
,,,,,,,,,,,,,,,,,,,,,,,,,,,,,,,,,,
,,,,,,,,,,,,,,,,,,,,,,,,,,,,,,,,,,
,,,,,,,,,,,,,,,,,,,,,,,,,,,,,,,,,,
,,,,,,,,,,,,,,,,,,,,,,,,,,,,,,,,,,
,,,,,,,,,,,,,,,,,,,,,,,,,,,,,,,,,,
,,,,,,,,,,,,,,,,,,,,,,,,,,,,,,,,,,
,,,,,,,,,,,,,,,,,,,,,,,,,,,,,,,,,,
,,,,,,,,,,,,,,,,,,,,,,,,,,,,,,,,,,
,,,,,,,,,,,,,,,,,,,,,,,,,,,,,,,,,,
,,,,,,,,,,,,,,,,,,,,,,,,,,,,,,,,,,
,,,,,,,,,,,,,,,,,,,,,,,,,,,,,,,,,,
,,,,,,,,,,,,,,,,,,,,,,,,,,,,,,,,,,
,,,,,,,,,,,,,,,,,,,,,,,,,,,,,,,,,,
,,,,,,,,,,,,,,,,,,,,,,,,,,,,,,,,,,
,,,,,,,,,,,,,,,,,,,,,,,,,,,,,,,,,,
,,,,,,,,,,,,,,,,,,,,,,,,,,,,,,,,,,
,,,,,,,,,,,,,,,,,,,,,,,,,,,,,,,,,,
,,,,,,,,,,,,,,,,,,,,,,,,,,,,,,,,,,
,,,,,,,,,,,,,,,,,,,,,,,,,,,,,,,,,,
,,,,,,,,,,,,,,,,,,,,,,,,,,,,,,,,,,
,,,,,,,,,,,,,,,,,,,,,,,,,,,,,,,,,,
,,,,,,,,,,,,,,,,,,,,,,,,,,,,,,,,,,
,,,,,,,,,,,,,,,,,,,,,,,,,,,,,,,,,,
,,,,,,,,,,,,,,,,,,,,,,,,,,,,,,,,,,
,,,,,,,,,,,,,,,,,,,,,,,,,,,,,,,,,,
,,,,,,,,,,,,,,,,,,,,,,,,,,,,,,,,,,
,,,,,,,,,,,,,,,,,,,,,,,,,,,,,,,,,,
,,,,,,,,,,,,,,,,,,,,,,,,,,,,,,,,,,
,,,,,,,,,,,,,,,,,,,,,,,,,,,,,,,,,,
,,,,,,,,,,,,,,,,,,,,,,,,,,,,,,,,,,
,,,,,,,,,,,,,,,,,,,,,,,,,,,,,,,,,,
,,,,,,,,,,,,,,,,,,,,,,,,,,,,,,,,,,
,,,,,,,,,,,,,,,,,,,,,,,,,,,,,,,,,,
,,,,,,,,,,,,,,,,,,,,,,,,,,,,,,,,,,
,,,,,,,,,,,,,,,,,,,,,,,,,,,,,,,,,,
,,,,,,,,,,,,,,,,,,,,,,,,,,,,,,,,,,
,,,,,,,,,,,,,,,,,,,,,,,,,,,,,,,,,,
,,,,,,,,,,,,,,,,,,,,,,,,,,,,,,,,,,
,,,,,,,,,,,,,,,,,,,,,,,,,,,,,,,,,,
,,,,,,,,,,,,,,,,,,,,,,,,,,,,,,,,,,
,,,,,,,,,,,,,,,,,,,,,,,,,,,,,,,,,,
,,,,,,,,,,,,,,,,,,,,,,,,,,,,,,,,,,
,,,,,,,,,,,,,,,,,,,,,,,,,,,,,,,,,,
,,,,,,,,,,,,,,,,,,,,,,,,,,,,,,,,,,
,,,,,,,,,,,,,,,,,,,,,,,,,,,,,,,,,,
,,,,,,,,,,,,,,,,,,,,,,,,,,,,,,,,,,
,,,,,,,,,,,,,,,,,,,,,,,,,,,,,,,,,,
,,,,,,,,,,,,,,,,,,,,,,,,,,,,,,,,,,
,,,,,,,,,,,,,,,,,,,,,,,,,,,,,,,,,,
,,,,,,,,,,,,,,,,,,,,,,,,,,,,,,,,,,
,,,,,,,,,,,,,,,,,,,,,,,,,,,,,,,,,,
,,,,,,,,,,,,,,,,,,,,,,,,,,,,,,,,,,
,,,,,,,,,,,,,,,,,,,,,,,,,,,,,,,,,,
,,,,,,,,,,,,,,,,,,,,,,,,,,,,,,,,,,
,,,,,,,,,,,,,,,,,,,,,,,,,,,,,,,,,,
,,,,,,,,,,,,,,,,,,,,,,,,,,,,,,,,,,
,,,,,,,,,,,,,,,,,,,,,,,,,,,,,,,,,,
,,,,,,,,,,,,,,,,,,,,,,,,,,,,,,,,,,
,,,,,,,,,,,,,,,,,,,,,,,,,,,,,,,,,,
,,,,,,,,,,,,,,,,,,,,,,,,,,,,,,,,,,
