DATAFILE_AS_OF,REPORT_YEAR,REPORT_NUMBER,SUPPLEMENTAL_NUMBER,OPERATOR_ID,PARTA2NAMEOFCOMP,PARTA5COMMODITY,INTER_INTRA,STATE_NAME,PARTPONCPB,PARTPONCPC,PARTPONCUB,PARTPONCUC,PARTPONCUP,PARTPONCUO,PARTPONTOTAL,PARTPOFFCPB,PARTPOFFCPC,PARTPOFFCUB,PARTPOFFCUC,PARTPOFFCUP,PARTPOFFCUO,PARTPOFFTOTAL,PARTPCPBTOTAL,PARTPCPCTOTAL,PARTPCUBTOTAL,PARTPCUCTOTAL,PARTPCUPTOTAL,PARTPCUOTOTAL,PARTPTOTMILES,PARTPOTHER
2/2/2026,2022.0,20230126.0,20031.0,117.0,AIR PRODUCTS & CHEMICALS INC,CO2,INTRASTATE,TEXAS,0.0,12.91,0.0,0.0,0.0,0.0,12.91,0.0,0.0,0.0,0.0,0.0,0.0,0.0,0.0,12.91,0.0,0.0,0.0,0.0,12.91,
2/2/2026,2022.0,20230350.0,20762.0,300.0,"PLAINS PIPELINE, L.P.",Crude Oil,INTERSTATE,ALABAMA,0.0,65.43,0.0,0.0,0.0,7.22,72.65,0.0,0.0,0.0,0.0,0.0,0.0,0.0,0.0,65.43,0.0,0.0,0.0,7.22,72.65,
2/2/2026,2022.0,20230350.0,20762.0,300.0,"PLAINS PIPELINE, L.P.",Crude Oil,INTERSTATE,ARKANSAS,0.0,282.97,0.0,0.0,0.0,0.0,282.97,0.0,0.0,0.0,0.0,0.0,0.0,0.0,0.0,282.97,0.0,0.0,0.0,0.0,282.97,
2/2/2026,2022.0,20230350.0,20762.0,300.0,"PLAINS PIPELINE, L.P.",Crude Oil,INTERSTATE,COLORADO,0.0,10.54,0.0,0.0,0.0,0.0,10.54,0.0,0.0,0.0,0.0,0.0,0.0,0.0,0.0,10.54,0.0,0.0,0.0,0.0,10.54,
2/2/2026,2022.0,20230350.0,20762.0,300.0,"PLAINS PIPELINE, L.P.",Crude Oil,INTERSTATE,ILLINOIS,0.0,57.28,0.0,0.0,0.0,0.0,57.28,0.0,0.0,0.0,0.0,0.0,0.0,0.0,0.0,57.28,0.0,0.0,0.0,0.0,57.28,
2/2/2026,2022.0,20230350.0,20762.0,300.0,"PLAINS PIPELINE, L.P.",Crude Oil,INTERSTATE,KANSAS,0.0,3.82,0.0,0.0,0.0,0.0,3.82,0.0,0.0,0.0,0.0,0.0,0.0,0.0,0.0,3.82,0.0,0.0,0.0,0.0,3.82,
2/2/2026,2022.0,20230350.0,20762.0,300.0,"PLAINS PIPELINE, L.P.",Crude Oil,INTERSTATE,LOUISIANA,0.0,166.81,0.0,0.0,0.0,34.66,201.47,0.0,0.0,0.0,0.0,0.0,0.0,0.0,0.0,166.81,0.0,0.0,0.0,34.66,201.47,
2/2/2026,2022.0,20230350.0,20762.0,300.0,"PLAINS PIPELINE, L.P.",Crude Oil,INTERSTATE,MISSISSIPPI,0.0,386.08,0.0,0.0,0.0,122.72,508.8,0.0,0.0,0.0,0.0,0.0,0.0,0.0,0.0,386.08,0.0,0.0,0.0,122.72,508.8,
2/2/2026,2022.0,20230350.0,20762.0,300.0,"PLAINS PIPELINE, L.P.",Crude Oil,INTERSTATE,MONTANA,0.0,127.8,0.0,0.0,0.0,0.13,127.93,0.0,0.0,0.0,0.0,0.0,0.0,0.0,0.0,127.8,0.0,0.0,0.0,0.13,127.93,
2/2/2026,2022.0,20230350.0,20762.0,300.0,"PLAINS PIPELINE, L.P.",Crude Oil,INTERSTATE,NEW MEXICO,0.0,260.16,0.0,0.0,0.0,5.88,266.04,0.0,0.0,0.0,0.0,0.0,0.0,0.0,0.0,260.16,0.0,0.0,0.0,5.88,266.04,
2/2/2026,2022.0,20230350.0,20762.0,300.0,"PLAINS PIPELINE, L.P.",Crude Oil,INTERSTATE,NORTH DAKOTA,0.1,72.73,0.0,0.0,0.0,0.26,73.09,0.0,0.0,0.0,0.0,0.0,0.0,0.0,0.1,72.73,0.0,0.0,0.0,0.26,73.09,
2/2/2026,2022.0,20230350.0,20762.0,300.0,"PLAINS PIPELINE, L.P.",Crude Oil,INTERSTATE,OKLAHOMA,0.02,633.71,0.0,0.0,0.0,26.86,660.59,0.0,0.0,0.0,0.0,0.0,0.0,0.0,0.02,633.71,0.0,0.0,0.0,26.86,660.59,
2/2/2026,2022.0,20230350.0,20762.0,300.0,"PLAINS PIPELINE, L.P.",Crude Oil,INTERSTATE,TENNESSEE,0.0,6.59,0.0,0.0,0.0,0.0,6.59,0.0,0.0,0.0,0.0,0.0,0.0,0.0,0.0,6.59,0.0,0.0,0.0,0.0,6.59,
2/2/2026,2022.0,20230350.0,20762.0,300.0,"PLAINS PIPELINE, L.P.",Crude Oil,INTERSTATE,TEXAS,0.0,1909.16,0.0,0.0,0.0,50.68,1959.84,0.0,0.0,0.0,0.0,0.0,0.0,0.0,0.0,1909.16,0.0,0.0,0.0,50.68,1959.84,Undetermined
2/2/2026,2022.0,20230350.0,20762.0,300.0,"PLAINS PIPELINE, L.P.",Crude Oil,INTERSTATE,WYOMING,0.0,538.73,0.0,0.0,0.0,10.79,549.52,0.0,0.0,0.0,0.0,0.0,0.0,0.0,0.0,538.73,0.0,0.0,0.0,10.79,549.52,
2/2/2026,2022.0,20230350.0,20762.0,300.0,"PLAINS PIPELINE, L.P.",Crude Oil,INTRASTATE,ARKANSAS,0.0,0.0,0.0,0.0,0.0,0.0,0.0,0.0,0.0,0.0,0.0,0.0,0.0,0.0,0.0,0.0,0.0,0.0,0.0,0.0,0.0,
2/2/2026,2022.0,20230350.0,20762.0,300.0,"PLAINS PIPELINE, L.P.",Crude Oil,INTRASTATE,CALIFORNIA,2.49,355.84,0.0,0.0,0.0,84.12,442.45,0.0,0.0,0.0,0.0,0.0,0.0,0.0,2.49,355.84,0.0,0.0,0.0,84.12,442.45,Undetermined
2/2/2026,2022.0,20230350.0,20762.0,300.0,"PLAINS PIPELINE, L.P.",Crude Oil,INTRASTATE,MISSISSIPPI,0.0,29.7,0.0,0.0,0.0,9.24,38.94,0.0,0.0,0.0,0.0,0.0,0.0,0.0,0.0,29.7,0.0,0.0,0.0,9.24,38.94,
2/2/2026,2022.0,20230350.0,20762.0,300.0,"PLAINS PIPELINE, L.P.",Crude Oil,INTRASTATE,MONTANA,0.0,2.62,0.0,0.0,0.0,0.0,2.62,0.0,0.0,0.0,0.0,0.0,0.0,0.0,0.0,2.62,0.0,0.0,0.0,0.0,2.62,
2/2/2026,2022.0,20230350.0,20762.0,300.0,"PLAINS PIPELINE, L.P.",Crude Oil,INTRASTATE,NEW MEXICO,0.0,117.89,0.0,0.0,0.0,4.08,121.97,0.0,0.0,0.0,0.0,0.0,0.0,0.0,0.0,117.89,0.0,0.0,0.0,4.08,121.97,Undetermined
2/2/2026,2022.0,20230350.0,20762.0,300.0,"PLAINS PIPELINE, L.P.",Crude Oil,INTRASTATE,OKLAHOMA,0.0,240.99,0.0,0.0,0.0,23.39,264.38,0.0,0.0,0.0,0.0,0.0,0.0,0.0,0.0,240.99,0.0,0.0,0.0,23.39,264.38,
2/2/2026,2022.0,20230350.0,20762.0,300.0,"PLAINS PIPELINE, L.P.",Crude Oil,INTRASTATE,TEXAS,168.19,1933.26,0.0,0.0,0.0,656.59,2758.04,0.0,0.0,0.0,0.0,0.0,0.0,0.0,168.19,1933.26,0.0,0.0,0.0,656.59,2758.04,
2/2/2026,2022.0,20230350.0,20762.0,300.0,"PLAINS PIPELINE, L.P.",Crude Oil,INTRASTATE,WYOMING,0.0,0.0,0.0,0.0,0.0,0.0,0.0,0.0,0.0,0.0,0.0,0.0,0.0,0.0,0.0,0.0,0.0,0.0,0.0,0.0,0.0,
2/2/2026,2022.0,20230349.0,20263.0,300.0,"PLAINS PIPELINE, L.P.",HVL,INTERSTATE,MICHIGAN,0.0,65.33,0.0,0.0,0.0,7.14,72.47,0.0,0.0,0.0,0.0,0.0,0.0,0.0,0.0,65.33,0.0,0.0,0.0,7.14,72.47,Undetermined
2/2/2026,2022.0,20230349.0,20263.0,300.0,"PLAINS PIPELINE, L.P.",HVL,INTRASTATE,CALIFORNIA,0.0,43.08,0.0,0.0,0.0,0.0,43.08,0.0,0.0,0.0,0.0,0.0,0.0,0.0,0.0,43.08,0.0,0.0,0.0,0.0,43.08,
2/2/2026,2022.0,20230349.0,20263.0,300.0,"PLAINS PIPELINE, L.P.",HVL,INTRASTATE,TEXAS,0.0,11.83,0.0,0.0,0.0,0.0,11.83,0.0,0.0,0.0,0.0,0.0,0.0,0.0,0.0,11.83,0.0,0.0,0.0,0.0,11.83,
2/2/2026,2022.0,20230155.0,20064.0,395.0,AMOCO OIL CO,Refined and/or Petroleum Product (non-HVL),INTERSTATE,ILLINOIS,0.0,272.7,0.0,0.0,0.0,0.0,272.7,0.0,0.0,0.0,0.0,0.0,0.0,0.0,0.0,272.7,0.0,0.0,0.0,0.0,272.7,
2/2/2026,2022.0,20230155.0,20064.0,395.0,AMOCO OIL CO,Refined and/or Petroleum Product (non-HVL),INTERSTATE,INDIANA,0.0,257.9,0.0,0.0,0.0,0.0,257.9,0.0,0.0,0.0,0.0,0.0,0.0,0.0,0.0,257.9,0.0,0.0,0.0,0.0,257.9,
2/2/2026,2022.0,20230155.0,20064.0,395.0,AMOCO OIL CO,Refined and/or Petroleum Product (non-HVL),INTERSTATE,IOWA,0.0,121.4,0.0,0.0,0.0,0.0,121.4,0.0,0.0,0.0,0.0,0.0,0.0,0.0,0.0,121.4,0.0,0.0,0.0,0.0,121.4,
2/2/2026,2022.0,20230155.0,20064.0,395.0,AMOCO OIL CO,Refined and/or Petroleum Product (non-HVL),INTERSTATE,MICHIGAN,0.0,162.4,0.0,0.0,0.0,0.0,162.4,0.0,0.0,0.0,0.0,0.0,0.0,0.0,0.0,162.4,0.0,0.0,0.0,0.0,162.4,
2/2/2026,2022.0,20230155.0,20064.0,395.0,AMOCO OIL CO,Refined and/or Petroleum Product (non-HVL),INTERSTATE,MINNESOTA,0.0,126.2,0.0,0.0,0.0,0.0,126.2,0.0,0.0,0.0,0.0,0.0,0.0,0.0,0.0,126.2,0.0,0.0,0.0,0.0,126.2,
2/2/2026,2022.0,20230155.0,20064.0,395.0,AMOCO OIL CO,Refined and/or Petroleum Product (non-HVL),INTERSTATE,MISSOURI,0.0,211.6,0.0,0.0,0.0,0.0,211.6,0.0,0.0,0.0,0.0,0.0,0.0,0.0,0.0,211.6,0.0,0.0,0.0,0.0,211.6,
2/2/2026,2022.0,20230641.0,20565.0,473.0,"WESTERN MIDSTREAM PARTNERS, LP",Crude Oil,INTRASTATE,COLORADO,0.0,139.0,0.0,0.0,0.0,0.0,139.0,0.0,0.0,0.0,0.0,0.0,0.0,0.0,0.0,139.0,0.0,0.0,0.0,0.0,139.0,
2/2/2026,2022.0,20230641.0,20565.0,473.0,"WESTERN MIDSTREAM PARTNERS, LP",Crude Oil,INTRASTATE,TEXAS,0.0,331.04,0.0,0.0,0.0,0.0,331.04,0.0,0.0,0.0,0.0,0.0,0.0,0.0,0.0,331.04,0.0,0.0,0.0,0.0,331.04,
2/2/2026,2022.0,20230641.0,20565.0,473.0,"WESTERN MIDSTREAM PARTNERS, LP",Crude Oil,INTRASTATE,WYOMING,0.0,28.2,0.0,0.0,0.0,0.0,28.2,0.0,0.0,0.0,0.0,0.0,0.0,0.0,0.0,28.2,0.0,0.0,0.0,0.0,28.2,
2/2/2026,2022.0,20230640.0,20564.0,473.0,"WESTERN MIDSTREAM PARTNERS, LP",HVL,INTRASTATE,COLORADO,0.0,77.1,0.0,0.0,0.0,0.0,77.1,0.0,0.0,0.0,0.0,0.0,0.0,0.0,0.0,77.1,0.0,0.0,0.0,0.0,77.1,
2/2/2026,2022.0,20230640.0,20564.0,473.0,"WESTERN MIDSTREAM PARTNERS, LP",HVL,INTRASTATE,TEXAS,0.0,117.4,0.0,0.0,0.0,0.0,117.4,0.0,0.0,0.0,0.0,0.0,0.0,0.0,0.0,117.4,0.0,0.0,0.0,0.0,117.4,
2/2/2026,2022.0,20230640.0,20564.0,473.0,"WESTERN MIDSTREAM PARTNERS, LP",HVL,INTRASTATE,UTAH,0.0,32.6,0.0,0.0,0.0,0.0,32.6,0.0,0.0,0.0,0.0,0.0,0.0,0.0,0.0,32.6,0.0,0.0,0.0,0.0,32.6,
2/2/2026,2022.0,20230640.0,20564.0,473.0,"WESTERN MIDSTREAM PARTNERS, LP",HVL,INTRASTATE,WYOMING,0.0,2.0,0.0,0.0,0.0,0.0,2.0,0.0,0.0,0.0,0.0,0.0,0.0,0.0,0.0,2.0,0.0,0.0,0.0,0.0,2.0,
2/2/2026,2022.0,20230375.0,20291.0,515.0,DAKOTA GASIFICATION COMPANY,CO2,INTERSTATE,NORTH DAKOTA,0.0,167.04,0.0,0.0,0.0,0.0,167.04,0.0,0.0,0.0,0.0,0.0,0.0,0.0,0.0,167.04,0.0,0.0,0.0,0.0,167.04,
2/2/2026,2022.0,20230286.0,20197.0,994.0,"WILLIAMS FIELD SERVICES - GULF COAST COMPANY, LP",Crude Oil,INTERSTATE,OCS-Gulf of Mexico,0.0,0.0,0.0,0.0,0.0,0.0,0.0,0.0,5.77,0.0,0.0,0.0,0.0,5.77,0.0,5.77,0.0,0.0,0.0,0.0,5.77,
2/2/2026,2022.0,20230289.0,20217.0,994.0,"WILLIAMS FIELD SERVICES - GULF COAST COMPANY, LP",HVL,INTRASTATE,TEXAS,0.0,15.8,0.0,0.0,0.0,0.0,15.8,0.0,0.0,0.0,0.0,0.0,0.0,0.0,0.0,15.8,0.0,0.0,0.0,0.0,15.8,
2/2/2026,2022.0,20230634.0,20558.0,999.0,"PACIFIC COAST ENERGY COMPANY, LP",Crude Oil,INTRASTATE,CALIFORNIA,0.0,1.7,0.0,0.0,0.0,0.0,1.7,0.0,0.0,0.0,0.0,0.0,0.0,0.0,0.0,1.7,0.0,0.0,0.0,0.0,1.7,
2/2/2026,2022.0,20230532.0,20456.0,1541.0,"HILCORP NORTH SLOPE, LLC",Crude Oil,INTRASTATE,ALASKA,0.0,0.0,17.24,17.36,0.0,0.0,34.6,0.0,0.0,0.0,0.0,0.0,0.0,0.0,0.0,0.0,17.24,17.36,0.0,0.0,34.6,
2/2/2026,2022.0,20230513.0,20435.0,1845.0,"BUCKEYE PARTNERS, LP",Crude Oil,INTERSTATE,INDIANA,0.0,1.641,0.0,0.0,0.0,0.0,1.641,0.0,0.0,0.0,0.0,0.0,0.0,0.0,0.0,1.641,0.0,0.0,0.0,0.0,1.641,
2/2/2026,2022.0,20230513.0,20435.0,1845.0,"BUCKEYE PARTNERS, LP",Crude Oil,INTERSTATE,OHIO,0.0,1.168,0.0,0.0,0.0,0.0,1.168,0.0,0.0,0.0,0.0,0.0,0.0,0.0,0.0,1.168,0.0,0.0,0.0,0.0,1.168,
2/2/2026,2022.0,20230513.0,20435.0,1845.0,"BUCKEYE PARTNERS, LP",Crude Oil,INTRASTATE,TEXAS,0.0,3.5,0.0,0.0,0.0,0.0,3.5,0.0,0.0,0.0,0.0,0.0,0.0,0.0,0.0,3.5,0.0,0.0,0.0,0.0,3.5,
2/2/2026,2022.0,20230512.0,20434.0,1845.0,"BUCKEYE PARTNERS, LP",Fuel Grade Ethanol (dedicated system),INTERSTATE,FLORIDA,0.0,1.617,0.0,0.0,0.0,0.0,1.617,0.0,0.0,0.0,0.0,0.0,0.0,0.0,0.0,1.617,0.0,0.0,0.0,0.0,1.617,
2/2/2026,2022.0,20230512.0,20434.0,1845.0,"BUCKEYE PARTNERS, LP",Fuel Grade Ethanol (dedicated system),INTRASTATE,FLORIDA,0.0,1.722,0.0,0.0,0.0,0.0,1.722,0.0,0.0,0.0,0.0,0.0,0.0,0.0,0.0,1.722,0.0,0.0,0.0,0.0,1.722,
2/2/2026,2022.0,20230514.0,20436.0,1845.0,"BUCKEYE PARTNERS, LP",HVL,INTERSTATE,ILLINOIS,0.0,13.54,0.0,0.0,0.0,0.0,13.54,0.0,0.0,0.0,0.0,0.0,0.0,0.0,0.0,13.54,0.0,0.0,0.0,0.0,13.54,
2/2/2026,2022.0,20230514.0,20436.0,1845.0,"BUCKEYE PARTNERS, LP",HVL,INTERSTATE,INDIANA,0.0,1.819,0.0,0.0,0.0,0.0,1.819,0.0,0.0,0.0,0.0,0.0,0.0,0.0,0.0,1.819,0.0,0.0,0.0,0.0,1.819,
2/2/2026,2022.0,20230514.0,20436.0,1845.0,"BUCKEYE PARTNERS, LP",HVL,INTERSTATE,OHIO,0.0,0.91,0.0,0.0,0.0,0.0,0.91,0.0,0.0,0.0,0.0,0.0,0.0,0.0,0.0,0.91,0.0,0.0,0.0,0.0,0.91,
2/2/2026,2022.0,20230514.0,20436.0,1845.0,"BUCKEYE PARTNERS, LP",HVL,INTRASTATE,FLORIDA,0.0,1.733,0.0,0.0,0.0,0.0,1.733,0.0,0.0,0.0,0.0,0.0,0.0,0.0,0.0,1.733,0.0,0.0,0.0,0.0,1.733,
2/2/2026,2022.0,20230514.0,20436.0,1845.0,"BUCKEYE PARTNERS, LP",HVL,INTRASTATE,TEXAS,0.0,14.87,0.0,0.0,0.0,0.0,14.87,0.0,0.0,0.0,0.0,0.0,0.0,0.0,0.0,14.87,0.0,0.0,0.0,0.0,14.87,
2/2/2026,2022.0,20230515.0,20437.0,1845.0,"BUCKEYE PARTNERS, LP",Refined and/or Petroleum Product (non-HVL),INTERSTATE,CONNECTICUT,0.0,93.498,0.0,0.0,0.0,0.0,93.498,0.0,0.0,0.0,0.0,0.0,0.0,0.0,0.0,93.498,0.0,0.0,0.0,0.0,93.498,
2/2/2026,2022.0,20230515.0,20437.0,1845.0,"BUCKEYE PARTNERS, LP",Refined and/or Petroleum Product (non-HVL),INTERSTATE,DELAWARE,0.0,3.079,0.0,0.0,0.0,0.0,3.079,0.0,0.0,0.0,0.0,0.0,0.0,0.0,0.0,3.079,0.0,0.0,0.0,0.0,3.079,
2/2/2026,2022.0,20230515.0,20437.0,1845.0,"BUCKEYE PARTNERS, LP",Refined and/or Petroleum Product (non-HVL),INTERSTATE,FLORIDA,0.0,1.617,0.0,0.0,0.0,0.0,1.617,0.0,0.0,0.0,0.0,0.0,0.0,0.0,0.0,1.617,0.0,0.0,0.0,0.0,1.617,
2/2/2026,2022.0,20230515.0,20437.0,1845.0,"BUCKEYE PARTNERS, LP",Refined and/or Petroleum Product (non-HVL),INTERSTATE,ILLINOIS,240.038,799.7,0.0,0.0,0.0,0.0,1039.738,0.0,0.0,0.0,0.0,0.0,0.0,0.0,240.038,799.7,0.0,0.0,0.0,0.0,1039.738,
2/2/2026,2022.0,20230515.0,20437.0,1845.0,"BUCKEYE PARTNERS, LP",Refined and/or Petroleum Product (non-HVL),INTERSTATE,INDIANA,12.627,920.383,0.0,0.0,0.0,0.0,933.01,0.0,0.0,0.0,0.0,0.0,0.0,0.0,12.627,920.383,0.0,0.0,0.0,0.0,933.01,
2/2/2026,2022.0,20230515.0,20437.0,1845.0,"BUCKEYE PARTNERS, LP",Refined and/or Petroleum Product (non-HVL),INTERSTATE,IOWA,0.0,328.068,0.0,0.0,0.0,0.0,328.068,0.0,0.0,0.0,0.0,0.0,0.0,0.0,0.0,328.068,0.0,0.0,0.0,0.0,328.068,
2/2/2026,2022.0,20230515.0,20437.0,1845.0,"BUCKEYE PARTNERS, LP",Refined and/or Petroleum Product (non-HVL),INTERSTATE,MAINE,0.0,124.244,0.0,0.0,0.0,0.0,124.244,0.0,0.0,0.0,0.0,0.0,0.0,0.0,0.0,124.244,0.0,0.0,0.0,0.0,124.244,
2/2/2026,2022.0,20230515.0,20437.0,1845.0,"BUCKEYE PARTNERS, LP",Refined and/or Petroleum Product (non-HVL),INTERSTATE,MASSACHUSETTS,0.0,20.882,0.0,0.0,0.0,0.0,20.882,0.0,0.0,0.0,0.0,0.0,0.0,0.0,0.0,20.882,0.0,0.0,0.0,0.0,20.882,
2/2/2026,2022.0,20230515.0,20437.0,1845.0,"BUCKEYE PARTNERS, LP",Refined and/or Petroleum Product (non-HVL),INTERSTATE,MICHIGAN,0.0,393.377,0.0,0.0,0.0,0.0,393.377,0.0,0.0,0.0,0.0,0.0,0.0,0.0,0.0,393.377,0.0,0.0,0.0,0.0,393.377,
2/2/2026,2022.0,20230515.0,20437.0,1845.0,"BUCKEYE PARTNERS, LP",Refined and/or Petroleum Product (non-HVL),INTERSTATE,MISSOURI,0.0,280.899,0.0,0.0,0.0,0.0,280.899,0.0,0.0,0.0,0.0,0.0,0.0,0.0,0.0,280.899,0.0,0.0,0.0,0.0,280.899,
2/2/2026,2022.0,20230515.0,20437.0,1845.0,"BUCKEYE PARTNERS, LP",Refined and/or Petroleum Product (non-HVL),INTERSTATE,NEW JERSEY,0.0,148.453,0.0,0.0,0.0,0.0,148.453,0.0,0.0,0.0,0.0,0.0,0.0,0.0,0.0,148.453,0.0,0.0,0.0,0.0,148.453,
2/2/2026,2022.0,20230515.0,20437.0,1845.0,"BUCKEYE PARTNERS, LP",Refined and/or Petroleum Product (non-HVL),INTERSTATE,NEW YORK,0.0,629.243,0.0,0.0,0.0,0.0,629.243,0.0,0.0,0.0,0.0,0.0,0.0,0.0,0.0,629.243,0.0,0.0,0.0,0.0,629.243,
2/2/2026,2022.0,20230515.0,20437.0,1845.0,"BUCKEYE PARTNERS, LP",Refined and/or Petroleum Product (non-HVL),INTERSTATE,OHIO,0.0,1089.513,0.0,0.0,0.0,0.0,1089.513,0.0,0.0,0.0,0.0,0.0,0.0,0.0,0.0,1089.513,0.0,0.0,0.0,0.0,1089.513,
2/2/2026,2022.0,20230515.0,20437.0,1845.0,"BUCKEYE PARTNERS, LP",Refined and/or Petroleum Product (non-HVL),INTERSTATE,PENNSYLVANIA,0.0,1123.038,0.0,0.0,0.0,0.0,1123.038,0.0,0.0,0.0,0.0,0.0,0.0,0.0,0.0,1123.038,0.0,0.0,0.0,0.0,1123.038,
2/2/2026,2022.0,20230515.0,20437.0,1845.0,"BUCKEYE PARTNERS, LP",Refined and/or Petroleum Product (non-HVL),INTRASTATE,ALABAMA,0.0,1.98,0.0,0.0,0.0,0.0,1.98,0.0,0.0,0.0,0.0,0.0,0.0,0.0,0.0,1.98,0.0,0.0,0.0,0.0,1.98,
2/2/2026,2022.0,20230515.0,20437.0,1845.0,"BUCKEYE PARTNERS, LP",Refined and/or Petroleum Product (non-HVL),INTRASTATE,IOWA,0.0,0.073,0.0,0.0,0.0,0.0,0.073,0.0,0.0,0.0,0.0,0.0,0.0,0.0,0.0,0.073,0.0,0.0,0.0,0.0,0.073,
2/2/2026,2022.0,20230515.0,20437.0,1845.0,"BUCKEYE PARTNERS, LP",Refined and/or Petroleum Product (non-HVL),INTRASTATE,TEXAS,0.0,1.723,0.0,0.0,0.0,0.0,1.723,0.0,0.0,0.0,0.0,0.0,0.0,0.0,0.0,1.723,0.0,0.0,0.0,0.0,1.723,
2/2/2026,2022.0,20230044.0,19930.0,2162.0,DOW PIPELINE CO - CAYUSE,HVL,INTERSTATE,LOUISIANA,0.0,166.11,0.0,0.0,0.0,0.0,166.11,0.0,0.0,0.0,0.0,0.0,0.0,0.0,0.0,166.11,0.0,0.0,0.0,0.0,166.11,
2/2/2026,2022.0,20230044.0,19930.0,2162.0,DOW PIPELINE CO - CAYUSE,HVL,INTERSTATE,TEXAS,0.0,82.63,0.0,0.0,0.0,0.0,82.63,0.0,0.0,0.0,0.0,0.0,0.0,0.0,0.0,82.63,0.0,0.0,0.0,0.0,82.63,
2/2/2026,2022.0,20230311.0,20227.0,2170.0,CENEX PIPELINE LLC,Refined and/or Petroleum Product (non-HVL),INTERSTATE,MONTANA,0.004,333.9,0.0,0.0,0.0,0.0,333.904,0.0,0.0,0.0,0.0,0.0,0.0,0.0,0.004,333.9,0.0,0.0,0.0,0.0,333.904,
2/2/2026,2022.0,20230311.0,20227.0,2170.0,CENEX PIPELINE LLC,Refined and/or Petroleum Product (non-HVL),INTERSTATE,NORTH DAKOTA,0.0,443.27,0.0,0.0,0.0,0.0,443.27,0.0,0.0,0.0,0.0,0.0,0.0,0.0,0.0,443.27,0.0,0.0,0.0,0.0,443.27,
2/2/2026,2022.0,20230212.0,20122.0,2190.0,CENTRAL FLORIDA PIPELINE CORP,Refined and/or Petroleum Product (non-HVL),INTRASTATE,FLORIDA,0.0,205.68,0.0,0.0,0.0,0.0,205.68,0.0,0.0,0.0,0.0,0.0,0.0,0.0,0.0,205.68,0.0,0.0,0.0,0.0,205.68,
2/2/2026,2022.0,20230339.0,20253.0,2387.0,CITGO PIPELINE CO,Crude Oil,INTERSTATE,LOUISIANA,0.0,22.198,0.0,0.136,0.0,0.0,22.334,0.0,0.0,0.0,0.0,0.0,0.0,0.0,0.0,22.198,0.0,0.136,0.0,0.0,22.334,
2/2/2026,2022.0,20230339.0,20253.0,2387.0,CITGO PIPELINE CO,Crude Oil,INTERSTATE,TEXAS,0.0,41.618,0.0,0.216,0.0,0.0,41.834,0.0,0.0,0.0,0.0,0.0,0.0,0.0,0.0,41.618,0.0,0.216,0.0,0.0,41.834,
2/2/2026,2022.0,20230288.0,20199.0,2552.0,COLONIAL PIPELINE CO,Refined and/or Petroleum Product (non-HVL),INTERSTATE,ALABAMA,0.0,413.8,0.0,0.0,0.0,0.0,413.8,0.0,0.0,0.0,0.0,0.0,0.0,0.0,0.0,413.8,0.0,0.0,0.0,0.0,413.8,
2/2/2026,2022.0,20230288.0,20199.0,2552.0,COLONIAL PIPELINE CO,Refined and/or Petroleum Product (non-HVL),INTERSTATE,DELAWARE,0.0,4.25,0.0,0.0,0.0,0.0,4.25,0.0,0.0,0.0,0.0,0.0,0.0,0.0,0.0,4.25,0.0,0.0,0.0,0.0,4.25,
2/2/2026,2022.0,20230288.0,20199.0,2552.0,COLONIAL PIPELINE CO,Refined and/or Petroleum Product (non-HVL),INTERSTATE,GEORGIA,0.0,1013.6,64.72,0.0,0.0,0.0,1078.32,0.0,0.0,0.0,0.0,0.0,0.0,0.0,0.0,1013.6,64.72,0.0,0.0,0.0,1078.32,
2/2/2026,2022.0,20230288.0,20199.0,2552.0,COLONIAL PIPELINE CO,Refined and/or Petroleum Product (non-HVL),INTERSTATE,LOUISIANA,0.0,479.74,0.0,0.0,0.0,0.0,479.74,0.0,0.0,0.0,0.0,0.0,0.0,0.0,0.0,479.74,0.0,0.0,0.0,0.0,479.74,
2/2/2026,2022.0,20230288.0,20199.0,2552.0,COLONIAL PIPELINE CO,Refined and/or Petroleum Product (non-HVL),INTERSTATE,MARYLAND,0.0,308.18,0.0,0.0,0.0,0.0,308.18,0.0,0.0,0.0,0.0,0.0,0.0,0.0,0.0,308.18,0.0,0.0,0.0,0.0,308.18,
2/2/2026,2022.0,20230288.0,20199.0,2552.0,COLONIAL PIPELINE CO,Refined and/or Petroleum Product (non-HVL),INTERSTATE,MISSISSIPPI,0.0,474.13,0.0,0.0,0.0,0.0,474.13,0.0,0.0,0.0,0.0,0.0,0.0,0.0,0.0,474.13,0.0,0.0,0.0,0.0,474.13,
2/2/2026,2022.0,20230288.0,20199.0,2552.0,COLONIAL PIPELINE CO,Refined and/or Petroleum Product (non-HVL),INTERSTATE,NEW JERSEY,0.0,169.65,0.0,0.0,0.0,0.0,169.65,0.0,0.0,0.0,0.0,0.0,0.0,0.0,0.0,169.65,0.0,0.0,0.0,0.0,169.65,
2/2/2026,2022.0,20230288.0,20199.0,2552.0,COLONIAL PIPELINE CO,Refined and/or Petroleum Product (non-HVL),INTERSTATE,NEW YORK,0.0,6.81,0.0,0.0,0.0,0.0,6.81,0.0,0.0,0.0,0.0,0.0,0.0,0.0,0.0,6.81,0.0,0.0,0.0,0.0,6.81,
2/2/2026,2022.0,20230288.0,20199.0,2552.0,COLONIAL PIPELINE CO,Refined and/or Petroleum Product (non-HVL),INTERSTATE,NORTH CAROLINA,0.0,706.59,0.0,0.0,0.0,0.0,706.59,0.0,0.0,0.0,0.0,0.0,0.0,0.0,0.0,706.59,0.0,0.0,0.0,0.0,706.59,
2/2/2026,2022.0,20230288.0,20199.0,2552.0,COLONIAL PIPELINE CO,Refined and/or Petroleum Product (non-HVL),INTERSTATE,PENNSYLVANIA,0.0,38.35,0.0,0.0,0.0,0.0,38.35,0.0,0.0,0.0,0.0,0.0,0.0,0.0,0.0,38.35,0.0,0.0,0.0,0.0,38.35,
2/2/2026,2022.0,20230288.0,20199.0,2552.0,COLONIAL PIPELINE CO,Refined and/or Petroleum Product (non-HVL),INTERSTATE,SOUTH CAROLINA,0.0,377.04,0.0,0.0,0.0,0.0,377.04,0.0,0.0,0.0,0.0,0.0,0.0,0.0,0.0,377.04,0.0,0.0,0.0,0.0,377.04,
2/2/2026,2022.0,20230288.0,20199.0,2552.0,COLONIAL PIPELINE CO,Refined and/or Petroleum Product (non-HVL),INTERSTATE,TENNESSEE,0.0,481.95,0.0,0.0,0.0,0.0,481.95,0.0,0.0,0.0,0.0,0.0,0.0,0.0,0.0,481.95,0.0,0.0,0.0,0.0,481.95,
2/2/2026,2022.0,20230288.0,20199.0,2552.0,COLONIAL PIPELINE CO,Refined and/or Petroleum Product (non-HVL),INTERSTATE,TEXAS,0.0,269.69,0.0,0.0,0.0,0.0,269.69,0.0,0.0,0.0,0.0,0.0,0.0,0.0,0.0,269.69,0.0,0.0,0.0,0.0,269.69,
2/2/2026,2022.0,20230288.0,20199.0,2552.0,COLONIAL PIPELINE CO,Refined and/or Petroleum Product (non-HVL),INTERSTATE,VIRGINIA,0.0,789.25,0.0,0.0,0.0,0.0,789.25,0.0,0.0,0.0,0.0,0.0,0.0,0.0,0.0,789.25,0.0,0.0,0.0,0.0,789.25,
2/2/2026,2022.0,20230288.0,20199.0,2552.0,COLONIAL PIPELINE CO,Refined and/or Petroleum Product (non-HVL),INTERSTATE,WASHINGTON DC,0.0,0.82,0.0,0.0,0.0,0.0,0.82,0.0,0.0,0.0,0.0,0.0,0.0,0.0,0.0,0.82,0.0,0.0,0.0,0.0,0.82,
2/2/2026,2022.0,20230081.0,19977.0,2714.0,"EASTERN GAS TRANSMISSION AND STORAGE, INC.",HVL,INTERSTATE,PENNSYLVANIA,0.0,52.3,0.0,0.0,0.0,0.0,52.3,0.0,0.0,0.0,0.0,0.0,0.0,0.0,0.0,52.3,0.0,0.0,0.0,0.0,52.3,
2/2/2026,2022.0,20230081.0,19977.0,2714.0,"EASTERN GAS TRANSMISSION AND STORAGE, INC.",HVL,INTERSTATE,WEST VIRGINIA,0.0,18.457,0.0,0.0,0.0,0.0,18.457,0.0,0.0,0.0,0.0,0.0,0.0,0.0,0.0,18.457,0.0,0.0,0.0,0.0,18.457,
2/2/2026,2022.0,20230081.0,19977.0,2714.0,"EASTERN GAS TRANSMISSION AND STORAGE, INC.",HVL,INTRASTATE,WEST VIRGINIA,0.0,7.723,0.0,0.0,0.0,0.0,7.723,0.0,0.0,0.0,0.0,0.0,0.0,0.0,0.0,7.723,0.0,0.0,0.0,0.0,7.723,
2/2/2026,2022.0,20230080.0,19976.0,2714.0,"EASTERN GAS TRANSMISSION AND STORAGE, INC.",Refined and/or Petroleum Product (non-HVL),INTRASTATE,WEST VIRGINIA,0.0,29.15,0.0,0.0,0.0,0.0,29.15,0.0,0.0,0.0,0.0,0.0,0.0,0.0,0.0,29.15,0.0,0.0,0.0,0.0,29.15,
2/2/2026,2022.0,20230309.0,20221.0,2731.0,CHEVRON PIPE LINE CO,Crude Oil,INTERSTATE,COLORADO,0.0,15.5,0.0,0.0,0.0,0.0,15.5,0.0,0.0,0.0,0.0,0.0,0.0,0.0,0.0,15.5,0.0,0.0,0.0,0.0,15.5,
2/2/2026,2022.0,20230309.0,20221.0,2731.0,CHEVRON PIPE LINE CO,Crude Oil,INTERSTATE,LOUISIANA,0.0,192.6,0.0,0.0,0.0,0.0,192.6,0.0,0.0,0.0,0.0,0.0,0.0,0.0,0.0,192.6,0.0,0.0,0.0,0.0,192.6,
2/2/2026,2022.0,20230309.0,20221.0,2731.0,CHEVRON PIPE LINE CO,Crude Oil,INTERSTATE,MISSISSIPPI,0.0,40.9,0.0,0.0,0.0,0.0,40.9,0.0,0.0,0.0,0.0,0.0,0.0,0.0,0.0,40.9,0.0,0.0,0.0,0.0,40.9,
2/2/2026,2022.0,20230309.0,20221.0,2731.0,CHEVRON PIPE LINE CO,Crude Oil,INTERSTATE,OCS-Gulf of Mexico,0.0,0.0,0.0,0.0,0.0,0.0,0.0,0.0,187.3,0.0,0.0,0.0,0.0,187.3,0.0,187.3,0.0,0.0,0.0,0.0,187.3,
2/2/2026,2022.0,20230309.0,20221.0,2731.0,CHEVRON PIPE LINE CO,Crude Oil,INTERSTATE,UTAH,0.0,344.5,0.0,0.0,0.0,0.0,344.5,0.0,0.0,0.0,0.0,0.0,0.0,0.0,0.0,344.5,0.0,0.0,0.0,0.0,344.5,
2/2/2026,2022.0,20230309.0,20221.0,2731.0,CHEVRON PIPE LINE CO,Crude Oil,INTRASTATE,CALIFORNIA,0.0,92.9,0.0,0.0,0.0,0.0,92.9,0.0,0.0,0.0,0.0,0.0,0.0,0.0,0.0,92.9,0.0,0.0,0.0,0.0,92.9,
2/2/2026,2022.0,20230317.0,20230.0,2731.0,CHEVRON PIPE LINE CO,HVL,INTRASTATE,LOUISIANA,0.0,18.5,0.0,0.0,0.0,0.0,18.5,0.0,0.0,0.0,0.0,0.0,0.0,0.0,0.0,18.5,0.0,0.0,0.0,0.0,18.5,
2/2/2026,2022.0,20230317.0,20230.0,2731.0,CHEVRON PIPE LINE CO,HVL,INTRASTATE,TEXAS,0.0,1037.6,0.0,0.0,0.0,0.0,1037.6,0.0,0.0,0.0,0.0,0.0,0.0,0.0,0.0,1037.6,0.0,0.0,0.0,0.0,1037.6,
2/2/2026,2022.0,20230521.0,20893.0,2731.0,CHEVRON PIPE LINE CO,Refined and/or Petroleum Product (non-HVL),INTRASTATE,CALIFORNIA,0.0,320.2,0.0,0.0,0.0,0.0,320.2,0.0,0.0,0.0,0.0,0.0,0.0,0.0,0.0,320.2,0.0,0.0,0.0,0.0,320.2,
2/2/2026,2022.0,20230521.0,20893.0,2731.0,CHEVRON PIPE LINE CO,Refined and/or Petroleum Product (non-HVL),INTRASTATE,UTAH,0.0,2.7,0.0,0.0,0.0,0.0,2.7,0.0,0.0,0.0,0.0,0.0,0.0,0.0,0.0,2.7,0.0,0.0,0.0,0.0,2.7,
2/2/2026,2022.0,20230281.0,20819.0,2767.0,"HARVEST ALASKA, LLC",Crude Oil,INTERSTATE,ALASKA,0.0,0.0,43.97,0.0,0.0,0.0,43.97,0.0,5.96,4.75,0.0,0.0,0.0,10.71,0.0,5.96,48.72,0.0,0.0,0.0,54.68,
2/2/2026,2022.0,20230281.0,20819.0,2767.0,"HARVEST ALASKA, LLC",Crude Oil,INTRASTATE,ALASKA,0.0,44.05,0.0,0.0,0.0,0.0,44.05,0.0,20.92,0.0,0.0,0.0,0.0,20.92,0.0,64.97,0.0,0.0,0.0,0.0,64.97,
2/2/2026,2022.0,20230557.0,20481.0,3445.0,DIXIE PIPELINE COMPANY LLC,HVL,INTERSTATE,ALABAMA,0.0,253.175,0.0,0.0,0.0,0.0,253.175,0.0,0.0,0.0,0.0,0.0,0.0,0.0,0.0,253.175,0.0,0.0,0.0,0.0,253.175,
2/2/2026,2022.0,20230557.0,20481.0,3445.0,DIXIE PIPELINE COMPANY LLC,HVL,INTERSTATE,GEORGIA,0.0,362.086,0.0,0.0,0.0,0.0,362.086,0.0,0.0,0.0,0.0,0.0,0.0,0.0,0.0,362.086,0.0,0.0,0.0,0.0,362.086,
2/2/2026,2022.0,20230557.0,20481.0,3445.0,DIXIE PIPELINE COMPANY LLC,HVL,INTERSTATE,LOUISIANA,0.0,234.976,0.0,0.0,0.0,0.0,234.976,0.0,0.0,0.0,0.0,0.0,0.0,0.0,0.0,234.976,0.0,0.0,0.0,0.0,234.976,
2/2/2026,2022.0,20230557.0,20481.0,3445.0,DIXIE PIPELINE COMPANY LLC,HVL,INTERSTATE,MISSISSIPPI,0.0,123.33,0.0,0.0,0.0,0.0,123.33,0.0,0.0,0.0,0.0,0.0,0.0,0.0,0.0,123.33,0.0,0.0,0.0,0.0,123.33,
2/2/2026,2022.0,20230557.0,20481.0,3445.0,DIXIE PIPELINE COMPANY LLC,HVL,INTERSTATE,NORTH CAROLINA,0.0,89.455,0.0,0.0,0.0,0.0,89.455,0.0,0.0,0.0,0.0,0.0,0.0,0.0,0.0,89.455,0.0,0.0,0.0,0.0,89.455,
2/2/2026,2022.0,20230557.0,20481.0,3445.0,DIXIE PIPELINE COMPANY LLC,HVL,INTERSTATE,SOUTH CAROLINA,0.0,164.044,0.0,0.0,0.0,0.0,164.044,0.0,0.0,0.0,0.0,0.0,0.0,0.0,0.0,164.044,0.0,0.0,0.0,0.0,164.044,
2/2/2026,2022.0,20230557.0,20481.0,3445.0,DIXIE PIPELINE COMPANY LLC,HVL,INTERSTATE,TEXAS,0.0,79.081,0.0,0.0,0.0,0.0,79.081,0.0,0.0,0.0,0.0,0.0,0.0,0.0,0.0,79.081,0.0,0.0,0.0,0.0,79.081,
2/2/2026,2022.0,20230047.0,19933.0,3527.0,DOW PIPELINE CO,HVL,INTRASTATE,TEXAS,0.0,479.19,0.0,0.0,0.0,0.0,479.19,0.0,0.0,0.0,0.0,0.0,0.0,0.0,0.0,479.19,0.0,0.0,0.0,0.0,479.19,
2/2/2026,2022.0,20230043.0,19929.0,3535.0,DOW PIPELINE CO,HVL,INTRASTATE,LOUISIANA,0.0,197.43,0.0,0.0,0.0,0.0,197.43,0.0,0.0,0.0,0.0,0.0,0.0,0.0,0.0,197.43,0.0,0.0,0.0,0.0,197.43,
2/2/2026,2022.0,20230616.0,20540.0,4430.0,VALERO TERMINALING AND DISTRIBUTION COMPANY,Crude Oil,INTERSTATE,ILLINOIS,0.0,0.63,0.0,0.0,0.0,0.0,0.63,0.0,0.0,0.0,0.0,0.0,0.0,0.0,0.0,0.63,0.0,0.0,0.0,0.0,0.63,
2/2/2026,2022.0,20230616.0,20540.0,4430.0,VALERO TERMINALING AND DISTRIBUTION COMPANY,Crude Oil,INTERSTATE,TENNESSEE,0.0,0.24,0.0,0.0,0.0,0.0,0.24,0.0,0.0,0.0,0.0,0.0,0.0,0.0,0.0,0.24,0.0,0.0,0.0,0.0,0.24,
2/2/2026,2022.0,20230616.0,20540.0,4430.0,VALERO TERMINALING AND DISTRIBUTION COMPANY,Crude Oil,INTRASTATE,TEXAS,0.0,4.48,0.0,0.0,0.0,0.0,4.48,0.0,0.0,0.0,0.0,0.0,0.0,0.0,0.0,4.48,0.0,0.0,0.0,0.0,4.48,
2/2/2026,2022.0,20230615.0,20539.0,4430.0,VALERO TERMINALING AND DISTRIBUTION COMPANY,HVL,INTERSTATE,TEXAS,0.0,52.12,0.0,0.0,0.0,0.0,52.12,0.0,0.0,0.0,0.0,0.0,0.0,0.0,0.0,52.12,0.0,0.0,0.0,0.0,52.12,
2/2/2026,2022.0,20230615.0,20539.0,4430.0,VALERO TERMINALING AND DISTRIBUTION COMPANY,HVL,INTRASTATE,TEXAS,0.0,40.84,0.0,0.0,0.0,0.0,40.84,0.0,0.0,0.0,0.0,0.0,0.0,0.0,0.0,40.84,0.0,0.0,0.0,0.0,40.84,
2/2/2026,2022.0,20230618.0,20761.0,4430.0,VALERO TERMINALING AND DISTRIBUTION COMPANY,Refined and/or Petroleum Product (non-HVL),INTERSTATE,ILLINOIS,0.0,10.68,0.0,0.0,0.0,0.0,10.68,0.0,0.0,0.0,0.0,0.0,0.0,0.0,0.0,10.68,0.0,0.0,0.0,0.0,10.68,
2/2/2026,2022.0,20230618.0,20761.0,4430.0,VALERO TERMINALING AND DISTRIBUTION COMPANY,Refined and/or Petroleum Product (non-HVL),INTERSTATE,INDIANA,0.0,3.16,0.0,0.0,0.0,0.0,3.16,0.0,0.0,0.0,0.0,0.0,0.0,0.0,0.0,3.16,0.0,0.0,0.0,0.0,3.16,
2/2/2026,2022.0,20230618.0,20761.0,4430.0,VALERO TERMINALING AND DISTRIBUTION COMPANY,Refined and/or Petroleum Product (non-HVL),INTRASTATE,TENNESSEE,0.0,0.45,0.0,0.0,0.0,0.0,0.45,0.0,0.0,0.0,0.0,0.0,0.0,0.0,0.0,0.45,0.0,0.0,0.0,0.0,0.45,
2/2/2026,2022.0,20230618.0,20761.0,4430.0,VALERO TERMINALING AND DISTRIBUTION COMPANY,Refined and/or Petroleum Product (non-HVL),INTRASTATE,TEXAS,0.0,71.28,0.0,0.0,0.0,0.0,71.28,0.0,0.0,0.0,0.0,0.0,0.0,0.0,0.0,71.28,0.0,0.0,0.0,0.0,71.28,
2/2/2026,2022.0,20230258.0,20169.0,4461.0,"EOG RESOURCES, INC",Crude Oil,INTRASTATE,TEXAS,0.0,52.455,0.0,0.0,0.0,0.0,52.455,0.0,0.0,0.0,0.0,0.0,0.0,0.0,0.0,52.455,0.0,0.0,0.0,0.0,52.455,
2/2/2026,2022.0,20230275.0,20186.0,4472.0,CYPRESS INTERSTATE PIPELINE LLC,HVL,INTERSTATE,LOUISIANA,0.0,27.13,0.0,0.0,0.0,0.0,27.13,0.0,0.0,0.0,0.0,0.0,0.0,0.0,0.0,27.13,0.0,0.0,0.0,0.0,27.13,
2/2/2026,2022.0,20230275.0,20186.0,4472.0,CYPRESS INTERSTATE PIPELINE LLC,HVL,INTERSTATE,TEXAS,0.0,77.2,0.0,0.0,0.0,0.0,77.2,0.0,0.0,0.0,0.0,0.0,0.0,0.0,0.0,77.2,0.0,0.0,0.0,0.0,77.2,
2/2/2026,2022.0,20230221.0,20131.0,4805.0,EXPLORER PIPELINE CO,Refined and/or Petroleum Product (non-HVL),INTERSTATE,ILLINOIS,0.0,280.79,0.0,0.0,0.0,0.0,280.79,0.0,0.0,0.0,0.0,0.0,0.0,0.0,0.0,280.79,0.0,0.0,0.0,0.0,280.79,
2/2/2026,2022.0,20230221.0,20131.0,4805.0,EXPLORER PIPELINE CO,Refined and/or Petroleum Product (non-HVL),INTERSTATE,INDIANA,0.0,41.06,0.0,0.0,0.0,0.0,41.06,0.0,0.0,0.0,0.0,0.0,0.0,0.0,0.0,41.06,0.0,0.0,0.0,0.0,41.06,
2/2/2026,2022.0,20230221.0,20131.0,4805.0,EXPLORER PIPELINE CO,Refined and/or Petroleum Product (non-HVL),INTERSTATE,MISSOURI,0.0,295.28,0.0,0.0,0.0,0.0,295.28,0.0,0.0,0.0,0.0,0.0,0.0,0.0,0.0,295.28,0.0,0.0,0.0,0.0,295.28,
2/2/2026,2022.0,20230221.0,20131.0,4805.0,EXPLORER PIPELINE CO,Refined and/or Petroleum Product (non-HVL),INTERSTATE,OKLAHOMA,0.0,321.53,0.0,0.0,0.0,0.0,321.53,0.0,0.0,0.0,0.0,0.0,0.0,0.0,0.0,321.53,0.0,0.0,0.0,0.0,321.53,
2/2/2026,2022.0,20230221.0,20131.0,4805.0,EXPLORER PIPELINE CO,Refined and/or Petroleum Product (non-HVL),INTERSTATE,TEXAS,0.0,933.86,0.0,0.0,0.0,0.0,933.86,0.0,0.0,0.0,0.0,0.0,0.0,0.0,0.0,933.86,0.0,0.0,0.0,0.0,933.86,
2/2/2026,2022.0,20230682.0,20608.0,4906.0,EXXONMOBIL PIPELINE COMPANY LLC,Crude Oil,INTERSTATE,LOUISIANA,0.0,222.38,0.0,0.0,0.0,0.0,222.38,0.0,0.0,0.0,0.0,0.0,0.0,0.0,0.0,222.38,0.0,0.0,0.0,0.0,222.38,
2/2/2026,2022.0,20230682.0,20608.0,4906.0,EXXONMOBIL PIPELINE COMPANY LLC,Crude Oil,INTERSTATE,NEW MEXICO,0.0,12.58,0.0,0.0,0.0,0.0,12.58,0.0,0.0,0.0,0.0,0.0,0.0,0.0,0.0,12.58,0.0,0.0,0.0,0.0,12.58,
2/2/2026,2022.0,20230682.0,20608.0,4906.0,EXXONMOBIL PIPELINE COMPANY LLC,Crude Oil,INTERSTATE,OCS-Gulf of Mexico,0.0,0.0,0.0,0.0,0.0,0.0,0.0,0.0,138.1,0.0,0.0,0.0,0.0,138.1,0.0,138.1,0.0,0.0,0.0,0.0,138.1,
2/2/2026,2022.0,20230682.0,20608.0,4906.0,EXXONMOBIL PIPELINE COMPANY LLC,Crude Oil,INTERSTATE,TEXAS,0.0,131.2,0.0,0.0,0.0,0.0,131.2,0.0,14.43,0.0,0.0,0.0,0.0,14.43,0.0,145.63,0.0,0.0,0.0,0.0,145.63,none
2/2/2026,2022.0,20230682.0,20608.0,4906.0,EXXONMOBIL PIPELINE COMPANY LLC,Crude Oil,INTRASTATE,MONTANA,0.0,71.02,0.0,0.0,0.0,0.0,71.02,0.0,0.0,0.0,0.0,0.0,0.0,0.0,0.0,71.02,0.0,0.0,0.0,0.0,71.02,
2/2/2026,2022.0,20230682.0,20608.0,4906.0,EXXONMOBIL PIPELINE COMPANY LLC,Crude Oil,INTRASTATE,TEXAS,0.0,49.37,0.0,0.0,0.0,0.0,49.37,0.0,0.0,0.0,0.0,0.0,0.0,0.0,0.0,49.37,0.0,0.0,0.0,0.0,49.37,Fiberglass
2/2/2026,2022.0,20230639.0,20563.0,4906.0,EXXONMOBIL PIPELINE COMPANY LLC,HVL,INTRASTATE,LOUISIANA,0.0,636.8,0.0,0.0,0.0,0.0,636.8,0.0,0.0,0.0,0.0,0.0,0.0,0.0,0.0,636.8,0.0,0.0,0.0,0.0,636.8,
2/2/2026,2022.0,20230639.0,20563.0,4906.0,EXXONMOBIL PIPELINE COMPANY LLC,HVL,INTRASTATE,TEXAS,0.0,710.55,0.0,0.0,0.0,0.0,710.55,0.0,0.0,0.0,0.0,0.0,0.0,0.0,0.0,710.55,0.0,0.0,0.0,0.0,710.55,
2/2/2026,2022.0,20230680.0,20606.0,4906.0,EXXONMOBIL PIPELINE COMPANY LLC,Refined and/or Petroleum Product (non-HVL),INTERSTATE,ILLINOIS,0.0,1.12,0.0,0.0,0.0,0.0,1.12,0.0,0.0,0.0,0.0,0.0,0.0,0.0,0.0,1.12,0.0,0.0,0.0,0.0,1.12,
2/2/2026,2022.0,20230680.0,20606.0,4906.0,EXXONMOBIL PIPELINE COMPANY LLC,Refined and/or Petroleum Product (non-HVL),INTERSTATE,LOUISIANA,0.0,19.75,0.0,0.0,0.0,0.0,19.75,0.0,0.0,0.0,0.0,0.0,0.0,0.0,0.0,19.75,0.0,0.0,0.0,0.0,19.75,
2/2/2026,2022.0,20230680.0,20606.0,4906.0,EXXONMOBIL PIPELINE COMPANY LLC,Refined and/or Petroleum Product (non-HVL),INTERSTATE,TEXAS,0.0,24.99,0.0,0.0,0.0,0.0,24.99,0.0,0.0,0.0,0.0,0.0,0.0,0.0,0.0,24.99,0.0,0.0,0.0,0.0,24.99,
2/2/2026,2022.0,20230680.0,20606.0,4906.0,EXXONMOBIL PIPELINE COMPANY LLC,Refined and/or Petroleum Product (non-HVL),INTERSTATE,WASHINGTON,0.0,0.95,0.0,0.0,0.0,0.0,0.95,0.0,0.0,0.0,0.0,0.0,0.0,0.0,0.0,0.95,0.0,0.0,0.0,0.0,0.95,
2/2/2026,2022.0,20230680.0,20606.0,4906.0,EXXONMOBIL PIPELINE COMPANY LLC,Refined and/or Petroleum Product (non-HVL),INTRASTATE,LOUISIANA,0.0,8.9,0.0,0.0,0.0,0.0,8.9,0.0,0.0,0.0,0.0,0.0,0.0,0.0,0.0,8.9,0.0,0.0,0.0,0.0,8.9,
2/2/2026,2022.0,20230680.0,20606.0,4906.0,EXXONMOBIL PIPELINE COMPANY LLC,Refined and/or Petroleum Product (non-HVL),INTRASTATE,TEXAS,0.0,565.65,0.0,0.0,0.0,0.0,565.65,0.0,0.0,0.0,0.0,0.0,0.0,0.0,0.0,565.65,0.0,0.0,0.0,0.0,565.65,
2/2/2026,2022.0,20230220.0,20130.0,4908.0,"EXXONMOBIL PRODUCTION COMPANY, A DIVISION OF EXXON MOBIL CORPORATION",CO2,INTRASTATE,WYOMING,0.0,160.48,0.0,0.0,0.0,0.0,160.48,0.0,0.0,0.0,0.0,0.0,0.0,0.0,0.0,160.48,0.0,0.0,0.0,0.0,160.48,
2/2/2026,2022.0,20230218.0,20128.0,4908.0,"EXXONMOBIL PRODUCTION COMPANY, A DIVISION OF EXXON MOBIL CORPORATION",Crude Oil,INTERSTATE,CALIFORNIA,0.0,1.15,0.0,0.0,0.0,0.0,1.15,0.0,5.05,0.0,0.0,0.0,0.0,5.05,0.0,6.2,0.0,0.0,0.0,0.0,6.2,
2/2/2026,2022.0,20230218.0,20128.0,4908.0,"EXXONMOBIL PRODUCTION COMPANY, A DIVISION OF EXXON MOBIL CORPORATION",Crude Oil,INTERSTATE,OCS-Pacific,0.0,0.0,0.0,0.0,0.0,0.0,0.0,0.0,4.63,0.0,0.0,0.0,0.0,4.63,0.0,4.63,0.0,0.0,0.0,0.0,4.63,
2/2/2026,2022.0,20230322.0,21008.0,5081.0,"COFFEYVILLE RESOURCES CRUDE TRANSPORTATION, LLC",Crude Oil,INTERSTATE,KANSAS,36.56,135.88,0.0,0.0,0.0,0.0,172.44,0.0,0.0,0.0,0.0,0.0,0.0,0.0,36.56,135.88,0.0,0.0,0.0,0.0,172.44,
2/2/2026,2022.0,20230322.0,21008.0,5081.0,"COFFEYVILLE RESOURCES CRUDE TRANSPORTATION, LLC",Crude Oil,INTERSTATE,OKLAHOMA,1.33,79.24,0.0,0.0,0.0,0.0,80.57,0.0,0.0,0.0,0.0,0.0,0.0,0.0,1.33,79.24,0.0,0.0,0.0,0.0,80.57,
2/2/2026,2022.0,20230322.0,21008.0,5081.0,"COFFEYVILLE RESOURCES CRUDE TRANSPORTATION, LLC",Crude Oil,INTRASTATE,KANSAS,0.0,47.06,0.0,0.0,0.0,0.0,47.06,0.0,0.0,0.0,0.0,0.0,0.0,0.0,0.0,47.06,0.0,0.0,0.0,0.0,47.06,
2/2/2026,2022.0,20230322.0,21008.0,5081.0,"COFFEYVILLE RESOURCES CRUDE TRANSPORTATION, LLC",Crude Oil,INTRASTATE,OKLAHOMA,199.74,461.16,0.0,0.0,0.0,0.0,660.9,0.0,0.0,0.0,0.0,0.0,0.0,0.0,199.74,461.16,0.0,0.0,0.0,0.0,660.9,
2/2/2026,2022.0,20230240.0,20151.0,6911.0,GULF STATE PIPELINE CO INC,Refined and/or Petroleum Product (non-HVL),INTRASTATE,TEXAS,0.0,54.0,0.0,0.0,0.0,0.0,54.0,0.0,0.0,0.0,0.0,0.0,0.0,0.0,0.0,54.0,0.0,0.0,0.0,0.0,54.0,
2/2/2026,2022.0,20230430.0,20349.0,7063.0,HARBOR PIPELINE CO,Refined and/or Petroleum Product (non-HVL),INTERSTATE,NEW JERSEY,0.0,80.38,0.0,0.0,0.0,0.0,80.38,0.0,0.0,0.0,0.0,0.0,0.0,0.0,0.0,80.38,0.0,0.0,0.0,0.0,80.38,
2/2/2026,2022.0,20230303.0,20214.0,7660.0,HUNT CRUDE OIL SUPPLY CO,Crude Oil,INTERSTATE,ALABAMA,0.0,105.0,0.0,0.0,0.0,0.0,105.0,0.0,0.0,0.0,0.0,0.0,0.0,0.0,0.0,105.0,0.0,0.0,0.0,0.0,105.0,
2/2/2026,2022.0,20230303.0,20214.0,7660.0,HUNT CRUDE OIL SUPPLY CO,Crude Oil,INTERSTATE,MISSISSIPPI,0.0,97.72,0.0,0.0,0.0,0.0,97.72,0.0,0.0,0.0,0.0,0.0,0.0,0.0,0.0,97.72,0.0,0.0,0.0,0.0,97.72,
2/2/2026,2022.0,20230303.0,20214.0,7660.0,HUNT CRUDE OIL SUPPLY CO,Crude Oil,INTRASTATE,ALABAMA,0.0,30.32,0.0,0.0,0.0,0.0,30.32,0.0,0.0,0.0,0.0,0.0,0.0,0.0,0.0,30.32,0.0,0.0,0.0,0.0,30.32,
2/2/2026,2022.0,20230194.0,20104.0,8014.0,IDAHO PIPELINE CORP,Refined and/or Petroleum Product (non-HVL),INTRASTATE,IDAHO,0.0,2.32,0.0,0.0,0.0,0.0,2.32,0.0,0.0,0.0,0.0,0.0,0.0,0.0,0.0,2.32,0.0,0.0,0.0,0.0,2.32,
2/2/2026,2022.0,20230122.0,20924.0,8175.0,INTERSTATE STORAGE & PIPELINE C0,Refined and/or Petroleum Product (non-HVL),INTRASTATE,NEW JERSEY,0.0,11.52,0.0,0.0,0.0,0.0,11.52,0.0,0.0,0.0,0.0,0.0,0.0,0.0,0.0,11.52,0.0,0.0,0.0,0.0,11.52,
2/2/2026,2022.0,20230264.0,20175.0,9175.0,JAYHAWK PIPELINE LLC,Crude Oil,INTERSTATE,KANSAS,0.0,533.97,0.0,0.0,0.0,0.0,533.97,0.0,0.0,0.0,0.0,0.0,0.0,0.0,0.0,533.97,0.0,0.0,0.0,0.0,533.97,
2/2/2026,2022.0,20230264.0,20175.0,9175.0,JAYHAWK PIPELINE LLC,Crude Oil,INTERSTATE,NEBRASKA,0.0,28.95,0.0,0.0,0.0,0.0,28.95,0.0,0.0,0.0,0.0,0.0,0.0,0.0,0.0,28.95,0.0,0.0,0.0,0.0,28.95,
2/2/2026,2022.0,20230264.0,20175.0,9175.0,JAYHAWK PIPELINE LLC,Crude Oil,INTERSTATE,OKLAHOMA,0.0,49.77,0.0,0.0,0.0,0.0,49.77,0.0,0.0,0.0,0.0,0.0,0.0,0.0,0.0,49.77,0.0,0.0,0.0,0.0,49.77,
2/2/2026,2022.0,20230264.0,20175.0,9175.0,JAYHAWK PIPELINE LLC,Crude Oil,INTERSTATE,TEXAS,0.0,17.34,0.0,0.0,0.0,0.0,17.34,0.0,0.0,0.0,0.0,0.0,0.0,0.0,0.0,17.34,0.0,0.0,0.0,0.0,17.34,
2/2/2026,2022.0,20230264.0,20175.0,9175.0,JAYHAWK PIPELINE LLC,Crude Oil,INTRASTATE,KANSAS,0.0,148.83,0.0,0.0,0.0,0.0,148.83,0.0,0.0,0.0,0.0,0.0,0.0,0.0,0.0,148.83,0.0,0.0,0.0,0.0,148.83,
2/2/2026,2022.0,20230539.0,20463.0,10012.0,NUSTAR PIPELINE OPERATING PARTNERSHIP L.P.,HVL,INTERSTATE,ARKANSAS,0.0,265.7,0.0,0.0,0.0,0.0,265.7,0.0,0.0,0.0,0.0,0.0,0.0,0.0,0.0,265.7,0.0,0.0,0.0,0.0,265.7,
2/2/2026,2022.0,20230539.0,20463.0,10012.0,NUSTAR PIPELINE OPERATING PARTNERSHIP L.P.,HVL,INTERSTATE,ILLINOIS,0.0,178.4,0.0,0.0,0.0,0.0,178.4,0.0,0.0,0.0,0.0,0.0,0.0,0.0,0.0,178.4,0.0,0.0,0.0,0.0,178.4,
2/2/2026,2022.0,20230539.0,20463.0,10012.0,NUSTAR PIPELINE OPERATING PARTNERSHIP L.P.,HVL,INTERSTATE,INDIANA,0.0,171.4,0.0,0.0,0.0,0.0,171.4,0.0,0.0,0.0,0.0,0.0,0.0,0.0,0.0,171.4,0.0,0.0,0.0,0.0,171.4,
2/2/2026,2022.0,20230539.0,20463.0,10012.0,NUSTAR PIPELINE OPERATING PARTNERSHIP L.P.,HVL,INTERSTATE,IOWA,0.0,439.7,0.0,0.0,0.0,0.0,439.7,0.0,0.0,0.0,0.0,0.0,0.0,0.0,0.0,439.7,0.0,0.0,0.0,0.0,439.7,
2/2/2026,2022.0,20230539.0,20463.0,10012.0,NUSTAR PIPELINE OPERATING PARTNERSHIP L.P.,HVL,INTERSTATE,KANSAS,0.0,126.4,0.0,0.0,0.0,0.0,126.4,0.0,0.0,0.0,0.0,0.0,0.0,0.0,0.0,126.4,0.0,0.0,0.0,0.0,126.4,
2/2/2026,2022.0,20230539.0,20463.0,10012.0,NUSTAR PIPELINE OPERATING PARTNERSHIP L.P.,HVL,INTERSTATE,LOUISIANA,0.0,387.3,0.0,0.0,0.0,0.0,387.3,0.0,0.0,0.0,0.0,0.0,0.0,0.0,0.0,387.3,0.0,0.0,0.0,0.0,387.3,
2/2/2026,2022.0,20230539.0,20463.0,10012.0,NUSTAR PIPELINE OPERATING PARTNERSHIP L.P.,HVL,INTERSTATE,MISSOURI,0.0,412.6,0.0,0.0,0.0,0.0,412.6,0.0,0.0,0.0,0.0,0.0,0.0,0.0,0.0,412.6,0.0,0.0,0.0,0.0,412.6,
2/2/2026,2022.0,20230539.0,20463.0,10012.0,NUSTAR PIPELINE OPERATING PARTNERSHIP L.P.,HVL,INTERSTATE,NEBRASKA,0.0,316.0,0.0,0.0,0.0,0.0,316.0,0.0,0.0,0.0,0.0,0.0,0.0,0.0,0.0,316.0,0.0,0.0,0.0,0.0,316.0,
2/2/2026,2022.0,20230539.0,20463.0,10012.0,NUSTAR PIPELINE OPERATING PARTNERSHIP L.P.,HVL,INTERSTATE,SOUTH DAKOTA,0.0,2.2,0.0,0.0,0.0,0.0,2.2,0.0,0.0,0.0,0.0,0.0,0.0,0.0,0.0,2.2,0.0,0.0,0.0,0.0,2.2,
2/2/2026,2022.0,20230540.0,20464.0,10012.0,NUSTAR PIPELINE OPERATING PARTNERSHIP L.P.,Refined and/or Petroleum Product (non-HVL),INTERSTATE,IOWA,0.0,272.2,0.0,0.0,0.0,0.0,272.2,0.0,0.0,0.0,0.0,0.0,0.0,0.0,0.0,272.2,0.0,0.0,0.0,0.0,272.2,
2/2/2026,2022.0,20230540.0,20464.0,10012.0,NUSTAR PIPELINE OPERATING PARTNERSHIP L.P.,Refined and/or Petroleum Product (non-HVL),INTERSTATE,KANSAS,0.0,506.7,0.0,0.0,0.0,0.0,506.7,0.0,0.0,0.0,0.0,0.0,0.0,0.0,0.0,506.7,0.0,0.0,0.0,0.0,506.7,
2/2/2026,2022.0,20230540.0,20464.0,10012.0,NUSTAR PIPELINE OPERATING PARTNERSHIP L.P.,Refined and/or Petroleum Product (non-HVL),INTERSTATE,MINNESOTA,0.0,235.8,0.0,0.0,0.0,0.0,235.8,0.0,0.0,0.0,0.0,0.0,0.0,0.0,0.0,235.8,0.0,0.0,0.0,0.0,235.8,
2/2/2026,2022.0,20230540.0,20464.0,10012.0,NUSTAR PIPELINE OPERATING PARTNERSHIP L.P.,Refined and/or Petroleum Product (non-HVL),INTERSTATE,NEBRASKA,0.0,598.8,0.0,0.0,0.0,0.0,598.8,0.0,0.0,0.0,0.0,0.0,0.0,0.0,0.0,598.8,0.0,0.0,0.0,0.0,598.8,
2/2/2026,2022.0,20230540.0,20464.0,10012.0,NUSTAR PIPELINE OPERATING PARTNERSHIP L.P.,Refined and/or Petroleum Product (non-HVL),INTERSTATE,NORTH DAKOTA,0.0,275.9,0.0,0.0,0.0,0.0,275.9,0.0,0.0,0.0,0.0,0.0,0.0,0.0,0.0,275.9,0.0,0.0,0.0,0.0,275.9,
2/2/2026,2022.0,20230540.0,20464.0,10012.0,NUSTAR PIPELINE OPERATING PARTNERSHIP L.P.,Refined and/or Petroleum Product (non-HVL),INTERSTATE,SOUTH DAKOTA,0.0,309.0,0.0,0.0,0.0,0.0,309.0,0.0,0.0,0.0,0.0,0.0,0.0,0.0,0.0,309.0,0.0,0.0,0.0,0.0,309.0,
2/2/2026,2022.0,20230540.0,20464.0,10012.0,NUSTAR PIPELINE OPERATING PARTNERSHIP L.P.,Refined and/or Petroleum Product (non-HVL),INTRASTATE,WYOMING,0.0,6.8,0.0,0.0,0.0,0.0,6.8,0.0,0.0,0.0,0.0,0.0,0.0,0.0,0.0,6.8,0.0,0.0,0.0,0.0,6.8,
2/2/2026,2022.0,20230487.0,20407.0,10250.0,KIANTONE PIPELINE CORP,Crude Oil,INTERSTATE,NEW YORK,0.0,64.92,0.0,0.0,0.0,0.0,64.92,0.0,0.0,0.0,0.0,0.0,0.0,0.0,0.0,64.92,0.0,0.0,0.0,0.0,64.92,
2/2/2026,2022.0,20230487.0,20407.0,10250.0,KIANTONE PIPELINE CORP,Crude Oil,INTERSTATE,PENNSYLVANIA,0.0,16.86,0.0,0.0,0.0,0.0,16.86,0.0,0.0,0.0,0.0,0.0,0.0,0.0,0.0,16.86,0.0,0.0,0.0,0.0,16.86,
2/2/2026,2022.0,20230489.0,20409.0,10250.0,KIANTONE PIPELINE CORP,Refined and/or Petroleum Product (non-HVL),INTRASTATE,PENNSYLVANIA,0.0,6.662,0.0,0.0,0.0,0.0,6.662,0.0,0.0,0.0,0.0,0.0,0.0,0.0,0.0,6.662,0.0,0.0,0.0,0.0,6.662,
2/2/2026,2022.0,20230377.0,20344.0,10346.0,KUPARUK TRANSPORTATION CO,Crude Oil,INTERSTATE,ALASKA,0.0,0.0,29.247,7.617,0.0,0.0,36.864,0.0,0.0,0.0,0.0,0.0,0.0,0.0,0.0,0.0,29.247,7.617,0.0,0.0,36.864,
2/2/2026,2022.0,20230058.0,19946.0,11032.0,SPIRE MISSOURI INC. EAST,HVL,INTERSTATE,ILLINOIS,0.0,26.851,0.0,0.0,0.0,0.0,26.851,0.0,0.0,0.0,0.0,0.0,0.0,0.0,0.0,26.851,0.0,0.0,0.0,0.0,26.851,
2/2/2026,2022.0,20230058.0,19946.0,11032.0,SPIRE MISSOURI INC. EAST,HVL,INTERSTATE,MISSOURI,0.0,13.191,0.0,0.0,0.0,0.0,13.191,0.0,0.0,0.0,0.0,0.0,0.0,0.0,0.0,13.191,0.0,0.0,0.0,0.0,13.191,
2/2/2026,2022.0,20230327.0,20241.0,11169.0,"ENBRIDGE ENERGY, LIMITED PARTNERSHIP",Crude Oil,INTERSTATE,ILLINOIS,0.0,522.296,0.0,0.0,0.0,0.0,522.296,0.0,0.0,0.0,0.0,0.0,0.0,0.0,0.0,522.296,0.0,0.0,0.0,0.0,522.296,
2/2/2026,2022.0,20230327.0,20241.0,11169.0,"ENBRIDGE ENERGY, LIMITED PARTNERSHIP",Crude Oil,INTERSTATE,INDIANA,0.0,172.759,0.0,0.0,0.0,0.0,172.759,0.0,0.0,0.0,0.0,0.0,0.0,0.0,0.0,172.759,0.0,0.0,0.0,0.0,172.759,
2/2/2026,2022.0,20230327.0,20241.0,11169.0,"ENBRIDGE ENERGY, LIMITED PARTNERSHIP",Crude Oil,INTERSTATE,MICHIGAN,0.0,1075.237,0.0,0.0,0.0,0.0,1075.237,0.0,0.0,0.0,0.0,0.0,0.0,0.0,0.0,1075.237,0.0,0.0,0.0,0.0,1075.237,
2/2/2026,2022.0,20230327.0,20241.0,11169.0,"ENBRIDGE ENERGY, LIMITED PARTNERSHIP",Crude Oil,INTERSTATE,MINNESOTA,0.0,1585.722,0.0,0.0,0.0,0.0,1585.722,0.0,0.0,0.0,0.0,0.0,0.0,0.0,0.0,1585.722,0.0,0.0,0.0,0.0,1585.722,
2/2/2026,2022.0,20230327.0,20241.0,11169.0,"ENBRIDGE ENERGY, LIMITED PARTNERSHIP",Crude Oil,INTERSTATE,NEW YORK,0.0,29.973,0.0,0.0,0.0,0.0,29.973,0.0,0.0,0.0,0.0,0.0,0.0,0.0,0.0,29.973,0.0,0.0,0.0,0.0,29.973,
2/2/2026,2022.0,20230327.0,20241.0,11169.0,"ENBRIDGE ENERGY, LIMITED PARTNERSHIP",Crude Oil,INTERSTATE,NORTH DAKOTA,0.0,152.438,0.0,0.0,0.0,0.0,152.438,0.0,0.0,0.0,0.0,0.0,0.0,0.0,0.0,152.438,0.0,0.0,0.0,0.0,152.438,
2/2/2026,2022.0,20230327.0,20241.0,11169.0,"ENBRIDGE ENERGY, LIMITED PARTNERSHIP",Crude Oil,INTERSTATE,WISCONSIN,0.0,1181.065,0.0,0.0,0.0,0.0,1181.065,0.0,0.0,0.0,0.0,0.0,0.0,0.0,0.0,1181.065,0.0,0.0,0.0,0.0,1181.065,
2/2/2026,2022.0,20230328.0,20242.0,11169.0,"ENBRIDGE ENERGY, LIMITED PARTNERSHIP",HVL,INTERSTATE,MINNESOTA,0.0,284.645,0.0,0.0,0.0,0.0,284.645,0.0,0.0,0.0,0.0,0.0,0.0,0.0,0.0,284.645,0.0,0.0,0.0,0.0,284.645,
2/2/2026,2022.0,20230328.0,20242.0,11169.0,"ENBRIDGE ENERGY, LIMITED PARTNERSHIP",HVL,INTERSTATE,NORTH DAKOTA,0.0,27.944,0.0,0.0,0.0,0.0,27.944,0.0,0.0,0.0,0.0,0.0,0.0,0.0,0.0,27.944,0.0,0.0,0.0,0.0,27.944,
2/2/2026,2022.0,20230328.0,20242.0,11169.0,"ENBRIDGE ENERGY, LIMITED PARTNERSHIP",HVL,INTERSTATE,WISCONSIN,0.0,13.261,0.0,0.0,0.0,0.0,13.261,0.0,0.0,0.0,0.0,0.0,0.0,0.0,0.0,13.261,0.0,0.0,0.0,0.0,13.261,
2/2/2026,2022.0,20230659.0,20585.0,11272.0,LAVACA PIPELINE CO,HVL,INTRASTATE,TEXAS,0.0,54.91,0.0,0.0,0.0,0.0,54.91,0.0,0.0,0.0,0.0,0.0,0.0,0.0,0.0,54.91,0.0,0.0,0.0,0.0,54.91,
2/2/2026,2022.0,20230660.0,20586.0,11272.0,LAVACA PIPELINE CO,Refined and/or Petroleum Product (non-HVL),INTRASTATE,TEXAS,0.0,10.87,0.0,0.0,0.0,0.0,10.87,0.0,0.0,0.0,0.0,0.0,0.0,0.0,0.0,10.87,0.0,0.0,0.0,0.0,10.87,
2/2/2026,2022.0,20230622.0,20546.0,11551.0,"DELEK LOGISTICS OPERATING, LLC.",Crude Oil,INTERSTATE,ARKANSAS,15.3,15.4,0.0,0.0,0.0,0.0,30.7,0.0,0.0,0.0,0.0,0.0,0.0,0.0,15.3,15.4,0.0,0.0,0.0,0.0,30.7,
2/2/2026,2022.0,20230622.0,20546.0,11551.0,"DELEK LOGISTICS OPERATING, LLC.",Crude Oil,INTERSTATE,LOUISIANA,2.52,62.65,0.0,0.0,0.0,0.0,65.17,0.0,0.0,0.0,0.0,0.0,0.0,0.0,2.52,62.65,0.0,0.0,0.0,0.0,65.17,
2/2/2026,2022.0,20230622.0,20546.0,11551.0,"DELEK LOGISTICS OPERATING, LLC.",Crude Oil,INTRASTATE,ARKANSAS,7.09,98.22,0.0,0.0,0.0,0.0,105.31,0.0,0.0,0.0,0.0,0.0,0.0,0.0,7.09,98.22,0.0,0.0,0.0,0.0,105.31,
2/2/2026,2022.0,20230622.0,20546.0,11551.0,"DELEK LOGISTICS OPERATING, LLC.",Crude Oil,INTRASTATE,TEXAS,0.0,196.37,0.0,0.0,0.0,0.0,196.37,0.0,0.0,0.0,0.0,0.0,0.0,0.0,0.0,196.37,0.0,0.0,0.0,0.0,196.37,
2/2/2026,2022.0,20230623.0,20547.0,11551.0,"DELEK LOGISTICS OPERATING, LLC.",Refined and/or Petroleum Product (non-HVL),INTRASTATE,ARKANSAS,0.0,170.37,0.0,0.0,0.0,0.0,170.37,0.0,0.0,0.0,0.0,0.0,0.0,0.0,0.0,170.37,0.0,0.0,0.0,0.0,170.37,
2/2/2026,2022.0,20230571.0,20495.0,11733.0,LOOP LLC,Crude Oil,INTERSTATE,LOUISIANA,0.0,91.5,0.0,0.0,0.0,0.0,91.5,0.0,3.0,0.0,0.0,0.0,0.0,3.0,0.0,94.5,0.0,0.0,0.0,0.0,94.5,
2/2/2026,2022.0,20230571.0,20495.0,11733.0,LOOP LLC,Crude Oil,INTERSTATE,OCS-Gulf of Mexico,0.0,0.0,0.0,0.0,0.0,0.0,0.0,0.0,19.6,0.0,0.0,0.0,0.0,19.6,0.0,19.6,0.0,0.0,0.0,0.0,19.6,
2/2/2026,2022.0,20230569.0,20493.0,11733.0,LOOP LLC,Refined and/or Petroleum Product (non-HVL),INTERSTATE,LOUISIANA,0.0,3.4,0.0,0.0,0.0,0.0,3.4,0.0,3.0,0.0,0.0,0.0,0.0,3.0,0.0,6.4,0.0,0.0,0.0,0.0,6.4,
2/2/2026,2022.0,20230569.0,20493.0,11733.0,LOOP LLC,Refined and/or Petroleum Product (non-HVL),INTERSTATE,OCS-Gulf of Mexico,0.0,0.0,0.0,0.0,0.0,0.0,0.0,0.0,15.0,0.0,0.0,0.0,0.0,15.0,0.0,15.0,0.0,0.0,0.0,0.0,15.0,
2/2/2026,2022.0,20230434.0,20354.0,12470.0,MID - VALLEY PIPELINE CO,Crude Oil,INTERSTATE,ARKANSAS,0.0,15.06,0.0,0.0,0.0,0.0,15.06,0.0,0.0,0.0,0.0,0.0,0.0,0.0,0.0,15.06,0.0,0.0,0.0,0.0,15.06,
2/2/2026,2022.0,20230434.0,20354.0,12470.0,MID - VALLEY PIPELINE CO,Crude Oil,INTERSTATE,KENTUCKY,0.0,229.04,0.0,0.0,0.0,0.0,229.04,0.0,0.0,0.0,0.0,0.0,0.0,0.0,0.0,229.04,0.0,0.0,0.0,0.0,229.04,
2/2/2026,2022.0,20230434.0,20354.0,12470.0,MID - VALLEY PIPELINE CO,Crude Oil,INTERSTATE,LOUISIANA,0.0,230.35,0.0,0.0,0.0,0.0,230.35,0.0,0.0,0.0,0.0,0.0,0.0,0.0,0.0,230.35,0.0,0.0,0.0,0.0,230.35,
2/2/2026,2022.0,20230434.0,20354.0,12470.0,MID - VALLEY PIPELINE CO,Crude Oil,INTERSTATE,MICHIGAN,0.0,7.14,0.0,0.0,0.0,0.0,7.14,0.0,0.0,0.0,0.0,0.0,0.0,0.0,0.0,7.14,0.0,0.0,0.0,0.0,7.14,
2/2/2026,2022.0,20230434.0,20354.0,12470.0,MID - VALLEY PIPELINE CO,Crude Oil,INTERSTATE,MISSISSIPPI,0.0,193.64,0.0,0.0,0.0,0.0,193.64,0.0,0.0,0.0,0.0,0.0,0.0,0.0,0.0,193.64,0.0,0.0,0.0,0.0,193.64,
2/2/2026,2022.0,20230434.0,20354.0,12470.0,MID - VALLEY PIPELINE CO,Crude Oil,INTERSTATE,OHIO,0.0,238.18,0.0,0.0,0.0,0.0,238.18,0.0,0.0,0.0,0.0,0.0,0.0,0.0,0.0,238.18,0.0,0.0,0.0,0.0,238.18,
2/2/2026,2022.0,20230434.0,20354.0,12470.0,MID - VALLEY PIPELINE CO,Crude Oil,INTERSTATE,TENNESSEE,0.0,153.75,0.0,0.0,0.0,0.0,153.75,0.0,0.0,0.0,0.0,0.0,0.0,0.0,0.0,153.75,0.0,0.0,0.0,0.0,153.75,
2/2/2026,2022.0,20230434.0,20354.0,12470.0,MID - VALLEY PIPELINE CO,Crude Oil,INTERSTATE,TEXAS,0.0,47.96,0.0,0.0,0.0,0.0,47.96,0.0,0.0,0.0,0.0,0.0,0.0,0.0,0.0,47.96,0.0,0.0,0.0,0.0,47.96,
2/2/2026,2022.0,20230606.0,20530.0,12624.0,EXXONMOBIL OIL CORPORATION,Crude Oil,INTRASTATE,TEXAS,0.0,8.08,0.0,0.0,0.0,0.0,8.08,0.0,0.0,0.0,0.0,0.0,0.0,0.0,0.0,8.08,0.0,0.0,0.0,0.0,8.08,
2/2/2026,2022.0,20230608.0,20532.0,12624.0,EXXONMOBIL OIL CORPORATION,HVL,INTRASTATE,TEXAS,0.0,249.65,0.0,0.0,0.0,0.0,249.65,0.0,0.0,0.0,0.0,0.0,0.0,0.0,0.0,249.65,0.0,0.0,0.0,0.0,249.65,
2/2/2026,2022.0,20230607.0,20531.0,12624.0,EXXONMOBIL OIL CORPORATION,Refined and/or Petroleum Product (non-HVL),INTRASTATE,TEXAS,0.0,27.18,0.0,0.0,0.0,0.0,27.18,0.0,0.0,0.0,0.0,0.0,0.0,0.0,0.0,27.18,0.0,0.0,0.0,0.0,27.18,
2/2/2026,2022.0,20230605.0,20529.0,12628.0,MOBIL  PIPE  LINE COMPANY,Crude Oil,INTERSTATE,ILLINOIS,0.0,21.04,0.0,0.0,0.0,0.0,21.04,0.0,0.0,0.0,0.0,0.0,0.0,0.0,0.0,21.04,0.0,0.0,0.0,0.0,21.04,
2/2/2026,2022.0,20230605.0,20529.0,12628.0,MOBIL  PIPE  LINE COMPANY,Crude Oil,INTRASTATE,TEXAS,0.0,17.9,0.0,0.0,0.0,0.0,17.9,0.0,0.0,0.0,0.0,0.0,0.0,0.0,0.0,17.9,0.0,0.0,0.0,0.0,17.9,
2/2/2026,2022.0,20230582.0,20506.0,12628.0,MOBIL  PIPE  LINE COMPANY,HVL,INTRASTATE,TEXAS,0.0,164.99,0.0,0.0,0.0,0.0,164.99,0.0,0.0,0.0,0.0,0.0,0.0,0.0,0.0,164.99,0.0,0.0,0.0,0.0,164.99,
2/2/2026,2022.0,20230585.0,20509.0,12628.0,MOBIL  PIPE  LINE COMPANY,Refined and/or Petroleum Product (non-HVL),INTRASTATE,ILLINOIS,0.0,3.28,0.0,0.0,0.0,0.0,3.28,0.0,0.0,0.0,0.0,0.0,0.0,0.0,0.0,3.28,0.0,0.0,0.0,0.0,3.28,
2/2/2026,2022.0,20230581.0,20505.0,12634.0,EXXONMOBIL OIL CORPORATION,HVL,INTRASTATE,TEXAS,0.0,186.39,0.0,0.0,0.0,0.0,186.39,0.0,0.0,0.0,0.0,0.0,0.0,0.0,0.0,186.39,0.0,0.0,0.0,0.0,186.39,
2/2/2026,2022.0,20230590.0,20514.0,12913.0,SUPERIOR REFINING COMPANY LLC,Refined and/or Petroleum Product (non-HVL),INTRASTATE,WISCONSIN,0.0,5.568,0.0,0.0,0.0,0.0,5.568,0.0,0.0,0.0,0.0,0.0,0.0,0.0,0.0,5.568,0.0,0.0,0.0,0.0,5.568,
2/2/2026,2022.0,20230480.0,20707.0,14145.0,"ENLINK OHIO RIVER VALLEY PIPELINE, LLC",Crude Oil,INTERSTATE,OHIO,0.0,34.23,0.0,0.0,0.0,0.0,34.23,0.0,0.0,0.0,0.0,0.0,0.0,0.0,0.0,34.23,0.0,0.0,0.0,0.0,34.23,
2/2/2026,2022.0,20230617.0,20541.0,14194.0,"OILTANKING, HOUSTON LP",Refined and/or Petroleum Product (non-HVL),INTRASTATE,TEXAS,2.26,3.02,0.0,0.0,0.0,0.0,5.28,0.0,0.0,0.0,0.0,0.0,0.0,0.0,2.26,3.02,0.0,0.0,0.0,0.0,5.28,
2/2/2026,2022.0,20230421.0,20338.0,14391.0,"OSAGE PIPE LINE COMPANY, LLC",Crude Oil,INTERSTATE,KANSAS,0.0,60.31,0.0,0.0,0.0,0.0,60.31,0.0,0.0,0.0,0.0,0.0,0.0,0.0,0.0,60.31,0.0,0.0,0.0,0.0,60.31,
2/2/2026,2022.0,20230421.0,20338.0,14391.0,"OSAGE PIPE LINE COMPANY, LLC",Crude Oil,INTERSTATE,OKLAHOMA,0.0,75.35,0.0,0.0,0.0,0.0,75.35,0.0,0.0,0.0,0.0,0.0,0.0,0.0,0.0,75.35,0.0,0.0,0.0,0.0,75.35,
2/2/2026,2022.0,20230428.0,20347.0,15156.0,SINCLAIR TRANSPORTATION COMPANY,Crude Oil,INTERSTATE,COLORADO,0.0,18.23,0.0,0.0,0.0,0.0,18.23,0.0,0.0,0.0,0.0,0.0,0.0,0.0,0.0,18.23,0.0,0.0,0.0,0.0,18.23,
2/2/2026,2022.0,20230428.0,20347.0,15156.0,SINCLAIR TRANSPORTATION COMPANY,Crude Oil,INTERSTATE,WYOMING,0.0,418.55,0.0,0.0,0.0,0.0,418.55,0.0,0.0,0.0,0.0,0.0,0.0,0.0,0.0,418.55,0.0,0.0,0.0,0.0,418.55,
2/2/2026,2022.0,20230428.0,20347.0,15156.0,SINCLAIR TRANSPORTATION COMPANY,Crude Oil,INTRASTATE,WYOMING,15.0,101.18,0.0,0.0,0.0,0.0,116.18,0.0,0.0,0.0,0.0,0.0,0.0,0.0,15.0,101.18,0.0,0.0,0.0,0.0,116.18,
2/2/2026,2022.0,20230431.0,20350.0,15156.0,SINCLAIR TRANSPORTATION COMPANY,Refined and/or Petroleum Product (non-HVL),INTERSTATE,COLORADO,0.0,125.28,0.0,0.0,0.0,0.0,125.28,0.0,0.0,0.0,0.0,0.0,0.0,0.0,0.0,125.28,0.0,0.0,0.0,0.0,125.28,
2/2/2026,2022.0,20230431.0,20350.0,15156.0,SINCLAIR TRANSPORTATION COMPANY,Refined and/or Petroleum Product (non-HVL),INTERSTATE,IOWA,7.46,4.36,0.0,0.0,0.0,0.0,11.82,0.0,0.0,0.0,0.0,0.0,0.0,0.0,7.46,4.36,0.0,0.0,0.0,0.0,11.82,
2/2/2026,2022.0,20230431.0,20350.0,15156.0,SINCLAIR TRANSPORTATION COMPANY,Refined and/or Petroleum Product (non-HVL),INTERSTATE,KANSAS,0.0,7.95,0.0,0.0,0.0,0.0,7.95,0.0,0.0,0.0,0.0,0.0,0.0,0.0,0.0,7.95,0.0,0.0,0.0,0.0,7.95,
2/2/2026,2022.0,20230431.0,20350.0,15156.0,SINCLAIR TRANSPORTATION COMPANY,Refined and/or Petroleum Product (non-HVL),INTERSTATE,MISSOURI,130.65,75.33,0.0,0.0,0.0,0.0,205.98,0.0,0.0,0.0,0.0,0.0,0.0,0.0,130.65,75.33,0.0,0.0,0.0,0.0,205.98,
2/2/2026,2022.0,20230431.0,20350.0,15156.0,SINCLAIR TRANSPORTATION COMPANY,Refined and/or Petroleum Product (non-HVL),INTERSTATE,WYOMING,0.0,118.83,0.0,0.0,0.0,0.0,118.83,0.0,0.0,0.0,0.0,0.0,0.0,0.0,0.0,118.83,0.0,0.0,0.0,0.0,118.83,
2/2/2026,2022.0,20230431.0,20350.0,15156.0,SINCLAIR TRANSPORTATION COMPANY,Refined and/or Petroleum Product (non-HVL),INTRASTATE,WYOMING,0.0,113.99,0.0,0.0,0.0,0.0,113.99,0.0,0.0,0.0,0.0,0.0,0.0,0.0,0.0,113.99,0.0,0.0,0.0,0.0,113.99,
2/2/2026,2022.0,20230484.0,20404.0,15485.0,PHILLIPS 66 COMPANY - SWEENY REFINERY,Crude Oil,INTRASTATE,TEXAS,0.0,1.4,0.0,0.0,0.0,0.0,1.4,0.0,0.0,0.0,0.0,0.0,0.0,0.0,0.0,1.4,0.0,0.0,0.0,0.0,1.4,
2/2/2026,2022.0,20230486.0,20406.0,15485.0,PHILLIPS 66 COMPANY - SWEENY REFINERY,Refined and/or Petroleum Product (non-HVL),INTRASTATE,TEXAS,0.0,43.65,0.0,0.0,0.0,0.0,43.65,0.0,0.0,0.0,0.0,0.0,0.0,0.0,0.0,43.65,0.0,0.0,0.0,0.0,43.65,
2/2/2026,2022.0,20230108.0,20012.0,15602.0,PIONEER NATURAL RESOURCES,Crude Oil,INTRASTATE,TEXAS,0.0,0.0,0.0,0.0,3.81,0.0,3.81,0.0,0.0,0.0,0.0,0.0,0.0,0.0,0.0,0.0,0.0,0.0,3.81,0.0,3.81,
2/2/2026,2022.0,20230005.0,19874.0,15645.0,PLACID PIPELINE COMPANY LLC,Refined and/or Petroleum Product (non-HVL),INTRASTATE,LOUISIANA,0.0,9.0,0.0,0.0,0.0,0.0,9.0,0.0,0.0,0.0,0.0,0.0,0.0,0.0,0.0,9.0,0.0,0.0,0.0,0.0,9.0,
2/2/2026,2022.0,20230229.0,20140.0,15674.0,PRODUCTS (SE) PIPE LINE CORPORATION,Refined and/or Petroleum Product (non-HVL),INTERSTATE,ALABAMA,0.0,609.82,0.0,0.0,0.0,0.0,609.82,0.0,0.0,0.0,0.0,0.0,0.0,0.0,0.0,609.82,0.0,0.0,0.0,0.0,609.82,
2/2/2026,2022.0,20230229.0,20140.0,15674.0,PRODUCTS (SE) PIPE LINE CORPORATION,Refined and/or Petroleum Product (non-HVL),INTERSTATE,GEORGIA,0.0,663.3,0.0,0.0,0.0,0.0,663.3,0.0,0.0,0.0,0.0,0.0,0.0,0.0,0.0,663.3,0.0,0.0,0.0,0.0,663.3,
2/2/2026,2022.0,20230229.0,20140.0,15674.0,PRODUCTS (SE) PIPE LINE CORPORATION,Refined and/or Petroleum Product (non-HVL),INTERSTATE,LOUISIANA,0.0,189.17,0.0,0.0,0.0,0.0,189.17,0.0,0.0,0.0,0.0,0.0,0.0,0.0,0.0,189.17,0.0,0.0,0.0,0.0,189.17,
2/2/2026,2022.0,20230229.0,20140.0,15674.0,PRODUCTS (SE) PIPE LINE CORPORATION,Refined and/or Petroleum Product (non-HVL),INTERSTATE,MISSISSIPPI,0.0,735.99,0.0,0.0,0.0,0.0,735.99,0.0,0.0,0.0,0.0,0.0,0.0,0.0,0.0,735.99,0.0,0.0,0.0,0.0,735.99,
2/2/2026,2022.0,20230229.0,20140.0,15674.0,PRODUCTS (SE) PIPE LINE CORPORATION,Refined and/or Petroleum Product (non-HVL),INTERSTATE,NORTH CAROLINA,0.0,319.8,0.0,0.0,0.0,0.0,319.8,0.0,0.0,0.0,0.0,0.0,0.0,0.0,0.0,319.8,0.0,0.0,0.0,0.0,319.8,
2/2/2026,2022.0,20230229.0,20140.0,15674.0,PRODUCTS (SE) PIPE LINE CORPORATION,Refined and/or Petroleum Product (non-HVL),INTERSTATE,SOUTH CAROLINA,0.0,203.35,0.0,0.0,0.0,0.0,203.35,0.0,0.0,0.0,0.0,0.0,0.0,0.0,0.0,203.35,0.0,0.0,0.0,0.0,203.35,
2/2/2026,2022.0,20230229.0,20140.0,15674.0,PRODUCTS (SE) PIPE LINE CORPORATION,Refined and/or Petroleum Product (non-HVL),INTERSTATE,TENNESSEE,0.0,105.07,0.0,0.0,0.0,0.0,105.07,0.0,0.0,0.0,0.0,0.0,0.0,0.0,0.0,105.07,0.0,0.0,0.0,0.0,105.07,
2/2/2026,2022.0,20230229.0,20140.0,15674.0,PRODUCTS (SE) PIPE LINE CORPORATION,Refined and/or Petroleum Product (non-HVL),INTERSTATE,VIRGINIA,0.0,343.25,0.0,0.0,0.0,0.0,343.25,0.0,0.0,0.0,0.0,0.0,0.0,0.0,0.0,343.25,0.0,0.0,0.0,0.0,343.25,
2/2/2026,2022.0,20230329.0,20243.0,15774.0,NORTH DAKOTA PIPELINE COMPANY LLC,Crude Oil,INTERSTATE,MINNESOTA,0.0,75.546,0.0,0.0,0.0,0.0,75.546,0.0,0.0,0.0,0.0,0.0,0.0,0.0,0.0,75.546,0.0,0.0,0.0,0.0,75.546,
2/2/2026,2022.0,20230329.0,20243.0,15774.0,NORTH DAKOTA PIPELINE COMPANY LLC,Crude Oil,INTERSTATE,MONTANA,0.0,63.98,0.0,0.0,0.0,0.0,63.98,0.0,0.0,0.0,0.0,0.0,0.0,0.0,0.0,63.98,0.0,0.0,0.0,0.0,63.98,
2/2/2026,2022.0,20230329.0,20243.0,15774.0,NORTH DAKOTA PIPELINE COMPANY LLC,Crude Oil,INTERSTATE,NORTH DAKOTA,0.0,615.122,0.0,0.0,0.0,0.0,615.122,0.0,0.0,0.0,0.0,0.0,0.0,0.0,0.0,615.122,0.0,0.0,0.0,0.0,615.122,
2/2/2026,2022.0,20230678.0,20604.0,15786.0,PORTLAND PIPE LINE CORPORATION,Crude Oil,INTERSTATE,MAINE,0.0,144.0,0.0,0.0,0.0,0.0,144.0,0.0,0.0,0.0,0.0,0.0,0.0,0.0,0.0,144.0,0.0,0.0,0.0,0.0,144.0,
2/2/2026,2022.0,20230678.0,20604.0,15786.0,PORTLAND PIPE LINE CORPORATION,Crude Oil,INTERSTATE,NEW HAMPSHIRE,0.0,71.0,0.0,0.0,0.0,0.0,71.0,0.0,0.0,0.0,0.0,0.0,0.0,0.0,0.0,71.0,0.0,0.0,0.0,0.0,71.0,
2/2/2026,2022.0,20230678.0,20604.0,15786.0,PORTLAND PIPE LINE CORPORATION,Crude Oil,INTERSTATE,VERMONT,0.0,117.0,0.0,0.0,0.0,0.0,117.0,0.0,0.0,0.0,0.0,0.0,0.0,0.0,0.0,117.0,0.0,0.0,0.0,0.0,117.0,
2/2/2026,2022.0,20230124.0,20029.0,15825.0,WESTLAKE US 2 LLC,HVL,INTERSTATE,LOUISIANA,0.0,35.0,0.0,0.0,0.0,0.0,35.0,0.0,0.0,0.0,0.0,0.0,0.0,0.0,0.0,35.0,0.0,0.0,0.0,0.0,35.0,
2/2/2026,2022.0,20230124.0,20029.0,15825.0,WESTLAKE US 2 LLC,HVL,INTERSTATE,TEXAS,0.0,2.61,0.0,0.0,0.0,0.0,2.61,0.0,0.0,0.0,0.0,0.0,0.0,0.0,0.0,2.61,0.0,0.0,0.0,0.0,2.61,
2/2/2026,2022.0,20230625.0,20549.0,15851.0,"DELEK MARKETING AND SUPPLY, LP",Crude Oil,INTRASTATE,TEXAS,0.0,93.94,0.0,0.0,0.0,0.0,93.94,0.0,0.0,0.0,0.0,0.0,0.0,0.0,0.0,93.94,0.0,0.0,0.0,0.0,93.94,
2/2/2026,2022.0,20230624.0,20548.0,15851.0,"DELEK MARKETING AND SUPPLY, LP",Refined and/or Petroleum Product (non-HVL),INTRASTATE,TEXAS,0.0,148.48,0.0,0.0,0.0,0.0,148.48,0.0,0.0,0.0,0.0,0.0,0.0,0.0,0.0,148.48,0.0,0.0,0.0,0.0,148.48,
2/2/2026,2022.0,20230196.0,20106.0,15915.0,"PIPELINES OF PUERTO RICO INCD, THE",Refined and/or Petroleum Product (non-HVL),INTRASTATE,PUERTO RICO,0.0,9.5,0.0,0.0,0.0,0.0,9.5,0.0,0.0,0.0,0.0,0.0,0.0,0.0,0.0,9.5,0.0,0.0,0.0,0.0,9.5,
2/2/2026,2022.0,20230120.0,22501.0,15979.0,"ERGON TERMINALING, INC.",Crude Oil,INTERSTATE,OHIO,0.0,37.0,0.0,0.0,0.0,0.0,37.0,0.0,0.0,0.0,0.0,0.0,0.0,0.0,0.0,37.0,0.0,0.0,0.0,0.0,37.0,
2/2/2026,2022.0,20230120.0,22501.0,15979.0,"ERGON TERMINALING, INC.",Crude Oil,INTERSTATE,WEST VIRGINIA,0.0,1.0,0.0,0.0,0.0,0.0,1.0,0.0,0.0,0.0,0.0,0.0,0.0,0.0,0.0,1.0,0.0,0.0,0.0,0.0,1.0,
2/2/2026,2022.0,20230694.0,20622.0,18092.0,"SFPP, LP",Refined and/or Petroleum Product (non-HVL),INTERSTATE,ARIZONA,0.0,559.77,0.0,0.0,0.0,0.0,559.77,0.0,0.0,0.0,0.0,0.0,0.0,0.0,0.0,559.77,0.0,0.0,0.0,0.0,559.77,
2/2/2026,2022.0,20230694.0,20622.0,18092.0,"SFPP, LP",Refined and/or Petroleum Product (non-HVL),INTERSTATE,CALIFORNIA,0.0,602.68,0.0,0.0,0.0,0.0,602.68,0.0,0.0,0.0,0.0,0.0,0.0,0.0,0.0,602.68,0.0,0.0,0.0,0.0,602.68,
2/2/2026,2022.0,20230694.0,20622.0,18092.0,"SFPP, LP",Refined and/or Petroleum Product (non-HVL),INTERSTATE,NEVADA,0.0,78.2,0.0,0.0,0.0,0.0,78.2,0.0,0.0,0.0,0.0,0.0,0.0,0.0,0.0,78.2,0.0,0.0,0.0,0.0,78.2,
2/2/2026,2022.0,20230694.0,20622.0,18092.0,"SFPP, LP",Refined and/or Petroleum Product (non-HVL),INTERSTATE,NEW MEXICO,0.0,325.76,0.0,0.0,0.0,0.0,325.76,0.0,0.0,0.0,0.0,0.0,0.0,0.0,0.0,325.76,0.0,0.0,0.0,0.0,325.76,
2/2/2026,2022.0,20230694.0,20622.0,18092.0,"SFPP, LP",Refined and/or Petroleum Product (non-HVL),INTERSTATE,OREGON,0.0,127.6,0.0,0.0,0.0,0.0,127.6,0.0,0.0,0.0,0.0,0.0,0.0,0.0,0.0,127.6,0.0,0.0,0.0,0.0,127.6,
2/2/2026,2022.0,20230694.0,20622.0,18092.0,"SFPP, LP",Refined and/or Petroleum Product (non-HVL),INTERSTATE,TEXAS,0.0,63.46,0.0,0.0,0.0,0.0,63.46,0.0,0.0,0.0,0.0,0.0,0.0,0.0,0.0,63.46,0.0,0.0,0.0,0.0,63.46,
2/2/2026,2022.0,20230694.0,20622.0,18092.0,"SFPP, LP",Refined and/or Petroleum Product (non-HVL),INTRASTATE,CALIFORNIA,0.0,1037.52,0.0,0.0,0.0,0.0,1037.52,0.0,0.0,0.0,0.0,0.0,0.0,0.0,0.0,1037.52,0.0,0.0,0.0,0.0,1037.52,
2/2/2026,2022.0,20230694.0,20622.0,18092.0,"SFPP, LP",Refined and/or Petroleum Product (non-HVL),INTRASTATE,OREGON,0.0,4.28,0.0,0.0,0.0,0.0,4.28,0.0,0.0,0.0,0.0,0.0,0.0,0.0,0.0,4.28,0.0,0.0,0.0,0.0,4.28,
2/2/2026,2022.0,20230694.0,20622.0,18092.0,"SFPP, LP",Refined and/or Petroleum Product (non-HVL),INTRASTATE,TEXAS,0.0,5.64,0.0,0.0,0.0,0.0,5.64,0.0,0.0,0.0,0.0,0.0,0.0,0.0,0.0,5.64,0.0,0.0,0.0,0.0,5.64,
2/2/2026,2022.0,20230152.0,20061.0,18386.0,BP OIL PIPELINE CO,Refined and/or Petroleum Product (non-HVL),INTERSTATE,KENTUCKY,0.0,1.0,0.0,0.0,0.0,0.0,1.0,0.0,0.0,0.0,0.0,0.0,0.0,0.0,0.0,1.0,0.0,0.0,0.0,0.0,1.0,
2/2/2026,2022.0,20230152.0,20061.0,18386.0,BP OIL PIPELINE CO,Refined and/or Petroleum Product (non-HVL),INTERSTATE,OHIO,0.0,92.0,0.0,0.0,0.0,0.0,92.0,0.0,0.0,0.0,0.0,0.0,0.0,0.0,0.0,92.0,0.0,0.0,0.0,0.0,92.0,
2/2/2026,2022.0,20230152.0,20061.0,18386.0,BP OIL PIPELINE CO,Refined and/or Petroleum Product (non-HVL),INTRASTATE,OHIO,0.0,15.6,0.0,0.0,0.0,0.0,15.6,0.0,0.0,0.0,0.0,0.0,0.0,0.0,0.0,15.6,0.0,0.0,0.0,0.0,15.6,
2/2/2026,2022.0,20230592.0,20516.0,18667.0,FREEPORT-MCMORAN OIL & GAS,Crude Oil,INTERSTATE,CALIFORNIA,0.0,41.73,0.0,0.66,0.0,0.0,42.39,0.0,29.99,0.0,0.0,0.0,0.0,29.99,0.0,71.72,0.0,0.66,0.0,0.0,72.38,
2/2/2026,2022.0,20230592.0,20516.0,18667.0,FREEPORT-MCMORAN OIL & GAS,Crude Oil,INTERSTATE,OCS-Pacific,0.0,0.0,0.0,0.0,0.0,0.0,0.0,0.0,8.64,0.0,0.0,0.0,0.0,8.64,0.0,8.64,0.0,0.0,0.0,0.0,8.64,
2/2/2026,2022.0,20230239.0,20864.0,18678.0,ST LOUIS PIPELINE OPERATING LLC,Refined and/or Petroleum Product (non-HVL),INTERSTATE,ILLINOIS,0.0,6.504,0.0,0.0,0.0,0.0,6.504,0.0,0.0,0.0,0.0,0.0,0.0,0.0,0.0,6.504,0.0,0.0,0.0,0.0,6.504,
2/2/2026,2022.0,20230239.0,20864.0,18678.0,ST LOUIS PIPELINE OPERATING LLC,Refined and/or Petroleum Product (non-HVL),INTERSTATE,MISSOURI,0.0,13.177,0.0,0.0,0.0,0.0,13.177,0.0,0.0,0.0,0.0,0.0,0.0,0.0,0.0,13.177,0.0,0.0,0.0,0.0,13.177,
2/2/2026,2022.0,20230457.0,20377.0,18718.0,SUNOCO PIPELINE L.P.,Crude Oil,INTERSTATE,LOUISIANA,0.0,0.75,0.0,0.0,0.0,0.0,0.75,0.0,0.0,0.0,0.0,0.0,0.0,0.0,0.0,0.75,0.0,0.0,0.0,0.0,0.75,
2/2/2026,2022.0,20230457.0,20377.0,18718.0,SUNOCO PIPELINE L.P.,Crude Oil,INTERSTATE,MICHIGAN,0.0,117.49,0.0,0.0,0.0,0.0,117.49,0.0,0.0,0.0,0.0,0.0,0.0,0.0,0.0,117.49,0.0,0.0,0.0,0.0,117.49,
2/2/2026,2022.0,20230457.0,20377.0,18718.0,SUNOCO PIPELINE L.P.,Crude Oil,INTERSTATE,NEW MEXICO,0.0,25.04,0.0,0.0,0.0,0.0,25.04,0.0,0.0,0.0,0.0,0.0,0.0,0.0,0.0,25.04,0.0,0.0,0.0,0.0,25.04,
2/2/2026,2022.0,20230457.0,20377.0,18718.0,SUNOCO PIPELINE L.P.,Crude Oil,INTERSTATE,OHIO,0.0,10.61,0.0,0.0,0.0,0.0,10.61,0.0,0.0,0.0,0.0,0.0,0.0,0.0,0.0,10.61,0.0,0.0,0.0,0.0,10.61,
2/2/2026,2022.0,20230457.0,20377.0,18718.0,SUNOCO PIPELINE L.P.,Crude Oil,INTERSTATE,OKLAHOMA,0.0,149.55,0.0,0.0,0.0,0.0,149.55,0.0,0.0,0.0,0.0,0.0,0.0,0.0,0.0,149.55,0.0,0.0,0.0,0.0,149.55,
2/2/2026,2022.0,20230457.0,20377.0,18718.0,SUNOCO PIPELINE L.P.,Crude Oil,INTERSTATE,PENNSYLVANIA,0.0,23.43,0.0,0.0,0.0,0.0,23.43,0.0,0.0,0.0,0.0,0.0,0.0,0.0,0.0,23.43,0.0,0.0,0.0,0.0,23.43,
2/2/2026,2022.0,20230457.0,20377.0,18718.0,SUNOCO PIPELINE L.P.,Crude Oil,INTERSTATE,TEXAS,0.0,1026.73,0.0,0.0,0.0,0.0,1026.73,0.0,0.0,0.0,0.0,0.0,0.0,0.0,0.0,1026.73,0.0,0.0,0.0,0.0,1026.73,
2/2/2026,2022.0,20230457.0,20377.0,18718.0,SUNOCO PIPELINE L.P.,Crude Oil,INTRASTATE,OKLAHOMA,0.0,475.62,0.0,0.0,1.05,0.1,476.77,0.0,0.0,0.0,0.0,0.0,0.0,0.0,0.0,475.62,0.0,0.0,1.05,0.1,476.77,
2/2/2026,2022.0,20230457.0,20377.0,18718.0,SUNOCO PIPELINE L.P.,Crude Oil,INTRASTATE,TEXAS,0.0,1482.75,0.0,0.0,0.42,0.0,1483.17,0.0,0.0,0.0,0.0,0.0,0.0,0.0,0.0,1482.75,0.0,0.0,0.42,0.0,1483.17,
2/2/2026,2022.0,20230458.0,22533.0,18718.0,SUNOCO PIPELINE L.P.,HVL,INTERSTATE,DELAWARE,0.0,2.64,0.0,0.0,0.0,0.0,2.64,0.0,0.0,0.0,0.0,0.0,0.0,0.0,0.0,2.64,0.0,0.0,0.0,0.0,2.64,
2/2/2026,2022.0,20230458.0,22533.0,18718.0,SUNOCO PIPELINE L.P.,HVL,INTERSTATE,MICHIGAN,0.0,162.77,0.0,0.0,0.0,0.0,162.77,0.0,0.0,0.0,0.0,0.0,0.0,0.0,0.0,162.77,0.0,0.0,0.0,0.0,162.77,
2/2/2026,2022.0,20230458.0,22533.0,18718.0,SUNOCO PIPELINE L.P.,HVL,INTERSTATE,NEW JERSEY,0.0,24.03,0.0,0.0,0.0,0.0,24.03,0.0,0.0,0.0,0.0,0.0,0.0,0.0,0.0,24.03,0.0,0.0,0.0,0.0,24.03,
2/2/2026,2022.0,20230458.0,22533.0,18718.0,SUNOCO PIPELINE L.P.,HVL,INTERSTATE,OHIO,0.0,253.0,0.0,0.0,0.0,0.0,253.0,0.0,0.0,0.0,0.0,0.0,0.0,0.0,0.0,253.0,0.0,0.0,0.0,0.0,253.0,
2/2/2026,2022.0,20230458.0,22533.0,18718.0,SUNOCO PIPELINE L.P.,HVL,INTERSTATE,PENNSYLVANIA,1.94,749.9,0.0,0.0,0.0,0.0,751.84,0.0,0.0,0.0,0.0,0.0,0.0,0.0,1.94,749.9,0.0,0.0,0.0,0.0,751.84,
2/2/2026,2022.0,20230458.0,22533.0,18718.0,SUNOCO PIPELINE L.P.,HVL,INTERSTATE,WEST VIRGINIA,0.0,10.16,0.0,0.0,0.0,0.0,10.16,0.0,0.0,0.0,0.0,0.0,0.0,0.0,0.0,10.16,0.0,0.0,0.0,0.0,10.16,
2/2/2026,2022.0,20230458.0,22533.0,18718.0,SUNOCO PIPELINE L.P.,HVL,INTRASTATE,TEXAS,0.0,55.35,0.0,0.0,0.0,0.0,55.35,0.0,0.0,0.0,0.0,0.0,0.0,0.0,0.0,55.35,0.0,0.0,0.0,0.0,55.35,
2/2/2026,2022.0,20230459.0,22528.0,18718.0,SUNOCO PIPELINE L.P.,Refined and/or Petroleum Product (non-HVL),INTERSTATE,DELAWARE,0.0,2.39,0.0,0.0,0.0,0.0,2.39,0.0,0.0,0.0,0.0,0.0,0.0,0.0,0.0,2.39,0.0,0.0,0.0,0.0,2.39,
2/2/2026,2022.0,20230459.0,22528.0,18718.0,SUNOCO PIPELINE L.P.,Refined and/or Petroleum Product (non-HVL),INTERSTATE,MICHIGAN,0.0,55.31,0.0,0.0,0.0,0.0,55.31,0.0,0.0,0.0,0.0,0.0,0.0,0.0,0.0,55.31,0.0,0.0,0.0,0.0,55.31,
2/2/2026,2022.0,20230459.0,22528.0,18718.0,SUNOCO PIPELINE L.P.,Refined and/or Petroleum Product (non-HVL),INTERSTATE,NEW JERSEY,0.0,88.57,0.0,0.0,0.0,0.0,88.57,0.0,0.0,0.0,0.0,0.0,0.0,0.0,0.0,88.57,0.0,0.0,0.0,0.0,88.57,
2/2/2026,2022.0,20230459.0,22528.0,18718.0,SUNOCO PIPELINE L.P.,Refined and/or Petroleum Product (non-HVL),INTERSTATE,NEW YORK,2.93,248.5,0.0,0.0,0.0,0.0,251.43,0.0,0.0,0.0,0.0,0.0,0.0,0.0,2.93,248.5,0.0,0.0,0.0,0.0,251.43,
2/2/2026,2022.0,20230459.0,22528.0,18718.0,SUNOCO PIPELINE L.P.,Refined and/or Petroleum Product (non-HVL),INTERSTATE,OHIO,62.09,305.78,0.0,0.0,0.0,0.0,367.87,0.0,0.0,0.0,0.0,0.0,0.0,0.0,62.09,305.78,0.0,0.0,0.0,0.0,367.87,
2/2/2026,2022.0,20230459.0,22528.0,18718.0,SUNOCO PIPELINE L.P.,Refined and/or Petroleum Product (non-HVL),INTERSTATE,PENNSYLVANIA,110.49,1240.26,0.0,0.0,0.0,0.0,1350.75,0.0,0.0,0.0,0.0,0.0,0.0,0.0,110.49,1240.26,0.0,0.0,0.0,0.0,1350.75,
2/2/2026,2022.0,20230459.0,22528.0,18718.0,SUNOCO PIPELINE L.P.,Refined and/or Petroleum Product (non-HVL),INTRASTATE,MASSACHUSETTS,0.0,0.8,0.0,0.0,0.0,0.0,0.8,0.0,0.0,0.0,0.0,0.0,0.0,0.0,0.0,0.8,0.0,0.0,0.0,0.0,0.8,
2/2/2026,2022.0,20230459.0,22528.0,18718.0,SUNOCO PIPELINE L.P.,Refined and/or Petroleum Product (non-HVL),INTRASTATE,TEXAS,0.0,880.1,0.0,0.0,0.0,0.0,880.1,0.0,0.0,0.0,0.0,0.0,0.0,0.0,0.0,880.1,0.0,0.0,0.0,0.0,880.1,
2/2/2026,2022.0,20230501.0,20422.0,19319.0,"TPC GROUP, LLC",HVL,INTRASTATE,LOUISIANA,0.0,1.871,0.0,0.0,0.0,0.0,1.871,0.0,0.0,0.0,0.0,0.0,0.0,0.0,0.0,1.871,0.0,0.0,0.0,0.0,1.871,
2/2/2026,2022.0,20230501.0,20422.0,19319.0,"TPC GROUP, LLC",HVL,INTRASTATE,TEXAS,0.0,116.598,0.0,0.0,0.0,0.0,116.598,0.0,0.0,0.0,0.0,0.0,0.0,0.0,0.0,116.598,0.0,0.0,0.0,0.0,116.598,
2/2/2026,2022.0,20230502.0,20423.0,19319.0,"TPC GROUP, LLC",Refined and/or Petroleum Product (non-HVL),INTRASTATE,LOUISIANA,0.0,0.684,0.0,0.0,0.0,0.0,0.684,0.0,0.0,0.0,0.0,0.0,0.0,0.0,0.0,0.684,0.0,0.0,0.0,0.0,0.684,
2/2/2026,2022.0,20230502.0,20423.0,19319.0,"TPC GROUP, LLC",Refined and/or Petroleum Product (non-HVL),INTRASTATE,TEXAS,0.0,20.024,0.0,0.0,0.0,0.0,20.024,0.0,0.0,0.0,0.0,0.0,0.0,0.0,0.0,20.024,0.0,0.0,0.0,0.0,20.024,
2/2/2026,2022.0,20230570.0,20494.0,19410.0,THUMS LONG BEACH CO,Crude Oil,INTRASTATE,CALIFORNIA,0.0,4.47,0.0,0.0,0.0,0.0,4.47,0.0,10.19,0.0,0.0,0.0,0.0,10.19,0.0,14.66,0.0,0.0,0.0,0.0,14.66,
2/2/2026,2022.0,20230427.0,20346.0,19481.0,T & M TERMINAL CO,Refined and/or Petroleum Product (non-HVL),INTERSTATE,MISSISSIPPI,0.0,1.46,0.0,0.0,0.0,0.0,1.46,0.0,0.0,0.0,0.0,0.0,0.0,0.0,0.0,1.46,0.0,0.0,0.0,0.0,1.46,
2/2/2026,2022.0,20230268.0,20179.0,19585.0,TRANS MOUNTAIN PIPELINE (PUGET SOUND) LLC,Crude Oil,INTERSTATE,WASHINGTON,0.0,64.0,0.0,0.0,0.0,0.0,64.0,0.0,0.0,0.0,0.0,0.0,0.0,0.0,0.0,64.0,0.0,0.0,0.0,0.0,64.0,
2/2/2026,2022.0,20230042.0,19928.0,19892.0,UCAR PIPELINE INCORPORATED,HVL,INTRASTATE,LOUISIANA,0.0,69.87,0.0,0.0,0.0,0.0,69.87,0.0,0.0,0.0,0.0,0.0,0.0,0.0,0.0,69.87,0.0,0.0,0.0,0.0,69.87,
2/2/2026,2022.0,20230037.0,19922.0,20046.0,UNION CARBIDE CHEMICALS & PLASTICS CO INC,HVL,INTRASTATE,WEST VIRGINIA,0.0,7.17,0.0,0.0,0.0,0.0,7.17,0.0,0.0,0.0,0.0,0.0,0.0,0.0,0.0,7.17,0.0,0.0,0.0,0.0,7.17,
2/2/2026,2022.0,20230635.0,20559.0,20202.0,ULTRAMAR INC.,Crude Oil,INTRASTATE,CALIFORNIA,0.0,4.29,0.0,0.0,0.0,0.0,4.29,0.0,0.0,0.0,0.0,0.0,0.0,0.0,0.0,4.29,0.0,0.0,0.0,0.0,4.29,
2/2/2026,2022.0,20230638.0,20562.0,20202.0,ULTRAMAR INC.,HVL,INTRASTATE,CALIFORNIA,0.0,7.63,0.0,0.0,0.0,0.0,7.63,0.0,0.0,0.0,0.0,0.0,0.0,0.0,0.0,7.63,0.0,0.0,0.0,0.0,7.63,
2/2/2026,2022.0,20230636.0,20560.0,20202.0,ULTRAMAR INC.,Refined and/or Petroleum Product (non-HVL),INTRASTATE,CALIFORNIA,0.0,19.41,0.0,4.4,0.0,0.0,23.81,0.0,0.0,0.0,0.0,0.0,0.0,0.0,0.0,19.41,0.0,4.4,0.0,0.0,23.81,
2/2/2026,2022.0,20230518.0,20440.0,21359.0,SASOL CHEMICALS USA LLC,Refined and/or Petroleum Product (non-HVL),INTRASTATE,LOUISIANA,0.0,12.143,0.0,0.0,0.0,0.0,12.143,0.0,0.0,0.0,0.0,0.0,0.0,0.0,0.0,12.143,0.0,0.0,0.0,0.0,12.143,
2/2/2026,2022.0,20230508.0,20429.0,22430.0,WEST SHORE PIPELINE CO,Crude Oil,INTERSTATE,ILLINOIS,0.0,3.582,0.0,0.0,0.0,0.0,3.582,0.0,0.0,0.0,0.0,0.0,0.0,0.0,0.0,3.582,0.0,0.0,0.0,0.0,3.582,
2/2/2026,2022.0,20230509.0,20430.0,22430.0,WEST SHORE PIPELINE CO,Refined and/or Petroleum Product (non-HVL),INTERSTATE,ILLINOIS,0.0,384.059,0.0,0.0,0.0,0.0,384.059,0.0,0.0,0.0,0.0,0.0,0.0,0.0,0.0,384.059,0.0,0.0,0.0,0.0,384.059,
2/2/2026,2022.0,20230509.0,20430.0,22430.0,WEST SHORE PIPELINE CO,Refined and/or Petroleum Product (non-HVL),INTERSTATE,INDIANA,0.0,17.208,0.0,0.0,0.0,0.0,17.208,0.0,0.0,0.0,0.0,0.0,0.0,0.0,0.0,17.208,0.0,0.0,0.0,0.0,17.208,
2/2/2026,2022.0,20230509.0,20430.0,22430.0,WEST SHORE PIPELINE CO,Refined and/or Petroleum Product (non-HVL),INTERSTATE,WISCONSIN,0.0,200.927,0.0,0.0,0.0,0.0,200.927,0.0,0.0,0.0,0.0,0.0,0.0,0.0,0.0,200.927,0.0,0.0,0.0,0.0,200.927,
2/2/2026,2022.0,20230436.0,20356.0,22442.0,WEST TEXAS GULF PIPELINE CO,Crude Oil,INTERSTATE,TEXAS,0.0,583.59,0.0,0.0,0.0,0.0,583.59,0.0,0.0,0.0,0.0,0.0,0.0,0.0,0.0,583.59,0.0,0.0,0.0,0.0,583.59,
2/2/2026,2022.0,20230290.0,20201.0,22465.0,TARGA PIPELINE MID-CONTINENT WESTTEX LLC,Refined and/or Petroleum Product (non-HVL),INTRASTATE,TEXAS,0.0,7.16,0.0,0.0,0.0,0.0,7.16,0.0,0.0,0.0,0.0,0.0,0.0,0.0,0.0,7.16,0.0,0.0,0.0,0.0,7.16,
2/2/2026,2022.0,20230399.0,20316.0,22610.0,"MAGELLAN PIPELINE COMPANY, LP",Crude Oil,INTERSTATE,COLORADO,0.0,210.91,0.0,0.0,0.0,0.0,210.91,0.0,0.0,0.0,0.0,0.0,0.0,0.0,0.0,210.91,0.0,0.0,0.0,0.0,210.91,
2/2/2026,2022.0,20230399.0,20316.0,22610.0,"MAGELLAN PIPELINE COMPANY, LP",Crude Oil,INTERSTATE,KANSAS,0.0,363.18,0.0,0.0,0.0,0.0,363.18,0.0,0.0,0.0,0.0,0.0,0.0,0.0,0.0,363.18,0.0,0.0,0.0,0.0,363.18,
2/2/2026,2022.0,20230399.0,20316.0,22610.0,"MAGELLAN PIPELINE COMPANY, LP",Crude Oil,INTERSTATE,OKLAHOMA,0.0,233.45,0.0,0.0,0.0,0.0,233.45,0.0,0.0,0.0,0.0,0.0,0.0,0.0,0.0,233.45,0.0,0.0,0.0,0.0,233.45,
2/2/2026,2022.0,20230399.0,20316.0,22610.0,"MAGELLAN PIPELINE COMPANY, LP",Crude Oil,INTERSTATE,TEXAS,0.0,408.37,0.0,0.0,0.0,0.0,408.37,0.0,0.0,0.0,0.0,0.0,0.0,0.0,0.0,408.37,0.0,0.0,0.0,0.0,408.37,
2/2/2026,2022.0,20230399.0,20316.0,22610.0,"MAGELLAN PIPELINE COMPANY, LP",Crude Oil,INTERSTATE,WYOMING,0.0,9.94,0.0,0.0,0.0,0.0,9.94,0.0,0.0,0.0,0.0,0.0,0.0,0.0,0.0,9.94,0.0,0.0,0.0,0.0,9.94,
2/2/2026,2022.0,20230399.0,20316.0,22610.0,"MAGELLAN PIPELINE COMPANY, LP",Crude Oil,INTRASTATE,OKLAHOMA,0.0,68.62,0.0,0.0,0.0,0.0,68.62,0.0,0.0,0.0,0.0,0.0,0.0,0.0,0.0,68.62,0.0,0.0,0.0,0.0,68.62,
2/2/2026,2022.0,20230402.0,20319.0,22610.0,"MAGELLAN PIPELINE COMPANY, LP",HVL,INTERSTATE,ILLINOIS,0.0,63.12,0.0,0.0,0.0,0.0,63.12,0.0,0.0,0.0,0.0,0.0,0.0,0.0,0.0,63.12,0.0,0.0,0.0,0.0,63.12,
2/2/2026,2022.0,20230402.0,20319.0,22610.0,"MAGELLAN PIPELINE COMPANY, LP",HVL,INTERSTATE,IOWA,0.0,362.81,0.0,0.0,0.0,0.0,362.81,0.0,0.0,0.0,0.0,0.0,0.0,0.0,0.0,362.81,0.0,0.0,0.0,0.0,362.81,
2/2/2026,2022.0,20230402.0,20319.0,22610.0,"MAGELLAN PIPELINE COMPANY, LP",HVL,INTERSTATE,KANSAS,0.0,4.8,0.0,0.0,0.0,0.0,4.8,0.0,0.0,0.0,0.0,0.0,0.0,0.0,0.0,4.8,0.0,0.0,0.0,0.0,4.8,
2/2/2026,2022.0,20230402.0,20319.0,22610.0,"MAGELLAN PIPELINE COMPANY, LP",HVL,INTERSTATE,MINNESOTA,0.0,0.05,0.0,0.0,0.0,0.0,0.05,0.0,0.0,0.0,0.0,0.0,0.0,0.0,0.0,0.05,0.0,0.0,0.0,0.0,0.05,
2/2/2026,2022.0,20230402.0,20319.0,22610.0,"MAGELLAN PIPELINE COMPANY, LP",HVL,INTERSTATE,MISSOURI,0.0,125.9,0.0,0.0,0.0,0.0,125.9,0.0,0.0,0.0,0.0,0.0,0.0,0.0,0.0,125.9,0.0,0.0,0.0,0.0,125.9,
2/2/2026,2022.0,20230402.0,20319.0,22610.0,"MAGELLAN PIPELINE COMPANY, LP",HVL,INTRASTATE,TEXAS,0.0,3.16,0.0,0.0,0.0,0.0,3.16,0.0,0.0,0.0,0.0,0.0,0.0,0.0,0.0,3.16,0.0,0.0,0.0,0.0,3.16,
2/2/2026,2022.0,20230612.0,20536.0,22610.0,"MAGELLAN PIPELINE COMPANY, LP",Refined and/or Petroleum Product (non-HVL),INTERSTATE,ARKANSAS,0.0,234.15,0.0,0.0,0.0,0.0,234.15,0.0,0.0,0.0,0.0,0.0,0.0,0.0,0.0,234.15,0.0,0.0,0.0,0.0,234.15,
2/2/2026,2022.0,20230612.0,20536.0,22610.0,"MAGELLAN PIPELINE COMPANY, LP",Refined and/or Petroleum Product (non-HVL),INTERSTATE,COLORADO,0.0,358.53,0.0,0.0,0.0,0.0,358.53,0.0,0.0,0.0,0.0,0.0,0.0,0.0,0.0,358.53,0.0,0.0,0.0,0.0,358.53,
2/2/2026,2022.0,20230612.0,20536.0,22610.0,"MAGELLAN PIPELINE COMPANY, LP",Refined and/or Petroleum Product (non-HVL),INTERSTATE,ILLINOIS,0.0,261.1,0.0,0.0,0.0,0.0,261.1,0.0,0.0,0.0,0.0,0.0,0.0,0.0,0.0,261.1,0.0,0.0,0.0,0.0,261.1,
2/2/2026,2022.0,20230612.0,20536.0,22610.0,"MAGELLAN PIPELINE COMPANY, LP",Refined and/or Petroleum Product (non-HVL),INTERSTATE,IOWA,22.99,831.67,0.0,0.0,0.0,0.0,854.66,0.0,0.0,0.0,0.0,0.0,0.0,0.0,22.99,831.67,0.0,0.0,0.0,0.0,854.66,
2/2/2026,2022.0,20230612.0,20536.0,22610.0,"MAGELLAN PIPELINE COMPANY, LP",Refined and/or Petroleum Product (non-HVL),INTERSTATE,KANSAS,0.67,1937.25,0.0,0.0,0.0,0.0,1937.92,0.0,0.0,0.0,0.0,0.0,0.0,0.0,0.67,1937.25,0.0,0.0,0.0,0.0,1937.92,
2/2/2026,2022.0,20230612.0,20536.0,22610.0,"MAGELLAN PIPELINE COMPANY, LP",Refined and/or Petroleum Product (non-HVL),INTERSTATE,MINNESOTA,1.22,1037.25,0.0,0.0,0.0,0.0,1038.47,0.0,0.0,0.0,0.0,0.0,0.0,0.0,1.22,1037.25,0.0,0.0,0.0,0.0,1038.47,
2/2/2026,2022.0,20230612.0,20536.0,22610.0,"MAGELLAN PIPELINE COMPANY, LP",Refined and/or Petroleum Product (non-HVL),INTERSTATE,MISSOURI,0.0,599.6,0.0,0.0,0.0,0.0,599.6,0.0,0.0,0.0,0.0,0.0,0.0,0.0,0.0,599.6,0.0,0.0,0.0,0.0,599.6,
2/2/2026,2022.0,20230612.0,20536.0,22610.0,"MAGELLAN PIPELINE COMPANY, LP",Refined and/or Petroleum Product (non-HVL),INTERSTATE,NEBRASKA,0.0,367.89,0.0,0.0,0.0,0.0,367.89,0.0,0.0,0.0,0.0,0.0,0.0,0.0,0.0,367.89,0.0,0.0,0.0,0.0,367.89,
2/2/2026,2022.0,20230612.0,20536.0,22610.0,"MAGELLAN PIPELINE COMPANY, LP",Refined and/or Petroleum Product (non-HVL),INTERSTATE,NEW MEXICO,0.0,248.56,0.0,0.0,0.0,0.0,248.56,0.0,0.0,0.0,0.0,0.0,0.0,0.0,0.0,248.56,0.0,0.0,0.0,0.0,248.56,
2/2/2026,2022.0,20230612.0,20536.0,22610.0,"MAGELLAN PIPELINE COMPANY, LP",Refined and/or Petroleum Product (non-HVL),INTERSTATE,NORTH DAKOTA,0.0,87.3,0.0,0.0,0.0,0.0,87.3,0.0,0.0,0.0,0.0,0.0,0.0,0.0,0.0,87.3,0.0,0.0,0.0,0.0,87.3,
2/2/2026,2022.0,20230612.0,20536.0,22610.0,"MAGELLAN PIPELINE COMPANY, LP",Refined and/or Petroleum Product (non-HVL),INTERSTATE,OKLAHOMA,43.55,947.8,0.0,0.0,0.0,0.0,991.35,0.0,0.0,0.0,0.0,0.0,0.0,0.0,43.55,947.8,0.0,0.0,0.0,0.0,991.35,
2/2/2026,2022.0,20230612.0,20536.0,22610.0,"MAGELLAN PIPELINE COMPANY, LP",Refined and/or Petroleum Product (non-HVL),INTERSTATE,SOUTH DAKOTA,0.0,184.68,0.0,0.0,0.0,0.0,184.68,0.0,0.0,0.0,0.0,0.0,0.0,0.0,0.0,184.68,0.0,0.0,0.0,0.0,184.68,
2/2/2026,2022.0,20230612.0,20536.0,22610.0,"MAGELLAN PIPELINE COMPANY, LP",Refined and/or Petroleum Product (non-HVL),INTERSTATE,TEXAS,0.0,1855.46,0.0,0.0,0.0,0.0,1855.46,0.0,0.0,0.0,0.0,0.0,0.0,0.0,0.0,1855.46,0.0,0.0,0.0,0.0,1855.46,
2/2/2026,2022.0,20230612.0,20536.0,22610.0,"MAGELLAN PIPELINE COMPANY, LP",Refined and/or Petroleum Product (non-HVL),INTERSTATE,WISCONSIN,0.0,171.97,0.0,0.0,0.0,0.0,171.97,0.0,0.0,0.0,0.0,0.0,0.0,0.0,0.0,171.97,0.0,0.0,0.0,0.0,171.97,
2/2/2026,2022.0,20230612.0,20536.0,22610.0,"MAGELLAN PIPELINE COMPANY, LP",Refined and/or Petroleum Product (non-HVL),INTERSTATE,WYOMING,0.0,271.71,0.0,0.0,0.0,0.0,271.71,0.0,0.0,0.0,0.0,0.0,0.0,0.0,0.0,271.71,0.0,0.0,0.0,0.0,271.71,
2/2/2026,2022.0,20230612.0,20536.0,22610.0,"MAGELLAN PIPELINE COMPANY, LP",Refined and/or Petroleum Product (non-HVL),INTRASTATE,TEXAS,0.0,170.31,0.0,0.0,0.0,0.0,170.31,0.0,0.0,0.0,0.0,0.0,0.0,0.0,0.0,170.31,0.0,0.0,0.0,0.0,170.31,
2/2/2026,2022.0,20230359.0,20757.0,22830.0,WOLVERINE PIPELINE CO,Refined and/or Petroleum Product (non-HVL),INTERSTATE,ILLINOIS,14.56,78.269,0.0,0.0,0.0,0.0,92.829,0.0,0.0,0.0,0.0,0.0,0.0,0.0,14.56,78.269,0.0,0.0,0.0,0.0,92.829,
2/2/2026,2022.0,20230359.0,20757.0,22830.0,WOLVERINE PIPELINE CO,Refined and/or Petroleum Product (non-HVL),INTERSTATE,INDIANA,30.293,133.218,0.0,0.0,0.0,0.0,163.511,0.0,0.0,0.0,0.0,0.0,0.0,0.0,30.293,133.218,0.0,0.0,0.0,0.0,163.511,
2/2/2026,2022.0,20230359.0,20757.0,22830.0,WOLVERINE PIPELINE CO,Refined and/or Petroleum Product (non-HVL),INTERSTATE,MICHIGAN,204.303,484.132,0.0,0.0,0.0,0.0,688.435,0.0,0.0,0.0,0.0,0.0,0.0,0.0,204.303,484.132,0.0,0.0,0.0,0.0,688.435,
2/2/2026,2022.0,20230271.0,20182.0,22855.0,"FLINT HILLS RESOURCES, LC",Crude Oil,INTERSTATE,ILLINOIS,0.0,5.04,0.0,0.0,0.0,0.0,5.04,0.0,0.0,0.0,0.0,0.0,0.0,0.0,0.0,5.04,0.0,0.0,0.0,0.0,5.04,
2/2/2026,2022.0,20230271.0,20182.0,22855.0,"FLINT HILLS RESOURCES, LC",Crude Oil,INTERSTATE,IOWA,0.0,78.71,0.0,0.0,0.0,0.0,78.71,0.0,0.0,0.0,0.0,0.0,0.0,0.0,0.0,78.71,0.0,0.0,0.0,0.0,78.71,
2/2/2026,2022.0,20230271.0,20182.0,22855.0,"FLINT HILLS RESOURCES, LC",Crude Oil,INTERSTATE,MINNESOTA,0.0,987.03,0.0,0.0,0.0,0.0,987.03,0.0,0.0,0.0,0.0,0.0,0.0,0.0,0.0,987.03,0.0,0.0,0.0,0.0,987.03,
2/2/2026,2022.0,20230271.0,20182.0,22855.0,"FLINT HILLS RESOURCES, LC",Crude Oil,INTERSTATE,MISSOURI,0.0,250.02,0.0,0.0,0.0,0.0,250.02,0.0,0.0,0.0,0.0,0.0,0.0,0.0,0.0,250.02,0.0,0.0,0.0,0.0,250.02,
2/2/2026,2022.0,20230271.0,20182.0,22855.0,"FLINT HILLS RESOURCES, LC",Crude Oil,INTRASTATE,TEXAS,0.0,520.03,0.0,0.0,0.0,0.0,520.03,0.0,0.0,0.0,0.0,0.0,0.0,0.0,0.0,520.03,0.0,0.0,0.0,0.0,520.03,
2/2/2026,2022.0,20230273.0,20184.0,22855.0,"FLINT HILLS RESOURCES, LC",HVL,INTERSTATE,MINNESOTA,0.0,21.79,0.0,0.0,0.0,0.0,21.79,0.0,0.0,0.0,0.0,0.0,0.0,0.0,0.0,21.79,0.0,0.0,0.0,0.0,21.79,
2/2/2026,2022.0,20230273.0,20184.0,22855.0,"FLINT HILLS RESOURCES, LC",HVL,INTERSTATE,WISCONSIN,0.0,154.0,0.0,0.0,0.0,0.0,154.0,0.0,0.0,0.0,0.0,0.0,0.0,0.0,0.0,154.0,0.0,0.0,0.0,0.0,154.0,
2/2/2026,2022.0,20230273.0,20184.0,22855.0,"FLINT HILLS RESOURCES, LC",HVL,INTRASTATE,TEXAS,0.0,441.84,0.0,0.0,0.0,0.0,441.84,0.0,0.0,0.0,0.0,0.0,0.0,0.0,0.0,441.84,0.0,0.0,0.0,0.0,441.84,
2/2/2026,2022.0,20230272.0,20183.0,22855.0,"FLINT HILLS RESOURCES, LC",Refined and/or Petroleum Product (non-HVL),INTERSTATE,IOWA,0.0,138.74,0.0,0.0,0.0,0.0,138.74,0.0,0.0,0.0,0.0,0.0,0.0,0.0,0.0,138.74,0.0,0.0,0.0,0.0,138.74,
2/2/2026,2022.0,20230272.0,20183.0,22855.0,"FLINT HILLS RESOURCES, LC",Refined and/or Petroleum Product (non-HVL),INTERSTATE,MINNESOTA,0.0,114.0,0.0,0.0,0.0,0.0,114.0,0.0,0.0,0.0,0.0,0.0,0.0,0.0,0.0,114.0,0.0,0.0,0.0,0.0,114.0,
2/2/2026,2022.0,20230272.0,20183.0,22855.0,"FLINT HILLS RESOURCES, LC",Refined and/or Petroleum Product (non-HVL),INTERSTATE,WISCONSIN,0.0,362.85,0.0,0.0,0.0,0.0,362.85,0.0,0.0,0.0,0.0,0.0,0.0,0.0,0.0,362.85,0.0,0.0,0.0,0.0,362.85,
2/2/2026,2022.0,20230272.0,20183.0,22855.0,"FLINT HILLS RESOURCES, LC",Refined and/or Petroleum Product (non-HVL),INTRASTATE,MINNESOTA,0.0,12.91,0.0,0.0,0.0,0.0,12.91,0.0,0.0,0.0,0.0,0.0,0.0,0.0,0.0,12.91,0.0,0.0,0.0,0.0,12.91,
2/2/2026,2022.0,20230272.0,20183.0,22855.0,"FLINT HILLS RESOURCES, LC",Refined and/or Petroleum Product (non-HVL),INTRASTATE,TEXAS,0.0,935.04,0.0,0.0,0.0,0.0,935.04,0.0,0.0,0.0,0.0,0.0,0.0,0.0,0.0,935.04,0.0,0.0,0.0,0.0,935.04,
2/2/2026,2022.0,20230507.0,20428.0,25146.0,"EQUISTAR CHEMICALS, L.P.",Crude Oil,INTRASTATE,TEXAS,0.0,34.22,0.0,0.0,0.0,0.0,34.22,0.0,0.0,0.0,0.0,0.0,0.0,0.0,0.0,34.22,0.0,0.0,0.0,0.0,34.22,
2/2/2026,2022.0,20230506.0,20427.0,25146.0,"EQUISTAR CHEMICALS, L.P.",HVL,INTRASTATE,LOUISIANA,0.0,26.82,0.0,0.0,0.0,0.0,26.82,0.0,0.0,0.0,0.0,0.0,0.0,0.0,0.0,26.82,0.0,0.0,0.0,0.0,26.82,
2/2/2026,2022.0,20230506.0,20427.0,25146.0,"EQUISTAR CHEMICALS, L.P.",HVL,INTRASTATE,TEXAS,0.0,1288.73,0.0,0.0,0.0,0.0,1288.73,0.0,0.0,0.0,0.0,0.0,0.0,0.0,0.0,1288.73,0.0,0.0,0.0,0.0,1288.73,
2/2/2026,2022.0,20230510.0,20431.0,25146.0,"EQUISTAR CHEMICALS, L.P.",Refined and/or Petroleum Product (non-HVL),INTRASTATE,TEXAS,0.0,116.9,0.0,0.0,0.0,0.0,116.9,0.0,0.0,0.0,0.0,0.0,0.0,0.0,0.0,116.9,0.0,0.0,0.0,0.0,116.9,
2/2/2026,2022.0,20230142.0,20051.0,26039.0,FLORIDA POWER & LIGHT CO,Refined and/or Petroleum Product (non-HVL),INTRASTATE,FLORIDA,0.0,13.91,0.0,0.0,0.0,0.0,13.91,0.0,0.0,0.0,0.0,0.0,0.0,0.0,0.0,13.91,0.0,0.0,0.0,0.0,13.91,
2/2/2026,2022.0,20230388.0,20304.0,26041.0,"KINDER MORGAN LIQUID TERMINALS, LLC",HVL,INTRASTATE,TEXAS,0.0,0.72,0.0,0.0,0.0,0.0,0.72,0.0,0.0,0.0,0.0,0.0,0.0,0.0,0.0,0.72,0.0,0.0,0.0,0.0,0.72,
2/2/2026,2022.0,20230389.0,21585.0,26041.0,"KINDER MORGAN LIQUID TERMINALS, LLC",Refined and/or Petroleum Product (non-HVL),INTERSTATE,ILLINOIS,0.0,9.44,0.0,0.0,0.0,0.0,9.44,0.0,0.0,0.0,0.0,0.0,0.0,0.0,0.0,9.44,0.0,0.0,0.0,0.0,9.44,
2/2/2026,2022.0,20230389.0,21585.0,26041.0,"KINDER MORGAN LIQUID TERMINALS, LLC",Refined and/or Petroleum Product (non-HVL),INTRASTATE,LOUISIANA,0.0,13.16,0.0,0.0,0.0,0.0,13.16,0.0,0.0,0.0,0.0,0.0,0.0,0.0,0.0,13.16,0.0,0.0,0.0,0.0,13.16,
2/2/2026,2022.0,20230389.0,21585.0,26041.0,"KINDER MORGAN LIQUID TERMINALS, LLC",Refined and/or Petroleum Product (non-HVL),INTRASTATE,NEW JERSEY,0.0,9.15,0.0,0.0,0.0,0.0,9.15,0.0,0.0,0.0,0.0,0.0,0.0,0.0,0.0,9.15,0.0,0.0,0.0,0.0,9.15,
2/2/2026,2022.0,20230389.0,21585.0,26041.0,"KINDER MORGAN LIQUID TERMINALS, LLC",Refined and/or Petroleum Product (non-HVL),INTRASTATE,NORTH CAROLINA,0.0,28.68,0.0,0.0,0.0,0.0,28.68,0.0,0.0,0.0,0.0,0.0,0.0,0.0,0.0,28.68,0.0,0.0,0.0,0.0,28.68,
2/2/2026,2022.0,20230389.0,21585.0,26041.0,"KINDER MORGAN LIQUID TERMINALS, LLC",Refined and/or Petroleum Product (non-HVL),INTRASTATE,TEXAS,0.0,40.37,0.0,0.0,0.0,0.0,40.37,0.0,0.0,0.0,0.0,0.0,0.0,0.0,0.0,40.37,0.0,0.0,0.0,0.0,40.37,
2/2/2026,2022.0,20230021.0,19902.0,26045.0,"PAR HAWAII REFINING, LLC",Refined and/or Petroleum Product (non-HVL),INTRASTATE,HAWAII,0.0,24.0,0.0,0.0,0.0,0.0,24.0,0.0,0.0,0.0,0.0,0.0,0.0,0.0,0.0,24.0,0.0,0.0,0.0,0.0,24.0,
2/2/2026,2022.0,20230304.0,20215.0,26048.0,HUNT REFINING CO,Refined and/or Petroleum Product (non-HVL),INTRASTATE,ALABAMA,0.0,47.44,0.0,0.0,0.0,0.0,47.44,0.0,0.0,0.0,0.0,0.0,0.0,0.0,0.0,47.44,0.0,0.0,0.0,0.0,47.44,
2/2/2026,2022.0,20230356.0,20270.0,26049.0,"COUNTRYMARK REFINING AND LOGISTICS, LLC",Crude Oil,INTERSTATE,ILLINOIS,0.0,140.6,0.0,0.0,0.0,0.0,140.6,0.0,0.0,0.0,0.0,0.0,0.0,0.0,0.0,140.6,0.0,0.0,0.0,0.0,140.6,
2/2/2026,2022.0,20230356.0,20270.0,26049.0,"COUNTRYMARK REFINING AND LOGISTICS, LLC",Crude Oil,INTERSTATE,INDIANA,0.3,12.6,0.0,0.0,0.0,0.0,12.9,0.0,0.0,0.0,0.0,0.0,0.0,0.0,0.3,12.6,0.0,0.0,0.0,0.0,12.9,
2/2/2026,2022.0,20230356.0,20270.0,26049.0,"COUNTRYMARK REFINING AND LOGISTICS, LLC",Crude Oil,INTERSTATE,KENTUCKY,0.0,0.5,0.0,0.0,0.0,0.0,0.5,0.0,0.0,0.0,0.0,0.0,0.0,0.0,0.0,0.5,0.0,0.0,0.0,0.0,0.5,
2/2/2026,2022.0,20230356.0,20270.0,26049.0,"COUNTRYMARK REFINING AND LOGISTICS, LLC",Crude Oil,INTRASTATE,ILLINOIS,0.0,0.11,0.0,0.0,0.0,0.0,0.11,0.0,0.0,0.0,0.0,0.0,0.0,0.0,0.0,0.11,0.0,0.0,0.0,0.0,0.11,
2/2/2026,2022.0,20230356.0,20270.0,26049.0,"COUNTRYMARK REFINING AND LOGISTICS, LLC",Crude Oil,INTRASTATE,INDIANA,0.0,0.1,0.0,0.0,0.0,0.0,0.1,0.0,0.0,0.0,0.0,0.0,0.0,0.0,0.0,0.1,0.0,0.0,0.0,0.0,0.1,
2/2/2026,2022.0,20230355.0,20269.0,26049.0,"COUNTRYMARK REFINING AND LOGISTICS, LLC",Refined and/or Petroleum Product (non-HVL),INTRASTATE,INDIANA,0.0,247.1,0.0,0.0,0.0,0.0,247.1,0.0,0.0,0.0,0.0,0.0,0.0,0.0,0.0,247.1,0.0,0.0,0.0,0.0,247.1,
2/2/2026,2022.0,20230690.0,20617.0,26054.0,KEY WEST PIPELINE CO,Refined and/or Petroleum Product (non-HVL),INTRASTATE,FLORIDA,0.0,3.0,0.0,0.0,0.0,0.0,3.0,0.0,4.0,0.0,0.0,0.0,0.0,4.0,0.0,7.0,0.0,0.0,0.0,0.0,7.0,
2/2/2026,2022.0,20230626.0,20550.0,26061.0,"DELEK CRUDE LOGISTICS, LLC.",Crude Oil,INTERSTATE,OKLAHOMA,0.0,39.66,0.0,0.0,0.0,0.0,39.66,0.0,0.0,0.0,0.0,0.0,0.0,0.0,0.0,39.66,0.0,0.0,0.0,0.0,39.66,
2/2/2026,2022.0,20230626.0,20550.0,26061.0,"DELEK CRUDE LOGISTICS, LLC.",Crude Oil,INTERSTATE,TEXAS,0.0,103.07,0.0,0.0,0.0,0.0,103.07,0.0,0.0,0.0,0.0,0.0,0.0,0.0,0.0,103.07,0.0,0.0,0.0,0.0,103.07,
2/2/2026,2022.0,20230626.0,20550.0,26061.0,"DELEK CRUDE LOGISTICS, LLC.",Crude Oil,INTRASTATE,TEXAS,31.27,258.14,0.0,0.0,0.0,0.0,289.41,0.0,0.0,0.0,0.0,0.0,0.0,0.0,31.27,258.14,0.0,0.0,0.0,0.0,289.41,
2/2/2026,2022.0,20230627.0,20551.0,26061.0,"DELEK CRUDE LOGISTICS, LLC.",Refined and/or Petroleum Product (non-HVL),INTRASTATE,TEXAS,0.0,118.66,0.0,0.0,0.0,0.0,118.66,0.0,0.0,0.0,0.0,0.0,0.0,0.0,0.0,118.66,0.0,0.0,0.0,0.0,118.66,
2/2/2026,2022.0,20230320.0,20233.0,26065.0,CHS MCPHERSON REFINERY INC.,HVL,INTRASTATE,KANSAS,0.0,13.0,0.0,0.0,0.0,0.0,13.0,0.0,0.0,0.0,0.0,0.0,0.0,0.0,0.0,13.0,0.0,0.0,0.0,0.0,13.0,
2/2/2026,2022.0,20230318.0,20231.0,26065.0,CHS MCPHERSON REFINERY INC.,Refined and/or Petroleum Product (non-HVL),INTRASTATE,KANSAS,0.0,20.95,0.0,0.0,0.0,0.0,20.95,0.0,0.0,0.0,0.0,0.0,0.0,0.0,0.0,20.95,0.0,0.0,0.0,0.0,20.95,
2/2/2026,2022.0,20230348.0,20262.0,26085.0,"PLAINS MARKETING, L.P.",Crude Oil,INTERSTATE,ALABAMA,0.0,0.77,0.0,0.0,0.0,1.56,2.33,0.0,0.0,0.0,0.0,0.0,0.0,0.0,0.0,0.77,0.0,0.0,0.0,1.56,2.33,Undetermined
2/2/2026,2022.0,20230348.0,20262.0,26085.0,"PLAINS MARKETING, L.P.",Crude Oil,INTERSTATE,ILLINOIS,0.0,0.81,0.0,0.0,0.0,0.0,0.81,0.0,0.0,0.0,0.0,0.0,0.0,0.0,0.0,0.81,0.0,0.0,0.0,0.0,0.81,
2/2/2026,2022.0,20230348.0,20262.0,26085.0,"PLAINS MARKETING, L.P.",Crude Oil,INTERSTATE,LOUISIANA,0.0,0.0,0.0,0.0,0.0,0.0,0.0,0.0,0.0,0.0,0.0,0.0,0.0,0.0,0.0,0.0,0.0,0.0,0.0,0.0,0.0,
2/2/2026,2022.0,20230348.0,20262.0,26085.0,"PLAINS MARKETING, L.P.",Crude Oil,INTERSTATE,WYOMING,0.0,0.0,0.0,0.0,0.0,0.0,0.0,0.0,0.0,0.0,0.0,0.0,0.0,0.0,0.0,0.0,0.0,0.0,0.0,0.0,0.0,
2/2/2026,2022.0,20230348.0,20262.0,26085.0,"PLAINS MARKETING, L.P.",Crude Oil,INTRASTATE,ALABAMA,0.0,1.24,0.0,0.0,0.0,11.46,12.7,0.0,0.0,0.0,0.0,0.0,0.0,0.0,0.0,1.24,0.0,0.0,0.0,11.46,12.7,Undetermind
2/2/2026,2022.0,20230348.0,20262.0,26085.0,"PLAINS MARKETING, L.P.",Crude Oil,INTRASTATE,CALIFORNIA,0.32,139.25,0.0,0.0,0.0,3.91,143.48,0.0,0.0,0.0,0.0,0.0,0.0,0.0,0.32,139.25,0.0,0.0,0.0,3.91,143.48,Undetermined
2/2/2026,2022.0,20230348.0,20262.0,26085.0,"PLAINS MARKETING, L.P.",Crude Oil,INTRASTATE,COLORADO,0.0,0.0,0.0,0.0,0.0,0.0,0.0,0.0,0.0,0.0,0.0,0.0,0.0,0.0,0.0,0.0,0.0,0.0,0.0,0.0,0.0,
2/2/2026,2022.0,20230348.0,20262.0,26085.0,"PLAINS MARKETING, L.P.",Crude Oil,INTRASTATE,LOUISIANA,0.0,10.04,0.0,0.0,0.0,22.01,32.05,0.0,0.0,0.0,0.0,0.0,0.0,0.0,0.0,10.04,0.0,0.0,0.0,22.01,32.05,Undetermined
2/2/2026,2022.0,20230348.0,20262.0,26085.0,"PLAINS MARKETING, L.P.",Crude Oil,INTRASTATE,NEW MEXICO,0.0,0.0,0.0,0.0,0.0,0.35,0.35,0.0,0.0,0.0,0.0,0.0,0.0,0.0,0.0,0.0,0.0,0.0,0.0,0.35,0.35,Undetermined
2/2/2026,2022.0,20230348.0,20262.0,26085.0,"PLAINS MARKETING, L.P.",Crude Oil,INTRASTATE,TEXAS,15.01,2.18,0.0,0.0,0.0,30.81,48.0,0.0,0.0,0.0,0.0,0.0,0.0,0.0,15.01,2.18,0.0,0.0,0.0,30.81,48.0,Undetermined
2/2/2026,2022.0,20230347.0,20261.0,26085.0,"PLAINS MARKETING, L.P.",HVL,INTERSTATE,MICHIGAN,0.0,0.0,0.0,0.0,0.0,0.54,0.54,0.0,0.0,0.0,0.0,0.0,0.0,0.0,0.0,0.0,0.0,0.0,0.0,0.54,0.54,Undetermined
2/2/2026,2022.0,20230347.0,20261.0,26085.0,"PLAINS MARKETING, L.P.",HVL,INTRASTATE,ARIZONA,0.0,14.21,0.0,0.0,0.0,0.0,14.21,0.0,0.0,0.0,0.0,0.0,0.0,0.0,0.0,14.21,0.0,0.0,0.0,0.0,14.21,
2/2/2026,2022.0,20230045.0,19931.0,26086.0,SEADRIFT PIPELINE CORP,HVL,INTRASTATE,TEXAS,0.0,844.95,0.0,0.0,0.0,0.0,844.95,0.0,0.0,0.0,0.0,0.0,0.0,0.0,0.0,844.95,0.0,0.0,0.0,0.0,844.95,
2/2/2026,2022.0,20230541.0,20465.0,26094.0,"SHORE TERMINALS, LLC",Refined and/or Petroleum Product (non-HVL),INTRASTATE,CALIFORNIA,0.0,7.5,0.0,0.0,0.0,0.0,7.5,0.0,0.0,0.0,0.0,0.0,0.0,0.0,0.0,7.5,0.0,0.0,0.0,0.0,7.5,
2/2/2026,2022.0,20230541.0,20465.0,26094.0,"SHORE TERMINALS, LLC",Refined and/or Petroleum Product (non-HVL),INTRASTATE,OREGON,0.0,0.7,0.0,0.0,0.0,0.0,0.7,0.0,0.0,0.0,0.0,0.0,0.0,0.0,0.0,0.7,0.0,0.0,0.0,0.0,0.7,
2/2/2026,2022.0,20230383.0,20299.0,26099.0,TAMPA BAY PIPELINE CO.,HVL,INTRASTATE,FLORIDA,0.0,89.1,0.0,0.0,0.0,0.0,89.1,0.0,0.0,0.0,0.0,0.0,0.0,0.0,0.0,89.1,0.0,0.0,0.0,0.0,89.1,
2/2/2026,2022.0,20230182.0,20092.0,26103.0,"TEXAS EASTMAN DIVISION, EASTMAN CHEMICAL CO",HVL,INTRASTATE,TEXAS,0.0,470.5,0.0,0.0,0.0,0.0,470.5,0.0,0.0,0.0,0.0,0.0,0.0,0.0,0.0,470.5,0.0,0.0,0.0,0.0,470.5,
2/2/2026,2022.0,20230072.0,19963.0,26112.0,"VALERO REFINING-TEXAS, L.P.",Crude Oil,INTRASTATE,TEXAS,0.0,5.62,0.0,0.0,0.0,0.0,5.62,0.0,0.0,0.0,0.0,0.0,0.0,0.0,0.0,5.62,0.0,0.0,0.0,0.0,5.62,
2/2/2026,2022.0,20230074.0,19965.0,26112.0,"VALERO REFINING-TEXAS, L.P.",HVL,INTRASTATE,TEXAS,0.0,13.29,0.0,0.0,0.0,0.0,13.29,0.0,0.0,0.0,0.0,0.0,0.0,0.0,0.0,13.29,0.0,0.0,0.0,0.0,13.29,
2/2/2026,2022.0,20230073.0,19964.0,26112.0,"VALERO REFINING-TEXAS, L.P.",Refined and/or Petroleum Product (non-HVL),INTRASTATE,TEXAS,0.0,31.48,0.0,0.0,0.0,0.0,31.48,0.0,0.0,0.0,0.0,0.0,0.0,0.0,0.0,31.48,0.0,0.0,0.0,0.0,31.48,
2/2/2026,2022.0,20230429.0,20351.0,26120.0,COLLINS PIPELINE CO,Refined and/or Petroleum Product (non-HVL),INTERSTATE,LOUISIANA,0.0,48.02,0.0,0.0,0.0,0.0,48.02,0.0,0.0,0.0,0.0,0.0,0.0,0.0,0.0,48.02,0.0,0.0,0.0,0.0,48.02,
2/2/2026,2022.0,20230429.0,20351.0,26120.0,COLLINS PIPELINE CO,Refined and/or Petroleum Product (non-HVL),INTERSTATE,MISSISSIPPI,0.0,76.5,0.0,0.0,0.0,0.0,76.5,0.0,0.0,0.0,0.0,0.0,0.0,0.0,0.0,76.5,0.0,0.0,0.0,0.0,76.5,
2/2/2026,2022.0,20230208.0,20118.0,26125.0,CALNEV PIPELINE CO,Refined and/or Petroleum Product (non-HVL),INTERSTATE,CALIFORNIA,0.0,389.07,0.0,0.0,0.0,0.0,389.07,0.0,0.0,0.0,0.0,0.0,0.0,0.0,0.0,389.07,0.0,0.0,0.0,0.0,389.07,
2/2/2026,2022.0,20230208.0,20118.0,26125.0,CALNEV PIPELINE CO,Refined and/or Petroleum Product (non-HVL),INTERSTATE,NEVADA,0.0,116.07,0.0,0.0,0.0,0.0,116.07,0.0,0.0,0.0,0.0,0.0,0.0,0.0,0.0,116.07,0.0,0.0,0.0,0.0,116.07,
2/2/2026,2022.0,20230208.0,20118.0,26125.0,CALNEV PIPELINE CO,Refined and/or Petroleum Product (non-HVL),INTRASTATE,CALIFORNIA,0.0,60.45,0.0,0.0,0.0,0.0,60.45,0.0,0.0,0.0,0.0,0.0,0.0,0.0,0.0,60.45,0.0,0.0,0.0,0.0,60.45,
2/2/2026,2022.0,20230208.0,20118.0,26125.0,CALNEV PIPELINE CO,Refined and/or Petroleum Product (non-HVL),INTRASTATE,NEVADA,0.0,0.62,0.0,0.0,0.0,0.0,0.62,0.0,0.0,0.0,0.0,0.0,0.0,0.0,0.0,0.62,0.0,0.0,0.0,0.0,0.62,
2/2/2026,2022.0,20230628.0,20552.0,26136.0,PARAMOUNT PETROLEUM CORP,Refined and/or Petroleum Product (non-HVL),INTRASTATE,CALIFORNIA,0.0,0.0,0.0,0.45,0.0,0.0,0.45,0.0,0.0,0.0,0.0,0.0,0.0,0.0,0.0,0.0,0.0,0.45,0.0,0.0,0.45,
2/2/2026,2022.0,20230027.0,19911.0,26149.0,ALYESKA PIPELINE SERVICE CO,Crude Oil,INTERSTATE,ALASKA,0.0,376.0,0.0,424.59,0.0,0.0,800.59,0.0,0.0,0.0,0.0,0.0,0.0,0.0,0.0,376.0,0.0,424.59,0.0,0.0,800.59,
2/2/2026,2022.0,20230181.0,20091.0,26302.0,MUSTANG PIPELINE CO,HVL,INTRASTATE,TEXAS,0.0,89.14,0.0,0.0,0.0,0.0,89.14,0.0,0.0,0.0,0.0,0.0,0.0,0.0,0.0,89.14,0.0,0.0,0.0,0.0,89.14,
2/2/2026,2022.0,20230499.0,20420.0,26303.0,UNOCAL PIPELINE CO - EASTERN REGION,Crude Oil,INTRASTATE,TEXAS,0.0,4.7,0.0,0.0,0.0,0.0,4.7,0.0,0.0,0.0,0.0,0.0,0.0,0.0,0.0,4.7,0.0,0.0,0.0,0.0,4.7,
2/2/2026,2022.0,20230460.0,20380.0,26330.0,"ENABLE OKLAHOMA INTRASTATE TRANSMISSION, LLC",HVL,INTRASTATE,OKLAHOMA,0.0,11.58,0.0,0.0,0.0,0.0,11.58,0.0,0.0,0.0,0.0,0.0,0.0,0.0,0.0,11.58,0.0,0.0,0.0,0.0,11.58,
2/2/2026,2022.0,20230697.0,20625.0,30003.0,HOUSTON REFINING LP.,Refined and/or Petroleum Product (non-HVL),INTRASTATE,TEXAS,0.0,1.0,2.0,0.0,0.0,0.0,3.0,0.0,0.0,0.0,0.0,0.0,0.0,0.0,0.0,1.0,2.0,0.0,0.0,0.0,3.0,
2/2/2026,2022.0,20230148.0,20057.0,30020.0,W & T OFFSHORE INC,Refined and/or Petroleum Product (non-HVL),INTRASTATE,ALABAMA,0.0,4.75,0.0,0.0,0.0,0.0,4.75,0.0,0.0,0.0,0.0,0.0,0.0,0.0,0.0,4.75,0.0,0.0,0.0,0.0,4.75,
2/2/2026,2022.0,20230241.0,20152.0,30544.0,OCCIDENTAL CHEMICAL CORP,HVL,INTRASTATE,TEXAS,41.946,0.0,0.0,0.0,0.0,0.0,41.946,0.0,0.0,0.0,0.0,0.0,0.0,0.0,41.946,0.0,0.0,0.0,0.0,0.0,41.946,
2/2/2026,2022.0,20230392.0,20309.0,30626.0,TARGA NGL PIPE LINE CO,HVL,INTERSTATE,LOUISIANA,0.0,22.03,0.0,0.0,0.0,0.0,22.03,0.0,0.0,0.0,0.0,0.0,0.0,0.0,0.0,22.03,0.0,0.0,0.0,0.0,22.03,
2/2/2026,2022.0,20230392.0,20309.0,30626.0,TARGA NGL PIPE LINE CO,HVL,INTERSTATE,TEXAS,0.0,84.41,0.0,0.0,0.0,0.0,84.41,0.0,0.0,0.0,0.0,0.0,0.0,0.0,0.0,84.41,0.0,0.0,0.0,0.0,84.41,
2/2/2026,2022.0,20230392.0,20309.0,30626.0,TARGA NGL PIPE LINE CO,HVL,INTRASTATE,TEXAS,0.0,222.87,0.0,0.0,0.0,0.0,222.87,0.0,0.0,0.0,0.0,0.0,0.0,0.0,0.0,222.87,0.0,0.0,0.0,0.0,222.87,
2/2/2026,2022.0,20230418.0,20740.0,30657.0,BRAVO PIPELINE COMPANY,CO2,INTERSTATE,COLORADO,0.0,89.0,0.0,0.0,0.0,0.0,89.0,0.0,0.0,0.0,0.0,0.0,0.0,0.0,0.0,89.0,0.0,0.0,0.0,0.0,89.0,
2/2/2026,2022.0,20230418.0,20740.0,30657.0,BRAVO PIPELINE COMPANY,CO2,INTERSTATE,NEW MEXICO,0.0,376.33,0.0,0.0,0.0,0.0,376.33,0.0,0.0,0.0,0.0,0.0,0.0,0.0,0.0,376.33,0.0,0.0,0.0,0.0,376.33,
2/2/2026,2022.0,20230418.0,20740.0,30657.0,BRAVO PIPELINE COMPANY,CO2,INTERSTATE,TEXAS,0.0,423.1,0.0,0.0,0.0,0.0,423.1,0.0,0.0,0.0,0.0,0.0,0.0,0.0,0.0,423.1,0.0,0.0,0.0,0.0,423.1,
2/2/2026,2022.0,20230418.0,20740.0,30657.0,BRAVO PIPELINE COMPANY,CO2,INTRASTATE,TEXAS,0.0,153.86,0.0,0.0,0.0,0.0,153.86,0.0,0.0,0.0,0.0,0.0,0.0,0.0,0.0,153.86,0.0,0.0,0.0,0.0,153.86,
2/2/2026,2022.0,20230170.0,20080.0,30658.0,KERN ENERGY,Crude Oil,INTRASTATE,CALIFORNIA,0.0,18.6,0.0,0.0,0.0,0.0,18.6,0.0,0.0,0.0,0.0,0.0,0.0,0.0,0.0,18.6,0.0,0.0,0.0,0.0,18.6,
2/2/2026,2022.0,20230287.0,20198.0,30666.0,"ENMARK ENERGY, INC",CO2,INTRASTATE,MISSISSIPPI,0.0,9.63,0.0,0.0,0.0,0.0,9.63,0.0,0.0,0.0,0.0,0.0,0.0,0.0,0.0,9.63,0.0,0.0,0.0,0.0,9.63,
2/2/2026,2022.0,20230214.0,20124.0,30683.0,WESTLAKE PETROCHEMICALS LLC,HVL,INTRASTATE,LOUISIANA,0.0,17.479,0.0,0.0,0.0,0.0,17.479,0.0,0.0,0.0,0.0,0.0,0.0,0.0,0.0,17.479,0.0,0.0,0.0,0.0,17.479,
2/2/2026,2022.0,20230215.0,20125.0,30683.0,WESTLAKE PETROCHEMICALS LLC,Refined and/or Petroleum Product (non-HVL),INTRASTATE,LOUISIANA,0.0,6.836,0.0,0.0,0.0,0.0,6.836,0.0,0.0,0.0,0.0,0.0,0.0,0.0,0.0,6.836,0.0,0.0,0.0,0.0,6.836,
2/2/2026,2022.0,20230602.0,20526.0,30711.0,HILCORP ENERGY COMPANY,Crude Oil,INTRASTATE,LOUISIANA,0.0,27.298,0.0,0.0,0.0,0.0,27.298,0.0,1.967,0.0,0.0,0.0,0.0,1.967,0.0,29.265,0.0,0.0,0.0,0.0,29.265,
2/2/2026,2022.0,20230341.0,20255.0,30755.0,CITGO PRODUCTS PIPELINE CO,HVL,INTERSTATE,LOUISIANA,0.0,23.452,0.0,0.0,0.0,0.0,23.452,0.0,0.0,0.0,0.0,0.0,0.0,0.0,0.0,23.452,0.0,0.0,0.0,0.0,23.452,
2/2/2026,2022.0,20230341.0,20255.0,30755.0,CITGO PRODUCTS PIPELINE CO,HVL,INTERSTATE,TEXAS,0.0,86.432,0.0,0.092,0.0,0.0,86.524,0.0,0.0,0.0,0.0,0.0,0.0,0.0,0.0,86.432,0.0,0.092,0.0,0.0,86.524,
2/2/2026,2022.0,20230340.0,20254.0,30755.0,CITGO PRODUCTS PIPELINE CO,Refined and/or Petroleum Product (non-HVL),INTRASTATE,TEXAS,0.0,236.104,0.0,0.471,0.0,0.0,236.575,0.0,0.0,0.0,0.0,0.0,0.0,0.0,0.0,236.104,0.0,0.471,0.0,0.0,236.575,
2/2/2026,2022.0,20230675.0,20601.0,30756.0,WYOMING REFINING CO,Refined and/or Petroleum Product (non-HVL),INTRASTATE,WYOMING,0.0,40.36,0.0,0.0,0.0,0.0,40.36,0.0,0.0,0.0,0.0,0.0,0.0,0.0,0.0,40.36,0.0,0.0,0.0,0.0,40.36,
2/2/2026,2022.0,20230517.0,20439.0,30777.0,MOTIVA ENTERPRISE LLC,Crude Oil,INTRASTATE,TEXAS,0.0,8.17,0.0,0.0,0.0,0.0,8.17,0.0,0.0,0.0,0.0,0.0,0.0,0.0,0.0,8.17,0.0,0.0,0.0,0.0,8.17,
2/2/2026,2022.0,20230552.0,20476.0,30777.0,MOTIVA ENTERPRISE LLC,HVL,INTRASTATE,TEXAS,0.0,348.4,0.0,0.0,0.0,0.0,348.4,0.0,0.0,0.0,0.0,0.0,0.0,0.0,0.0,348.4,0.0,0.0,0.0,0.0,348.4,
2/2/2026,2022.0,20230548.0,20940.0,30777.0,MOTIVA ENTERPRISE LLC,Refined and/or Petroleum Product (non-HVL),INTRASTATE,TEXAS,0.0,47.87,0.0,0.0,0.0,0.0,47.87,0.0,0.0,0.0,0.0,0.0,0.0,0.0,0.0,47.87,0.0,0.0,0.0,0.0,47.87,
2/2/2026,2022.0,20230153.0,20062.0,30781.0,OLYMPIC PIPE LINE COMPANY,Refined and/or Petroleum Product (non-HVL),INTERSTATE,OREGON,0.0,15.3,0.0,0.0,0.0,0.0,15.3,0.0,0.0,0.0,0.0,0.0,0.0,0.0,0.0,15.3,0.0,0.0,0.0,0.0,15.3,
2/2/2026,2022.0,20230153.0,20062.0,30781.0,OLYMPIC PIPE LINE COMPANY,Refined and/or Petroleum Product (non-HVL),INTERSTATE,WASHINGTON,0.0,351.7,0.0,0.0,0.0,0.0,351.7,0.0,0.0,0.0,0.0,0.0,0.0,0.0,0.0,351.7,0.0,0.0,0.0,0.0,351.7,
2/2/2026,2022.0,20230153.0,20062.0,30781.0,OLYMPIC PIPE LINE COMPANY,Refined and/or Petroleum Product (non-HVL),INTRASTATE,WASHINGTON,0.0,46.7,0.0,0.0,0.0,0.0,46.7,0.0,0.0,0.0,0.0,0.0,0.0,0.0,0.0,46.7,0.0,0.0,0.0,0.0,46.7,
2/2/2026,2022.0,20230238.0,20149.0,30782.0,HARVEST MIDSTREAM COMPANY,Crude Oil,INTERSTATE,LOUISIANA,0.0,192.602,0.0,0.0,0.0,0.0,192.602,0.0,0.0,0.0,0.0,0.0,0.0,0.0,0.0,192.602,0.0,0.0,0.0,0.0,192.602,
2/2/2026,2022.0,20230238.0,20149.0,30782.0,HARVEST MIDSTREAM COMPANY,Crude Oil,INTERSTATE,OCS-Gulf of Mexico,0.0,0.0,0.0,0.0,0.0,0.0,0.0,0.0,31.825,0.0,0.0,0.0,0.0,31.825,0.0,31.825,0.0,0.0,0.0,0.0,31.825,
2/2/2026,2022.0,20230238.0,20149.0,30782.0,HARVEST MIDSTREAM COMPANY,Crude Oil,INTERSTATE,TEXAS,0.0,2.912,0.0,0.0,0.0,0.0,2.912,0.0,0.0,0.0,0.0,0.0,0.0,0.0,0.0,2.912,0.0,0.0,0.0,0.0,2.912,
2/2/2026,2022.0,20230238.0,20149.0,30782.0,HARVEST MIDSTREAM COMPANY,Crude Oil,INTRASTATE,LOUISIANA,0.0,257.489,0.0,0.0,0.0,0.0,257.489,0.0,0.0,0.0,0.0,0.0,0.0,0.0,0.0,257.489,0.0,0.0,0.0,0.0,257.489,
2/2/2026,2022.0,20230238.0,20149.0,30782.0,HARVEST MIDSTREAM COMPANY,Crude Oil,INTRASTATE,TEXAS,0.0,453.787,0.0,0.0,0.0,0.0,453.787,0.0,0.0,0.0,0.0,0.0,0.0,0.0,0.0,453.787,0.0,0.0,0.0,0.0,453.787,
2/2/2026,2022.0,20230262.0,20173.0,30792.0,LAMAR OIL & GAS,Crude Oil,INTRASTATE,TEXAS,0.0,0.0,0.0,0.0,0.0,0.0,0.0,0.0,8.71,0.0,0.0,0.0,0.0,8.71,0.0,8.71,0.0,0.0,0.0,0.0,8.71,
2/2/2026,2022.0,20230035.0,19919.0,30825.0,CITGO PETROLEUM CORPORATION (REFINERY),HVL,INTRASTATE,LOUISIANA,0.0,6.24,0.0,0.0,0.0,0.0,6.24,0.0,0.0,0.0,0.0,0.0,0.0,0.0,0.0,6.24,0.0,0.0,0.0,0.0,6.24,
2/2/2026,2022.0,20230297.0,20988.0,30826.0,WILLIAMS FIELD SERVICES,HVL,INTERSTATE,COLORADO,0.0,393.936,0.0,0.0,0.0,0.0,393.936,0.0,0.0,0.0,0.0,0.0,0.0,0.0,0.0,393.936,0.0,0.0,0.0,0.0,393.936,
2/2/2026,2022.0,20230297.0,20988.0,30826.0,WILLIAMS FIELD SERVICES,HVL,INTERSTATE,KANSAS,0.0,261.253,0.0,0.0,0.0,0.0,261.253,0.0,0.0,0.0,0.0,0.0,0.0,0.0,0.0,261.253,0.0,0.0,0.0,0.0,261.253,
2/2/2026,2022.0,20230297.0,20988.0,30826.0,WILLIAMS FIELD SERVICES,HVL,INTERSTATE,OHIO,0.0,50.421,0.0,0.0,0.0,0.0,50.421,0.0,0.0,0.0,0.0,0.0,0.0,0.0,0.0,50.421,0.0,0.0,0.0,0.0,50.421,
2/2/2026,2022.0,20230297.0,20988.0,30826.0,WILLIAMS FIELD SERVICES,HVL,INTERSTATE,PENNSYLVANIA,0.0,31.345,0.0,0.0,0.0,0.0,31.345,0.0,0.0,0.0,0.0,0.0,0.0,0.0,0.0,31.345,0.0,0.0,0.0,0.0,31.345,
2/2/2026,2022.0,20230297.0,20988.0,30826.0,WILLIAMS FIELD SERVICES,HVL,INTERSTATE,WEST VIRGINIA,0.0,19.146,0.0,0.0,0.0,0.0,19.146,0.0,0.0,0.0,0.0,0.0,0.0,0.0,0.0,19.146,0.0,0.0,0.0,0.0,19.146,
2/2/2026,2022.0,20230297.0,20988.0,30826.0,WILLIAMS FIELD SERVICES,HVL,INTERSTATE,WYOMING,0.0,386.005,0.0,0.0,0.0,0.0,386.005,0.0,0.0,0.0,0.0,0.0,0.0,0.0,0.0,386.005,0.0,0.0,0.0,0.0,386.005,
2/2/2026,2022.0,20230297.0,20988.0,30826.0,WILLIAMS FIELD SERVICES,HVL,INTRASTATE,COLORADO,0.0,36.236,0.0,0.0,0.0,0.0,36.236,0.0,0.0,0.0,0.0,0.0,0.0,0.0,0.0,36.236,0.0,0.0,0.0,0.0,36.236,
2/2/2026,2022.0,20230297.0,20988.0,30826.0,WILLIAMS FIELD SERVICES,HVL,INTRASTATE,WEST VIRGINIA,0.0,27.652,0.0,0.0,0.0,0.0,27.652,0.0,0.0,0.0,0.0,0.0,0.0,0.0,0.0,27.652,0.0,0.0,0.0,0.0,27.652,
2/2/2026,2022.0,20230555.0,20479.0,30829.0,ENTERPRISE CRUDE PIPELINE LLC,Crude Oil,INTERSTATE,NEW MEXICO,5.547,82.306,0.0,0.0,0.0,0.0,87.853,0.0,0.0,0.0,0.0,0.0,0.0,0.0,5.547,82.306,0.0,0.0,0.0,0.0,87.853,
2/2/2026,2022.0,20230555.0,20479.0,30829.0,ENTERPRISE CRUDE PIPELINE LLC,Crude Oil,INTERSTATE,OKLAHOMA,0.0,320.592,0.0,0.0,0.0,0.0,320.592,0.0,0.0,0.0,0.0,0.0,0.0,0.0,0.0,320.592,0.0,0.0,0.0,0.0,320.592,
2/2/2026,2022.0,20230555.0,20479.0,30829.0,ENTERPRISE CRUDE PIPELINE LLC,Crude Oil,INTERSTATE,TEXAS,106.949,1555.521,0.0,0.0,0.0,0.0,1662.47,0.0,0.0,0.0,0.0,0.0,0.0,0.0,106.949,1555.521,0.0,0.0,0.0,0.0,1662.47,
2/2/2026,2022.0,20230555.0,20479.0,30829.0,ENTERPRISE CRUDE PIPELINE LLC,Crude Oil,INTRASTATE,NEW MEXICO,0.0,1.782,0.0,0.0,0.0,0.0,1.782,0.0,0.0,0.0,0.0,0.0,0.0,0.0,0.0,1.782,0.0,0.0,0.0,0.0,1.782,
2/2/2026,2022.0,20230555.0,20479.0,30829.0,ENTERPRISE CRUDE PIPELINE LLC,Crude Oil,INTRASTATE,TEXAS,1.849,1481.464,0.0,0.0,0.0,0.0,1483.313,0.0,0.0,0.0,0.0,0.0,0.0,0.0,1.849,1481.464,0.0,0.0,0.0,0.0,1483.313,
2/2/2026,2022.0,20230556.0,21075.0,30829.0,ENTERPRISE CRUDE PIPELINE LLC,Refined and/or Petroleum Product (non-HVL),INTERSTATE,TEXAS,0.0,21.344,0.0,0.0,0.0,0.0,21.344,0.0,0.0,0.0,0.0,0.0,0.0,0.0,0.0,21.344,0.0,0.0,0.0,0.0,21.344,
2/2/2026,2022.0,20230556.0,21075.0,30829.0,ENTERPRISE CRUDE PIPELINE LLC,Refined and/or Petroleum Product (non-HVL),INTRASTATE,TEXAS,0.0,1.917,0.0,0.0,0.0,0.0,1.917,0.0,0.0,0.0,0.0,0.0,0.0,0.0,0.0,1.917,0.0,0.0,0.0,0.0,1.917,
2/2/2026,2022.0,20230572.0,20496.0,30834.0,TIDELANDS OIL PRODUCTION COMPANY,Crude Oil,INTRASTATE,CALIFORNIA,0.0,2.06,0.0,0.0,0.0,0.0,2.06,0.0,0.0,0.0,0.0,0.0,0.0,0.0,0.0,2.06,0.0,0.0,0.0,0.0,2.06,
2/2/2026,2022.0,20230179.0,20089.0,30901.0,MENZIES AVIATION,Refined and/or Petroleum Product (non-HVL),INTRASTATE,ALASKA,0.0,7.6,0.0,0.0,0.0,0.0,7.6,0.0,0.0,0.0,0.0,0.0,0.0,0.0,0.0,7.6,0.0,0.0,0.0,0.0,7.6,
2/2/2026,2022.0,20230530.0,20454.0,30909.0,TRANSMONTAIGNE OPERATING COMPANY L.P.,Crude Oil,INTRASTATE,CALIFORNIA,0.0,1.9,0.0,0.0,0.0,0.0,1.9,0.0,0.0,0.0,0.0,0.0,0.0,0.0,0.0,1.9,0.0,0.0,0.0,0.0,1.9,
2/2/2026,2022.0,20230594.0,20518.0,30909.0,TRANSMONTAIGNE OPERATING COMPANY L.P.,Refined and/or Petroleum Product (non-HVL),INTRASTATE,CALIFORNIA,0.0,6.3,0.0,0.0,0.0,0.0,6.3,0.0,0.0,0.0,0.0,0.0,0.0,0.0,0.0,6.3,0.0,0.0,0.0,0.0,6.3,
2/2/2026,2022.0,20230594.0,20518.0,30909.0,TRANSMONTAIGNE OPERATING COMPANY L.P.,Refined and/or Petroleum Product (non-HVL),INTRASTATE,GEORGIA,0.0,0.58,0.0,0.0,0.0,0.0,0.58,0.0,0.0,0.0,0.0,0.0,0.0,0.0,0.0,0.58,0.0,0.0,0.0,0.0,0.58,
2/2/2026,2022.0,20230594.0,20518.0,30909.0,TRANSMONTAIGNE OPERATING COMPANY L.P.,Refined and/or Petroleum Product (non-HVL),INTRASTATE,MISSISSIPPI,0.0,40.59,0.0,0.0,0.0,0.0,40.59,0.0,0.0,0.0,0.0,0.0,0.0,0.0,0.0,40.59,0.0,0.0,0.0,0.0,40.59,
2/2/2026,2022.0,20230594.0,20518.0,30909.0,TRANSMONTAIGNE OPERATING COMPANY L.P.,Refined and/or Petroleum Product (non-HVL),INTRASTATE,TEXAS,0.0,32.74,0.0,0.0,0.0,0.0,32.74,0.0,0.0,0.0,0.0,0.0,0.0,0.0,0.0,32.74,0.0,0.0,0.0,0.0,32.74,
2/2/2026,2022.0,20230274.0,20185.0,30940.0,"WILLIAMS ENERGY, LLC",HVL,INTRASTATE,LOUISIANA,0.0,23.58,0.0,0.0,0.0,0.0,23.58,0.0,0.0,0.0,0.0,0.0,0.0,0.0,0.0,23.58,0.0,0.0,0.0,0.0,23.58,
2/2/2026,2022.0,20230136.0,20045.0,30959.0,THE DOW CHEMICAL COMPANY,HVL,INTRASTATE,TEXAS,0.0,88.76,0.0,0.0,0.0,0.0,88.76,0.0,0.0,0.0,0.0,0.0,0.0,0.0,0.0,88.76,0.0,0.0,0.0,0.0,88.76,
2/2/2026,2022.0,20230138.0,20047.0,30959.0,THE DOW CHEMICAL COMPANY,Refined and/or Petroleum Product (non-HVL),INTRASTATE,TEXAS,0.0,70.39,0.0,0.0,0.0,0.0,70.39,0.0,0.0,0.0,0.0,0.0,0.0,0.0,0.0,70.39,0.0,0.0,0.0,0.0,70.39,
2/2/2026,2022.0,20230335.0,20249.0,31023.0,CITGO REFINING & CHEMICAL CO. L.P.,Crude Oil,INTRASTATE,TEXAS,0.0,4.1,0.0,0.0,0.0,0.0,4.1,0.0,0.0,0.0,0.0,0.0,0.0,0.0,0.0,4.1,0.0,0.0,0.0,0.0,4.1,
2/2/2026,2022.0,20230337.0,20251.0,31023.0,CITGO REFINING & CHEMICAL CO. L.P.,HVL,INTRASTATE,TEXAS,0.0,5.86,0.0,0.0,0.0,0.0,5.86,0.0,0.0,0.0,0.0,0.0,0.0,0.0,0.0,5.86,0.0,0.0,0.0,0.0,5.86,
2/2/2026,2022.0,20230338.0,20252.0,31023.0,CITGO REFINING & CHEMICAL CO. L.P.,Refined and/or Petroleum Product (non-HVL),INTRASTATE,TEXAS,0.0,48.6,0.0,0.0,0.0,0.0,48.6,0.0,0.0,0.0,0.0,0.0,0.0,0.0,0.0,48.6,0.0,0.0,0.0,0.0,48.6,
2/2/2026,2022.0,20230171.0,20081.0,31045.0,"GENESIS PIPELINE USA, L.P.",Crude Oil,INTERSTATE,ALABAMA,0.0,68.42,0.0,0.0,0.0,0.0,68.42,0.0,0.0,0.0,0.0,0.0,0.0,0.0,0.0,68.42,0.0,0.0,0.0,0.0,68.42,
2/2/2026,2022.0,20230171.0,20081.0,31045.0,"GENESIS PIPELINE USA, L.P.",Crude Oil,INTERSTATE,FLORIDA,0.0,43.61,0.0,0.0,0.0,0.0,43.61,0.0,0.0,0.0,0.0,0.0,0.0,0.0,0.0,43.61,0.0,0.0,0.0,0.0,43.61,
2/2/2026,2022.0,20230171.0,20081.0,31045.0,"GENESIS PIPELINE USA, L.P.",Crude Oil,INTERSTATE,LOUISIANA,0.0,38.12,0.0,0.0,0.0,0.0,38.12,0.0,0.0,0.0,0.0,0.0,0.0,0.0,0.0,38.12,0.0,0.0,0.0,0.0,38.12,
2/2/2026,2022.0,20230171.0,20081.0,31045.0,"GENESIS PIPELINE USA, L.P.",Crude Oil,INTERSTATE,MISSISSIPPI,0.0,204.63,0.0,0.0,0.0,0.0,204.63,0.0,0.0,0.0,0.0,0.0,0.0,0.0,0.0,204.63,0.0,0.0,0.0,0.0,204.63,
2/2/2026,2022.0,20230095.0,19997.0,31049.0,MCCHORD PIPELINE CO.,Refined and/or Petroleum Product (non-HVL),INTRASTATE,WASHINGTON,0.0,14.25,0.0,0.0,0.0,0.0,14.25,0.0,0.0,0.0,0.0,0.0,0.0,0.0,0.0,14.25,0.0,0.0,0.0,0.0,14.25,
2/2/2026,2022.0,20230193.0,20103.0,31051.0,"TIDEWATER, INC",Refined and/or Petroleum Product (non-HVL),INTRASTATE,OREGON,0.0,10.56,0.0,0.0,0.0,0.0,10.56,0.0,0.0,0.0,0.0,0.0,0.0,0.0,0.0,10.56,0.0,0.0,0.0,0.0,10.56,
2/2/2026,2022.0,20230193.0,20103.0,31051.0,"TIDEWATER, INC",Refined and/or Petroleum Product (non-HVL),INTRASTATE,WASHINGTON,0.0,6.83,0.0,0.0,0.0,0.0,6.83,0.0,0.0,0.0,0.0,0.0,0.0,0.0,0.0,6.83,0.0,0.0,0.0,0.0,6.83,
2/2/2026,2022.0,20230083.0,19983.0,31056.0,"SIGNATURE FLIGHT SUPPORT, M&O _ HONOLULU",Refined and/or Petroleum Product (non-HVL),INTRASTATE,HAWAII,0.0,6.0,0.0,0.0,0.0,0.0,6.0,0.0,0.0,0.0,0.0,0.0,0.0,0.0,0.0,6.0,0.0,0.0,0.0,0.0,6.0,
2/2/2026,2022.0,20230099.0,20848.0,31057.0,"HECO - HAWAIIAN ELECTRIC COMPANY, INC.",Refined and/or Petroleum Product (non-HVL),INTRASTATE,HAWAII,0.0,18.02,0.0,0.0,0.0,0.0,18.02,0.0,0.0,0.0,0.0,0.0,0.0,0.0,0.0,18.02,0.0,0.0,0.0,0.0,18.02,
2/2/2026,2022.0,20230522.0,20446.0,31059.0,BASF CORPORATION,HVL,INTRASTATE,TEXAS,0.0,10.23,0.0,0.0,0.0,0.0,10.23,0.0,0.0,0.0,0.0,0.0,0.0,0.0,0.0,10.23,0.0,0.0,0.0,0.0,10.23,
2/2/2026,2022.0,20230653.0,20748.0,31075.0,E&B NATURAL RESOURCES MANAGEMENT CORP,Crude Oil,INTRASTATE,CALIFORNIA,0.0,8.23,0.0,0.0,0.0,0.0,8.23,0.0,0.0,0.0,0.0,0.0,0.0,0.0,0.0,8.23,0.0,0.0,0.0,0.0,8.23,
2/2/2026,2022.0,20230090.0,19992.0,31083.0,HAWAII ELECTRIC LIGHT,Refined and/or Petroleum Product (non-HVL),INTRASTATE,HAWAII,0.0,2.0,0.0,0.0,0.0,0.0,2.0,0.0,0.0,0.0,0.0,0.0,0.0,0.0,0.0,2.0,0.0,0.0,0.0,0.0,2.0,
2/2/2026,2022.0,20230049.0,19968.0,31130.0,DCP MIDSTREAM,HVL,INTERSTATE,COLORADO,0.0,220.595,0.0,0.0,0.0,0.0,220.595,0.0,0.0,0.0,0.0,0.0,0.0,0.0,0.0,220.595,0.0,0.0,0.0,0.0,220.595,
2/2/2026,2022.0,20230049.0,19968.0,31130.0,DCP MIDSTREAM,HVL,INTERSTATE,KANSAS,0.0,232.155,0.0,0.0,0.0,0.0,232.155,0.0,0.0,0.0,0.0,0.0,0.0,0.0,0.0,232.155,0.0,0.0,0.0,0.0,232.155,
2/2/2026,2022.0,20230049.0,19968.0,31130.0,DCP MIDSTREAM,HVL,INTERSTATE,LOUISIANA,0.0,175.554,0.0,0.0,0.0,0.0,175.554,0.0,0.0,0.0,0.0,0.0,0.0,0.0,0.0,175.554,0.0,0.0,0.0,0.0,175.554,
2/2/2026,2022.0,20230049.0,19968.0,31130.0,DCP MIDSTREAM,HVL,INTERSTATE,NEW MEXICO,0.0,45.456,0.0,0.0,0.0,0.0,45.456,0.0,0.0,0.0,0.0,0.0,0.0,0.0,0.0,45.456,0.0,0.0,0.0,0.0,45.456,
2/2/2026,2022.0,20230049.0,19968.0,31130.0,DCP MIDSTREAM,HVL,INTERSTATE,OKLAHOMA,0.0,553.074,0.0,0.0,0.0,0.0,553.074,0.0,0.0,0.0,0.0,0.0,0.0,0.0,0.0,553.074,0.0,0.0,0.0,0.0,553.074,
2/2/2026,2022.0,20230049.0,19968.0,31130.0,DCP MIDSTREAM,HVL,INTERSTATE,TEXAS,0.0,542.129,0.0,0.0,0.0,0.0,542.129,0.0,0.0,0.0,0.0,0.0,0.0,0.0,0.0,542.129,0.0,0.0,0.0,0.0,542.129,
2/2/2026,2022.0,20230049.0,19968.0,31130.0,DCP MIDSTREAM,HVL,INTRASTATE,COLORADO,0.0,53.841,0.0,0.0,0.0,0.0,53.841,0.0,0.0,0.0,0.0,0.0,0.0,0.0,0.0,53.841,0.0,0.0,0.0,0.0,53.841,
2/2/2026,2022.0,20230049.0,19968.0,31130.0,DCP MIDSTREAM,HVL,INTRASTATE,MICHIGAN,0.0,5.233,0.0,0.0,0.0,0.0,5.233,0.0,0.0,0.0,0.0,0.0,0.0,0.0,0.0,5.233,0.0,0.0,0.0,0.0,5.233,
2/2/2026,2022.0,20230049.0,19968.0,31130.0,DCP MIDSTREAM,HVL,INTRASTATE,TEXAS,0.0,1467.608,0.0,0.0,0.0,0.0,1467.608,0.0,0.0,0.0,0.0,0.0,0.0,0.0,0.0,1467.608,0.0,0.0,0.0,0.0,1467.608,
2/2/2026,2022.0,20230048.0,19935.0,31130.0,DCP MIDSTREAM,Refined and/or Petroleum Product (non-HVL),INTRASTATE,NEW MEXICO,0.0,3.008,0.0,0.0,0.0,0.0,3.008,0.0,0.0,0.0,0.0,0.0,0.0,0.0,0.0,3.008,0.0,0.0,0.0,0.0,3.008,
2/2/2026,2022.0,20230149.0,20058.0,31135.0,PETRO-DIAMOND TERMINAL COMPANY,Refined and/or Petroleum Product (non-HVL),INTRASTATE,CALIFORNIA,0.0,1.44,0.0,0.0,0.0,0.0,1.44,0.0,0.0,0.0,0.0,0.0,0.0,0.0,0.0,1.44,0.0,0.0,0.0,0.0,1.44,
2/2/2026,2022.0,20230364.0,20280.0,31136.0,WICKLAND PIPELINES LLC,Refined and/or Petroleum Product (non-HVL),INTRASTATE,CALIFORNIA,0.0,17.57,0.0,0.0,0.0,0.0,17.57,0.0,0.0,0.0,0.0,0.0,0.0,0.0,0.0,17.57,0.0,0.0,0.0,0.0,17.57,
2/2/2026,2022.0,20230575.0,20499.0,31166.0,MUSTANG  PIPE  LINE  LLC,Crude Oil,INTERSTATE,ILLINOIS,0.0,209.7,0.0,0.0,0.0,0.0,209.7,0.0,0.0,0.0,0.0,0.0,0.0,0.0,0.0,209.7,0.0,0.0,0.0,0.0,209.7,
2/2/2026,2022.0,20230433.0,20353.0,31167.0,MOEM PIPELINE LLC,Crude Oil,INTERSTATE,LOUISIANA,0.0,55.91,0.0,0.0,0.0,0.0,55.91,0.0,0.0,0.0,0.0,0.0,0.0,0.0,0.0,55.91,0.0,0.0,0.0,0.0,55.91,
2/2/2026,2022.0,20230686.0,20613.0,31174.0,"SHELL PIPELINE CO., L.P.",Crude Oil,INTERSTATE,ILLINOIS,0.0,1.19,0.0,0.0,0.0,0.0,1.19,0.0,0.0,0.0,0.0,0.0,0.0,0.0,0.0,1.19,0.0,0.0,0.0,0.0,1.19,
2/2/2026,2022.0,20230686.0,20613.0,31174.0,"SHELL PIPELINE CO., L.P.",Crude Oil,INTERSTATE,LOUISIANA,0.0,674.88,0.0,0.0,0.0,0.0,674.88,0.0,65.45,0.0,0.0,0.0,0.0,65.45,0.0,740.33,0.0,0.0,0.0,0.0,740.33,
2/2/2026,2022.0,20230686.0,20613.0,31174.0,"SHELL PIPELINE CO., L.P.",Crude Oil,INTERSTATE,OCS-Gulf of Mexico,0.0,0.0,0.0,0.0,0.0,0.0,0.0,0.0,1272.2,0.0,0.0,0.0,0.0,1272.2,0.0,1272.2,0.0,0.0,0.0,0.0,1272.2,
2/2/2026,2022.0,20230686.0,20613.0,31174.0,"SHELL PIPELINE CO., L.P.",Crude Oil,INTERSTATE,TEXAS,0.0,116.59,0.0,0.0,0.0,0.0,116.59,0.0,0.0,0.0,0.0,0.0,0.0,0.0,0.0,116.59,0.0,0.0,0.0,0.0,116.59,
2/2/2026,2022.0,20230684.0,20611.0,31174.0,"SHELL PIPELINE CO., L.P.",HVL,INTERSTATE,LOUISIANA,0.0,331.17,0.0,0.0,0.0,0.0,331.17,0.0,0.0,0.0,0.0,0.0,0.0,0.0,0.0,331.17,0.0,0.0,0.0,0.0,331.17,
2/2/2026,2022.0,20230684.0,20611.0,31174.0,"SHELL PIPELINE CO., L.P.",HVL,INTERSTATE,OHIO,0.0,43.98,0.0,0.0,0.0,0.0,43.98,0.0,0.0,0.0,0.0,0.0,0.0,0.0,0.0,43.98,0.0,0.0,0.0,0.0,43.98,
2/2/2026,2022.0,20230684.0,20611.0,31174.0,"SHELL PIPELINE CO., L.P.",HVL,INTERSTATE,PENNSYLVANIA,0.0,45.95,0.0,0.0,0.0,0.0,45.95,0.0,0.0,0.0,0.0,0.0,0.0,0.0,0.0,45.95,0.0,0.0,0.0,0.0,45.95,
2/2/2026,2022.0,20230684.0,20611.0,31174.0,"SHELL PIPELINE CO., L.P.",HVL,INTERSTATE,TEXAS,0.0,114.35,0.0,0.0,0.0,0.0,114.35,0.0,0.0,0.0,0.0,0.0,0.0,0.0,0.0,114.35,0.0,0.0,0.0,0.0,114.35,
2/2/2026,2022.0,20230684.0,20611.0,31174.0,"SHELL PIPELINE CO., L.P.",HVL,INTERSTATE,WEST VIRGINIA,0.0,8.76,0.0,0.0,0.0,0.0,8.76,0.0,0.0,0.0,0.0,0.0,0.0,0.0,0.0,8.76,0.0,0.0,0.0,0.0,8.76,
2/2/2026,2022.0,20230684.0,20611.0,31174.0,"SHELL PIPELINE CO., L.P.",HVL,INTRASTATE,LOUISIANA,0.0,78.2,0.0,0.0,0.0,0.0,78.2,0.0,0.0,0.0,0.0,0.0,0.0,0.0,0.0,78.2,0.0,0.0,0.0,0.0,78.2,
2/2/2026,2022.0,20230684.0,20611.0,31174.0,"SHELL PIPELINE CO., L.P.",HVL,INTRASTATE,TEXAS,0.0,120.16,0.0,0.0,0.0,0.0,120.16,0.0,0.0,0.0,0.0,0.0,0.0,0.0,0.0,120.16,0.0,0.0,0.0,0.0,120.16,
2/2/2026,2022.0,20230685.0,20612.0,31174.0,"SHELL PIPELINE CO., L.P.",Refined and/or Petroleum Product (non-HVL),INTERSTATE,ILLINOIS,0.0,0.79,0.0,0.0,0.0,0.0,0.79,0.0,0.0,0.0,0.0,0.0,0.0,0.0,0.0,0.79,0.0,0.0,0.0,0.0,0.79,
2/2/2026,2022.0,20230685.0,20612.0,31174.0,"SHELL PIPELINE CO., L.P.",Refined and/or Petroleum Product (non-HVL),INTERSTATE,LOUISIANA,0.0,157.7,0.0,0.0,0.0,0.0,157.7,0.0,0.0,0.0,0.0,0.0,0.0,0.0,0.0,157.7,0.0,0.0,0.0,0.0,157.7,
2/2/2026,2022.0,20230685.0,20612.0,31174.0,"SHELL PIPELINE CO., L.P.",Refined and/or Petroleum Product (non-HVL),INTERSTATE,TEXAS,0.0,7.9,0.0,0.0,0.0,0.0,7.9,0.0,0.0,0.0,0.0,0.0,0.0,0.0,0.0,7.9,0.0,0.0,0.0,0.0,7.9,
2/2/2026,2022.0,20230685.0,20612.0,31174.0,"SHELL PIPELINE CO., L.P.",Refined and/or Petroleum Product (non-HVL),INTRASTATE,CALIFORNIA,0.0,60.55,0.0,0.0,0.0,0.0,60.55,0.0,0.0,0.0,0.0,0.0,0.0,0.0,0.0,60.55,0.0,0.0,0.0,0.0,60.55,
2/2/2026,2022.0,20230685.0,20612.0,31174.0,"SHELL PIPELINE CO., L.P.",Refined and/or Petroleum Product (non-HVL),INTRASTATE,ILLINOIS,0.0,5.89,0.0,0.0,0.0,0.0,5.89,0.0,0.0,0.0,0.0,0.0,0.0,0.0,0.0,5.89,0.0,0.0,0.0,0.0,5.89,
2/2/2026,2022.0,20230685.0,20612.0,31174.0,"SHELL PIPELINE CO., L.P.",Refined and/or Petroleum Product (non-HVL),INTRASTATE,LOUISIANA,0.0,10.63,0.0,0.0,0.0,0.0,10.63,0.0,0.0,0.0,0.0,0.0,0.0,0.0,0.0,10.63,0.0,0.0,0.0,0.0,10.63,
2/2/2026,2022.0,20230685.0,20612.0,31174.0,"SHELL PIPELINE CO., L.P.",Refined and/or Petroleum Product (non-HVL),INTRASTATE,TEXAS,0.0,29.44,0.0,0.0,0.0,0.0,29.44,0.0,0.0,0.0,0.0,0.0,0.0,0.0,0.0,29.44,0.0,0.0,0.0,0.0,29.44,
2/2/2026,2022.0,20230412.0,20329.0,31178.0,XTO ENERGY INC,CO2,INTRASTATE,TEXAS,0.0,24.9,0.0,0.0,0.0,0.0,24.9,0.0,0.0,0.0,0.0,0.0,0.0,0.0,0.0,24.9,0.0,0.0,0.0,0.0,24.9,
2/2/2026,2022.0,20230667.0,20593.0,31178.0,XTO ENERGY INC,Crude Oil,INTRASTATE,NEW MEXICO,0.0,141.7,0.0,0.0,0.0,0.0,141.7,0.0,0.0,0.0,0.0,0.0,0.0,0.0,0.0,141.7,0.0,0.0,0.0,0.0,141.7,
2/2/2026,2022.0,20230667.0,20593.0,31178.0,XTO ENERGY INC,Crude Oil,INTRASTATE,TEXAS,0.0,12.5,0.0,0.0,0.0,7.12,19.62,0.0,0.0,0.0,0.0,0.0,0.0,0.0,0.0,12.5,0.0,0.0,0.0,7.12,19.62,
2/2/2026,2022.0,20230525.0,20567.0,31178.0,XTO ENERGY INC,HVL,INTRASTATE,LOUISIANA,0.0,12.1,0.0,0.0,0.0,0.0,12.1,0.0,0.0,0.0,0.0,0.0,0.0,0.0,0.0,12.1,0.0,0.0,0.0,0.0,12.1,
2/2/2026,2022.0,20230525.0,20567.0,31178.0,XTO ENERGY INC,HVL,INTRASTATE,NEW MEXICO,0.0,89.45,0.0,0.0,0.0,0.0,89.45,0.0,0.0,0.0,0.0,0.0,0.0,0.0,0.0,89.45,0.0,0.0,0.0,0.0,89.45,
2/2/2026,2022.0,20230525.0,20567.0,31178.0,XTO ENERGY INC,HVL,INTRASTATE,TEXAS,0.0,3.6,0.0,0.0,0.0,0.0,3.6,0.0,0.0,0.0,0.0,0.0,0.0,0.0,0.0,3.6,0.0,0.0,0.0,0.0,3.6,
2/2/2026,2022.0,20230158.0,20067.0,31189.0,BP PIPELINE (NORTH AMERICA) INC.,Crude Oil,INTERSTATE,ILLINOIS,0.0,519.4,0.0,0.0,0.0,0.0,519.4,0.0,0.0,0.0,0.0,0.0,0.0,0.0,0.0,519.4,0.0,0.0,0.0,0.0,519.4,
2/2/2026,2022.0,20230158.0,20067.0,31189.0,BP PIPELINE (NORTH AMERICA) INC.,Crude Oil,INTERSTATE,INDIANA,0.0,41.2,0.0,0.0,0.0,0.0,41.2,0.0,0.0,0.0,0.0,0.0,0.0,0.0,0.0,41.2,0.0,0.0,0.0,0.0,41.2,
2/2/2026,2022.0,20230158.0,20067.0,31189.0,BP PIPELINE (NORTH AMERICA) INC.,Crude Oil,INTERSTATE,IOWA,0.0,16.0,0.0,0.0,0.0,0.0,16.0,0.0,0.0,0.0,0.0,0.0,0.0,0.0,0.0,16.0,0.0,0.0,0.0,0.0,16.0,
2/2/2026,2022.0,20230158.0,20067.0,31189.0,BP PIPELINE (NORTH AMERICA) INC.,Crude Oil,INTERSTATE,KANSAS,0.0,132.4,0.0,0.0,0.0,0.0,132.4,0.0,0.0,0.0,0.0,0.0,0.0,0.0,0.0,132.4,0.0,0.0,0.0,0.0,132.4,
2/2/2026,2022.0,20230158.0,20067.0,31189.0,BP PIPELINE (NORTH AMERICA) INC.,Crude Oil,INTERSTATE,MISSOURI,0.0,217.1,0.0,0.0,0.0,0.0,217.1,0.0,0.0,0.0,0.0,0.0,0.0,0.0,0.0,217.1,0.0,0.0,0.0,0.0,217.1,
2/2/2026,2022.0,20230158.0,20067.0,31189.0,BP PIPELINE (NORTH AMERICA) INC.,Crude Oil,INTERSTATE,OKLAHOMA,0.0,88.8,0.0,0.0,0.0,0.0,88.8,0.0,0.0,0.0,0.0,0.0,0.0,0.0,0.0,88.8,0.0,0.0,0.0,0.0,88.8,
2/2/2026,2022.0,20230158.0,20067.0,31189.0,BP PIPELINE (NORTH AMERICA) INC.,Crude Oil,INTRASTATE,WASHINGTON,0.0,5.3,0.0,0.0,0.0,0.0,5.3,0.0,0.0,0.0,0.0,0.0,0.0,0.0,0.0,5.3,0.0,0.0,0.0,0.0,5.3,
2/2/2026,2022.0,20230156.0,20065.0,31189.0,BP PIPELINE (NORTH AMERICA) INC.,HVL,INTERSTATE,INDIANA,0.0,1.7,0.0,0.0,0.0,0.0,1.7,0.0,0.0,0.0,0.0,0.0,0.0,0.0,0.0,1.7,0.0,0.0,0.0,0.0,1.7,
2/2/2026,2022.0,20230156.0,20065.0,31189.0,BP PIPELINE (NORTH AMERICA) INC.,HVL,INTRASTATE,WASHINGTON,0.0,4.9,0.0,0.0,0.0,0.0,4.9,0.0,0.0,0.0,0.0,0.0,0.0,0.0,0.0,4.9,0.0,0.0,0.0,0.0,4.9,
2/2/2026,2022.0,20230157.0,20066.0,31189.0,BP PIPELINE (NORTH AMERICA) INC.,Refined and/or Petroleum Product (non-HVL),INTERSTATE,ALABAMA,0.0,26.1,0.0,0.0,0.0,0.0,26.1,0.0,0.0,0.0,0.0,0.0,0.0,0.0,0.0,26.1,0.0,0.0,0.0,0.0,26.1,
2/2/2026,2022.0,20230157.0,20066.0,31189.0,BP PIPELINE (NORTH AMERICA) INC.,Refined and/or Petroleum Product (non-HVL),INTERSTATE,ILLINOIS,0.0,147.6,0.0,0.0,0.0,0.0,147.6,0.0,0.0,0.0,0.0,0.0,0.0,0.0,0.0,147.6,0.0,0.0,0.0,0.0,147.6,
2/2/2026,2022.0,20230157.0,20066.0,31189.0,BP PIPELINE (NORTH AMERICA) INC.,Refined and/or Petroleum Product (non-HVL),INTERSTATE,INDIANA,0.0,140.9,0.0,0.0,0.0,0.0,140.9,0.0,0.0,0.0,0.0,0.0,0.0,0.0,0.0,140.9,0.0,0.0,0.0,0.0,140.9,
2/2/2026,2022.0,20230157.0,20066.0,31189.0,BP PIPELINE (NORTH AMERICA) INC.,Refined and/or Petroleum Product (non-HVL),INTERSTATE,KANSAS,0.0,72.5,0.0,0.0,0.0,0.0,72.5,0.0,0.0,0.0,0.0,0.0,0.0,0.0,0.0,72.5,0.0,0.0,0.0,0.0,72.5,
2/2/2026,2022.0,20230157.0,20066.0,31189.0,BP PIPELINE (NORTH AMERICA) INC.,Refined and/or Petroleum Product (non-HVL),INTERSTATE,KENTUCKY,0.0,97.4,0.0,0.0,0.0,0.0,97.4,0.0,0.0,0.0,0.0,0.0,0.0,0.0,0.0,97.4,0.0,0.0,0.0,0.0,97.4,
2/2/2026,2022.0,20230157.0,20066.0,31189.0,BP PIPELINE (NORTH AMERICA) INC.,Refined and/or Petroleum Product (non-HVL),INTERSTATE,MISSOURI,0.0,7.1,0.0,0.0,0.0,0.0,7.1,0.0,0.0,0.0,0.0,0.0,0.0,0.0,0.0,7.1,0.0,0.0,0.0,0.0,7.1,
2/2/2026,2022.0,20230157.0,20066.0,31189.0,BP PIPELINE (NORTH AMERICA) INC.,Refined and/or Petroleum Product (non-HVL),INTERSTATE,TENNESSEE,0.0,128.6,0.0,0.0,0.0,0.0,128.6,0.0,0.0,0.0,0.0,0.0,0.0,0.0,0.0,128.6,0.0,0.0,0.0,0.0,128.6,
2/2/2026,2022.0,20230151.0,20060.0,31199.0,ALLIANCE PIPELINE L.P.,HVL,INTRASTATE,NORTH DAKOTA,0.0,0.26,0.0,0.0,0.0,0.0,0.26,0.0,0.0,0.0,0.0,0.0,0.0,0.0,0.0,0.26,0.0,0.0,0.0,0.0,0.26,
2/2/2026,2022.0,20230461.0,20381.0,31202.0,"ENABLE MIDSTREAM PARTNERS, LP",HVL,INTRASTATE,TEXAS,0.0,57.92,0.0,0.0,0.0,0.0,57.92,0.0,0.0,0.0,0.0,0.0,0.0,0.0,0.0,57.92,0.0,0.0,0.0,0.0,57.92,
2/2/2026,2022.0,20230462.0,20382.0,31202.0,"ENABLE MIDSTREAM PARTNERS, LP",Refined and/or Petroleum Product (non-HVL),INTRASTATE,TEXAS,0.0,44.87,0.0,0.0,0.0,0.0,44.87,0.0,0.0,0.0,0.0,0.0,0.0,0.0,0.0,44.87,0.0,0.0,0.0,0.0,44.87,
2/2/2026,2022.0,20230573.0,20497.0,31228.0,"CALIFORNIA RESOURCES ELK HILLS, LLC",HVL,INTRASTATE,CALIFORNIA,0.0,2.8,0.0,19.33,0.0,0.0,22.13,0.0,0.0,0.0,0.0,0.0,0.0,0.0,0.0,2.8,0.0,19.33,0.0,0.0,22.13,
2/2/2026,2022.0,20230574.0,20498.0,31228.0,"CALIFORNIA RESOURCES ELK HILLS, LLC",Refined and/or Petroleum Product (non-HVL),INTRASTATE,CALIFORNIA,0.0,1.4,0.0,9.69,0.0,0.0,11.09,0.0,0.0,0.0,0.0,0.0,0.0,0.0,0.0,1.4,0.0,9.69,0.0,0.0,11.09,
2/2/2026,2022.0,20230654.0,20580.0,31256.0,"JGE GAS SOLUTIONS, LP",HVL,INTRASTATE,TEXAS,0.0,36.691,0.0,0.0,0.0,0.0,36.691,0.0,0.0,0.0,0.0,0.0,0.0,0.0,0.0,36.691,0.0,0.0,0.0,0.0,36.691,
2/2/2026,2022.0,20230134.0,21603.0,31285.0,HOUSTON AMMONIA TERMINAL,HVL,INTRASTATE,TEXAS,0.0,6.2,0.0,0.0,0.0,0.0,6.2,0.0,0.0,0.0,0.0,0.0,0.0,0.0,0.0,6.2,0.0,0.0,0.0,0.0,6.2,
2/2/2026,2022.0,20230013.0,19890.0,31312.0,WEST PHOENIX POWER PLANT,Refined and/or Petroleum Product (non-HVL),INTRASTATE,ARIZONA,0.0,2.0,0.0,0.0,0.0,0.0,2.0,0.0,0.0,0.0,0.0,0.0,0.0,0.0,0.0,2.0,0.0,0.0,0.0,0.0,2.0,
2/2/2026,2022.0,20230503.0,20424.0,31371.0,"BUCKEYE DEVELOPMENT & LOGISTICS, LLC",Crude Oil,INTRASTATE,TEXAS,0.0,22.566,0.0,0.0,0.0,0.0,22.566,0.0,0.0,0.0,0.0,0.0,0.0,0.0,0.0,22.566,0.0,0.0,0.0,0.0,22.566,
2/2/2026,2022.0,20230504.0,20425.0,31371.0,"BUCKEYE DEVELOPMENT & LOGISTICS, LLC",HVL,INTERSTATE,LOUISIANA,0.0,32.165,0.0,0.0,0.0,0.0,32.165,0.0,0.0,0.0,0.0,0.0,0.0,0.0,0.0,32.165,0.0,0.0,0.0,0.0,32.165,
2/2/2026,2022.0,20230504.0,20425.0,31371.0,"BUCKEYE DEVELOPMENT & LOGISTICS, LLC",HVL,INTERSTATE,MICHIGAN,0.0,6.01,0.0,0.0,0.0,0.0,6.01,0.0,0.0,0.0,0.0,0.0,0.0,0.0,0.0,6.01,0.0,0.0,0.0,0.0,6.01,
2/2/2026,2022.0,20230504.0,20425.0,31371.0,"BUCKEYE DEVELOPMENT & LOGISTICS, LLC",HVL,INTERSTATE,TEXAS,0.0,78.578,0.0,0.0,0.0,0.0,78.578,0.0,0.0,0.0,0.0,0.0,0.0,0.0,0.0,78.578,0.0,0.0,0.0,0.0,78.578,
2/2/2026,2022.0,20230504.0,20425.0,31371.0,"BUCKEYE DEVELOPMENT & LOGISTICS, LLC",HVL,INTRASTATE,LOUISIANA,0.0,22.997,0.0,0.0,0.0,0.0,22.997,0.0,0.0,0.0,0.0,0.0,0.0,0.0,0.0,22.997,0.0,0.0,0.0,0.0,22.997,
2/2/2026,2022.0,20230504.0,20425.0,31371.0,"BUCKEYE DEVELOPMENT & LOGISTICS, LLC",HVL,INTRASTATE,TEXAS,0.0,563.697,0.0,0.0,0.0,0.0,563.697,0.0,0.0,0.0,0.0,0.0,0.0,0.0,0.0,563.697,0.0,0.0,0.0,0.0,563.697,
2/2/2026,2022.0,20230505.0,20704.0,31371.0,"BUCKEYE DEVELOPMENT & LOGISTICS, LLC",Refined and/or Petroleum Product (non-HVL),INTERSTATE,FLORIDA,0.0,37.557,0.0,0.0,0.0,0.0,37.557,0.0,0.0,0.0,0.0,0.0,0.0,0.0,0.0,37.557,0.0,0.0,0.0,0.0,37.557,
2/2/2026,2022.0,20230505.0,20704.0,31371.0,"BUCKEYE DEVELOPMENT & LOGISTICS, LLC",Refined and/or Petroleum Product (non-HVL),INTERSTATE,NEVADA,0.0,3.035,0.0,0.0,0.0,0.0,3.035,0.0,0.0,0.0,0.0,0.0,0.0,0.0,0.0,3.035,0.0,0.0,0.0,0.0,3.035,
2/2/2026,2022.0,20230505.0,20704.0,31371.0,"BUCKEYE DEVELOPMENT & LOGISTICS, LLC",Refined and/or Petroleum Product (non-HVL),INTERSTATE,TENNESSEE,0.0,14.951,0.0,0.0,0.0,0.0,14.951,0.0,0.0,0.0,0.0,0.0,0.0,0.0,0.0,14.951,0.0,0.0,0.0,0.0,14.951,
2/2/2026,2022.0,20230505.0,20704.0,31371.0,"BUCKEYE DEVELOPMENT & LOGISTICS, LLC",Refined and/or Petroleum Product (non-HVL),INTERSTATE,TEXAS,0.0,27.776,0.0,0.0,0.0,0.0,27.776,0.0,0.0,0.0,0.0,0.0,0.0,0.0,0.0,27.776,0.0,0.0,0.0,0.0,27.776,
2/2/2026,2022.0,20230505.0,20704.0,31371.0,"BUCKEYE DEVELOPMENT & LOGISTICS, LLC",Refined and/or Petroleum Product (non-HVL),INTRASTATE,CALIFORNIA,0.0,4.288,0.0,0.0,0.0,0.0,4.288,0.0,0.0,0.0,0.0,0.0,0.0,0.0,0.0,4.288,0.0,0.0,0.0,0.0,4.288,
2/2/2026,2022.0,20230505.0,20704.0,31371.0,"BUCKEYE DEVELOPMENT & LOGISTICS, LLC",Refined and/or Petroleum Product (non-HVL),INTRASTATE,TEXAS,0.0,6.78,0.0,0.0,0.0,0.0,6.78,0.0,0.0,0.0,0.0,0.0,0.0,0.0,0.0,6.78,0.0,0.0,0.0,0.0,6.78,
2/2/2026,2022.0,20230721.0,21523.0,31372.0,TICONA POLYMERS INC,Refined and/or Petroleum Product (non-HVL),INTRASTATE,TEXAS,0.0,48.34,0.0,0.0,0.0,0.0,48.34,0.0,0.0,0.0,0.0,0.0,0.0,0.0,0.0,48.34,0.0,0.0,0.0,0.0,48.34,
2/2/2026,2022.0,20230164.0,20073.0,31391.0,"LINDE GAS NORTH AMERICA, LLC",CO2,INTRASTATE,WYOMING,0.0,7.24,0.0,0.0,0.0,0.0,7.24,0.0,0.0,0.0,0.0,0.0,0.0,0.0,0.0,7.24,0.0,0.0,0.0,0.0,7.24,
2/2/2026,2022.0,20230593.0,20517.0,31420.0,VOPAK TERMINAL LOS ANGELES INC.,Refined and/or Petroleum Product (non-HVL),INTRASTATE,CALIFORNIA,0.0,10.67,0.0,0.0,0.0,0.0,10.67,0.0,0.0,0.0,0.0,0.0,0.0,0.0,0.0,10.67,0.0,0.0,0.0,0.0,10.67,
2/2/2026,2022.0,20230251.0,20162.0,31425.0,"PALO DURO PIPELINES (TEXAS GATHERING), L.P.",HVL,INTRASTATE,TEXAS,0.0,24.032,0.0,0.0,0.0,0.0,24.032,0.0,0.0,0.0,0.0,0.0,0.0,0.0,0.0,24.032,0.0,0.0,0.0,0.0,24.032,
2/2/2026,2022.0,20230237.0,20148.0,31434.0,PALMER PETROLEUM INC,Crude Oil,INTRASTATE,ALABAMA,0.0,6.0,0.0,0.0,0.0,0.0,6.0,0.0,0.0,0.0,0.0,0.0,0.0,0.0,0.0,6.0,0.0,0.0,0.0,0.0,6.0,
2/2/2026,2022.0,20230330.0,20244.0,31448.0,ENBRIDGE PIPELINES (TOLEDO) INC,Crude Oil,INTERSTATE,MICHIGAN,26.23,112.114,0.0,0.0,0.0,0.0,138.344,0.0,0.0,0.0,0.0,0.0,0.0,0.0,26.23,112.114,0.0,0.0,0.0,0.0,138.344,
2/2/2026,2022.0,20230330.0,20244.0,31448.0,ENBRIDGE PIPELINES (TOLEDO) INC,Crude Oil,INTERSTATE,OHIO,1.77,8.69,0.0,0.0,0.0,0.0,10.46,0.0,0.0,0.0,0.0,0.0,0.0,0.0,1.77,8.69,0.0,0.0,0.0,0.0,10.46,
2/2/2026,2022.0,20230246.0,20157.0,31451.0,KINDER MORGAN TEXAS PIPELINE CO,Refined and/or Petroleum Product (non-HVL),INTRASTATE,TEXAS,0.0,3.27,0.0,0.0,0.0,0.0,3.27,0.0,0.0,0.0,0.0,0.0,0.0,0.0,0.0,3.27,0.0,0.0,0.0,0.0,3.27,
2/2/2026,2022.0,20230543.0,20467.0,31454.0,"NUSTAR LOGISTICS, L.P.",Crude Oil,INTERSTATE,OKLAHOMA,0.0,82.7,0.0,0.0,0.0,0.0,82.7,0.0,0.0,0.0,0.0,0.0,0.0,0.0,0.0,82.7,0.0,0.0,0.0,0.0,82.7,
2/2/2026,2022.0,20230543.0,20467.0,31454.0,"NUSTAR LOGISTICS, L.P.",Crude Oil,INTERSTATE,TEXAS,0.0,63.6,0.0,0.0,0.0,0.0,63.6,0.0,0.0,0.0,0.0,0.0,0.0,0.0,0.0,63.6,0.0,0.0,0.0,0.0,63.6,
2/2/2026,2022.0,20230543.0,20467.0,31454.0,"NUSTAR LOGISTICS, L.P.",Crude Oil,INTRASTATE,TEXAS,0.0,739.3,0.0,0.0,0.0,0.0,739.3,0.0,0.0,0.0,0.0,0.0,0.0,0.0,0.0,739.3,0.0,0.0,0.0,0.0,739.3,
2/2/2026,2022.0,20230544.0,20468.0,31454.0,"NUSTAR LOGISTICS, L.P.",HVL,INTRASTATE,TEXAS,0.0,187.8,0.0,0.0,0.0,0.0,187.8,0.0,0.0,0.0,0.0,0.0,0.0,0.0,0.0,187.8,0.0,0.0,0.0,0.0,187.8,
2/2/2026,2022.0,20230542.0,20466.0,31454.0,"NUSTAR LOGISTICS, L.P.",Refined and/or Petroleum Product (non-HVL),INTERSTATE,COLORADO,0.0,273.0,0.0,0.0,0.0,0.0,273.0,0.0,0.0,0.0,0.0,0.0,0.0,0.0,0.0,273.0,0.0,0.0,0.0,0.0,273.0,
2/2/2026,2022.0,20230542.0,20466.0,31454.0,"NUSTAR LOGISTICS, L.P.",Refined and/or Petroleum Product (non-HVL),INTERSTATE,NEW MEXICO,0.0,542.7,0.0,0.0,0.0,0.0,542.7,0.0,0.0,0.0,0.0,0.0,0.0,0.0,0.0,542.7,0.0,0.0,0.0,0.0,542.7,
2/2/2026,2022.0,20230542.0,20466.0,31454.0,"NUSTAR LOGISTICS, L.P.",Refined and/or Petroleum Product (non-HVL),INTERSTATE,OKLAHOMA,0.0,127.4,0.0,0.0,0.0,0.0,127.4,0.0,0.0,0.0,0.0,0.0,0.0,0.0,0.0,127.4,0.0,0.0,0.0,0.0,127.4,
2/2/2026,2022.0,20230542.0,20466.0,31454.0,"NUSTAR LOGISTICS, L.P.",Refined and/or Petroleum Product (non-HVL),INTERSTATE,TEXAS,0.0,765.7,0.0,0.0,0.0,0.0,765.7,0.0,0.0,0.0,0.0,0.0,0.0,0.0,0.0,765.7,0.0,0.0,0.0,0.0,765.7,
2/2/2026,2022.0,20230542.0,20466.0,31454.0,"NUSTAR LOGISTICS, L.P.",Refined and/or Petroleum Product (non-HVL),INTRASTATE,TEXAS,0.0,828.8,0.0,0.0,0.0,0.0,828.8,0.0,0.0,0.0,0.0,0.0,0.0,0.0,0.0,828.8,0.0,0.0,0.0,0.0,828.8,
2/2/2026,2022.0,20230109.0,21258.0,31455.0,"CALUMET MONTANA REFINING, LLC",Crude Oil,INTRASTATE,MONTANA,0.0,2.6,0.0,0.0,0.0,0.0,2.6,0.0,0.0,0.0,0.0,0.0,0.0,0.0,0.0,2.6,0.0,0.0,0.0,0.0,2.6,
2/2/2026,2022.0,20230698.0,20626.0,31460.0,DOD DEFENSE ENERGY SUPPORT CENTER,Refined and/or Petroleum Product (non-HVL),INTRASTATE,CALIFORNIA,0.0,8.86,0.0,0.0,0.0,0.0,8.86,0.0,0.0,0.0,0.0,0.0,0.0,0.0,0.0,8.86,0.0,0.0,0.0,0.0,8.86,
2/2/2026,2022.0,20230705.0,20667.0,31475.0,TRINITY PIPELINE GP LLC,CO2,INTERSTATE,NEW MEXICO,0.0,57.44,0.0,0.0,0.0,0.0,57.44,0.0,0.0,0.0,0.0,0.0,0.0,0.0,0.0,57.44,0.0,0.0,0.0,0.0,57.44,
2/2/2026,2022.0,20230705.0,20667.0,31475.0,TRINITY PIPELINE GP LLC,CO2,INTERSTATE,TEXAS,0.0,42.57,0.0,0.0,0.0,0.0,42.57,0.0,0.0,0.0,0.0,0.0,0.0,0.0,0.0,42.57,0.0,0.0,0.0,0.0,42.57,
2/2/2026,2022.0,20230705.0,20667.0,31475.0,TRINITY PIPELINE GP LLC,CO2,INTRASTATE,NEW MEXICO,0.0,52.9,0.0,0.0,0.0,0.0,52.9,0.0,0.0,0.0,0.0,0.0,0.0,0.0,0.0,52.9,0.0,0.0,0.0,0.0,52.9,
2/2/2026,2022.0,20230705.0,20667.0,31475.0,TRINITY PIPELINE GP LLC,CO2,INTRASTATE,TEXAS,0.0,26.93,0.0,0.0,0.0,0.0,26.93,0.0,0.0,0.0,0.0,0.0,0.0,0.0,0.0,26.93,0.0,0.0,0.0,0.0,26.93,
2/2/2026,2022.0,20230463.0,20383.0,31476.0,ET CRUDE OPERATING LLC,Crude Oil,INTERSTATE,KANSAS,0.52,353.55,0.0,43.81,0.0,0.0,397.88,0.0,0.0,0.0,0.0,0.0,0.0,0.0,0.52,353.55,0.0,43.81,0.0,0.0,397.88,
2/2/2026,2022.0,20230463.0,20383.0,31476.0,ET CRUDE OPERATING LLC,Crude Oil,INTERSTATE,NORTH DAKOTA,0.0,0.75,0.0,0.0,0.0,0.0,0.75,0.0,0.0,0.0,0.0,0.0,0.0,0.0,0.0,0.75,0.0,0.0,0.0,0.0,0.75,
2/2/2026,2022.0,20230463.0,20383.0,31476.0,ET CRUDE OPERATING LLC,Crude Oil,INTERSTATE,OKLAHOMA,0.0,51.76,0.0,0.0,0.0,0.0,51.76,0.0,0.0,0.0,0.0,0.0,0.0,0.0,0.0,51.76,0.0,0.0,0.0,0.0,51.76,
2/2/2026,2022.0,20230463.0,20383.0,31476.0,ET CRUDE OPERATING LLC,Crude Oil,INTRASTATE,COLORADO,0.0,91.42,0.0,0.0,0.0,0.0,91.42,0.0,0.0,0.0,0.0,0.0,0.0,0.0,0.0,91.42,0.0,0.0,0.0,0.0,91.42,
2/2/2026,2022.0,20230463.0,20383.0,31476.0,ET CRUDE OPERATING LLC,Crude Oil,INTRASTATE,KANSAS,51.27,0.0,0.0,0.0,5.65,0.0,56.92,0.0,0.0,0.0,0.0,0.0,0.0,0.0,51.27,0.0,0.0,0.0,5.65,0.0,56.92,
2/2/2026,2022.0,20230463.0,20383.0,31476.0,ET CRUDE OPERATING LLC,Crude Oil,INTRASTATE,LOUISIANA,0.0,35.23,0.0,0.0,0.0,0.0,35.23,0.0,0.0,0.0,0.0,0.0,0.0,0.0,0.0,35.23,0.0,0.0,0.0,0.0,35.23,
2/2/2026,2022.0,20230463.0,20383.0,31476.0,ET CRUDE OPERATING LLC,Crude Oil,INTRASTATE,OKLAHOMA,0.0,5.27,0.0,0.0,0.0,0.0,5.27,0.0,0.0,0.0,0.0,0.0,0.0,0.0,0.0,5.27,0.0,0.0,0.0,0.0,5.27,
2/2/2026,2022.0,20230465.0,20385.0,31476.0,ET CRUDE OPERATING LLC,HVL,INTRASTATE,LOUISIANA,0.0,34.67,0.0,0.0,0.0,0.0,34.67,0.0,0.0,0.0,0.0,0.0,0.0,0.0,0.0,34.67,0.0,0.0,0.0,0.0,34.67,
2/2/2026,2022.0,20230464.0,20384.0,31476.0,ET CRUDE OPERATING LLC,Refined and/or Petroleum Product (non-HVL),INTRASTATE,LOUISIANA,0.0,0.0,0.0,36.02,0.0,0.0,36.02,0.0,0.0,0.0,0.0,0.0,0.0,0.0,0.0,0.0,0.0,36.02,0.0,0.0,36.02,
2/2/2026,2022.0,20230357.0,20271.0,31502.0,OCCIDENTAL PERMIAN LTD,HVL,INTRASTATE,TEXAS,0.0,14.78,0.0,0.0,0.0,0.0,14.78,0.0,0.0,0.0,0.0,0.0,0.0,0.0,0.0,14.78,0.0,0.0,0.0,0.0,14.78,
2/2/2026,2022.0,20230679.0,20605.0,31506.0,CONOCOPHILLIPS COMPANY (E&P-L-48),Crude Oil,INTRASTATE,TEXAS,0.0,81.99,0.0,0.0,0.1,0.0,82.09,0.0,0.0,0.0,0.0,0.0,0.0,0.0,0.0,81.99,0.0,0.0,0.1,0.0,82.09,
2/2/2026,2022.0,20230323.0,20237.0,31517.0,ASCEND PERFORMANCE MATERIALS TEXAS INC,HVL,INTRASTATE,TEXAS,0.0,123.14,0.0,0.0,0.0,0.0,123.14,0.0,0.0,0.0,0.0,0.0,0.0,0.0,0.0,123.14,0.0,0.0,0.0,0.0,123.14,
2/2/2026,2022.0,20230519.0,20441.0,31523.0,ANDERSON OIL LTD,Crude Oil,INTRASTATE,TEXAS,0.0,0.355,0.0,0.0,0.0,0.0,0.355,0.0,0.0,0.0,0.0,0.0,0.0,0.0,0.0,0.355,0.0,0.0,0.0,0.0,0.355,
2/2/2026,2022.0,20230121.0,20026.0,31526.0,DELAWARE STORAGE AND PIPELINE COMPANY,Refined and/or Petroleum Product (non-HVL),INTRASTATE,DELAWARE,0.0,10.61,0.0,0.0,0.0,0.0,10.61,0.0,0.0,0.0,0.0,0.0,0.0,0.0,0.0,10.61,0.0,0.0,0.0,0.0,10.61,
2/2/2026,2022.0,20230376.0,20345.0,31552.0,ALPINE TRANSPORTATION CO.,Crude Oil,INTERSTATE,ALASKA,0.0,0.0,33.628,1.006,0.0,0.0,34.634,0.0,0.0,0.0,0.0,0.0,0.0,0.0,0.0,0.0,33.628,1.006,0.0,0.0,34.634,
2/2/2026,2022.0,20230098.0,20000.0,31554.0,"BOARDWALK PETROCHEMICAL PIPELINE, LLC",HVL,INTERSTATE,LOUISIANA,0.0,162.31,0.0,0.0,0.0,0.0,162.31,0.0,0.0,0.0,0.0,0.0,0.0,0.0,0.0,162.31,0.0,0.0,0.0,0.0,162.31,
2/2/2026,2022.0,20230098.0,20000.0,31554.0,"BOARDWALK PETROCHEMICAL PIPELINE, LLC",HVL,INTERSTATE,TEXAS,0.0,15.28,0.0,0.0,0.0,0.0,15.28,0.0,0.0,0.0,0.0,0.0,0.0,0.0,0.0,15.28,0.0,0.0,0.0,0.0,15.28,
2/2/2026,2022.0,20230534.0,20458.0,31555.0,KINDER MORGAN CO2 CO. LLC,CO2,INTERSTATE,COLORADO,0.0,115.79,0.0,0.0,0.0,0.0,115.79,0.0,0.0,0.0,0.0,0.0,0.0,0.0,0.0,115.79,0.0,0.0,0.0,0.0,115.79,
2/2/2026,2022.0,20230534.0,20458.0,31555.0,KINDER MORGAN CO2 CO. LLC,CO2,INTERSTATE,NEW MEXICO,0.0,484.99,0.0,0.0,0.0,0.0,484.99,0.0,0.0,0.0,0.0,0.0,0.0,0.0,0.0,484.99,0.0,0.0,0.0,0.0,484.99,
2/2/2026,2022.0,20230534.0,20458.0,31555.0,KINDER MORGAN CO2 CO. LLC,CO2,INTERSTATE,TEXAS,0.0,704.33,0.0,0.0,0.0,0.0,704.33,0.0,0.0,0.0,0.0,0.0,0.0,0.0,0.0,704.33,0.0,0.0,0.0,0.0,704.33,
2/2/2026,2022.0,20230534.0,20458.0,31555.0,KINDER MORGAN CO2 CO. LLC,CO2,INTRASTATE,TEXAS,0.0,4.05,0.0,0.0,0.0,0.0,4.05,0.0,0.0,0.0,0.0,0.0,0.0,0.0,0.0,4.05,0.0,0.0,0.0,0.0,4.05,
2/2/2026,2022.0,20230500.0,20421.0,31563.0,"WHITECAP PIPE LINE COMPANY, L.L.C.",Crude Oil,INTERSTATE,OCS-Gulf of Mexico,0.0,0.0,0.0,0.0,0.0,0.0,0.0,0.0,43.2,0.0,0.0,0.0,0.0,43.2,0.0,43.2,0.0,0.0,0.0,0.0,43.2,
2/2/2026,2022.0,20230405.0,20322.0,31579.0,"MAGELLAN PIPELINES HOLDINGS, LP",Crude Oil,INTERSTATE,OKLAHOMA,0.0,147.69,0.0,0.0,0.0,0.0,147.69,0.0,0.0,0.0,0.0,0.0,0.0,0.0,0.0,147.69,0.0,0.0,0.0,0.0,147.69,
2/2/2026,2022.0,20230405.0,20322.0,31579.0,"MAGELLAN PIPELINES HOLDINGS, LP",Crude Oil,INTRASTATE,TEXAS,0.0,5.9,0.0,0.0,0.0,0.0,5.9,0.0,0.0,0.0,0.0,0.0,0.0,0.0,0.0,5.9,0.0,0.0,0.0,0.0,5.9,
2/2/2026,2022.0,20230407.0,20324.0,31579.0,"MAGELLAN PIPELINES HOLDINGS, LP",Refined and/or Petroleum Product (non-HVL),INTRASTATE,TEXAS,0.0,30.12,0.0,0.0,0.0,0.0,30.12,0.0,0.0,0.0,0.0,0.0,0.0,0.0,0.0,30.12,0.0,0.0,0.0,0.0,30.12,
2/2/2026,2022.0,20230408.0,20730.0,31580.0,"MAGELLAN TERMINALS HOLDINGS, LP",Crude Oil,INTERSTATE,OKLAHOMA,0.0,14.56,0.0,0.0,0.0,0.0,14.56,0.0,0.0,0.0,0.0,0.0,0.0,0.0,0.0,14.56,0.0,0.0,0.0,0.0,14.56,
2/2/2026,2022.0,20230408.0,20730.0,31580.0,"MAGELLAN TERMINALS HOLDINGS, LP",Crude Oil,INTRASTATE,LOUISIANA,0.0,13.87,0.0,0.0,0.0,0.0,13.87,0.0,0.0,0.0,0.0,0.0,0.0,0.0,0.0,13.87,0.0,0.0,0.0,0.0,13.87,
2/2/2026,2022.0,20230409.0,20326.0,31580.0,"MAGELLAN TERMINALS HOLDINGS, LP",Refined and/or Petroleum Product (non-HVL),INTRASTATE,TEXAS,0.0,15.77,0.0,0.0,0.0,0.0,15.77,0.0,0.0,0.0,0.0,0.0,0.0,0.0,0.0,15.77,0.0,0.0,0.0,0.0,15.77,
2/2/2026,2022.0,20230233.0,20144.0,31613.0,M6 MIDSTREAM LLC,HVL,INTRASTATE,TEXAS,0.0,168.35,0.0,0.0,0.0,0.0,168.35,0.0,0.0,0.0,0.0,0.0,0.0,0.0,0.0,168.35,0.0,0.0,0.0,0.0,168.35,
2/2/2026,2022.0,20230558.0,20482.0,31618.0,ENTERPRISE PRODUCTS OPERATING LLC,Crude Oil,INTRASTATE,TEXAS,0.0,64.886,0.0,0.0,0.0,0.0,64.886,0.0,0.0,0.0,0.0,0.0,0.0,0.0,0.0,64.886,0.0,0.0,0.0,0.0,64.886,
2/2/2026,2022.0,20230560.0,20715.0,31618.0,ENTERPRISE PRODUCTS OPERATING LLC,HVL,INTERSTATE,ALABAMA,0.0,18.549,0.0,0.0,0.0,0.0,18.549,0.0,0.0,0.0,0.0,0.0,0.0,0.0,0.0,18.549,0.0,0.0,0.0,0.0,18.549,
2/2/2026,2022.0,20230560.0,20715.0,31618.0,ENTERPRISE PRODUCTS OPERATING LLC,HVL,INTERSTATE,ARKANSAS,0.547,674.895,0.0,0.0,0.0,0.0,675.442,0.0,0.0,0.0,0.0,0.0,0.0,0.0,0.547,674.895,0.0,0.0,0.0,0.0,675.442,
2/2/2026,2022.0,20230560.0,20715.0,31618.0,ENTERPRISE PRODUCTS OPERATING LLC,HVL,INTERSTATE,COLORADO,0.0,734.363,0.0,0.0,0.0,0.0,734.363,0.0,0.0,0.0,0.0,0.0,0.0,0.0,0.0,734.363,0.0,0.0,0.0,0.0,734.363,
2/2/2026,2022.0,20230560.0,20715.0,31618.0,ENTERPRISE PRODUCTS OPERATING LLC,HVL,INTERSTATE,ILLINOIS,0.0,799.143,0.0,0.0,0.0,0.0,799.143,0.0,0.0,0.0,0.0,0.0,0.0,0.0,0.0,799.143,0.0,0.0,0.0,0.0,799.143,
2/2/2026,2022.0,20230560.0,20715.0,31618.0,ENTERPRISE PRODUCTS OPERATING LLC,HVL,INTERSTATE,INDIANA,0.0,583.538,0.0,0.0,0.0,0.0,583.538,0.0,0.0,0.0,0.0,0.0,0.0,0.0,0.0,583.538,0.0,0.0,0.0,0.0,583.538,
2/2/2026,2022.0,20230560.0,20715.0,31618.0,ENTERPRISE PRODUCTS OPERATING LLC,HVL,INTERSTATE,IOWA,0.002,749.634,0.0,0.0,0.0,0.0,749.636,0.0,0.0,0.0,0.0,0.0,0.0,0.0,0.002,749.634,0.0,0.0,0.0,0.0,749.636,
2/2/2026,2022.0,20230560.0,20715.0,31618.0,ENTERPRISE PRODUCTS OPERATING LLC,HVL,INTERSTATE,KANSAS,0.011,1601.601,0.0,0.0,0.0,0.0,1601.612,0.0,0.0,0.0,0.0,0.0,0.0,0.0,0.011,1601.601,0.0,0.0,0.0,0.0,1601.612,
2/2/2026,2022.0,20230560.0,20715.0,31618.0,ENTERPRISE PRODUCTS OPERATING LLC,HVL,INTERSTATE,KENTUCKY,0.0,9.887,0.0,0.0,0.0,0.0,9.887,0.0,0.0,0.0,0.0,0.0,0.0,0.0,0.0,9.887,0.0,0.0,0.0,0.0,9.887,
2/2/2026,2022.0,20230560.0,20715.0,31618.0,ENTERPRISE PRODUCTS OPERATING LLC,HVL,INTERSTATE,LOUISIANA,0.0,949.681,0.0,0.0,0.0,0.0,949.681,0.0,0.0,0.0,0.0,0.0,0.0,0.0,0.0,949.681,0.0,0.0,0.0,0.0,949.681,
2/2/2026,2022.0,20230560.0,20715.0,31618.0,ENTERPRISE PRODUCTS OPERATING LLC,HVL,INTERSTATE,MINNESOTA,0.002,213.658,0.0,0.0,0.0,0.0,213.66,0.0,0.0,0.0,0.0,0.0,0.0,0.0,0.002,213.658,0.0,0.0,0.0,0.0,213.66,
2/2/2026,2022.0,20230560.0,20715.0,31618.0,ENTERPRISE PRODUCTS OPERATING LLC,HVL,INTERSTATE,MISSISSIPPI,0.0,93.437,0.0,0.0,0.0,0.0,93.437,0.0,0.0,0.0,0.0,0.0,0.0,0.0,0.0,93.437,0.0,0.0,0.0,0.0,93.437,
2/2/2026,2022.0,20230560.0,20715.0,31618.0,ENTERPRISE PRODUCTS OPERATING LLC,HVL,INTERSTATE,MISSOURI,0.0,539.599,0.0,0.0,0.0,0.0,539.599,0.0,0.0,0.0,0.0,0.0,0.0,0.0,0.0,539.599,0.0,0.0,0.0,0.0,539.599,
2/2/2026,2022.0,20230560.0,20715.0,31618.0,ENTERPRISE PRODUCTS OPERATING LLC,HVL,INTERSTATE,NEBRASKA,0.0,289.1,0.0,0.0,0.0,0.0,289.1,0.0,0.0,0.0,0.0,0.0,0.0,0.0,0.0,289.1,0.0,0.0,0.0,0.0,289.1,
2/2/2026,2022.0,20230560.0,20715.0,31618.0,ENTERPRISE PRODUCTS OPERATING LLC,HVL,INTERSTATE,NEW MEXICO,0.2,1449.721,0.0,0.0,0.0,0.0,1449.921,0.0,0.0,0.0,0.0,0.0,0.0,0.0,0.2,1449.721,0.0,0.0,0.0,0.0,1449.921,
2/2/2026,2022.0,20230560.0,20715.0,31618.0,ENTERPRISE PRODUCTS OPERATING LLC,HVL,INTERSTATE,NEW YORK,0.0,200.009,0.0,0.0,0.0,0.0,200.009,0.0,0.0,0.0,0.0,0.0,0.0,0.0,0.0,200.009,0.0,0.0,0.0,0.0,200.009,
2/2/2026,2022.0,20230560.0,20715.0,31618.0,ENTERPRISE PRODUCTS OPERATING LLC,HVL,INTERSTATE,OHIO,0.0,647.696,0.0,0.0,0.0,0.0,647.696,0.0,0.0,0.0,0.0,0.0,0.0,0.0,0.0,647.696,0.0,0.0,0.0,0.0,647.696,
2/2/2026,2022.0,20230560.0,20715.0,31618.0,ENTERPRISE PRODUCTS OPERATING LLC,HVL,INTERSTATE,OKLAHOMA,0.0,404.272,0.0,0.0,0.0,0.0,404.272,0.0,0.0,0.0,0.0,0.0,0.0,0.0,0.0,404.272,0.0,0.0,0.0,0.0,404.272,
2/2/2026,2022.0,20230560.0,20715.0,31618.0,ENTERPRISE PRODUCTS OPERATING LLC,HVL,INTERSTATE,PENNSYLVANIA,0.0,567.059,0.0,0.0,0.0,0.0,567.059,0.0,0.0,0.0,0.0,0.0,0.0,0.0,0.0,567.059,0.0,0.0,0.0,0.0,567.059,
2/2/2026,2022.0,20230560.0,20715.0,31618.0,ENTERPRISE PRODUCTS OPERATING LLC,HVL,INTERSTATE,TEXAS,0.061,4015.33,0.0,0.0,0.0,0.0,4015.391,0.0,0.0,0.0,0.0,0.0,0.0,0.0,0.061,4015.33,0.0,0.0,0.0,0.0,4015.391,
2/2/2026,2022.0,20230560.0,20715.0,31618.0,ENTERPRISE PRODUCTS OPERATING LLC,HVL,INTERSTATE,UTAH,0.0,535.684,0.0,0.0,0.0,0.0,535.684,0.0,0.0,0.0,0.0,0.0,0.0,0.0,0.0,535.684,0.0,0.0,0.0,0.0,535.684,
2/2/2026,2022.0,20230560.0,20715.0,31618.0,ENTERPRISE PRODUCTS OPERATING LLC,HVL,INTERSTATE,WEST VIRGINIA,0.0,22.721,0.0,0.0,0.0,0.0,22.721,0.0,0.0,0.0,0.0,0.0,0.0,0.0,0.0,22.721,0.0,0.0,0.0,0.0,22.721,
2/2/2026,2022.0,20230560.0,20715.0,31618.0,ENTERPRISE PRODUCTS OPERATING LLC,HVL,INTERSTATE,WISCONSIN,0.0,71.149,0.0,0.0,0.0,0.0,71.149,0.0,0.0,0.0,0.0,0.0,0.0,0.0,0.0,71.149,0.0,0.0,0.0,0.0,71.149,
2/2/2026,2022.0,20230560.0,20715.0,31618.0,ENTERPRISE PRODUCTS OPERATING LLC,HVL,INTERSTATE,WYOMING,0.021,468.061,0.0,0.0,0.0,0.0,468.082,0.0,0.0,0.0,0.0,0.0,0.0,0.0,0.021,468.061,0.0,0.0,0.0,0.0,468.082,
2/2/2026,2022.0,20230560.0,20715.0,31618.0,ENTERPRISE PRODUCTS OPERATING LLC,HVL,INTRASTATE,LOUISIANA,0.0,1187.195,0.0,0.0,0.0,0.0,1187.195,0.0,0.0,0.0,0.0,0.0,0.0,0.0,0.0,1187.195,0.0,0.0,0.0,0.0,1187.195,
2/2/2026,2022.0,20230560.0,20715.0,31618.0,ENTERPRISE PRODUCTS OPERATING LLC,HVL,INTRASTATE,TEXAS,45.771,5653.31,0.0,0.0,0.0,0.0,5699.081,0.0,0.0,0.0,0.0,0.0,0.0,0.0,45.771,5653.31,0.0,0.0,0.0,0.0,5699.081,
2/2/2026,2022.0,20230560.0,20715.0,31618.0,ENTERPRISE PRODUCTS OPERATING LLC,HVL,INTRASTATE,WYOMING,0.0,3.351,0.0,0.0,0.0,0.0,3.351,0.0,0.0,0.0,0.0,0.0,0.0,0.0,0.0,3.351,0.0,0.0,0.0,0.0,3.351,
2/2/2026,2022.0,20230559.0,20483.0,31618.0,ENTERPRISE PRODUCTS OPERATING LLC,Refined and/or Petroleum Product (non-HVL),INTERSTATE,ARKANSAS,0.0,37.696,0.0,0.0,0.0,0.0,37.696,0.0,0.0,0.0,0.0,0.0,0.0,0.0,0.0,37.696,0.0,0.0,0.0,0.0,37.696,
2/2/2026,2022.0,20230559.0,20483.0,31618.0,ENTERPRISE PRODUCTS OPERATING LLC,Refined and/or Petroleum Product (non-HVL),INTERSTATE,ILLINOIS,0.0,34.406,0.0,0.0,0.0,0.0,34.406,0.0,0.0,0.0,0.0,0.0,0.0,0.0,0.0,34.406,0.0,0.0,0.0,0.0,34.406,
2/2/2026,2022.0,20230559.0,20483.0,31618.0,ENTERPRISE PRODUCTS OPERATING LLC,Refined and/or Petroleum Product (non-HVL),INTERSTATE,INDIANA,0.0,29.966,0.0,0.0,0.0,0.0,29.966,0.0,0.0,0.0,0.0,0.0,0.0,0.0,0.0,29.966,0.0,0.0,0.0,0.0,29.966,
2/2/2026,2022.0,20230559.0,20483.0,31618.0,ENTERPRISE PRODUCTS OPERATING LLC,Refined and/or Petroleum Product (non-HVL),INTERSTATE,KANSAS,0.0,0.559,0.0,0.0,0.0,0.0,0.559,0.0,0.0,0.0,0.0,0.0,0.0,0.0,0.0,0.559,0.0,0.0,0.0,0.0,0.559,
2/2/2026,2022.0,20230559.0,20483.0,31618.0,ENTERPRISE PRODUCTS OPERATING LLC,Refined and/or Petroleum Product (non-HVL),INTERSTATE,KENTUCKY,0.0,9.355,0.0,0.0,0.0,0.0,9.355,0.0,0.0,0.0,0.0,0.0,0.0,0.0,0.0,9.355,0.0,0.0,0.0,0.0,9.355,
2/2/2026,2022.0,20230559.0,20483.0,31618.0,ENTERPRISE PRODUCTS OPERATING LLC,Refined and/or Petroleum Product (non-HVL),INTERSTATE,LOUISIANA,0.0,76.584,0.0,0.0,0.0,0.0,76.584,0.0,0.0,0.0,0.0,0.0,0.0,0.0,0.0,76.584,0.0,0.0,0.0,0.0,76.584,
2/2/2026,2022.0,20230559.0,20483.0,31618.0,ENTERPRISE PRODUCTS OPERATING LLC,Refined and/or Petroleum Product (non-HVL),INTERSTATE,OHIO,0.0,38.256,0.0,0.0,0.0,0.0,38.256,0.0,0.0,0.0,0.0,0.0,0.0,0.0,0.0,38.256,0.0,0.0,0.0,0.0,38.256,
2/2/2026,2022.0,20230559.0,20483.0,31618.0,ENTERPRISE PRODUCTS OPERATING LLC,Refined and/or Petroleum Product (non-HVL),INTERSTATE,TENNESSEE,0.0,6.832,0.0,0.0,0.0,0.0,6.832,0.0,0.0,0.0,0.0,0.0,0.0,0.0,0.0,6.832,0.0,0.0,0.0,0.0,6.832,
2/2/2026,2022.0,20230559.0,20483.0,31618.0,ENTERPRISE PRODUCTS OPERATING LLC,Refined and/or Petroleum Product (non-HVL),INTERSTATE,TEXAS,0.136,85.661,0.0,0.0,0.0,0.0,85.797,0.0,0.0,0.0,0.0,0.0,0.0,0.0,0.136,85.661,0.0,0.0,0.0,0.0,85.797,
2/2/2026,2022.0,20230559.0,20483.0,31618.0,ENTERPRISE PRODUCTS OPERATING LLC,Refined and/or Petroleum Product (non-HVL),INTRASTATE,LOUISIANA,0.0,82.144,0.0,0.0,0.0,0.0,82.144,0.0,0.0,0.0,0.0,0.0,0.0,0.0,0.0,82.144,0.0,0.0,0.0,0.0,82.144,
2/2/2026,2022.0,20230559.0,20483.0,31618.0,ENTERPRISE PRODUCTS OPERATING LLC,Refined and/or Petroleum Product (non-HVL),INTRASTATE,NEW MEXICO,0.0,334.924,0.0,0.0,0.0,0.0,334.924,0.0,0.0,0.0,0.0,0.0,0.0,0.0,0.0,334.924,0.0,0.0,0.0,0.0,334.924,
2/2/2026,2022.0,20230559.0,20483.0,31618.0,ENTERPRISE PRODUCTS OPERATING LLC,Refined and/or Petroleum Product (non-HVL),INTRASTATE,TEXAS,14.433,294.182,0.0,0.0,0.0,0.0,308.615,0.0,0.0,0.0,0.0,0.0,0.0,0.0,14.433,294.182,0.0,0.0,0.0,0.0,308.615,
2/2/2026,2022.0,20230661.0,20587.0,31627.0,"DENBURY ONSHORE, LLC",CO2,INTERSTATE,LOUISIANA,0.0,74.27,0.0,0.0,0.0,0.0,74.27,0.0,0.0,0.0,0.0,0.0,0.0,0.0,0.0,74.27,0.0,0.0,0.0,0.0,74.27,
2/2/2026,2022.0,20230661.0,20587.0,31627.0,"DENBURY ONSHORE, LLC",CO2,INTERSTATE,MISSISSIPPI,0.0,249.36,0.0,0.0,0.0,0.0,249.36,0.0,0.0,0.0,0.0,0.0,0.0,0.0,0.0,249.36,0.0,0.0,0.0,0.0,249.36,
2/2/2026,2022.0,20230661.0,20587.0,31627.0,"DENBURY ONSHORE, LLC",CO2,INTRASTATE,MISSISSIPPI,0.0,95.0,0.0,0.0,0.0,0.0,95.0,0.0,0.0,0.0,0.0,0.0,0.0,0.0,0.0,95.0,0.0,0.0,0.0,0.0,95.0,
2/2/2026,2022.0,20230661.0,20587.0,31627.0,"DENBURY ONSHORE, LLC",CO2,INTRASTATE,WYOMING,0.0,46.66,0.0,0.0,0.0,0.0,46.66,0.0,0.0,0.0,0.0,0.0,0.0,0.0,0.0,46.66,0.0,0.0,0.0,0.0,46.66,
2/2/2026,2022.0,20230644.0,20569.0,31663.0,NAVAJO NATION OIL AND GAS COMPANY,Crude Oil,INTERSTATE,COLORADO,0.0,12.44,0.0,0.0,0.0,0.0,12.44,0.0,0.0,0.0,0.0,0.0,0.0,0.0,0.0,12.44,0.0,0.0,0.0,0.0,12.44,
2/2/2026,2022.0,20230644.0,20569.0,31663.0,NAVAJO NATION OIL AND GAS COMPANY,Crude Oil,INTERSTATE,NEW MEXICO,0.0,58.13,0.0,0.0,0.0,0.0,58.13,0.0,0.0,0.0,0.0,0.0,0.0,0.0,0.0,58.13,0.0,0.0,0.0,0.0,58.13,
2/2/2026,2022.0,20230644.0,20569.0,31663.0,NAVAJO NATION OIL AND GAS COMPANY,Crude Oil,INTERSTATE,UTAH,0.0,17.15,0.0,0.0,0.0,0.0,17.15,0.0,0.0,0.0,0.0,0.0,0.0,0.0,0.0,17.15,0.0,0.0,0.0,0.0,17.15,
2/2/2026,2022.0,20230565.0,20489.0,31684.0,PHILLIPS 66 PIPELINE LLC,Crude Oil,INTERSTATE,ILLINOIS,0.0,2.83,0.0,0.0,0.0,0.0,2.83,0.0,0.0,0.0,0.0,0.0,0.0,0.0,0.0,2.83,0.0,0.0,0.0,0.0,2.83,
2/2/2026,2022.0,20230565.0,20489.0,31684.0,PHILLIPS 66 PIPELINE LLC,Crude Oil,INTERSTATE,LOUISIANA,0.0,11.42,0.0,0.0,0.0,0.0,11.42,0.0,0.0,0.0,0.0,0.0,0.0,0.0,0.0,11.42,0.0,0.0,0.0,0.0,11.42,
2/2/2026,2022.0,20230565.0,20489.0,31684.0,PHILLIPS 66 PIPELINE LLC,Crude Oil,INTERSTATE,MONTANA,0.0,747.99,0.0,0.0,0.0,0.0,747.99,0.0,0.0,0.0,0.0,0.0,0.0,0.0,0.0,747.99,0.0,0.0,0.0,0.0,747.99,
2/2/2026,2022.0,20230565.0,20489.0,31684.0,PHILLIPS 66 PIPELINE LLC,Crude Oil,INTERSTATE,NEW MEXICO,0.0,33.74,0.0,0.0,0.0,0.0,33.74,0.0,0.0,0.0,0.0,0.0,0.0,0.0,0.0,33.74,0.0,0.0,0.0,0.0,33.74,
2/2/2026,2022.0,20230565.0,20489.0,31684.0,PHILLIPS 66 PIPELINE LLC,Crude Oil,INTERSTATE,NORTH DAKOTA,0.0,95.71,0.0,0.0,0.0,0.0,95.71,0.0,0.0,0.0,0.0,0.0,0.0,0.0,0.0,95.71,0.0,0.0,0.0,0.0,95.71,
2/2/2026,2022.0,20230565.0,20489.0,31684.0,PHILLIPS 66 PIPELINE LLC,Crude Oil,INTERSTATE,OKLAHOMA,0.0,460.32,0.0,0.0,0.0,0.0,460.32,0.0,0.0,0.0,0.0,0.0,0.0,0.0,0.0,460.32,0.0,0.0,0.0,0.0,460.32,
2/2/2026,2022.0,20230565.0,20489.0,31684.0,PHILLIPS 66 PIPELINE LLC,Crude Oil,INTERSTATE,TEXAS,0.0,1493.82,0.0,0.0,0.0,0.0,1493.82,0.0,0.0,0.0,0.0,0.0,0.0,0.0,0.0,1493.82,0.0,0.0,0.0,0.0,1493.82,
2/2/2026,2022.0,20230565.0,20489.0,31684.0,PHILLIPS 66 PIPELINE LLC,Crude Oil,INTRASTATE,CALIFORNIA,0.0,427.76,0.0,0.0,0.0,0.0,427.76,0.0,0.0,0.0,0.0,0.0,0.0,0.0,0.0,427.76,0.0,0.0,0.0,0.0,427.76,
2/2/2026,2022.0,20230565.0,20489.0,31684.0,PHILLIPS 66 PIPELINE LLC,Crude Oil,INTRASTATE,LOUISIANA,39.68,39.73,0.0,0.0,0.0,0.0,79.41,0.0,0.0,0.0,0.0,0.0,0.0,0.0,39.68,39.73,0.0,0.0,0.0,0.0,79.41,
2/2/2026,2022.0,20230565.0,20489.0,31684.0,PHILLIPS 66 PIPELINE LLC,Crude Oil,INTRASTATE,OKLAHOMA,0.0,1.64,0.0,0.0,0.0,0.0,1.64,0.0,0.0,0.0,0.0,0.0,0.0,0.0,0.0,1.64,0.0,0.0,0.0,0.0,1.64,
2/2/2026,2022.0,20230565.0,20489.0,31684.0,PHILLIPS 66 PIPELINE LLC,Crude Oil,INTRASTATE,TEXAS,4.22,143.75,0.0,0.0,0.0,0.0,147.97,0.0,0.0,0.0,0.0,0.0,0.0,0.0,4.22,143.75,0.0,0.0,0.0,0.0,147.97,
2/2/2026,2022.0,20230567.0,20491.0,31684.0,PHILLIPS 66 PIPELINE LLC,HVL,INTERSTATE,COLORADO,0.0,137.95,0.0,0.0,0.0,0.0,137.95,0.0,0.0,0.0,0.0,0.0,0.0,0.0,0.0,137.95,0.0,0.0,0.0,0.0,137.95,
2/2/2026,2022.0,20230567.0,20491.0,31684.0,PHILLIPS 66 PIPELINE LLC,HVL,INTERSTATE,ILLINOIS,0.0,11.61,0.0,0.0,0.0,0.0,11.61,0.0,0.0,0.0,0.0,0.0,0.0,0.0,0.0,11.61,0.0,0.0,0.0,0.0,11.61,
2/2/2026,2022.0,20230567.0,20491.0,31684.0,PHILLIPS 66 PIPELINE LLC,HVL,INTERSTATE,KANSAS,0.0,437.3,0.0,0.0,0.0,0.0,437.3,0.0,0.0,0.0,0.0,0.0,0.0,0.0,0.0,437.3,0.0,0.0,0.0,0.0,437.3,
2/2/2026,2022.0,20230567.0,20491.0,31684.0,PHILLIPS 66 PIPELINE LLC,HVL,INTERSTATE,LOUISIANA,0.42,31.1,0.0,0.0,0.0,0.0,31.52,0.0,0.0,0.0,0.0,0.0,0.0,0.0,0.42,31.1,0.0,0.0,0.0,0.0,31.52,
2/2/2026,2022.0,20230567.0,20491.0,31684.0,PHILLIPS 66 PIPELINE LLC,HVL,INTERSTATE,MISSOURI,0.01,245.77,0.0,0.0,0.0,0.0,245.78,0.0,0.0,0.0,0.0,0.0,0.0,0.0,0.01,245.77,0.0,0.0,0.0,0.0,245.78,
2/2/2026,2022.0,20230567.0,20491.0,31684.0,PHILLIPS 66 PIPELINE LLC,HVL,INTERSTATE,NEW MEXICO,0.0,115.42,0.0,0.0,0.0,0.0,115.42,0.0,0.0,0.0,0.0,0.0,0.0,0.0,0.0,115.42,0.0,0.0,0.0,0.0,115.42,
2/2/2026,2022.0,20230567.0,20491.0,31684.0,PHILLIPS 66 PIPELINE LLC,HVL,INTERSTATE,OKLAHOMA,0.02,253.76,0.0,0.0,0.0,0.0,253.78,0.0,0.0,0.0,0.0,0.0,0.0,0.0,0.02,253.76,0.0,0.0,0.0,0.0,253.78,
2/2/2026,2022.0,20230567.0,20491.0,31684.0,PHILLIPS 66 PIPELINE LLC,HVL,INTERSTATE,TEXAS,0.45,1173.06,0.0,0.0,0.0,0.0,1173.51,0.0,0.0,0.0,0.0,0.0,0.0,0.0,0.45,1173.06,0.0,0.0,0.0,0.0,1173.51,
2/2/2026,2022.0,20230567.0,20491.0,31684.0,PHILLIPS 66 PIPELINE LLC,HVL,INTERSTATE,WYOMING,0.0,138.58,0.0,0.0,0.0,0.0,138.58,0.0,0.0,0.0,0.0,0.0,0.0,0.0,0.0,138.58,0.0,0.0,0.0,0.0,138.58,
2/2/2026,2022.0,20230567.0,20491.0,31684.0,PHILLIPS 66 PIPELINE LLC,HVL,INTRASTATE,LOUISIANA,0.0,490.84,0.0,0.0,0.0,0.0,490.84,0.0,0.0,0.0,0.0,0.0,0.0,0.0,0.0,490.84,0.0,0.0,0.0,0.0,490.84,
2/2/2026,2022.0,20230567.0,20491.0,31684.0,PHILLIPS 66 PIPELINE LLC,HVL,INTRASTATE,TEXAS,0.0,595.3,0.0,0.0,0.0,0.0,595.3,0.0,0.0,0.0,0.0,0.0,0.0,0.0,0.0,595.3,0.0,0.0,0.0,0.0,595.3,
2/2/2026,2022.0,20230564.0,20488.0,31684.0,PHILLIPS 66 PIPELINE LLC,Refined and/or Petroleum Product (non-HVL),INTERSTATE,COLORADO,0.26,493.39,0.0,0.0,0.0,0.0,493.65,0.0,0.0,0.0,0.0,0.0,0.0,0.0,0.26,493.39,0.0,0.0,0.0,0.0,493.65,
2/2/2026,2022.0,20230564.0,20488.0,31684.0,PHILLIPS 66 PIPELINE LLC,Refined and/or Petroleum Product (non-HVL),INTERSTATE,IDAHO,0.0,79.61,0.0,0.0,0.0,0.0,79.61,0.0,0.0,0.0,0.0,0.0,0.0,0.0,0.0,79.61,0.0,0.0,0.0,0.0,79.61,
2/2/2026,2022.0,20230564.0,20488.0,31684.0,PHILLIPS 66 PIPELINE LLC,Refined and/or Petroleum Product (non-HVL),INTERSTATE,ILLINOIS,0.0,17.11,0.0,0.0,0.0,0.0,17.11,0.0,0.0,0.0,0.0,0.0,0.0,0.0,0.0,17.11,0.0,0.0,0.0,0.0,17.11,
2/2/2026,2022.0,20230564.0,20488.0,31684.0,PHILLIPS 66 PIPELINE LLC,Refined and/or Petroleum Product (non-HVL),INTERSTATE,KANSAS,0.0,568.12,0.0,0.0,0.0,0.0,568.12,0.0,0.0,0.0,0.0,0.0,0.0,0.0,0.0,568.12,0.0,0.0,0.0,0.0,568.12,
2/2/2026,2022.0,20230564.0,20488.0,31684.0,PHILLIPS 66 PIPELINE LLC,Refined and/or Petroleum Product (non-HVL),INTERSTATE,LOUISIANA,0.0,11.47,0.0,0.0,0.0,0.0,11.47,0.0,0.0,0.0,0.0,0.0,0.0,0.0,0.0,11.47,0.0,0.0,0.0,0.0,11.47,
2/2/2026,2022.0,20230564.0,20488.0,31684.0,PHILLIPS 66 PIPELINE LLC,Refined and/or Petroleum Product (non-HVL),INTERSTATE,MISSOURI,0.0,295.19,0.0,0.0,0.0,0.0,295.19,0.0,0.0,0.0,0.0,0.0,0.0,0.0,0.0,295.19,0.0,0.0,0.0,0.0,295.19,
2/2/2026,2022.0,20230564.0,20488.0,31684.0,PHILLIPS 66 PIPELINE LLC,Refined and/or Petroleum Product (non-HVL),INTERSTATE,MONTANA,0.0,578.4,0.0,0.0,0.0,0.0,578.4,0.0,0.0,0.0,0.0,0.0,0.0,0.0,0.0,578.4,0.0,0.0,0.0,0.0,578.4,
2/2/2026,2022.0,20230564.0,20488.0,31684.0,PHILLIPS 66 PIPELINE LLC,Refined and/or Petroleum Product (non-HVL),INTERSTATE,NEW JERSEY,0.0,2.03,0.0,0.0,0.0,0.0,2.03,0.0,0.0,0.0,0.0,0.0,0.0,0.0,0.0,2.03,0.0,0.0,0.0,0.0,2.03,
2/2/2026,2022.0,20230564.0,20488.0,31684.0,PHILLIPS 66 PIPELINE LLC,Refined and/or Petroleum Product (non-HVL),INTERSTATE,OKLAHOMA,13.62,680.58,0.0,0.0,0.0,0.0,694.2,0.0,0.0,0.0,0.0,0.0,0.0,0.0,13.62,680.58,0.0,0.0,0.0,0.0,694.2,
2/2/2026,2022.0,20230564.0,20488.0,31684.0,PHILLIPS 66 PIPELINE LLC,Refined and/or Petroleum Product (non-HVL),INTERSTATE,OREGON,0.0,0.0,0.0,0.0,0.0,0.0,0.0,0.0,0.0,0.0,0.0,0.0,0.0,0.0,0.0,0.0,0.0,0.0,0.0,0.0,0.0,
2/2/2026,2022.0,20230564.0,20488.0,31684.0,PHILLIPS 66 PIPELINE LLC,Refined and/or Petroleum Product (non-HVL),INTERSTATE,TEXAS,0.0,524.08,0.0,0.0,0.0,0.0,524.08,0.0,0.0,0.0,0.0,0.0,0.0,0.0,0.0,524.08,0.0,0.0,0.0,0.0,524.08,
2/2/2026,2022.0,20230564.0,20488.0,31684.0,PHILLIPS 66 PIPELINE LLC,Refined and/or Petroleum Product (non-HVL),INTERSTATE,UTAH,0.0,117.63,0.0,0.0,0.0,0.0,117.63,0.0,0.0,0.0,0.0,0.0,0.0,0.0,0.0,117.63,0.0,0.0,0.0,0.0,117.63,
2/2/2026,2022.0,20230564.0,20488.0,31684.0,PHILLIPS 66 PIPELINE LLC,Refined and/or Petroleum Product (non-HVL),INTERSTATE,WASHINGTON,0.0,132.72,0.0,0.0,0.0,0.0,132.72,0.0,0.0,0.0,0.0,0.0,0.0,0.0,0.0,132.72,0.0,0.0,0.0,0.0,132.72,
2/2/2026,2022.0,20230564.0,20488.0,31684.0,PHILLIPS 66 PIPELINE LLC,Refined and/or Petroleum Product (non-HVL),INTERSTATE,WYOMING,0.0,735.63,0.0,0.0,0.0,0.0,735.63,0.0,0.0,0.0,0.0,0.0,0.0,0.0,0.0,735.63,0.0,0.0,0.0,0.0,735.63,
2/2/2026,2022.0,20230564.0,20488.0,31684.0,PHILLIPS 66 PIPELINE LLC,Refined and/or Petroleum Product (non-HVL),INTRASTATE,CALIFORNIA,0.0,268.86,0.0,0.0,0.0,0.0,268.86,0.0,0.0,0.0,0.0,0.0,0.0,0.0,0.0,268.86,0.0,0.0,0.0,0.0,268.86,
2/2/2026,2022.0,20230564.0,20488.0,31684.0,PHILLIPS 66 PIPELINE LLC,Refined and/or Petroleum Product (non-HVL),INTRASTATE,LOUISIANA,0.0,17.68,0.0,0.0,0.0,0.0,17.68,0.0,0.0,0.0,0.0,0.0,0.0,0.0,0.0,17.68,0.0,0.0,0.0,0.0,17.68,
2/2/2026,2022.0,20230564.0,20488.0,31684.0,PHILLIPS 66 PIPELINE LLC,Refined and/or Petroleum Product (non-HVL),INTRASTATE,TEXAS,0.0,171.29,0.0,0.0,0.0,0.0,171.29,0.0,0.0,0.0,0.0,0.0,0.0,0.0,0.0,171.29,0.0,0.0,0.0,0.0,171.29,
2/2/2026,2022.0,20230279.0,20190.0,31687.0,"HILL-LAKE GAS STORAGE, LLC",HVL,INTRASTATE,TEXAS,0.0,2.0,0.0,0.0,0.0,0.0,2.0,0.0,0.0,0.0,0.0,0.0,0.0,0.0,0.0,2.0,0.0,0.0,0.0,0.0,2.0,
2/2/2026,2022.0,20230282.0,20989.0,31703.0,"WILLIAMS MLP OPERATING, LLC",HVL,INTRASTATE,WEST VIRGINIA,0.0,5.52,0.0,0.0,0.0,0.0,5.52,0.0,0.0,0.0,0.0,0.0,0.0,0.0,0.0,5.52,0.0,0.0,0.0,0.0,5.52,
2/2/2026,2022.0,20230620.0,20544.0,31707.0,CHEVRON U.S.A. INC - PERMIAN BASIN,Crude Oil,INTRASTATE,TEXAS,2.78,0.0,0.0,0.0,0.0,0.0,2.78,0.0,0.0,0.0,0.0,0.0,0.0,0.0,2.78,0.0,0.0,0.0,0.0,0.0,2.78,
2/2/2026,2022.0,20230247.0,20158.0,31719.0,HILAND PARTNERS HOLDINGS LLC,HVL,INTRASTATE,MONTANA,0.0,8.85,0.0,0.0,0.0,0.0,8.85,0.0,0.0,0.0,0.0,0.0,0.0,0.0,0.0,8.85,0.0,0.0,0.0,0.0,8.85,
2/2/2026,2022.0,20230247.0,20158.0,31719.0,HILAND PARTNERS HOLDINGS LLC,HVL,INTRASTATE,NORTH DAKOTA,0.0,12.95,0.0,0.0,0.0,0.0,12.95,0.0,0.0,0.0,0.0,0.0,0.0,0.0,0.0,12.95,0.0,0.0,0.0,0.0,12.95,
2/2/2026,2022.0,20230368.0,20284.0,31720.0,"EXPRESS HOLDINGS (USA), LLC",Crude Oil,INTERSTATE,ILLINOIS,0.0,4.917,0.0,0.0,0.0,0.0,4.917,0.0,0.0,0.0,0.0,0.0,0.0,0.0,0.0,4.917,0.0,0.0,0.0,0.0,4.917,
2/2/2026,2022.0,20230368.0,20284.0,31720.0,"EXPRESS HOLDINGS (USA), LLC",Crude Oil,INTERSTATE,KANSAS,0.0,98.579,0.0,0.0,0.0,0.0,98.579,0.0,0.0,0.0,0.0,0.0,0.0,0.0,0.0,98.579,0.0,0.0,0.0,0.0,98.579,
2/2/2026,2022.0,20230368.0,20284.0,31720.0,"EXPRESS HOLDINGS (USA), LLC",Crude Oil,INTERSTATE,MISSOURI,0.0,271.683,0.0,0.0,0.0,0.0,271.683,0.0,0.0,0.0,0.0,0.0,0.0,0.0,0.0,271.683,0.0,0.0,0.0,0.0,271.683,
2/2/2026,2022.0,20230368.0,20284.0,31720.0,"EXPRESS HOLDINGS (USA), LLC",Crude Oil,INTERSTATE,MONTANA,0.0,304.121,0.0,0.0,0.0,0.0,304.121,0.0,0.0,0.0,0.0,0.0,0.0,0.0,0.0,304.121,0.0,0.0,0.0,0.0,304.121,
2/2/2026,2022.0,20230368.0,20284.0,31720.0,"EXPRESS HOLDINGS (USA), LLC",Crude Oil,INTERSTATE,NEBRASKA,0.0,409.889,0.0,0.0,0.0,0.0,409.889,0.0,0.0,0.0,0.0,0.0,0.0,0.0,0.0,409.889,0.0,0.0,0.0,0.0,409.889,
2/2/2026,2022.0,20230368.0,20284.0,31720.0,"EXPRESS HOLDINGS (USA), LLC",Crude Oil,INTERSTATE,WYOMING,0.0,364.828,0.0,0.0,0.0,0.0,364.828,0.0,0.0,0.0,0.0,0.0,0.0,0.0,0.0,364.828,0.0,0.0,0.0,0.0,364.828,
2/2/2026,2022.0,20230133.0,20042.0,31721.0,PIPELINE TECHNOLOGY,HVL,INTRASTATE,LOUISIANA,0.0,6.3,0.0,0.0,0.0,0.0,6.3,0.0,0.0,0.0,0.0,0.0,0.0,0.0,0.0,6.3,0.0,0.0,0.0,0.0,6.3,
2/2/2026,2022.0,20230132.0,20041.0,31721.0,PIPELINE TECHNOLOGY,Refined and/or Petroleum Product (non-HVL),INTRASTATE,LOUISIANA,0.0,22.0,0.0,0.0,0.0,0.0,22.0,0.0,0.0,0.0,0.0,0.0,0.0,0.0,0.0,22.0,0.0,0.0,0.0,0.0,22.0,
2/2/2026,2022.0,20230256.0,20167.0,31723.0,EXXON MOBIL CORPORATION,Crude Oil,INTERSTATE,LOUISIANA,0.0,0.428,0.0,0.0,0.0,0.0,0.428,0.0,0.0,0.0,0.0,0.0,0.0,0.0,0.0,0.428,0.0,0.0,0.0,0.0,0.428,
2/2/2026,2022.0,20230256.0,20167.0,31723.0,EXXON MOBIL CORPORATION,Crude Oil,INTRASTATE,LOUISIANA,0.0,10.696,0.0,0.0,0.0,0.0,10.696,0.0,0.0,0.0,0.0,0.0,0.0,0.0,0.0,10.696,0.0,0.0,0.0,0.0,10.696,
2/2/2026,2022.0,20230257.0,20168.0,31723.0,EXXON MOBIL CORPORATION,Refined and/or Petroleum Product (non-HVL),INTRASTATE,LOUISIANA,22.726,0.687,0.0,0.0,0.0,0.0,23.413,0.0,0.0,0.0,0.0,0.0,0.0,0.0,22.726,0.687,0.0,0.0,0.0,0.0,23.413,
2/2/2026,2022.0,20230603.0,20527.0,31755.0,"NOBLE ENERGY, INC. RBU",Crude Oil,INTRASTATE,COLORADO,0.0,39.94,0.0,0.0,0.0,0.0,39.94,0.0,0.0,0.0,0.0,0.0,0.0,0.0,0.0,39.94,0.0,0.0,0.0,0.0,39.94,
2/2/2026,2022.0,20230601.0,20525.0,31755.0,"NOBLE ENERGY, INC. RBU",HVL,INTRASTATE,COLORADO,0.0,7.79,0.0,0.0,0.0,0.0,7.79,0.0,0.0,0.0,0.0,0.0,0.0,0.0,0.0,7.79,0.0,0.0,0.0,0.0,7.79,
2/2/2026,2022.0,20230007.0,19879.0,31779.0,SWISSPORT FUELING INC,Refined and/or Petroleum Product (non-HVL),INTRASTATE,ARIZONA,0.0,12.28,0.0,0.0,0.0,0.0,12.28,0.0,0.0,0.0,0.0,0.0,0.0,0.0,0.0,12.28,0.0,0.0,0.0,0.0,12.28,
2/2/2026,2022.0,20230580.0,20504.0,31801.0,TANDEM ENERGY CORPORATION,Crude Oil,INTRASTATE,TEXAS,0.0,0.245,0.0,0.0,0.0,3.444,3.689,0.0,0.0,0.0,0.0,0.0,0.0,0.0,0.0,0.245,0.0,0.0,0.0,3.444,3.689,
2/2/2026,2022.0,20230284.0,20195.0,31816.0,"MID-CONTINENT FRACTIONATION AND STORAGE, L.L.C.",HVL,INTRASTATE,KANSAS,0.0,59.25,0.0,0.0,0.0,0.0,59.25,0.0,0.0,0.0,0.0,0.0,0.0,0.0,0.0,59.25,0.0,0.0,0.0,0.0,59.25,
2/2/2026,2022.0,20230283.0,20194.0,31816.0,"MID-CONTINENT FRACTIONATION AND STORAGE, L.L.C.",Refined and/or Petroleum Product (non-HVL),INTRASTATE,KANSAS,0.0,3.386,0.0,0.0,0.0,0.0,3.386,0.0,0.0,0.0,0.0,0.0,0.0,0.0,0.0,3.386,0.0,0.0,0.0,0.0,3.386,
2/2/2026,2022.0,20230209.0,20119.0,31822.0,SUNCOR ENERGY (USA) PIPELINE CO.,Crude Oil,INTERSTATE,COLORADO,0.0,104.8,0.0,0.0,0.0,0.0,104.8,0.0,0.0,0.0,0.0,0.0,0.0,0.0,0.0,104.8,0.0,0.0,0.0,0.0,104.8,
2/2/2026,2022.0,20230209.0,20119.0,31822.0,SUNCOR ENERGY (USA) PIPELINE CO.,Crude Oil,INTERSTATE,WYOMING,0.0,17.97,0.0,0.0,0.0,0.0,17.97,0.0,0.0,0.0,0.0,0.0,0.0,0.0,0.0,17.97,0.0,0.0,0.0,0.0,17.97,
2/2/2026,2022.0,20230209.0,20119.0,31822.0,SUNCOR ENERGY (USA) PIPELINE CO.,Crude Oil,INTRASTATE,COLORADO,0.0,25.88,0.0,0.0,0.0,0.0,25.88,0.0,0.0,0.0,0.0,0.0,0.0,0.0,0.0,25.88,0.0,0.0,0.0,0.0,25.88,
2/2/2026,2022.0,20230209.0,20119.0,31822.0,SUNCOR ENERGY (USA) PIPELINE CO.,Crude Oil,INTRASTATE,WYOMING,54.0,165.0,0.0,0.0,0.0,0.0,219.0,0.0,0.0,0.0,0.0,0.0,0.0,0.0,54.0,165.0,0.0,0.0,0.0,0.0,219.0,
2/2/2026,2022.0,20230210.0,20120.0,31822.0,SUNCOR ENERGY (USA) PIPELINE CO.,Refined and/or Petroleum Product (non-HVL),INTRASTATE,COLORADO,0.0,4.17,0.0,0.0,0.0,0.0,4.17,0.0,0.0,0.0,0.0,0.0,0.0,0.0,0.0,4.17,0.0,0.0,0.0,0.0,4.17,
2/2/2026,2022.0,20230137.0,20046.0,31847.0,"CALUMET COTTON VALLEY REFINING, LLC.",Refined and/or Petroleum Product (non-HVL),INTRASTATE,LOUISIANA,0.0,6.35,0.0,0.0,0.0,0.0,6.35,0.0,0.0,0.0,0.0,0.0,0.0,0.0,0.0,6.35,0.0,0.0,0.0,0.0,6.35,
2/2/2026,2022.0,20230466.0,20386.0,31863.0,HFOTCO LLC,Crude Oil,INTRASTATE,TEXAS,0.0,20.59,0.0,0.0,0.0,0.0,20.59,0.0,0.0,0.0,0.0,0.0,0.0,0.0,0.0,20.59,0.0,0.0,0.0,0.0,20.59,
2/2/2026,2022.0,20230583.0,20507.0,31864.0,APACHE CORPORATION,CO2,INTRASTATE,TEXAS,0.0,41.13,0.0,0.0,0.0,0.0,41.13,0.0,0.0,0.0,0.0,0.0,0.0,0.0,0.0,41.13,0.0,0.0,0.0,0.0,41.13,
2/2/2026,2022.0,20230650.0,20575.0,31878.0,BRIDGER PIPELINE LLC,Crude Oil,INTERSTATE,MONTANA,0.0,537.0,0.0,0.0,0.0,0.0,537.0,0.0,0.0,0.0,0.0,0.0,0.0,0.0,0.0,537.0,0.0,0.0,0.0,0.0,537.0,
2/2/2026,2022.0,20230650.0,20575.0,31878.0,BRIDGER PIPELINE LLC,Crude Oil,INTERSTATE,NORTH DAKOTA,0.0,289.0,0.0,0.0,0.0,0.0,289.0,0.0,0.0,0.0,0.0,0.0,0.0,0.0,0.0,289.0,0.0,0.0,0.0,0.0,289.0,
2/2/2026,2022.0,20230650.0,20575.0,31878.0,BRIDGER PIPELINE LLC,Crude Oil,INTERSTATE,WYOMING,0.0,850.0,0.0,0.0,0.0,0.0,850.0,0.0,0.0,0.0,0.0,0.0,0.0,0.0,0.0,850.0,0.0,0.0,0.0,0.0,850.0,
2/2/2026,2022.0,20230648.0,20573.0,31878.0,BRIDGER PIPELINE LLC,Refined and/or Petroleum Product (non-HVL),INTERSTATE,WYOMING,0.0,76.0,0.0,0.0,0.0,0.0,76.0,0.0,0.0,0.0,0.0,0.0,0.0,0.0,0.0,76.0,0.0,0.0,0.0,0.0,76.0,
2/2/2026,2022.0,20230278.0,20189.0,31888.0,CENTURION PIPELINE L.P.,Crude Oil,INTERSTATE,NEW MEXICO,16.91,258.14,0.0,0.0,0.0,0.0,275.05,0.0,0.0,0.0,0.0,0.0,0.0,0.0,16.91,258.14,0.0,0.0,0.0,0.0,275.05,
2/2/2026,2022.0,20230278.0,20189.0,31888.0,CENTURION PIPELINE L.P.,Crude Oil,INTERSTATE,OKLAHOMA,0.0,420.33,0.0,0.0,0.0,0.0,420.33,0.0,0.0,0.0,0.0,0.0,0.0,0.0,0.0,420.33,0.0,0.0,0.0,0.0,420.33,
2/2/2026,2022.0,20230278.0,20189.0,31888.0,CENTURION PIPELINE L.P.,Crude Oil,INTERSTATE,TEXAS,25.0,607.8,0.0,0.0,0.0,0.0,632.8,0.0,0.0,0.0,0.0,0.0,0.0,0.0,25.0,607.8,0.0,0.0,0.0,0.0,632.8,
2/2/2026,2022.0,20230278.0,20189.0,31888.0,CENTURION PIPELINE L.P.,Crude Oil,INTRASTATE,TEXAS,6.52,1075.25,0.0,0.0,0.0,0.0,1081.77,0.0,0.0,0.0,0.0,0.0,0.0,0.0,6.52,1075.25,0.0,0.0,0.0,0.0,1081.77,
2/2/2026,2022.0,20230230.0,20141.0,31914.0,NGL SUPPLY TERMINAL COMPANY LLC,HVL,INTRASTATE,MICHIGAN,0.0,225.0,0.0,0.0,0.0,0.0,225.0,0.0,0.0,0.0,0.0,0.0,0.0,0.0,0.0,225.0,0.0,0.0,0.0,0.0,225.0,
2/2/2026,2022.0,20230613.0,20537.0,31919.0,MIDSTREAM ENERGY PARTNERS (USA) LLC,HVL,INTRASTATE,CALIFORNIA,0.0,47.16,0.0,0.0,0.0,0.0,47.16,0.0,0.0,0.0,0.0,0.0,0.0,0.0,0.0,47.16,0.0,0.0,0.0,0.0,47.16,
2/2/2026,2022.0,20230106.0,20009.0,31933.0,CALCASIEU REFINING COMPANY,Refined and/or Petroleum Product (non-HVL),INTRASTATE,LOUISIANA,0.0,5.4,0.0,0.0,0.0,0.0,5.4,0.0,0.0,0.0,0.0,0.0,0.0,0.0,0.0,5.4,0.0,0.0,0.0,0.0,5.4,
2/2/2026,2022.0,20230334.0,20248.0,31937.0,"TPCO, LLC",Crude Oil,INTRASTATE,MISSISSIPPI,0.0,10.4,0.0,0.0,0.0,0.0,10.4,0.0,0.0,0.0,0.0,0.0,0.0,0.0,0.0,10.4,0.0,0.0,0.0,0.0,10.4,
2/2/2026,2022.0,20230046.0,19932.0,31943.0,COLT MIDSTREAM LLC,HVL,INTRASTATE,TEXAS,0.0,16.36,0.0,0.0,0.0,0.0,16.36,0.0,0.0,0.0,0.0,0.0,0.0,0.0,0.0,16.36,0.0,0.0,0.0,0.0,16.36,
2/2/2026,2022.0,20230370.0,20286.0,31947.0,ENBRIDGE PIPELINES (OZARK) L.L.C.,Crude Oil,INTRASTATE,KANSAS,0.0,0.0,0.0,5.0,0.0,0.0,5.0,0.0,0.0,0.0,0.0,0.0,0.0,0.0,0.0,0.0,0.0,5.0,0.0,0.0,5.0,
2/2/2026,2022.0,20230370.0,20286.0,31947.0,ENBRIDGE PIPELINES (OZARK) L.L.C.,Crude Oil,INTRASTATE,OKLAHOMA,0.0,47.151,0.0,0.0,0.0,0.0,47.151,0.0,0.0,0.0,0.0,0.0,0.0,0.0,0.0,47.151,0.0,0.0,0.0,0.0,47.151,
2/2/2026,2022.0,20230516.0,20438.0,31957.0,KINDER MORGAN WINK PIPELINE LLC,Crude Oil,INTERSTATE,TEXAS,0.0,431.74,0.0,0.0,0.0,0.0,431.74,0.0,0.0,0.0,0.0,0.0,0.0,0.0,0.0,431.74,0.0,0.0,0.0,0.0,431.74,
2/2/2026,2022.0,20230516.0,20438.0,31957.0,KINDER MORGAN WINK PIPELINE LLC,Crude Oil,INTRASTATE,TEXAS,0.0,1.52,0.0,0.0,0.0,0.0,1.52,0.0,0.0,0.0,0.0,0.0,0.0,0.0,0.0,1.52,0.0,0.0,0.0,0.0,1.52,
2/2/2026,2022.0,20230384.0,20300.0,31970.0,"CONOCOPHILLIPS ALASKA, INC.",Refined and/or Petroleum Product (non-HVL),INTRASTATE,ALASKA,0.0,0.0,33.787,0.957,0.0,0.0,34.744,0.0,0.0,0.0,0.0,0.0,0.0,0.0,0.0,0.0,33.787,0.957,0.0,0.0,34.744,
2/2/2026,2022.0,20230346.0,20725.0,31994.0,"PANTHER OPERATING COMPANY, LLC",Crude Oil,INTERSTATE,LOUISIANA,0.0,10.94,0.0,0.0,0.0,0.0,10.94,0.0,37.35,0.0,0.0,0.0,0.0,37.35,0.0,48.29,0.0,0.0,0.0,0.0,48.29,
2/2/2026,2022.0,20230346.0,20725.0,31994.0,"PANTHER OPERATING COMPANY, LLC",Crude Oil,INTERSTATE,OCS-Gulf of Mexico,0.0,0.0,0.0,0.0,0.0,0.0,0.0,0.0,145.63,0.0,0.0,0.0,0.0,145.63,0.0,145.63,0.0,0.0,0.0,0.0,145.63,
2/2/2026,2022.0,20230483.0,20714.0,32005.0,"ENLINK PROCESSING SERVICES, LLC",HVL,INTERSTATE,LOUISIANA,0.0,247.001,0.0,0.0,0.0,0.0,247.001,0.0,0.0,0.0,0.0,0.0,0.0,0.0,0.0,247.001,0.0,0.0,0.0,0.0,247.001,
2/2/2026,2022.0,20230483.0,20714.0,32005.0,"ENLINK PROCESSING SERVICES, LLC",HVL,INTERSTATE,TEXAS,0.0,64.393,0.0,0.0,0.0,0.0,64.393,0.0,0.0,0.0,0.0,0.0,0.0,0.0,0.0,64.393,0.0,0.0,0.0,0.0,64.393,
2/2/2026,2022.0,20230483.0,20714.0,32005.0,"ENLINK PROCESSING SERVICES, LLC",HVL,INTRASTATE,LOUISIANA,0.0,422.829,0.0,0.0,0.0,0.0,422.829,0.0,0.0,0.0,0.0,0.0,0.0,0.0,0.0,422.829,0.0,0.0,0.0,0.0,422.829,
2/2/2026,2022.0,20230485.0,20405.0,32005.0,"ENLINK PROCESSING SERVICES, LLC",Refined and/or Petroleum Product (non-HVL),INTRASTATE,LOUISIANA,0.0,23.04,0.0,0.0,0.0,0.0,23.04,0.0,0.0,0.0,0.0,0.0,0.0,0.0,0.0,23.04,0.0,0.0,0.0,0.0,23.04,
2/2/2026,2022.0,20230014.0,19889.0,32007.0,SUPERIOR PIPELINE COMPANY L.L.C.,HVL,INTRASTATE,OKLAHOMA,0.0,29.34,0.0,0.0,0.0,0.0,29.34,0.0,0.0,0.0,0.0,0.0,0.0,0.0,0.0,29.34,0.0,0.0,0.0,0.0,29.34,
2/2/2026,2022.0,20230416.0,20333.0,32011.0,"HOLLY ENERGY PARTNERS - OPERATING, L.P.",Crude Oil,INTERSTATE,NEW MEXICO,0.0,34.95,0.0,0.0,0.0,0.0,34.95,0.0,0.0,0.0,0.0,0.0,0.0,0.0,0.0,34.95,0.0,0.0,0.0,0.0,34.95,
2/2/2026,2022.0,20230416.0,20333.0,32011.0,"HOLLY ENERGY PARTNERS - OPERATING, L.P.",Crude Oil,INTERSTATE,TEXAS,0.0,25.19,0.0,0.0,0.0,0.0,25.19,0.0,0.0,0.0,0.0,0.0,0.0,0.0,0.0,25.19,0.0,0.0,0.0,0.0,25.19,
2/2/2026,2022.0,20230416.0,20333.0,32011.0,"HOLLY ENERGY PARTNERS - OPERATING, L.P.",Crude Oil,INTERSTATE,UTAH,0.0,231.98,0.0,0.0,0.0,0.0,231.98,0.0,0.0,0.0,0.0,0.0,0.0,0.0,0.0,231.98,0.0,0.0,0.0,0.0,231.98,
2/2/2026,2022.0,20230416.0,20333.0,32011.0,"HOLLY ENERGY PARTNERS - OPERATING, L.P.",Crude Oil,INTERSTATE,WYOMING,0.0,290.67,0.0,0.0,0.0,0.0,290.67,0.0,0.0,0.0,0.0,0.0,0.0,0.0,0.0,290.67,0.0,0.0,0.0,0.0,290.67,
2/2/2026,2022.0,20230416.0,20333.0,32011.0,"HOLLY ENERGY PARTNERS - OPERATING, L.P.",Crude Oil,INTRASTATE,KANSAS,0.0,3.94,0.0,0.0,0.0,0.0,3.94,0.0,0.0,0.0,0.0,0.0,0.0,0.0,0.0,3.94,0.0,0.0,0.0,0.0,3.94,
2/2/2026,2022.0,20230416.0,20333.0,32011.0,"HOLLY ENERGY PARTNERS - OPERATING, L.P.",Crude Oil,INTRASTATE,NEW MEXICO,0.0,325.9,0.0,0.0,0.0,0.0,325.9,0.0,0.0,0.0,0.0,0.0,0.0,0.0,0.0,325.9,0.0,0.0,0.0,0.0,325.9,
2/2/2026,2022.0,20230416.0,20333.0,32011.0,"HOLLY ENERGY PARTNERS - OPERATING, L.P.",Crude Oil,INTRASTATE,TEXAS,0.0,30.51,0.0,0.0,0.0,0.0,30.51,0.0,0.0,0.0,0.0,0.0,0.0,0.0,0.0,30.51,0.0,0.0,0.0,0.0,30.51,
2/2/2026,2022.0,20230432.0,20352.0,32011.0,"HOLLY ENERGY PARTNERS - OPERATING, L.P.",Refined and/or Petroleum Product (non-HVL),INTERSTATE,NEBRASKA,0.0,170.68,0.0,0.0,0.0,0.0,170.68,0.0,0.0,0.0,0.0,0.0,0.0,0.0,0.0,170.68,0.0,0.0,0.0,0.0,170.68,
2/2/2026,2022.0,20230432.0,20352.0,32011.0,"HOLLY ENERGY PARTNERS - OPERATING, L.P.",Refined and/or Petroleum Product (non-HVL),INTERSTATE,NEW MEXICO,0.0,68.55,0.0,0.0,0.0,0.0,68.55,0.0,0.0,0.0,0.0,0.0,0.0,0.0,0.0,68.55,0.0,0.0,0.0,0.0,68.55,
2/2/2026,2022.0,20230432.0,20352.0,32011.0,"HOLLY ENERGY PARTNERS - OPERATING, L.P.",Refined and/or Petroleum Product (non-HVL),INTERSTATE,OKLAHOMA,0.0,28.62,0.0,0.0,0.0,0.0,28.62,0.0,0.0,0.0,0.0,0.0,0.0,0.0,0.0,28.62,0.0,0.0,0.0,0.0,28.62,
2/2/2026,2022.0,20230432.0,20352.0,32011.0,"HOLLY ENERGY PARTNERS - OPERATING, L.P.",Refined and/or Petroleum Product (non-HVL),INTERSTATE,TEXAS,0.0,193.58,0.0,0.0,0.0,0.0,193.58,0.0,0.0,0.0,0.0,0.0,0.0,0.0,0.0,193.58,0.0,0.0,0.0,0.0,193.58,
2/2/2026,2022.0,20230432.0,20352.0,32011.0,"HOLLY ENERGY PARTNERS - OPERATING, L.P.",Refined and/or Petroleum Product (non-HVL),INTERSTATE,UTAH,0.0,4.76,0.0,0.0,0.0,0.0,4.76,0.0,0.0,0.0,0.0,0.0,0.0,0.0,0.0,4.76,0.0,0.0,0.0,0.0,4.76,
2/2/2026,2022.0,20230432.0,20352.0,32011.0,"HOLLY ENERGY PARTNERS - OPERATING, L.P.",Refined and/or Petroleum Product (non-HVL),INTERSTATE,WYOMING,0.0,39.0,0.0,0.0,0.0,0.0,39.0,0.0,0.0,0.0,0.0,0.0,0.0,0.0,0.0,39.0,0.0,0.0,0.0,0.0,39.0,
2/2/2026,2022.0,20230432.0,20352.0,32011.0,"HOLLY ENERGY PARTNERS - OPERATING, L.P.",Refined and/or Petroleum Product (non-HVL),INTRASTATE,IDAHO,0.0,13.3,0.0,0.0,0.0,0.0,13.3,0.0,0.0,0.0,0.0,0.0,0.0,0.0,0.0,13.3,0.0,0.0,0.0,0.0,13.3,
2/2/2026,2022.0,20230432.0,20352.0,32011.0,"HOLLY ENERGY PARTNERS - OPERATING, L.P.",Refined and/or Petroleum Product (non-HVL),INTRASTATE,NEW MEXICO,0.0,229.08,0.0,0.0,0.0,0.0,229.08,0.0,0.0,0.0,0.0,0.0,0.0,0.0,0.0,229.08,0.0,0.0,0.0,0.0,229.08,
2/2/2026,2022.0,20230432.0,20352.0,32011.0,"HOLLY ENERGY PARTNERS - OPERATING, L.P.",Refined and/or Petroleum Product (non-HVL),INTRASTATE,OKLAHOMA,0.0,3.05,0.0,0.0,0.0,0.0,3.05,0.0,0.0,0.0,0.0,0.0,0.0,0.0,0.0,3.05,0.0,0.0,0.0,0.0,3.05,
2/2/2026,2022.0,20230432.0,20352.0,32011.0,"HOLLY ENERGY PARTNERS - OPERATING, L.P.",Refined and/or Petroleum Product (non-HVL),INTRASTATE,TEXAS,0.0,475.15,0.0,0.0,0.0,0.0,475.15,0.0,0.0,0.0,0.0,0.0,0.0,0.0,0.0,475.15,0.0,0.0,0.0,0.0,475.15,
2/2/2026,2022.0,20230432.0,20352.0,32011.0,"HOLLY ENERGY PARTNERS - OPERATING, L.P.",Refined and/or Petroleum Product (non-HVL),INTRASTATE,UTAH,0.0,5.69,0.0,0.0,0.0,0.0,5.69,0.0,0.0,0.0,0.0,0.0,0.0,0.0,0.0,5.69,0.0,0.0,0.0,0.0,5.69,
2/2/2026,2022.0,20230432.0,20352.0,32011.0,"HOLLY ENERGY PARTNERS - OPERATING, L.P.",Refined and/or Petroleum Product (non-HVL),INTRASTATE,WYOMING,0.0,4.0,0.0,0.0,0.0,0.0,4.0,0.0,0.0,0.0,0.0,0.0,0.0,0.0,0.0,4.0,0.0,0.0,0.0,0.0,4.0,
2/2/2026,2022.0,20230704.0,20661.0,32051.0,"MARTIN OPERATING PARTNERSHIP, L.P.",Refined and/or Petroleum Product (non-HVL),INTRASTATE,TEXAS,0.0,5.82,0.0,0.0,0.0,0.0,5.82,0.0,0.0,0.0,0.0,0.0,0.0,0.0,0.0,5.82,0.0,0.0,0.0,0.0,5.82,
2/2/2026,2022.0,20230079.0,19975.0,32052.0,"WHITE MARLIN OPERATING COMPANY, LLC",Crude Oil,INTRASTATE,TEXAS,0.0,0.0,0.0,0.0,0.0,0.0,0.0,0.0,6.52,0.0,0.0,0.0,0.0,6.52,0.0,6.52,0.0,0.0,0.0,0.0,6.52,
2/2/2026,2022.0,20230139.0,20048.0,32062.0,IMTT-PIPELINE,Refined and/or Petroleum Product (non-HVL),INTERSTATE,NEW JERSEY,0.0,6.72,0.0,0.0,0.0,0.0,6.72,0.0,0.0,0.0,0.0,0.0,0.0,0.0,0.0,6.72,0.0,0.0,0.0,0.0,6.72,
2/2/2026,2022.0,20230139.0,20048.0,32062.0,IMTT-PIPELINE,Refined and/or Petroleum Product (non-HVL),INTERSTATE,NEW YORK,0.0,2.83,0.0,0.0,0.0,0.0,2.83,0.0,0.0,0.0,0.0,0.0,0.0,0.0,0.0,2.83,0.0,0.0,0.0,0.0,2.83,
2/2/2026,2022.0,20230373.0,20289.0,32080.0,"CCPS TRANSPORTATION, LLC",Crude Oil,INTERSTATE,ILLINOIS,0.0,335.984,0.0,0.0,0.0,0.0,335.984,0.0,0.0,0.0,0.0,0.0,0.0,0.0,0.0,335.984,0.0,0.0,0.0,0.0,335.984,
2/2/2026,2022.0,20230373.0,20289.0,32080.0,"CCPS TRANSPORTATION, LLC",Crude Oil,INTERSTATE,KANSAS,0.0,245.406,0.0,0.0,0.0,0.0,245.406,0.0,0.0,0.0,0.0,0.0,0.0,0.0,0.0,245.406,0.0,0.0,0.0,0.0,245.406,
2/2/2026,2022.0,20230373.0,20289.0,32080.0,"CCPS TRANSPORTATION, LLC",Crude Oil,INTERSTATE,MISSOURI,0.0,414.47,0.0,0.0,0.0,0.0,414.47,0.0,0.0,0.0,0.0,0.0,0.0,0.0,0.0,414.47,0.0,0.0,0.0,0.0,414.47,
2/2/2026,2022.0,20230373.0,20289.0,32080.0,"CCPS TRANSPORTATION, LLC",Crude Oil,INTERSTATE,OKLAHOMA,0.0,185.543,0.0,0.0,0.0,0.0,185.543,0.0,0.0,0.0,0.0,0.0,0.0,0.0,0.0,185.543,0.0,0.0,0.0,0.0,185.543,
2/2/2026,2022.0,20230444.0,20364.0,32083.0,"DCOR, LLC",Crude Oil,INTERSTATE,CALIFORNIA,0.0,0.44,0.0,0.0,0.0,0.0,0.44,0.0,26.99,0.0,0.0,0.0,0.0,26.99,0.0,27.43,0.0,0.0,0.0,0.0,27.43,
2/2/2026,2022.0,20230444.0,20364.0,32083.0,"DCOR, LLC",Crude Oil,INTERSTATE,OCS-Pacific,0.0,0.0,0.0,0.0,0.0,0.0,0.0,0.0,5.57,0.0,0.0,0.0,0.0,5.57,0.0,5.57,0.0,0.0,0.0,0.0,5.57,
2/2/2026,2022.0,20230444.0,20364.0,32083.0,"DCOR, LLC",Crude Oil,INTRASTATE,CALIFORNIA,0.0,5.25,0.0,0.0,0.0,0.0,5.25,0.0,4.53,0.0,0.0,0.0,0.0,4.53,0.0,9.78,0.0,0.0,0.0,0.0,9.78,
2/2/2026,2022.0,20230285.0,20196.0,32091.0,"WILLIAMS OIL GATHERING, LLC",Crude Oil,INTERSTATE,LOUISIANA,0.0,0.0,0.0,0.0,0.0,0.0,0.0,0.0,17.92,0.0,0.0,0.0,0.0,17.92,0.0,17.92,0.0,0.0,0.0,0.0,17.92,
2/2/2026,2022.0,20230285.0,20196.0,32091.0,"WILLIAMS OIL GATHERING, LLC",Crude Oil,INTERSTATE,OCS-Gulf of Mexico,0.0,0.0,0.0,0.0,0.0,0.0,0.0,0.0,377.36,0.0,0.0,0.0,0.0,377.36,0.0,377.36,0.0,0.0,0.0,0.0,377.36,
2/2/2026,2022.0,20230494.0,20414.0,32094.0,AUX SABLE LIQUID PRODUCTS,HVL,INTRASTATE,ILLINOIS,0.0,31.93,0.0,0.0,0.0,0.0,31.93,0.0,0.0,0.0,0.0,0.0,0.0,0.0,0.0,31.93,0.0,0.0,0.0,0.0,31.93,
2/2/2026,2022.0,20230382.0,20914.0,32095.0,"LBC HOUSTON, L.P.",HVL,INTRASTATE,TEXAS,0.0,1.88,0.0,0.0,0.0,0.0,1.88,0.0,0.0,0.0,0.0,0.0,0.0,0.0,0.0,1.88,0.0,0.0,0.0,0.0,1.88,
2/2/2026,2022.0,20240131.0,20917.0,32095.0,"LBC HOUSTON, L.P.",Refined and/or Petroleum Product (non-HVL),INTRASTATE,TEXAS,0.0,3.9,0.0,0.0,0.0,0.0,3.9,0.0,0.0,0.0,0.0,0.0,0.0,0.0,0.0,3.9,0.0,0.0,0.0,0.0,3.9,
2/2/2026,2022.0,20230467.0,20387.0,32096.0,WYNNEWOOD REFINERY COMPANY,Crude Oil,INTRASTATE,OKLAHOMA,0.0,2.06,0.0,0.0,0.0,0.0,2.06,0.0,0.0,0.0,0.0,0.0,0.0,0.0,0.0,2.06,0.0,0.0,0.0,0.0,2.06,
2/2/2026,2022.0,20230468.0,20388.0,32099.0,ENERGY TRANSFER COMPANY,Crude Oil,INTERSTATE,NEW MEXICO,0.0,15.77,0.0,0.0,0.0,0.0,15.77,0.0,0.0,0.0,0.0,0.0,0.0,0.0,0.0,15.77,0.0,0.0,0.0,0.0,15.77,
2/2/2026,2022.0,20230468.0,20388.0,32099.0,ENERGY TRANSFER COMPANY,Crude Oil,INTERSTATE,TEXAS,0.0,53.89,0.0,0.0,0.0,0.0,53.89,0.0,0.0,0.0,0.0,0.0,0.0,0.0,0.0,53.89,0.0,0.0,0.0,0.0,53.89,
2/2/2026,2022.0,20230468.0,20388.0,32099.0,ENERGY TRANSFER COMPANY,Crude Oil,INTRASTATE,NEW MEXICO,0.0,5.97,0.0,0.0,0.0,0.0,5.97,0.0,0.0,0.0,0.0,0.0,0.0,0.0,0.0,5.97,0.0,0.0,0.0,0.0,5.97,
2/2/2026,2022.0,20230468.0,20388.0,32099.0,ENERGY TRANSFER COMPANY,Crude Oil,INTRASTATE,OKLAHOMA,0.0,1.83,0.0,0.0,0.0,0.0,1.83,0.0,0.0,0.0,0.0,0.0,0.0,0.0,0.0,1.83,0.0,0.0,0.0,0.0,1.83,
2/2/2026,2022.0,20230468.0,20388.0,32099.0,ENERGY TRANSFER COMPANY,Crude Oil,INTRASTATE,TEXAS,0.0,417.1,0.0,0.0,0.0,0.0,417.1,0.0,0.0,0.0,0.0,0.0,0.0,0.0,0.0,417.1,0.0,0.0,0.0,0.0,417.1,
2/2/2026,2022.0,20230470.0,22465.0,32099.0,ENERGY TRANSFER COMPANY,HVL,INTERSTATE,NEW MEXICO,0.0,62.64,0.0,0.0,0.0,0.0,62.64,0.0,0.0,0.0,0.0,0.0,0.0,0.0,0.0,62.64,0.0,0.0,0.0,0.0,62.64,
2/2/2026,2022.0,20230470.0,22465.0,32099.0,ENERGY TRANSFER COMPANY,HVL,INTERSTATE,TEXAS,0.0,1059.19,0.0,0.0,0.0,0.0,1059.19,0.0,0.0,0.0,0.0,0.0,0.0,0.0,0.0,1059.19,0.0,0.0,0.0,0.0,1059.19,
2/2/2026,2022.0,20230470.0,22465.0,32099.0,ENERGY TRANSFER COMPANY,HVL,INTRASTATE,LOUISIANA,0.0,243.89,0.0,0.0,0.0,0.0,243.89,0.0,0.0,0.0,0.0,0.0,0.0,0.0,0.0,243.89,0.0,0.0,0.0,0.0,243.89,
2/2/2026,2022.0,20230470.0,22465.0,32099.0,ENERGY TRANSFER COMPANY,HVL,INTRASTATE,NEW MEXICO,0.0,32.18,0.0,0.0,0.0,0.0,32.18,0.0,0.0,0.0,0.0,0.0,0.0,0.0,0.0,32.18,0.0,0.0,0.0,0.0,32.18,
2/2/2026,2022.0,20230470.0,22465.0,32099.0,ENERGY TRANSFER COMPANY,HVL,INTRASTATE,OKLAHOMA,0.0,2.23,0.0,0.0,0.0,0.0,2.23,0.0,0.0,0.0,0.0,0.0,0.0,0.0,0.0,2.23,0.0,0.0,0.0,0.0,2.23,
2/2/2026,2022.0,20230470.0,22465.0,32099.0,ENERGY TRANSFER COMPANY,HVL,INTRASTATE,PENNSYLVANIA,0.0,14.89,0.0,0.0,0.0,0.0,14.89,0.0,0.0,0.0,0.0,0.0,0.0,0.0,0.0,14.89,0.0,0.0,0.0,0.0,14.89,
2/2/2026,2022.0,20230470.0,22465.0,32099.0,ENERGY TRANSFER COMPANY,HVL,INTRASTATE,TEXAS,0.0,2168.38,0.0,0.0,0.0,0.0,2168.38,0.0,0.0,0.0,0.0,0.0,0.0,0.0,0.0,2168.38,0.0,0.0,0.0,0.0,2168.38,
2/2/2026,2022.0,20230469.0,21620.0,32099.0,ENERGY TRANSFER COMPANY,Refined and/or Petroleum Product (non-HVL),INTRASTATE,TEXAS,0.0,74.69,0.0,0.0,0.0,0.0,74.69,0.0,0.0,0.0,0.0,0.0,0.0,0.0,0.0,74.69,0.0,0.0,0.0,0.0,74.69,
2/2/2026,2022.0,20230578.0,20502.0,32103.0,CRIMSON PIPELINE L.P.,Crude Oil,INTRASTATE,CALIFORNIA,12.0,1111.25,5.0,362.591,0.0,0.0,1490.841,0.0,0.0,0.0,0.0,0.0,0.0,0.0,12.0,1111.25,5.0,362.591,0.0,0.0,1490.841,
2/2/2026,2022.0,20230656.0,20582.0,32109.0,"ONEOK NGL PIPELINE, LLC",HVL,INTERSTATE,COLORADO,0.0,149.52,0.0,0.0,0.0,0.0,149.52,0.0,0.0,0.0,0.0,0.0,0.0,0.0,0.0,149.52,0.0,0.0,0.0,0.0,149.52,
2/2/2026,2022.0,20230656.0,20582.0,32109.0,"ONEOK NGL PIPELINE, LLC",HVL,INTERSTATE,ILLINOIS,0.0,295.68,0.0,0.0,0.0,0.0,295.68,0.0,0.0,0.0,0.0,0.0,0.0,0.0,0.0,295.68,0.0,0.0,0.0,0.0,295.68,
2/2/2026,2022.0,20230656.0,20582.0,32109.0,"ONEOK NGL PIPELINE, LLC",HVL,INTERSTATE,INDIANA,0.0,4.41,0.0,0.0,0.0,0.0,4.41,0.0,0.0,0.0,0.0,0.0,0.0,0.0,0.0,4.41,0.0,0.0,0.0,0.0,4.41,
2/2/2026,2022.0,20230656.0,20582.0,32109.0,"ONEOK NGL PIPELINE, LLC",HVL,INTERSTATE,IOWA,0.0,348.66,0.0,0.0,0.0,0.0,348.66,0.0,0.0,0.0,0.0,0.0,0.0,0.0,0.0,348.66,0.0,0.0,0.0,0.0,348.66,
2/2/2026,2022.0,20230656.0,20582.0,32109.0,"ONEOK NGL PIPELINE, LLC",HVL,INTERSTATE,KANSAS,0.07,1508.53,0.0,0.0,0.0,0.0,1508.6,0.0,0.0,0.0,0.0,0.0,0.0,0.0,0.07,1508.53,0.0,0.0,0.0,0.0,1508.6,
2/2/2026,2022.0,20230656.0,20582.0,32109.0,"ONEOK NGL PIPELINE, LLC",HVL,INTERSTATE,MISSOURI,0.0,38.42,0.0,0.0,0.0,0.0,38.42,0.0,0.0,0.0,0.0,0.0,0.0,0.0,0.0,38.42,0.0,0.0,0.0,0.0,38.42,
2/2/2026,2022.0,20230656.0,20582.0,32109.0,"ONEOK NGL PIPELINE, LLC",HVL,INTERSTATE,MONTANA,0.56,460.69,0.0,0.0,0.0,0.0,461.25,0.0,0.0,0.0,0.0,0.0,0.0,0.0,0.56,460.69,0.0,0.0,0.0,0.0,461.25,
2/2/2026,2022.0,20230656.0,20582.0,32109.0,"ONEOK NGL PIPELINE, LLC",HVL,INTERSTATE,NEBRASKA,0.0,78.62,0.0,0.0,0.0,0.0,78.62,0.0,0.0,0.0,0.0,0.0,0.0,0.0,0.0,78.62,0.0,0.0,0.0,0.0,78.62,
2/2/2026,2022.0,20230656.0,20582.0,32109.0,"ONEOK NGL PIPELINE, LLC",HVL,INTERSTATE,NEW MEXICO,0.0,225.05,0.0,0.0,0.0,0.0,225.05,0.0,0.0,0.0,0.0,0.0,0.0,0.0,0.0,225.05,0.0,0.0,0.0,0.0,225.05,
2/2/2026,2022.0,20230656.0,20582.0,32109.0,"ONEOK NGL PIPELINE, LLC",HVL,INTERSTATE,NORTH DAKOTA,0.01,331.61,0.0,0.0,0.0,0.0,331.62,0.0,0.0,0.0,0.0,0.0,0.0,0.0,0.01,331.61,0.0,0.0,0.0,0.0,331.62,
2/2/2026,2022.0,20230656.0,20582.0,32109.0,"ONEOK NGL PIPELINE, LLC",HVL,INTERSTATE,OKLAHOMA,0.37,1548.74,0.0,0.0,0.0,0.0,1549.11,0.0,0.0,0.0,0.0,0.0,0.0,0.0,0.37,1548.74,0.0,0.0,0.0,0.0,1549.11,
2/2/2026,2022.0,20230656.0,20582.0,32109.0,"ONEOK NGL PIPELINE, LLC",HVL,INTERSTATE,TEXAS,154.37,4699.71,0.0,0.0,0.0,0.0,4854.08,0.0,0.0,0.0,0.0,0.0,0.0,0.0,154.37,4699.71,0.0,0.0,0.0,0.0,4854.08,
2/2/2026,2022.0,20230656.0,20582.0,32109.0,"ONEOK NGL PIPELINE, LLC",HVL,INTERSTATE,WYOMING,0.09,735.45,0.0,0.0,0.0,0.0,735.54,0.0,0.0,0.0,0.0,0.0,0.0,0.0,0.09,735.45,0.0,0.0,0.0,0.0,735.54,
2/2/2026,2022.0,20230656.0,20582.0,32109.0,"ONEOK NGL PIPELINE, LLC",HVL,INTRASTATE,KANSAS,0.02,450.97,0.0,0.0,0.0,0.0,450.99,0.0,0.0,0.0,0.0,0.0,0.0,0.0,0.02,450.97,0.0,0.0,0.0,0.0,450.99,
2/2/2026,2022.0,20230656.0,20582.0,32109.0,"ONEOK NGL PIPELINE, LLC",HVL,INTRASTATE,OKLAHOMA,0.28,2107.26,0.0,0.0,0.0,0.0,2107.54,0.0,0.0,0.0,0.0,0.0,0.0,0.0,0.28,2107.26,0.0,0.0,0.0,0.0,2107.54,
2/2/2026,2022.0,20230656.0,20582.0,32109.0,"ONEOK NGL PIPELINE, LLC",HVL,INTRASTATE,TEXAS,0.01,168.74,0.0,0.0,0.0,0.0,168.75,0.0,0.0,0.0,0.0,0.0,0.0,0.0,0.01,168.74,0.0,0.0,0.0,0.0,168.75,
2/2/2026,2022.0,20230668.0,20594.0,32109.0,"ONEOK NGL PIPELINE, LLC",Refined and/or Petroleum Product (non-HVL),INTERSTATE,ILLINOIS,0.0,1.48,0.0,0.0,0.0,0.0,1.48,0.0,0.0,0.0,0.0,0.0,0.0,0.0,0.0,1.48,0.0,0.0,0.0,0.0,1.48,
2/2/2026,2022.0,20230668.0,20594.0,32109.0,"ONEOK NGL PIPELINE, LLC",Refined and/or Petroleum Product (non-HVL),INTERSTATE,IOWA,0.0,147.37,0.0,0.0,0.0,0.0,147.37,0.0,0.0,0.0,0.0,0.0,0.0,0.0,0.0,147.37,0.0,0.0,0.0,0.0,147.37,
2/2/2026,2022.0,20230668.0,20594.0,32109.0,"ONEOK NGL PIPELINE, LLC",Refined and/or Petroleum Product (non-HVL),INTERSTATE,KANSAS,0.0,244.84,0.0,0.0,0.0,0.0,244.84,0.0,0.0,0.0,0.0,0.0,0.0,0.0,0.0,244.84,0.0,0.0,0.0,0.0,244.84,
2/2/2026,2022.0,20230668.0,20594.0,32109.0,"ONEOK NGL PIPELINE, LLC",Refined and/or Petroleum Product (non-HVL),INTERSTATE,NEBRASKA,0.0,114.09,0.0,0.0,0.0,0.0,114.09,0.0,0.0,0.0,0.0,0.0,0.0,0.0,0.0,114.09,0.0,0.0,0.0,0.0,114.09,
2/2/2026,2022.0,20230668.0,20594.0,32109.0,"ONEOK NGL PIPELINE, LLC",Refined and/or Petroleum Product (non-HVL),INTERSTATE,OKLAHOMA,0.0,15.6,0.0,0.0,0.0,0.0,15.6,0.0,0.0,0.0,0.0,0.0,0.0,0.0,0.0,15.6,0.0,0.0,0.0,0.0,15.6,
2/2/2026,2022.0,20230668.0,20594.0,32109.0,"ONEOK NGL PIPELINE, LLC",Refined and/or Petroleum Product (non-HVL),INTRASTATE,TEXAS,0.0,0.71,0.0,0.0,0.0,0.0,0.71,0.0,0.0,0.0,0.0,0.0,0.0,0.0,0.0,0.71,0.0,0.0,0.0,0.0,0.71,
2/2/2026,2022.0,20230168.0,20078.0,32114.0,COPANO NGL SERVICES LLC,HVL,INTRASTATE,TEXAS,0.0,183.37,0.0,0.0,0.0,0.0,183.37,0.0,0.0,0.0,0.0,0.0,0.0,0.0,0.0,183.37,0.0,0.0,0.0,0.0,183.37,
2/2/2026,2022.0,20230481.0,20401.0,32117.0,"ASCENSION PIPELINE COMPANY, LLC",Refined and/or Petroleum Product (non-HVL),INTRASTATE,LOUISIANA,0.0,32.48,0.0,0.0,0.0,0.0,32.48,0.0,0.0,0.0,0.0,0.0,0.0,0.0,0.0,32.48,0.0,0.0,0.0,0.0,32.48,
2/2/2026,2022.0,20230094.0,19996.0,32120.0,NORTHVILLE INDUSTRIES CORP.,Refined and/or Petroleum Product (non-HVL),INTRASTATE,NEW YORK,0.0,36.69,0.0,0.0,0.0,0.0,36.69,0.0,0.0,0.0,0.0,0.0,0.0,0.0,0.0,36.69,0.0,0.0,0.0,0.0,36.69,
2/2/2026,2022.0,20230369.0,20285.0,32135.0,PHILLIPS 66 COMPANY - LOS ANGELES REFINERY,Crude Oil,INTRASTATE,CALIFORNIA,0.0,0.0,0.0,0.0,0.0,0.0,0.0,0.0,0.0,0.0,0.0,0.0,0.0,0.0,0.0,0.0,0.0,0.0,0.0,0.0,0.0,
2/2/2026,2022.0,20230490.0,20410.0,32147.0,MARATHON PIPE LINE LLC,Crude Oil,INTERSTATE,COLORADO,0.0,2.7,0.0,0.0,0.0,0.0,2.7,0.0,0.0,0.0,0.0,0.0,0.0,0.0,0.0,2.7,0.0,0.0,0.0,0.0,2.7,
2/2/2026,2022.0,20230490.0,20410.0,32147.0,MARATHON PIPE LINE LLC,Crude Oil,INTERSTATE,ILLINOIS,0.0,479.2,0.0,0.0,0.0,0.0,479.2,0.0,0.0,0.0,0.0,0.0,0.0,0.0,0.0,479.2,0.0,0.0,0.0,0.0,479.2,
2/2/2026,2022.0,20230490.0,20410.0,32147.0,MARATHON PIPE LINE LLC,Crude Oil,INTERSTATE,INDIANA,0.0,230.2,0.0,0.0,0.0,0.0,230.2,0.0,0.0,0.0,0.0,0.0,0.0,0.0,0.0,230.2,0.0,0.0,0.0,0.0,230.2,
2/2/2026,2022.0,20230490.0,20410.0,32147.0,MARATHON PIPE LINE LLC,Crude Oil,INTERSTATE,KENTUCKY,0.0,319.1,0.0,0.0,0.0,0.0,319.1,0.0,0.0,0.0,0.0,0.0,0.0,0.0,0.0,319.1,0.0,0.0,0.0,0.0,319.1,
2/2/2026,2022.0,20230490.0,20410.0,32147.0,MARATHON PIPE LINE LLC,Crude Oil,INTERSTATE,LOUISIANA,0.0,94.1,0.0,0.0,0.0,0.0,94.1,0.0,0.0,0.0,0.0,0.0,0.0,0.0,0.0,94.1,0.0,0.0,0.0,0.0,94.1,
2/2/2026,2022.0,20230490.0,20410.0,32147.0,MARATHON PIPE LINE LLC,Crude Oil,INTERSTATE,MICHIGAN,0.0,61.4,0.0,0.0,0.0,0.0,61.4,0.0,0.0,0.0,0.0,0.0,0.0,0.0,0.0,61.4,0.0,0.0,0.0,0.0,61.4,
2/2/2026,2022.0,20230490.0,20410.0,32147.0,MARATHON PIPE LINE LLC,Crude Oil,INTERSTATE,MISSISSIPPI,0.0,288.9,0.0,0.0,0.0,0.0,288.9,0.0,0.0,0.0,0.0,0.0,0.0,0.0,0.0,288.9,0.0,0.0,0.0,0.0,288.9,
2/2/2026,2022.0,20230490.0,20410.0,32147.0,MARATHON PIPE LINE LLC,Crude Oil,INTERSTATE,MISSOURI,0.0,295.4,0.0,0.0,0.0,0.0,295.4,0.0,0.0,0.0,0.0,0.0,0.0,0.0,0.0,295.4,0.0,0.0,0.0,0.0,295.4,
2/2/2026,2022.0,20230490.0,20410.0,32147.0,MARATHON PIPE LINE LLC,Crude Oil,INTERSTATE,OHIO,0.0,38.4,0.0,0.0,0.0,0.0,38.4,0.0,0.0,0.0,0.0,0.0,0.0,0.0,0.0,38.4,0.0,0.0,0.0,0.0,38.4,
2/2/2026,2022.0,20230490.0,20410.0,32147.0,MARATHON PIPE LINE LLC,Crude Oil,INTERSTATE,OKLAHOMA,0.0,143.7,0.0,0.0,0.0,0.0,143.7,0.0,0.0,0.0,0.0,0.0,0.0,0.0,0.0,143.7,0.0,0.0,0.0,0.0,143.7,
2/2/2026,2022.0,20230490.0,20410.0,32147.0,MARATHON PIPE LINE LLC,Crude Oil,INTERSTATE,TENNESSEE,0.0,110.3,0.0,0.0,0.0,0.0,110.3,0.0,0.0,0.0,0.0,0.0,0.0,0.0,0.0,110.3,0.0,0.0,0.0,0.0,110.3,
2/2/2026,2022.0,20230490.0,20410.0,32147.0,MARATHON PIPE LINE LLC,Crude Oil,INTERSTATE,UTAH,0.0,1.2,0.0,0.0,0.0,0.0,1.2,0.0,0.0,0.0,0.0,0.0,0.0,0.0,0.0,1.2,0.0,0.0,0.0,0.0,1.2,
2/2/2026,2022.0,20230490.0,20410.0,32147.0,MARATHON PIPE LINE LLC,Crude Oil,INTERSTATE,WEST VIRGINIA,0.0,0.4,0.0,0.0,0.0,0.0,0.4,0.0,0.0,0.0,0.0,0.0,0.0,0.0,0.0,0.4,0.0,0.0,0.0,0.0,0.4,
2/2/2026,2022.0,20230490.0,20410.0,32147.0,MARATHON PIPE LINE LLC,Crude Oil,INTERSTATE,WYOMING,0.0,401.0,13.6,0.0,0.0,0.0,414.6,0.0,0.0,0.0,0.0,0.0,0.0,0.0,0.0,401.0,13.6,0.0,0.0,0.0,414.6,
2/2/2026,2022.0,20230490.0,20410.0,32147.0,MARATHON PIPE LINE LLC,Crude Oil,INTRASTATE,CALIFORNIA,0.0,38.9,0.0,0.0,0.0,0.0,38.9,0.0,0.0,0.0,0.0,0.0,0.0,0.0,0.0,38.9,0.0,0.0,0.0,0.0,38.9,
2/2/2026,2022.0,20230490.0,20410.0,32147.0,MARATHON PIPE LINE LLC,Crude Oil,INTRASTATE,ILLINOIS,0.0,6.5,0.0,0.0,0.0,0.0,6.5,0.0,0.0,0.0,0.0,0.0,0.0,0.0,0.0,6.5,0.0,0.0,0.0,0.0,6.5,
2/2/2026,2022.0,20230490.0,20410.0,32147.0,MARATHON PIPE LINE LLC,Crude Oil,INTRASTATE,KENTUCKY,0.0,1.8,0.0,0.0,0.0,0.0,1.8,0.0,0.0,0.0,0.0,0.0,0.0,0.0,0.0,1.8,0.0,0.0,0.0,0.0,1.8,
2/2/2026,2022.0,20230490.0,20410.0,32147.0,MARATHON PIPE LINE LLC,Crude Oil,INTRASTATE,MINNESOTA,0.0,4.8,0.0,0.0,0.0,0.0,4.8,0.0,0.0,0.0,0.0,0.0,0.0,0.0,0.0,4.8,0.0,0.0,0.0,0.0,4.8,
2/2/2026,2022.0,20230490.0,20410.0,32147.0,MARATHON PIPE LINE LLC,Crude Oil,INTRASTATE,OHIO,0.0,153.1,0.0,0.0,0.0,0.0,153.1,0.0,0.0,0.0,0.0,0.0,0.0,0.0,0.0,153.1,0.0,0.0,0.0,0.0,153.1,
2/2/2026,2022.0,20230490.0,20410.0,32147.0,MARATHON PIPE LINE LLC,Crude Oil,INTRASTATE,TEXAS,0.0,1.3,0.0,0.0,0.0,0.0,1.3,0.0,0.0,0.0,0.0,0.0,0.0,0.0,0.0,1.3,0.0,0.0,0.0,0.0,1.3,
2/2/2026,2022.0,20230490.0,20410.0,32147.0,MARATHON PIPE LINE LLC,Crude Oil,INTRASTATE,UTAH,0.0,5.2,0.0,0.0,0.0,0.0,5.2,0.0,0.0,0.0,0.0,0.0,0.0,0.0,0.0,5.2,0.0,0.0,0.0,0.0,5.2,
2/2/2026,2022.0,20230491.0,20411.0,32147.0,MARATHON PIPE LINE LLC,HVL,INTERSTATE,ILLINOIS,0.0,30.6,0.0,0.0,0.0,0.0,30.6,0.0,0.0,0.0,0.0,0.0,0.0,0.0,0.0,30.6,0.0,0.0,0.0,0.0,30.6,
2/2/2026,2022.0,20230491.0,20411.0,32147.0,MARATHON PIPE LINE LLC,HVL,INTERSTATE,INDIANA,0.0,28.2,0.0,0.0,0.0,0.0,28.2,0.0,0.0,0.0,0.0,0.0,0.0,0.0,0.0,28.2,0.0,0.0,0.0,0.0,28.2,
2/2/2026,2022.0,20230491.0,20411.0,32147.0,MARATHON PIPE LINE LLC,HVL,INTERSTATE,KENTUCKY,0.0,0.2,0.0,0.0,0.0,0.0,0.2,0.0,0.0,0.0,0.0,0.0,0.0,0.0,0.0,0.2,0.0,0.0,0.0,0.0,0.2,
2/2/2026,2022.0,20230491.0,20411.0,32147.0,MARATHON PIPE LINE LLC,HVL,INTERSTATE,NEW MEXICO,0.0,115.3,0.0,0.0,0.0,0.0,115.3,0.0,0.0,0.0,0.0,0.0,0.0,0.0,0.0,115.3,0.0,0.0,0.0,0.0,115.3,
2/2/2026,2022.0,20230491.0,20411.0,32147.0,MARATHON PIPE LINE LLC,HVL,INTERSTATE,TEXAS,0.0,41.3,0.0,0.0,0.0,0.0,41.3,0.0,0.0,0.0,0.0,0.0,0.0,0.0,0.0,41.3,0.0,0.0,0.0,0.0,41.3,
2/2/2026,2022.0,20230491.0,20411.0,32147.0,MARATHON PIPE LINE LLC,HVL,INTERSTATE,WEST VIRGINIA,0.0,3.1,0.0,0.0,0.0,0.0,3.1,0.0,0.0,0.0,0.0,0.0,0.0,0.0,0.0,3.1,0.0,0.0,0.0,0.0,3.1,
2/2/2026,2022.0,20230491.0,20411.0,32147.0,MARATHON PIPE LINE LLC,HVL,INTRASTATE,CALIFORNIA,0.0,2.3,0.0,0.0,0.0,0.0,2.3,0.0,0.0,0.0,0.0,0.0,0.0,0.0,0.0,2.3,0.0,0.0,0.0,0.0,2.3,
2/2/2026,2022.0,20230491.0,20411.0,32147.0,MARATHON PIPE LINE LLC,HVL,INTRASTATE,MICHIGAN,0.0,26.3,0.0,0.0,0.0,0.0,26.3,0.0,0.0,0.0,0.0,0.0,0.0,0.0,0.0,26.3,0.0,0.0,0.0,0.0,26.3,
2/2/2026,2022.0,20230491.0,20411.0,32147.0,MARATHON PIPE LINE LLC,HVL,INTRASTATE,TEXAS,0.0,212.3,0.0,0.0,0.0,0.0,212.3,0.0,0.0,0.0,0.0,0.0,0.0,0.0,0.0,212.3,0.0,0.0,0.0,0.0,212.3,
2/2/2026,2022.0,20230488.0,20766.0,32147.0,MARATHON PIPE LINE LLC,Refined and/or Petroleum Product (non-HVL),INTERSTATE,ARKANSAS,0.0,19.7,0.0,0.0,0.0,0.0,19.7,0.0,0.0,0.0,0.0,0.0,0.0,0.0,0.0,19.7,0.0,0.0,0.0,0.0,19.7,
2/2/2026,2022.0,20230488.0,20766.0,32147.0,MARATHON PIPE LINE LLC,Refined and/or Petroleum Product (non-HVL),INTERSTATE,IDAHO,0.0,554.2,0.0,0.0,0.0,0.0,554.2,0.0,0.0,0.0,0.0,0.0,0.0,0.0,0.0,554.2,0.0,0.0,0.0,0.0,554.2,
2/2/2026,2022.0,20230488.0,20766.0,32147.0,MARATHON PIPE LINE LLC,Refined and/or Petroleum Product (non-HVL),INTERSTATE,ILLINOIS,2.7,936.8,0.0,0.0,0.0,0.0,939.5,0.0,0.0,0.0,0.0,0.0,0.0,0.0,2.7,936.8,0.0,0.0,0.0,0.0,939.5,
2/2/2026,2022.0,20230488.0,20766.0,32147.0,MARATHON PIPE LINE LLC,Refined and/or Petroleum Product (non-HVL),INTERSTATE,INDIANA,0.7,725.0,0.0,0.0,0.0,0.0,725.7,0.0,0.0,0.0,0.0,0.0,0.0,0.0,0.7,725.0,0.0,0.0,0.0,0.0,725.7,
2/2/2026,2022.0,20230488.0,20766.0,32147.0,MARATHON PIPE LINE LLC,Refined and/or Petroleum Product (non-HVL),INTERSTATE,KENTUCKY,0.0,77.5,0.0,0.0,0.0,0.0,77.5,0.0,0.0,0.0,0.0,0.0,0.0,0.0,0.0,77.5,0.0,0.0,0.0,0.0,77.5,
2/2/2026,2022.0,20230488.0,20766.0,32147.0,MARATHON PIPE LINE LLC,Refined and/or Petroleum Product (non-HVL),INTERSTATE,LOUISIANA,0.0,309.9,0.0,0.0,0.0,0.0,309.9,0.0,0.0,0.0,0.0,0.0,0.0,0.0,0.0,309.9,0.0,0.0,0.0,0.0,309.9,
2/2/2026,2022.0,20230488.0,20766.0,32147.0,MARATHON PIPE LINE LLC,Refined and/or Petroleum Product (non-HVL),INTERSTATE,MICHIGAN,0.0,121.1,0.0,0.0,0.0,0.0,121.1,0.0,0.0,0.0,0.0,0.0,0.0,0.0,0.0,121.1,0.0,0.0,0.0,0.0,121.1,
2/2/2026,2022.0,20230488.0,20766.0,32147.0,MARATHON PIPE LINE LLC,Refined and/or Petroleum Product (non-HVL),INTERSTATE,MISSISSIPPI,0.0,151.8,0.0,0.0,0.0,0.0,151.8,0.0,0.0,0.0,0.0,0.0,0.0,0.0,0.0,151.8,0.0,0.0,0.0,0.0,151.8,
2/2/2026,2022.0,20230488.0,20766.0,32147.0,MARATHON PIPE LINE LLC,Refined and/or Petroleum Product (non-HVL),INTERSTATE,OHIO,0.0,693.6,0.0,0.0,0.0,0.0,693.6,0.0,0.0,0.0,0.0,0.0,0.0,0.0,0.0,693.6,0.0,0.0,0.0,0.0,693.6,
2/2/2026,2022.0,20230488.0,20766.0,32147.0,MARATHON PIPE LINE LLC,Refined and/or Petroleum Product (non-HVL),INTERSTATE,OREGON,0.0,250.1,0.0,0.0,0.0,0.0,250.1,0.0,0.0,0.0,0.0,0.0,0.0,0.0,0.0,250.1,0.0,0.0,0.0,0.0,250.1,
2/2/2026,2022.0,20230488.0,20766.0,32147.0,MARATHON PIPE LINE LLC,Refined and/or Petroleum Product (non-HVL),INTERSTATE,PENNSYLVANIA,0.0,12.7,0.0,0.0,0.0,0.0,12.7,0.0,0.0,0.0,0.0,0.0,0.0,0.0,0.0,12.7,0.0,0.0,0.0,0.0,12.7,
2/2/2026,2022.0,20230488.0,20766.0,32147.0,MARATHON PIPE LINE LLC,Refined and/or Petroleum Product (non-HVL),INTERSTATE,TENNESSEE,0.0,112.9,0.0,0.0,0.0,0.0,112.9,0.0,0.0,0.0,0.0,0.0,0.0,0.0,0.0,112.9,0.0,0.0,0.0,0.0,112.9,
2/2/2026,2022.0,20230488.0,20766.0,32147.0,MARATHON PIPE LINE LLC,Refined and/or Petroleum Product (non-HVL),INTERSTATE,TEXAS,0.0,85.5,0.0,0.0,0.0,0.0,85.5,0.0,0.0,0.0,0.0,0.0,0.0,0.0,0.0,85.5,0.0,0.0,0.0,0.0,85.5,
2/2/2026,2022.0,20230488.0,20766.0,32147.0,MARATHON PIPE LINE LLC,Refined and/or Petroleum Product (non-HVL),INTERSTATE,UTAH,0.0,222.3,0.0,0.0,0.0,0.0,222.3,0.0,0.0,0.0,0.0,0.0,0.0,0.0,0.0,222.3,0.0,0.0,0.0,0.0,222.3,
2/2/2026,2022.0,20230488.0,20766.0,32147.0,MARATHON PIPE LINE LLC,Refined and/or Petroleum Product (non-HVL),INTERSTATE,WASHINGTON,0.0,177.2,0.0,0.0,0.0,0.0,177.2,0.0,0.0,0.0,0.0,0.0,0.0,0.0,0.0,177.2,0.0,0.0,0.0,0.0,177.2,
2/2/2026,2022.0,20230488.0,20766.0,32147.0,MARATHON PIPE LINE LLC,Refined and/or Petroleum Product (non-HVL),INTERSTATE,WEST VIRGINIA,0.0,10.9,0.0,0.0,0.0,0.0,10.9,0.0,0.0,0.0,0.0,0.0,0.0,0.0,0.0,10.9,0.0,0.0,0.0,0.0,10.9,
2/2/2026,2022.0,20230488.0,20766.0,32147.0,MARATHON PIPE LINE LLC,Refined and/or Petroleum Product (non-HVL),INTRASTATE,ALASKA,0.0,73.4,0.0,0.0,0.0,0.0,73.4,0.0,0.0,0.0,0.0,0.0,0.0,0.0,0.0,73.4,0.0,0.0,0.0,0.0,73.4,
2/2/2026,2022.0,20230488.0,20766.0,32147.0,MARATHON PIPE LINE LLC,Refined and/or Petroleum Product (non-HVL),INTRASTATE,CALIFORNIA,0.0,79.3,0.0,0.0,0.0,0.0,79.3,0.0,0.0,0.0,0.0,0.0,0.0,0.0,0.0,79.3,0.0,0.0,0.0,0.0,79.3,
2/2/2026,2022.0,20230488.0,20766.0,32147.0,MARATHON PIPE LINE LLC,Refined and/or Petroleum Product (non-HVL),INTRASTATE,KENTUCKY,0.0,86.7,0.0,0.0,0.0,0.0,86.7,0.0,0.0,0.0,0.0,0.0,0.0,0.0,0.0,86.7,0.0,0.0,0.0,0.0,86.7,
2/2/2026,2022.0,20230488.0,20766.0,32147.0,MARATHON PIPE LINE LLC,Refined and/or Petroleum Product (non-HVL),INTRASTATE,MINNESOTA,0.0,8.6,0.0,0.0,0.0,0.0,8.6,0.0,0.0,0.0,0.0,0.0,0.0,0.0,0.0,8.6,0.0,0.0,0.0,0.0,8.6,
2/2/2026,2022.0,20230488.0,20766.0,32147.0,MARATHON PIPE LINE LLC,Refined and/or Petroleum Product (non-HVL),INTRASTATE,OHIO,0.0,57.2,0.0,0.0,0.0,0.0,57.2,0.0,0.0,0.0,0.0,0.0,0.0,0.0,0.0,57.2,0.0,0.0,0.0,0.0,57.2,
2/2/2026,2022.0,20230488.0,20766.0,32147.0,MARATHON PIPE LINE LLC,Refined and/or Petroleum Product (non-HVL),INTRASTATE,TEXAS,0.0,3.9,0.0,0.0,0.0,0.0,3.9,0.0,0.0,0.0,0.0,0.0,0.0,0.0,0.0,3.9,0.0,0.0,0.0,0.0,3.9,
2/2/2026,2022.0,20230488.0,20766.0,32147.0,MARATHON PIPE LINE LLC,Refined and/or Petroleum Product (non-HVL),INTRASTATE,UTAH,0.0,9.0,0.0,0.0,0.0,0.0,9.0,0.0,0.0,0.0,0.0,0.0,0.0,0.0,0.0,9.0,0.0,0.0,0.0,0.0,9.0,
2/2/2026,2022.0,20230691.0,20618.0,32174.0,MCCAIN PIPELINE COMPANY,Refined and/or Petroleum Product (non-HVL),INTRASTATE,MISSISSIPPI,0.0,5.1,0.0,0.0,0.0,0.0,5.1,0.0,0.0,0.0,0.0,0.0,0.0,0.0,0.0,5.1,0.0,0.0,0.0,0.0,5.1,
2/2/2026,2022.0,20230089.0,19991.0,32215.0,NOVA CHEMICALS CORPORATION,HVL,INTRASTATE,MICHIGAN,0.0,11.15,0.0,0.0,0.0,0.0,11.15,0.0,0.0,0.0,0.0,0.0,0.0,0.0,0.0,11.15,0.0,0.0,0.0,0.0,11.15,
2/2/2026,2022.0,20230562.0,20486.0,32223.0,VALERO REFINING COMPANY-CALIFORNIA,Crude Oil,INTRASTATE,CALIFORNIA,0.0,5.203,0.0,0.0,0.0,0.0,5.203,0.0,0.0,0.0,0.0,0.0,0.0,0.0,0.0,5.203,0.0,0.0,0.0,0.0,5.203,
2/2/2026,2022.0,20230563.0,20734.0,32223.0,VALERO REFINING COMPANY-CALIFORNIA,Refined and/or Petroleum Product (non-HVL),INTRASTATE,CALIFORNIA,0.0,3.393,0.0,0.0,0.0,0.0,3.393,0.0,0.0,0.0,0.0,0.0,0.0,0.0,0.0,3.393,0.0,0.0,0.0,0.0,3.393,
2/2/2026,2022.0,20230192.0,20102.0,32224.0,BETA OFFSHORE,Crude Oil,INTERSTATE,CALIFORNIA,0.0,2.6,0.0,0.0,0.0,0.0,2.6,0.0,8.85,0.0,0.0,0.0,0.0,8.85,0.0,11.45,0.0,0.0,0.0,0.0,11.45,
2/2/2026,2022.0,20230192.0,20102.0,32224.0,BETA OFFSHORE,Crude Oil,INTERSTATE,OCS-Pacific,0.0,0.0,0.0,0.0,0.0,0.0,0.0,0.0,6.34,0.0,0.0,0.0,0.0,6.34,0.0,6.34,0.0,0.0,0.0,0.0,6.34,
2/2/2026,2022.0,20230051.0,19938.0,32233.0,"BESCO OPERATING, L.P.",Crude Oil,INTRASTATE,TEXAS,0.0,0.68,0.0,0.0,0.0,0.0,0.68,0.0,6.02,0.0,0.0,0.0,0.0,6.02,0.0,6.7,0.0,0.0,0.0,0.0,6.7,
2/2/2026,2022.0,20230050.0,19937.0,32248.0,"FRONTIER FIELD SERVICES, LLC",HVL,INTRASTATE,NEW MEXICO,0.0,7.52,0.0,0.0,0.0,0.0,7.52,0.0,0.0,0.0,0.0,0.0,0.0,0.0,0.0,7.52,0.0,0.0,0.0,0.0,7.52,
2/2/2026,2022.0,20230270.0,20181.0,32251.0,"RIBOST TERMINAL LLC, DBA WORLD OIL TERMINALS",Crude Oil,INTRASTATE,CALIFORNIA,0.0,0.22,0.0,0.0,0.0,0.0,0.22,0.0,0.0,0.0,0.0,0.0,0.0,0.0,0.0,0.22,0.0,0.0,0.0,0.0,0.22,
2/2/2026,2022.0,20230493.0,20413.0,32258.0,PEMBINA COCHIN LLC,Crude Oil,INTERSTATE,ILLINOIS,0.0,166.18,0.0,0.0,0.0,0.0,166.18,0.0,0.0,0.0,0.0,0.0,0.0,0.0,0.0,166.18,0.0,0.0,0.0,0.0,166.18,
2/2/2026,2022.0,20230493.0,20413.0,32258.0,PEMBINA COCHIN LLC,Crude Oil,INTERSTATE,INDIANA,0.0,153.49,0.0,0.0,0.0,0.0,153.49,0.0,0.0,0.0,0.0,0.0,0.0,0.0,0.0,153.49,0.0,0.0,0.0,0.0,153.49,
2/2/2026,2022.0,20230493.0,20413.0,32258.0,PEMBINA COCHIN LLC,Crude Oil,INTERSTATE,IOWA,0.0,229.77,0.0,0.0,0.0,0.0,229.77,0.0,0.0,0.0,0.0,0.0,0.0,0.0,0.0,229.77,0.0,0.0,0.0,0.0,229.77,
2/2/2026,2022.0,20230493.0,20413.0,32258.0,PEMBINA COCHIN LLC,Crude Oil,INTERSTATE,MICHIGAN,0.0,12.27,0.0,0.0,0.0,0.0,12.27,0.0,0.0,0.0,0.0,0.0,0.0,0.0,0.0,12.27,0.0,0.0,0.0,0.0,12.27,
2/2/2026,2022.0,20230493.0,20413.0,32258.0,PEMBINA COCHIN LLC,Crude Oil,INTERSTATE,MINNESOTA,0.0,254.16,0.0,0.0,0.0,0.0,254.16,0.0,0.0,0.0,0.0,0.0,0.0,0.0,0.0,254.16,0.0,0.0,0.0,0.0,254.16,
2/2/2026,2022.0,20230493.0,20413.0,32258.0,PEMBINA COCHIN LLC,Crude Oil,INTERSTATE,NORTH DAKOTA,0.0,325.98,0.0,0.0,0.0,0.0,325.98,0.0,0.0,0.0,0.0,0.0,0.0,0.0,0.0,325.98,0.0,0.0,0.0,0.0,325.98,
2/2/2026,2022.0,20230493.0,20413.0,32258.0,PEMBINA COCHIN LLC,Crude Oil,INTERSTATE,OHIO,0.0,48.64,0.0,0.0,0.0,0.0,48.64,0.0,0.0,0.0,0.0,0.0,0.0,0.0,0.0,48.64,0.0,0.0,0.0,0.0,48.64,
2/2/2026,2022.0,20230195.0,20105.0,32272.0,SAN ANTONIO PIPELINE CORPORATION,Refined and/or Petroleum Product (non-HVL),INTRASTATE,TEXAS,0.0,14.0,0.0,0.0,0.0,0.0,14.0,0.0,0.0,0.0,0.0,0.0,0.0,0.0,0.0,14.0,0.0,0.0,0.0,0.0,14.0,
2/2/2026,2022.0,20230321.0,20234.0,32277.0,OQ CHEMICALS,HVL,INTRASTATE,TEXAS,0.0,51.0,0.0,0.0,0.0,0.0,51.0,0.0,0.0,0.0,0.0,0.0,0.0,0.0,0.0,51.0,0.0,0.0,0.0,0.0,51.0,
2/2/2026,2022.0,20230191.0,20101.0,32283.0,"FRONT RANGE PIPELINE, LLC.",Crude Oil,INTRASTATE,MONTANA,0.0,429.98,0.0,0.0,0.0,0.0,429.98,0.0,0.0,0.0,0.0,0.0,0.0,0.0,0.0,429.98,0.0,0.0,0.0,0.0,429.98,
2/2/2026,2022.0,20230546.0,20470.0,32284.0,PENNZOIL-QUAKER STATE D/B/A SOPUS PRODUCTS,Refined and/or Petroleum Product (non-HVL),INTRASTATE,CALIFORNIA,0.0,13.24,0.0,0.0,0.0,0.0,13.24,0.0,0.0,0.0,0.0,0.0,0.0,0.0,0.0,13.24,0.0,0.0,0.0,0.0,13.24,
2/2/2026,2022.0,20230280.0,20191.0,32285.0,"WORSHAM-STEED GAS STORAGE, LLC",HVL,INTRASTATE,TEXAS,0.0,7.0,0.0,0.0,0.0,0.0,7.0,0.0,0.0,0.0,0.0,0.0,0.0,0.0,0.0,7.0,0.0,0.0,0.0,0.0,7.0,
2/2/2026,2022.0,20230439.0,20359.0,32288.0,"WHITE CLIFFS PIPELINE, LLC",Crude Oil,INTERSTATE,COLORADO,0.0,155.33,0.0,0.0,0.0,0.0,155.33,0.0,0.0,0.0,0.0,0.0,0.0,0.0,0.0,155.33,0.0,0.0,0.0,0.0,155.33,
2/2/2026,2022.0,20230439.0,20359.0,32288.0,"WHITE CLIFFS PIPELINE, LLC",Crude Oil,INTERSTATE,KANSAS,0.0,283.21,0.0,0.0,0.0,0.0,283.21,0.0,0.0,0.0,0.0,0.0,0.0,0.0,0.0,283.21,0.0,0.0,0.0,0.0,283.21,
2/2/2026,2022.0,20230439.0,20359.0,32288.0,"WHITE CLIFFS PIPELINE, LLC",Crude Oil,INTERSTATE,OKLAHOMA,0.0,88.5,0.0,0.0,0.0,0.0,88.5,0.0,0.0,0.0,0.0,0.0,0.0,0.0,0.0,88.5,0.0,0.0,0.0,0.0,88.5,
2/2/2026,2022.0,20230438.0,20358.0,32288.0,"WHITE CLIFFS PIPELINE, LLC",HVL,INTERSTATE,COLORADO,0.0,155.15,0.0,0.0,0.0,0.0,155.15,0.0,0.0,0.0,0.0,0.0,0.0,0.0,0.0,155.15,0.0,0.0,0.0,0.0,155.15,
2/2/2026,2022.0,20230438.0,20358.0,32288.0,"WHITE CLIFFS PIPELINE, LLC",HVL,INTERSTATE,KANSAS,0.0,282.95,0.0,0.0,0.0,0.0,282.95,0.0,0.0,0.0,0.0,0.0,0.0,0.0,0.0,282.95,0.0,0.0,0.0,0.0,282.95,
2/2/2026,2022.0,20230438.0,20358.0,32288.0,"WHITE CLIFFS PIPELINE, LLC",HVL,INTERSTATE,OKLAHOMA,0.0,101.22,0.0,0.0,0.0,0.0,101.22,0.0,0.0,0.0,0.0,0.0,0.0,0.0,0.0,101.22,0.0,0.0,0.0,0.0,101.22,
2/2/2026,2022.0,20230413.0,20330.0,32293.0,"COPANO FIELD SERVICES/NORTH TEXAS, LLC",HVL,INTRASTATE,TEXAS,0.0,4.77,0.0,0.0,0.0,0.0,4.77,0.0,0.0,0.0,0.0,0.0,0.0,0.0,0.0,4.77,0.0,0.0,0.0,0.0,4.77,
2/2/2026,2022.0,20230482.0,20402.0,32296.0,TARGA RESOURCES OPERATING LLC,Crude Oil,INTRASTATE,NORTH DAKOTA,0.0,163.99,0.0,0.0,0.0,0.0,163.99,0.0,0.0,0.0,0.0,0.0,0.0,0.0,0.0,163.99,0.0,0.0,0.0,0.0,163.99,
2/2/2026,2022.0,20230614.0,21530.0,32296.0,TARGA RESOURCES OPERATING LLC,HVL,INTERSTATE,LOUISIANA,0.0,25.89,0.0,0.0,0.0,0.0,25.89,0.0,0.0,0.0,0.0,0.0,0.0,0.0,0.0,25.89,0.0,0.0,0.0,0.0,25.89,
2/2/2026,2022.0,20230614.0,21530.0,32296.0,TARGA RESOURCES OPERATING LLC,HVL,INTERSTATE,TEXAS,0.0,2.253,0.0,0.0,0.0,0.0,2.253,0.0,0.0,0.0,0.0,0.0,0.0,0.0,0.0,2.253,0.0,0.0,0.0,0.0,2.253,
2/2/2026,2022.0,20230614.0,21530.0,32296.0,TARGA RESOURCES OPERATING LLC,HVL,INTRASTATE,LOUISIANA,9.664,424.24,0.0,0.0,0.0,0.0,433.904,0.0,0.0,0.0,0.0,0.0,0.0,0.0,9.664,424.24,0.0,0.0,0.0,0.0,433.904,
2/2/2026,2022.0,20230614.0,21530.0,32296.0,TARGA RESOURCES OPERATING LLC,HVL,INTRASTATE,MISSISSIPPI,0.0,1.671,0.0,0.0,0.0,0.0,1.671,0.0,0.0,0.0,0.0,0.0,0.0,0.0,0.0,1.671,0.0,0.0,0.0,0.0,1.671,
2/2/2026,2022.0,20230614.0,21530.0,32296.0,TARGA RESOURCES OPERATING LLC,HVL,INTRASTATE,TEXAS,0.0,0.72,0.0,0.0,0.0,0.0,0.72,0.0,0.0,0.0,0.0,0.0,0.0,0.0,0.0,0.72,0.0,0.0,0.0,0.0,0.72,
2/2/2026,2022.0,20230291.0,20691.0,32296.0,TARGA RESOURCES OPERATING LLC,Refined and/or Petroleum Product (non-HVL),INTRASTATE,LOUISIANA,0.0,1.86,0.0,0.0,0.0,0.0,1.86,0.0,0.0,0.0,0.0,0.0,0.0,0.0,0.0,1.86,0.0,0.0,0.0,0.0,1.86,
2/2/2026,2022.0,20230291.0,20691.0,32296.0,TARGA RESOURCES OPERATING LLC,Refined and/or Petroleum Product (non-HVL),INTRASTATE,TEXAS,0.0,0.68,0.0,0.0,0.0,0.0,0.68,0.0,0.0,0.0,0.0,0.0,0.0,0.0,0.0,0.68,0.0,0.0,0.0,0.0,0.68,
2/2/2026,2022.0,20230166.0,20076.0,32312.0,"REPSOL OIL & GAS USA, LLC",Crude Oil,INTRASTATE,TEXAS,0.0,61.43,0.0,0.0,0.0,0.0,61.43,0.0,0.0,0.0,0.0,0.0,0.0,0.0,0.0,61.43,0.0,0.0,0.0,0.0,61.43,
2/2/2026,2022.0,20230184.0,20094.0,32327.0,TEXAS PIPELINE LLC,HVL,INTRASTATE,TEXAS,0.0,54.65,0.0,0.0,0.0,0.0,54.65,0.0,0.0,0.0,0.0,0.0,0.0,0.0,0.0,54.65,0.0,0.0,0.0,0.0,54.65,
2/2/2026,2022.0,20230711.0,20681.0,32331.0,"PASADENA REFINING SYSTEM, INC.",Crude Oil,INTRASTATE,TEXAS,0.0,2.44,0.0,0.0,0.0,0.0,2.44,0.0,0.0,0.0,0.0,0.0,0.0,0.0,0.0,2.44,0.0,0.0,0.0,0.0,2.44,
2/2/2026,2022.0,20230712.0,20682.0,32331.0,"PASADENA REFINING SYSTEM, INC.",HVL,INTRASTATE,TEXAS,0.0,5.23,0.0,0.0,0.0,0.0,5.23,0.0,0.0,0.0,0.0,0.0,0.0,0.0,0.0,5.23,0.0,0.0,0.0,0.0,5.23,
2/2/2026,2022.0,20230713.0,20683.0,32331.0,"PASADENA REFINING SYSTEM, INC.",Refined and/or Petroleum Product (non-HVL),INTRASTATE,TEXAS,0.0,8.011,0.0,0.0,0.0,0.0,8.011,0.0,0.0,0.0,0.0,0.0,0.0,0.0,0.0,8.011,0.0,0.0,0.0,0.0,8.011,
2/2/2026,2022.0,20230577.0,20501.0,32334.0,TC OIL PIPELINE OPERATIONS INC,Crude Oil,INTERSTATE,ILLINOIS,0.0,58.3,0.0,0.0,0.0,0.0,58.3,0.0,0.0,0.0,0.0,0.0,0.0,0.0,0.0,58.3,0.0,0.0,0.0,0.0,58.3,
2/2/2026,2022.0,20230577.0,20501.0,32334.0,TC OIL PIPELINE OPERATIONS INC,Crude Oil,INTERSTATE,KANSAS,0.0,310.4,0.0,0.0,0.0,0.0,310.4,0.0,0.0,0.0,0.0,0.0,0.0,0.0,0.0,310.4,0.0,0.0,0.0,0.0,310.4,
2/2/2026,2022.0,20230577.0,20501.0,32334.0,TC OIL PIPELINE OPERATIONS INC,Crude Oil,INTERSTATE,MISSOURI,0.0,275.8,0.0,0.0,0.0,0.0,275.8,0.0,0.0,0.0,0.0,0.0,0.0,0.0,0.0,275.8,0.0,0.0,0.0,0.0,275.8,
2/2/2026,2022.0,20230577.0,20501.0,32334.0,TC OIL PIPELINE OPERATIONS INC,Crude Oil,INTERSTATE,NEBRASKA,0.0,217.4,0.0,0.0,0.0,0.0,217.4,0.0,0.0,0.0,0.0,0.0,0.0,0.0,0.0,217.4,0.0,0.0,0.0,0.0,217.4,
2/2/2026,2022.0,20230577.0,20501.0,32334.0,TC OIL PIPELINE OPERATIONS INC,Crude Oil,INTERSTATE,NORTH DAKOTA,0.0,218.1,0.0,0.0,0.0,0.0,218.1,0.0,0.0,0.0,0.0,0.0,0.0,0.0,0.0,218.1,0.0,0.0,0.0,0.0,218.1,
2/2/2026,2022.0,20230577.0,20501.0,32334.0,TC OIL PIPELINE OPERATIONS INC,Crude Oil,INTERSTATE,OKLAHOMA,0.0,241.73,0.0,0.0,0.0,0.0,241.73,0.0,0.0,0.0,0.0,0.0,0.0,0.0,0.0,241.73,0.0,0.0,0.0,0.0,241.73,
2/2/2026,2022.0,20230577.0,20501.0,32334.0,TC OIL PIPELINE OPERATIONS INC,Crude Oil,INTERSTATE,SOUTH DAKOTA,0.0,220.3,0.0,0.0,0.0,0.0,220.3,0.0,0.0,0.0,0.0,0.0,0.0,0.0,0.0,220.3,0.0,0.0,0.0,0.0,220.3,
2/2/2026,2022.0,20230577.0,20501.0,32334.0,TC OIL PIPELINE OPERATIONS INC,Crude Oil,INTERSTATE,TEXAS,0.0,384.17,0.0,0.0,0.0,0.0,384.17,0.0,0.0,0.0,0.0,0.0,0.0,0.0,0.0,384.17,0.0,0.0,0.0,0.0,384.17,
2/2/2026,2022.0,20230245.0,20156.0,32346.0,"TOTAL PETROCHEMICALS PIPELINE USA , INC.",Crude Oil,INTRASTATE,TEXAS,0.0,13.6,0.0,0.0,0.0,0.0,13.6,0.0,0.0,0.0,0.0,0.0,0.0,0.0,0.0,13.6,0.0,0.0,0.0,0.0,13.6,
2/2/2026,2022.0,20230243.0,22536.0,32346.0,"TOTAL PETROCHEMICALS PIPELINE USA , INC.",HVL,INTRASTATE,TEXAS,0.0,11.0,0.0,0.0,0.0,0.0,11.0,0.0,0.0,0.0,0.0,0.0,0.0,0.0,0.0,11.0,0.0,0.0,0.0,0.0,11.0,
2/2/2026,2022.0,20230244.0,22542.0,32346.0,"TOTAL PETROCHEMICALS PIPELINE USA , INC.",Refined and/or Petroleum Product (non-HVL),INTRASTATE,TEXAS,0.0,14.72,0.0,0.0,0.0,0.0,14.72,0.0,0.0,0.0,0.0,0.0,0.0,0.0,0.0,14.72,0.0,0.0,0.0,0.0,14.72,
2/2/2026,2022.0,20230038.0,19924.0,32364.0,"VALERO REFINING-NEW ORLEANS, L.L.C.",Crude Oil,INTRASTATE,LOUISIANA,0.0,1.35,0.0,0.0,0.0,0.0,1.35,0.0,0.0,0.0,0.0,0.0,0.0,0.0,0.0,1.35,0.0,0.0,0.0,0.0,1.35,
2/2/2026,2022.0,20230040.0,19926.0,32364.0,"VALERO REFINING-NEW ORLEANS, L.L.C.",HVL,INTRASTATE,LOUISIANA,0.0,1.56,0.0,0.0,0.0,0.0,1.56,0.0,0.0,0.0,0.0,0.0,0.0,0.0,0.0,1.56,0.0,0.0,0.0,0.0,1.56,
2/2/2026,2022.0,20230039.0,19925.0,32364.0,"VALERO REFINING-NEW ORLEANS, L.L.C.",Refined and/or Petroleum Product (non-HVL),INTRASTATE,LOUISIANA,0.0,1.62,0.0,0.0,0.0,0.0,1.62,0.0,0.0,0.0,0.0,0.0,0.0,0.0,0.0,1.62,0.0,0.0,0.0,0.0,1.62,
2/2/2026,2022.0,20230699.0,20631.0,32391.0,NRG TEXAS POWER LLC,CO2,INTRASTATE,TEXAS,0.0,0.36,0.0,0.0,0.0,0.0,0.36,0.0,0.0,0.0,0.0,0.0,0.0,0.0,0.0,0.36,0.0,0.0,0.0,0.0,0.36,
2/2/2026,2022.0,20230172.0,20082.0,32407.0,"GENESIS PIPELINE TEXAS, L.P.",Crude Oil,INTRASTATE,TEXAS,0.73,92.82,0.0,0.0,0.0,0.0,93.55,0.0,0.0,0.0,0.0,0.0,0.0,0.0,0.73,92.82,0.0,0.0,0.0,0.0,93.55,
2/2/2026,2022.0,20230173.0,20083.0,32411.0,"GENESIS PIPELINE ALABAMA, LLC",Crude Oil,INTRASTATE,ALABAMA,0.0,31.44,0.0,0.0,0.0,0.0,31.44,0.0,0.0,0.0,0.0,0.0,0.0,0.0,0.0,31.44,0.0,0.0,0.0,0.0,31.44,
2/2/2026,2022.0,20230393.0,20694.0,32428.0,"INTERCONTINENTAL TERMINAL COMPANY, LLC",HVL,INTRASTATE,LOUISIANA,0.0,1.211,0.0,0.0,0.0,0.0,1.211,0.0,0.0,0.0,0.0,0.0,0.0,0.0,0.0,1.211,0.0,0.0,0.0,0.0,1.211,
2/2/2026,2022.0,20230393.0,20694.0,32428.0,"INTERCONTINENTAL TERMINAL COMPANY, LLC",HVL,INTRASTATE,TEXAS,0.0,3.32,0.0,0.0,0.0,0.0,3.32,0.0,0.0,0.0,0.0,0.0,0.0,0.0,0.0,3.32,0.0,0.0,0.0,0.0,3.32,
2/2/2026,2022.0,20230387.0,20306.0,32428.0,"INTERCONTINENTAL TERMINAL COMPANY, LLC",Refined and/or Petroleum Product (non-HVL),INTRASTATE,TEXAS,0.0,11.93,0.0,0.0,0.0,0.0,11.93,0.0,0.0,0.0,0.0,0.0,0.0,0.0,0.0,11.93,0.0,0.0,0.0,0.0,11.93,
2/2/2026,2022.0,20230479.0,20399.0,32445.0,TARGA SOUTHTEX NGL PIPELINE LTD.,HVL,INTRASTATE,TEXAS,0.0,102.78,0.0,0.0,0.0,0.0,102.78,0.0,0.0,0.0,0.0,0.0,0.0,0.0,0.0,102.78,0.0,0.0,0.0,0.0,102.78,
2/2/2026,2022.0,20230478.0,20398.0,32445.0,TARGA SOUTHTEX NGL PIPELINE LTD.,Refined and/or Petroleum Product (non-HVL),INTRASTATE,TEXAS,0.0,4.86,0.0,0.0,0.0,0.0,4.86,0.0,0.0,0.0,0.0,0.0,0.0,0.0,0.0,4.86,0.0,0.0,0.0,0.0,4.86,
2/2/2026,2022.0,20230422.0,20339.0,32450.0,"ROADRUNNER PIPELINE, L.L.C.",Crude Oil,INTERSTATE,NEW MEXICO,0.0,22.63,0.0,0.0,0.0,0.0,22.63,0.0,0.0,0.0,0.0,0.0,0.0,0.0,0.0,22.63,0.0,0.0,0.0,0.0,22.63,
2/2/2026,2022.0,20230422.0,20339.0,32450.0,"ROADRUNNER PIPELINE, L.L.C.",Crude Oil,INTERSTATE,TEXAS,0.0,46.7,0.0,0.0,0.0,0.0,46.7,0.0,0.0,0.0,0.0,0.0,0.0,0.0,0.0,46.7,0.0,0.0,0.0,0.0,46.7,
2/2/2026,2022.0,20230683.0,20638.0,32453.0,BPX (EAGLE FORD) GATHERING LLC,Crude Oil,INTRASTATE,TEXAS,0.0,194.57,0.0,0.0,0.0,0.0,194.57,0.0,0.0,0.0,0.0,0.0,0.0,0.0,0.0,194.57,0.0,0.0,0.0,0.0,194.57,
2/2/2026,2022.0,20230332.0,20246.0,32476.0,"TREETOP MIDSTREAM SERVICES, LLC",CO2,INTRASTATE,MISSISSIPPI,0.0,0.265,0.0,0.0,0.0,0.0,0.265,0.0,0.0,0.0,0.0,0.0,0.0,0.0,0.0,0.265,0.0,0.0,0.0,0.0,0.265,
2/2/2026,2022.0,20230084.0,19985.0,32488.0,"ENI US OPERATING CO, INC",Crude Oil,INTRASTATE,ALASKA,0.0,0.0,0.0,16.1,0.0,0.0,16.1,0.0,9.3,0.0,0.0,0.0,0.0,9.3,0.0,9.3,0.0,16.1,0.0,0.0,25.4,
2/2/2026,2022.0,20230174.0,20084.0,32492.0,"GENESIS CRUDE OIL, L.P.",Crude Oil,INTRASTATE,LOUISIANA,0.0,2.16,0.0,0.0,0.0,0.0,2.16,0.0,0.0,0.0,0.0,0.0,0.0,0.0,0.0,2.16,0.0,0.0,0.0,0.0,2.16,
2/2/2026,2022.0,20230423.0,20340.0,32493.0,"UNEV PIPELINE, LLC",Refined and/or Petroleum Product (non-HVL),INTERSTATE,NEVADA,0.0,70.88,0.0,0.0,0.0,0.0,70.88,0.0,0.0,0.0,0.0,0.0,0.0,0.0,0.0,70.88,0.0,0.0,0.0,0.0,70.88,
2/2/2026,2022.0,20230423.0,20340.0,32493.0,"UNEV PIPELINE, LLC",Refined and/or Petroleum Product (non-HVL),INTERSTATE,UTAH,0.0,355.64,0.0,0.0,0.0,0.0,355.64,0.0,0.0,0.0,0.0,0.0,0.0,0.0,0.0,355.64,0.0,0.0,0.0,0.0,355.64,
2/2/2026,2022.0,20230441.0,20361.0,32495.0,"DELAWARE PIPELINE COMPANY, LLC",Refined and/or Petroleum Product (non-HVL),INTERSTATE,DELAWARE,0.0,20.21,0.0,0.0,0.0,0.0,20.21,0.0,0.0,0.0,0.0,0.0,0.0,0.0,0.0,20.21,0.0,0.0,0.0,0.0,20.21,
2/2/2026,2022.0,20230441.0,20361.0,32495.0,"DELAWARE PIPELINE COMPANY, LLC",Refined and/or Petroleum Product (non-HVL),INTERSTATE,PENNSYLVANIA,0.0,3.17,0.0,0.0,0.0,0.0,3.17,0.0,0.0,0.0,0.0,0.0,0.0,0.0,0.0,3.17,0.0,0.0,0.0,0.0,3.17,
2/2/2026,2022.0,20230378.0,20294.0,32502.0,ENBRIDGE PIPELINES (SOUTHERN LIGHTS) L.L.C.,Refined and/or Petroleum Product (non-HVL),INTERSTATE,ILLINOIS,0.0,146.024,0.0,0.0,0.0,0.0,146.024,0.0,0.0,0.0,0.0,0.0,0.0,0.0,0.0,146.024,0.0,0.0,0.0,0.0,146.024,
2/2/2026,2022.0,20230378.0,20294.0,32502.0,ENBRIDGE PIPELINES (SOUTHERN LIGHTS) L.L.C.,Refined and/or Petroleum Product (non-HVL),INTERSTATE,MINNESOTA,0.0,284.82,0.0,0.0,0.0,0.0,284.82,0.0,0.0,0.0,0.0,0.0,0.0,0.0,0.0,284.82,0.0,0.0,0.0,0.0,284.82,
2/2/2026,2022.0,20230378.0,20294.0,32502.0,ENBRIDGE PIPELINES (SOUTHERN LIGHTS) L.L.C.,Refined and/or Petroleum Product (non-HVL),INTERSTATE,NORTH DAKOTA,0.0,28.029,0.0,0.0,0.0,0.0,28.029,0.0,0.0,0.0,0.0,0.0,0.0,0.0,0.0,28.029,0.0,0.0,0.0,0.0,28.029,
2/2/2026,2022.0,20230378.0,20294.0,32502.0,ENBRIDGE PIPELINES (SOUTHERN LIGHTS) L.L.C.,Refined and/or Petroleum Product (non-HVL),INTERSTATE,WISCONSIN,0.0,358.383,0.0,0.0,0.0,0.0,358.383,0.0,0.0,0.0,0.0,0.0,0.0,0.0,0.0,358.383,0.0,0.0,0.0,0.0,358.383,
2/2/2026,2022.0,20230105.0,20008.0,32503.0,"CALUMET SHREVEPORT REFINING, LLC",Crude Oil,INTRASTATE,LOUISIANA,0.0,6.85,0.0,0.0,0.0,0.0,6.85,0.0,0.0,0.0,0.0,0.0,0.0,0.0,0.0,6.85,0.0,0.0,0.0,0.0,6.85,
2/2/2026,2022.0,20230006.0,19875.0,32520.0,CITY OF BANGOR,Refined and/or Petroleum Product (non-HVL),INTRASTATE,MAINE,0.0,0.934,0.0,0.0,0.0,0.0,0.934,0.0,0.0,0.0,0.0,0.0,0.0,0.0,0.0,0.934,0.0,0.0,0.0,0.0,0.934,
2/2/2026,2022.0,20230676.0,20602.0,32537.0,WYOMING PIPELINE COMPANY,Crude Oil,INTRASTATE,WYOMING,0.0,49.648,0.0,0.0,0.0,0.0,49.648,0.0,0.0,0.0,0.0,0.0,0.0,0.0,0.0,49.648,0.0,0.0,0.0,0.0,49.648,
2/2/2026,2022.0,20230129.0,20034.0,32540.0,ELECTRAGAS INC.,Crude Oil,INTRASTATE,TEXAS,0.0,0.0,0.0,0.0,0.0,0.0,0.0,0.0,3.3,0.0,0.0,0.0,0.0,3.3,0.0,3.3,0.0,0.0,0.0,0.0,3.3,
2/2/2026,2022.0,20230579.0,20503.0,32541.0,"COPANO NGL SERVICES (MARKHAM), LLC",HVL,INTRASTATE,TEXAS,0.0,153.13,0.0,0.0,0.0,0.0,153.13,0.0,0.0,0.0,0.0,0.0,0.0,0.0,0.0,153.13,0.0,0.0,0.0,0.0,153.13,
2/2/2026,2022.0,20230662.0,20588.0,32543.0,"DENBURY GREEN PIPELINE-TEXAS, LLC",CO2,INTERSTATE,TEXAS,0.0,131.51,0.0,0.0,0.0,0.0,131.51,0.0,0.0,0.0,0.0,0.0,0.0,0.0,0.0,131.51,0.0,0.0,0.0,0.0,131.51,
2/2/2026,2022.0,20230663.0,20589.0,32545.0,"DENBURY GULF COAST PIPELINES, LLC",CO2,INTERSTATE,LOUISIANA,0.0,242.47,0.0,0.0,0.0,0.0,242.47,0.0,0.0,0.0,0.0,0.0,0.0,0.0,0.0,242.47,0.0,0.0,0.0,0.0,242.47,
2/2/2026,2022.0,20230663.0,20589.0,32545.0,"DENBURY GULF COAST PIPELINES, LLC",CO2,INTERSTATE,MISSISSIPPI,0.0,139.48,0.0,0.0,0.0,0.0,139.48,0.0,0.0,0.0,0.0,0.0,0.0,0.0,0.0,139.48,0.0,0.0,0.0,0.0,139.48,
2/2/2026,2022.0,20230159.0,20068.0,32559.0,"ALON USA KROTZ SPRINGS REFINERY, INC",HVL,INTRASTATE,LOUISIANA,0.0,13.2,0.0,0.0,0.0,0.0,13.2,0.0,0.0,0.0,0.0,0.0,0.0,0.0,0.0,13.2,0.0,0.0,0.0,0.0,13.2,
2/2/2026,2022.0,20230160.0,20069.0,32559.0,"ALON USA KROTZ SPRINGS REFINERY, INC",Refined and/or Petroleum Product (non-HVL),INTRASTATE,LOUISIANA,0.0,2.8,0.0,0.0,0.0,0.0,2.8,0.0,0.0,0.0,0.0,0.0,0.0,0.0,0.0,2.8,0.0,0.0,0.0,0.0,2.8,
2/2/2026,2022.0,20230664.0,20590.0,32566.0,GREENCORE PIPELINE COMPANY LLC,CO2,INTERSTATE,MONTANA,0.0,8.73,0.0,0.0,0.0,0.0,8.73,0.0,0.0,0.0,0.0,0.0,0.0,0.0,0.0,8.73,0.0,0.0,0.0,0.0,8.73,
2/2/2026,2022.0,20230664.0,20590.0,32566.0,GREENCORE PIPELINE COMPANY LLC,CO2,INTERSTATE,WYOMING,0.0,222.75,0.0,0.0,0.0,0.0,222.75,0.0,0.0,0.0,0.0,0.0,0.0,0.0,0.0,222.75,0.0,0.0,0.0,0.0,222.75,
2/2/2026,2022.0,20230664.0,20590.0,32566.0,GREENCORE PIPELINE COMPANY LLC,CO2,INTRASTATE,WYOMING,0.0,3.59,0.0,0.0,0.0,0.0,3.59,0.0,0.0,0.0,0.0,0.0,0.0,0.0,0.0,3.59,0.0,0.0,0.0,0.0,3.59,
2/2/2026,2022.0,20230360.0,20276.0,32572.0,"TOLEDO REFINING COMPANY, LLC",Refined and/or Petroleum Product (non-HVL),INTRASTATE,OHIO,0.0,2.09,0.0,0.0,0.0,0.0,2.09,0.0,0.0,0.0,0.0,0.0,0.0,0.0,0.0,2.09,0.0,0.0,0.0,0.0,2.09,
2/2/2026,2022.0,20230266.0,20177.0,32575.0,"DEEPROCK OIL OPERATING, LLC",Crude Oil,INTRASTATE,OKLAHOMA,0.0,13.25,0.0,0.0,0.0,0.0,13.25,0.0,0.0,0.0,0.0,0.0,0.0,0.0,0.0,13.25,0.0,0.0,0.0,0.0,13.25,
2/2/2026,2022.0,20230067.0,19956.0,32592.0,"TREK RESOURCES, INC",Crude Oil,INTRASTATE,TEXAS,0.0,0.095,0.0,0.0,0.0,0.0,0.095,0.0,1.675,0.0,0.0,0.0,0.0,1.675,0.0,1.77,0.0,0.0,0.0,0.0,1.77,
2/2/2026,2022.0,20230345.0,20259.0,32595.0,"HIGH POINT GAS GATHERING, LLC",Crude Oil,INTERSTATE,OCS-Gulf of Mexico,0.0,0.0,0.0,0.0,0.0,0.0,0.0,0.0,6.138,0.0,0.0,0.0,0.0,6.138,0.0,6.138,0.0,0.0,0.0,0.0,6.138,
2/2/2026,2022.0,20230103.0,20005.0,32599.0,"MCLEAN GAS PROCESSING, LLC",HVL,INTRASTATE,TEXAS,0.0,21.0,0.0,0.0,0.0,0.0,21.0,0.0,0.0,0.0,0.0,0.0,0.0,0.0,0.0,21.0,0.0,0.0,0.0,0.0,21.0,
2/2/2026,2022.0,20230305.0,20689.0,32614.0,"WILLIAMS OLEFINS FEEDSTOCK PIPELINES, LLC",HVL,INTERSTATE,LOUISIANA,0.0,288.12,0.0,0.0,0.0,0.0,288.12,0.0,0.0,0.0,0.0,0.0,0.0,0.0,0.0,288.12,0.0,0.0,0.0,0.0,288.12,
2/2/2026,2022.0,20230305.0,20689.0,32614.0,"WILLIAMS OLEFINS FEEDSTOCK PIPELINES, LLC",HVL,INTERSTATE,TEXAS,0.0,88.749,0.0,0.0,0.0,0.0,88.749,0.0,0.0,0.0,0.0,0.0,0.0,0.0,0.0,88.749,0.0,0.0,0.0,0.0,88.749,
2/2/2026,2022.0,20230305.0,20689.0,32614.0,"WILLIAMS OLEFINS FEEDSTOCK PIPELINES, LLC",HVL,INTRASTATE,LOUISIANA,0.0,3.748,0.0,0.0,0.0,0.0,3.748,0.0,0.0,0.0,0.0,0.0,0.0,0.0,0.0,3.748,0.0,0.0,0.0,0.0,3.748,
2/2/2026,2022.0,20230177.0,21664.0,32619.0,"HILAND CRUDE, LLC",Crude Oil,INTRASTATE,NORTH DAKOTA,0.0,277.42,0.0,0.0,0.0,0.0,277.42,0.0,0.0,0.0,0.0,0.0,0.0,0.0,0.0,277.42,0.0,0.0,0.0,0.0,277.42,
2/2/2026,2022.0,20230314.0,20226.0,32634.0,"ENLINK PERMIAN, LLC",Crude Oil,INTERSTATE,NEW MEXICO,0.0,43.221,0.0,0.0,0.0,0.0,43.221,0.0,0.0,0.0,0.0,0.0,0.0,0.0,0.0,43.221,0.0,0.0,0.0,0.0,43.221,
2/2/2026,2022.0,20230314.0,20226.0,32634.0,"ENLINK PERMIAN, LLC",Crude Oil,INTERSTATE,TEXAS,0.0,71.444,0.0,0.0,0.0,0.0,71.444,0.0,0.0,0.0,0.0,0.0,0.0,0.0,0.0,71.444,0.0,0.0,0.0,0.0,71.444,
2/2/2026,2022.0,20230313.0,20225.0,32634.0,"ENLINK PERMIAN, LLC",HVL,INTRASTATE,TEXAS,0.0,73.3,0.0,0.0,0.0,0.0,73.3,0.0,0.0,0.0,0.0,0.0,0.0,0.0,0.0,73.3,0.0,0.0,0.0,0.0,73.3,
2/2/2026,2022.0,20230591.0,21576.0,32645.0,"HILCORP ALASKA, LLC",Crude Oil,INTRASTATE,ALASKA,0.0,0.0,0.0,0.0,0.0,0.0,0.0,0.0,21.03,0.0,0.15,0.0,0.0,21.18,0.0,21.03,0.0,0.15,0.0,0.0,21.18,
2/2/2026,2022.0,20230022.0,20672.0,32650.0,LEMM CORPORATION - OPERATIONS,HVL,INTRASTATE,TENNESSEE,0.0,8.97,0.0,0.0,0.0,0.0,8.97,0.0,0.0,0.0,0.0,0.0,0.0,0.0,0.0,8.97,0.0,0.0,0.0,0.0,8.97,
2/2/2026,2022.0,20230224.0,20135.0,32678.0,KINDER MORGAN CRUDE AND CONDENSATE LLC,Crude Oil,INTRASTATE,TEXAS,0.0,266.06,0.0,0.0,0.0,0.0,266.06,0.0,0.0,0.0,0.0,0.0,0.0,0.0,0.0,266.06,0.0,0.0,0.0,0.0,266.06,
2/2/2026,2022.0,20230331.0,20245.0,32682.0,"GREENLEAF CO2 SOLUTIONS, LLC",CO2,INTRASTATE,MISSISSIPPI,0.0,5.1,0.0,0.0,0.0,0.0,5.1,0.0,0.0,0.0,0.0,0.0,0.0,0.0,0.0,5.1,0.0,0.0,0.0,0.0,5.1,
2/2/2026,2022.0,20230440.0,21728.0,32683.0,INLAND CORPORATION,Refined and/or Petroleum Product (non-HVL),INTERSTATE,OHIO,0.01,613.78,0.0,0.0,0.0,0.0,613.79,0.0,0.0,0.0,0.0,0.0,0.0,0.0,0.01,613.78,0.0,0.0,0.0,0.0,613.79,
2/2/2026,2022.0,20230227.0,20138.0,32688.0,WEST COAST TERMINAL PIPELINE  (WCTP),Crude Oil,INTRASTATE,CALIFORNIA,0.0,9.66,0.0,0.0,0.0,0.0,9.66,0.0,0.0,0.0,0.0,0.0,0.0,0.0,0.0,9.66,0.0,0.0,0.0,0.0,9.66,
2/2/2026,2022.0,20230228.0,20139.0,32688.0,WEST COAST TERMINAL PIPELINE  (WCTP),Refined and/or Petroleum Product (non-HVL),INTERSTATE,OREGON,0.0,8.46,0.0,0.0,0.0,0.0,8.46,0.0,0.0,0.0,0.0,0.0,0.0,0.0,0.0,8.46,0.0,0.0,0.0,0.0,8.46,
2/2/2026,2022.0,20230228.0,20139.0,32688.0,WEST COAST TERMINAL PIPELINE  (WCTP),Refined and/or Petroleum Product (non-HVL),INTRASTATE,CALIFORNIA,0.0,19.84,0.0,0.0,0.0,0.0,19.84,0.0,0.0,0.0,0.0,0.0,0.0,0.0,0.0,19.84,0.0,0.0,0.0,0.0,19.84,
2/2/2026,2022.0,20230183.0,20093.0,38887.0,IMTT EPIC LLC,Refined and/or Petroleum Product (non-HVL),INTERSTATE,NEW MEXICO,0.0,68.35,0.0,0.0,0.0,0.0,68.35,0.0,0.0,0.0,0.0,0.0,0.0,0.0,0.0,68.35,0.0,0.0,0.0,0.0,68.35,
2/2/2026,2022.0,20230183.0,20093.0,38887.0,IMTT EPIC LLC,Refined and/or Petroleum Product (non-HVL),INTERSTATE,TEXAS,0.0,4.62,0.0,0.0,0.0,0.0,4.62,0.0,0.0,0.0,0.0,0.0,0.0,0.0,0.0,4.62,0.0,0.0,0.0,0.0,4.62,
2/2/2026,2022.0,20230183.0,20093.0,38887.0,IMTT EPIC LLC,Refined and/or Petroleum Product (non-HVL),INTRASTATE,GEORGIA,0.0,17.24,0.0,0.0,0.0,0.0,17.24,0.0,0.0,0.0,0.0,0.0,0.0,0.0,0.0,17.24,0.0,0.0,0.0,0.0,17.24,
2/2/2026,2022.0,20230716.0,20693.0,38893.0,PTE PIPELINE LLC,Crude Oil,INTERSTATE,ALASKA,0.0,0.0,0.0,22.26,0.0,0.0,22.26,0.0,0.0,0.0,0.0,0.0,0.0,0.0,0.0,0.0,0.0,22.26,0.0,0.0,22.26,
2/2/2026,2022.0,20230511.0,20433.0,38894.0,"THUNDER BASIN PIPELINE, LLC",Crude Oil,INTRASTATE,WYOMING,31.72,12.85,0.0,0.0,0.0,0.0,44.57,0.0,0.0,0.0,0.0,0.0,0.0,0.0,31.72,12.85,0.0,0.0,0.0,0.0,44.57,
2/2/2026,2022.0,20230226.0,20703.0,38895.0,KINDER MORGAN SOUTHEAST TERMINALS,Refined and/or Petroleum Product (non-HVL),INTRASTATE,NORTH CAROLINA,0.0,3.8,0.0,0.0,0.0,0.0,3.8,0.0,0.0,0.0,0.0,0.0,0.0,0.0,0.0,3.8,0.0,0.0,0.0,0.0,3.8,
2/2/2026,2022.0,20230011.0,20706.0,38919.0,LEGACY RESERVES OPERATING LP,Crude Oil,INTRASTATE,WYOMING,0.0,11.4,0.0,0.0,0.0,0.0,11.4,0.0,0.0,0.0,0.0,0.0,0.0,0.0,0.0,11.4,0.0,0.0,0.0,0.0,11.4,
2/2/2026,2022.0,20230537.0,20461.0,38922.0,MIPC LLC,HVL,INTRASTATE,PENNSYLVANIA,0.0,0.28,0.0,0.0,0.0,0.0,0.28,0.0,0.0,0.0,0.0,0.0,0.0,0.0,0.0,0.28,0.0,0.0,0.0,0.0,0.28,
2/2/2026,2022.0,20230536.0,20460.0,38922.0,MIPC LLC,Refined and/or Petroleum Product (non-HVL),INTERSTATE,NEW JERSEY,0.0,5.94,0.0,0.0,0.0,0.0,5.94,0.0,0.0,0.0,0.0,0.0,0.0,0.0,0.0,5.94,0.0,0.0,0.0,0.0,5.94,
2/2/2026,2022.0,20230536.0,20460.0,38922.0,MIPC LLC,Refined and/or Petroleum Product (non-HVL),INTERSTATE,PENNSYLVANIA,0.0,17.53,0.0,0.0,0.0,0.0,17.53,0.0,0.0,0.0,0.0,0.0,0.0,0.0,0.0,17.53,0.0,0.0,0.0,0.0,17.53,
2/2/2026,2022.0,20230536.0,20460.0,38922.0,MIPC LLC,Refined and/or Petroleum Product (non-HVL),INTRASTATE,PENNSYLVANIA,0.0,27.8,0.0,0.0,0.0,0.0,27.8,0.0,0.0,0.0,0.0,0.0,0.0,0.0,0.0,27.8,0.0,0.0,0.0,0.0,27.8,
2/2/2026,2022.0,20230232.0,20143.0,38924.0,NGL CRUDE TERMINALS,Crude Oil,INTRASTATE,COLORADO,0.0,19.0,0.0,0.0,0.0,0.0,19.0,0.0,0.0,0.0,0.0,0.0,0.0,0.0,0.0,19.0,0.0,0.0,0.0,0.0,19.0,
2/2/2026,2022.0,20230232.0,20143.0,38924.0,NGL CRUDE TERMINALS,Crude Oil,INTRASTATE,LOUISIANA,0.0,2.78,0.0,0.0,0.0,0.0,2.78,0.0,0.0,0.0,0.0,0.0,0.0,0.0,0.0,2.78,0.0,0.0,0.0,0.0,2.78,
2/2/2026,2022.0,20230232.0,20143.0,38924.0,NGL CRUDE TERMINALS,Crude Oil,INTRASTATE,OKLAHOMA,0.0,12.3,0.0,0.0,0.0,0.0,12.3,0.0,0.0,0.0,0.0,0.0,0.0,0.0,0.0,12.3,0.0,0.0,0.0,0.0,12.3,
2/2/2026,2022.0,20230178.0,20088.0,38926.0,BLACK BEAR MIDSTREAM LLC,HVL,INTRASTATE,LOUISIANA,0.0,40.1,0.0,0.0,0.0,0.0,40.1,0.0,0.0,0.0,0.0,0.0,0.0,0.0,0.0,40.1,0.0,0.0,0.0,0.0,40.1,
2/2/2026,2022.0,20230036.0,19920.0,38927.0,UGI ENERGY SERVICES,HVL,INTRASTATE,OHIO,0.0,36.254,0.0,0.0,0.0,0.0,36.254,0.0,0.0,0.0,0.0,0.0,0.0,0.0,0.0,36.254,0.0,0.0,0.0,0.0,36.254,
2/2/2026,2022.0,20230008.0,19878.0,38930.0,"PATOKA TERMINAL COMPANY, LLC",Crude Oil,INTRASTATE,ILLINOIS,0.0,0.45,0.0,0.0,0.0,0.0,0.45,0.0,0.0,0.0,0.0,0.0,0.0,0.0,0.0,0.45,0.0,0.0,0.0,0.0,0.45,
2/2/2026,2022.0,20230252.0,20163.0,38937.0,"PALO DURO TEG, LLC",HVL,INTRASTATE,TEXAS,0.0,138.26,0.0,0.0,0.0,0.0,138.26,0.0,0.0,0.0,0.0,0.0,0.0,0.0,0.0,138.26,0.0,0.0,0.0,0.0,138.26,
2/2/2026,2022.0,20230204.0,20114.0,38938.0,"WTG NGL PIPELINE COMPANY, LLC",HVL,INTRASTATE,TEXAS,0.0,42.169,0.0,0.0,0.0,0.0,42.169,0.0,0.0,0.0,0.0,0.0,0.0,0.0,0.0,42.169,0.0,0.0,0.0,0.0,42.169,
2/2/2026,2022.0,20230380.0,20296.0,38945.0,BAKKEN PIPELINE COMPANY LP,Crude Oil,INTERSTATE,NORTH DAKOTA,0.0,75.21,0.0,0.0,0.0,0.0,75.21,0.0,0.0,0.0,0.0,0.0,0.0,0.0,0.0,75.21,0.0,0.0,0.0,0.0,75.21,
2/2/2026,2022.0,20230059.0,19947.0,38949.0,"NAVARRO MIDSTREAM SERVICES, LLC.",Crude Oil,INTRASTATE,TEXAS,0.0,3.43,0.0,0.0,0.0,0.0,3.43,0.0,0.0,0.0,0.0,0.0,0.0,0.0,0.0,3.43,0.0,0.0,0.0,0.0,3.43,
2/2/2026,2022.0,20230646.0,20571.0,38964.0,"PHILADELPHIA ENERGY SOLUTIONS REFINING AND MARKETING, LLC",HVL,INTRASTATE,PENNSYLVANIA,0.0,0.56,0.0,0.0,0.0,0.0,0.56,0.0,0.0,0.0,0.0,0.0,0.0,0.0,0.0,0.56,0.0,0.0,0.0,0.0,0.56,
2/2/2026,2022.0,20230645.0,20570.0,38964.0,"PHILADELPHIA ENERGY SOLUTIONS REFINING AND MARKETING, LLC",Refined and/or Petroleum Product (non-HVL),INTRASTATE,PENNSYLVANIA,0.0,8.47,0.0,0.0,0.0,0.0,8.47,0.0,0.0,0.0,0.0,0.0,0.0,0.0,0.0,8.47,0.0,0.0,0.0,0.0,8.47,
2/2/2026,2022.0,20230306.0,20218.0,38989.0,EMERALD GATHERING AND TRANSMISSION,Crude Oil,INTRASTATE,TEXAS,0.0,1.689,0.0,0.0,0.0,0.0,1.689,0.0,8.648,0.0,0.0,0.0,0.0,8.648,0.0,10.337,0.0,0.0,0.0,0.0,10.337,
2/2/2026,2022.0,20230236.0,20147.0,39010.0,"BLUE RACER MIDSTREAM, LLC",HVL,INTRASTATE,OHIO,0.0,14.12,0.0,0.0,0.0,0.0,14.12,0.0,0.0,0.0,0.0,0.0,0.0,0.0,0.0,14.12,0.0,0.0,0.0,0.0,14.12,
2/2/2026,2022.0,20230236.0,20147.0,39010.0,"BLUE RACER MIDSTREAM, LLC",HVL,INTRASTATE,WEST VIRGINIA,0.0,74.43,0.0,0.0,0.0,0.0,74.43,0.0,0.0,0.0,0.0,0.0,0.0,0.0,0.0,74.43,0.0,0.0,0.0,0.0,74.43,
2/2/2026,2022.0,20230312.0,20224.0,39012.0,"SUMMIT MIDSTREAM PARTNERS, LLC",Crude Oil,INTRASTATE,NORTH DAKOTA,0.0,73.17,0.0,0.0,0.0,0.0,73.17,0.0,0.0,0.0,0.0,0.0,0.0,0.0,0.0,73.17,0.0,0.0,0.0,0.0,73.17,
2/2/2026,2022.0,20230310.0,20222.0,39012.0,"SUMMIT MIDSTREAM PARTNERS, LLC",HVL,INTRASTATE,COLORADO,0.0,10.94,0.0,0.0,0.0,0.0,10.94,0.0,0.0,0.0,0.0,0.0,0.0,0.0,0.0,10.94,0.0,0.0,0.0,0.0,10.94,
2/2/2026,2022.0,20230213.0,20123.0,39023.0,DOUBLE EAGLE PIPELINE LLC,Crude Oil,INTRASTATE,TEXAS,0.0,204.31,0.0,0.0,0.0,0.0,204.31,0.0,0.0,0.0,0.0,0.0,0.0,0.0,0.0,204.31,0.0,0.0,0.0,0.0,204.31,
2/2/2026,2022.0,20230404.0,20321.0,39033.0,"NESSON GATHERING SYSTEM, LLC",HVL,INTRASTATE,NORTH DAKOTA,0.0,1.7,0.0,0.0,0.0,0.0,1.7,0.0,0.0,0.0,0.0,0.0,0.0,0.0,0.0,1.7,0.0,0.0,0.0,0.0,1.7,
2/2/2026,2022.0,20230531.0,20455.0,39043.0,"TALLGRASS PONY EXPRESS PIPELINE, LLC",Crude Oil,INTERSTATE,COLORADO,0.0,311.95,0.0,0.0,0.0,0.0,311.95,0.0,0.0,0.0,0.0,0.0,0.0,0.0,0.0,311.95,0.0,0.0,0.0,0.0,311.95,
2/2/2026,2022.0,20230531.0,20455.0,39043.0,"TALLGRASS PONY EXPRESS PIPELINE, LLC",Crude Oil,INTERSTATE,KANSAS,0.0,366.34,0.0,0.0,0.0,0.0,366.34,0.0,0.0,0.0,0.0,0.0,0.0,0.0,0.0,366.34,0.0,0.0,0.0,0.0,366.34,
2/2/2026,2022.0,20230531.0,20455.0,39043.0,"TALLGRASS PONY EXPRESS PIPELINE, LLC",Crude Oil,INTERSTATE,NEBRASKA,0.0,98.038,0.0,0.0,0.0,0.0,98.038,0.0,0.0,0.0,0.0,0.0,0.0,0.0,0.0,98.038,0.0,0.0,0.0,0.0,98.038,
2/2/2026,2022.0,20230531.0,20455.0,39043.0,"TALLGRASS PONY EXPRESS PIPELINE, LLC",Crude Oil,INTERSTATE,OKLAHOMA,0.0,82.926,0.0,0.0,0.0,0.0,82.926,0.0,0.0,0.0,0.0,0.0,0.0,0.0,0.0,82.926,0.0,0.0,0.0,0.0,82.926,
2/2/2026,2022.0,20230531.0,20455.0,39043.0,"TALLGRASS PONY EXPRESS PIPELINE, LLC",Crude Oil,INTERSTATE,WYOMING,0.0,191.055,0.0,0.0,0.0,0.0,191.055,0.0,0.0,0.0,0.0,0.0,0.0,0.0,0.0,191.055,0.0,0.0,0.0,0.0,191.055,
2/2/2026,2022.0,20230693.0,20621.0,39046.0,"BRIDGER SWAN RANCH, LLC",Crude Oil,INTRASTATE,WYOMING,0.0,4.46,0.0,0.0,0.0,0.0,4.46,0.0,0.0,0.0,0.0,0.0,0.0,0.0,0.0,4.46,0.0,0.0,0.0,0.0,4.46,
2/2/2026,2022.0,20230475.0,20395.0,39047.0,"GEL OFFSHORE PIPELINE, LLC",Crude Oil,INTERSTATE,OCS-Gulf of Mexico,0.0,0.0,0.0,0.0,0.0,0.0,0.0,0.0,70.84,0.0,0.0,0.0,0.0,70.84,0.0,70.84,0.0,0.0,0.0,0.0,70.84,
2/2/2026,2022.0,20230055.0,20878.0,39050.0,"CASPER CRUDE TO RAIL, LLC",Crude Oil,INTERSTATE,WYOMING,0.0,12.45,0.0,0.0,0.0,0.0,12.45,0.0,0.0,0.0,0.0,0.0,0.0,0.0,0.0,12.45,0.0,0.0,0.0,0.0,12.45,
2/2/2026,2022.0,20230595.0,21574.0,39065.0,HESS ND,Crude Oil,INTRASTATE,NORTH DAKOTA,0.0,114.81,0.0,0.0,0.0,0.0,114.81,0.0,0.0,0.0,0.0,0.0,0.0,0.0,0.0,114.81,0.0,0.0,0.0,0.0,114.81,
2/2/2026,2022.0,20230598.0,20522.0,39065.0,HESS ND,HVL,INTRASTATE,NORTH DAKOTA,0.0,88.16,0.0,0.0,0.0,0.0,88.16,0.0,0.0,0.0,0.0,0.0,0.0,0.0,0.0,88.16,0.0,0.0,0.0,0.0,88.16,
2/2/2026,2022.0,20230599.0,20523.0,39065.0,HESS ND,Refined and/or Petroleum Product (non-HVL),INTRASTATE,NORTH DAKOTA,0.0,3.8,0.0,0.0,0.0,0.0,3.8,0.0,0.0,0.0,0.0,0.0,0.0,0.0,0.0,3.8,0.0,0.0,0.0,0.0,3.8,
2/2/2026,2022.0,20230082.0,19984.0,39069.0,EMPIRE MIDSTREAM LLC,Crude Oil,INTERSTATE,OCS-Gulf of Mexico,0.0,0.0,0.0,0.0,0.0,0.0,0.0,0.0,106.55,0.0,0.0,0.0,0.0,106.55,0.0,106.55,0.0,0.0,0.0,0.0,106.55,
2/2/2026,2022.0,20230082.0,19984.0,39069.0,EMPIRE MIDSTREAM LLC,Crude Oil,INTRASTATE,LOUISIANA,0.0,0.837,0.0,0.0,0.0,0.0,0.837,0.0,0.0,0.0,0.0,0.0,0.0,0.0,0.0,0.837,0.0,0.0,0.0,0.0,0.837,
2/2/2026,2022.0,20230091.0,20995.0,39073.0,OCI BEAUMONT LLC,Refined and/or Petroleum Product (non-HVL),INTRASTATE,TEXAS,0.0,4.79,0.0,1.24,0.0,0.0,6.03,0.0,0.0,0.0,0.0,0.0,0.0,0.0,0.0,4.79,0.0,1.24,0.0,0.0,6.03,
2/2/2026,2022.0,20230671.0,20597.0,39084.0,"CRESCENT MIDSTREAM, LLC",Crude Oil,INTERSTATE,LOUISIANA,0.0,421.836,0.0,0.0,0.0,0.0,421.836,0.0,35.956,0.0,0.0,0.0,0.0,35.956,0.0,457.792,0.0,0.0,0.0,0.0,457.792,
2/2/2026,2022.0,20230671.0,20597.0,39084.0,"CRESCENT MIDSTREAM, LLC",Crude Oil,INTERSTATE,OCS-Gulf of Mexico,0.0,0.0,0.0,0.0,0.0,0.0,0.0,0.0,513.484,0.0,0.0,0.0,0.0,513.484,0.0,513.484,0.0,0.0,0.0,0.0,513.484,
2/2/2026,2022.0,20230420.0,21016.0,39090.0,"NUTAAQ PIPELINE, LLC",Crude Oil,INTRASTATE,ALASKA,0.0,0.97,0.0,24.08,0.0,0.0,25.05,0.0,0.0,0.0,0.0,0.0,0.0,0.0,0.0,0.97,0.0,24.08,0.0,0.0,25.05,
2/2/2026,2022.0,20230424.0,20341.0,39099.0,CALIBER NORTH DAKOTA LLC,Crude Oil,INTRASTATE,NORTH DAKOTA,0.0,22.79,0.0,0.0,0.0,0.0,22.79,0.0,0.0,0.0,0.0,0.0,0.0,0.0,0.0,22.79,0.0,0.0,0.0,0.0,22.79,
2/2/2026,2022.0,20230362.0,20278.0,39099.0,CALIBER NORTH DAKOTA LLC,HVL,INTRASTATE,NORTH DAKOTA,0.0,4.64,0.0,0.0,0.0,0.0,4.64,0.0,0.0,0.0,0.0,0.0,0.0,0.0,0.0,4.64,0.0,0.0,0.0,0.0,4.64,
2/2/2026,2022.0,20230647.0,20572.0,39105.0,VALERO PARTNERS OPERATING CO. LLC,Crude Oil,INTERSTATE,MISSISSIPPI,0.0,37.91,0.0,0.0,0.0,0.0,37.91,0.0,0.0,0.0,0.0,0.0,0.0,0.0,0.0,37.91,0.0,0.0,0.0,0.0,37.91,
2/2/2026,2022.0,20230647.0,20572.0,39105.0,VALERO PARTNERS OPERATING CO. LLC,Crude Oil,INTERSTATE,OKLAHOMA,0.0,36.49,0.0,0.0,0.0,0.0,36.49,0.0,0.0,0.0,0.0,0.0,0.0,0.0,0.0,36.49,0.0,0.0,0.0,0.0,36.49,
2/2/2026,2022.0,20230647.0,20572.0,39105.0,VALERO PARTNERS OPERATING CO. LLC,Crude Oil,INTERSTATE,TENNESSEE,0.0,13.99,0.0,0.0,0.0,0.0,13.99,0.0,0.0,0.0,0.0,0.0,0.0,0.0,0.0,13.99,0.0,0.0,0.0,0.0,13.99,
2/2/2026,2022.0,20230647.0,20572.0,39105.0,VALERO PARTNERS OPERATING CO. LLC,Crude Oil,INTERSTATE,TEXAS,0.0,126.71,0.0,0.0,0.0,0.0,126.71,0.0,0.0,0.0,0.0,0.0,0.0,0.0,0.0,126.71,0.0,0.0,0.0,0.0,126.71,
2/2/2026,2022.0,20230647.0,20572.0,39105.0,VALERO PARTNERS OPERATING CO. LLC,Crude Oil,INTRASTATE,TEXAS,0.0,1.79,0.0,0.0,0.0,0.0,1.79,0.0,0.0,0.0,0.0,0.0,0.0,0.0,0.0,1.79,0.0,0.0,0.0,0.0,1.79,
2/2/2026,2022.0,20230619.0,20543.0,39105.0,VALERO PARTNERS OPERATING CO. LLC,Refined and/or Petroleum Product (non-HVL),INTERSTATE,ARKANSAS,0.0,0.79,0.0,0.0,0.0,0.0,0.79,0.0,0.0,0.0,0.0,0.0,0.0,0.0,0.0,0.79,0.0,0.0,0.0,0.0,0.79,
2/2/2026,2022.0,20230619.0,20543.0,39105.0,VALERO PARTNERS OPERATING CO. LLC,Refined and/or Petroleum Product (non-HVL),INTERSTATE,LOUISIANA,0.0,86.94,0.0,0.0,0.0,0.0,86.94,0.0,0.0,0.0,0.0,0.0,0.0,0.0,0.0,86.94,0.0,0.0,0.0,0.0,86.94,
2/2/2026,2022.0,20230619.0,20543.0,39105.0,VALERO PARTNERS OPERATING CO. LLC,Refined and/or Petroleum Product (non-HVL),INTERSTATE,MISSISSIPPI,0.0,55.68,0.0,0.0,0.0,0.0,55.68,0.0,0.0,0.0,0.0,0.0,0.0,0.0,0.0,55.68,0.0,0.0,0.0,0.0,55.68,
2/2/2026,2022.0,20230619.0,20543.0,39105.0,VALERO PARTNERS OPERATING CO. LLC,Refined and/or Petroleum Product (non-HVL),INTERSTATE,OKLAHOMA,0.0,30.11,0.0,0.0,0.0,0.0,30.11,0.0,0.0,0.0,0.0,0.0,0.0,0.0,0.0,30.11,0.0,0.0,0.0,0.0,30.11,
2/2/2026,2022.0,20230619.0,20543.0,39105.0,VALERO PARTNERS OPERATING CO. LLC,Refined and/or Petroleum Product (non-HVL),INTERSTATE,TENNESSEE,0.0,8.06,0.0,0.0,0.0,0.0,8.06,0.0,0.0,0.0,0.0,0.0,0.0,0.0,0.0,8.06,0.0,0.0,0.0,0.0,8.06,
2/2/2026,2022.0,20230619.0,20543.0,39105.0,VALERO PARTNERS OPERATING CO. LLC,Refined and/or Petroleum Product (non-HVL),INTRASTATE,TENNESSEE,0.0,11.14,0.0,0.0,0.0,0.0,11.14,0.0,0.0,0.0,0.0,0.0,0.0,0.0,0.0,11.14,0.0,0.0,0.0,0.0,11.14,
2/2/2026,2022.0,20230619.0,20543.0,39105.0,VALERO PARTNERS OPERATING CO. LLC,Refined and/or Petroleum Product (non-HVL),INTRASTATE,TEXAS,0.0,23.11,0.0,0.0,0.0,0.0,23.11,0.0,0.0,0.0,0.0,0.0,0.0,0.0,0.0,23.11,0.0,0.0,0.0,0.0,23.11,
2/2/2026,2022.0,20230696.0,20624.0,39108.0,BLUEFISH PIPELINE LLC,Refined and/or Petroleum Product (non-HVL),INTRASTATE,NEW MEXICO,0.0,4.0,0.0,0.0,0.0,0.0,4.0,0.0,0.0,0.0,0.0,0.0,0.0,0.0,0.0,4.0,0.0,0.0,0.0,0.0,4.0,
2/2/2026,2022.0,20230696.0,20624.0,39108.0,BLUEFISH PIPELINE LLC,Refined and/or Petroleum Product (non-HVL),INTRASTATE,TEXAS,0.0,13.287,0.0,0.0,0.0,0.0,13.287,0.0,0.0,0.0,0.0,0.0,0.0,0.0,0.0,13.287,0.0,0.0,0.0,0.0,13.287,
2/2/2026,2022.0,20230316.0,20229.0,39112.0,"ENLINK MIDSTREAM SERVICES, LLC",Crude Oil,INTRASTATE,OKLAHOMA,0.0,35.37,0.0,0.0,0.0,0.0,35.37,0.0,0.0,0.0,0.0,0.0,0.0,0.0,0.0,35.37,0.0,0.0,0.0,0.0,35.37,
2/2/2026,2022.0,20230315.0,20228.0,39112.0,"ENLINK MIDSTREAM SERVICES, LLC",HVL,INTRASTATE,OKLAHOMA,0.0,13.134,0.0,0.0,0.0,0.0,13.134,0.0,0.0,0.0,0.0,0.0,0.0,0.0,0.0,13.134,0.0,0.0,0.0,0.0,13.134,
2/2/2026,2022.0,20230315.0,20228.0,39112.0,"ENLINK MIDSTREAM SERVICES, LLC",HVL,INTRASTATE,TEXAS,0.0,134.28,0.0,0.0,0.0,0.0,134.28,0.0,0.0,0.0,0.0,0.0,0.0,0.0,0.0,134.28,0.0,0.0,0.0,0.0,134.28,
2/2/2026,2022.0,20230277.0,20188.0,39122.0,UTICA EAST OHIO MIDSTREAM LLC,HVL,INTRASTATE,OHIO,0.0,62.73,0.0,0.0,0.0,0.0,62.73,0.0,0.0,0.0,0.0,0.0,0.0,0.0,0.0,62.73,0.0,0.0,0.0,0.0,62.73,
2/2/2026,2022.0,20230455.0,20375.0,39131.0,PERMIAN EXPRESS TERMINAL LLC,Crude Oil,INTERSTATE,TEXAS,0.0,27.6,0.0,0.0,0.0,0.0,27.6,0.0,0.0,0.0,0.0,0.0,0.0,0.0,0.0,27.6,0.0,0.0,0.0,0.0,27.6,
2/2/2026,2022.0,20230093.0,19995.0,39135.0,"VICTORIA EXPRESS PIPELINE, L.L.C.",Crude Oil,INTRASTATE,TEXAS,0.0,56.94,0.0,0.0,0.0,0.0,56.94,0.0,0.0,0.0,0.0,0.0,0.0,0.0,0.0,56.94,0.0,0.0,0.0,0.0,56.94,
2/2/2026,2022.0,20230097.0,19999.0,39138.0,"BOARDWALK LOUISIANA MIDSTREAM, LLC",HVL,INTRASTATE,LOUISIANA,0.0,203.49,0.0,0.0,0.0,0.0,203.49,0.0,0.0,0.0,0.0,0.0,0.0,0.0,0.0,203.49,0.0,0.0,0.0,0.0,203.49,
2/2/2026,2022.0,20230097.0,19999.0,39138.0,"BOARDWALK LOUISIANA MIDSTREAM, LLC",HVL,INTRASTATE,TEXAS,0.0,1.11,0.0,0.0,0.0,0.0,1.11,0.0,0.0,0.0,0.0,0.0,0.0,0.0,0.0,1.11,0.0,0.0,0.0,0.0,1.11,
2/2/2026,2022.0,20230385.0,20301.0,39145.0,ENBRIDGE STORAGE (CUSHING) L.L.C.,Crude Oil,INTERSTATE,OKLAHOMA,0.0,24.531,0.0,0.0,0.0,0.0,24.531,0.0,0.0,0.0,0.0,0.0,0.0,0.0,0.0,24.531,0.0,0.0,0.0,0.0,24.531,
2/2/2026,2022.0,20230471.0,20391.0,39147.0,"ENABLE GAS GATHERING, LLC",Crude Oil,INTRASTATE,OKLAHOMA,0.0,131.28,0.0,0.0,0.0,0.0,131.28,0.0,0.0,0.0,0.0,0.0,0.0,0.0,0.0,131.28,0.0,0.0,0.0,0.0,131.28,
2/2/2026,2022.0,20230140.0,20049.0,39149.0,IMTT-BAYONNE,Refined and/or Petroleum Product (non-HVL),INTRASTATE,NEW JERSEY,0.0,3.15,0.0,0.51,0.0,0.0,3.66,0.0,0.0,0.0,0.0,0.0,0.0,0.0,0.0,3.15,0.0,0.51,0.0,0.0,3.66,
2/2/2026,2022.0,20230476.0,20396.0,39156.0,TARGA FRIO LASALLE PIPELINE LP,HVL,INTRASTATE,TEXAS,0.0,48.93,0.0,0.0,0.0,0.0,48.93,0.0,0.0,0.0,0.0,0.0,0.0,0.0,0.0,48.93,0.0,0.0,0.0,0.0,48.93,
2/2/2026,2022.0,20230365.0,20281.0,39179.0,"AMPLIFY ENERGY OPERATING, LLC",CO2,INTRASTATE,WYOMING,0.0,20.0,0.0,0.0,0.0,0.0,20.0,0.0,0.0,0.0,0.0,0.0,0.0,0.0,0.0,20.0,0.0,0.0,0.0,0.0,20.0,
2/2/2026,2022.0,20230643.0,20568.0,39183.0,"MEDALLION OPERATING COMPANY, LLC",Crude Oil,INTRASTATE,TEXAS,0.0,661.21,0.0,0.0,0.0,0.0,661.21,0.0,0.0,0.0,0.0,0.0,0.0,0.0,0.0,661.21,0.0,0.0,0.0,0.0,661.21,
2/2/2026,2022.0,20230333.0,20247.0,39183.0,"MEDALLION OPERATING COMPANY, LLC",HVL,INTRASTATE,TEXAS,0.0,6.52,0.0,0.0,0.0,0.0,6.52,0.0,0.0,0.0,0.0,0.0,0.0,0.0,0.0,6.52,0.0,0.0,0.0,0.0,6.52,
2/2/2026,2022.0,20230600.0,20524.0,39187.0,"THUNDER CREEK NGL PIPELINE, LLC",HVL,INTRASTATE,WYOMING,0.0,121.33,0.0,0.0,0.0,0.0,121.33,0.0,0.0,0.0,0.0,0.0,0.0,0.0,0.0,121.33,0.0,0.0,0.0,0.0,121.33,
2/2/2026,2022.0,20230702.0,20659.0,39189.0,"SANARE ENERGY PARTNERS, LLC",Crude Oil,INTERSTATE,LOUISIANA,0.0,0.48,0.0,0.0,0.0,0.0,0.48,0.0,7.22,0.0,0.0,0.0,0.0,7.22,0.0,7.7,0.0,0.0,0.0,0.0,7.7,
2/2/2026,2022.0,20230702.0,20659.0,39189.0,"SANARE ENERGY PARTNERS, LLC",Crude Oil,INTERSTATE,OCS-Gulf of Mexico,0.0,0.0,0.0,0.0,0.0,0.0,0.0,0.0,1.6,0.0,0.0,0.0,0.0,1.6,0.0,1.6,0.0,0.0,0.0,0.0,1.6,
2/2/2026,2022.0,20230267.0,20178.0,39191.0,CONSOLIDATED EDISON CO OF NY,Refined and/or Petroleum Product (non-HVL),INTRASTATE,NEW YORK,0.0,0.16,0.0,0.55,0.21,0.0,0.92,0.0,0.0,0.0,0.0,0.0,0.0,0.0,0.0,0.16,0.0,0.55,0.21,0.0,0.92,
2/2/2026,2022.0,20230692.0,20620.0,39196.0,CHEYENNE RAIL HUB,Crude Oil,INTRASTATE,WYOMING,0.0,1.8,0.0,0.0,0.0,0.0,1.8,0.0,0.0,0.0,0.0,0.0,0.0,0.0,0.0,1.8,0.0,0.0,0.0,0.0,1.8,
2/2/2026,2022.0,20230443.0,20363.0,39205.0,"DAPL-ETCO OPERATIONS MANAGEMENT, LLC",Crude Oil,INTERSTATE,ARKANSAS,0.0,19.71,0.0,0.0,0.0,0.0,19.71,0.0,0.0,0.0,0.0,0.0,0.0,0.0,0.0,19.71,0.0,0.0,0.0,0.0,19.71,
2/2/2026,2022.0,20230443.0,20363.0,39205.0,"DAPL-ETCO OPERATIONS MANAGEMENT, LLC",Crude Oil,INTERSTATE,ILLINOIS,0.0,320.44,0.0,0.0,0.0,0.0,320.44,0.0,0.0,0.0,0.0,0.0,0.0,0.0,0.0,320.44,0.0,0.0,0.0,0.0,320.44,
2/2/2026,2022.0,20230443.0,20363.0,39205.0,"DAPL-ETCO OPERATIONS MANAGEMENT, LLC",Crude Oil,INTERSTATE,IOWA,0.0,348.09,0.0,0.0,0.0,0.0,348.09,0.0,0.0,0.0,0.0,0.0,0.0,0.0,0.0,348.09,0.0,0.0,0.0,0.0,348.09,
2/2/2026,2022.0,20230443.0,20363.0,39205.0,"DAPL-ETCO OPERATIONS MANAGEMENT, LLC",Crude Oil,INTERSTATE,KENTUCKY,0.0,51.13,0.0,0.0,0.0,0.0,51.13,0.0,0.0,0.0,0.0,0.0,0.0,0.0,0.0,51.13,0.0,0.0,0.0,0.0,51.13,
2/2/2026,2022.0,20230443.0,20363.0,39205.0,"DAPL-ETCO OPERATIONS MANAGEMENT, LLC",Crude Oil,INTERSTATE,LOUISIANA,0.0,236.99,0.0,0.0,0.0,0.0,236.99,0.0,0.0,0.0,0.0,0.0,0.0,0.0,0.0,236.99,0.0,0.0,0.0,0.0,236.99,
2/2/2026,2022.0,20230443.0,20363.0,39205.0,"DAPL-ETCO OPERATIONS MANAGEMENT, LLC",Crude Oil,INTERSTATE,MISSISSIPPI,0.0,152.21,0.0,0.0,0.0,0.0,152.21,0.0,0.0,0.0,0.0,0.0,0.0,0.0,0.0,152.21,0.0,0.0,0.0,0.0,152.21,
2/2/2026,2022.0,20230443.0,20363.0,39205.0,"DAPL-ETCO OPERATIONS MANAGEMENT, LLC",Crude Oil,INTERSTATE,NORTH DAKOTA,0.0,360.08,0.0,0.0,0.0,0.0,360.08,0.0,0.0,0.0,0.0,0.0,0.0,0.0,0.0,360.08,0.0,0.0,0.0,0.0,360.08,
2/2/2026,2022.0,20230443.0,20363.0,39205.0,"DAPL-ETCO OPERATIONS MANAGEMENT, LLC",Crude Oil,INTERSTATE,SOUTH DAKOTA,0.0,274.91,0.0,0.0,0.0,0.0,274.91,0.0,0.0,0.0,0.0,0.0,0.0,0.0,0.0,274.91,0.0,0.0,0.0,0.0,274.91,
2/2/2026,2022.0,20230443.0,20363.0,39205.0,"DAPL-ETCO OPERATIONS MANAGEMENT, LLC",Crude Oil,INTERSTATE,TENNESSEE,0.0,110.59,0.0,0.0,0.0,0.0,110.59,0.0,0.0,0.0,0.0,0.0,0.0,0.0,0.0,110.59,0.0,0.0,0.0,0.0,110.59,
2/2/2026,2022.0,20230443.0,20363.0,39205.0,"DAPL-ETCO OPERATIONS MANAGEMENT, LLC",Crude Oil,INTERSTATE,TEXAS,0.0,43.69,0.0,0.0,0.0,0.0,43.69,0.0,0.0,0.0,0.0,0.0,0.0,0.0,0.0,43.69,0.0,0.0,0.0,0.0,43.69,
2/2/2026,2022.0,20230061.0,19950.0,39214.0,ENVEN ENERGY VENTURES LLC.,Crude Oil,INTERSTATE,LOUISIANA,0.0,4.5,0.0,0.0,0.0,0.0,4.5,0.0,3.6,0.0,0.0,0.0,0.0,3.6,0.0,8.1,0.0,0.0,0.0,0.0,8.1,
2/2/2026,2022.0,20230061.0,19950.0,39214.0,ENVEN ENERGY VENTURES LLC.,Crude Oil,INTERSTATE,OCS-Gulf of Mexico,0.0,0.0,0.0,0.0,0.0,0.0,0.0,0.0,19.4,0.0,0.0,0.0,0.0,19.4,0.0,19.4,0.0,0.0,0.0,0.0,19.4,
2/2/2026,2022.0,20230533.0,20457.0,39216.0,TALLGRASS MIDSTREAM LLC,HVL,INTERSTATE,COLORADO,0.0,18.045,0.0,0.0,0.0,0.0,18.045,0.0,0.0,0.0,0.0,0.0,0.0,0.0,0.0,18.045,0.0,0.0,0.0,0.0,18.045,
2/2/2026,2022.0,20230071.0,19962.0,39221.0,DAKOTA MIDSTREAM,Crude Oil,INTRASTATE,NORTH DAKOTA,0.0,20.68,0.0,0.0,0.0,0.0,20.68,0.0,0.0,0.0,0.0,0.0,0.0,0.0,0.0,20.68,0.0,0.0,0.0,0.0,20.68,
2/2/2026,2022.0,20230211.0,20121.0,39229.0,CAMINO REAL GATHERING CO LLC,Crude Oil,INTRASTATE,TEXAS,0.0,46.79,0.0,0.0,0.0,0.0,46.79,0.0,0.0,0.0,0.0,0.0,0.0,0.0,0.0,46.79,0.0,0.0,0.0,0.0,46.79,
2/2/2026,2022.0,20230406.0,20323.0,39241.0,ZENITH ENERGY TERMINALS JOLIET HOLDINGS LLC,Crude Oil,INTERSTATE,ILLINOIS,0.0,4.538,0.0,0.0,0.0,0.0,4.538,0.0,0.0,0.0,0.0,0.0,0.0,0.0,0.0,4.538,0.0,0.0,0.0,0.0,4.538,
2/2/2026,2022.0,20230115.0,20020.0,39252.0,"FASKEN OIL AND RANCH, LTD.",Crude Oil,INTRASTATE,TEXAS,0.0,0.0,0.0,0.0,34.08,0.0,34.08,0.0,0.0,0.0,0.0,0.0,0.0,0.0,0.0,0.0,0.0,0.0,34.08,0.0,34.08,
2/2/2026,2022.0,20230116.0,20021.0,39252.0,"FASKEN OIL AND RANCH, LTD.",HVL,INTRASTATE,TEXAS,0.0,3.07,0.0,0.0,0.0,0.0,3.07,0.0,0.0,0.0,0.0,0.0,0.0,0.0,0.0,3.07,0.0,0.0,0.0,0.0,3.07,
2/2/2026,2022.0,20230032.0,19916.0,39271.0,EAGLECLAW MIDSTREAM VENTURES,Crude Oil,INTRASTATE,TEXAS,0.0,19.76,0.0,0.0,0.0,0.0,19.76,0.0,0.0,0.0,0.0,0.0,0.0,0.0,0.0,19.76,0.0,0.0,0.0,0.0,19.76,
2/2/2026,2022.0,20230033.0,19917.0,39271.0,EAGLECLAW MIDSTREAM VENTURES,HVL,INTRASTATE,TEXAS,0.0,44.49,0.0,0.0,0.0,0.0,44.49,0.0,0.0,0.0,0.0,0.0,0.0,0.0,0.0,44.49,0.0,0.0,0.0,0.0,44.49,
2/2/2026,2022.0,20230242.0,20153.0,39272.0,"PARADIGM MIDSTREAM SERVICES - ND, LLC",Crude Oil,INTRASTATE,NORTH DAKOTA,0.0,23.94,0.0,0.0,0.0,0.0,23.94,0.0,0.0,0.0,0.0,0.0,0.0,0.0,0.0,23.94,0.0,0.0,0.0,0.0,23.94,
2/2/2026,2022.0,20230009.0,19880.0,39281.0,BROOKS RANGE PETROLEUM CORPORATION,Crude Oil,INTRASTATE,ALASKA,0.0,0.0,0.0,0.256,0.0,0.0,0.256,0.0,0.0,0.0,0.0,0.0,0.0,0.0,0.0,0.0,0.0,0.256,0.0,0.0,0.256,
2/2/2026,2022.0,20230657.0,20583.0,39292.0,"TWIN EAGLE MIDSTREAM ASSETS, LLC",Crude Oil,INTERSTATE,WYOMING,0.0,4.49,0.0,0.0,0.0,0.0,4.49,0.0,0.0,0.0,0.0,0.0,0.0,0.0,0.0,4.49,0.0,0.0,0.0,0.0,4.49,
2/2/2026,2022.0,20230401.0,20318.0,39303.0,"BASA RESOURCES, INC.",Crude Oil,INTRASTATE,TEXAS,0.0,15.42,0.0,0.0,0.0,0.6,16.02,0.0,0.0,0.0,0.0,0.0,0.0,0.0,0.0,15.42,0.0,0.0,0.0,0.6,16.02,
2/2/2026,2022.0,20230185.0,20095.0,39313.0,"MAVERICK TERMINAL THREE RIVERS, LLC",HVL,INTRASTATE,TEXAS,0.0,1.77,0.0,0.0,0.0,0.0,1.77,0.0,0.0,0.0,0.0,0.0,0.0,0.0,0.0,1.77,0.0,0.0,0.0,0.0,1.77,
2/2/2026,2022.0,20230554.0,20478.0,39317.0,SCOUT ENERGY MANAGEMENT LLC,CO2,INTRASTATE,COLORADO,0.0,11.6,0.0,0.0,0.0,0.0,11.6,0.0,0.0,0.0,0.0,0.0,0.0,0.0,0.0,11.6,0.0,0.0,0.0,0.0,11.6,
2/2/2026,2022.0,20230554.0,20478.0,39317.0,SCOUT ENERGY MANAGEMENT LLC,CO2,INTRASTATE,UTAH,0.0,73.5,0.0,0.0,0.0,0.0,73.5,0.0,0.0,0.0,0.0,0.0,0.0,0.0,0.0,73.5,0.0,0.0,0.0,0.0,73.5,
2/2/2026,2022.0,20230554.0,20478.0,39317.0,SCOUT ENERGY MANAGEMENT LLC,CO2,INTRASTATE,WYOMING,0.0,44.4,0.0,0.0,0.0,0.0,44.4,0.0,0.0,0.0,0.0,0.0,0.0,0.0,0.0,44.4,0.0,0.0,0.0,0.0,44.4,
2/2/2026,2022.0,20230677.0,20745.0,39325.0,"TALOS ENERGY, LLC",Crude Oil,INTERSTATE,LOUISIANA,0.0,0.0,0.0,0.0,0.0,0.0,0.0,0.0,0.149,0.0,0.0,0.0,0.0,0.149,0.0,0.149,0.0,0.0,0.0,0.0,0.149,
2/2/2026,2022.0,20230677.0,20745.0,39325.0,"TALOS ENERGY, LLC",Crude Oil,INTERSTATE,OCS-Gulf of Mexico,0.0,0.0,0.0,0.0,0.0,0.0,0.0,0.0,29.098,0.0,0.0,0.0,0.0,29.098,0.0,29.098,0.0,0.0,0.0,0.0,29.098,
2/2/2026,2022.0,20230175.0,20085.0,39336.0,"BR PORT SERVICES, LLC",Crude Oil,INTRASTATE,LOUISIANA,0.0,3.91,0.0,0.0,0.0,0.0,3.91,0.0,0.0,0.0,0.0,0.0,0.0,0.0,0.0,3.91,0.0,0.0,0.0,0.0,3.91,
2/2/2026,2022.0,20230325.0,20239.0,39339.0,TINSLEY RESOURCES  LLC,Crude Oil,INTRASTATE,MISSISSIPPI,0.0,37.415,0.0,0.0,0.0,0.0,37.415,0.0,0.0,0.0,0.0,0.0,0.0,0.0,0.0,37.415,0.0,0.0,0.0,0.0,37.415,
2/2/2026,2022.0,20230298.0,20827.0,39341.0,"CHALMETTE LOUISIANA LIQUIDS, LLC",HVL,INTRASTATE,LOUISIANA,0.0,42.28,0.0,0.0,0.0,0.0,42.28,0.0,0.0,0.0,0.0,0.0,0.0,0.0,0.0,42.28,0.0,0.0,0.0,0.0,42.28,
2/2/2026,2022.0,20230386.0,20302.0,39347.0,"ILLINOIS EXTENSION PIPELINE COMPANY, L.L.C.",Crude Oil,INTERSTATE,ILLINOIS,0.0,168.196,0.0,0.0,0.0,0.0,168.196,0.0,0.0,0.0,0.0,0.0,0.0,0.0,0.0,168.196,0.0,0.0,0.0,0.0,168.196,
2/2/2026,2022.0,20230545.0,20469.0,39348.0,"NUSTAR PERMIAN TRANSPORTATION AND STORAGE, LLC",Crude Oil,INTRASTATE,TEXAS,0.0,402.3,0.0,0.0,0.0,0.0,402.3,0.0,0.0,0.0,0.0,0.0,0.0,0.0,0.0,402.3,0.0,0.0,0.0,0.0,402.3,
2/2/2026,2022.0,20230143.0,20052.0,39349.0,"USG WHEATLAND PIPELINE, LLC",Crude Oil,INTRASTATE,NORTH DAKOTA,0.0,21.143,0.0,0.0,0.0,0.0,21.143,0.0,0.0,0.0,0.0,0.0,0.0,0.0,0.0,21.143,0.0,0.0,0.0,0.0,21.143,
2/2/2026,2022.0,20230076.0,19971.0,39351.0,"MONARCH OIL PIPELINE, LLC",Crude Oil,INTERSTATE,OKLAHOMA,0.0,1.4,0.0,0.0,0.0,0.0,1.4,0.0,0.0,0.0,0.0,0.0,0.0,0.0,0.0,1.4,0.0,0.0,0.0,0.0,1.4,
2/2/2026,2022.0,20230076.0,19971.0,39351.0,"MONARCH OIL PIPELINE, LLC",Crude Oil,INTERSTATE,TEXAS,0.0,38.3,0.0,0.0,0.0,0.0,38.3,0.0,0.0,0.0,0.0,0.0,0.0,0.0,0.0,38.3,0.0,0.0,0.0,0.0,38.3,
2/2/2026,2022.0,20230076.0,19971.0,39351.0,"MONARCH OIL PIPELINE, LLC",Crude Oil,INTRASTATE,TEXAS,0.0,13.25,0.0,0.0,0.0,0.0,13.25,0.0,0.0,0.0,0.0,0.0,0.0,0.0,0.0,13.25,0.0,0.0,0.0,0.0,13.25,
2/2/2026,2022.0,20230477.0,20658.0,39352.0,"GENESIS OFFSHORE HOLDINGS, LLC",Crude Oil,INTERSTATE,LOUISIANA,0.0,45.9,0.0,0.0,0.0,0.0,45.9,0.0,4.32,0.0,0.0,0.0,0.0,4.32,0.0,50.22,0.0,0.0,0.0,0.0,50.22,
2/2/2026,2022.0,20230477.0,20658.0,39352.0,"GENESIS OFFSHORE HOLDINGS, LLC",Crude Oil,INTERSTATE,OCS-Gulf of Mexico,0.0,0.0,0.0,0.0,0.0,0.0,0.0,0.0,951.92,0.0,0.0,0.0,0.0,951.92,0.0,951.92,0.0,0.0,0.0,0.0,951.92,
2/2/2026,2022.0,20230477.0,20658.0,39352.0,"GENESIS OFFSHORE HOLDINGS, LLC",Crude Oil,INTERSTATE,TEXAS,0.0,50.86,0.0,0.0,0.0,0.0,50.86,0.0,27.87,0.0,0.0,0.0,0.0,27.87,0.0,78.73,0.0,0.0,0.0,0.0,78.73,
2/2/2026,2022.0,20230150.0,20059.0,39354.0,ENBRIDGE OFFSHORE FACILITIES,Crude Oil,INTERSTATE,OCS-Gulf of Mexico,0.0,0.0,0.0,0.0,0.0,0.0,0.0,0.0,165.1,0.0,0.0,0.0,0.0,165.1,0.0,165.1,0.0,0.0,0.0,0.0,165.1,
2/2/2026,2022.0,20230344.0,20258.0,39368.0,CRESTWOOD MIDSTREAM PARTNERS LP,Crude Oil,INTRASTATE,NORTH DAKOTA,0.0,132.38,0.0,0.0,0.0,0.0,132.38,0.0,0.0,0.0,0.0,0.0,0.0,0.0,0.0,132.38,0.0,0.0,0.0,0.0,132.38,
2/2/2026,2022.0,20230344.0,20258.0,39368.0,CRESTWOOD MIDSTREAM PARTNERS LP,Crude Oil,INTRASTATE,TEXAS,0.0,9.23,0.0,0.0,0.0,0.0,9.23,0.0,0.0,0.0,0.0,0.0,0.0,0.0,0.0,9.23,0.0,0.0,0.0,0.0,9.23,
2/2/2026,2022.0,20230336.0,20250.0,39368.0,CRESTWOOD MIDSTREAM PARTNERS LP,HVL,INTERSTATE,SOUTH CAROLINA,0.0,62.7,0.0,0.0,0.0,0.0,62.7,0.0,0.0,0.0,0.0,0.0,0.0,0.0,0.0,62.7,0.0,0.0,0.0,0.0,62.7,
2/2/2026,2022.0,20230336.0,20250.0,39368.0,CRESTWOOD MIDSTREAM PARTNERS LP,HVL,INTRASTATE,NORTH DAKOTA,0.0,2.76,0.0,0.0,0.0,0.0,2.76,0.0,0.0,0.0,0.0,0.0,0.0,0.0,0.0,2.76,0.0,0.0,0.0,0.0,2.76,
2/2/2026,2022.0,20230336.0,20250.0,39368.0,CRESTWOOD MIDSTREAM PARTNERS LP,HVL,INTRASTATE,TEXAS,0.0,2.28,0.0,0.0,0.0,0.0,2.28,0.0,0.0,0.0,0.0,0.0,0.0,0.0,0.0,2.28,0.0,0.0,0.0,0.0,2.28,
2/2/2026,2022.0,20230674.0,20600.0,39369.0,ELLSJET TERMINAL,Refined and/or Petroleum Product (non-HVL),INTRASTATE,SOUTH DAKOTA,0.0,6.51,0.0,0.0,0.0,0.0,6.51,0.0,0.0,0.0,0.0,0.0,0.0,0.0,0.0,6.51,0.0,0.0,0.0,0.0,6.51,
2/2/2026,2022.0,20230301.0,20212.0,39376.0,"BLUE CUBE OPERATIONS, LLC.",Refined and/or Petroleum Product (non-HVL),INTRASTATE,TEXAS,0.0,1.55,0.0,0.0,0.0,0.0,1.55,0.0,0.0,0.0,0.0,0.0,0.0,0.0,0.0,1.55,0.0,0.0,0.0,0.0,1.55,
2/2/2026,2022.0,20230566.0,20490.0,39377.0,"WHITNEY OIL & GAS, LLC",Crude Oil,INTRASTATE,LOUISIANA,0.0,0.0,0.0,0.0,0.0,0.0,0.0,0.0,16.643,0.0,0.0,0.0,0.0,16.643,0.0,16.643,0.0,0.0,0.0,0.0,16.643,
2/2/2026,2022.0,20230176.0,20086.0,39389.0,"GEL TEXAS PIPELINE, LLC",Crude Oil,INTERSTATE,TEXAS,0.0,25.11,0.0,0.0,0.0,0.0,25.11,0.0,0.0,0.0,0.0,0.0,0.0,0.0,0.0,25.11,0.0,0.0,0.0,0.0,25.11,
2/2/2026,2022.0,20230119.0,20874.0,39398.0,INEOS USA LLC,HVL,INTRASTATE,TEXAS,0.0,407.65,0.0,0.0,0.0,0.0,407.65,0.0,0.0,0.0,0.0,0.0,0.0,0.0,0.0,407.65,0.0,0.0,0.0,0.0,407.65,
2/2/2026,2022.0,20230123.0,20865.0,39398.0,INEOS USA LLC,Refined and/or Petroleum Product (non-HVL),INTRASTATE,TEXAS,0.0,72.16,0.0,0.0,0.0,0.0,72.16,0.0,0.0,0.0,0.0,0.0,0.0,0.0,0.0,72.16,0.0,0.0,0.0,0.0,72.16,
2/2/2026,2022.0,20230374.0,22535.0,39401.0,GREAT SALT PLAINS PIPELINE LLC,Crude Oil,INTRASTATE,OKLAHOMA,161.05,0.0,0.0,0.0,0.0,0.0,161.05,0.0,0.0,0.0,0.0,0.0,0.0,0.0,161.05,0.0,0.0,0.0,0.0,0.0,161.05,
2/2/2026,2022.0,20230435.0,20355.0,39409.0,"CHALMETTE REFINING, L.L.C.",Crude Oil,INTRASTATE,LOUISIANA,0.0,2.1,0.0,0.0,0.0,0.0,2.1,0.0,0.0,0.0,0.0,0.0,0.0,0.0,0.0,2.1,0.0,0.0,0.0,0.0,2.1,
2/2/2026,2022.0,20230437.0,20357.0,39409.0,"CHALMETTE REFINING, L.L.C.",Refined and/or Petroleum Product (non-HVL),INTRASTATE,LOUISIANA,0.0,1.69,0.0,0.0,0.0,0.0,1.69,0.0,0.0,0.0,0.0,0.0,0.0,0.0,0.0,1.69,0.0,0.0,0.0,0.0,1.69,
2/2/2026,2022.0,20230395.0,20312.0,39433.0,"MAGELLAN OPERATING COMPANY, LLC",Crude Oil,INTRASTATE,TEXAS,0.0,25.0,0.0,0.0,0.0,0.0,25.0,0.0,0.0,0.0,0.0,0.0,0.0,0.0,0.0,25.0,0.0,0.0,0.0,0.0,25.0,
2/2/2026,2022.0,20230396.0,20313.0,39433.0,"MAGELLAN OPERATING COMPANY, LLC",Refined and/or Petroleum Product (non-HVL),INTRASTATE,TEXAS,0.0,11.14,0.0,0.0,0.0,0.0,11.14,0.0,0.0,0.0,0.0,0.0,0.0,0.0,0.0,11.14,0.0,0.0,0.0,0.0,11.14,
2/2/2026,2022.0,20230100.0,20002.0,39436.0,INDORAMA VENTURES OLEFINS LLC,HVL,INTERSTATE,LOUISIANA,0.0,27.7,0.0,0.0,0.0,0.0,27.7,0.0,0.0,0.0,0.0,0.0,0.0,0.0,0.0,27.7,0.0,0.0,0.0,0.0,27.7,
2/2/2026,2022.0,20230100.0,20002.0,39436.0,INDORAMA VENTURES OLEFINS LLC,HVL,INTERSTATE,TEXAS,0.0,5.0,0.0,0.0,0.0,0.0,5.0,0.0,0.0,0.0,0.0,0.0,0.0,0.0,0.0,5.0,0.0,0.0,0.0,0.0,5.0,
2/2/2026,2022.0,20230100.0,20002.0,39436.0,INDORAMA VENTURES OLEFINS LLC,HVL,INTRASTATE,LOUISIANA,0.0,0.09,0.0,0.0,0.0,0.0,0.09,0.0,0.0,0.0,0.0,0.0,0.0,0.0,0.0,0.09,0.0,0.0,0.0,0.0,0.09,
2/2/2026,2022.0,20230223.0,20134.0,39440.0,DOUBLE H,Crude Oil,INTERSTATE,MONTANA,0.0,266.66,0.0,0.0,0.0,0.0,266.66,0.0,0.0,0.0,0.0,0.0,0.0,0.0,0.0,266.66,0.0,0.0,0.0,0.0,266.66,
2/2/2026,2022.0,20230223.0,20134.0,39440.0,DOUBLE H,Crude Oil,INTERSTATE,NORTH DAKOTA,0.0,0.88,0.0,0.0,0.0,0.0,0.88,0.0,0.0,0.0,0.0,0.0,0.0,0.0,0.0,0.88,0.0,0.0,0.0,0.0,0.88,
2/2/2026,2022.0,20230223.0,20134.0,39440.0,DOUBLE H,Crude Oil,INTERSTATE,WYOMING,0.0,244.67,0.0,0.0,0.0,0.0,244.67,0.0,0.0,0.0,0.0,0.0,0.0,0.0,0.0,244.67,0.0,0.0,0.0,0.0,244.67,
2/2/2026,2022.0,20230223.0,20134.0,39440.0,DOUBLE H,Crude Oil,INTRASTATE,WYOMING,0.0,0.27,0.0,0.0,0.0,0.0,0.27,0.0,0.0,0.0,0.0,0.0,0.0,0.0,0.0,0.27,0.0,0.0,0.0,0.0,0.27,
2/2/2026,2022.0,20230446.0,20366.0,39462.0,"BAYOU BRIDGE PIPELINE, LLC",Crude Oil,INTERSTATE,LOUISIANA,0.0,187.38,0.0,0.0,0.0,0.0,187.38,0.0,0.0,0.0,0.0,0.0,0.0,0.0,0.0,187.38,0.0,0.0,0.0,0.0,187.38,
2/2/2026,2022.0,20230446.0,20366.0,39462.0,"BAYOU BRIDGE PIPELINE, LLC",Crude Oil,INTERSTATE,TEXAS,0.0,24.89,0.0,0.0,0.0,0.0,24.89,0.0,0.0,0.0,0.0,0.0,0.0,0.0,0.0,24.89,0.0,0.0,0.0,0.0,24.89,
2/2/2026,2022.0,20230078.0,19973.0,39467.0,"KURARAY AMERICA, INC.",HVL,INTRASTATE,TEXAS,0.0,9.168,0.0,0.0,0.0,0.0,9.168,0.0,0.0,0.0,0.0,0.0,0.0,0.0,0.0,9.168,0.0,0.0,0.0,0.0,9.168,
2/2/2026,2022.0,20230016.0,19893.0,39474.0,"ENBRIDGE INGLESIDE, LLC",Crude Oil,INTRASTATE,TEXAS,0.0,31.87,0.0,0.0,0.0,0.0,31.87,0.0,0.0,0.0,0.0,0.0,0.0,0.0,0.0,31.87,0.0,0.0,0.0,0.0,31.87,
2/2/2026,2022.0,20230017.0,19894.0,39474.0,"ENBRIDGE INGLESIDE, LLC",HVL,INTRASTATE,TEXAS,0.0,18.2,0.0,0.0,0.0,0.0,18.2,0.0,0.0,0.0,0.0,0.0,0.0,0.0,0.0,18.2,0.0,0.0,0.0,0.0,18.2,
2/2/2026,2022.0,20230609.0,20533.0,39476.0,"BRAZOS MIDSTREAM OPERATING, LLC",HVL,INTRASTATE,TEXAS,0.0,12.37,0.0,0.0,0.0,0.0,12.37,0.0,0.0,0.0,0.0,0.0,0.0,0.0,0.0,12.37,0.0,0.0,0.0,0.0,12.37,
2/2/2026,2022.0,20230588.0,20512.0,39477.0,"KEYERA ENERGY, INC.",Crude Oil,INTRASTATE,OKLAHOMA,0.0,2.44,0.0,0.0,0.0,0.0,2.44,0.0,0.0,0.0,0.0,0.0,0.0,0.0,0.0,2.44,0.0,0.0,0.0,0.0,2.44,
2/2/2026,2022.0,20230216.0,20126.0,39487.0,COPANO PROCESSING LLC,HVL,INTRASTATE,TEXAS,0.0,3.16,0.0,0.0,0.0,0.0,3.16,0.0,0.0,0.0,0.0,0.0,0.0,0.0,0.0,3.16,0.0,0.0,0.0,0.0,3.16,
2/2/2026,2022.0,20230201.0,20111.0,39490.0,PETRA NOVA CCS I LLC,CO2,INTRASTATE,TEXAS,0.0,0.36,0.0,0.0,0.0,0.0,0.36,0.0,0.0,0.0,0.0,0.0,0.0,0.0,0.0,0.36,0.0,0.0,0.0,0.0,0.36,
2/2/2026,2022.0,20230326.0,21659.0,39492.0,"CELANESE CHEMICALS, INC",HVL,INTRASTATE,TEXAS,0.0,12.64,0.0,0.0,0.0,0.0,12.64,0.0,0.0,0.0,0.0,0.0,0.0,0.0,0.0,12.64,0.0,0.0,0.0,0.0,12.64,
2/2/2026,2022.0,20240699.0,21521.0,39492.0,"CELANESE CHEMICALS, INC",Refined and/or Petroleum Product (non-HVL),INTRASTATE,TEXAS,0.0,3.26,0.0,1.58,0.0,0.0,4.84,0.0,0.0,0.0,0.0,0.0,0.0,0.0,0.0,3.26,0.0,1.58,0.0,0.0,4.84,
2/2/2026,2022.0,20230219.0,20129.0,39498.0,COX OPERATING LLC,Crude Oil,INTERSTATE,LOUISIANA,0.0,21.35,0.0,0.0,0.0,0.0,21.35,0.0,44.31,0.0,0.0,0.0,0.0,44.31,0.0,65.66,0.0,0.0,0.0,0.0,65.66,
2/2/2026,2022.0,20230219.0,20129.0,39498.0,COX OPERATING LLC,Crude Oil,INTERSTATE,OCS-Gulf of Mexico,0.0,0.0,0.0,0.0,0.0,0.0,0.0,0.0,96.73,0.0,0.0,0.0,0.0,96.73,0.0,96.73,0.0,0.0,0.0,0.0,96.73,
2/2/2026,2022.0,20230394.0,20311.0,39504.0,"MAGELLAN CRUDE OIL PIPELINE COMPANY, L.P.",Crude Oil,INTERSTATE,TEXAS,0.0,469.5,0.0,0.0,0.0,0.0,469.5,0.0,0.0,0.0,0.0,0.0,0.0,0.0,0.0,469.5,0.0,0.0,0.0,0.0,469.5,
2/2/2026,2022.0,20230394.0,20311.0,39504.0,"MAGELLAN CRUDE OIL PIPELINE COMPANY, L.P.",Crude Oil,INTRASTATE,TEXAS,0.0,125.75,0.0,0.0,0.0,0.0,125.75,0.0,0.0,0.0,0.0,0.0,0.0,0.0,0.0,125.75,0.0,0.0,0.0,0.0,125.75,
2/2/2026,2022.0,20230300.0,20211.0,39506.0,PEAK MIDSTREAM GOLDSBORO LLC,Refined and/or Petroleum Product (non-HVL),INTRASTATE,NORTH CAROLINA,0.0,5.62,0.0,0.0,0.0,0.0,5.62,0.0,0.0,0.0,0.0,0.0,0.0,0.0,0.0,5.62,0.0,0.0,0.0,0.0,5.62,
2/2/2026,2022.0,20230655.0,20724.0,39509.0,"ITC PIPELINE COMPANY, LLC",Refined and/or Petroleum Product (non-HVL),INTRASTATE,TEXAS,0.0,12.299,0.0,0.0,0.0,0.0,12.299,0.0,0.0,0.0,0.0,0.0,0.0,0.0,0.0,12.299,0.0,0.0,0.0,0.0,12.299,
2/2/2026,2022.0,20230028.0,19912.0,39511.0,CR PERMIAN PROCESSING LLC,HVL,INTRASTATE,TEXAS,0.0,10.58,0.0,0.0,0.0,0.0,10.58,0.0,0.0,0.0,0.0,0.0,0.0,0.0,0.0,10.58,0.0,0.0,0.0,0.0,10.58,
2/2/2026,2022.0,20230169.0,20079.0,39518.0,KINDER MORGAN UTOPIA LLC,HVL,INTERSTATE,MICHIGAN,0.0,60.04,0.0,0.0,0.0,0.0,60.04,0.0,0.0,0.0,0.0,0.0,0.0,0.0,0.0,60.04,0.0,0.0,0.0,0.0,60.04,
2/2/2026,2022.0,20230169.0,20079.0,39518.0,KINDER MORGAN UTOPIA LLC,HVL,INTERSTATE,OHIO,0.0,205.76,0.0,0.0,0.0,0.0,205.76,0.0,0.0,0.0,0.0,0.0,0.0,0.0,0.0,205.76,0.0,0.0,0.0,0.0,205.76,
2/2/2026,2022.0,20230445.0,20365.0,39532.0,TORRANCE BASIN PIPELINE COMPANY LLC,Crude Oil,INTRASTATE,CALIFORNIA,0.0,13.89,0.0,0.0,0.0,0.0,13.89,0.0,0.0,0.0,0.0,0.0,0.0,0.0,0.0,13.89,0.0,0.0,0.0,0.0,13.89,
2/2/2026,2022.0,20230447.0,20367.0,39532.0,TORRANCE BASIN PIPELINE COMPANY LLC,Refined and/or Petroleum Product (non-HVL),INTRASTATE,CALIFORNIA,0.0,8.28,0.0,0.0,0.0,0.0,8.28,0.0,0.0,0.0,0.0,0.0,0.0,0.0,0.0,8.28,0.0,0.0,0.0,0.0,8.28,
2/2/2026,2022.0,20230448.0,20368.0,39533.0,TORRANCE LOGISTICS COMPANY LLC,Crude Oil,INTRASTATE,CALIFORNIA,0.0,0.84,0.0,0.0,0.0,0.0,0.84,0.0,0.0,0.0,0.0,0.0,0.0,0.0,0.0,0.84,0.0,0.0,0.0,0.0,0.84,
2/2/2026,2022.0,20230451.0,20371.0,39534.0,TORRANCE VALLEY PIPELINE COMPANY LLC,Crude Oil,INTRASTATE,CALIFORNIA,0.0,181.46,0.0,0.0,0.0,0.0,181.46,0.0,0.0,0.0,0.0,0.0,0.0,0.0,0.0,181.46,0.0,0.0,0.0,0.0,181.46,
2/2/2026,2022.0,20230452.0,20372.0,39535.0,TORRANCE PIPELINE COMPANY LLC,Crude Oil,INTRASTATE,CALIFORNIA,0.0,10.69,0.0,0.0,0.0,0.0,10.69,0.0,0.0,0.0,0.0,0.0,0.0,0.0,0.0,10.69,0.0,0.0,0.0,0.0,10.69,
2/2/2026,2022.0,20230453.0,20373.0,39535.0,TORRANCE PIPELINE COMPANY LLC,Refined and/or Petroleum Product (non-HVL),INTRASTATE,CALIFORNIA,0.0,85.97,0.0,0.0,0.0,0.0,85.97,0.0,0.0,0.0,0.0,0.0,0.0,0.0,0.0,85.97,0.0,0.0,0.0,0.0,85.97,
2/2/2026,2022.0,20230111.0,20016.0,39540.0,"ARB MIDSTREAM, LLC",Crude Oil,INTRASTATE,COLORADO,0.0,142.111,0.0,0.0,0.0,0.0,142.111,0.0,0.0,0.0,0.0,0.0,0.0,0.0,0.0,142.111,0.0,0.0,0.0,0.0,142.111,
2/2/2026,2022.0,20230527.0,20741.0,39551.0,"STAKEHOLDER MIDSTREAM CRUDE OIL PIPELINE, LLC",Crude Oil,INTRASTATE,TEXAS,0.0,23.66,0.0,0.0,0.0,0.0,23.66,0.0,0.0,0.0,0.0,0.0,0.0,0.0,0.0,23.66,0.0,0.0,0.0,0.0,23.66,
2/2/2026,2022.0,20230107.0,20010.0,39556.0,ISLAND ENERGY SERVICES,Refined and/or Petroleum Product (non-HVL),INTRASTATE,HAWAII,0.0,45.259,0.0,0.0,0.0,0.0,45.259,0.0,0.0,0.0,0.0,0.0,0.0,0.0,0.0,45.259,0.0,0.0,0.0,0.0,45.259,
2/2/2026,2022.0,20230293.0,20204.0,39566.0,TARGA NORTHERN DELAWARE LLC,HVL,INTRASTATE,NEW MEXICO,0.0,27.5,0.0,0.0,0.0,0.0,27.5,0.0,0.0,0.0,0.0,0.0,0.0,0.0,0.0,27.5,0.0,0.0,0.0,0.0,27.5,
2/2/2026,2022.0,20230497.0,20417.0,39581.0,CALIBER BEAR DEN INTERCONNECT LLC,Crude Oil,INTRASTATE,NORTH DAKOTA,0.0,5.7,0.0,0.0,0.0,0.0,5.7,0.0,0.0,0.0,0.0,0.0,0.0,0.0,0.0,5.7,0.0,0.0,0.0,0.0,5.7,
2/2/2026,2022.0,20230130.0,20035.0,39587.0,"SAVAGE BAKKEN CONNECTOR, INC",Crude Oil,INTRASTATE,NORTH DAKOTA,0.0,2.1,0.0,0.05,0.0,0.0,2.15,0.0,0.0,0.0,0.0,0.0,0.0,0.0,0.0,2.1,0.0,0.05,0.0,0.0,2.15,
2/2/2026,2022.0,20230188.0,20098.0,39589.0,"STATELINE CRUDE, LLC",Crude Oil,INTERSTATE,NEW MEXICO,0.0,4.58,0.0,0.0,0.0,0.0,4.58,0.0,0.0,0.0,0.0,0.0,0.0,0.0,0.0,4.58,0.0,0.0,0.0,0.0,4.58,
2/2/2026,2022.0,20230188.0,20098.0,39589.0,"STATELINE CRUDE, LLC",Crude Oil,INTERSTATE,TEXAS,0.0,19.23,0.0,0.0,0.0,0.0,19.23,0.0,0.0,0.0,0.0,0.0,0.0,0.0,0.0,19.23,0.0,0.0,0.0,0.0,19.23,
2/2/2026,2022.0,20230611.0,20535.0,39593.0,QEP ENERGY COMPANY,Crude Oil,INTRASTATE,TEXAS,0.0,2.54,0.0,0.0,0.0,0.0,2.54,0.0,0.0,0.0,0.0,0.0,0.0,0.0,0.0,2.54,0.0,0.0,0.0,0.0,2.54,
2/2/2026,2022.0,20230473.0,20393.0,39596.0,PERMIAN EXPRESS PARTNERS LLC,Crude Oil,INTERSTATE,ARKANSAS,0.0,298.05,0.0,0.0,0.0,0.0,298.05,0.0,0.0,0.0,0.0,0.0,0.0,0.0,0.0,298.05,0.0,0.0,0.0,0.0,298.05,
2/2/2026,2022.0,20230473.0,20393.0,39596.0,PERMIAN EXPRESS PARTNERS LLC,Crude Oil,INTERSTATE,ILLINOIS,0.0,79.25,0.0,0.0,0.0,0.0,79.25,0.0,0.0,0.0,0.0,0.0,0.0,0.0,0.0,79.25,0.0,0.0,0.0,0.0,79.25,
2/2/2026,2022.0,20230473.0,20393.0,39596.0,PERMIAN EXPRESS PARTNERS LLC,Crude Oil,INTERSTATE,LOUISIANA,0.0,223.13,0.0,0.0,0.0,0.0,223.13,0.0,0.0,0.0,0.0,0.0,0.0,0.0,0.0,223.13,0.0,0.0,0.0,0.0,223.13,
2/2/2026,2022.0,20230473.0,20393.0,39596.0,PERMIAN EXPRESS PARTNERS LLC,Crude Oil,INTERSTATE,MISSOURI,0.0,121.04,0.0,0.0,0.0,0.0,121.04,0.0,0.0,0.0,0.0,0.0,0.0,0.0,0.0,121.04,0.0,0.0,0.0,0.0,121.04,
2/2/2026,2022.0,20230473.0,20393.0,39596.0,PERMIAN EXPRESS PARTNERS LLC,Crude Oil,INTERSTATE,TEXAS,0.0,945.73,0.0,0.0,0.0,0.0,945.73,0.0,0.0,0.0,0.0,0.0,0.0,0.0,0.0,945.73,0.0,0.0,0.0,0.0,945.73,
2/2/2026,2022.0,20230473.0,20393.0,39596.0,PERMIAN EXPRESS PARTNERS LLC,Crude Oil,INTRASTATE,TEXAS,0.0,28.53,0.0,0.0,0.0,0.0,28.53,0.0,0.0,0.0,0.0,0.0,0.0,0.0,0.0,28.53,0.0,0.0,0.0,0.0,28.53,
2/2/2026,2022.0,20230472.0,20392.0,39596.0,PERMIAN EXPRESS PARTNERS LLC,HVL,INTRASTATE,OKLAHOMA,0.0,62.95,0.0,0.0,0.0,0.0,62.95,0.0,0.0,0.0,0.0,0.0,0.0,0.0,0.0,62.95,0.0,0.0,0.0,0.0,62.95,
2/2/2026,2022.0,20230114.0,20019.0,39600.0,VAQUERO PERMIAN PROCESSING LLC,HVL,INTRASTATE,TEXAS,0.0,3.265,0.0,0.0,0.0,0.0,3.265,0.0,0.0,0.0,0.0,0.0,0.0,0.0,0.0,3.265,0.0,0.0,0.0,0.0,3.265,
2/2/2026,2022.0,20230031.0,19915.0,39606.0,CR PERMIAN CRUDE LLC,Crude Oil,INTRASTATE,TEXAS,0.0,45.89,0.0,0.0,9.01,0.0,54.9,0.0,0.0,0.0,0.0,0.0,0.0,0.0,0.0,45.89,0.0,0.0,9.01,0.0,54.9,
2/2/2026,2022.0,20230719.0,20726.0,39610.0,"CPE GATHERING MIDCON, LLC",Crude Oil,INTRASTATE,OKLAHOMA,0.0,16.76,0.0,0.0,0.0,0.0,16.76,0.0,0.0,0.0,0.0,0.0,0.0,0.0,0.0,16.76,0.0,0.0,0.0,0.0,16.76,
2/2/2026,2022.0,20230319.0,20232.0,39617.0,EQUILON ENTERPRISES LLC DBA SHELL OIL PRODUCTS US - CONVENT REFINERY,HVL,INTRASTATE,LOUISIANA,0.0,20.74,0.0,0.0,0.0,0.0,20.74,0.0,0.0,0.0,0.0,0.0,0.0,0.0,0.0,20.74,0.0,0.0,0.0,0.0,20.74,
2/2/2026,2022.0,20230454.0,20374.0,39618.0,TORRANCE REFINING COMPANY LLC,Crude Oil,INTRASTATE,CALIFORNIA,0.0,0.0,0.0,0.0,0.0,0.0,0.0,0.0,0.0,0.0,0.0,0.0,0.0,0.0,0.0,0.0,0.0,0.0,0.0,0.0,0.0,
2/2/2026,2022.0,20230018.0,19896.0,39636.0,"CARBON CALIFORNIA OPERATING COMPANY, LLC",Crude Oil,INTRASTATE,CALIFORNIA,0.0,3.7,0.0,0.0,0.0,0.0,3.7,0.0,0.0,0.0,0.0,0.0,0.0,0.0,0.0,3.7,0.0,0.0,0.0,0.0,3.7,
2/2/2026,2022.0,20230135.0,20044.0,39637.0,UTAH GAS OP LTD DBA UTAH GAS CORP,HVL,INTERSTATE,COLORADO,0.0,15.1,0.0,0.0,0.0,0.0,15.1,0.0,0.0,0.0,0.0,0.0,0.0,0.0,0.0,15.1,0.0,0.0,0.0,0.0,15.1,
2/2/2026,2022.0,20230135.0,20044.0,39637.0,UTAH GAS OP LTD DBA UTAH GAS CORP,HVL,INTERSTATE,UTAH,0.0,1.6,0.0,0.0,0.0,0.0,1.6,0.0,0.0,0.0,0.0,0.0,0.0,0.0,0.0,1.6,0.0,0.0,0.0,0.0,1.6,
2/2/2026,2022.0,20230127.0,20032.0,39639.0,TANKS R US,Refined and/or Petroleum Product (non-HVL),INTRASTATE,MICHIGAN,0.0,0.0,0.0,0.01,0.0,0.0,0.01,0.0,0.0,0.0,0.0,0.0,0.0,0.0,0.0,0.0,0.0,0.01,0.0,0.0,0.01,
2/2/2026,2022.0,20230197.0,20107.0,39647.0,VALERO TEXAS CITY REFINERY,Refined and/or Petroleum Product (non-HVL),INTRASTATE,TEXAS,0.0,5.19,0.0,0.0,0.0,0.0,5.19,0.0,0.0,0.0,0.0,0.0,0.0,0.0,0.0,5.19,0.0,0.0,0.0,0.0,5.19,
2/2/2026,2022.0,20230669.0,20595.0,39648.0,VALERO HOUSTON REFINERY,Crude Oil,INTRASTATE,TEXAS,0.0,1.39,0.0,0.0,0.0,0.0,1.39,0.0,0.0,0.0,0.0,0.0,0.0,0.0,0.0,1.39,0.0,0.0,0.0,0.0,1.39,
2/2/2026,2022.0,20230670.0,20596.0,39648.0,VALERO HOUSTON REFINERY,HVL,INTRASTATE,TEXAS,0.0,3.75,0.0,0.0,0.0,0.0,3.75,0.0,0.0,0.0,0.0,0.0,0.0,0.0,0.0,3.75,0.0,0.0,0.0,0.0,3.75,
2/2/2026,2022.0,20230672.0,20598.0,39648.0,VALERO HOUSTON REFINERY,Refined and/or Petroleum Product (non-HVL),INTRASTATE,TEXAS,0.0,10.96,0.0,0.0,0.0,0.0,10.96,0.0,0.0,0.0,0.0,0.0,0.0,0.0,0.0,10.96,0.0,0.0,0.0,0.0,10.96,
2/2/2026,2022.0,20230141.0,20629.0,39649.0,"IRONWOOD MIDSTREAM ENERGY PARTNERS, LLC",Crude Oil,INTRASTATE,TEXAS,0.0,49.159,0.0,0.0,0.0,0.0,49.159,0.0,0.0,0.0,0.0,0.0,0.0,0.0,0.0,49.159,0.0,0.0,0.0,0.0,49.159,
2/2/2026,2022.0,20230352.0,20266.0,39654.0,ORYX DELAWARE OIL TRANSPORT LLC,Crude Oil,INTERSTATE,NEW MEXICO,0.0,139.25,0.0,0.0,0.0,0.0,139.25,0.0,0.0,0.0,0.0,0.0,0.0,0.0,0.0,139.25,0.0,0.0,0.0,0.0,139.25,
2/2/2026,2022.0,20230352.0,20266.0,39654.0,ORYX DELAWARE OIL TRANSPORT LLC,Crude Oil,INTERSTATE,TEXAS,0.0,506.8,0.0,0.0,0.0,0.0,506.8,0.0,0.0,0.0,0.0,0.0,0.0,0.0,0.0,506.8,0.0,0.0,0.0,0.0,506.8,
2/2/2026,2022.0,20230352.0,20266.0,39654.0,ORYX DELAWARE OIL TRANSPORT LLC,Crude Oil,INTRASTATE,TEXAS,0.0,2.26,0.0,0.0,0.0,0.0,2.26,0.0,0.0,0.0,0.0,0.0,0.0,0.0,0.0,2.26,0.0,0.0,0.0,0.0,2.26,
2/2/2026,2022.0,20230161.0,20070.0,39663.0,"PETROGAS WEST, LLC",HVL,INTRASTATE,WASHINGTON,0.0,0.41,0.0,0.0,0.0,0.0,0.41,0.0,0.0,0.0,0.0,0.0,0.0,0.0,0.0,0.41,0.0,0.0,0.0,0.0,0.41,
2/2/2026,2022.0,20230604.0,20528.0,39666.0,FORMULA MIDSTREAM PARTNERS LLC,Crude Oil,INTRASTATE,TEXAS,0.0,22.15,0.0,0.0,0.0,0.0,22.15,0.0,0.0,0.0,0.0,0.0,0.0,0.0,0.0,22.15,0.0,0.0,0.0,0.0,22.15,
2/2/2026,2022.0,20230056.0,19944.0,39675.0,"SCT PIPELINE, LLC",Crude Oil,INTRASTATE,OKLAHOMA,0.0,17.49,0.0,0.0,0.0,0.0,17.49,0.0,0.0,0.0,0.0,0.0,0.0,0.0,0.0,17.49,0.0,0.0,0.0,0.0,17.49,
2/2/2026,2022.0,20230294.0,20723.0,39684.0,ROCKY MOUNTAIN MIDSTREAM PIPELINE LLC,Crude Oil,INTRASTATE,COLORADO,0.0,58.567,0.0,0.0,0.0,0.0,58.567,0.0,0.0,0.0,0.0,0.0,0.0,0.0,0.0,58.567,0.0,0.0,0.0,0.0,58.567,
2/2/2026,2022.0,20230292.0,20203.0,39684.0,ROCKY MOUNTAIN MIDSTREAM PIPELINE LLC,HVL,INTRASTATE,COLORADO,0.0,22.623,0.0,0.0,0.0,0.0,22.623,0.0,0.0,0.0,0.0,0.0,0.0,0.0,0.0,22.623,0.0,0.0,0.0,0.0,22.623,
2/2/2026,2022.0,20230002.0,19870.0,39694.0,"BRIDGE ENERGY, LLC",Crude Oil,INTRASTATE,CALIFORNIA,1.7,1.8,0.0,0.0,0.0,0.0,3.5,0.0,0.0,0.0,0.0,0.0,0.0,0.0,1.7,1.8,0.0,0.0,0.0,0.0,3.5,
2/2/2026,2022.0,20230162.0,20071.0,39698.0,S2 ENERGY OPERATING LLC,Crude Oil,INTRASTATE,LOUISIANA,0.0,0.22,0.0,0.0,0.0,0.0,0.22,0.0,0.0,0.0,0.0,0.0,0.0,0.0,0.0,0.22,0.0,0.0,0.0,0.0,0.22,
2/2/2026,2022.0,20230450.0,20370.0,39706.0,ENERGY TRANSFER NEDERLAND TERMINAL LLC,Crude Oil,INTERSTATE,TEXAS,0.0,0.0,0.0,0.0,0.0,0.0,0.0,0.0,0.0,0.0,0.0,0.0,0.0,0.0,0.0,0.0,0.0,0.0,0.0,0.0,0.0,
2/2/2026,2022.0,20230637.0,20705.0,39713.0,CANTIUM. LLC,Crude Oil,INTERSTATE,LOUISIANA,0.0,0.0,0.0,0.0,0.0,0.0,0.0,0.0,4.03,0.0,0.0,0.0,0.0,4.03,0.0,4.03,0.0,0.0,0.0,0.0,4.03,
2/2/2026,2022.0,20230637.0,20705.0,39713.0,CANTIUM. LLC,Crude Oil,INTERSTATE,OCS-Gulf of Mexico,0.0,0.0,0.0,0.0,0.0,0.0,0.0,0.0,1.79,0.0,0.0,0.0,0.0,1.79,0.0,1.79,0.0,0.0,0.0,0.0,1.79,
2/2/2026,2022.0,20230492.0,20412.0,39731.0,VANTAGE PIPELINE US LP,HVL,INTERSTATE,NORTH DAKOTA,0.0,127.11,0.0,0.0,0.0,0.0,127.11,0.0,0.0,0.0,0.0,0.0,0.0,0.0,0.0,127.11,0.0,0.0,0.0,0.0,127.11,
2/2/2026,2022.0,20230217.0,20127.0,39739.0,OCELOT ENERGY MANAGEMENT LLC,Refined and/or Petroleum Product (non-HVL),INTRASTATE,TEXAS,0.0,16.71,0.0,0.0,0.0,0.0,16.71,0.0,0.0,0.0,0.0,0.0,0.0,0.0,0.0,16.71,0.0,0.0,0.0,0.0,16.71,
2/2/2026,2022.0,20230526.0,20450.0,39746.0,ELEVATION MIDSTREAM,Crude Oil,INTRASTATE,COLORADO,0.0,12.253,0.0,0.0,0.0,0.0,12.253,0.0,0.0,0.0,0.0,0.0,0.0,0.0,0.0,12.253,0.0,0.0,0.0,0.0,12.253,
2/2/2026,2022.0,20230024.0,20731.0,39752.0,"STAKEHOLDER GAS UTILITY, LLC",HVL,INTRASTATE,TEXAS,0.0,36.2,0.0,0.0,0.0,0.0,36.2,0.0,0.0,0.0,0.0,0.0,0.0,0.0,0.0,36.2,0.0,0.0,0.0,0.0,36.2,
2/2/2026,2022.0,20230041.0,19927.0,39753.0,CURETON FRONT RANGE LLC,HVL,INTRASTATE,COLORADO,0.0,3.02,0.0,0.0,0.0,0.0,3.02,0.0,0.0,0.0,0.0,0.0,0.0,0.0,0.0,3.02,0.0,0.0,0.0,0.0,3.02,
2/2/2026,2022.0,20230649.0,20578.0,39754.0,CAPTUREPOINT LLC,CO2,INTERSTATE,KANSAS,0.0,14.89,0.0,0.0,0.0,0.0,14.89,0.0,0.0,0.0,0.0,0.0,0.0,0.0,0.0,14.89,0.0,0.0,0.0,0.0,14.89,
2/2/2026,2022.0,20230649.0,20578.0,39754.0,CAPTUREPOINT LLC,CO2,INTERSTATE,OKLAHOMA,0.0,108.29,0.0,0.0,0.0,0.0,108.29,0.0,0.0,0.0,0.0,0.0,0.0,0.0,0.0,108.29,0.0,0.0,0.0,0.0,108.29,
2/2/2026,2022.0,20230649.0,20578.0,39754.0,CAPTUREPOINT LLC,CO2,INTERSTATE,TEXAS,0.0,119.43,0.0,0.0,0.0,0.0,119.43,0.0,0.0,0.0,0.0,0.0,0.0,0.0,0.0,119.43,0.0,0.0,0.0,0.0,119.43,
2/2/2026,2022.0,20230649.0,20578.0,39754.0,CAPTUREPOINT LLC,CO2,INTRASTATE,COLORADO,0.0,15.26,0.0,0.0,0.0,0.0,15.26,0.0,0.0,0.0,0.0,0.0,0.0,0.0,0.0,15.26,0.0,0.0,0.0,0.0,15.26,
2/2/2026,2022.0,20230649.0,20578.0,39754.0,CAPTUREPOINT LLC,CO2,INTRASTATE,TEXAS,0.0,14.24,0.0,0.0,0.0,0.0,14.24,0.0,0.0,0.0,0.0,0.0,0.0,0.0,0.0,14.24,0.0,0.0,0.0,0.0,14.24,
2/2/2026,2022.0,20230225.0,20136.0,39760.0,"THE DOW CHEMICAL COMPANY, SDO",HVL,INTRASTATE,TEXAS,0.0,13.11,0.0,0.0,0.0,0.0,13.11,0.0,0.0,0.0,0.0,0.0,0.0,0.0,0.0,13.11,0.0,0.0,0.0,0.0,13.11,
2/2/2026,2022.0,20230234.0,20145.0,39760.0,"THE DOW CHEMICAL COMPANY, SDO",Refined and/or Petroleum Product (non-HVL),INTRASTATE,TEXAS,0.0,2.61,0.0,0.0,0.0,0.0,2.61,0.0,0.0,0.0,0.0,0.0,0.0,0.0,0.0,2.61,0.0,0.0,0.0,0.0,2.61,
2/2/2026,2022.0,20230010.0,19883.0,39771.0,ELK OPERATING SERVICES LLC,CO2,INTERSTATE,COLORADO,0.0,12.1,0.0,0.0,0.0,0.0,12.1,0.0,0.0,0.0,0.0,0.0,0.0,0.0,0.0,12.1,0.0,0.0,0.0,0.0,12.1,
2/2/2026,2022.0,20230010.0,19883.0,39771.0,ELK OPERATING SERVICES LLC,CO2,INTERSTATE,UTAH,0.0,15.6,0.0,0.0,0.0,0.0,15.6,0.0,0.0,0.0,0.0,0.0,0.0,0.0,0.0,15.6,0.0,0.0,0.0,0.0,15.6,
2/2/2026,2022.0,20230085.0,20418.0,39774.0,"GLASS MOUNTAIN PIPELINE, LLC",Crude Oil,INTRASTATE,OKLAHOMA,0.0,71.9,0.0,0.0,0.0,0.0,71.9,0.0,0.0,0.0,0.0,0.0,0.0,0.0,0.0,71.9,0.0,0.0,0.0,0.0,71.9,
2/2/2026,2022.0,20230206.0,20116.0,39785.0,"EPIC CONSOLIDATED OPERATIONS, LLC",Crude Oil,INTRASTATE,TEXAS,0.0,873.42,0.0,0.0,0.0,0.0,873.42,0.0,0.0,0.0,0.0,0.0,0.0,0.0,0.0,873.42,0.0,0.0,0.0,0.0,873.42,
2/2/2026,2022.0,20230397.0,20314.0,39785.0,"EPIC CONSOLIDATED OPERATIONS, LLC",HVL,INTERSTATE,NEW MEXICO,0.0,19.9,0.0,0.0,0.0,0.0,19.9,0.0,0.0,0.0,0.0,0.0,0.0,0.0,0.0,19.9,0.0,0.0,0.0,0.0,19.9,
2/2/2026,2022.0,20230397.0,20314.0,39785.0,"EPIC CONSOLIDATED OPERATIONS, LLC",HVL,INTERSTATE,TEXAS,0.0,9.0,0.0,0.0,0.0,0.0,9.0,0.0,0.0,0.0,0.0,0.0,0.0,0.0,0.0,9.0,0.0,0.0,0.0,0.0,9.0,
2/2/2026,2022.0,20230397.0,20314.0,39785.0,"EPIC CONSOLIDATED OPERATIONS, LLC",HVL,INTRASTATE,TEXAS,0.0,1182.3,0.0,0.0,0.0,0.0,1182.3,0.0,0.0,0.0,0.0,0.0,0.0,0.0,0.0,1182.3,0.0,0.0,0.0,0.0,1182.3,
2/2/2026,2022.0,20230207.0,20117.0,39785.0,"EPIC CONSOLIDATED OPERATIONS, LLC",Refined and/or Petroleum Product (non-HVL),INTRASTATE,TEXAS,0.0,9.46,0.0,0.0,0.0,0.0,9.46,0.0,0.0,0.0,0.0,0.0,0.0,0.0,0.0,9.46,0.0,0.0,0.0,0.0,9.46,
2/2/2026,2022.0,20230092.0,19994.0,39794.0,"GULFMARK ENERGY, INC.",Crude Oil,INTRASTATE,TEXAS,0.0,0.73,0.0,0.0,0.0,0.0,0.73,0.0,0.0,0.0,0.0,0.0,0.0,0.0,0.0,0.73,0.0,0.0,0.0,0.0,0.73,
2/2/2026,2022.0,20250001.0,21647.0,39803.0,"MAJOR MIDSTREAM OPERATING PARTNERS, LLC",HVL,INTRASTATE,TEXAS,0.0,25.42,0.0,0.0,0.0,0.0,25.42,0.0,0.0,0.0,0.0,0.0,0.0,0.0,0.0,25.42,0.0,0.0,0.0,0.0,25.42,
2/2/2026,2022.0,20230720.0,20732.0,39805.0,"THOMPSON WEBSTER PIPELINE, INC.",Crude Oil,INTRASTATE,TEXAS,0.0,41.9,0.0,0.0,0.0,0.0,41.9,0.0,0.0,0.0,0.0,0.0,0.0,0.0,0.0,41.9,0.0,0.0,0.0,0.0,41.9,
2/2/2026,2022.0,20230379.0,20760.0,39806.0,"EVX MIDSTREAM PARTNERS, LLC",Crude Oil,INTRASTATE,TEXAS,0.0,20.04,0.0,0.0,0.0,0.0,20.04,0.0,0.0,0.0,0.0,0.0,0.0,0.0,0.0,20.04,0.0,0.0,0.0,0.0,20.04,
2/2/2026,2022.0,20230610.0,20534.0,39810.0,DIAMONDBACK E&P LLC,Crude Oil,INTRASTATE,TEXAS,0.0,53.51,0.0,0.0,9.77,0.0,63.28,0.0,0.0,0.0,0.0,0.0,0.0,0.0,0.0,53.51,0.0,0.0,9.77,0.0,63.28,
2/2/2026,2022.0,20230222.0,20132.0,39815.0,"GT PIPELINE, LLC",Refined and/or Petroleum Product (non-HVL),INTRASTATE,TEXAS,0.0,5.74,0.0,0.0,0.0,0.0,5.74,0.0,0.0,0.0,0.0,0.0,0.0,0.0,0.0,5.74,0.0,0.0,0.0,0.0,5.74,
2/2/2026,2022.0,20230633.0,20735.0,39817.0,TN AVENUE LLC,Crude Oil,INTRASTATE,CALIFORNIA,0.0,2.5,0.0,0.0,0.0,0.0,2.5,0.0,0.0,0.0,0.0,0.0,0.0,0.0,0.0,2.5,0.0,0.0,0.0,0.0,2.5,
2/2/2026,2022.0,20230673.0,20599.0,39819.0,BREITBURN ENERGY CO2,CO2,INTERSTATE,NEW MEXICO,0.0,46.94,0.0,0.0,0.0,0.0,46.94,0.0,0.0,0.0,0.0,0.0,0.0,0.0,0.0,46.94,0.0,0.0,0.0,0.0,46.94,
2/2/2026,2022.0,20230673.0,20599.0,39819.0,BREITBURN ENERGY CO2,CO2,INTERSTATE,OKLAHOMA,0.0,78.77,0.0,0.0,0.0,0.0,78.77,0.0,0.0,0.0,0.0,0.0,0.0,0.0,0.0,78.77,0.0,0.0,0.0,0.0,78.77,
2/2/2026,2022.0,20230673.0,20599.0,39819.0,BREITBURN ENERGY CO2,CO2,INTERSTATE,TEXAS,0.0,50.85,0.0,0.0,0.0,0.0,50.85,0.0,0.0,0.0,0.0,0.0,0.0,0.0,0.0,50.85,0.0,0.0,0.0,0.0,50.85,
2/2/2026,2022.0,20230186.0,20096.0,39820.0,"MAVERICK TERMINALS CORPUS, LLC",Refined and/or Petroleum Product (non-HVL),INTRASTATE,TEXAS,0.0,1.53,0.0,0.0,0.0,0.0,1.53,0.0,0.0,0.0,0.0,0.0,0.0,0.0,0.0,1.53,0.0,0.0,0.0,0.0,1.53,
2/2/2026,2022.0,20230199.0,20109.0,39822.0,"SCM PR, LLC",Crude Oil,INTERSTATE,WYOMING,0.0,178.79,0.0,0.0,0.0,0.0,178.79,0.0,0.0,0.0,0.0,0.0,0.0,0.0,0.0,178.79,0.0,0.0,0.0,0.0,178.79,
2/2/2026,2022.0,20230474.0,20697.0,39823.0,TARGA DOWNSTREAM LLC,HVL,INTERSTATE,NEW MEXICO,0.0,21.0,0.0,0.0,0.0,0.0,21.0,0.0,0.0,0.0,0.0,0.0,0.0,0.0,0.0,21.0,0.0,0.0,0.0,0.0,21.0,
2/2/2026,2022.0,20230474.0,20697.0,39823.0,TARGA DOWNSTREAM LLC,HVL,INTERSTATE,OKLAHOMA,0.0,277.92,0.0,0.0,0.0,0.0,277.92,0.0,0.0,0.0,0.0,0.0,0.0,0.0,0.0,277.92,0.0,0.0,0.0,0.0,277.92,
2/2/2026,2022.0,20230474.0,20697.0,39823.0,TARGA DOWNSTREAM LLC,HVL,INTERSTATE,TEXAS,0.0,847.01,0.0,0.0,0.0,0.0,847.01,0.0,0.0,0.0,0.0,0.0,0.0,0.0,0.0,847.01,0.0,0.0,0.0,0.0,847.01,
2/2/2026,2022.0,20230474.0,20697.0,39823.0,TARGA DOWNSTREAM LLC,HVL,INTRASTATE,TEXAS,0.0,95.04,0.0,0.0,0.0,0.0,95.04,0.0,0.0,0.0,0.0,0.0,0.0,0.0,0.0,95.04,0.0,0.0,0.0,0.0,95.04,
2/2/2026,2022.0,20230523.0,20447.0,39833.0,"SAN MATEO BLACK RIVER OIL PIPELINE, LLC",Crude Oil,INTRASTATE,NEW MEXICO,0.0,36.64,0.0,0.0,0.0,0.0,36.64,0.0,0.0,0.0,0.0,0.0,0.0,0.0,0.0,36.64,0.0,0.0,0.0,0.0,36.64,
2/2/2026,2022.0,20230269.0,20752.0,39837.0,PARAMOUNT PIPELINE LLC,Refined and/or Petroleum Product (non-HVL),INTRASTATE,CALIFORNIA,0.0,48.81,0.0,0.0,0.0,0.0,48.81,0.0,0.0,0.0,0.0,0.0,0.0,0.0,0.0,48.81,0.0,0.0,0.0,0.0,48.81,
2/2/2026,2022.0,20230235.0,20146.0,39841.0,RED BUTTE PIPELINE LLC,Crude Oil,INTERSTATE,MONTANA,0.0,0.85,0.0,0.0,0.0,0.0,0.85,0.0,0.0,0.0,0.0,0.0,0.0,0.0,0.0,0.85,0.0,0.0,0.0,0.0,0.85,
2/2/2026,2022.0,20230235.0,20146.0,39841.0,RED BUTTE PIPELINE LLC,Crude Oil,INTERSTATE,WYOMING,0.0,262.1,0.0,0.0,0.0,0.0,262.1,0.0,0.0,0.0,0.0,0.0,0.0,0.0,0.0,262.1,0.0,0.0,0.0,0.0,262.1,
2/2/2026,2022.0,20230030.0,19914.0,39865.0,"DEW POINT MIDSTREAM, LLC",HVL,INTRASTATE,TEXAS,0.0,70.19,0.0,0.0,0.0,0.0,70.19,0.0,0.0,0.0,0.0,0.0,0.0,0.0,0.0,70.19,0.0,0.0,0.0,0.0,70.19,
2/2/2026,2022.0,20230086.0,19988.0,39869.0,NAVIGATOR SMS PIPELINE,Crude Oil,INTRASTATE,OKLAHOMA,0.0,163.18,0.0,0.0,0.0,0.0,163.18,0.0,0.0,0.0,0.0,0.0,0.0,0.0,0.0,163.18,0.0,0.0,0.0,0.0,163.18,
2/2/2026,2022.0,20230069.0,19958.0,39874.0,"BEACON WEST ENERGY GROUP, LLC",Crude Oil,INTERSTATE,CALIFORNIA,0.0,0.0,0.0,0.0,0.0,0.0,0.0,0.0,3.55,0.0,0.0,0.0,0.0,3.55,0.0,3.55,0.0,0.0,0.0,0.0,3.55,
2/2/2026,2022.0,20230069.0,19958.0,39874.0,"BEACON WEST ENERGY GROUP, LLC",Crude Oil,INTERSTATE,OCS-Pacific,0.0,0.0,0.0,0.0,0.0,0.0,0.0,0.0,11.8,0.0,0.0,0.0,0.0,11.8,0.0,11.8,0.0,0.0,0.0,0.0,11.8,
2/2/2026,2022.0,20230112.0,20017.0,39887.0,"TEXOMA CRUDE OIL PIPELINE CO., LLC",Crude Oil,INTERSTATE,OKLAHOMA,0.0,53.511,0.0,0.0,0.0,0.0,53.511,0.0,0.0,0.0,0.0,0.0,0.0,0.0,0.0,53.511,0.0,0.0,0.0,0.0,53.511,
2/2/2026,2022.0,20230112.0,20017.0,39887.0,"TEXOMA CRUDE OIL PIPELINE CO., LLC",Crude Oil,INTERSTATE,TEXAS,0.0,87.212,0.0,0.0,0.0,0.0,87.212,0.0,0.0,0.0,0.0,0.0,0.0,0.0,0.0,87.212,0.0,0.0,0.0,0.0,87.212,
2/2/2026,2022.0,20230112.0,20017.0,39887.0,"TEXOMA CRUDE OIL PIPELINE CO., LLC",Crude Oil,INTRASTATE,OKLAHOMA,0.0,95.906,0.0,0.0,0.0,0.0,95.906,0.0,0.0,0.0,0.0,0.0,0.0,0.0,0.0,95.906,0.0,0.0,0.0,0.0,95.906,
2/2/2026,2022.0,20230112.0,20017.0,39887.0,"TEXOMA CRUDE OIL PIPELINE CO., LLC",Crude Oil,INTRASTATE,TEXAS,0.0,86.509,0.0,0.0,0.0,0.0,86.509,0.0,0.0,0.0,0.0,0.0,0.0,0.0,0.0,86.509,0.0,0.0,0.0,0.0,86.509,
2/2/2026,2022.0,20230128.0,20033.0,39888.0,FORE RIVER ENERGY CENTER,Refined and/or Petroleum Product (non-HVL),INTRASTATE,MASSACHUSETTS,0.3,0.0,0.0,0.0,0.0,0.0,0.3,0.0,0.0,0.0,0.0,0.0,0.0,0.0,0.3,0.0,0.0,0.0,0.0,0.0,0.3,
2/2/2026,2022.0,20230587.0,20511.0,39892.0,DAYLIGHT PETROLEUM LLC,CO2,INTRASTATE,OKLAHOMA,0.0,150.073,0.0,0.0,0.0,0.0,150.073,0.0,0.0,0.0,0.0,0.0,0.0,0.0,0.0,150.073,0.0,0.0,0.0,0.0,150.073,
2/2/2026,2022.0,20230589.0,20513.0,39892.0,DAYLIGHT PETROLEUM LLC,Crude Oil,INTRASTATE,TEXAS,0.0,1.269,0.0,0.0,0.0,0.0,1.269,0.0,0.0,0.0,0.0,0.0,0.0,0.0,0.0,1.269,0.0,0.0,0.0,0.0,1.269,
2/2/2026,2022.0,20230586.0,20510.0,39892.0,DAYLIGHT PETROLEUM LLC,HVL,INTRASTATE,OKLAHOMA,0.0,1.202,0.0,0.0,0.0,0.0,1.202,0.0,0.0,0.0,0.0,0.0,0.0,0.0,0.0,1.202,0.0,0.0,0.0,0.0,1.202,
2/2/2026,2022.0,20230025.0,19908.0,39905.0,REP PROCESSING,HVL,INTRASTATE,COLORADO,0.0,22.4,0.0,0.0,0.0,0.0,22.4,0.0,0.0,0.0,0.0,0.0,0.0,0.0,0.0,22.4,0.0,0.0,0.0,0.0,22.4,
2/2/2026,2022.0,20230496.0,20416.0,39906.0,"SEAPORT SOUND TERMINAL, LLC",Refined and/or Petroleum Product (non-HVL),INTRASTATE,WASHINGTON,0.0,2.78,0.0,0.0,0.0,0.0,2.78,0.0,0.0,0.0,0.0,0.0,0.0,0.0,0.0,2.78,0.0,0.0,0.0,0.0,2.78,
2/2/2026,2022.0,20230202.0,20112.0,39910.0,CANES MIDSTREAM PRODUCTS LLC,HVL,INTRASTATE,TEXAS,0.0,21.16,0.0,0.0,0.0,0.0,21.16,0.0,0.0,0.0,0.0,0.0,0.0,0.0,0.0,21.16,0.0,0.0,0.0,0.0,21.16,
2/2/2026,2022.0,20230410.0,20327.0,39941.0,"MARKWEST UTICA EMG, L.L.C.",HVL,INTERSTATE,OHIO,0.0,5.2,0.0,0.0,0.0,0.0,5.2,0.0,0.0,0.0,0.0,0.0,0.0,0.0,0.0,5.2,0.0,0.0,0.0,0.0,5.2,
2/2/2026,2022.0,20230410.0,20327.0,39941.0,"MARKWEST UTICA EMG, L.L.C.",HVL,INTRASTATE,OHIO,0.0,114.17,0.0,0.0,0.0,0.0,114.17,0.0,0.0,0.0,0.0,0.0,0.0,0.0,0.0,114.17,0.0,0.0,0.0,0.0,114.17,
2/2/2026,2022.0,20230714.0,20687.0,39942.0,"RAVEN BUTENE-1, LLC",HVL,INTRASTATE,TEXAS,0.0,4.85,0.0,0.0,0.0,0.0,4.85,0.0,0.0,0.0,0.0,0.0,0.0,0.0,0.0,4.85,0.0,0.0,0.0,0.0,4.85,
2/2/2026,2022.0,20230276.0,20187.0,39944.0,BLUESTEM PIPELINE LLC,HVL,INTERSTATE,KANSAS,0.0,101.12,0.0,0.0,0.0,0.0,101.12,0.0,0.0,0.0,0.0,0.0,0.0,0.0,0.0,101.12,0.0,0.0,0.0,0.0,101.12,
2/2/2026,2022.0,20230276.0,20187.0,39944.0,BLUESTEM PIPELINE LLC,HVL,INTERSTATE,OKLAHOMA,0.0,88.26,0.0,0.0,0.0,0.0,88.26,0.0,0.0,0.0,0.0,0.0,0.0,0.0,0.0,88.26,0.0,0.0,0.0,0.0,88.26,
2/2/2026,2022.0,20230629.0,20553.0,39950.0,"3 BEAR DELAWARE OPERATING-NM, LLC",Crude Oil,INTRASTATE,NEW MEXICO,0.0,46.71,0.0,0.0,0.0,0.0,46.71,0.0,0.0,0.0,0.0,0.0,0.0,0.0,0.0,46.71,0.0,0.0,0.0,0.0,46.71,
2/2/2026,2022.0,20230630.0,20554.0,39950.0,"3 BEAR DELAWARE OPERATING-NM, LLC",HVL,INTRASTATE,NEW MEXICO,0.0,18.26,0.0,0.0,0.0,0.0,18.26,0.0,0.0,0.0,0.0,0.0,0.0,0.0,0.0,18.26,0.0,0.0,0.0,0.0,18.26,
2/2/2026,2022.0,20230147.0,20056.0,39956.0,"MID-ALASKA PIPELINE, LLC",Crude Oil,INTRASTATE,ALASKA,0.0,4.96,0.0,0.0,0.0,0.0,4.96,0.0,0.0,0.0,0.0,0.0,0.0,0.0,0.0,4.96,0.0,0.0,0.0,0.0,4.96,
2/2/2026,2022.0,20230165.0,20839.0,39962.0,"AMP NGL PIPELINES, LLC",HVL,INTRASTATE,TEXAS,0.0,10.73,0.0,0.0,0.0,0.0,10.73,0.0,0.0,0.0,0.0,0.0,0.0,0.0,0.0,10.73,0.0,0.0,0.0,0.0,10.73,
2/2/2026,2022.0,20230535.0,20459.0,39963.0,"TALLGRASS POWDER RIVER GATEWAY, LLC",Crude Oil,INTERSTATE,WYOMING,0.0,153.816,0.0,0.0,0.0,0.0,153.816,0.0,0.0,0.0,0.0,0.0,0.0,0.0,0.0,153.816,0.0,0.0,0.0,0.0,153.816,
2/2/2026,2022.0,20230075.0,19967.0,39966.0,"U.S. VENTURE, INC.",Refined and/or Petroleum Product (non-HVL),INTRASTATE,WISCONSIN,0.0,0.24,0.0,0.0,0.0,0.0,0.24,0.0,0.0,0.0,0.0,0.0,0.0,0.0,0.0,0.24,0.0,0.0,0.0,0.0,0.24,
2/2/2026,2022.0,20230687.0,20614.0,39967.0,"IMPERIAL CRUDE, LLC",Crude Oil,INTRASTATE,TEXAS,0.0,27.28,0.0,0.0,0.0,0.0,27.28,0.0,0.0,0.0,0.0,0.0,0.0,0.0,0.0,27.28,0.0,0.0,0.0,0.0,27.28,
2/2/2026,2022.0,20230248.0,20159.0,39984.0,CONVERGE MIDSTREAM LLC,Crude Oil,INTRASTATE,TEXAS,0.0,38.57,0.0,0.0,0.0,0.0,38.57,0.0,0.0,0.0,0.0,0.0,0.0,0.0,0.0,38.57,0.0,0.0,0.0,0.0,38.57,
2/2/2026,2022.0,20230131.0,20036.0,39985.0,COLLEGIATE MIDSTREAM LLC,Crude Oil,INTRASTATE,TEXAS,0.0,2.76,0.0,0.0,0.0,0.0,2.76,0.0,0.0,0.0,0.0,0.0,0.0,0.0,0.0,2.76,0.0,0.0,0.0,0.0,2.76,
2/2/2026,2022.0,20230029.0,19913.0,39988.0,"FRONTIER MIDSTREAM SOLUTIONS IV,  LLC",Crude Oil,INTRASTATE,TEXAS,0.0,35.1,0.0,0.0,0.0,0.0,35.1,0.0,0.0,0.0,0.0,0.0,0.0,0.0,0.0,35.1,0.0,0.0,0.0,0.0,35.1,
2/2/2026,2022.0,20230263.0,20174.0,40000.0,CP ENERGY LLC,Crude Oil,INTRASTATE,NEW MEXICO,0.0,1.7,0.0,0.0,0.0,0.0,1.7,0.0,0.0,0.0,0.0,0.0,0.0,0.0,0.0,1.7,0.0,0.0,0.0,0.0,1.7,
2/2/2026,2022.0,20230366.0,20282.0,40004.0,WILDCAT OIL GATHERING,Crude Oil,INTRASTATE,OKLAHOMA,0.0,12.3,0.0,0.0,0.0,0.0,12.3,0.0,0.0,0.0,0.0,0.0,0.0,0.0,0.0,12.3,0.0,0.0,0.0,0.0,12.3,
2/2/2026,2022.0,20230324.0,20238.0,40010.0,CALIBER SPRING CREEK LLC,Crude Oil,INTRASTATE,NORTH DAKOTA,0.0,30.6,0.0,0.0,0.0,0.0,30.6,0.0,0.0,0.0,0.0,0.0,0.0,0.0,0.0,30.6,0.0,0.0,0.0,0.0,30.6,
2/2/2026,2022.0,20230180.0,20090.0,40016.0,"SADDLE BUTTE POWDER FLATS MIDSTREAM, LLC",Crude Oil,INTRASTATE,WYOMING,0.0,136.0,0.0,0.0,0.0,0.0,136.0,0.0,0.0,0.0,0.0,0.0,0.0,0.0,0.0,136.0,0.0,0.0,0.0,0.0,136.0,
2/2/2026,2022.0,20230568.0,20492.0,40026.0,"WINK TO WEBSTER PIPELINE, LLC",Crude Oil,INTRASTATE,TEXAS,0.0,521.72,0.0,0.0,0.0,0.0,521.72,0.0,0.0,0.0,0.0,0.0,0.0,0.0,0.0,521.72,0.0,0.0,0.0,0.0,521.72,
2/2/2026,2022.0,20230113.0,20018.0,40028.0,LAMBDA ENERGY GATHERING LLC,Crude Oil,INTERSTATE,MICHIGAN,0.0,60.41,0.0,0.0,0.0,0.0,60.41,0.0,0.0,0.0,0.0,0.0,0.0,0.0,0.0,60.41,0.0,0.0,0.0,0.0,60.41,
2/2/2026,2022.0,20230200.0,20110.0,40030.0,"GIBSON ENERGY INFRASTRUCTURE, LLC",Crude Oil,INTRASTATE,TEXAS,0.0,26.66,0.0,0.0,0.0,0.0,26.66,0.0,0.0,0.0,0.0,0.0,0.0,0.0,0.0,26.66,0.0,0.0,0.0,0.0,26.66,
2/2/2026,2022.0,20230710.0,20679.0,40033.0,"VOPAK TERMINALS DEER PARK, INC.",HVL,INTRASTATE,TEXAS,0.0,4.196,0.0,0.0,0.0,0.0,4.196,0.0,0.0,0.0,0.0,0.0,0.0,0.0,0.0,4.196,0.0,0.0,0.0,0.0,4.196,
2/2/2026,2022.0,20230709.0,20678.0,40033.0,"VOPAK TERMINALS DEER PARK, INC.",Refined and/or Petroleum Product (non-HVL),INTRASTATE,TEXAS,0.0,4.14,0.0,0.0,0.0,0.0,4.14,0.0,0.0,0.0,0.0,0.0,0.0,0.0,0.0,4.14,0.0,0.0,0.0,0.0,4.14,
2/2/2026,2022.0,20230259.0,20170.0,40034.0,TEXAS PETROLEUM INVESTMENT COMPANY,Crude Oil,INTRASTATE,LOUISIANA,0.0,0.0,0.0,0.0,0.0,0.0,0.0,0.0,10.77,0.0,0.0,0.0,0.0,10.77,0.0,10.77,0.0,0.0,0.0,0.0,10.77,
2/2/2026,2022.0,20230060.0,19949.0,40050.0,ECO ENERGY NATURAL GAS LLC,HVL,INTRASTATE,TENNESSEE,0.0,3.49,0.0,0.0,0.0,0.0,3.49,0.0,0.0,0.0,0.0,0.0,0.0,0.0,0.0,3.49,0.0,0.0,0.0,0.0,3.49,
2/2/2026,2022.0,20230249.0,20160.0,40051.0,VALERO REFINING - MERAUX LLC,Refined and/or Petroleum Product (non-HVL),INTRASTATE,LOUISIANA,0.0,0.85,0.0,0.0,0.0,0.0,0.85,0.0,0.0,0.0,0.0,0.0,0.0,0.0,0.0,0.85,0.0,0.0,0.0,0.0,0.85,
2/2/2026,2022.0,20230403.0,20668.0,40058.0,"LM TOUCHDOWN, LLC",Crude Oil,INTRASTATE,NEW MEXICO,0.0,45.544,0.0,0.0,0.0,0.0,45.544,0.0,0.0,0.0,0.0,0.0,0.0,0.0,0.0,45.544,0.0,0.0,0.0,0.0,45.544,
2/2/2026,2022.0,20230353.0,20267.0,40059.0,"ORYX MIDLAND OIL GATHERING, LLC",Crude Oil,INTRASTATE,TEXAS,0.0,117.3,0.0,0.0,0.0,1.31,118.61,0.0,0.0,0.0,0.0,0.0,0.0,0.0,0.0,117.3,0.0,0.0,0.0,1.31,118.61,Poly
2/2/2026,2022.0,20230425.0,20342.0,40061.0,"CUSHING CONNECT PIPELINE HOLDINGS, LLC.",Crude Oil,INTRASTATE,OKLAHOMA,0.0,50.2,0.0,0.0,0.0,0.0,50.2,0.0,0.0,0.0,0.0,0.0,0.0,0.0,0.0,50.2,0.0,0.0,0.0,0.0,50.2,
2/2/2026,2022.0,20230052.0,19939.0,40063.0,"ROARING FORK MIDSTREAM, LLC",Crude Oil,INTRASTATE,WYOMING,0.0,19.4,0.0,0.0,0.0,0.0,19.4,0.0,0.0,0.0,0.0,0.0,0.0,0.0,0.0,19.4,0.0,0.0,0.0,0.0,19.4,
2/2/2026,2022.0,20230053.0,19940.0,40063.0,"ROARING FORK MIDSTREAM, LLC",HVL,INTERSTATE,COLORADO,0.0,3.86,0.0,0.0,0.0,0.0,3.86,0.0,0.0,0.0,0.0,0.0,0.0,0.0,0.0,3.86,0.0,0.0,0.0,0.0,3.86,
2/2/2026,2022.0,20230053.0,19940.0,40063.0,"ROARING FORK MIDSTREAM, LLC",HVL,INTERSTATE,WYOMING,0.0,2.12,0.0,0.0,0.0,0.0,2.12,0.0,0.0,0.0,0.0,0.0,0.0,0.0,0.0,2.12,0.0,0.0,0.0,0.0,2.12,
2/2/2026,2022.0,20230456.0,20376.0,40076.0,MARTINEZ PIPELINE COMPANY LLC,Refined and/or Petroleum Product (non-HVL),INTRASTATE,CALIFORNIA,0.0,0.22,0.0,0.0,0.0,0.0,0.22,0.0,0.0,0.0,0.0,0.0,0.0,0.0,0.0,0.22,0.0,0.0,0.0,0.0,0.22,
2/2/2026,2022.0,20230547.0,20471.0,40080.0,INDORAMA VENTURES OXIDES LLC,HVL,INTRASTATE,TEXAS,0.0,7.7,0.0,0.0,0.0,0.0,7.7,0.0,0.0,0.0,0.0,0.0,0.0,0.0,0.0,7.7,0.0,0.0,0.0,0.0,7.7,
2/2/2026,2022.0,20230549.0,20473.0,40080.0,INDORAMA VENTURES OXIDES LLC,Refined and/or Petroleum Product (non-HVL),INTRASTATE,TEXAS,0.0,15.39,0.0,0.0,0.0,0.0,15.39,0.0,0.0,0.0,0.0,0.0,0.0,0.0,0.0,15.39,0.0,0.0,0.0,0.0,15.39,
2/2/2026,2022.0,20230026.0,19909.0,40087.0,OE2 NORTH LLC,HVL,INTRASTATE,NORTH DAKOTA,0.0,1.21,0.0,0.0,0.0,0.0,1.21,0.0,0.0,0.0,0.0,0.0,0.0,0.0,0.0,1.21,0.0,0.0,0.0,0.0,1.21,
2/2/2026,2022.0,20230023.0,19906.0,40122.0,BCE-MACH III MIDSTREAM HOLDINGS LLC,HVL,INTRASTATE,OKLAHOMA,0.0,15.06,0.0,0.0,0.0,0.0,15.06,0.0,0.0,0.0,0.0,0.0,0.0,0.0,0.0,15.06,0.0,0.0,0.0,0.0,15.06,
2/2/2026,2022.0,20230400.0,20317.0,40127.0,"THE SAN ANTONIO REFINERY, LLC",Crude Oil,INTRASTATE,TEXAS,0.0,49.9,0.0,0.0,0.0,0.0,49.9,0.0,0.0,0.0,0.0,0.0,0.0,0.0,0.0,49.9,0.0,0.0,0.0,0.0,49.9,
2/2/2026,2022.0,20230261.0,20172.0,40132.0,"XCL MIDSTREAM OPERATING, LLC",HVL,INTRASTATE,WEST VIRGINIA,0.0,4.52,0.0,0.0,0.0,0.0,4.52,0.0,0.0,0.0,0.0,0.0,0.0,0.0,0.0,4.52,0.0,0.0,0.0,0.0,4.52,
2/2/2026,2022.0,20230520.0,20444.0,40135.0,"EVERLINE COMPLIANCE, LLC",CO2,INTRASTATE,TEXAS,0.0,80.67,0.0,0.0,0.0,0.0,80.67,0.0,0.0,0.0,0.0,0.0,0.0,0.0,0.0,80.67,0.0,0.0,0.0,0.0,80.67,
2/2/2026,2022.0,20230651.0,20738.0,40135.0,"EVERLINE COMPLIANCE, LLC",Refined and/or Petroleum Product (non-HVL),INTRASTATE,CALIFORNIA,0.0,11.53,1.15,0.0,0.0,0.0,12.68,0.0,0.0,0.0,0.0,0.0,0.0,0.0,0.0,11.53,1.15,0.0,0.0,0.0,12.68,
2/2/2026,2022.0,20230584.0,20692.0,40138.0,"ECHO CANYON PIPELINE, LLC",Crude Oil,INTRASTATE,TEXAS,0.0,144.705,0.0,0.0,0.0,0.0,144.705,0.0,0.0,0.0,0.0,0.0,0.0,0.0,0.0,144.705,0.0,0.0,0.0,0.0,144.705,
2/2/2026,2022.0,20230417.0,20334.0,40142.0,"MAX MIDSTREAM TEXAS, LLC",Crude Oil,INTRASTATE,TEXAS,0.0,62.89,0.0,0.0,0.0,0.0,62.89,0.0,0.0,0.0,0.0,0.0,0.0,0.0,0.0,62.89,0.0,0.0,0.0,0.0,62.89,
2/2/2026,2022.0,20230205.0,20115.0,40145.0,"POTAC, LLC",Crude Oil,INTRASTATE,TEXAS,0.0,1.25,0.0,0.0,0.0,0.0,1.25,0.0,0.0,0.0,0.0,0.0,0.0,0.0,0.0,1.25,0.0,0.0,0.0,0.0,1.25,
2/2/2026,2022.0,20230118.0,20023.0,40146.0,"CONTINENTAL RESOURCES, INC.",Crude Oil,INTRASTATE,NORTH DAKOTA,0.0,0.7,0.0,0.0,0.0,0.0,0.7,0.0,0.0,0.0,0.0,0.0,0.0,0.0,0.0,0.7,0.0,0.0,0.0,0.0,0.7,
2/2/2026,2022.0,20230419.0,20646.0,40149.0,MPLX LP,Crude Oil,INTERSTATE,MONTANA,0.0,14.72,0.0,0.0,0.0,0.0,14.72,0.0,0.0,0.0,0.0,0.0,0.0,0.0,0.0,14.72,0.0,0.0,0.0,0.0,14.72,
2/2/2026,2022.0,20230419.0,20646.0,40149.0,MPLX LP,Crude Oil,INTERSTATE,NEW MEXICO,0.0,545.5,0.0,0.0,0.0,0.0,545.5,0.0,0.0,0.0,0.0,0.0,0.0,0.0,0.0,545.5,0.0,0.0,0.0,0.0,545.5,
2/2/2026,2022.0,20230419.0,20646.0,40149.0,MPLX LP,Crude Oil,INTERSTATE,NORTH DAKOTA,0.0,401.66,0.0,0.0,0.0,0.0,401.66,0.0,0.0,0.0,0.0,0.0,0.0,0.0,0.0,401.66,0.0,0.0,0.0,0.0,401.66,
2/2/2026,2022.0,20230419.0,20646.0,40149.0,MPLX LP,Crude Oil,INTERSTATE,TEXAS,0.0,199.7,0.0,0.0,0.0,0.0,199.7,0.0,0.0,0.0,0.0,0.0,0.0,0.0,0.0,199.7,0.0,0.0,0.0,0.0,199.7,
2/2/2026,2022.0,20230419.0,20646.0,40149.0,MPLX LP,Crude Oil,INTERSTATE,WYOMING,0.0,1.42,0.0,0.0,0.0,0.0,1.42,0.0,0.0,0.0,0.0,0.0,0.0,0.0,0.0,1.42,0.0,0.0,0.0,0.0,1.42,
2/2/2026,2022.0,20230419.0,20646.0,40149.0,MPLX LP,Crude Oil,INTRASTATE,NORTH DAKOTA,0.0,9.5,0.0,0.0,0.0,0.0,9.5,0.0,0.0,0.0,0.0,0.0,0.0,0.0,0.0,9.5,0.0,0.0,0.0,0.0,9.5,
2/2/2026,2022.0,20230419.0,20646.0,40149.0,MPLX LP,Crude Oil,INTRASTATE,OKLAHOMA,0.0,15.79,0.0,0.0,0.0,0.0,15.79,0.0,0.0,0.0,0.0,0.0,0.0,0.0,0.0,15.79,0.0,0.0,0.0,0.0,15.79,
2/2/2026,2022.0,20230419.0,20646.0,40149.0,MPLX LP,Crude Oil,INTRASTATE,WYOMING,0.0,1.32,0.0,0.0,0.0,0.0,1.32,0.0,0.0,0.0,0.0,0.0,0.0,0.0,0.0,1.32,0.0,0.0,0.0,0.0,1.32,
2/2/2026,2022.0,20230576.0,20500.0,40149.0,MPLX LP,HVL,INTERSTATE,KENTUCKY,0.0,77.64,0.0,0.0,0.0,0.0,77.64,0.0,0.0,0.0,0.0,0.0,0.0,0.0,0.0,77.64,0.0,0.0,0.0,0.0,77.64,
2/2/2026,2022.0,20230576.0,20500.0,40149.0,MPLX LP,HVL,INTERSTATE,OHIO,0.0,58.71,0.0,0.0,0.0,0.0,58.71,0.0,0.0,0.0,0.0,0.0,0.0,0.0,0.0,58.71,0.0,0.0,0.0,0.0,58.71,
2/2/2026,2022.0,20230576.0,20500.0,40149.0,MPLX LP,HVL,INTERSTATE,PENNSYLVANIA,0.0,116.11,0.0,0.0,0.0,0.0,116.11,0.0,0.0,0.0,0.0,0.0,0.0,0.0,0.0,116.11,0.0,0.0,0.0,0.0,116.11,
2/2/2026,2022.0,20230576.0,20500.0,40149.0,MPLX LP,HVL,INTERSTATE,TEXAS,0.0,11.79,0.0,0.0,0.0,0.0,11.79,0.0,0.0,0.0,0.0,0.0,0.0,0.0,0.0,11.79,0.0,0.0,0.0,0.0,11.79,
2/2/2026,2022.0,20230576.0,20500.0,40149.0,MPLX LP,HVL,INTERSTATE,WEST VIRGINIA,0.0,329.18,0.0,0.0,0.0,0.0,329.18,0.0,0.0,0.0,0.0,0.0,0.0,0.0,0.0,329.18,0.0,0.0,0.0,0.0,329.18,
2/2/2026,2022.0,20230576.0,20500.0,40149.0,MPLX LP,HVL,INTRASTATE,NORTH DAKOTA,0.0,103.76,0.0,0.0,0.0,0.0,103.76,0.0,0.0,0.0,0.0,0.0,0.0,0.0,0.0,103.76,0.0,0.0,0.0,0.0,103.76,
2/2/2026,2022.0,20230576.0,20500.0,40149.0,MPLX LP,HVL,INTRASTATE,OKLAHOMA,0.0,3.22,0.0,0.0,0.0,0.0,3.22,0.0,0.0,0.0,0.0,0.0,0.0,0.0,0.0,3.22,0.0,0.0,0.0,0.0,3.22,
2/2/2026,2022.0,20230576.0,20500.0,40149.0,MPLX LP,HVL,INTRASTATE,PENNSYLVANIA,0.0,22.19,0.0,0.0,0.0,0.0,22.19,0.0,0.0,0.0,0.0,0.0,0.0,0.0,0.0,22.19,0.0,0.0,0.0,0.0,22.19,
2/2/2026,2022.0,20230576.0,20500.0,40149.0,MPLX LP,HVL,INTRASTATE,TEXAS,0.0,11.98,0.0,0.0,0.0,0.0,11.98,0.0,0.0,0.0,0.0,0.0,0.0,0.0,0.0,11.98,0.0,0.0,0.0,0.0,11.98,
2/2/2026,2022.0,20230576.0,20500.0,40149.0,MPLX LP,HVL,INTRASTATE,WEST VIRGINIA,0.0,2.75,0.0,0.0,0.0,0.0,2.75,0.0,0.0,0.0,0.0,0.0,0.0,0.0,0.0,2.75,0.0,0.0,0.0,0.0,2.75,
2/2/2026,2022.0,20230576.0,20500.0,40149.0,MPLX LP,HVL,INTRASTATE,WYOMING,0.0,9.48,0.0,0.0,0.0,0.0,9.48,0.0,0.0,0.0,0.0,0.0,0.0,0.0,0.0,9.48,0.0,0.0,0.0,0.0,9.48,
2/2/2026,2022.0,20230718.0,20710.0,40155.0,COWBOY MIDSTREAM LLC,Crude Oil,INTRASTATE,WYOMING,0.0,27.04,0.0,0.0,0.0,0.0,27.04,0.0,0.0,0.0,0.0,0.0,0.0,0.0,0.0,27.04,0.0,0.0,0.0,0.0,27.04,
2/2/2026,2022.0,20230057.0,19945.0,40158.0,PORT ARTHUR TERMINAL LLC,Crude Oil,INTRASTATE,TEXAS,0.0,11.73,0.0,0.0,0.0,0.0,11.73,0.0,0.0,0.0,0.0,0.0,0.0,0.0,0.0,11.73,0.0,0.0,0.0,0.0,11.73,
2/2/2026,2022.0,20230415.0,20332.0,40170.0,EASTON ENERGY PIPELINES LLC,HVL,INTERSTATE,LOUISIANA,0.0,51.97,0.0,0.0,0.0,0.0,51.97,0.0,0.0,0.0,0.0,0.0,0.0,0.0,0.0,51.97,0.0,0.0,0.0,0.0,51.97,
2/2/2026,2022.0,20230415.0,20332.0,40170.0,EASTON ENERGY PIPELINES LLC,HVL,INTERSTATE,TEXAS,0.0,1.62,0.0,0.0,0.0,0.0,1.62,0.0,0.0,0.0,0.0,0.0,0.0,0.0,0.0,1.62,0.0,0.0,0.0,0.0,1.62,
2/2/2026,2022.0,20230415.0,20332.0,40170.0,EASTON ENERGY PIPELINES LLC,HVL,INTRASTATE,TEXAS,0.0,323.04,0.0,0.0,0.0,0.0,323.04,0.0,0.0,0.0,0.0,0.0,0.0,0.0,0.0,323.04,0.0,0.0,0.0,0.0,323.04,
2/2/2026,2022.0,20230414.0,20331.0,40170.0,EASTON ENERGY PIPELINES LLC,Refined and/or Petroleum Product (non-HVL),INTRASTATE,TEXAS,0.0,79.27,0.0,0.0,0.0,0.0,79.27,0.0,0.0,0.0,0.0,0.0,0.0,0.0,0.0,79.27,0.0,0.0,0.0,0.0,79.27,
2/2/2026,2022.0,20230658.0,20584.0,40171.0,PERDIDO ENERGY,Crude Oil,INTRASTATE,LOUISIANA,0.0,0.66,0.0,0.0,0.0,0.0,0.66,0.0,0.0,0.0,0.0,0.0,0.0,0.0,0.0,0.66,0.0,0.0,0.0,0.0,0.66,
2/2/2026,2022.0,20230708.0,20671.0,40174.0,"UNDERGROUND SERVICES MARKHAM, LLC  NGL/Y-MIX",HVL,INTRASTATE,TEXAS,0.0,1.3,0.0,0.0,0.0,0.0,1.3,0.0,0.0,0.0,0.0,0.0,0.0,0.0,0.0,1.3,0.0,0.0,0.0,0.0,1.3,
2/2/2026,2022.0,20230101.0,20003.0,40177.0,"LADDER CREEK, LLC",HVL,INTRASTATE,COLORADO,0.0,40.8,0.0,0.0,0.0,0.0,40.8,0.0,0.0,0.0,0.0,0.0,0.0,0.0,0.0,40.8,0.0,0.0,0.0,0.0,40.8,
2/2/2026,2022.0,20230260.0,20171.0,40182.0,TAPROOT ROCKIES MIDSTREAM LLC,Crude Oil,INTRASTATE,COLORADO,0.0,85.429,0.0,0.0,0.0,0.0,85.429,0.0,0.0,0.0,0.0,0.0,0.0,0.0,0.0,85.429,0.0,0.0,0.0,0.0,85.429,
2/2/2026,2022.0,20230302.0,20213.0,40190.0,OXY WTP LP,Crude Oil,INTRASTATE,TEXAS,0.0,23.96,0.0,0.0,0.0,0.0,23.96,0.0,0.0,0.0,0.0,0.0,0.0,0.0,0.0,23.96,0.0,0.0,0.0,0.0,23.96,
2/2/2026,2022.0,20230190.0,20100.0,40192.0,ZENITH ENERGY WEST COAST TERMINALS LLC,Crude Oil,INTRASTATE,CALIFORNIA,0.0,70.73,0.0,0.0,0.0,0.0,70.73,0.0,0.0,0.0,0.0,0.0,0.0,0.0,0.0,70.73,0.0,0.0,0.0,0.0,70.73,
2/2/2026,2022.0,20230689.0,20616.0,40204.0,"SCM OPERATIONS, LLC",Crude Oil,INTERSTATE,NEW MEXICO,0.0,84.51,0.0,0.0,0.0,0.0,84.51,0.0,0.0,0.0,0.0,0.0,0.0,0.0,0.0,84.51,0.0,0.0,0.0,0.0,84.51,
2/2/2026,2022.0,20230689.0,20616.0,40204.0,"SCM OPERATIONS, LLC",Crude Oil,INTERSTATE,TEXAS,0.0,101.7,0.0,0.0,0.0,0.0,101.7,0.0,0.0,0.0,0.0,0.0,0.0,0.0,0.0,101.7,0.0,0.0,0.0,0.0,101.7,
2/2/2026,2022.0,20230688.0,20615.0,40204.0,"SCM OPERATIONS, LLC",HVL,INTRASTATE,TEXAS,0.0,34.94,0.0,0.0,0.0,0.0,34.94,0.0,0.0,0.0,0.0,0.0,0.0,0.0,0.0,34.94,0.0,0.0,0.0,0.0,34.94,
2/2/2026,2022.0,20230597.0,20521.0,40206.0,"ROSEFIELD OPERATING COMPANY, LLC",Crude Oil,INTERSTATE,OCS-Gulf of Mexico,0.0,0.0,0.0,0.0,0.0,0.0,0.0,0.0,247.87,0.0,0.0,0.0,0.0,247.87,0.0,247.87,0.0,0.0,0.0,0.0,247.87,
2/2/2026,2022.0,20230597.0,20521.0,40206.0,"ROSEFIELD OPERATING COMPANY, LLC",Crude Oil,INTERSTATE,TEXAS,0.0,12.02,0.0,0.0,0.0,0.0,12.02,0.0,10.42,0.0,0.0,0.0,0.0,10.42,0.0,22.44,0.0,0.0,0.0,0.0,22.44,
2/2/2026,2022.0,20230363.0,20279.0,40213.0,"BRETON SOUND GATHERING, LLC",Crude Oil,INTRASTATE,LOUISIANA,0.0,0.0,0.0,0.0,0.0,0.0,0.0,0.0,11.09,0.0,0.0,0.0,0.0,11.09,0.0,11.09,0.0,0.0,0.0,0.0,11.09,
2/2/2026,2022.0,20230012.0,19887.0,40221.0,"CURLEW MIDSTREAM, LLC",Crude Oil,INTRASTATE,LOUISIANA,0.0,8.39,0.0,0.0,0.0,0.0,8.39,0.0,0.0,0.0,0.0,0.0,0.0,0.0,0.0,8.39,0.0,0.0,0.0,0.0,8.39,
2/2/2026,2022.0,20230088.0,21569.0,40227.0,NAVIGATOR BORGER EXPRESS LLC,Crude Oil,INTERSTATE,OKLAHOMA,0.0,98.44,0.0,0.0,0.0,0.0,98.44,0.0,0.0,0.0,0.0,0.0,0.0,0.0,0.0,98.44,0.0,0.0,0.0,0.0,98.44,
2/2/2026,2022.0,20230088.0,21569.0,40227.0,NAVIGATOR BORGER EXPRESS LLC,Crude Oil,INTERSTATE,TEXAS,0.0,94.0,0.0,0.0,0.0,0.0,94.0,0.0,0.0,0.0,0.0,0.0,0.0,0.0,0.0,94.0,0.0,0.0,0.0,0.0,94.0,
2/2/2026,2022.0,20230253.0,20164.0,40231.0,"SCURRY MIDSTREAM, LLC",HVL,INTRASTATE,TEXAS,0.0,3.29,0.0,0.0,0.0,0.0,3.29,0.0,0.0,0.0,0.0,0.0,0.0,0.0,0.0,3.29,0.0,0.0,0.0,0.0,3.29,
2/2/2026,2022.0,20230498.0,20419.0,40238.0,"GRAYSON MILL OPERATING, LLC",Crude Oil,INTRASTATE,NORTH DAKOTA,0.0,46.73,0.0,0.0,0.0,0.0,46.73,0.0,0.0,0.0,0.0,0.0,0.0,0.0,0.0,46.73,0.0,0.0,0.0,0.0,46.73,
2/2/2026,2022.0,20230665.0,20591.0,40244.0,"DENBURY GREEN PIPELINE-MONTANA, LLC",CO2,INTERSTATE,MONTANA,0.0,113.72,0.0,0.0,0.0,0.0,113.72,0.0,0.0,0.0,0.0,0.0,0.0,0.0,0.0,113.72,0.0,0.0,0.0,0.0,113.72,
2/2/2026,2022.0,20230054.0,19942.0,40249.0,LEESBURG LP,HVL,INTRASTATE,TEXAS,0.0,1.8,0.0,0.0,0.0,0.0,1.8,0.0,0.0,0.0,0.0,0.0,0.0,0.0,0.0,1.8,0.0,0.0,0.0,0.0,1.8,
2/2/2026,2022.0,20230666.0,20592.0,40256.0,"DENBURY GREEN PIPELINE-NORTH DAKOTA, LLC",CO2,INTERSTATE,NORTH DAKOTA,0.0,9.26,0.0,0.0,0.0,0.0,9.26,0.0,0.0,0.0,0.0,0.0,0.0,0.0,0.0,9.26,0.0,0.0,0.0,0.0,9.26,
2/2/2026,2022.0,20230189.0,20099.0,40266.0,"HEP JAVELINA COMPANY, LLC",HVL,INTRASTATE,TEXAS,0.0,34.89,0.0,0.0,0.0,0.0,34.89,0.0,0.0,0.0,0.0,0.0,0.0,0.0,0.0,34.89,0.0,0.0,0.0,0.0,34.89,
2/2/2026,2022.0,20230307.0,20219.0,40268.0,"GARY CLIMATE SOLUTIONS, LLC",CO2,INTRASTATE,KANSAS,0.0,14.1,0.0,0.2,0.0,0.0,14.3,0.0,0.0,0.0,0.0,0.0,0.0,0.0,0.0,14.1,0.0,0.2,0.0,0.0,14.3,
2/2/2026,2022.0,20230104.0,20891.0,40271.0,INTERNATIONAL- MATEX TANK TERMINALS LLC,Refined and/or Petroleum Product (non-HVL),INTRASTATE,LOUISIANA,0.0,4.84,0.0,0.0,0.0,0.0,4.84,0.0,0.0,0.0,0.0,0.0,0.0,0.0,0.0,4.84,0.0,0.0,0.0,0.0,4.84,
2/2/2026,2022.0,20230154.0,20063.0,40275.0,SENTINEL MIDSTREAM OPERATING LLC,Crude Oil,INTERSTATE,TEXAS,0.0,20.61,0.0,0.0,0.0,0.0,20.61,0.0,0.0,0.0,0.0,0.0,0.0,0.0,0.0,20.61,0.0,0.0,0.0,0.0,20.61,
2/2/2026,2022.0,20230154.0,20063.0,40275.0,SENTINEL MIDSTREAM OPERATING LLC,Crude Oil,INTRASTATE,TEXAS,0.0,9.23,0.0,0.0,0.0,0.0,9.23,0.0,0.0,0.0,0.0,0.0,0.0,0.0,0.0,9.23,0.0,0.0,0.0,0.0,9.23,
2/2/2026,2022.0,20230254.0,20165.0,40277.0,"VERTEX REFINING ALABAMA,LLC",Crude Oil,INTRASTATE,ALABAMA,0.0,6.28,0.0,0.0,0.0,0.0,6.28,0.0,0.0,0.0,0.0,0.0,0.0,0.0,0.0,6.28,0.0,0.0,0.0,0.0,6.28,
2/2/2026,2022.0,20230255.0,20166.0,40277.0,"VERTEX REFINING ALABAMA,LLC",Refined and/or Petroleum Product (non-HVL),INTRASTATE,ALABAMA,0.0,6.28,0.0,0.0,0.0,0.0,6.28,0.0,0.0,0.0,0.0,0.0,0.0,0.0,0.0,6.28,0.0,0.0,0.0,0.0,6.28,
2/2/2026,2022.0,20230550.0,20474.0,40282.0,EQUILON ENTERPRISES LLC DBA SHELL OIL PRODUCTS,Fuel Grade Ethanol (dedicated system),INTRASTATE,CALIFORNIA,0.0,14.96,0.0,0.0,0.0,0.0,14.96,0.0,0.0,0.0,0.0,0.0,0.0,0.0,0.0,14.96,0.0,0.0,0.0,0.0,14.96,
2/2/2026,2022.0,20230343.0,20257.0,40282.0,EQUILON ENTERPRISES LLC DBA SHELL OIL PRODUCTS,Refined and/or Petroleum Product (non-HVL),INTRASTATE,CALIFORNIA,0.0,79.8,0.0,0.0,0.0,0.0,79.8,0.0,0.0,0.0,0.0,0.0,0.0,0.0,0.0,79.8,0.0,0.0,0.0,0.0,79.8,
2/2/2026,2022.0,20230265.0,20176.0,40283.0,"SUNOCO, LLC",Refined and/or Petroleum Product (non-HVL),INTERSTATE,MARYLAND,0.0,8.51,0.0,0.0,0.0,0.0,8.51,0.0,0.0,0.0,0.0,0.0,0.0,0.0,0.0,8.51,0.0,0.0,0.0,0.0,8.51,
2/2/2026,2022.0,20230265.0,20176.0,40283.0,"SUNOCO, LLC",Refined and/or Petroleum Product (non-HVL),INTERSTATE,NEW JERSEY,0.0,1.59,0.0,0.0,0.0,0.0,1.59,0.0,0.0,0.0,0.0,0.0,0.0,0.0,0.0,1.59,0.0,0.0,0.0,0.0,1.59,
2/2/2026,2022.0,20230265.0,20176.0,40283.0,"SUNOCO, LLC",Refined and/or Petroleum Product (non-HVL),INTERSTATE,NEW YORK,0.0,0.24,0.0,0.0,0.0,0.0,0.24,0.0,0.0,0.0,0.0,0.0,0.0,0.0,0.0,0.24,0.0,0.0,0.0,0.0,0.24,
2/2/2026,2022.0,20230265.0,20176.0,40283.0,"SUNOCO, LLC",Refined and/or Petroleum Product (non-HVL),INTERSTATE,WASHINGTON DC,0.0,2.81,0.0,0.0,0.0,0.0,2.81,0.0,0.0,0.0,0.0,0.0,0.0,0.0,0.0,2.81,0.0,0.0,0.0,0.0,2.81,
2/2/2026,2022.0,20230265.0,20176.0,40283.0,"SUNOCO, LLC",Refined and/or Petroleum Product (non-HVL),INTRASTATE,NEW JERSEY,0.0,5.69,0.0,0.0,0.0,0.0,5.69,0.0,0.0,0.0,0.0,0.0,0.0,0.0,0.0,5.69,0.0,0.0,0.0,0.0,5.69,
2/2/2026,2022.0,20230265.0,20176.0,40283.0,"SUNOCO, LLC",Refined and/or Petroleum Product (non-HVL),INTRASTATE,VIRGINIA,0.0,9.19,0.0,0.0,0.0,0.0,9.19,0.0,0.0,0.0,0.0,0.0,0.0,0.0,0.0,9.19,0.0,0.0,0.0,0.0,9.19,
2/2/2026,2022.0,20230308.0,20220.0,40295.0,"FUNDARE RESOURCES OPERATING COMPANY, LLC",Crude Oil,INTRASTATE,COLORADO,0.0,11.4,0.0,0.0,0.0,0.0,11.4,0.0,0.0,0.0,0.0,0.0,0.0,0.0,0.0,11.4,0.0,0.0,0.0,0.0,11.4,
2/2/2026,2022.0,20230495.0,20415.0,40295.0,"FUNDARE RESOURCES OPERATING COMPANY, LLC",HVL,INTRASTATE,COLORADO,0.0,0.18,0.0,0.0,0.0,0.0,0.18,0.0,0.0,0.0,0.0,0.0,0.0,0.0,0.0,0.18,0.0,0.0,0.0,0.0,0.18,
2/2/2026,2022.0,20230411.0,20328.0,40306.0,SWISSPORT INC,Refined and/or Petroleum Product (non-HVL),INTRASTATE,NEVADA,0.0,3.7,0.0,0.0,0.0,0.0,3.7,0.0,0.0,0.0,0.0,0.0,0.0,0.0,0.0,3.7,0.0,0.0,0.0,0.0,3.7,
2/2/2026,2022.0,20230145.0,20054.0,40313.0,"CALNRG OPERATING, LLC",Crude Oil,INTRASTATE,CALIFORNIA,0.0,2.69,0.0,0.13,0.0,0.0,2.82,0.0,0.0,0.0,0.0,0.0,0.0,0.0,0.0,2.69,0.0,0.13,0.0,0.0,2.82,
2/2/2026,2022.0,20230631.0,20555.0,40318.0,OLYMPUS TERMINALS LLC,Crude Oil,INTRASTATE,CALIFORNIA,0.0,3.87,0.0,0.0,0.0,0.0,3.87,0.0,0.0,0.0,0.0,0.0,0.0,0.0,0.0,3.87,0.0,0.0,0.0,0.0,3.87,
2/2/2026,2022.0,20230632.0,20556.0,40318.0,OLYMPUS TERMINALS LLC,Refined and/or Petroleum Product (non-HVL),INTRASTATE,CALIFORNIA,0.0,8.2,0.0,0.0,0.0,0.0,8.2,0.0,0.0,0.0,0.0,0.0,0.0,0.0,0.0,8.2,0.0,0.0,0.0,0.0,8.2,
2/2/2026,2022.0,20230102.0,20004.0,40321.0,PINNACLE DOS PICOS LLC,Crude Oil,INTRASTATE,TEXAS,0.0,4.9,0.0,0.0,0.0,0.0,4.9,0.0,0.0,0.0,0.0,0.0,0.0,0.0,0.0,4.9,0.0,0.0,0.0,0.0,4.9,
2/2/2026,2022.0,20230367.0,20695.0,40322.0,CONTANGO RESOURCES,CO2,INTERSTATE,WYOMING,0.0,0.0,0.0,0.0,0.0,0.0,0.0,0.0,0.0,0.0,0.0,0.0,0.0,0.0,0.0,0.0,0.0,0.0,0.0,0.0,0.0,
2/2/2026,2022.0,20230367.0,20695.0,40322.0,CONTANGO RESOURCES,CO2,INTRASTATE,WYOMING,0.0,155.0,0.0,0.0,0.0,0.0,155.0,0.0,0.0,0.0,0.0,0.0,0.0,0.0,0.0,155.0,0.0,0.0,0.0,0.0,155.0,
2/2/2026,2022.0,20230004.0,19873.0,40325.0,PLACID MIDSTREAM LLC,Crude Oil,INTRASTATE,LOUISIANA,0.0,16.0,0.0,0.0,0.0,0.0,16.0,0.0,0.0,0.0,0.0,0.0,0.0,0.0,0.0,16.0,0.0,0.0,0.0,0.0,16.0,
2/2/2026,2022.0,20230695.0,20736.0,40329.0,NAVIGATOR PANHANDLE HOLDCO LLC,Crude Oil,INTERSTATE,OKLAHOMA,0.0,184.65,0.0,0.0,0.0,0.0,184.65,0.0,0.0,0.0,0.0,0.0,0.0,0.0,0.0,184.65,0.0,0.0,0.0,0.0,184.65,
2/2/2026,2022.0,20230087.0,20737.0,40330.0,NAVIGATOR PH CROSSING LLC,Crude Oil,INTERSTATE,OKLAHOMA,0.0,16.12,0.0,0.0,0.0,0.0,16.12,0.0,0.0,0.0,0.0,0.0,0.0,0.0,0.0,16.12,0.0,0.0,0.0,0.0,16.12,
2/2/2026,2022.0,20230087.0,20737.0,40330.0,NAVIGATOR PH CROSSING LLC,Crude Oil,INTERSTATE,TEXAS,0.0,49.38,0.0,0.0,0.0,0.0,49.38,0.0,0.0,0.0,0.0,0.0,0.0,0.0,0.0,49.38,0.0,0.0,0.0,0.0,49.38,
2/2/2026,2022.0,20230717.0,20696.0,40335.0,PHOENIX PARK ENERGY MARKETING LLC,HVL,INTRASTATE,TEXAS,0.0,56.88,0.0,0.0,0.0,0.0,56.88,0.0,0.0,0.0,0.0,0.0,0.0,0.0,0.0,56.88,0.0,0.0,0.0,0.0,56.88,
2/2/2026,2022.0,20230681.0,20607.0,40337.0,CRESTONE PEAK RESOURCES LP,Crude Oil,INTRASTATE,COLORADO,0.0,35.98,0.0,0.0,0.0,0.0,35.98,0.0,0.0,0.0,0.0,0.0,0.0,0.0,0.0,35.98,0.0,0.0,0.0,0.0,35.98,
2/2/2026,2022.0,20230621.0,20545.0,40379.0,NOBLE ENERGY INC,Crude Oil,INTRASTATE,TEXAS,0.57,4.02,0.45,4.37,0.0,0.0,9.41,0.0,0.0,0.0,0.0,0.0,0.0,0.0,0.57,4.02,0.45,4.37,0.0,0.0,9.41,
2/2/2026,2022.0,20230703.0,20719.0,40393.0,PROMETHEAN ENERGY CORPORATION,Crude Oil,INTERSTATE,LOUISIANA,0.0,0.0,0.0,0.0,0.0,0.0,0.0,0.0,8.5,0.0,0.0,0.0,0.0,8.5,0.0,8.5,0.0,0.0,0.0,0.0,8.5,
2/2/2026,2022.0,20230703.0,20719.0,40393.0,PROMETHEAN ENERGY CORPORATION,Crude Oil,INTERSTATE,OCS-Gulf of Mexico,0.0,0.0,0.0,0.0,0.0,0.0,0.0,0.0,2.8,0.0,0.0,0.0,0.0,2.8,0.0,2.8,0.0,0.0,0.0,0.0,2.8,
2/2/2026,2022.0,20230538.0,20630.0,40419.0,CHEVRON MIDSTREAM SERVICES LLC,Crude Oil,INTRASTATE,COLORADO,0.0,197.84,0.0,0.0,0.0,0.0,197.84,0.0,0.0,0.0,0.0,0.0,0.0,0.0,0.0,197.84,0.0,0.0,0.0,0.0,197.84,
2/2/2026,2022.0,20230538.0,20630.0,40419.0,CHEVRON MIDSTREAM SERVICES LLC,Crude Oil,INTRASTATE,TEXAS,0.0,79.75,0.0,0.0,0.0,0.0,79.75,0.0,0.0,0.0,0.0,0.0,0.0,0.0,0.0,79.75,0.0,0.0,0.0,0.0,79.75,
2/2/2026,2022.0,20230652.0,20880.0,40423.0,BAYOU MIDSTREAM,Crude Oil,INTERSTATE,MONTANA,0.0,6.56,0.0,0.0,0.0,0.0,6.56,0.0,0.0,0.0,0.0,0.0,0.0,0.0,0.0,6.56,0.0,0.0,0.0,0.0,6.56,
2/2/2026,2022.0,20230652.0,20880.0,40423.0,BAYOU MIDSTREAM,Crude Oil,INTERSTATE,NORTH DAKOTA,0.0,22.58,0.0,0.0,0.0,0.0,22.58,0.0,0.0,0.0,0.0,0.0,0.0,0.0,0.0,22.58,0.0,0.0,0.0,0.0,22.58,
2/2/2026,2022.0,20230231.0,20142.0,40425.0,"DOW HYDROCARBONS & RESOURCES, INC, GRAND BAYOU OPERATIONS",HVL,INTRASTATE,LOUISIANA,0.0,10.37,0.0,0.0,0.0,0.0,10.37,0.0,0.0,0.0,0.0,0.0,0.0,0.0,0.0,10.37,0.0,0.0,0.0,0.0,10.37,
2/2/2026,2022.0,20230020.0,19901.0,40426.0,"BB-SOUTHTEX, LLC",Crude Oil,INTRASTATE,TEXAS,42.6,0.0,0.0,0.0,0.0,0.0,42.6,0.0,0.0,0.0,0.0,0.0,0.0,0.0,42.6,0.0,0.0,0.0,0.0,0.0,42.6,
2/2/2026,2022.0,20230707.0,20670.0,40429.0,GAP MIDSTREAM LLC,Crude Oil,INTRASTATE,NORTH DAKOTA,0.0,68.83,0.0,0.0,0.0,0.0,68.83,0.0,0.0,0.0,0.0,0.0,0.0,0.0,0.0,68.83,0.0,0.0,0.0,0.0,68.83,
2/2/2026,2022.0,20230528.0,20722.0,40461.0,"GOM SHELF, LLC",Crude Oil,INTERSTATE,LOUISIANA,24.23,0.0,0.0,0.0,0.0,0.0,24.23,0.0,0.0,0.0,0.0,0.0,0.0,0.0,24.23,0.0,0.0,0.0,0.0,0.0,24.23,
2/2/2026,2022.0,20230528.0,20722.0,40461.0,"GOM SHELF, LLC",Crude Oil,INTERSTATE,OCS-Gulf of Mexico,0.0,0.0,0.0,0.0,0.0,0.0,0.0,37.19,0.0,0.0,0.0,0.0,0.0,37.19,37.19,0.0,0.0,0.0,0.0,0.0,37.19,
2/2/2026,2022.0,20230528.0,20722.0,40461.0,"GOM SHELF, LLC",Crude Oil,INTRASTATE,LOUISIANA,14.9,0.0,0.0,0.0,0.0,0.0,14.9,0.0,0.0,0.0,0.0,0.0,0.0,0.0,14.9,0.0,0.0,0.0,0.0,0.0,14.9,
2/2/2026,2022.0,20230551.0,20475.0,40475.0,PACIFIC PIPELINE COMPANY,Crude Oil,INTRASTATE,CALIFORNIA,0.0,124.43,0.0,0.0,0.0,0.0,124.43,0.0,0.0,0.0,0.0,0.0,0.0,0.0,0.0,124.43,0.0,0.0,0.0,0.0,124.43,
2/2/2026,2022.0,20230354.0,20268.0,40479.0,ADVANTAGE PIPELINE LLC,Crude Oil,INTRASTATE,TEXAS,0.0,68.26,0.0,0.0,0.0,0.0,68.26,0.0,0.0,0.0,0.0,0.0,0.0,0.0,0.0,68.26,0.0,0.0,0.0,0.0,68.26,
2/2/2026,2022.0,20230358.0,20273.0,40498.0,PLAINS PIPELINE MIDCON LLC,Crude Oil,INTERSTATE,COLORADO,0.0,6.95,0.0,0.0,0.0,0.0,6.95,0.0,0.0,0.0,0.0,0.0,0.0,0.0,0.0,6.95,0.0,0.0,0.0,0.0,6.95,
2/2/2026,2022.0,20230358.0,20273.0,40498.0,PLAINS PIPELINE MIDCON LLC,Crude Oil,INTERSTATE,KANSAS,0.0,89.25,0.0,0.0,0.0,0.0,89.25,0.0,0.0,0.0,0.0,0.0,0.0,0.0,0.0,89.25,0.0,0.0,0.0,0.0,89.25,
2/2/2026,2022.0,20230358.0,20273.0,40498.0,PLAINS PIPELINE MIDCON LLC,Crude Oil,INTERSTATE,OKLAHOMA,0.18,429.89,0.0,0.0,0.0,30.48,460.55,0.0,0.0,0.0,0.0,0.0,0.0,0.0,0.18,429.89,0.0,0.0,0.0,30.48,460.55,Undetermined
2/2/2026,2022.0,20230358.0,20273.0,40498.0,PLAINS PIPELINE MIDCON LLC,Crude Oil,INTERSTATE,TEXAS,0.0,11.7,0.0,0.0,0.0,0.0,11.7,0.0,0.0,0.0,0.0,0.0,0.0,0.0,0.0,11.7,0.0,0.0,0.0,0.0,11.7,
2/2/2026,2022.0,20230358.0,20273.0,40498.0,PLAINS PIPELINE MIDCON LLC,Crude Oil,INTRASTATE,COLORADO,0.0,2.38,0.0,0.0,0.0,0.0,2.38,0.0,0.0,0.0,0.0,0.0,0.0,0.0,0.0,2.38,0.0,0.0,0.0,0.0,2.38,
2/2/2026,2022.0,20230358.0,20273.0,40498.0,PLAINS PIPELINE MIDCON LLC,Crude Oil,INTRASTATE,KANSAS,0.5,1.45,0.0,0.0,0.0,0.34,2.29,0.0,0.0,0.0,0.0,0.0,0.0,0.0,0.5,1.45,0.0,0.0,0.0,0.34,2.29,Undetermined
2/2/2026,2022.0,20230358.0,20273.0,40498.0,PLAINS PIPELINE MIDCON LLC,Crude Oil,INTRASTATE,OKLAHOMA,1.01,206.65,0.0,0.0,0.0,57.69,265.35,0.0,0.0,0.0,0.0,0.0,0.0,0.0,1.01,206.65,0.0,0.0,0.0,57.69,265.35,
2/2/2026,2022.0,20230426.0,20343.0,40526.0,AIRCRAFT SERVICE INTERNATIONAL INC,Refined and/or Petroleum Product (non-HVL),INTRASTATE,TEXAS,0.0,1.3,0.0,0.0,0.0,0.0,1.3,0.0,0.0,0.0,0.0,0.0,0.0,0.0,0.0,1.3,0.0,0.0,0.0,0.0,1.3,
2/2/2026,2022.0,20230117.0,20022.0,40539.0,"SLANT OPERATING, LLC",Crude Oil,INTRASTATE,TEXAS,0.0,3.9,0.0,0.0,0.0,0.0,3.9,0.0,0.0,0.0,0.0,0.0,0.0,0.0,0.0,3.9,0.0,0.0,0.0,0.0,3.9,
2/2/2026,2022.0,20230701.0,20641.0,40586.0,BPX MIDSTREAM LLC,Crude Oil,INTRASTATE,TEXAS,0.0,2.95,0.0,0.0,0.0,0.0,2.95,0.0,0.0,0.0,0.0,0.0,0.0,0.0,0.0,2.95,0.0,0.0,0.0,0.0,2.95,
2/2/2026,2022.0,20230299.0,20210.0,40718.0,"OSWEGO HARBOR POWER, LLC",Refined and/or Petroleum Product (non-HVL),INTRASTATE,NEW YORK,0.0,4.2,0.0,0.0,0.0,0.0,4.2,0.0,0.0,0.0,0.0,0.0,0.0,0.0,0.0,4.2,0.0,0.0,0.0,0.0,4.2,
2/2/2026,2022.0,20230715.0,20688.0,40738.0,"LONGFELLOW ENERGY, LP",CO2,INTRASTATE,TEXAS,0.0,0.0,0.0,30.85,0.0,0.0,30.85,0.0,0.0,0.0,0.0,0.0,0.0,0.0,0.0,0.0,0.0,30.85,0.0,0.0,30.85,
2/2/2026,2022.0,20230163.0,20072.0,99001.0,DEFENSE FUEL SUPPLY POINT,Refined and/or Petroleum Product (non-HVL),INTRASTATE,SOUTH CAROLINA,0.0,4.72,0.0,0.0,0.0,0.0,4.72,0.0,0.0,0.0,0.0,0.0,0.0,0.0,0.0,4.72,0.0,0.0,0.0,0.0,4.72,
2/2/2026,2022.0,20230524.0,20448.0,99002.0,TAMPA AIRPORT PIPELINE CORPORATION,Refined and/or Petroleum Product (non-HVL),INTRASTATE,FLORIDA,0.0,10.5,0.0,0.0,0.0,0.0,10.5,0.0,0.0,0.0,0.0,0.0,0.0,0.0,0.0,10.5,0.0,0.0,0.0,0.0,10.5,
2/2/2026,2022.0,20230342.0,20256.0,99031.0,CITGO PETROLEUM CORPORATION (TERMINALS),Refined and/or Petroleum Product (non-HVL),INTRASTATE,FLORIDA,0.0,1.217,0.0,0.002,0.0,0.0,1.219,0.0,0.0,0.0,0.0,0.0,0.0,0.0,0.0,1.217,0.0,0.002,0.0,0.0,1.219,
2/2/2026,2022.0,20230342.0,20256.0,99031.0,CITGO PETROLEUM CORPORATION (TERMINALS),Refined and/or Petroleum Product (non-HVL),INTRASTATE,ILLINOIS,0.0,0.73,0.0,0.006,0.0,0.0,0.736,0.0,0.0,0.0,0.0,0.0,0.0,0.0,0.0,0.73,0.0,0.006,0.0,0.0,0.736,
2/2/2026,2022.0,20230342.0,20256.0,99031.0,CITGO PETROLEUM CORPORATION (TERMINALS),Refined and/or Petroleum Product (non-HVL),INTRASTATE,INDIANA,0.0,5.265,0.0,0.005,0.0,0.0,5.27,0.0,0.0,0.0,0.0,0.0,0.0,0.0,0.0,5.265,0.0,0.005,0.0,0.0,5.27,
2/2/2026,2022.0,20230342.0,20256.0,99031.0,CITGO PETROLEUM CORPORATION (TERMINALS),Refined and/or Petroleum Product (non-HVL),INTRASTATE,MICHIGAN,0.0,0.255,0.0,0.0,0.0,0.0,0.255,0.0,0.0,0.0,0.0,0.0,0.0,0.0,0.0,0.255,0.0,0.0,0.0,0.0,0.255,
2/2/2026,2022.0,20230342.0,20256.0,99031.0,CITGO PETROLEUM CORPORATION (TERMINALS),Refined and/or Petroleum Product (non-HVL),INTRASTATE,NEW JERSEY,0.0,3.871,0.0,6.858,0.0,0.0,10.729,0.0,0.0,0.0,0.0,0.0,0.0,0.0,0.0,3.871,0.0,6.858,0.0,0.0,10.729,
2/2/2026,2022.0,20230342.0,20256.0,99031.0,CITGO PETROLEUM CORPORATION (TERMINALS),Refined and/or Petroleum Product (non-HVL),INTRASTATE,OHIO,0.0,0.073,0.0,2.175,0.0,0.0,2.248,0.0,0.0,0.0,0.0,0.0,0.0,0.0,0.0,0.073,0.0,2.175,0.0,0.0,2.248,
2/2/2026,2022.0,20230019.0,19900.0,99043.0,PETROLEUM FUEL AND TERMINAL COMPANY,Refined and/or Petroleum Product (non-HVL),INTRASTATE,MARYLAND,0.0,3.1,0.0,0.0,0.0,0.0,3.1,0.0,0.0,0.0,0.0,0.0,0.0,0.0,0.0,3.1,0.0,0.0,0.0,0.0,3.1,
,,,,,,,,,,,,,,,,,,,,,,,,,,,,,,
,,,,,,,,,,,,,,,,,,,,,,,,,,,,,,
,,,,,,,,,,,,,,,,,,,,,,,,,,,,,,
,,,,,,,,,,,,,,,,,,,,,,,,,,,,,,
,,,,,,,,,,,,,,,,,,,,,,,,,,,,,,
