DATAFILE_AS_OF,REPORT_YEAR,REPORT_NUMBER,SUPPLEMENTAL_NUMBER,OPERATOR_ID,PARTA2NAMEOFCOMP,PARTA5COMMODITY,INTER_INTRA,STATE_NAME,PARTLHIGHPOPON,PARTLOTHPOPON,PARTLDWON,PARTLECRESON,PARTLCNAVWON,PARTLSEGMILESTOTALON,PARTLECRESOFF,PARTLCNAVWOFF,PARTLSEGMILESTOTALOFF
2/2/2026,2020.0,20210071.0,18129.0,117.0,AIR PRODUCTS & CHEMICALS INC,CO2,INTRASTATE,TEXAS,4.42,7.3,0.0,0.0,0.0,11.72,,,
2/2/2026,2020.0,20210605.0,18847.0,300.0,"PLAINS PIPELINE, L.P.",Crude Oil,INTERSTATE,ALABAMA,28.31,26.64,13.07,31.83,25.34,38.61,,,
2/2/2026,2020.0,20210605.0,18847.0,300.0,"PLAINS PIPELINE, L.P.",Crude Oil,INTERSTATE,ARKANSAS,0.3,137.15,99.33,101.88,72.66,170.97,,,
2/2/2026,2020.0,20210605.0,18847.0,300.0,"PLAINS PIPELINE, L.P.",Crude Oil,INTERSTATE,COLORADO,0.0,0.0,0.0,1.12,0.0,1.12,,,
2/2/2026,2020.0,20210605.0,18847.0,300.0,"PLAINS PIPELINE, L.P.",Crude Oil,INTERSTATE,ILLINOIS,20.21,32.18,39.14,23.12,5.82,43.34,,,
2/2/2026,2020.0,20210605.0,18847.0,300.0,"PLAINS PIPELINE, L.P.",Crude Oil,INTERSTATE,KANSAS,0.0,2.21,8.7,20.79,0.0,28.66,,,
2/2/2026,2020.0,20210605.0,18847.0,300.0,"PLAINS PIPELINE, L.P.",Crude Oil,INTERSTATE,LOUISIANA,14.52,11.23,15.93,11.01,1.1,19.33,,,
2/2/2026,2020.0,20210605.0,18847.0,300.0,"PLAINS PIPELINE, L.P.",Crude Oil,INTERSTATE,MISSISSIPPI,11.9,76.94,34.5,136.28,23.2,164.65,,,
2/2/2026,2020.0,20210605.0,18847.0,300.0,"PLAINS PIPELINE, L.P.",Crude Oil,INTERSTATE,MONTANA,22.13,52.82,40.36,4.94,0.0,57.58,,,
2/2/2026,2020.0,20210605.0,18847.0,300.0,"PLAINS PIPELINE, L.P.",Crude Oil,INTERSTATE,NEW MEXICO,0.0,4.08,0.19,23.25,0.0,24.15,,,
2/2/2026,2020.0,20210605.0,18847.0,300.0,"PLAINS PIPELINE, L.P.",Crude Oil,INTERSTATE,NORTH DAKOTA,0.0,10.8,13.01,17.9,0.0,22.78,,,
2/2/2026,2020.0,20210605.0,18847.0,300.0,"PLAINS PIPELINE, L.P.",Crude Oil,INTERSTATE,OKLAHOMA,65.98,479.07,195.9,257.97,104.38,605.07,,,
2/2/2026,2020.0,20210605.0,18847.0,300.0,"PLAINS PIPELINE, L.P.",Crude Oil,INTERSTATE,TENNESSEE,1.23,6.47,0.56,1.33,2.5,6.62,,,
2/2/2026,2020.0,20210605.0,18847.0,300.0,"PLAINS PIPELINE, L.P.",Crude Oil,INTERSTATE,TEXAS,82.67,429.11,440.42,394.07,6.94,873.7,,,
2/2/2026,2020.0,20210605.0,18847.0,300.0,"PLAINS PIPELINE, L.P.",Crude Oil,INTERSTATE,WYOMING,18.77,141.6,47.29,55.1,0.0,197.06,,,
2/2/2026,2020.0,20210605.0,18847.0,300.0,"PLAINS PIPELINE, L.P.",Crude Oil,INTRASTATE,ALABAMA,12.74,15.04,0.71,7.18,6.79,20.3,,,
2/2/2026,2020.0,20210605.0,18847.0,300.0,"PLAINS PIPELINE, L.P.",Crude Oil,INTRASTATE,CALIFORNIA,133.59,105.75,149.21,199.88,87.81,223.85,,,
2/2/2026,2020.0,20210605.0,18847.0,300.0,"PLAINS PIPELINE, L.P.",Crude Oil,INTRASTATE,COLORADO,,,,,,,,,
2/2/2026,2020.0,20210605.0,18847.0,300.0,"PLAINS PIPELINE, L.P.",Crude Oil,INTRASTATE,KANSAS,,,,,,,,,
2/2/2026,2020.0,20210605.0,18847.0,300.0,"PLAINS PIPELINE, L.P.",Crude Oil,INTRASTATE,LOUISIANA,0.0,10.43,3.7,2.9,0.13,13.47,,,
2/2/2026,2020.0,20210605.0,18847.0,300.0,"PLAINS PIPELINE, L.P.",Crude Oil,INTRASTATE,MISSISSIPPI,0.0,5.89,0.04,5.71,0.0,5.89,,,
2/2/2026,2020.0,20210605.0,18847.0,300.0,"PLAINS PIPELINE, L.P.",Crude Oil,INTRASTATE,MONTANA,,,,,,,,,
2/2/2026,2020.0,20210605.0,18847.0,300.0,"PLAINS PIPELINE, L.P.",Crude Oil,INTRASTATE,NEW MEXICO,0.0,12.81,7.77,2.34,0.0,19.19,,,
2/2/2026,2020.0,20210605.0,18847.0,300.0,"PLAINS PIPELINE, L.P.",Crude Oil,INTRASTATE,OKLAHOMA,0.0,74.32,30.14,65.53,0.0,99.48,,,
2/2/2026,2020.0,20210605.0,18847.0,300.0,"PLAINS PIPELINE, L.P.",Crude Oil,INTRASTATE,TEXAS,72.04,271.96,271.98,263.4,7.1,477.41,,,
2/2/2026,2020.0,20210607.0,18715.0,300.0,"PLAINS PIPELINE, L.P.",HVL,INTERSTATE,MICHIGAN,36.9,8.28,1.77,13.3,8.3,39.36,,,
2/2/2026,2020.0,20210607.0,18715.0,300.0,"PLAINS PIPELINE, L.P.",HVL,INTRASTATE,CALIFORNIA,0.0,0.0,6.35,8.03,0.0,10.09,,,
2/2/2026,2020.0,20210607.0,18715.0,300.0,"PLAINS PIPELINE, L.P.",HVL,INTRASTATE,TEXAS,0.0,2.58,0.0,0.0,0.0,2.58,,,
2/2/2026,2020.0,20210299.0,18396.0,395.0,AMOCO OIL CO,Refined and/or Petroleum Product (non-HVL),INTERSTATE,ILLINOIS,98.9,100.5,9.3,38.2,22.6,176.3,,,
2/2/2026,2020.0,20210299.0,18396.0,395.0,AMOCO OIL CO,Refined and/or Petroleum Product (non-HVL),INTERSTATE,INDIANA,159.3,148.8,132.3,100.7,4.4,239.0,,,
2/2/2026,2020.0,20210299.0,18396.0,395.0,AMOCO OIL CO,Refined and/or Petroleum Product (non-HVL),INTERSTATE,IOWA,5.4,43.2,0.0,4.7,4.0,44.3,,,
2/2/2026,2020.0,20210299.0,18396.0,395.0,AMOCO OIL CO,Refined and/or Petroleum Product (non-HVL),INTERSTATE,MICHIGAN,46.1,49.4,5.5,35.2,1.4,89.1,,,
2/2/2026,2020.0,20210299.0,18396.0,395.0,AMOCO OIL CO,Refined and/or Petroleum Product (non-HVL),INTERSTATE,MINNESOTA,26.5,42.1,7.3,27.7,4.7,73.6,,,
2/2/2026,2020.0,20210299.0,18396.0,395.0,AMOCO OIL CO,Refined and/or Petroleum Product (non-HVL),INTERSTATE,MISSOURI,0.7,33.4,18.8,36.4,9.5,62.2,,,
2/2/2026,2020.0,20210428.0,18530.0,473.0,"WESTERN MIDSTREAM PARTNERS, LP",Crude Oil,INTRASTATE,COLORADO,5.52,68.79,0.0,0.0,0.0,69.67,,,
2/2/2026,2020.0,20210428.0,18530.0,473.0,"WESTERN MIDSTREAM PARTNERS, LP",Crude Oil,INTRASTATE,TEXAS,0.0,2.78,0.0,0.0,0.0,2.78,,,
2/2/2026,2020.0,20210428.0,18530.0,473.0,"WESTERN MIDSTREAM PARTNERS, LP",Crude Oil,INTRASTATE,WYOMING,0.0,0.0,0.0,0.0,0.0,0.0,,,
2/2/2026,2020.0,20210429.0,18531.0,473.0,"WESTERN MIDSTREAM PARTNERS, LP",HVL,INTRASTATE,COLORADO,3.44,11.8,5.29,0.0,0.0,15.91,,,
2/2/2026,2020.0,20210429.0,18531.0,473.0,"WESTERN MIDSTREAM PARTNERS, LP",HVL,INTRASTATE,TEXAS,0.0,0.0,0.0,0.0,0.0,0.0,,,
2/2/2026,2020.0,20210429.0,18531.0,473.0,"WESTERN MIDSTREAM PARTNERS, LP",HVL,INTRASTATE,UTAH,0.0,0.67,0.04,16.12,0.0,16.21,,,
2/2/2026,2020.0,20210429.0,18531.0,473.0,"WESTERN MIDSTREAM PARTNERS, LP",HVL,INTRASTATE,WYOMING,0.0,0.66,0.0,1.18,0.0,1.18,,,
2/2/2026,2020.0,20210297.0,18394.0,515.0,DAKOTA GASIFICATION COMPANY,CO2,INTERSTATE,NORTH DAKOTA,0.0,30.0,0.26,2.64,0.0,32.9,,,
2/2/2026,2020.0,20210336.0,18433.0,879.0,CHEMOIL TERMINALS LLC,Crude Oil,INTRASTATE,CALIFORNIA,3.87,,,,3.87,3.87,,,
2/2/2026,2020.0,20210335.0,18432.0,879.0,CHEMOIL TERMINALS LLC,Refined and/or Petroleum Product (non-HVL),INTRASTATE,CALIFORNIA,8.2,,,,8.2,8.2,,,
2/2/2026,2020.0,20210375.0,18472.0,994.0,"WILLIAMS FIELD SERVICES - GULF COAST COMPANY, LP",Crude Oil,INTERSTATE,OCS-Gulf of Mexico,,,,,,,0.0,0.0,0.0
2/2/2026,2020.0,20210143.0,18214.0,999.0,"PACIFIC COAST ENERGY COMPANY, LP",Crude Oil,INTRASTATE,CALIFORNIA,1.7,,,,,1.7,,,
2/2/2026,2020.0,20210706.0,18846.0,1047.0,HESS CORPORATION,Refined and/or Petroleum Product (non-HVL),INTRASTATE,NEW JERSEY,0.0,0.0,0.0,0.0,0.0,0.0,,,
2/2/2026,2020.0,20210084.0,18143.0,1248.0,BELLE FOURCHE PIPELINE CO,Crude Oil,INTERSTATE,MONTANA,0.0,3.0,0.0,0.0,0.0,3.0,,,
2/2/2026,2020.0,20210084.0,18143.0,1248.0,BELLE FOURCHE PIPELINE CO,Crude Oil,INTERSTATE,NORTH DAKOTA,0.0,0.8,0.0,0.0,0.0,0.8,,,
2/2/2026,2020.0,20210084.0,18143.0,1248.0,BELLE FOURCHE PIPELINE CO,Crude Oil,INTERSTATE,WYOMING,0.0,9.0,4.0,20.0,0.0,32.0,,,
2/2/2026,2020.0,20210083.0,18142.0,1248.0,BELLE FOURCHE PIPELINE CO,Refined and/or Petroleum Product (non-HVL),INTERSTATE,WYOMING,0.0,0.0,0.0,0.0,0.0,0.0,,,
2/2/2026,2020.0,20210648.0,18850.0,1541.0,"HILCORP NORTH SLOPE, LLC",Crude Oil,INTRASTATE,ALASKA,0.0,34.4,34.4,25.7,0.0,34.4,,,
2/2/2026,2020.0,20210527.0,18630.0,1845.0,"BUCKEYE PARTNERS, LP",Crude Oil,INTERSTATE,INDIANA,1.641,0.0,0.0,0.0,0.0,1.641,,,
2/2/2026,2020.0,20210527.0,18630.0,1845.0,"BUCKEYE PARTNERS, LP",Crude Oil,INTERSTATE,OHIO,1.168,0.0,0.0,0.0,0.0,1.168,,,
2/2/2026,2020.0,20210527.0,18630.0,1845.0,"BUCKEYE PARTNERS, LP",Crude Oil,INTRASTATE,TEXAS,0.0,0.298,0.488,0.0,0.0,0.785,,,
2/2/2026,2020.0,20210529.0,18632.0,1845.0,"BUCKEYE PARTNERS, LP",Fuel Grade Ethanol (dedicated system),INTRASTATE,FLORIDA,1.722,0.341,0.0,0.0,0.0,1.722,,,
2/2/2026,2020.0,20210530.0,18633.0,1845.0,"BUCKEYE PARTNERS, LP",HVL,INTERSTATE,ILLINOIS,6.407,6.184,0.46,0.129,0.0,8.945,,,
2/2/2026,2020.0,20210530.0,18633.0,1845.0,"BUCKEYE PARTNERS, LP",HVL,INTERSTATE,INDIANA,1.209,0.61,0.4,1.004,0.0,1.819,,,
2/2/2026,2020.0,20210530.0,18633.0,1845.0,"BUCKEYE PARTNERS, LP",HVL,INTERSTATE,OHIO,0.928,0.0,0.0,0.0,0.0,0.928,,,
2/2/2026,2020.0,20210530.0,18633.0,1845.0,"BUCKEYE PARTNERS, LP",HVL,INTRASTATE,FLORIDA,1.733,0.82,0.0,0.0,0.0,1.733,,,
2/2/2026,2020.0,20210530.0,18633.0,1845.0,"BUCKEYE PARTNERS, LP",HVL,INTRASTATE,TEXAS,13.44,5.181,1.242,2.893,5.678,13.634,,,
2/2/2026,2020.0,20210526.0,18629.0,1845.0,"BUCKEYE PARTNERS, LP",Refined and/or Petroleum Product (non-HVL),INTERSTATE,CONNECTICUT,89.767,15.045,15.264,46.135,20.158,92.365,,,
2/2/2026,2020.0,20210526.0,18629.0,1845.0,"BUCKEYE PARTNERS, LP",Refined and/or Petroleum Product (non-HVL),INTERSTATE,DELAWARE,3.079,0.0,0.0,0.212,0.401,3.079,,,
2/2/2026,2020.0,20210526.0,18629.0,1845.0,"BUCKEYE PARTNERS, LP",Refined and/or Petroleum Product (non-HVL),INTERSTATE,ILLINOIS,190.653,167.539,145.727,69.788,14.492,355.595,,,
2/2/2026,2020.0,20210526.0,18629.0,1845.0,"BUCKEYE PARTNERS, LP",Refined and/or Petroleum Product (non-HVL),INTERSTATE,INDIANA,337.109,328.852,213.735,219.627,1.579,573.726,,,
2/2/2026,2020.0,20210526.0,18629.0,1845.0,"BUCKEYE PARTNERS, LP",Refined and/or Petroleum Product (non-HVL),INTERSTATE,IOWA,20.1,60.597,26.809,25.913,2.198,97.809,,,
2/2/2026,2020.0,20210526.0,18629.0,1845.0,"BUCKEYE PARTNERS, LP",Refined and/or Petroleum Product (non-HVL),INTERSTATE,MAINE,26.117,35.718,11.159,9.591,4.54,51.222,,,
2/2/2026,2020.0,20210526.0,18629.0,1845.0,"BUCKEYE PARTNERS, LP",Refined and/or Petroleum Product (non-HVL),INTERSTATE,MASSACHUSETTS,20.984,0.958,4.778,6.727,1.854,20.984,,,
2/2/2026,2020.0,20210526.0,18629.0,1845.0,"BUCKEYE PARTNERS, LP",Refined and/or Petroleum Product (non-HVL),INTERSTATE,MICHIGAN,258.123,35.768,11.259,80.633,5.56,298.136,,,
2/2/2026,2020.0,20210526.0,18629.0,1845.0,"BUCKEYE PARTNERS, LP",Refined and/or Petroleum Product (non-HVL),INTERSTATE,MISSOURI,38.23,58.885,46.67,15.921,4.546,104.798,,,
2/2/2026,2020.0,20210526.0,18629.0,1845.0,"BUCKEYE PARTNERS, LP",Refined and/or Petroleum Product (non-HVL),INTERSTATE,NEW JERSEY,133.997,46.176,91.154,33.664,26.332,148.268,,,
2/2/2026,2020.0,20210526.0,18629.0,1845.0,"BUCKEYE PARTNERS, LP",Refined and/or Petroleum Product (non-HVL),INTERSTATE,NEW YORK,235.55,138.022,147.738,17.723,66.599,358.763,,,
2/2/2026,2020.0,20210526.0,18629.0,1845.0,"BUCKEYE PARTNERS, LP",Refined and/or Petroleum Product (non-HVL),INTERSTATE,OHIO,323.145,288.722,419.076,57.87,3.93,693.991,,,
2/2/2026,2020.0,20210526.0,18629.0,1845.0,"BUCKEYE PARTNERS, LP",Refined and/or Petroleum Product (non-HVL),INTERSTATE,PENNSYLVANIA,536.41,286.726,520.8,272.203,47.169,809.201,,,
2/2/2026,2020.0,20210526.0,18629.0,1845.0,"BUCKEYE PARTNERS, LP",Refined and/or Petroleum Product (non-HVL),INTRASTATE,ALABAMA,1.98,0.0,0.0,0.0,0.0,1.98,,,
2/2/2026,2020.0,20210526.0,18629.0,1845.0,"BUCKEYE PARTNERS, LP",Refined and/or Petroleum Product (non-HVL),INTRASTATE,IOWA,0.073,0.0,0.073,0.073,0.0,0.073,,,
2/2/2026,2020.0,20210526.0,18629.0,1845.0,"BUCKEYE PARTNERS, LP",Refined and/or Petroleum Product (non-HVL),INTRASTATE,NEW JERSEY,0.234,0.0,0.0,0.0,0.0,0.234,,,
2/2/2026,2020.0,20210526.0,18629.0,1845.0,"BUCKEYE PARTNERS, LP",Refined and/or Petroleum Product (non-HVL),INTRASTATE,TEXAS,1.617,0.095,0.0,1.42,0.0,1.617,,,
2/2/2026,2020.0,20210082.0,18141.0,1960.0,BUTTE PIPELINE CO,Crude Oil,INTERSTATE,MONTANA,0.0,1.0,0.0,0.0,0.0,1.0,,,
2/2/2026,2020.0,20210082.0,18141.0,1960.0,BUTTE PIPELINE CO,Crude Oil,INTERSTATE,WYOMING,0.0,13.0,10.0,3.0,0.0,16.0,,,
2/2/2026,2020.0,20210046.0,18101.0,2162.0,DOW PIPELINE CO - CAYUSE,HVL,INTERSTATE,LOUISIANA,17.23,19.87,0.0,0.0,5.37,39.07,,,
2/2/2026,2020.0,20210046.0,18101.0,2162.0,DOW PIPELINE CO - CAYUSE,HVL,INTERSTATE,TEXAS,9.99,16.44,0.0,3.01,1.07,25.07,,,
2/2/2026,2020.0,20210671.0,18782.0,2170.0,CENEX PIPELINE LLC,Refined and/or Petroleum Product (non-HVL),INTERSTATE,MONTANA,19.29,85.16,132.57,133.8,0.0,164.89,,,
2/2/2026,2020.0,20210671.0,18782.0,2170.0,CENEX PIPELINE LLC,Refined and/or Petroleum Product (non-HVL),INTERSTATE,NORTH DAKOTA,2.22,32.75,31.09,21.74,0.0,46.26,,,
2/2/2026,2020.0,20210313.0,18410.0,2190.0,CENTRAL FLORIDA PIPELINE CORP,Refined and/or Petroleum Product (non-HVL),INTRASTATE,FLORIDA,137.39,90.46,70.54,76.96,31.41,186.86,,,
2/2/2026,2020.0,20210641.0,18751.0,2387.0,CITGO PIPELINE CO,Crude Oil,INTERSTATE,LOUISIANA,5.883,3.98,6.359,3.146,1.252,12.031,,,
2/2/2026,2020.0,20210641.0,18751.0,2387.0,CITGO PIPELINE CO,Crude Oil,INTERSTATE,TEXAS,16.499,27.991,12.448,13.511,0.48,37.753,,,
2/2/2026,2020.0,20210664.0,18775.0,2552.0,COLONIAL PIPELINE CO,Refined and/or Petroleum Product (non-HVL),INTERSTATE,ALABAMA,58.29,250.59,111.6,317.24,129.3,376.71,,,
2/2/2026,2020.0,20210664.0,18775.0,2552.0,COLONIAL PIPELINE CO,Refined and/or Petroleum Product (non-HVL),INTERSTATE,DELAWARE,2.3,0.0,0.54,0.72,1.81,2.89,,,
2/2/2026,2020.0,20210664.0,18775.0,2552.0,COLONIAL PIPELINE CO,Refined and/or Petroleum Product (non-HVL),INTERSTATE,GEORGIA,667.8,522.06,485.28,668.31,66.01,850.01,,,
2/2/2026,2020.0,20210664.0,18775.0,2552.0,COLONIAL PIPELINE CO,Refined and/or Petroleum Product (non-HVL),INTERSTATE,LOUISIANA,160.45,287.32,233.4,201.76,281.83,363.76,,,
2/2/2026,2020.0,20210664.0,18775.0,2552.0,COLONIAL PIPELINE CO,Refined and/or Petroleum Product (non-HVL),INTERSTATE,MARYLAND,219.95,140.75,137.44,155.79,90.59,239.87,,,
2/2/2026,2020.0,20210664.0,18775.0,2552.0,COLONIAL PIPELINE CO,Refined and/or Petroleum Product (non-HVL),INTERSTATE,MISSISSIPPI,77.42,285.18,119.25,354.88,31.72,399.32,,,
2/2/2026,2020.0,20210664.0,18775.0,2552.0,COLONIAL PIPELINE CO,Refined and/or Petroleum Product (non-HVL),INTERSTATE,NEW JERSEY,150.47,56.64,96.81,64.81,85.99,154.74,,,
2/2/2026,2020.0,20210664.0,18775.0,2552.0,COLONIAL PIPELINE CO,Refined and/or Petroleum Product (non-HVL),INTERSTATE,NEW YORK,5.78,0.0,1.65,0.0,3.52,5.78,,,
2/2/2026,2020.0,20210664.0,18775.0,2552.0,COLONIAL PIPELINE CO,Refined and/or Petroleum Product (non-HVL),INTERSTATE,NORTH CAROLINA,371.84,379.05,452.34,335.57,62.92,558.2,,,
2/2/2026,2020.0,20210664.0,18775.0,2552.0,COLONIAL PIPELINE CO,Refined and/or Petroleum Product (non-HVL),INTERSTATE,PENNSYLVANIA,35.05,14.45,26.16,25.38,27.69,35.2,,,
2/2/2026,2020.0,20210664.0,18775.0,2552.0,COLONIAL PIPELINE CO,Refined and/or Petroleum Product (non-HVL),INTERSTATE,SOUTH CAROLINA,67.32,121.74,133.94,175.61,6.98,246.39,,,
2/2/2026,2020.0,20210664.0,18775.0,2552.0,COLONIAL PIPELINE CO,Refined and/or Petroleum Product (non-HVL),INTERSTATE,TENNESSEE,167.94,186.29,243.72,283.0,136.13,351.64,,,
2/2/2026,2020.0,20210664.0,18775.0,2552.0,COLONIAL PIPELINE CO,Refined and/or Petroleum Product (non-HVL),INTERSTATE,TEXAS,153.29,168.34,213.47,27.39,134.42,225.01,,,
2/2/2026,2020.0,20210664.0,18775.0,2552.0,COLONIAL PIPELINE CO,Refined and/or Petroleum Product (non-HVL),INTERSTATE,VIRGINIA,315.92,293.49,456.12,408.5,189.94,587.75,,,
2/2/2026,2020.0,20210664.0,18775.0,2552.0,COLONIAL PIPELINE CO,Refined and/or Petroleum Product (non-HVL),INTERSTATE,WASHINGTON DC,0.0,0.0,0.0,0.0,0.0,0.0,,,
2/2/2026,2020.0,20210096.0,18158.0,2714.0,"EASTERN GAS TRANSMISSION AND STORAGE, INC.",HVL,INTERSTATE,PENNSYLVANIA,0.0,52.331,52.331,52.331,52.331,52.331,,,
2/2/2026,2020.0,20210096.0,18158.0,2714.0,"EASTERN GAS TRANSMISSION AND STORAGE, INC.",HVL,INTERSTATE,WEST VIRGINIA,0.0,18.455,18.455,18.455,18.455,18.455,,,
2/2/2026,2020.0,20210096.0,18158.0,2714.0,"EASTERN GAS TRANSMISSION AND STORAGE, INC.",HVL,INTRASTATE,WEST VIRGINIA,0.0,7.614,7.614,7.614,7.614,7.614,,,
2/2/2026,2020.0,20210097.0,18159.0,2714.0,"EASTERN GAS TRANSMISSION AND STORAGE, INC.",Refined and/or Petroleum Product (non-HVL),INTRASTATE,WEST VIRGINIA,0.0,29.117,29.117,29.117,29.117,29.117,,,
2/2/2026,2020.0,20210265.0,18362.0,2731.0,CHEVRON PIPE LINE CO,CO2,INTERSTATE,COLORADO,0.0,0.0,0.0,0.0,0.0,0.0,0.0,0.0,0.0
2/2/2026,2020.0,20210265.0,18362.0,2731.0,CHEVRON PIPE LINE CO,CO2,INTERSTATE,UTAH,0.0,0.0,0.0,6.62,0.0,6.62,,,
2/2/2026,2020.0,20210265.0,18362.0,2731.0,CHEVRON PIPE LINE CO,CO2,INTERSTATE,WYOMING,0.0,0.0,0.0,0.0,0.0,0.0,0.0,0.0,0.0
2/2/2026,2020.0,20210233.0,18948.0,2731.0,CHEVRON PIPE LINE CO,Crude Oil,INTERSTATE,COLORADO,0.0,0.0,0.0,0.0,0.0,0.0,0.0,0.0,0.0
2/2/2026,2020.0,20210233.0,18948.0,2731.0,CHEVRON PIPE LINE CO,Crude Oil,INTERSTATE,LOUISIANA,0.0,8.0,0.0,35.9,4.1,43.9,0.0,0.0,0.0
2/2/2026,2020.0,20210233.0,18948.0,2731.0,CHEVRON PIPE LINE CO,Crude Oil,INTERSTATE,MISSISSIPPI,0.0,0.0,0.0,40.9,0.0,40.9,,0.0,0.0
2/2/2026,2020.0,20210233.0,18948.0,2731.0,CHEVRON PIPE LINE CO,Crude Oil,INTERSTATE,OCS-Gulf of Mexico,0.0,0.0,0.0,0.0,0.0,0.0,11.1,0.0,11.1
2/2/2026,2020.0,20210233.0,18948.0,2731.0,CHEVRON PIPE LINE CO,Crude Oil,INTERSTATE,UTAH,18.0,83.9,144.2,56.4,0.0,165.1,0.0,0.0,0.0
2/2/2026,2020.0,20210233.0,18948.0,2731.0,CHEVRON PIPE LINE CO,Crude Oil,INTRASTATE,CALIFORNIA,37.8,2.1,10.1,3.4,0.0,37.8,0.0,0.0,0.0
2/2/2026,2020.0,20210249.0,18346.0,2731.0,CHEVRON PIPE LINE CO,HVL,INTRASTATE,LOUISIANA,0.0,3.0,0.0,0.9,0.02,3.92,0.0,0.0,0.0
2/2/2026,2020.0,20210249.0,18346.0,2731.0,CHEVRON PIPE LINE CO,HVL,INTRASTATE,TEXAS,242.0,290.1,46.8,105.8,37.0,628.5,,,
2/2/2026,2020.0,20210266.0,18970.0,2731.0,CHEVRON PIPE LINE CO,Refined and/or Petroleum Product (non-HVL),INTRASTATE,CALIFORNIA,175.0,30.54,129.9,134.5,8.76,220.582,,,
2/2/2026,2020.0,20210266.0,18970.0,2731.0,CHEVRON PIPE LINE CO,Refined and/or Petroleum Product (non-HVL),INTRASTATE,UTAH,2.7,0.0,2.7,0.0,0.0,2.7,,0.0,0.0
2/2/2026,2020.0,20210525.0,18628.0,2767.0,"HARVEST ALASKA, LLC",Crude Oil,INTERSTATE,ALASKA,,35.77,30.92,30.65,2.71,43.98,5.96,10.71,10.71
2/2/2026,2020.0,20210525.0,18628.0,2767.0,"HARVEST ALASKA, LLC",Crude Oil,INTRASTATE,ALASKA,,19.53,0.95,11.56,2.72,29.45,20.92,20.92,20.92
2/2/2026,2020.0,20210704.0,18837.0,3345.0,DEVON ENERGY PRODUCTION CO. LP,CO2,INTRASTATE,WYOMING,,,,2.2,,2.2,,,
2/2/2026,2020.0,20210436.0,18538.0,3445.0,DIXIE PIPELINE COMPANY LLC,HVL,INTERSTATE,ALABAMA,23.29,69.063,0.0,116.021,2.988,144.421,,,
2/2/2026,2020.0,20210436.0,18538.0,3445.0,DIXIE PIPELINE COMPANY LLC,HVL,INTERSTATE,GEORGIA,17.623,80.387,0.0,74.775,0.596,136.508,,,
2/2/2026,2020.0,20210436.0,18538.0,3445.0,DIXIE PIPELINE COMPANY LLC,HVL,INTERSTATE,LOUISIANA,32.592,46.803,0.0,37.104,23.13,99.048,,,
2/2/2026,2020.0,20210436.0,18538.0,3445.0,DIXIE PIPELINE COMPANY LLC,HVL,INTERSTATE,MISSISSIPPI,19.656,18.412,0.0,66.724,0.0,67.609,,,
2/2/2026,2020.0,20210436.0,18538.0,3445.0,DIXIE PIPELINE COMPANY LLC,HVL,INTERSTATE,NORTH CAROLINA,1.924,52.525,0.0,47.263,0.0,74.214,,,
2/2/2026,2020.0,20210436.0,18538.0,3445.0,DIXIE PIPELINE COMPANY LLC,HVL,INTERSTATE,SOUTH CAROLINA,54.971,24.585,0.0,58.344,0.0,102.151,,,
2/2/2026,2020.0,20210436.0,18538.0,3445.0,DIXIE PIPELINE COMPANY LLC,HVL,INTERSTATE,TEXAS,16.868,33.771,0.0,11.033,2.643,39.948,,,
2/2/2026,2020.0,20210031.0,18086.0,3527.0,DOW PIPELINE CO,HVL,INTRASTATE,TEXAS,108.0,145.32,0.0,74.15,21.33,283.85,,,
2/2/2026,2020.0,20210034.0,18089.0,3535.0,DOW PIPELINE CO,HVL,INTRASTATE,LOUISIANA,25.96,6.48,0.0,8.32,1.25,39.51,,,
2/2/2026,2020.0,20210311.0,18408.0,4280.0,EL PASO NATURAL GAS CO,Crude Oil,INTRASTATE,CALIFORNIA,0.0,0.0,0.0,0.0,0.0,0.0,,,
2/2/2026,2020.0,20210557.0,18932.0,4430.0,VALERO TERMINALING AND DISTRIBUTION COMPANY,Crude Oil,INTERSTATE,ILLINOIS,0.0,0.63,0.0,0.0,0.0,0.63,,,
2/2/2026,2020.0,20210557.0,18932.0,4430.0,VALERO TERMINALING AND DISTRIBUTION COMPANY,Crude Oil,INTERSTATE,TENNESSEE,0.15,0.23,0.0,0.13,0.0,0.24,,,
2/2/2026,2020.0,20210557.0,18932.0,4430.0,VALERO TERMINALING AND DISTRIBUTION COMPANY,Crude Oil,INTRASTATE,TEXAS,0.99,3.05,2.48,1.28,1.29,4.44,,,
2/2/2026,2020.0,20210576.0,18683.0,4430.0,VALERO TERMINALING AND DISTRIBUTION COMPANY,HVL,INTERSTATE,TEXAS,0.0,0.0,0.0,0.0,0.0,0.0,,,
2/2/2026,2020.0,20210576.0,18683.0,4430.0,VALERO TERMINALING AND DISTRIBUTION COMPANY,HVL,INTRASTATE,TEXAS,0.08,25.2,5.28,0.0,0.8,31.09,,,
2/2/2026,2020.0,20210574.0,18681.0,4430.0,VALERO TERMINALING AND DISTRIBUTION COMPANY,Refined and/or Petroleum Product (non-HVL),INTERSTATE,ILLINOIS,10.68,0.29,3.35,1.01,1.78,10.68,,,
2/2/2026,2020.0,20210574.0,18681.0,4430.0,VALERO TERMINALING AND DISTRIBUTION COMPANY,Refined and/or Petroleum Product (non-HVL),INTERSTATE,INDIANA,3.16,0.0,0.89,0.0,0.0,3.16,,,
2/2/2026,2020.0,20210574.0,18681.0,4430.0,VALERO TERMINALING AND DISTRIBUTION COMPANY,Refined and/or Petroleum Product (non-HVL),INTRASTATE,TENNESSEE,0.45,0.26,0.0,0.26,0.26,0.45,,,
2/2/2026,2020.0,20210574.0,18681.0,4430.0,VALERO TERMINALING AND DISTRIBUTION COMPANY,Refined and/or Petroleum Product (non-HVL),INTRASTATE,TEXAS,0.0,5.17,0.0,0.47,0.0,5.38,,,
2/2/2026,2020.0,20210186.0,18275.0,4461.0,"EOG RESOURCES, INC",Crude Oil,INTRASTATE,TEXAS,0.0,3.3,1.63,1.7,0.0,5.25,,,
2/2/2026,2020.0,20210439.0,18541.0,4472.0,CYPRESS INTERSTATE PIPELINE LLC,HVL,INTERSTATE,LOUISIANA,6.01,5.86,0.0,0.0,14.3,18.63,,,
2/2/2026,2020.0,20210439.0,18541.0,4472.0,CYPRESS INTERSTATE PIPELINE LLC,HVL,INTERSTATE,TEXAS,22.92,43.07,0.0,4.86,9.26,47.9,,,
2/2/2026,2020.0,20210374.0,18471.0,4805.0,EXPLORER PIPELINE CO,Refined and/or Petroleum Product (non-HVL),INTERSTATE,ILLINOIS,150.46,221.61,217.88,125.56,110.12,280.11,,,
2/2/2026,2020.0,20210374.0,18471.0,4805.0,EXPLORER PIPELINE CO,Refined and/or Petroleum Product (non-HVL),INTERSTATE,INDIANA,41.04,26.68,26.68,39.07,41.04,41.1,,,
2/2/2026,2020.0,20210374.0,18471.0,4805.0,EXPLORER PIPELINE CO,Refined and/or Petroleum Product (non-HVL),INTERSTATE,MISSOURI,78.62,151.91,115.62,247.34,75.42,288.81,,,
2/2/2026,2020.0,20210374.0,18471.0,4805.0,EXPLORER PIPELINE CO,Refined and/or Petroleum Product (non-HVL),INTERSTATE,OKLAHOMA,49.33,192.22,160.11,66.22,65.05,235.34,,,
2/2/2026,2020.0,20210374.0,18471.0,4805.0,EXPLORER PIPELINE CO,Refined and/or Petroleum Product (non-HVL),INTERSTATE,TEXAS,462.8,611.46,521.08,542.43,151.74,819.6,,,
2/2/2026,2020.0,20210637.0,18930.0,4906.0,EXXONMOBIL PIPELINE CO,Crude Oil,INTERSTATE,LOUISIANA,58.23,66.82,82.24,49.56,39.94,148.6,0.0,0.0,0.0
2/2/2026,2020.0,20210637.0,18930.0,4906.0,EXXONMOBIL PIPELINE CO,Crude Oil,INTERSTATE,NEW MEXICO,0.0,0.0,0.0,0.0,0.0,0.0,0.0,0.0,0.0
2/2/2026,2020.0,20210637.0,18930.0,4906.0,EXXONMOBIL PIPELINE CO,Crude Oil,INTERSTATE,OCS-Gulf of Mexico,0.0,0.0,0.0,0.0,0.0,0.0,0.0,0.0,0.0
2/2/2026,2020.0,20210637.0,18930.0,4906.0,EXXONMOBIL PIPELINE CO,Crude Oil,INTERSTATE,TEXAS,49.35,45.22,60.36,37.42,25.39,93.16,4.14,14.43,14.43
2/2/2026,2020.0,20210637.0,18930.0,4906.0,EXXONMOBIL PIPELINE CO,Crude Oil,INTRASTATE,MONTANA,24.52,40.69,40.83,21.49,0.0,63.2,0.0,0.0,0.0
2/2/2026,2020.0,20210637.0,18930.0,4906.0,EXXONMOBIL PIPELINE CO,Crude Oil,INTRASTATE,TEXAS,0.0,0.0,0.0,0.0,0.0,0.0,0.0,0.0,0.0
2/2/2026,2020.0,20210606.0,18714.0,4906.0,EXXONMOBIL PIPELINE CO,HVL,INTRASTATE,LOUISIANA,286.55,187.12,94.11,34.36,38.11,461.94,,,
2/2/2026,2020.0,20210606.0,18714.0,4906.0,EXXONMOBIL PIPELINE CO,HVL,INTRASTATE,TEXAS,309.95,271.23,257.31,94.78,49.16,545.41,,,
2/2/2026,2020.0,20210617.0,18726.0,4906.0,EXXONMOBIL PIPELINE CO,Refined and/or Petroleum Product (non-HVL),INTERSTATE,ILLINOIS,0.0,0.0,0.0,0.0,0.0,0.0,,,
2/2/2026,2020.0,20210617.0,18726.0,4906.0,EXXONMOBIL PIPELINE CO,Refined and/or Petroleum Product (non-HVL),INTERSTATE,LOUISIANA,9.35,5.01,2.93,4.75,5.2,16.37,,,
2/2/2026,2020.0,20210617.0,18726.0,4906.0,EXXONMOBIL PIPELINE CO,Refined and/or Petroleum Product (non-HVL),INTERSTATE,TEXAS,24.42,8.73,23.54,0.0,8.87,24.99,,,
2/2/2026,2020.0,20210617.0,18726.0,4906.0,EXXONMOBIL PIPELINE CO,Refined and/or Petroleum Product (non-HVL),INTERSTATE,WASHINGTON,0.0,0.0,0.0,0.0,0.0,0.0,,,
2/2/2026,2020.0,20210617.0,18726.0,4906.0,EXXONMOBIL PIPELINE CO,Refined and/or Petroleum Product (non-HVL),INTRASTATE,LOUISIANA,3.63,1.28,0.31,0.31,0.31,4.04,,,
2/2/2026,2020.0,20210617.0,18726.0,4906.0,EXXONMOBIL PIPELINE CO,Refined and/or Petroleum Product (non-HVL),INTRASTATE,TEXAS,173.69,115.82,65.03,54.19,7.31,338.68,,,
2/2/2026,2020.0,20210646.0,18756.0,4908.0,"EXXONMOBIL PRODUCTION COMPANY, A DIVISION OF EXXON MOBIL CORPORATION",CO2,INTRASTATE,WYOMING,,12.0,,,,12.0,,,
2/2/2026,2020.0,20210383.0,18482.0,4908.0,"EXXONMOBIL PRODUCTION COMPANY, A DIVISION OF EXXON MOBIL CORPORATION",Crude Oil,INTERSTATE,CALIFORNIA,,,,1.15,1.15,1.15,5.05,5.05,5.05
2/2/2026,2020.0,20210383.0,18482.0,4908.0,"EXXONMOBIL PRODUCTION COMPANY, A DIVISION OF EXXON MOBIL CORPORATION",Crude Oil,INTERSTATE,OCS-Pacific,,,,,,,4.63,4.63,4.63
2/2/2026,2020.0,20210081.0,18931.0,5081.0,"COFFEYVILLE RESOURCES CRUDE TRANSPORTATION, LLC",Crude Oil,INTERSTATE,KANSAS,0.0,28.08,124.62,53.76,0.0,129.47,,,
2/2/2026,2020.0,20210081.0,18931.0,5081.0,"COFFEYVILLE RESOURCES CRUDE TRANSPORTATION, LLC",Crude Oil,INTERSTATE,OKLAHOMA,0.0,10.51,24.25,1.74,0.0,25.99,,,
2/2/2026,2020.0,20210081.0,18931.0,5081.0,"COFFEYVILLE RESOURCES CRUDE TRANSPORTATION, LLC",Crude Oil,INTRASTATE,KANSAS,0.0,3.82,9.26,0.0,0.0,9.41,,,
2/2/2026,2020.0,20210081.0,18931.0,5081.0,"COFFEYVILLE RESOURCES CRUDE TRANSPORTATION, LLC",Crude Oil,INTRASTATE,OKLAHOMA,0.0,21.89,18.09,8.0,0.0,42.18,,,
2/2/2026,2020.0,20210341.0,18438.0,6911.0,GULF STATE PIPELINE CO INC,Refined and/or Petroleum Product (non-HVL),INTRASTATE,TEXAS,3.0,0.1,7.0,0.3,0.0,7.4,,,
2/2/2026,2020.0,20210351.0,18448.0,7063.0,HARBOR PIPELINE CO,Refined and/or Petroleum Product (non-HVL),INTERSTATE,NEW JERSEY,76.9,10.8,48.4,25.3,19.7,78.4,,,
2/2/2026,2020.0,20210246.0,18342.0,7660.0,HUNT CRUDE OIL SUPPLY CO,Crude Oil,INTERSTATE,ALABAMA,1.19,4.24,0.0,0.0,43.37,46.94,,,
2/2/2026,2020.0,20210246.0,18342.0,7660.0,HUNT CRUDE OIL SUPPLY CO,Crude Oil,INTERSTATE,MISSISSIPPI,0.0,3.0,1.42,11.22,,15.64,,,
2/2/2026,2020.0,20210246.0,18342.0,7660.0,HUNT CRUDE OIL SUPPLY CO,Crude Oil,INTRASTATE,ALABAMA,0.0,1.05,0.45,0.0,0.26,1.76,,,
2/2/2026,2020.0,20210152.0,18224.0,8014.0,IDAHO PIPELINE CORP,Refined and/or Petroleum Product (non-HVL),INTRASTATE,IDAHO,2.32,,0.0,0.0,0.0,2.32,,,
2/2/2026,2020.0,20210115.0,20926.0,8175.0,INTERSTATE STORAGE & PIPELINE C0,Refined and/or Petroleum Product (non-HVL),INTRASTATE,NEW JERSEY,0.0,5.22,4.68,2.12,0.0,7.34,,,
2/2/2026,2020.0,20210705.0,18844.0,9175.0,JAYHAWK PIPELINE LLC,Crude Oil,INTERSTATE,KANSAS,9.16,37.9,111.51,61.29,0.0,147.28,,,
2/2/2026,2020.0,20210705.0,18844.0,9175.0,JAYHAWK PIPELINE LLC,Crude Oil,INTERSTATE,NEBRASKA,0.0,11.56,12.21,10.99,0.0,12.22,,,
2/2/2026,2020.0,20210705.0,18844.0,9175.0,JAYHAWK PIPELINE LLC,Crude Oil,INTERSTATE,OKLAHOMA,0.0,0.0,0.0,14.84,0.0,14.84,,,
2/2/2026,2020.0,20210705.0,18844.0,9175.0,JAYHAWK PIPELINE LLC,Crude Oil,INTERSTATE,TEXAS,0.0,0.0,0.0,2.98,0.0,2.98,,,
2/2/2026,2020.0,20210705.0,18844.0,9175.0,JAYHAWK PIPELINE LLC,Crude Oil,INTRASTATE,KANSAS,0.0,4.51,73.56,3.19,0.0,77.63,,,
2/2/2026,2020.0,20210657.0,18767.0,10012.0,NUSTAR PIPELINE OPERATING PARTNERSHIP L.P.,HVL,INTERSTATE,ARKANSAS,16.8,180.7,59.1,179.1,46.4,239.1,,,
2/2/2026,2020.0,20210657.0,18767.0,10012.0,NUSTAR PIPELINE OPERATING PARTNERSHIP L.P.,HVL,INTERSTATE,ILLINOIS,13.7,115.1,13.3,82.9,5.9,142.7,,,
2/2/2026,2020.0,20210657.0,18767.0,10012.0,NUSTAR PIPELINE OPERATING PARTNERSHIP L.P.,HVL,INTERSTATE,INDIANA,12.2,127.7,7.7,90.6,0.0,144.4,,,
2/2/2026,2020.0,20210657.0,18767.0,10012.0,NUSTAR PIPELINE OPERATING PARTNERSHIP L.P.,HVL,INTERSTATE,IOWA,0.0,310.1,3.7,129.5,12.4,348.8,,,
2/2/2026,2020.0,20210657.0,18767.0,10012.0,NUSTAR PIPELINE OPERATING PARTNERSHIP L.P.,HVL,INTERSTATE,KANSAS,0.0,47.3,35.8,0.0,0.0,52.2,,,
2/2/2026,2020.0,20210657.0,18767.0,10012.0,NUSTAR PIPELINE OPERATING PARTNERSHIP L.P.,HVL,INTERSTATE,LOUISIANA,26.5,211.7,10.1,140.4,86.3,282.4,,,
2/2/2026,2020.0,20210657.0,18767.0,10012.0,NUSTAR PIPELINE OPERATING PARTNERSHIP L.P.,HVL,INTERSTATE,MISSOURI,49.2,260.0,10.4,264.2,64.0,360.7,,,
2/2/2026,2020.0,20210657.0,18767.0,10012.0,NUSTAR PIPELINE OPERATING PARTNERSHIP L.P.,HVL,INTERSTATE,NEBRASKA,0.0,116.7,57.7,198.5,10.3,258.4,,,
2/2/2026,2020.0,20210657.0,18767.0,10012.0,NUSTAR PIPELINE OPERATING PARTNERSHIP L.P.,HVL,INTERSTATE,SOUTH DAKOTA,0.0,2.2,0.5,0.7,0.6,2.2,,,
2/2/2026,2020.0,20210658.0,18768.0,10012.0,NUSTAR PIPELINE OPERATING PARTNERSHIP L.P.,Refined and/or Petroleum Product (non-HVL),INTERSTATE,IOWA,22.2,76.2,48.9,21.7,22.9,97.6,,,
2/2/2026,2020.0,20210658.0,18768.0,10012.0,NUSTAR PIPELINE OPERATING PARTNERSHIP L.P.,Refined and/or Petroleum Product (non-HVL),INTERSTATE,KANSAS,14.9,142.2,187.6,9.5,0.0,259.5,,,
2/2/2026,2020.0,20210658.0,18768.0,10012.0,NUSTAR PIPELINE OPERATING PARTNERSHIP L.P.,Refined and/or Petroleum Product (non-HVL),INTERSTATE,MINNESOTA,45.9,50.3,135.9,59.2,6.9,160.3,,,
2/2/2026,2020.0,20210658.0,18768.0,10012.0,NUSTAR PIPELINE OPERATING PARTNERSHIP L.P.,Refined and/or Petroleum Product (non-HVL),INTERSTATE,NEBRASKA,0.0,95.2,104.6,315.6,15.3,389.2,,,
2/2/2026,2020.0,20210658.0,18768.0,10012.0,NUSTAR PIPELINE OPERATING PARTNERSHIP L.P.,Refined and/or Petroleum Product (non-HVL),INTERSTATE,NORTH DAKOTA,17.4,17.1,16.6,4.6,0.0,36.7,,,
2/2/2026,2020.0,20210658.0,18768.0,10012.0,NUSTAR PIPELINE OPERATING PARTNERSHIP L.P.,Refined and/or Petroleum Product (non-HVL),INTERSTATE,SOUTH DAKOTA,3.0,30.9,18.0,14.6,8.3,48.3,,,
2/2/2026,2020.0,20210658.0,18768.0,10012.0,NUSTAR PIPELINE OPERATING PARTNERSHIP L.P.,Refined and/or Petroleum Product (non-HVL),INTRASTATE,WYOMING,0.0,4.2,0.0,0.0,0.0,4.2,,,
2/2/2026,2020.0,20210284.0,18381.0,10250.0,KIANTONE PIPELINE CORP,Crude Oil,INTERSTATE,NEW YORK,28.83,45.97,44.6,26.84,23.22,50.47,,,
2/2/2026,2020.0,20210284.0,18381.0,10250.0,KIANTONE PIPELINE CORP,Crude Oil,INTERSTATE,PENNSYLVANIA,0.0,7.45,7.36,9.95,0.0,9.95,,,
2/2/2026,2020.0,20210285.0,18382.0,10250.0,KIANTONE PIPELINE CORP,Refined and/or Petroleum Product (non-HVL),INTRASTATE,PENNSYLVANIA,0.0,1.38,2.12,3.24,0.0,3.24,,,
2/2/2026,2020.0,20210339.0,18436.0,10346.0,KUPARUK TRANSPORTATION CO,Crude Oil,INTERSTATE,ALASKA,0.0,2.227,0.0,36.867,0.0,36.867,,,
2/2/2026,2020.0,20210067.0,18124.0,11032.0,SPIRE MISSOURI INC. EAST,HVL,INTERSTATE,ILLINOIS,0.0,5.911,0.0,10.0,10.94,26.851,,,
2/2/2026,2020.0,20210067.0,18124.0,11032.0,SPIRE MISSOURI INC. EAST,HVL,INTERSTATE,MISSOURI,1.965,0.0,0.0,11.226,0.0,13.191,,,
2/2/2026,2020.0,20210290.0,18387.0,11169.0,"ENBRIDGE ENERGY, LIMITED PARTNERSHIP",Crude Oil,INTERSTATE,ILLINOIS,185.99,200.91,80.63,35.2,14.91,339.47,,,
2/2/2026,2020.0,20210290.0,18387.0,11169.0,"ENBRIDGE ENERGY, LIMITED PARTNERSHIP",Crude Oil,INTERSTATE,INDIANA,64.24,51.66,23.52,14.97,0.0,105.06,,,
2/2/2026,2020.0,20210290.0,18387.0,11169.0,"ENBRIDGE ENERGY, LIMITED PARTNERSHIP",Crude Oil,INTERSTATE,MICHIGAN,47.89,461.39,112.38,155.9,61.44,531.82,,,
2/2/2026,2020.0,20210290.0,18387.0,11169.0,"ENBRIDGE ENERGY, LIMITED PARTNERSHIP",Crude Oil,INTERSTATE,MINNESOTA,0.0,440.91,201.79,9.22,0.0,559.89,,,
2/2/2026,2020.0,20210290.0,18387.0,11169.0,"ENBRIDGE ENERGY, LIMITED PARTNERSHIP",Crude Oil,INTERSTATE,NEW YORK,23.52,3.4,6.38,7.35,5.29,26.52,,,
2/2/2026,2020.0,20210290.0,18387.0,11169.0,"ENBRIDGE ENERGY, LIMITED PARTNERSHIP",Crude Oil,INTERSTATE,NORTH DAKOTA,0.0,6.13,41.34,0.0,0.0,41.35,,,
2/2/2026,2020.0,20210290.0,18387.0,11169.0,"ENBRIDGE ENERGY, LIMITED PARTNERSHIP",Crude Oil,INTERSTATE,WISCONSIN,30.09,485.34,146.54,252.7,69.62,583.97,,,
2/2/2026,2020.0,20210288.0,18385.0,11169.0,"ENBRIDGE ENERGY, LIMITED PARTNERSHIP",HVL,INTERSTATE,MINNESOTA,0.0,131.86,42.56,2.79,0.0,155.9,,,
2/2/2026,2020.0,20210288.0,18385.0,11169.0,"ENBRIDGE ENERGY, LIMITED PARTNERSHIP",HVL,INTERSTATE,NORTH DAKOTA,0.0,2.71,8.57,0.0,0.0,8.57,,,
2/2/2026,2020.0,20210288.0,18385.0,11169.0,"ENBRIDGE ENERGY, LIMITED PARTNERSHIP",HVL,INTERSTATE,WISCONSIN,4.13,8.34,2.42,5.32,7.3,9.78,,,
2/2/2026,2020.0,20210501.0,18604.0,11272.0,LAVACA PIPELINE CO,HVL,INTRASTATE,TEXAS,,4.07,0.0,0.0,0.0,4.07,,,
2/2/2026,2020.0,20210502.0,18605.0,11272.0,LAVACA PIPELINE CO,Refined and/or Petroleum Product (non-HVL),INTRASTATE,TEXAS,,5.08,,,,5.08,,,
2/2/2026,2020.0,20210403.0,18503.0,11551.0,"DELEK LOGISTICS OPERATING, LLC.",Crude Oil,INTERSTATE,ARKANSAS,0.0,0.0,0.0,0.0,0.0,0.0,,,
2/2/2026,2020.0,20210403.0,18503.0,11551.0,"DELEK LOGISTICS OPERATING, LLC.",Crude Oil,INTERSTATE,LOUISIANA,8.5,16.4,15.44,0.0,1.21,22.36,,,
2/2/2026,2020.0,20210403.0,18503.0,11551.0,"DELEK LOGISTICS OPERATING, LLC.",Crude Oil,INTRASTATE,ARKANSAS,0.0,23.17,10.74,1.42,2.31,29.5,,,
2/2/2026,2020.0,20210403.0,18503.0,11551.0,"DELEK LOGISTICS OPERATING, LLC.",Crude Oil,INTRASTATE,TEXAS,26.89,35.95,29.36,32.05,6.08,64.39,,,
2/2/2026,2020.0,20210404.0,18504.0,11551.0,"DELEK LOGISTICS OPERATING, LLC.",Refined and/or Petroleum Product (non-HVL),INTRASTATE,ARKANSAS,0.0,13.26,11.31,9.33,4.06,27.42,,,
2/2/2026,2020.0,20210564.0,18670.0,11733.0,LOOP LLC,Crude Oil,INTERSTATE,LOUISIANA,0.0,18.13,5.59,16.94,18.61,35.33,3.67,0.0,3.67
2/2/2026,2020.0,20210564.0,18670.0,11733.0,LOOP LLC,Crude Oil,INTERSTATE,OCS-Gulf of Mexico,,,,,,,0.41,0.0,0.41
2/2/2026,2020.0,20210565.0,18671.0,11733.0,LOOP LLC,Refined and/or Petroleum Product (non-HVL),INTERSTATE,LOUISIANA,0.0,0.0,0.0,1.63,0.0,1.63,3.51,0.0,3.51
2/2/2026,2020.0,20210565.0,18671.0,11733.0,LOOP LLC,Refined and/or Petroleum Product (non-HVL),INTERSTATE,OCS-Gulf of Mexico,,,,,,,0.42,0.0,0.42
2/2/2026,2020.0,20210352.0,18801.0,12470.0,MID - VALLEY PIPELINE CO,Crude Oil,INTERSTATE,ARKANSAS,0.0,0.0,0.0,0.0,0.0,0.0,,,
2/2/2026,2020.0,20210352.0,18801.0,12470.0,MID - VALLEY PIPELINE CO,Crude Oil,INTERSTATE,KENTUCKY,39.4,33.5,63.6,109.0,51.8,151.3,,,
2/2/2026,2020.0,20210352.0,18801.0,12470.0,MID - VALLEY PIPELINE CO,Crude Oil,INTERSTATE,LOUISIANA,0.0,25.7,43.2,49.1,7.3,90.5,,,
2/2/2026,2020.0,20210352.0,18801.0,12470.0,MID - VALLEY PIPELINE CO,Crude Oil,INTERSTATE,MICHIGAN,6.4,3.8,0.0,2.9,0.0,6.8,,,
2/2/2026,2020.0,20210352.0,18801.0,12470.0,MID - VALLEY PIPELINE CO,Crude Oil,INTERSTATE,MISSISSIPPI,0.0,14.5,4.4,57.3,13.0,77.5,,,
2/2/2026,2020.0,20210352.0,18801.0,12470.0,MID - VALLEY PIPELINE CO,Crude Oil,INTERSTATE,OHIO,73.5,99.9,132.6,55.4,6.7,180.9,,,
2/2/2026,2020.0,20210352.0,18801.0,12470.0,MID - VALLEY PIPELINE CO,Crude Oil,INTERSTATE,TENNESSEE,9.9,40.4,52.1,70.6,25.1,111.7,,,
2/2/2026,2020.0,20210352.0,18801.0,12470.0,MID - VALLEY PIPELINE CO,Crude Oil,INTERSTATE,TEXAS,12.2,11.1,30.6,5.7,0.0,31.3,,,
2/2/2026,2020.0,20210590.0,18697.0,12624.0,EXXONMOBIL OIL CORPORATION,Crude Oil,INTRASTATE,TEXAS,5.84,4.73,5.84,0.0,1.12,5.84,,,
2/2/2026,2020.0,20210594.0,18702.0,12624.0,EXXONMOBIL OIL CORPORATION,HVL,INTRASTATE,TEXAS,27.96,45.86,16.94,0.0,0.0,80.11,,,
2/2/2026,2020.0,20210592.0,18699.0,12624.0,EXXONMOBIL OIL CORPORATION,Refined and/or Petroleum Product (non-HVL),INTRASTATE,TEXAS,17.16,8.7,16.28,0.0,0.05,18.3,,,
2/2/2026,2020.0,20210596.0,20038.0,12628.0,MOBIL  PIPE  LINE COMPANY,Crude Oil,INTERSTATE,ILLINOIS,20.63,19.61,7.99,5.81,15.93,21.05,,,
2/2/2026,2020.0,20210596.0,20038.0,12628.0,MOBIL  PIPE  LINE COMPANY,Crude Oil,INTRASTATE,TEXAS,0.0,0.0,0.0,0.0,0.0,0.0,,,
2/2/2026,2020.0,20210599.0,18707.0,12628.0,MOBIL  PIPE  LINE COMPANY,HVL,INTRASTATE,TEXAS,16.87,51.5,34.55,3.58,9.77,90.51,,,
2/2/2026,2020.0,20210597.0,18705.0,12628.0,MOBIL  PIPE  LINE COMPANY,Refined and/or Petroleum Product (non-HVL),INTRASTATE,ILLINOIS,3.28,2.01,1.57,3.28,2.01,3.28,,,
2/2/2026,2020.0,20210589.0,18696.0,12634.0,EXXONMOBIL OIL CORPORATION,HVL,INTRASTATE,TEXAS,36.67,38.22,25.04,1.45,0.9,61.01,,,
2/2/2026,2020.0,20210330.0,18427.0,12913.0,SUPERIOR REFINING COMPANY LLC,Refined and/or Petroleum Product (non-HVL),INTRASTATE,WISCONSIN,5.44,4.52,3.68,1.13,4.08,5.568,,,
2/2/2026,2020.0,20210321.0,18808.0,14145.0,"ENLINK OHIO RIVER VALLEY PIPELINE, LLC",Crude Oil,INTERSTATE,OHIO,,0.328,,,1.447,1.774,,,
2/2/2026,2020.0,20210069.0,18127.0,14194.0,"OILTANKING, HOUSTON LP",Refined and/or Petroleum Product (non-HVL),INTRASTATE,TEXAS,5.28,,,,,5.28,,,
2/2/2026,2020.0,20210545.0,18649.0,14391.0,"OSAGE PIPE LINE COMPANY, LLC",Crude Oil,INTERSTATE,KANSAS,,18.82,32.66,4.28,,35.65,,,
2/2/2026,2020.0,20210545.0,18649.0,14391.0,"OSAGE PIPE LINE COMPANY, LLC",Crude Oil,INTERSTATE,OKLAHOMA,,26.63,10.88,23.99,,37.6,,,
2/2/2026,2020.0,20210586.0,18693.0,15156.0,SINCLAIR TRANSPORTATION COMPANY,Crude Oil,INTERSTATE,COLORADO,2.37,9.04,0.57,2.37,0.0,9.04,,,
2/2/2026,2020.0,20210586.0,18693.0,15156.0,SINCLAIR TRANSPORTATION COMPANY,Crude Oil,INTERSTATE,WYOMING,33.43,121.91,102.06,64.4,0.0,174.41,,,
2/2/2026,2020.0,20210586.0,18693.0,15156.0,SINCLAIR TRANSPORTATION COMPANY,Crude Oil,INTRASTATE,WYOMING,2.93,23.37,9.94,9.94,0.0,37.27,,,
2/2/2026,2020.0,20210478.0,18580.0,15156.0,SINCLAIR TRANSPORTATION COMPANY,Refined and/or Petroleum Product (non-HVL),INTERSTATE,COLORADO,66.89,77.2,24.44,46.8,0.0,96.81,,,
2/2/2026,2020.0,20210478.0,18580.0,15156.0,SINCLAIR TRANSPORTATION COMPANY,Refined and/or Petroleum Product (non-HVL),INTERSTATE,IOWA,,3.56,2.79,5.25,3.16,5.94,,,
2/2/2026,2020.0,20210478.0,18580.0,15156.0,SINCLAIR TRANSPORTATION COMPANY,Refined and/or Petroleum Product (non-HVL),INTERSTATE,KANSAS,7.74,5.56,5.85,0.0,5.47,7.74,,,
2/2/2026,2020.0,20210478.0,18580.0,15156.0,SINCLAIR TRANSPORTATION COMPANY,Refined and/or Petroleum Product (non-HVL),INTERSTATE,MISSOURI,22.22,85.31,88.36,69.85,55.57,132.15,,,
2/2/2026,2020.0,20210478.0,18580.0,15156.0,SINCLAIR TRANSPORTATION COMPANY,Refined and/or Petroleum Product (non-HVL),INTERSTATE,WYOMING,3.41,12.97,37.22,17.52,,52.72,,,
2/2/2026,2020.0,20210478.0,18580.0,15156.0,SINCLAIR TRANSPORTATION COMPANY,Refined and/or Petroleum Product (non-HVL),INTRASTATE,WYOMING,15.32,31.21,25.53,23.06,,43.71,,,
2/2/2026,2020.0,20210467.0,18569.0,15485.0,PHILLIPS 66 COMPANY - SWEENY REFINERY,Crude Oil,INTRASTATE,TEXAS,1.41,1.41,1.41,0.0,1.41,1.41,,,
2/2/2026,2020.0,20210468.0,18570.0,15485.0,PHILLIPS 66 COMPANY - SWEENY REFINERY,Refined and/or Petroleum Product (non-HVL),INTRASTATE,TEXAS,0.0,8.51,3.91,0.0,2.31,12.33,,,
2/2/2026,2020.0,20210018.0,18070.0,15645.0,PLACID PIPELINE COMPANY LLC,Refined and/or Petroleum Product (non-HVL),INTRASTATE,LOUISIANA,8.0,0.0,0.0,0.0,1.0,9.0,,,
2/2/2026,2020.0,20210411.0,18511.0,15674.0,PRODUCTS (SE) PIPE LINE CORPORATION,Refined and/or Petroleum Product (non-HVL),INTERSTATE,ALABAMA,75.56,411.57,152.52,456.42,125.7,530.55,,,
2/2/2026,2020.0,20210411.0,18511.0,15674.0,PRODUCTS (SE) PIPE LINE CORPORATION,Refined and/or Petroleum Product (non-HVL),INTERSTATE,GEORGIA,276.09,332.8,299.21,341.66,17.36,511.79,,,
2/2/2026,2020.0,20210411.0,18511.0,15674.0,PRODUCTS (SE) PIPE LINE CORPORATION,Refined and/or Petroleum Product (non-HVL),INTERSTATE,LOUISIANA,83.21,121.27,26.81,97.47,43.67,166.56,,,
2/2/2026,2020.0,20210411.0,18511.0,15674.0,PRODUCTS (SE) PIPE LINE CORPORATION,Refined and/or Petroleum Product (non-HVL),INTERSTATE,MISSISSIPPI,39.68,312.11,108.91,461.24,52.87,507.21,,,
2/2/2026,2020.0,20210411.0,18511.0,15674.0,PRODUCTS (SE) PIPE LINE CORPORATION,Refined and/or Petroleum Product (non-HVL),INTERSTATE,NORTH CAROLINA,221.98,200.27,237.99,172.41,0.0,290.59,,,
2/2/2026,2020.0,20210411.0,18511.0,15674.0,PRODUCTS (SE) PIPE LINE CORPORATION,Refined and/or Petroleum Product (non-HVL),INTERSTATE,SOUTH CAROLINA,43.78,114.61,110.6,95.35,0.0,148.73,,,
2/2/2026,2020.0,20210411.0,18511.0,15674.0,PRODUCTS (SE) PIPE LINE CORPORATION,Refined and/or Petroleum Product (non-HVL),INTERSTATE,TENNESSEE,55.36,37.01,48.23,41.24,23.82,84.4,,,
2/2/2026,2020.0,20210411.0,18511.0,15674.0,PRODUCTS (SE) PIPE LINE CORPORATION,Refined and/or Petroleum Product (non-HVL),INTERSTATE,VIRGINIA,132.57,112.13,179.26,176.65,75.81,264.81,,,
2/2/2026,2020.0,20210287.0,18384.0,15774.0,NORTH DAKOTA PIPELINE COMPANY LLC,Crude Oil,INTERSTATE,MINNESOTA,1.33,5.15,31.24,0.0,0.0,33.55,,,
2/2/2026,2020.0,20210287.0,18384.0,15774.0,NORTH DAKOTA PIPELINE COMPANY LLC,Crude Oil,INTERSTATE,MONTANA,0.0,1.44,0.0,0.33,0.0,1.77,,,
2/2/2026,2020.0,20210287.0,18384.0,15774.0,NORTH DAKOTA PIPELINE COMPANY LLC,Crude Oil,INTERSTATE,NORTH DAKOTA,2.09,91.12,33.86,7.45,0.0,112.58,,,
2/2/2026,2020.0,20210338.0,18435.0,15786.0,PORTLAND PIPE LINE CORPORATION,Crude Oil,INTERSTATE,MAINE,19.6,7.2,48.0,9.2,0.9,75.0,,,
2/2/2026,2020.0,20210338.0,18435.0,15786.0,PORTLAND PIPE LINE CORPORATION,Crude Oil,INTERSTATE,NEW HAMPSHIRE,0.0,5.6,38.6,5.4,0.0,45.4,,,
2/2/2026,2020.0,20210338.0,18435.0,15786.0,PORTLAND PIPE LINE CORPORATION,Crude Oil,INTERSTATE,VERMONT,0.0,17.3,14.6,4.2,0.0,30.2,,,
2/2/2026,2020.0,20210169.0,18257.0,15825.0,EAGLE US 2 LLC,HVL,INTERSTATE,LOUISIANA,10.6,0.0,11.18,0.0,9.91,23.62,,,
2/2/2026,2020.0,20210169.0,18257.0,15825.0,EAGLE US 2 LLC,HVL,INTERSTATE,TEXAS,1.22,0.09,2.05,0.0,0.38,2.61,,,
2/2/2026,2020.0,20210405.0,18505.0,15851.0,"DELEK MARKETING AND SUPPLY, LP",Crude Oil,INTRASTATE,TEXAS,0.0,3.73,2.88,0.87,0.0,5.49,,,
2/2/2026,2020.0,20210406.0,18506.0,15851.0,"DELEK MARKETING AND SUPPLY, LP",Refined and/or Petroleum Product (non-HVL),INTRASTATE,TEXAS,6.65,20.16,7.36,6.6,0.0,28.51,,,
2/2/2026,2020.0,20210204.0,18295.0,15915.0,"PIPELINES OF PUERTO RICO INCD, THE",Refined and/or Petroleum Product (non-HVL),INTRASTATE,PUERTO RICO,9.335,0.275,,,2.88,9.5,,,
2/2/2026,2020.0,20210698.0,22499.0,15979.0,"ERGON TERMINALING, INC.",Crude Oil,INTERSTATE,OHIO,,30.1,22.7,4.1,33.1,37.0,,,
2/2/2026,2020.0,20210698.0,22499.0,15979.0,"ERGON TERMINALING, INC.",Crude Oil,INTERSTATE,WEST VIRGINIA,0.0,1.0,1.0,0.0,1.0,1.0,,,
2/2/2026,2020.0,20210414.0,18928.0,18092.0,"SFPP, LP",Refined and/or Petroleum Product (non-HVL),INTERSTATE,ARIZONA,147.43,270.66,141.86,140.03,0.0,358.25,,,
2/2/2026,2020.0,20210414.0,18928.0,18092.0,"SFPP, LP",Refined and/or Petroleum Product (non-HVL),INTERSTATE,CALIFORNIA,310.78,178.58,315.38,331.53,91.9,521.81,,,
2/2/2026,2020.0,20210414.0,18928.0,18092.0,"SFPP, LP",Refined and/or Petroleum Product (non-HVL),INTERSTATE,NEVADA,16.54,22.56,12.37,18.68,0.0,49.08,,,
2/2/2026,2020.0,20210414.0,18928.0,18092.0,"SFPP, LP",Refined and/or Petroleum Product (non-HVL),INTERSTATE,NEW MEXICO,21.92,50.73,23.67,63.01,0.0,77.38,,,
2/2/2026,2020.0,20210414.0,18928.0,18092.0,"SFPP, LP",Refined and/or Petroleum Product (non-HVL),INTERSTATE,OREGON,55.62,35.61,36.49,34.1,30.01,78.14,,,
2/2/2026,2020.0,20210414.0,18928.0,18092.0,"SFPP, LP",Refined and/or Petroleum Product (non-HVL),INTERSTATE,TEXAS,14.2,17.96,24.34,0.02,0.0,31.35,,,
2/2/2026,2020.0,20210414.0,18928.0,18092.0,"SFPP, LP",Refined and/or Petroleum Product (non-HVL),INTRASTATE,CALIFORNIA,475.9,287.9,287.82,446.37,182.98,647.03,,,
2/2/2026,2020.0,20210414.0,18928.0,18092.0,"SFPP, LP",Refined and/or Petroleum Product (non-HVL),INTRASTATE,OREGON,0.0,0.0,0.0,0.0,0.0,0.0,,,
2/2/2026,2020.0,20210414.0,18928.0,18092.0,"SFPP, LP",Refined and/or Petroleum Product (non-HVL),INTRASTATE,TEXAS,0.0,0.0,0.0,0.0,0.0,0.0,,,
2/2/2026,2020.0,20210193.0,18282.0,18275.0,SHELL CHEMICAL CO,Crude Oil,INTRASTATE,ALABAMA,5.26,4.22,5.07,5.45,6.16,6.3,,,
2/2/2026,2020.0,20210194.0,18283.0,18275.0,SHELL CHEMICAL CO,Refined and/or Petroleum Product (non-HVL),INTRASTATE,ALABAMA,5.07,4.08,4.93,5.4,6.11,6.3,,,
2/2/2026,2020.0,20210305.0,18402.0,18386.0,BP OIL PIPELINE CO,Refined and/or Petroleum Product (non-HVL),INTERSTATE,KENTUCKY,1.0,0.2,0.1,0.1,0.2,1.0,,,
2/2/2026,2020.0,20210305.0,18402.0,18386.0,BP OIL PIPELINE CO,Refined and/or Petroleum Product (non-HVL),INTERSTATE,OHIO,90.1,23.4,38.3,28.5,6.4,91.1,,,
2/2/2026,2020.0,20210305.0,18402.0,18386.0,BP OIL PIPELINE CO,Refined and/or Petroleum Product (non-HVL),INTRASTATE,OHIO,15.4,0.1,0.8,1.1,0.2,15.4,,,
2/2/2026,2020.0,20210304.0,18867.0,18667.0,FREEPORT-MCMORAN OIL & GAS,Crude Oil,INTERSTATE,CALIFORNIA,0.0,0.0,0.0,42.39,0.0,42.39,19.5,0.0,19.5
2/2/2026,2020.0,20210304.0,18867.0,18667.0,FREEPORT-MCMORAN OIL & GAS,Crude Oil,INTERSTATE,OCS-Pacific,,,,,,,10.49,,10.49
2/2/2026,2020.0,20210228.0,18324.0,18678.0,ST LOUIS PIPELINE OPERATING LLC,Refined and/or Petroleum Product (non-HVL),INTERSTATE,ILLINOIS,2.1,3.1,4.3,4.3,0.4,14.2,,,
2/2/2026,2020.0,20210228.0,18324.0,18678.0,ST LOUIS PIPELINE OPERATING LLC,Refined and/or Petroleum Product (non-HVL),INTERSTATE,MISSOURI,11.5,1.0,4.4,3.2,0.3,20.4,,,
2/2/2026,2020.0,20210354.0,18451.0,18718.0,SUNOCO PIPELINE L.P.,Crude Oil,INTERSTATE,LOUISIANA,0.0,0.2,0.4,0.0,0.0,0.4,,,
2/2/2026,2020.0,20210354.0,18451.0,18718.0,SUNOCO PIPELINE L.P.,Crude Oil,INTERSTATE,MICHIGAN,74.5,17.9,11.5,35.5,0.0,107.3,,,
2/2/2026,2020.0,20210354.0,18451.0,18718.0,SUNOCO PIPELINE L.P.,Crude Oil,INTERSTATE,NEW MEXICO,0.0,2.5,0.0,0.0,0.0,2.5,,,
2/2/2026,2020.0,20210354.0,18451.0,18718.0,SUNOCO PIPELINE L.P.,Crude Oil,INTERSTATE,OHIO,10.7,3.6,2.2,6.5,3.4,10.7,,,
2/2/2026,2020.0,20210354.0,18451.0,18718.0,SUNOCO PIPELINE L.P.,Crude Oil,INTERSTATE,OKLAHOMA,0.0,14.7,8.2,0.8,0.0,22.6,,,
2/2/2026,2020.0,20210354.0,18451.0,18718.0,SUNOCO PIPELINE L.P.,Crude Oil,INTERSTATE,PENNSYLVANIA,10.3,1.7,0.0,10.3,2.4,10.3,,,
2/2/2026,2020.0,20210354.0,18451.0,18718.0,SUNOCO PIPELINE L.P.,Crude Oil,INTERSTATE,TEXAS,58.3,139.9,173.8,59.3,1.6,318.2,,,
2/2/2026,2020.0,20210354.0,18451.0,18718.0,SUNOCO PIPELINE L.P.,Crude Oil,INTRASTATE,OKLAHOMA,62.0,149.8,81.4,48.8,14.6,213.7,,,
2/2/2026,2020.0,20210354.0,18451.0,18718.0,SUNOCO PIPELINE L.P.,Crude Oil,INTRASTATE,TEXAS,140.1,240.7,215.0,81.7,12.9,453.5,,,
2/2/2026,2020.0,20210353.0,22531.0,18718.0,SUNOCO PIPELINE L.P.,HVL,INTERSTATE,DELAWARE,1.3,0.8,0.0,0.0,1.3,1.3,,,
2/2/2026,2020.0,20210353.0,22531.0,18718.0,SUNOCO PIPELINE L.P.,HVL,INTERSTATE,MICHIGAN,122.8,20.7,16.4,69.2,2.8,142.3,,,
2/2/2026,2020.0,20210353.0,22531.0,18718.0,SUNOCO PIPELINE L.P.,HVL,INTERSTATE,NEW JERSEY,11.9,3.1,2.7,11.7,3.0,11.9,,,
2/2/2026,2020.0,20210353.0,22531.0,18718.0,SUNOCO PIPELINE L.P.,HVL,INTERSTATE,OHIO,75.8,54.5,19.4,19.9,12.1,116.5,,,
2/2/2026,2020.0,20210353.0,22531.0,18718.0,SUNOCO PIPELINE L.P.,HVL,INTERSTATE,PENNSYLVANIA,409.1,162.6,21.7,308.4,10.6,637.3,,,
2/2/2026,2020.0,20210353.0,22531.0,18718.0,SUNOCO PIPELINE L.P.,HVL,INTERSTATE,WEST VIRGINIA,0.0,5.1,1.1,0.0,1.8,6.2,,,
2/2/2026,2020.0,20210353.0,22531.0,18718.0,SUNOCO PIPELINE L.P.,HVL,INTRASTATE,TEXAS,43.5,0.0,22.5,1.0,0.6,44.0,,,
2/2/2026,2020.0,20210355.0,22526.0,18718.0,SUNOCO PIPELINE L.P.,Refined and/or Petroleum Product (non-HVL),INTERSTATE,DELAWARE,2.6,1.0,2.1,0.0,2.6,2.6,,,
2/2/2026,2020.0,20210355.0,22526.0,18718.0,SUNOCO PIPELINE L.P.,Refined and/or Petroleum Product (non-HVL),INTERSTATE,MICHIGAN,40.1,10.2,9.7,30.3,1.9,49.7,,,
2/2/2026,2020.0,20210355.0,22526.0,18718.0,SUNOCO PIPELINE L.P.,Refined and/or Petroleum Product (non-HVL),INTERSTATE,NEW JERSEY,90.5,27.0,59.5,24.1,21.6,97.7,,,
2/2/2026,2020.0,20210355.0,22526.0,18718.0,SUNOCO PIPELINE L.P.,Refined and/or Petroleum Product (non-HVL),INTERSTATE,NEW YORK,39.3,71.9,70.5,0.0,6.3,125.3,,,
2/2/2026,2020.0,20210355.0,22526.0,18718.0,SUNOCO PIPELINE L.P.,Refined and/or Petroleum Product (non-HVL),INTERSTATE,OHIO,64.5,56.2,107.4,3.9,2.2,166.6,,,
2/2/2026,2020.0,20210355.0,22526.0,18718.0,SUNOCO PIPELINE L.P.,Refined and/or Petroleum Product (non-HVL),INTERSTATE,PENNSYLVANIA,296.3,174.5,264.0,150.4,69.6,458.4,,,
2/2/2026,2020.0,20210355.0,22526.0,18718.0,SUNOCO PIPELINE L.P.,Refined and/or Petroleum Product (non-HVL),INTRASTATE,MASSACHUSETTS,0.8,0.0,0.0,0.0,0.3,0.8,,,
2/2/2026,2020.0,20210355.0,22526.0,18718.0,SUNOCO PIPELINE L.P.,Refined and/or Petroleum Product (non-HVL),INTRASTATE,TEXAS,117.3,286.5,212.1,40.2,6.5,439.2,,,
2/2/2026,2020.0,20210315.0,18412.0,19319.0,"TPC GROUP, LLC",HVL,INTRASTATE,LOUISIANA,1.871,0.0,0.164,0.0,0.0,1.871,,,
2/2/2026,2020.0,20210315.0,18412.0,19319.0,"TPC GROUP, LLC",HVL,INTRASTATE,TEXAS,84.994,60.977,38.677,2.606,5.895,106.099,,,
2/2/2026,2020.0,20210316.0,18413.0,19319.0,"TPC GROUP, LLC",Refined and/or Petroleum Product (non-HVL),INTRASTATE,LOUISIANA,0.684,0.0,0.684,0.0,0.0,0.684,,,
2/2/2026,2020.0,20210316.0,18413.0,19319.0,"TPC GROUP, LLC",Refined and/or Petroleum Product (non-HVL),INTRASTATE,TEXAS,18.53,7.864,7.739,0.194,1.805,20.014,,,
2/2/2026,2020.0,20210306.0,18403.0,19410.0,THUMS LONG BEACH CO,Crude Oil,INTRASTATE,CALIFORNIA,4.39,0.27,0.27,0.27,0.27,4.39,9.63,9.59,9.63
2/2/2026,2020.0,20210614.0,18723.0,19481.0,T & M TERMINAL CO,Refined and/or Petroleum Product (non-HVL),INTERSTATE,MISSISSIPPI,0.0,0.0,0.0,0.0,0.0,0.0,,,
2/2/2026,2020.0,20210535.0,18638.0,19585.0,TRANS MOUNTAIN PIPELINE (PUGET SOUND) LLC,Crude Oil,INTERSTATE,WASHINGTON,5.0,4.0,25.0,5.0,0.0,39.0,,,
2/2/2026,2020.0,20210035.0,18090.0,19892.0,UCAR PIPELINE INCORPORATED,HVL,INTRASTATE,LOUISIANA,0.6,6.85,0.0,10.67,1.7,16.97,,,
2/2/2026,2020.0,20210095.0,18157.0,20046.0,UNION CARBIDE CHEMICALS & PLASTICS CO INC,HVL,INTRASTATE,WEST VIRGINIA,1.61,0.5,2.25,0.0,0.15,4.51,,,
2/2/2026,2020.0,20210470.0,18572.0,20202.0,ULTRAMAR INC.,Crude Oil,INTRASTATE,CALIFORNIA,4.29,0.35,0.35,0.35,0.35,4.29,,,
2/2/2026,2020.0,20210471.0,18573.0,20202.0,ULTRAMAR INC.,HVL,INTRASTATE,CALIFORNIA,7.63,0.97,0.97,1.9,1.39,7.63,,,
2/2/2026,2020.0,20210472.0,18574.0,20202.0,ULTRAMAR INC.,Refined and/or Petroleum Product (non-HVL),INTRASTATE,CALIFORNIA,23.81,7.45,7.45,7.73,7.49,23.81,,,
2/2/2026,2020.0,20210221.0,18317.0,21359.0,SASOL CHEMICALS USA LLC,Refined and/or Petroleum Product (non-HVL),INTRASTATE,LOUISIANA,12.701,0.878,7.02,0.0,0.878,12.701,,,
2/2/2026,2020.0,20210531.0,18634.0,22430.0,WEST SHORE PIPELINE CO,Crude Oil,INTERSTATE,ILLINOIS,3.582,0.744,0.744,3.211,0.744,3.582,,,
2/2/2026,2020.0,20210532.0,18635.0,22430.0,WEST SHORE PIPELINE CO,Refined and/or Petroleum Product (non-HVL),INTERSTATE,ILLINOIS,267.371,65.424,19.077,49.978,11.912,285.529,,,
2/2/2026,2020.0,20210532.0,18635.0,22430.0,WEST SHORE PIPELINE CO,Refined and/or Petroleum Product (non-HVL),INTERSTATE,INDIANA,17.208,5.688,13.968,1.587,0.049,17.208,,,
2/2/2026,2020.0,20210532.0,18635.0,22430.0,WEST SHORE PIPELINE CO,Refined and/or Petroleum Product (non-HVL),INTERSTATE,WISCONSIN,66.315,42.27,23.522,6.989,0.0,87.436,,,
2/2/2026,2020.0,20210356.0,18453.0,22442.0,WEST TEXAS GULF PIPELINE CO,Crude Oil,INTERSTATE,TEXAS,29.0,89.8,130.0,30.7,0.0,201.8,,,
2/2/2026,2020.0,20210504.0,18607.0,22610.0,"MAGELLAN PIPELINE COMPANY, LP",Crude Oil,INTERSTATE,COLORADO,0.19,3.21,16.31,,,19.35,,,
2/2/2026,2020.0,20210504.0,18607.0,22610.0,"MAGELLAN PIPELINE COMPANY, LP",Crude Oil,INTERSTATE,KANSAS,0.0,2.31,62.28,13.52,0.0,66.49,,,
2/2/2026,2020.0,20210504.0,18607.0,22610.0,"MAGELLAN PIPELINE COMPANY, LP",Crude Oil,INTERSTATE,OKLAHOMA,22.44,18.91,29.76,21.2,4.26,71.08,,,
2/2/2026,2020.0,20210504.0,18607.0,22610.0,"MAGELLAN PIPELINE COMPANY, LP",Crude Oil,INTERSTATE,TEXAS,45.58,24.34,34.86,9.58,0.0,86.97,,,
2/2/2026,2020.0,20210504.0,18607.0,22610.0,"MAGELLAN PIPELINE COMPANY, LP",Crude Oil,INTERSTATE,WYOMING,0.0,1.12,1.1,0.0,0.0,2.22,,,
2/2/2026,2020.0,20210504.0,18607.0,22610.0,"MAGELLAN PIPELINE COMPANY, LP",Crude Oil,INTRASTATE,OKLAHOMA,0.0,14.05,3.75,1.11,0.0,17.1,,,
2/2/2026,2020.0,20210505.0,18608.0,22610.0,"MAGELLAN PIPELINE COMPANY, LP",HVL,INTERSTATE,ILLINOIS,1.04,11.36,4.77,7.39,1.05,20.76,,,
2/2/2026,2020.0,20210505.0,18608.0,22610.0,"MAGELLAN PIPELINE COMPANY, LP",HVL,INTERSTATE,IOWA,30.41,63.64,29.71,17.11,2.08,106.9,,,
2/2/2026,2020.0,20210505.0,18608.0,22610.0,"MAGELLAN PIPELINE COMPANY, LP",HVL,INTERSTATE,KANSAS,3.32,0.92,4.8,3.32,3.24,4.8,,,
2/2/2026,2020.0,20210505.0,18608.0,22610.0,"MAGELLAN PIPELINE COMPANY, LP",HVL,INTERSTATE,MINNESOTA,0.0,0.04,0.04,0.0,0.0,0.04,,,
2/2/2026,2020.0,20210505.0,18608.0,22610.0,"MAGELLAN PIPELINE COMPANY, LP",HVL,INTERSTATE,MISSOURI,13.27,15.5,44.64,31.51,5.25,70.21,,,
2/2/2026,2020.0,20210506.0,18609.0,22610.0,"MAGELLAN PIPELINE COMPANY, LP",Refined and/or Petroleum Product (non-HVL),INTERSTATE,ARKANSAS,22.82,38.81,28.9,8.42,9.06,84.83,,,
2/2/2026,2020.0,20210506.0,18609.0,22610.0,"MAGELLAN PIPELINE COMPANY, LP",Refined and/or Petroleum Product (non-HVL),INTERSTATE,COLORADO,85.0,84.08,74.6,29.16,0.0,205.3,,,
2/2/2026,2020.0,20210506.0,18609.0,22610.0,"MAGELLAN PIPELINE COMPANY, LP",Refined and/or Petroleum Product (non-HVL),INTERSTATE,ILLINOIS,32.36,36.01,26.85,12.1,2.03,83.58,,,
2/2/2026,2020.0,20210506.0,18609.0,22610.0,"MAGELLAN PIPELINE COMPANY, LP",Refined and/or Petroleum Product (non-HVL),INTERSTATE,IOWA,62.1,96.7,61.46,66.78,7.84,212.63,,,
2/2/2026,2020.0,20210506.0,18609.0,22610.0,"MAGELLAN PIPELINE COMPANY, LP",Refined and/or Petroleum Product (non-HVL),INTERSTATE,KANSAS,192.71,233.53,997.25,626.34,112.53,1187.52,,,
2/2/2026,2020.0,20210506.0,18609.0,22610.0,"MAGELLAN PIPELINE COMPANY, LP",Refined and/or Petroleum Product (non-HVL),INTERSTATE,MINNESOTA,142.44,227.99,91.6,125.54,14.27,446.32,,,
2/2/2026,2020.0,20210506.0,18609.0,22610.0,"MAGELLAN PIPELINE COMPANY, LP",Refined and/or Petroleum Product (non-HVL),INTERSTATE,MISSOURI,50.51,49.32,77.88,170.25,17.64,260.99,,,
2/2/2026,2020.0,20210506.0,18609.0,22610.0,"MAGELLAN PIPELINE COMPANY, LP",Refined and/or Petroleum Product (non-HVL),INTERSTATE,NEBRASKA,50.01,29.32,13.23,88.2,31.84,144.73,,,
2/2/2026,2020.0,20210506.0,18609.0,22610.0,"MAGELLAN PIPELINE COMPANY, LP",Refined and/or Petroleum Product (non-HVL),INTERSTATE,NEW MEXICO,17.68,28.84,3.23,47.3,0.0,73.26,,,
2/2/2026,2020.0,20210506.0,18609.0,22610.0,"MAGELLAN PIPELINE COMPANY, LP",Refined and/or Petroleum Product (non-HVL),INTERSTATE,NORTH DAKOTA,20.38,6.77,14.4,0.0,0.0,29.43,,,
2/2/2026,2020.0,20210506.0,18609.0,22610.0,"MAGELLAN PIPELINE COMPANY, LP",Refined and/or Petroleum Product (non-HVL),INTERSTATE,OKLAHOMA,120.98,253.21,242.8,121.0,39.13,548.96,,,
2/2/2026,2020.0,20210506.0,18609.0,22610.0,"MAGELLAN PIPELINE COMPANY, LP",Refined and/or Petroleum Product (non-HVL),INTERSTATE,SOUTH DAKOTA,18.48,13.09,13.77,24.34,0.0,46.99,,,
2/2/2026,2020.0,20210506.0,18609.0,22610.0,"MAGELLAN PIPELINE COMPANY, LP",Refined and/or Petroleum Product (non-HVL),INTERSTATE,TEXAS,227.04,176.37,181.61,52.66,4.03,505.76,,,
2/2/2026,2020.0,20210506.0,18609.0,22610.0,"MAGELLAN PIPELINE COMPANY, LP",Refined and/or Petroleum Product (non-HVL),INTERSTATE,WISCONSIN,11.8,30.49,14.53,15.27,1.85,46.49,,,
2/2/2026,2020.0,20210506.0,18609.0,22610.0,"MAGELLAN PIPELINE COMPANY, LP",Refined and/or Petroleum Product (non-HVL),INTERSTATE,WYOMING,5.71,21.66,47.76,6.57,0.0,70.79,,,
2/2/2026,2020.0,20210506.0,18609.0,22610.0,"MAGELLAN PIPELINE COMPANY, LP",Refined and/or Petroleum Product (non-HVL),INTRASTATE,TEXAS,79.82,6.34,24.48,19.44,5.62,105.17,,,
2/2/2026,2020.0,20210395.0,18496.0,22830.0,WOLVERINE PIPELINE CO,Refined and/or Petroleum Product (non-HVL),INTERSTATE,ILLINOIS,80.524,68.79,27.376,30.779,55.198,87.586,,,
2/2/2026,2020.0,20210395.0,18496.0,22830.0,WOLVERINE PIPELINE CO,Refined and/or Petroleum Product (non-HVL),INTERSTATE,INDIANA,114.646,53.214,29.29,50.932,28.057,135.233,,,
2/2/2026,2020.0,20210395.0,18496.0,22830.0,WOLVERINE PIPELINE CO,Refined and/or Petroleum Product (non-HVL),INTERSTATE,MICHIGAN,195.788,179.878,116.764,73.853,23.842,262.708,,,
2/2/2026,2020.0,20210296.0,18393.0,22855.0,"FLINT HILLS RESOURCES, LC",Crude Oil,INTERSTATE,ILLINOIS,4.2,2.14,0.47,1.08,0.21,5.04,,,
2/2/2026,2020.0,20210296.0,18393.0,22855.0,"FLINT HILLS RESOURCES, LC",Crude Oil,INTERSTATE,IOWA,17.05,72.94,15.4,9.44,0.0,79.39,,,
2/2/2026,2020.0,20210296.0,18393.0,22855.0,"FLINT HILLS RESOURCES, LC",Crude Oil,INTERSTATE,MINNESOTA,179.97,327.08,344.07,158.24,86.74,509.47,,,
2/2/2026,2020.0,20210296.0,18393.0,22855.0,"FLINT HILLS RESOURCES, LC",Crude Oil,INTERSTATE,MISSOURI,0.02,12.71,12.0,18.82,0.25,27.05,,,
2/2/2026,2020.0,20210296.0,18393.0,22855.0,"FLINT HILLS RESOURCES, LC",Crude Oil,INTRASTATE,TEXAS,12.17,118.1,15.56,79.55,12.17,161.7,,,
2/2/2026,2020.0,20210294.0,18391.0,22855.0,"FLINT HILLS RESOURCES, LC",HVL,INTERSTATE,MINNESOTA,2.04,13.15,3.39,7.11,0.57,18.65,,,
2/2/2026,2020.0,20210294.0,18391.0,22855.0,"FLINT HILLS RESOURCES, LC",HVL,INTERSTATE,WISCONSIN,0.0,5.67,2.71,12.25,0.73,18.28,,,
2/2/2026,2020.0,20210294.0,18391.0,22855.0,"FLINT HILLS RESOURCES, LC",HVL,INTRASTATE,TEXAS,172.6,125.47,31.9,91.59,60.05,238.54,,,
2/2/2026,2020.0,20210295.0,18392.0,22855.0,"FLINT HILLS RESOURCES, LC",Refined and/or Petroleum Product (non-HVL),INTERSTATE,IOWA,0.0,14.38,16.2,12.07,0.0,16.2,,,
2/2/2026,2020.0,20210295.0,18392.0,22855.0,"FLINT HILLS RESOURCES, LC",Refined and/or Petroleum Product (non-HVL),INTERSTATE,MINNESOTA,18.78,68.66,28.77,33.71,15.26,76.53,,,
2/2/2026,2020.0,20210295.0,18392.0,22855.0,"FLINT HILLS RESOURCES, LC",Refined and/or Petroleum Product (non-HVL),INTERSTATE,WISCONSIN,51.62,156.8,67.45,129.26,47.01,188.98,,,
2/2/2026,2020.0,20210295.0,18392.0,22855.0,"FLINT HILLS RESOURCES, LC",Refined and/or Petroleum Product (non-HVL),INTRASTATE,MINNESOTA,11.61,2.29,1.12,2.64,1.18,12.91,,,
2/2/2026,2020.0,20210295.0,18392.0,22855.0,"FLINT HILLS RESOURCES, LC",Refined and/or Petroleum Product (non-HVL),INTRASTATE,TEXAS,163.52,384.82,179.97,145.56,14.27,530.07,,,
2/2/2026,2020.0,20210398.0,18498.0,25146.0,"EQUISTAR CHEMICALS, L.P.",Crude Oil,INTRASTATE,TEXAS,26.5,12.7,3.07,0.0,0.67,34.0,,,
2/2/2026,2020.0,20210459.0,18561.0,25146.0,"EQUISTAR CHEMICALS, L.P.",HVL,INTERSTATE,LOUISIANA,6.67,3.73,8.67,0.0,3.17,15.74,,,
2/2/2026,2020.0,20210459.0,18561.0,25146.0,"EQUISTAR CHEMICALS, L.P.",HVL,INTERSTATE,TEXAS,2.12,0.71,3.33,0.0,2.83,3.33,,,
2/2/2026,2020.0,20210459.0,18561.0,25146.0,"EQUISTAR CHEMICALS, L.P.",HVL,INTRASTATE,TEXAS,430.84,217.73,432.62,85.71,23.76,773.25,,,
2/2/2026,2020.0,20210400.0,18500.0,25146.0,"EQUISTAR CHEMICALS, L.P.",Refined and/or Petroleum Product (non-HVL),INTRASTATE,TEXAS,80.79,36.43,49.09,0.23,4.68,102.73,,,
2/2/2026,2020.0,20210516.0,18619.0,26026.0,"MARKWEST RANGER PIPELINE COMPANY, L.L.C.",HVL,INTERSTATE,KENTUCKY,7.63,1.03,41.5,5.74,0.63,56.53,,,
2/2/2026,2020.0,20210516.0,18619.0,26026.0,"MARKWEST RANGER PIPELINE COMPANY, L.L.C.",HVL,INTERSTATE,WEST VIRGINIA,1.57,0.55,14.91,0.0,1.92,16.52,,,
2/2/2026,2020.0,20210211.0,18307.0,26039.0,FLORIDA POWER & LIGHT CO,Refined and/or Petroleum Product (non-HVL),INTRASTATE,FLORIDA,4.803,3.08,27.33,9.47,0.14,44.823,,,
2/2/2026,2020.0,20210647.0,18757.0,26041.0,"KINDER MORGAN LIQUID TERMINALS, LLC",HVL,INTRASTATE,TEXAS,0.72,0.72,0.72,0.0,0.72,0.72,,,
2/2/2026,2020.0,20210665.0,21587.0,26041.0,"KINDER MORGAN LIQUID TERMINALS, LLC",Refined and/or Petroleum Product (non-HVL),INTERSTATE,ILLINOIS,9.44,2.71,0.0,6.46,7.55,9.44,,,
2/2/2026,2020.0,20210665.0,21587.0,26041.0,"KINDER MORGAN LIQUID TERMINALS, LLC",Refined and/or Petroleum Product (non-HVL),INTRASTATE,LOUISIANA,0.33,6.09,6.32,0.48,3.32,12.5,,,
2/2/2026,2020.0,20210665.0,21587.0,26041.0,"KINDER MORGAN LIQUID TERMINALS, LLC",Refined and/or Petroleum Product (non-HVL),INTRASTATE,NEW JERSEY,7.11,4.6,6.0,5.1,7.11,7.11,,,
2/2/2026,2020.0,20210665.0,21587.0,26041.0,"KINDER MORGAN LIQUID TERMINALS, LLC",Refined and/or Petroleum Product (non-HVL),INTRASTATE,NORTH CAROLINA,0.0,0.0,0.0,0.0,0.0,0.0,,,
2/2/2026,2020.0,20210665.0,21587.0,26041.0,"KINDER MORGAN LIQUID TERMINALS, LLC",Refined and/or Petroleum Product (non-HVL),INTRASTATE,TEXAS,37.71,32.3,32.3,32.3,33.5,37.71,,,
2/2/2026,2020.0,20210024.0,18079.0,26045.0,"PAR HAWAII REFINING, LLC",Refined and/or Petroleum Product (non-HVL),INTRASTATE,HAWAII,24.0,4.0,,15.0,,24.0,,,
2/2/2026,2020.0,20210247.0,18343.0,26048.0,HUNT REFINING CO,Refined and/or Petroleum Product (non-HVL),INTRASTATE,ALABAMA,2.82,12.59,0.0,0.0,40.75,41.77,,,
2/2/2026,2020.0,20210503.0,18606.0,26049.0,"COUNTRYMARK REFINING AND LOGISTICS, LLC",Crude Oil,INTERSTATE,ILLINOIS,0.0,3.11,8.66,0.33,0.0,12.1,,,
2/2/2026,2020.0,20210503.0,18606.0,26049.0,"COUNTRYMARK REFINING AND LOGISTICS, LLC",Crude Oil,INTERSTATE,INDIANA,0.0,0.0,0.0,0.62,0.0,0.62,,,
2/2/2026,2020.0,20210503.0,18606.0,26049.0,"COUNTRYMARK REFINING AND LOGISTICS, LLC",Crude Oil,INTERSTATE,KENTUCKY,0.0,0.0,0.5,0.0,0.5,0.5,,,
2/2/2026,2020.0,20210503.0,18606.0,26049.0,"COUNTRYMARK REFINING AND LOGISTICS, LLC",Crude Oil,INTRASTATE,ILLINOIS,,0.11,,,,0.11,,,
2/2/2026,2020.0,20210503.0,18606.0,26049.0,"COUNTRYMARK REFINING AND LOGISTICS, LLC",Crude Oil,INTRASTATE,INDIANA,0.0,0.1,0.0,0.0,0.0,0.1,,,
2/2/2026,2020.0,20210241.0,18337.0,26049.0,"COUNTRYMARK REFINING AND LOGISTICS, LLC",Refined and/or Petroleum Product (non-HVL),INTRASTATE,INDIANA,4.83,46.16,1.69,6.3,0.0,49.3,,,
2/2/2026,2020.0,20210682.0,18799.0,26054.0,KEY WEST PIPELINE CO,Refined and/or Petroleum Product (non-HVL),INTRASTATE,FLORIDA,0.0,3.0,0.0,1.0,1.0,3.0,4.0,4.0,4.0
2/2/2026,2020.0,20210407.0,18507.0,26061.0,"DELEK CRUDE LOGISTICS, LLC.",Crude Oil,INTERSTATE,OKLAHOMA,0.0,0.3,0.0,0.0,0.0,0.3,,,
2/2/2026,2020.0,20210407.0,18507.0,26061.0,"DELEK CRUDE LOGISTICS, LLC.",Crude Oil,INTERSTATE,TEXAS,0.18,5.25,3.08,0.0,0.0,8.51,,,
2/2/2026,2020.0,20210407.0,18507.0,26061.0,"DELEK CRUDE LOGISTICS, LLC.",Crude Oil,INTRASTATE,TEXAS,35.86,47.97,28.92,9.51,0.0,90.7,,,
2/2/2026,2020.0,20210408.0,18508.0,26061.0,"DELEK CRUDE LOGISTICS, LLC.",Refined and/or Petroleum Product (non-HVL),INTRASTATE,TEXAS,2.14,9.11,21.25,6.78,0.0,29.41,,,
2/2/2026,2020.0,20210669.0,18780.0,26065.0,CHS MCPHERSON REFINERY INC.,HVL,INTRASTATE,KANSAS,0.0,1.12,0.0,0.0,0.0,1.12,,,
2/2/2026,2020.0,20210668.0,18779.0,26065.0,CHS MCPHERSON REFINERY INC.,Refined and/or Petroleum Product (non-HVL),INTRASTATE,KANSAS,0.0,1.23,0.26,0.34,0.0,1.31,,,
2/2/2026,2020.0,20210608.0,18848.0,26085.0,"PLAINS MARKETING, L.P.",Crude Oil,INTERSTATE,ALABAMA,0.77,0.11,0.0,0.11,0.77,0.77,,,
2/2/2026,2020.0,20210608.0,18848.0,26085.0,"PLAINS MARKETING, L.P.",Crude Oil,INTRASTATE,ALABAMA,,,,,,,,,
2/2/2026,2020.0,20210608.0,18848.0,26085.0,"PLAINS MARKETING, L.P.",Crude Oil,INTRASTATE,CALIFORNIA,35.52,42.43,12.56,94.47,24.63,99.45,,,
2/2/2026,2020.0,20210608.0,18848.0,26085.0,"PLAINS MARKETING, L.P.",Crude Oil,INTRASTATE,LOUISIANA,,,,,,,,,
2/2/2026,2020.0,20210608.0,18848.0,26085.0,"PLAINS MARKETING, L.P.",Crude Oil,INTRASTATE,TEXAS,,,,,,,,,
2/2/2026,2020.0,20210609.0,18717.0,26085.0,"PLAINS MARKETING, L.P.",HVL,INTERSTATE,MICHIGAN,,,,,,,,,
2/2/2026,2020.0,20210609.0,18717.0,26085.0,"PLAINS MARKETING, L.P.",HVL,INTRASTATE,ARIZONA,1.79,7.73,0.0,0.0,0.0,7.73,,,
2/2/2026,2020.0,20210054.0,18109.0,26086.0,SEADRIFT PIPELINE CORP,HVL,INTRASTATE,TEXAS,73.15,113.65,0.0,42.31,9.48,188.8,,,
2/2/2026,2020.0,20210655.0,18903.0,26094.0,NUSTAR TERMINALS OPERATIONS PARTNERSHIP L. P.,Refined and/or Petroleum Product (non-HVL),INTERSTATE,MARYLAND,8.5,0.6,0.0,3.4,3.4,8.5,,,
2/2/2026,2020.0,20210655.0,18903.0,26094.0,NUSTAR TERMINALS OPERATIONS PARTNERSHIP L. P.,Refined and/or Petroleum Product (non-HVL),INTERSTATE,NEW JERSEY,1.7,0.0,0.0,0.0,0.3,1.7,,,
2/2/2026,2020.0,20210655.0,18903.0,26094.0,NUSTAR TERMINALS OPERATIONS PARTNERSHIP L. P.,Refined and/or Petroleum Product (non-HVL),INTERSTATE,NEW YORK,0.144,0.0,0.0,0.0,0.03,0.144,,,
2/2/2026,2020.0,20210655.0,18903.0,26094.0,NUSTAR TERMINALS OPERATIONS PARTNERSHIP L. P.,Refined and/or Petroleum Product (non-HVL),INTERSTATE,WASHINGTON DC,2.8,0.0,0.0,0.5,0.5,2.8,,,
2/2/2026,2020.0,20210655.0,18903.0,26094.0,NUSTAR TERMINALS OPERATIONS PARTNERSHIP L. P.,Refined and/or Petroleum Product (non-HVL),INTRASTATE,CALIFORNIA,7.5,0.4,0.7,0.4,0.1,7.5,,,
2/2/2026,2020.0,20210655.0,18903.0,26094.0,NUSTAR TERMINALS OPERATIONS PARTNERSHIP L. P.,Refined and/or Petroleum Product (non-HVL),INTRASTATE,NEW JERSEY,5.4,0.0,0.0,0.0,3.4,5.4,,,
2/2/2026,2020.0,20210655.0,18903.0,26094.0,NUSTAR TERMINALS OPERATIONS PARTNERSHIP L. P.,Refined and/or Petroleum Product (non-HVL),INTRASTATE,OREGON,0.2,0.7,0.3,0.3,0.3,0.7,,,
2/2/2026,2020.0,20210655.0,18903.0,26094.0,NUSTAR TERMINALS OPERATIONS PARTNERSHIP L. P.,Refined and/or Petroleum Product (non-HVL),INTRASTATE,VIRGINIA,8.7,4.9,0.1,3.9,3.9,9.2,,,
2/2/2026,2020.0,20210155.0,18227.0,26099.0,TAMPA BAY PIPELINE CO.,HVL,INTRASTATE,FLORIDA,49.9,11.4,5.7,15.3,0.0,82.24,,,
2/2/2026,2020.0,20210425.0,18526.0,26103.0,"TEXAS EASTMAN DIVISION, EASTMAN CHEMICAL CO",HVL,INTRASTATE,TEXAS,50.2,62.46,0.0,3.6,0.0,116.26,,,
2/2/2026,2020.0,20210603.0,18711.0,26112.0,"VALERO REFINING-TEXAS, L.P.",Crude Oil,INTRASTATE,TEXAS,5.68,2.0,2.0,2.0,2.0,5.68,,,
2/2/2026,2020.0,20210604.0,18712.0,26112.0,"VALERO REFINING-TEXAS, L.P.",HVL,INTRASTATE,TEXAS,9.35,0.75,0.76,0.76,1.16,9.35,,,
2/2/2026,2020.0,20210602.0,18710.0,26112.0,"VALERO REFINING-TEXAS, L.P.",Refined and/or Petroleum Product (non-HVL),INTRASTATE,TEXAS,26.74,8.72,8.72,8.72,8.72,31.81,,,
2/2/2026,2020.0,20210616.0,18725.0,26120.0,COLLINS PIPELINE CO,Refined and/or Petroleum Product (non-HVL),INTERSTATE,LOUISIANA,33.66,34.02,35.44,35.81,34.01,40.2,,,
2/2/2026,2020.0,20210616.0,18725.0,26120.0,COLLINS PIPELINE CO,Refined and/or Petroleum Product (non-HVL),INTERSTATE,MISSISSIPPI,46.63,60.17,36.45,68.88,43.91,69.1,,,
2/2/2026,2020.0,20210310.0,18407.0,26125.0,CALNEV PIPELINE CO,Refined and/or Petroleum Product (non-HVL),INTERSTATE,CALIFORNIA,63.25,104.62,106.93,196.61,0.0,267.25,,,
2/2/2026,2020.0,20210310.0,18407.0,26125.0,CALNEV PIPELINE CO,Refined and/or Petroleum Product (non-HVL),INTERSTATE,NEVADA,57.91,16.07,58.56,22.95,0.0,85.76,,,
2/2/2026,2020.0,20210310.0,18407.0,26125.0,CALNEV PIPELINE CO,Refined and/or Petroleum Product (non-HVL),INTRASTATE,CALIFORNIA,2.53,9.37,9.72,33.03,0.0,40.75,,,
2/2/2026,2020.0,20210310.0,18407.0,26125.0,CALNEV PIPELINE CO,Refined and/or Petroleum Product (non-HVL),INTRASTATE,NEVADA,0.0,0.0,0.0,0.0,0.0,0.0,,,
2/2/2026,2020.0,20210630.0,18740.0,26136.0,PARAMOUNT PETROLEUM CORP,Refined and/or Petroleum Product (non-HVL),INTRASTATE,CALIFORNIA,0.45,0.0,0.0,0.0,0.0,0.45,,,
2/2/2026,2020.0,20210044.0,19141.0,26149.0,ALYESKA PIPELINE SERVICE CO,Crude Oil,INTERSTATE,ALASKA,14.6,281.4,134.4,26.5,71.2,382.9,,,
2/2/2026,2020.0,20210426.0,18527.0,26302.0,MUSTANG PIPELINE CO,HVL,INTRASTATE,TEXAS,15.04,12.66,0.0,0.0,0.0,27.7,,,
2/2/2026,2020.0,20210267.0,18364.0,26303.0,UNOCAL PIPELINE CO - EASTERN REGION,Crude Oil,INTRASTATE,TEXAS,4.7,0.1,2.8,0.0,0.0,4.7,,,
2/2/2026,2020.0,20210394.0,18493.0,26330.0,"ENABLE OKLAHOMA INTRASTATE TRANSMISSION, LLC",HVL,INTRASTATE,OKLAHOMA,0.0,0.08,0.0,0.0,0.0,0.08,,,
2/2/2026,2020.0,20210681.0,18798.0,30003.0,HOUSTON REFINING LP.,Refined and/or Petroleum Product (non-HVL),INTRASTATE,TEXAS,3.0,0.0,0.0,0.0,0.0,3.0,,,
2/2/2026,2020.0,20210053.0,18108.0,30020.0,W & T OFFSHORE INC,Refined and/or Petroleum Product (non-HVL),INTRASTATE,ALABAMA,,,,4.75,4.75,4.75,,,
2/2/2026,2020.0,20210135.0,18205.0,30544.0,OCCIDENTAL CHEMICAL CORP,HVL,INTRASTATE,TEXAS,,0.202,,2.43,0.31,2.942,,,
2/2/2026,2020.0,20210184.0,18813.0,30626.0,TARGA NGL PIPE LINE CO,HVL,INTERSTATE,LOUISIANA,8.67,1.44,8.99,,0.95,9.94,,,
2/2/2026,2020.0,20210184.0,18813.0,30626.0,TARGA NGL PIPE LINE CO,HVL,INTERSTATE,TEXAS,13.33,26.53,22.81,4.87,1.17,47.83,,,
2/2/2026,2020.0,20210184.0,18813.0,30626.0,TARGA NGL PIPE LINE CO,HVL,INTRASTATE,TEXAS,141.2,63.19,104.53,2.8,11.4,196.36,,,
2/2/2026,2020.0,20210134.0,18204.0,30657.0,BRAVO PIPELINE COMPANY,CO2,INTERSTATE,COLORADO,0.0,0.0,0.0,0.0,0.0,0.0,,,
2/2/2026,2020.0,20210134.0,18204.0,30657.0,BRAVO PIPELINE COMPANY,CO2,INTERSTATE,NEW MEXICO,0.0,23.43,6.96,37.74,0.0,66.74,,,
2/2/2026,2020.0,20210134.0,18204.0,30657.0,BRAVO PIPELINE COMPANY,CO2,INTERSTATE,TEXAS,0.0,11.63,21.12,0.0,0.0,31.27,,,
2/2/2026,2020.0,20210134.0,18204.0,30657.0,BRAVO PIPELINE COMPANY,CO2,INTRASTATE,TEXAS,0.0,0.0,0.0,0.0,0.0,0.0,,,
2/2/2026,2020.0,20210197.0,18983.0,30658.0,KERN OIL & REFINING CO.,Crude Oil,INTRASTATE,CALIFORNIA,8.78,10.94,0.26,5.0,0.0,16.17,,,
2/2/2026,2020.0,20210333.0,18430.0,30666.0,"ENMARK ENERGY, INC",CO2,INTRASTATE,MISSISSIPPI,2.24,,,,,2.24,,,
2/2/2026,2020.0,20210151.0,18223.0,30683.0,WESTLAKE PETROCHEMICALS LLC,HVL,INTRASTATE,LOUISIANA,17.479,4.12,16.35,0.0,0.0,17.479,,,
2/2/2026,2020.0,20210150.0,18222.0,30683.0,WESTLAKE PETROCHEMICALS LLC,Refined and/or Petroleum Product (non-HVL),INTRASTATE,LOUISIANA,2.98,3.71,3.95,0.0,1.16,5.79,,,
2/2/2026,2020.0,20210385.0,18484.0,30711.0,HILCORP ENERGY COMPANY,Crude Oil,INTRASTATE,LOUISIANA,0.0,0.0,0.0,0.0,1.0,1.0,0.0,0.0,0.0
2/2/2026,2020.0,20210642.0,18752.0,30755.0,CITGO PRODUCTS PIPELINE CO,HVL,INTERSTATE,LOUISIANA,4.016,4.808,3.167,2.578,0.489,9.269,,,
2/2/2026,2020.0,20210642.0,18752.0,30755.0,CITGO PRODUCTS PIPELINE CO,HVL,INTERSTATE,TEXAS,11.732,27.798,19.648,12.071,0.638,47.934,,,
2/2/2026,2020.0,20210643.0,18753.0,30755.0,CITGO PRODUCTS PIPELINE CO,Refined and/or Petroleum Product (non-HVL),INTRASTATE,TEXAS,18.665,59.668,19.845,34.541,0.821,110.619,,,
2/2/2026,2020.0,20210224.0,18320.0,30756.0,WYOMING REFINING CO,Refined and/or Petroleum Product (non-HVL),INTRASTATE,WYOMING,0.0,0.5,0.0,0.0,0.5,1.0,,,
2/2/2026,2020.0,20210650.0,18760.0,30777.0,MOTIVA ENTERPRISE LLC,Crude Oil,INTRASTATE,TEXAS,8.201,0.0,8.201,0.0,0.0,8.201,,,
2/2/2026,2020.0,20210652.0,18762.0,30777.0,MOTIVA ENTERPRISE LLC,HVL,INTRASTATE,TEXAS,4.02,18.3,13.0,0.0,0.0,35.32,,,
2/2/2026,2020.0,20210649.0,18759.0,30777.0,MOTIVA ENTERPRISE LLC,Refined and/or Petroleum Product (non-HVL),INTRASTATE,TEXAS,0.0,62.17,0.0,0.0,0.0,62.17,,,
2/2/2026,2020.0,20210257.0,18354.0,30781.0,OLYMPIC PIPE LINE COMPANY,Refined and/or Petroleum Product (non-HVL),INTERSTATE,OREGON,10.8,7.2,1.7,7.4,1.3,13.6,,,
2/2/2026,2020.0,20210257.0,18354.0,30781.0,OLYMPIC PIPE LINE COMPANY,Refined and/or Petroleum Product (non-HVL),INTERSTATE,WASHINGTON,174.8,172.1,175.5,166.5,62.8,325.5,,,
2/2/2026,2020.0,20210257.0,18354.0,30781.0,OLYMPIC PIPE LINE COMPANY,Refined and/or Petroleum Product (non-HVL),INTRASTATE,WASHINGTON,33.3,8.8,18.0,6.7,3.0,41.2,,,
2/2/2026,2020.0,20210399.0,18912.0,30782.0,HARVEST MIDSTREAM COMPANY,Crude Oil,INTERSTATE,LOUISIANA,1.772,9.21,6.582,16.542,28.103,42.958,,,
2/2/2026,2020.0,20210399.0,18912.0,30782.0,HARVEST MIDSTREAM COMPANY,Crude Oil,INTERSTATE,OCS-Gulf of Mexico,,,,,,,,31.801,31.801
2/2/2026,2020.0,20210399.0,18912.0,30782.0,HARVEST MIDSTREAM COMPANY,Crude Oil,INTERSTATE,TEXAS,,2.262,,,0.642,2.904,,,
2/2/2026,2020.0,20210399.0,18912.0,30782.0,HARVEST MIDSTREAM COMPANY,Crude Oil,INTRASTATE,LOUISIANA,12.395,21.467,9.758,31.965,16.467,86.67,,,
2/2/2026,2020.0,20210399.0,18912.0,30782.0,HARVEST MIDSTREAM COMPANY,Crude Oil,INTRASTATE,TEXAS,3.902,37.862,51.939,43.356,10.326,101.795,,,
2/2/2026,2020.0,20210037.0,18092.0,30792.0,LAMAR OIL & GAS,Crude Oil,INTRASTATE,TEXAS,,,,,,,0.0,0.0,0.0
2/2/2026,2020.0,20210058.0,18113.0,30825.0,CITGO PETROLEUM CORPORATION (REFINERY),HVL,INTRASTATE,LOUISIANA,0.0,6.24,0.0,0.0,0.0,6.24,,,
2/2/2026,2020.0,20210430.0,18909.0,30826.0,WILLIAMS FIELD SERVICES,HVL,INTERSTATE,COLORADO,0.21,21.91,35.46,41.67,,79.49,,,
2/2/2026,2020.0,20210430.0,18909.0,30826.0,WILLIAMS FIELD SERVICES,HVL,INTERSTATE,KANSAS,,16.97,103.18,3.78,3.24,118.57,,,
2/2/2026,2020.0,20210430.0,18909.0,30826.0,WILLIAMS FIELD SERVICES,HVL,INTERSTATE,OHIO,2.59,6.11,7.53,,2.61,8.94,,,
2/2/2026,2020.0,20210430.0,18909.0,30826.0,WILLIAMS FIELD SERVICES,HVL,INTERSTATE,PENNSYLVANIA,1.4,,,,,1.4,,,
2/2/2026,2020.0,20210430.0,18909.0,30826.0,WILLIAMS FIELD SERVICES,HVL,INTERSTATE,WEST VIRGINIA,,,0.17,,0.09,0.26,,,
2/2/2026,2020.0,20210430.0,18909.0,30826.0,WILLIAMS FIELD SERVICES,HVL,INTERSTATE,WYOMING,3.11,43.57,85.15,70.61,,153.57,,,
2/2/2026,2020.0,20210430.0,18909.0,30826.0,WILLIAMS FIELD SERVICES,HVL,INTRASTATE,COLORADO,,5.65,,11.59,,11.59,,,
2/2/2026,2020.0,20210432.0,18905.0,30829.0,ENTERPRISE CRUDE PIPELINE LLC,Crude Oil,INTERSTATE,NEW MEXICO,0.0,4.356,0.0,0.0,0.0,4.356,,,
2/2/2026,2020.0,20210432.0,18905.0,30829.0,ENTERPRISE CRUDE PIPELINE LLC,Crude Oil,INTERSTATE,OKLAHOMA,0.0,35.242,183.959,46.037,0.0,183.959,,,
2/2/2026,2020.0,20210432.0,18905.0,30829.0,ENTERPRISE CRUDE PIPELINE LLC,Crude Oil,INTERSTATE,TEXAS,324.535,470.265,319.363,100.865,59.429,597.081,,,
2/2/2026,2020.0,20210432.0,18905.0,30829.0,ENTERPRISE CRUDE PIPELINE LLC,Crude Oil,INTRASTATE,NEW MEXICO,0.0,0.0,0.0,0.0,0.0,0.0,,,
2/2/2026,2020.0,20210432.0,18905.0,30829.0,ENTERPRISE CRUDE PIPELINE LLC,Crude Oil,INTRASTATE,TEXAS,115.626,142.7,150.191,195.326,10.198,317.318,,,
2/2/2026,2020.0,20210431.0,18533.0,30829.0,ENTERPRISE CRUDE PIPELINE LLC,Refined and/or Petroleum Product (non-HVL),INTERSTATE,TEXAS,0.0,0.0,0.0,0.0,0.0,0.0,,,
2/2/2026,2020.0,20210431.0,18533.0,30829.0,ENTERPRISE CRUDE PIPELINE LLC,Refined and/or Petroleum Product (non-HVL),INTRASTATE,TEXAS,1.917,1.782,1.917,0.0,1.389,1.917,,,
2/2/2026,2020.0,20210308.0,18405.0,30834.0,TIDELANDS OIL PRODUCTION COMPANY,Crude Oil,INTRASTATE,CALIFORNIA,2.06,,,,0.0,2.06,,,
2/2/2026,2020.0,20210109.0,18176.0,30901.0,MENZIES AVIATION,Refined and/or Petroleum Product (non-HVL),INTRASTATE,ALASKA,7.6,7.6,7.6,7.6,7.6,7.6,,,
2/2/2026,2020.0,20210443.0,18545.0,30909.0,TRANSMONTAIGNE OPERATING COMPANY L.P.,Crude Oil,INTRASTATE,CALIFORNIA,1.9,1.4,1.5,1.9,1.4,1.9,,,
2/2/2026,2020.0,20210475.0,18577.0,30909.0,TRANSMONTAIGNE OPERATING COMPANY L.P.,Refined and/or Petroleum Product (non-HVL),INTERSTATE,ARKANSAS,7.14,7.23,5.23,5.23,0.0,8.87,,,
2/2/2026,2020.0,20210475.0,18577.0,30909.0,TRANSMONTAIGNE OPERATING COMPANY L.P.,Refined and/or Petroleum Product (non-HVL),INTERSTATE,MISSOURI,11.33,16.91,15.86,19.86,0.0,20.7,,,
2/2/2026,2020.0,20210475.0,18577.0,30909.0,TRANSMONTAIGNE OPERATING COMPANY L.P.,Refined and/or Petroleum Product (non-HVL),INTRASTATE,CALIFORNIA,6.23,5.73,6.33,6.13,5.73,6.33,,,
2/2/2026,2020.0,20210475.0,18577.0,30909.0,TRANSMONTAIGNE OPERATING COMPANY L.P.,Refined and/or Petroleum Product (non-HVL),INTRASTATE,MISSISSIPPI,15.2,14.3,12.9,22.9,11.1,25.8,,,
2/2/2026,2020.0,20210475.0,18577.0,30909.0,TRANSMONTAIGNE OPERATING COMPANY L.P.,Refined and/or Petroleum Product (non-HVL),INTRASTATE,TEXAS,29.71,29.54,30.91,22.91,1.48,32.74,,,
2/2/2026,2020.0,20210376.0,18473.0,30940.0,"WILLIAMS ENERGY, LLC",HVL,INTRASTATE,LOUISIANA,0.55,9.71,0.0,0.0,2.0,10.26,,,
2/2/2026,2020.0,20210124.0,18906.0,30959.0,THE DOW CHEMICAL COMPANY,HVL,INTRASTATE,TEXAS,43.49,42.82,0.0,33.57,15.03,71.23,,,
2/2/2026,2020.0,20210123.0,18193.0,30959.0,THE DOW CHEMICAL COMPANY,Refined and/or Petroleum Product (non-HVL),INTRASTATE,TEXAS,41.16,20.92,57.35,40.85,22.44,57.38,,,
2/2/2026,2020.0,20210146.0,18217.0,31023.0,CITGO REFINING & CHEMICAL CO. L.P.,Crude Oil,INTRASTATE,TEXAS,4.1,0.0,0.0,0.0,0.0,4.1,,,
2/2/2026,2020.0,20210148.0,18219.0,31023.0,CITGO REFINING & CHEMICAL CO. L.P.,HVL,INTRASTATE,TEXAS,5.7,0.0,0.0,0.0,0.0,5.7,,,
2/2/2026,2020.0,20210147.0,18218.0,31023.0,CITGO REFINING & CHEMICAL CO. L.P.,Refined and/or Petroleum Product (non-HVL),INTRASTATE,TEXAS,48.6,0.0,0.0,0.0,0.0,48.6,,,
2/2/2026,2020.0,20210072.0,18130.0,31045.0,"GENESIS PIPELINE USA, L.P.",Crude Oil,INTERSTATE,ALABAMA,24.83,33.57,0.0,37.14,32.36,45.15,,,
2/2/2026,2020.0,20210072.0,18130.0,31045.0,"GENESIS PIPELINE USA, L.P.",Crude Oil,INTERSTATE,FLORIDA,0.0,19.04,0.73,24.67,24.57,29.41,,,
2/2/2026,2020.0,20210072.0,18130.0,31045.0,"GENESIS PIPELINE USA, L.P.",Crude Oil,INTERSTATE,LOUISIANA,29.5,23.16,31.17,11.6,28.14,32.73,,,
2/2/2026,2020.0,20210072.0,18130.0,31045.0,"GENESIS PIPELINE USA, L.P.",Crude Oil,INTERSTATE,MISSISSIPPI,0.0,63.92,45.95,20.77,13.16,109.49,,,
2/2/2026,2020.0,20210104.0,18171.0,31049.0,MCCHORD PIPELINE CO.,Refined and/or Petroleum Product (non-HVL),INTRASTATE,WASHINGTON,14.25,0.0,0.0,0.0,0.0,14.25,,,
2/2/2026,2020.0,20210236.0,18332.0,31051.0,"TIDEWATER, INC",Refined and/or Petroleum Product (non-HVL),INTRASTATE,OREGON,0.0,0.0,0.0,0.0,10.56,10.56,,,
2/2/2026,2020.0,20210236.0,18332.0,31051.0,"TIDEWATER, INC",Refined and/or Petroleum Product (non-HVL),INTRASTATE,WASHINGTON,0.0,0.0,0.0,0.0,6.83,6.83,,,
2/2/2026,2020.0,20210451.0,18553.0,31056.0,"SIGNATURE FLIGHT SUPPORT, M&O _ HONOLULU",Refined and/or Petroleum Product (non-HVL),INTRASTATE,HAWAII,6.0,6.0,0.0,6.0,6.0,6.0,,,
2/2/2026,2020.0,20210108.0,18175.0,31057.0,"HECO - HAWAIIAN ELECTRIC COMPANY, INC.",Refined and/or Petroleum Product (non-HVL),INTRASTATE,HAWAII,12.0,6.0,1.0,18.0,3.0,18.0,,,
2/2/2026,2020.0,20210274.0,19051.0,31059.0,BASF CORPORATION,HVL,INTRASTATE,TEXAS,3.39,1.47,10.23,6.93,0.24,10.23,,,
2/2/2026,2020.0,20210157.0,18229.0,31075.0,E&B NATURAL RESOURCES MANAGEMENT CORP,Crude Oil,INTRASTATE,CALIFORNIA,6.69,0.0,0.0,3.59,0.0,6.69,,,
2/2/2026,2020.0,20210171.0,18259.0,31083.0,HAWAII ELECTRIC LIGHT,Refined and/or Petroleum Product (non-HVL),INTRASTATE,HAWAII,0.0,2.0,0.0,0.5,0.82,2.0,,,
2/2/2026,2020.0,20210113.0,18181.0,31130.0,DCP MIDSTREAM,HVL,INTERSTATE,COLORADO,2.996,46.995,53.02,7.784,0.0,72.865,,,
2/2/2026,2020.0,20210113.0,18181.0,31130.0,DCP MIDSTREAM,HVL,INTERSTATE,KANSAS,0.0,1.784,39.517,10.223,0.0,51.524,,,
2/2/2026,2020.0,20210113.0,18181.0,31130.0,DCP MIDSTREAM,HVL,INTERSTATE,LOUISIANA,0.0,32.757,53.369,20.872,3.888,83.346,,,
2/2/2026,2020.0,20210113.0,18181.0,31130.0,DCP MIDSTREAM,HVL,INTERSTATE,NEW MEXICO,0.0,6.039,0.0,1.34,0.0,7.379,,,
2/2/2026,2020.0,20210113.0,18181.0,31130.0,DCP MIDSTREAM,HVL,INTERSTATE,OKLAHOMA,2.646,95.18,16.273,64.442,0.0,171.704,,,
2/2/2026,2020.0,20210113.0,18181.0,31130.0,DCP MIDSTREAM,HVL,INTERSTATE,TEXAS,68.988,149.049,49.351,42.23,2.607,217.872,,,
2/2/2026,2020.0,20210113.0,18181.0,31130.0,DCP MIDSTREAM,HVL,INTRASTATE,COLORADO,0.009,1.785,0.0,0.0,0.0,1.785,,,
2/2/2026,2020.0,20210113.0,18181.0,31130.0,DCP MIDSTREAM,HVL,INTRASTATE,MICHIGAN,4.23,0.0,0.0,4.23,0.0,4.23,,,
2/2/2026,2020.0,20210113.0,18181.0,31130.0,DCP MIDSTREAM,HVL,INTRASTATE,NEW MEXICO,0.0,0.0,0.0,0.0,0.0,0.0,,,
2/2/2026,2020.0,20210113.0,18181.0,31130.0,DCP MIDSTREAM,HVL,INTRASTATE,TEXAS,59.789,139.409,64.807,29.727,11.362,203.006,,,
2/2/2026,2020.0,20210112.0,18180.0,31130.0,DCP MIDSTREAM,Refined and/or Petroleum Product (non-HVL),INTRASTATE,NEW MEXICO,0.0,0.0,0.0,0.0,0.0,0.0,,,
2/2/2026,2020.0,20210112.0,18180.0,31130.0,DCP MIDSTREAM,Refined and/or Petroleum Product (non-HVL),INTRASTATE,TEXAS,0.49,2.609,1.315,0.012,0.0,4.333,,,
2/2/2026,2020.0,20210205.0,18300.0,31135.0,PETRO-DIAMOND TERMINAL COMPANY,Refined and/or Petroleum Product (non-HVL),INTRASTATE,CALIFORNIA,2.19,,,,0.76,2.19,,,
2/2/2026,2020.0,20210094.0,18155.0,31136.0,WICKLAND PIPELINES LLC,Refined and/or Petroleum Product (non-HVL),INTRASTATE,CALIFORNIA,8.23,0.0,1.69,3.67,0.11,13.7,,,
2/2/2026,2020.0,20210571.0,18678.0,31166.0,MUSTANG  PIPE  LINE  LLC,Crude Oil,INTERSTATE,ILLINOIS,15.31,90.66,115.8,45.56,26.34,192.49,,,
2/2/2026,2020.0,20210618.0,18727.0,31167.0,MOEM PIPELINE LLC,Crude Oil,INTERSTATE,LOUISIANA,31.5,55.9,25.7,55.9,55.9,55.9,,,
2/2/2026,2020.0,20210542.0,18942.0,31174.0,"SHELL PIPELINE CO., L.P.",Crude Oil,INTERSTATE,ILLINOIS,1.2,0.0,0.0,1.2,1.2,1.2,0.0,0.0,0.0
2/2/2026,2020.0,20210542.0,18942.0,31174.0,"SHELL PIPELINE CO., L.P.",Crude Oil,INTERSTATE,LOUISIANA,161.8,301.4,285.8,231.5,425.6,475.99,15.5,51.6,59.1
2/2/2026,2020.0,20210542.0,18942.0,31174.0,"SHELL PIPELINE CO., L.P.",Crude Oil,INTERSTATE,OCS-Gulf of Mexico,0.0,0.0,0.0,0.0,0.0,0.0,1.7,16.7,16.7
2/2/2026,2020.0,20210542.0,18942.0,31174.0,"SHELL PIPELINE CO., L.P.",Crude Oil,INTERSTATE,TEXAS,76.8,63.5,81.2,22.2,48.2,91.5,0.0,0.0,0.0
2/2/2026,2020.0,20210584.0,18939.0,31174.0,"SHELL PIPELINE CO., L.P.",Fuel Grade Ethanol (dedicated system),INTRASTATE,CALIFORNIA,15.0,0.0,0.3,1.0,4.1,15.0,,,
2/2/2026,2020.0,20210543.0,18663.0,31174.0,"SHELL PIPELINE CO., L.P.",HVL,INTERSTATE,LOUISIANA,60.8,60.9,89.6,42.0,53.6,183.5,,,
2/2/2026,2020.0,20210543.0,18663.0,31174.0,"SHELL PIPELINE CO., L.P.",HVL,INTERSTATE,TEXAS,39.3,29.8,59.5,7.1,26.5,74.8,,,
2/2/2026,2020.0,20210543.0,18663.0,31174.0,"SHELL PIPELINE CO., L.P.",HVL,INTRASTATE,LOUISIANA,33.7,34.4,9.8,53.8,22.0,59.4,,,
2/2/2026,2020.0,20210543.0,18663.0,31174.0,"SHELL PIPELINE CO., L.P.",HVL,INTRASTATE,TEXAS,95.2,51.9,87.3,33.5,43.9,110.1,,,
2/2/2026,2020.0,20210539.0,18943.0,31174.0,"SHELL PIPELINE CO., L.P.",Refined and/or Petroleum Product (non-HVL),INTERSTATE,ILLINOIS,0.8,0.0,0.0,0.3,0.0,0.8,,,
2/2/2026,2020.0,20210539.0,18943.0,31174.0,"SHELL PIPELINE CO., L.P.",Refined and/or Petroleum Product (non-HVL),INTERSTATE,LOUISIANA,90.2,88.3,64.2,88.7,61.6,130.0,,,
2/2/2026,2020.0,20210539.0,18943.0,31174.0,"SHELL PIPELINE CO., L.P.",Refined and/or Petroleum Product (non-HVL),INTERSTATE,TEXAS,17.2,12.2,15.0,0.0,14.9,17.2,,,
2/2/2026,2020.0,20210539.0,18943.0,31174.0,"SHELL PIPELINE CO., L.P.",Refined and/or Petroleum Product (non-HVL),INTRASTATE,CALIFORNIA,108.8,1.1,31.0,17.7,15.1,108.9,,,
2/2/2026,2020.0,20210539.0,18943.0,31174.0,"SHELL PIPELINE CO., L.P.",Refined and/or Petroleum Product (non-HVL),INTRASTATE,ILLINOIS,5.9,0.0,0.0,1.1,0.0,5.9,,,
2/2/2026,2020.0,20210539.0,18943.0,31174.0,"SHELL PIPELINE CO., L.P.",Refined and/or Petroleum Product (non-HVL),INTRASTATE,LOUISIANA,5.9,6.1,4.7,10.3,4.7,10.6,,,
2/2/2026,2020.0,20210539.0,18943.0,31174.0,"SHELL PIPELINE CO., L.P.",Refined and/or Petroleum Product (non-HVL),INTRASTATE,TEXAS,10.2,5.9,9.3,0.0,8.0,10.2,,,
2/2/2026,2020.0,20210453.0,18555.0,31178.0,XTO ENERGY INC,CO2,INTRASTATE,TEXAS,,7.3,,,,7.3,,,
2/2/2026,2020.0,20210388.0,18854.0,31178.0,XTO ENERGY INC,Crude Oil,INTRASTATE,NEW MEXICO,,,,10.0,,10.0,,,
2/2/2026,2020.0,20210388.0,18854.0,31178.0,XTO ENERGY INC,Crude Oil,INTRASTATE,TEXAS,,8.05,,2.7,,10.75,,,
2/2/2026,2020.0,20210458.0,18560.0,31178.0,XTO ENERGY INC,HVL,INTRASTATE,LOUISIANA,0.0,0.0,0.0,0.0,0.0,0.0,,,
2/2/2026,2020.0,20210458.0,18560.0,31178.0,XTO ENERGY INC,HVL,INTRASTATE,TEXAS,0.0,0.0,0.0,0.0,0.0,0.0,,,
2/2/2026,2020.0,20210259.0,18356.0,31189.0,BP PIPELINE (NORTH AMERICA) INC.,Crude Oil,INTERSTATE,ILLINOIS,77.4,131.5,94.2,69.0,38.2,240.6,,,
2/2/2026,2020.0,20210259.0,18356.0,31189.0,BP PIPELINE (NORTH AMERICA) INC.,Crude Oil,INTERSTATE,INDIANA,41.5,0.0,19.4,2.7,3.4,41.5,,,
2/2/2026,2020.0,20210259.0,18356.0,31189.0,BP PIPELINE (NORTH AMERICA) INC.,Crude Oil,INTERSTATE,IOWA,0.0,5.9,10.2,5.1,3.4,10.5,,,
2/2/2026,2020.0,20210259.0,18356.0,31189.0,BP PIPELINE (NORTH AMERICA) INC.,Crude Oil,INTERSTATE,KANSAS,0.0,26.2,108.7,51.2,0.0,109.1,,,
2/2/2026,2020.0,20210259.0,18356.0,31189.0,BP PIPELINE (NORTH AMERICA) INC.,Crude Oil,INTERSTATE,MISSOURI,0.7,32.0,41.2,16.1,10.4,79.8,,,
2/2/2026,2020.0,20210259.0,18356.0,31189.0,BP PIPELINE (NORTH AMERICA) INC.,Crude Oil,INTERSTATE,OKLAHOMA,0.0,36.8,53.0,37.4,7.1,71.1,,,
2/2/2026,2020.0,20210259.0,18356.0,31189.0,BP PIPELINE (NORTH AMERICA) INC.,Crude Oil,INTRASTATE,WASHINGTON,0.0,1.1,0.9,0.0,0.0,2.0,,,
2/2/2026,2020.0,20210262.0,18359.0,31189.0,BP PIPELINE (NORTH AMERICA) INC.,HVL,INTERSTATE,INDIANA,1.7,,1.7,,,1.7,,,
2/2/2026,2020.0,20210262.0,18359.0,31189.0,BP PIPELINE (NORTH AMERICA) INC.,HVL,INTRASTATE,WASHINGTON,0.0,0.0,0.9,0.6,,1.5,,,
2/2/2026,2020.0,20210307.0,18404.0,31189.0,BP PIPELINE (NORTH AMERICA) INC.,Refined and/or Petroleum Product (non-HVL),INTERSTATE,ALABAMA,1.8,5.6,0.0,8.2,4.8,16.2,,,
2/2/2026,2020.0,20210307.0,18404.0,31189.0,BP PIPELINE (NORTH AMERICA) INC.,Refined and/or Petroleum Product (non-HVL),INTERSTATE,ILLINOIS,18.8,23.7,13.5,23.2,2.4,59.0,,,
2/2/2026,2020.0,20210307.0,18404.0,31189.0,BP PIPELINE (NORTH AMERICA) INC.,Refined and/or Petroleum Product (non-HVL),INTERSTATE,INDIANA,19.6,36.3,40.9,74.8,3.2,89.2,,,
2/2/2026,2020.0,20210307.0,18404.0,31189.0,BP PIPELINE (NORTH AMERICA) INC.,Refined and/or Petroleum Product (non-HVL),INTERSTATE,KANSAS,0.0,1.7,33.5,1.9,0.0,34.1,,,
2/2/2026,2020.0,20210307.0,18404.0,31189.0,BP PIPELINE (NORTH AMERICA) INC.,Refined and/or Petroleum Product (non-HVL),INTERSTATE,KENTUCKY,0.5,0.4,10.6,23.7,9.3,30.8,,,
2/2/2026,2020.0,20210307.0,18404.0,31189.0,BP PIPELINE (NORTH AMERICA) INC.,Refined and/or Petroleum Product (non-HVL),INTERSTATE,MISSOURI,0.0,1.3,5.6,0.0,0.0,5.7,,,
2/2/2026,2020.0,20210307.0,18404.0,31189.0,BP PIPELINE (NORTH AMERICA) INC.,Refined and/or Petroleum Product (non-HVL),INTERSTATE,TENNESSEE,12.0,25.8,37.2,49.2,6.1,80.9,,,
2/2/2026,2020.0,20210032.0,19050.0,31199.0,ALLIANCE PIPELINE L.P.,HVL,INTRASTATE,NORTH DAKOTA,0.0,0.0,0.0,0.0,0.0,0.0,,,
2/2/2026,2020.0,20210401.0,18501.0,31202.0,"ENABLE MIDSTREAM PARTNERS, LP",HVL,INTRASTATE,TEXAS,0.52,0.64,0.0,0.0,0.0,1.16,,,
2/2/2026,2020.0,20210397.0,18497.0,31202.0,"ENABLE MIDSTREAM PARTNERS, LP",Refined and/or Petroleum Product (non-HVL),INTRASTATE,TEXAS,0.0,0.0,0.0,0.0,0.0,0.0,,,
2/2/2026,2020.0,20210301.0,18398.0,31228.0,"CALIFORNIA RESOURCES ELK HILLS, LLC",HVL,INTRASTATE,CALIFORNIA,,0.45,0.2,21.15,,21.15,,,
2/2/2026,2020.0,20210302.0,18399.0,31228.0,"CALIFORNIA RESOURCES ELK HILLS, LLC",Refined and/or Petroleum Product (non-HVL),INTRASTATE,CALIFORNIA,,0.28,0.09,6.49,0.0,6.49,,,
2/2/2026,2020.0,20210219.0,18315.0,31256.0,"JGE GAS SOLUTIONS, LP",HVL,INTRASTATE,TEXAS,,18.58,,,,18.58,,,
2/2/2026,2020.0,20210693.0,18818.0,31285.0,HOUSTON AMMONIA TERMINAL,HVL,INTRASTATE,TEXAS,0.0,3.54,0.0,0.0,0.0,3.54,,,
2/2/2026,2020.0,20210064.0,18125.0,31312.0,WEST PHOENIX POWER PLANT,Refined and/or Petroleum Product (non-HVL),INTRASTATE,ARIZONA,,,,,,,,,
2/2/2026,2020.0,20210340.0,18437.0,31341.0,OLIKTOK PIPELINE COMPANY,HVL,INTRASTATE,ALASKA,0.0,1.189,0.0,28.065,0.0,28.065,,,
2/2/2026,2020.0,20210093.0,18154.0,31352.0,WHITING PETROLEUM CORP,Crude Oil,INTRASTATE,COLORADO,,,,,,,,,
2/2/2026,2020.0,20210533.0,18636.0,31371.0,"BUCKEYE DEVELOPMENT & LOGISTICS, LLC",HVL,INTERSTATE,LOUISIANA,13.068,5.351,10.989,0.0,3.423,19.755,,,
2/2/2026,2020.0,20210533.0,18636.0,31371.0,"BUCKEYE DEVELOPMENT & LOGISTICS, LLC",HVL,INTERSTATE,MICHIGAN,5.959,1.309,1.552,2.383,1.56,6.01,,,
2/2/2026,2020.0,20210533.0,18636.0,31371.0,"BUCKEYE DEVELOPMENT & LOGISTICS, LLC",HVL,INTERSTATE,TEXAS,23.676,39.86,41.699,3.78,15.692,52.535,,,
2/2/2026,2020.0,20210533.0,18636.0,31371.0,"BUCKEYE DEVELOPMENT & LOGISTICS, LLC",HVL,INTRASTATE,LOUISIANA,18.873,12.823,11.035,4.938,1.462,22.997,,,
2/2/2026,2020.0,20210533.0,18636.0,31371.0,"BUCKEYE DEVELOPMENT & LOGISTICS, LLC",HVL,INTRASTATE,TEXAS,150.376,196.324,188.331,69.37,32.124,371.868,,,
2/2/2026,2020.0,20210534.0,18637.0,31371.0,"BUCKEYE DEVELOPMENT & LOGISTICS, LLC",Refined and/or Petroleum Product (non-HVL),INTERSTATE,FLORIDA,37.557,4.754,37.557,6.682,4.812,37.557,,,
2/2/2026,2020.0,20210534.0,18637.0,31371.0,"BUCKEYE DEVELOPMENT & LOGISTICS, LLC",Refined and/or Petroleum Product (non-HVL),INTERSTATE,NEVADA,3.035,0.524,0.524,0.524,0.0,3.035,,,
2/2/2026,2020.0,20210534.0,18637.0,31371.0,"BUCKEYE DEVELOPMENT & LOGISTICS, LLC",Refined and/or Petroleum Product (non-HVL),INTERSTATE,TENNESSEE,14.287,4.533,0.0,1.774,1.958,14.951,,,
2/2/2026,2020.0,20210534.0,18637.0,31371.0,"BUCKEYE DEVELOPMENT & LOGISTICS, LLC",Refined and/or Petroleum Product (non-HVL),INTERSTATE,TEXAS,5.961,9.112,2.161,0.0,0.0,12.303,,,
2/2/2026,2020.0,20210534.0,18637.0,31371.0,"BUCKEYE DEVELOPMENT & LOGISTICS, LLC",Refined and/or Petroleum Product (non-HVL),INTRASTATE,CALIFORNIA,4.288,0.0,0.0,3.176,0.0,4.288,,,
2/2/2026,2020.0,20210534.0,18637.0,31371.0,"BUCKEYE DEVELOPMENT & LOGISTICS, LLC",Refined and/or Petroleum Product (non-HVL),INTRASTATE,TEXAS,0.924,0.256,0.0,0.596,0.0,0.924,,,
2/2/2026,2020.0,20210231.0,18327.0,31391.0,"LINDE GAS NORTH AMERICA, LLC",CO2,INTRASTATE,WYOMING,,,7.0,7.0,,7.0,,,
2/2/2026,2020.0,20210694.0,18819.0,31420.0,VOPAK TERMINAL LOS ANGELES INC.,Refined and/or Petroleum Product (non-HVL),INTRASTATE,CALIFORNIA,6.47,,,,4.2,10.67,,,
2/2/2026,2020.0,20210291.0,18845.0,31425.0,MIDCOAST PIPELINES (TEXAS GATHERING) L.P.,HVL,INTRASTATE,TEXAS,,,,1.429,,1.429,,,
2/2/2026,2020.0,20210234.0,18923.0,31434.0,PALMER PETROLEUM INC,Crude Oil,INTRASTATE,ALABAMA,7.0,0.0,0.0,0.0,0.0,7.0,,,
2/2/2026,2020.0,20210346.0,18729.0,31443.0,"ALON USA, LP",Refined and/or Petroleum Product (non-HVL),INTRASTATE,TEXAS,0.0,0.0,0.0,0.0,0.0,0.0,,,
2/2/2026,2020.0,20210286.0,18383.0,31448.0,ENBRIDGE PIPELINES (TOLEDO) INC,Crude Oil,INTERSTATE,MICHIGAN,29.61,44.94,7.94,8.34,0.39,67.08,,,
2/2/2026,2020.0,20210286.0,18383.0,31448.0,ENBRIDGE PIPELINES (TOLEDO) INC,Crude Oil,INTERSTATE,OHIO,10.46,2.62,0.0,4.2,3.39,10.46,,,
2/2/2026,2020.0,20210314.0,18411.0,31451.0,KINDER MORGAN TEXAS PIPELINE CO,Refined and/or Petroleum Product (non-HVL),INTRASTATE,TEXAS,0.0,0.0,0.0,0.0,0.0,0.0,,,
2/2/2026,2020.0,20210660.0,18771.0,31454.0,"NUSTAR LOGISTICS, L.P.",Crude Oil,INTERSTATE,OKLAHOMA,0.0,40.9,11.7,0.0,0.0,40.9,,,
2/2/2026,2020.0,20210660.0,18771.0,31454.0,"NUSTAR LOGISTICS, L.P.",Crude Oil,INTERSTATE,TEXAS,0.0,0.4,9.6,0.0,0.0,9.9,,,
2/2/2026,2020.0,20210660.0,18771.0,31454.0,"NUSTAR LOGISTICS, L.P.",Crude Oil,INTRASTATE,TEXAS,7.3,87.2,122.6,60.6,1.6,225.6,,,
2/2/2026,2020.0,20210661.0,18896.0,31454.0,"NUSTAR LOGISTICS, L.P.",HVL,INTRASTATE,TEXAS,45.1,5.3,1.9,11.2,1.1,57.7,,,
2/2/2026,2020.0,20210659.0,18769.0,31454.0,"NUSTAR LOGISTICS, L.P.",Refined and/or Petroleum Product (non-HVL),INTERSTATE,COLORADO,23.5,69.1,17.3,15.3,0.0,97.6,,,
2/2/2026,2020.0,20210659.0,18769.0,31454.0,"NUSTAR LOGISTICS, L.P.",Refined and/or Petroleum Product (non-HVL),INTERSTATE,NEW MEXICO,4.9,38.0,32.2,13.2,0.0,62.3,,,
2/2/2026,2020.0,20210659.0,18769.0,31454.0,"NUSTAR LOGISTICS, L.P.",Refined and/or Petroleum Product (non-HVL),INTERSTATE,OKLAHOMA,0.0,6.0,0.0,3.7,0.0,6.0,,,
2/2/2026,2020.0,20210659.0,18769.0,31454.0,"NUSTAR LOGISTICS, L.P.",Refined and/or Petroleum Product (non-HVL),INTERSTATE,TEXAS,56.4,108.4,80.1,53.5,0.7,194.9,,,
2/2/2026,2020.0,20210659.0,18769.0,31454.0,"NUSTAR LOGISTICS, L.P.",Refined and/or Petroleum Product (non-HVL),INTRASTATE,TEXAS,82.7,189.8,58.1,95.9,3.2,319.4,,,
2/2/2026,2020.0,20210499.0,18602.0,31455.0,"CALUMET MONTANA REFINING, LLC",Crude Oil,INTRASTATE,MONTANA,2.6,0.0,0.0,0.0,0.0,2.6,,,
2/2/2026,2020.0,20210142.0,18213.0,31460.0,DOD DEFENSE ENERGY SUPPORT CENTER,Refined and/or Petroleum Product (non-HVL),INTRASTATE,CALIFORNIA,32.97,0.0,0.0,0.0,1.7,34.67,,,
2/2/2026,2020.0,20210701.0,18831.0,31475.0,TRINITY PIPELINE GP LLC,CO2,INTERSTATE,NEW MEXICO,0.0,0.0,0.0,0.0,0.0,0.0,0.0,0.0,0.0
2/2/2026,2020.0,20210701.0,18831.0,31475.0,TRINITY PIPELINE GP LLC,CO2,INTERSTATE,TEXAS,0.0,0.0,0.0,0.0,0.0,0.0,0.0,0.0,0.0
2/2/2026,2020.0,20210701.0,18831.0,31475.0,TRINITY PIPELINE GP LLC,CO2,INTRASTATE,NEW MEXICO,0.0,0.0,0.0,0.0,0.0,0.0,,,
2/2/2026,2020.0,20210701.0,18831.0,31475.0,TRINITY PIPELINE GP LLC,CO2,INTRASTATE,TEXAS,0.0,0.0,0.54,0.0,0.0,0.54,0.0,0.0,0.0
2/2/2026,2020.0,20210359.0,18456.0,31476.0,"ROSE ROCK MIDSTREAM OPERATING, LLC",Crude Oil,INTERSTATE,KANSAS,0.3,23.6,77.3,12.1,0.0,92.6,,,
2/2/2026,2020.0,20210359.0,18456.0,31476.0,"ROSE ROCK MIDSTREAM OPERATING, LLC",Crude Oil,INTERSTATE,NORTH DAKOTA,0.0,0.0,0.0,0.0,0.0,0.0,,,
2/2/2026,2020.0,20210359.0,18456.0,31476.0,"ROSE ROCK MIDSTREAM OPERATING, LLC",Crude Oil,INTERSTATE,OKLAHOMA,0.0,15.8,6.8,9.5,0.0,17.0,,,
2/2/2026,2020.0,20210359.0,18456.0,31476.0,"ROSE ROCK MIDSTREAM OPERATING, LLC",Crude Oil,INTRASTATE,COLORADO,0.0,2.8,4.4,0.0,0.0,4.4,,,
2/2/2026,2020.0,20210359.0,18456.0,31476.0,"ROSE ROCK MIDSTREAM OPERATING, LLC",Crude Oil,INTRASTATE,LOUISIANA,1.4,7.2,0.7,0.6,0.1,8.5,,,
2/2/2026,2020.0,20210359.0,18456.0,31476.0,"ROSE ROCK MIDSTREAM OPERATING, LLC",Crude Oil,INTRASTATE,OKLAHOMA,0.0,0.0,0.0,0.0,0.0,0.0,,,
2/2/2026,2020.0,20210357.0,18454.0,31476.0,"ROSE ROCK MIDSTREAM OPERATING, LLC",HVL,INTRASTATE,LOUISIANA,7.6,20.6,0.0,0.2,0.0,24.2,,,
2/2/2026,2020.0,20210358.0,18455.0,31476.0,"ROSE ROCK MIDSTREAM OPERATING, LLC",Refined and/or Petroleum Product (non-HVL),INTRASTATE,LOUISIANA,11.1,23.5,0.0,0.0,0.0,28.0,,,
2/2/2026,2020.0,20210237.0,18333.0,31502.0,OCCIDENTAL PERMIAN LTD,CO2,INTRASTATE,TEXAS,,,,,,,,,
2/2/2026,2020.0,20210232.0,19736.0,31502.0,OCCIDENTAL PERMIAN LTD,HVL,INTRASTATE,TEXAS,0.0,0.0,0.0,0.0,0.0,0.0,,,
2/2/2026,2020.0,20210422.0,18523.0,31506.0,CONOCOPHILLIPS COMPANY (E&P-L-48),HVL,INTRASTATE,NEW MEXICO,0.0,0.49,0.25,0.0,0.0,0.74,,,
2/2/2026,2020.0,20210422.0,18523.0,31506.0,CONOCOPHILLIPS COMPANY (E&P-L-48),HVL,INTRASTATE,TEXAS,0.0,0.0,0.0,0.0,0.0,0.0,,,
2/2/2026,2020.0,20210200.0,18290.0,31517.0,ASCEND PERFORMANCE MATERIALS TEXAS INC,HVL,INTRASTATE,TEXAS,3.77,27.21,20.96,12.64,0.3,64.88,,,
2/2/2026,2020.0,20210040.0,18145.0,31523.0,ANDERSON OIL LTD,Crude Oil,INTRASTATE,TEXAS,0.18,0.22,0.0,0.07,0.0,0.35,,,
2/2/2026,2020.0,20210116.0,18185.0,31526.0,DELAWARE STORAGE AND PIPELINE COMPANY,Refined and/or Petroleum Product (non-HVL),INTRASTATE,DELAWARE,0.0,6.72,0.0,6.72,0.0,6.72,,,
2/2/2026,2020.0,20210138.0,18967.0,31546.0,CENTRAL LOUISIANA ENERGY PIPELINE CO (CLEPCO),Crude Oil,INTRASTATE,LOUISIANA,0.0,0.4,4.2,29.45,6.25,40.3,,,
2/2/2026,2020.0,20210342.0,18439.0,31552.0,ALPINE TRANSPORTATION CO.,Crude Oil,INTERSTATE,ALASKA,0.0,1.237,0.0,34.634,3.094,34.634,,,
2/2/2026,2020.0,20210079.0,18137.0,31554.0,"BOARDWALK PETROCHEMICAL PIPELINE, LLC",HVL,INTERSTATE,LOUISIANA,17.3,19.3,25.6,1.3,20.8,60.5,,,
2/2/2026,2020.0,20210079.0,18137.0,31554.0,"BOARDWALK PETROCHEMICAL PIPELINE, LLC",HVL,INTERSTATE,TEXAS,9.5,8.5,7.6,0.0,2.4,15.3,,,
2/2/2026,2020.0,20210349.0,18446.0,31555.0,KINDER MORGAN CO2 CO. LLC,CO2,INTERSTATE,COLORADO,0.0,0.0,0.0,2.43,0.0,2.43,,,
2/2/2026,2020.0,20210349.0,18446.0,31555.0,KINDER MORGAN CO2 CO. LLC,CO2,INTERSTATE,NEW MEXICO,0.78,52.04,0.0,41.19,0.0,87.38,,,
2/2/2026,2020.0,20210349.0,18446.0,31555.0,KINDER MORGAN CO2 CO. LLC,CO2,INTERSTATE,TEXAS,0.0,1.26,0.0,0.0,0.0,1.26,,,
2/2/2026,2020.0,20210349.0,18446.0,31555.0,KINDER MORGAN CO2 CO. LLC,CO2,INTRASTATE,TEXAS,0.0,0.0,0.0,0.0,0.0,0.0,,,
2/2/2026,2020.0,20210225.0,18321.0,31563.0,"WHITECAP PIPE LINE COMPANY, L.L.C.",Crude Oil,INTERSTATE,OCS-Gulf of Mexico,,,,,,,0.0,0.0,0.0
2/2/2026,2020.0,20210673.0,18792.0,31574.0,"WESTERN REFINING LOGISTICS, LP",Crude Oil,INTERSTATE,NEW MEXICO,8.1,72.1,15.2,58.6,0.0,107.6,,,
2/2/2026,2020.0,20210673.0,18792.0,31574.0,"WESTERN REFINING LOGISTICS, LP",Crude Oil,INTERSTATE,TEXAS,2.4,5.9,2.2,2.1,0.0,11.2,,,
2/2/2026,2020.0,20210670.0,18781.0,31574.0,"WESTERN REFINING LOGISTICS, LP",HVL,INTRASTATE,NEW MEXICO,0.0,19.9,7.0,24.0,0.0,25.3,,,
2/2/2026,2020.0,20210507.0,18610.0,31579.0,"MAGELLAN PIPELINES HOLDINGS, LP",Crude Oil,INTERSTATE,OKLAHOMA,0.0,39.2,32.99,10.86,0.0,72.2,,,
2/2/2026,2020.0,20210507.0,18610.0,31579.0,"MAGELLAN PIPELINES HOLDINGS, LP",Crude Oil,INTRASTATE,TEXAS,2.57,2.65,0.0,1.99,4.62,5.9,,,
2/2/2026,2020.0,20210508.0,18611.0,31579.0,"MAGELLAN PIPELINES HOLDINGS, LP",Refined and/or Petroleum Product (non-HVL),INTRASTATE,TEXAS,23.46,5.3,11.52,4.1,12.94,30.13,,,
2/2/2026,2020.0,20210510.0,18830.0,31580.0,"MAGELLAN TERMINALS HOLDINGS, LP",Crude Oil,INTERSTATE,OKLAHOMA,0.0,0.72,0.0,0.0,0.0,0.72,,,
2/2/2026,2020.0,20210510.0,18830.0,31580.0,"MAGELLAN TERMINALS HOLDINGS, LP",Crude Oil,INTRASTATE,LOUISIANA,2.0,0.0,2.0,13.86,13.86,13.86,,,
2/2/2026,2020.0,20210511.0,18614.0,31580.0,"MAGELLAN TERMINALS HOLDINGS, LP",Refined and/or Petroleum Product (non-HVL),INTRASTATE,TEXAS,13.84,0.0,6.21,0.0,3.57,13.84,,,
2/2/2026,2020.0,20210289.0,18386.0,31613.0,"MIDCOAST PIPELINES (EAST TEXAS), L.P.",HVL,INTRASTATE,TEXAS,14.648,51.303,,4.326,4.975,75.252,,,
2/2/2026,2020.0,20210435.0,18899.0,31618.0,ENTERPRISE PRODUCTS OPERATING LLC,Crude Oil,INTRASTATE,TEXAS,14.13,9.557,14.13,0.0,2.277,14.13,,,
2/2/2026,2020.0,20210433.0,18977.0,31618.0,ENTERPRISE PRODUCTS OPERATING LLC,HVL,INTERSTATE,ALABAMA,4.36,8.852,0.0,18.399,0.223,18.399,,,
2/2/2026,2020.0,20210433.0,18977.0,31618.0,ENTERPRISE PRODUCTS OPERATING LLC,HVL,INTERSTATE,ARKANSAS,76.075,216.094,21.401,175.041,37.756,313.271,,,
2/2/2026,2020.0,20210433.0,18977.0,31618.0,ENTERPRISE PRODUCTS OPERATING LLC,HVL,INTERSTATE,COLORADO,7.058,86.12,50.198,171.061,0.0,269.407,,,
2/2/2026,2020.0,20210433.0,18977.0,31618.0,ENTERPRISE PRODUCTS OPERATING LLC,HVL,INTERSTATE,ILLINOIS,58.107,210.321,70.207,267.021,18.179,329.974,,,
2/2/2026,2020.0,20210433.0,18977.0,31618.0,ENTERPRISE PRODUCTS OPERATING LLC,HVL,INTERSTATE,INDIANA,136.251,326.71,183.487,439.997,0.0,449.197,,,
2/2/2026,2020.0,20210433.0,18977.0,31618.0,ENTERPRISE PRODUCTS OPERATING LLC,HVL,INTERSTATE,IOWA,0.0,109.749,12.806,132.309,5.737,192.026,,,
2/2/2026,2020.0,20210433.0,18977.0,31618.0,ENTERPRISE PRODUCTS OPERATING LLC,HVL,INTERSTATE,KANSAS,13.505,166.02,540.226,227.543,7.969,569.992,,,
2/2/2026,2020.0,20210433.0,18977.0,31618.0,ENTERPRISE PRODUCTS OPERATING LLC,HVL,INTERSTATE,KENTUCKY,0.0,3.579,0.0,9.887,5.731,9.887,,,
2/2/2026,2020.0,20210433.0,18977.0,31618.0,ENTERPRISE PRODUCTS OPERATING LLC,HVL,INTERSTATE,LOUISIANA,163.099,283.198,122.199,77.063,118.001,458.448,,,
2/2/2026,2020.0,20210433.0,18977.0,31618.0,ENTERPRISE PRODUCTS OPERATING LLC,HVL,INTERSTATE,MINNESOTA,28.284,49.689,8.778,6.045,0.0,49.689,,,
2/2/2026,2020.0,20210433.0,18977.0,31618.0,ENTERPRISE PRODUCTS OPERATING LLC,HVL,INTERSTATE,MISSISSIPPI,34.184,57.916,1.651,86.329,8.053,86.329,,,
2/2/2026,2020.0,20210433.0,18977.0,31618.0,ENTERPRISE PRODUCTS OPERATING LLC,HVL,INTERSTATE,MISSOURI,5.292,136.589,140.039,89.682,15.83,225.003,,,
2/2/2026,2020.0,20210433.0,18977.0,31618.0,ENTERPRISE PRODUCTS OPERATING LLC,HVL,INTERSTATE,NEBRASKA,1.611,58.366,22.75,54.548,8.097,78.299,,,
2/2/2026,2020.0,20210433.0,18977.0,31618.0,ENTERPRISE PRODUCTS OPERATING LLC,HVL,INTERSTATE,NEW MEXICO,5.956,206.831,16.393,183.05,0.0,335.815,,,
2/2/2026,2020.0,20210433.0,18977.0,31618.0,ENTERPRISE PRODUCTS OPERATING LLC,HVL,INTERSTATE,NEW YORK,1.454,18.353,0.0,3.339,1.36,19.338,,,
2/2/2026,2020.0,20210433.0,18977.0,31618.0,ENTERPRISE PRODUCTS OPERATING LLC,HVL,INTERSTATE,OHIO,223.965,262.212,46.607,275.571,8.74,356.998,,,
2/2/2026,2020.0,20210433.0,18977.0,31618.0,ENTERPRISE PRODUCTS OPERATING LLC,HVL,INTERSTATE,OKLAHOMA,0.0,11.192,110.431,115.803,0.0,115.803,,,
2/2/2026,2020.0,20210433.0,18977.0,31618.0,ENTERPRISE PRODUCTS OPERATING LLC,HVL,INTERSTATE,PENNSYLVANIA,132.385,62.029,0.0,303.071,2.205,387.311,,,
2/2/2026,2020.0,20210433.0,18977.0,31618.0,ENTERPRISE PRODUCTS OPERATING LLC,HVL,INTERSTATE,TEXAS,243.673,636.911,124.86,220.182,56.722,724.757,,,
2/2/2026,2020.0,20210433.0,18977.0,31618.0,ENTERPRISE PRODUCTS OPERATING LLC,HVL,INTERSTATE,UTAH,0.0,48.564,11.585,222.592,0.0,228.723,,,
2/2/2026,2020.0,20210433.0,18977.0,31618.0,ENTERPRISE PRODUCTS OPERATING LLC,HVL,INTERSTATE,WEST VIRGINIA,12.477,11.1,0.0,10.962,6.222,14.041,,,
2/2/2026,2020.0,20210433.0,18977.0,31618.0,ENTERPRISE PRODUCTS OPERATING LLC,HVL,INTERSTATE,WISCONSIN,1.97,21.034,10.17,2.884,0.0,21.811,,,
2/2/2026,2020.0,20210433.0,18977.0,31618.0,ENTERPRISE PRODUCTS OPERATING LLC,HVL,INTERSTATE,WYOMING,0.0,28.282,12.644,94.791,0.0,124.493,,,
2/2/2026,2020.0,20210433.0,18977.0,31618.0,ENTERPRISE PRODUCTS OPERATING LLC,HVL,INTRASTATE,LOUISIANA,183.499,373.1,205.838,295.702,172.875,650.574,,,
2/2/2026,2020.0,20210433.0,18977.0,31618.0,ENTERPRISE PRODUCTS OPERATING LLC,HVL,INTRASTATE,TEXAS,1049.011,1178.068,284.124,466.764,140.859,1690.844,,,
2/2/2026,2020.0,20210433.0,18977.0,31618.0,ENTERPRISE PRODUCTS OPERATING LLC,HVL,INTRASTATE,WYOMING,0.0,0.0,0.0,0.758,0.0,0.758,,,
2/2/2026,2020.0,20210434.0,18536.0,31618.0,ENTERPRISE PRODUCTS OPERATING LLC,Refined and/or Petroleum Product (non-HVL),INTERSTATE,ARKANSAS,0.0,3.778,0.0,1.347,0.048,3.778,,,
2/2/2026,2020.0,20210434.0,18536.0,31618.0,ENTERPRISE PRODUCTS OPERATING LLC,Refined and/or Petroleum Product (non-HVL),INTERSTATE,ILLINOIS,0.475,6.687,0.0,0.0,0.0,6.687,,,
2/2/2026,2020.0,20210434.0,18536.0,31618.0,ENTERPRISE PRODUCTS OPERATING LLC,Refined and/or Petroleum Product (non-HVL),INTERSTATE,INDIANA,28.317,8.612,2.496,2.496,0.0,28.317,,,
2/2/2026,2020.0,20210434.0,18536.0,31618.0,ENTERPRISE PRODUCTS OPERATING LLC,Refined and/or Petroleum Product (non-HVL),INTERSTATE,KANSAS,0.0,0.0,0.0,0.0,0.0,0.0,,,
2/2/2026,2020.0,20210434.0,18536.0,31618.0,ENTERPRISE PRODUCTS OPERATING LLC,Refined and/or Petroleum Product (non-HVL),INTERSTATE,KENTUCKY,6.324,3.986,3.946,5.837,4.007,6.324,,,
2/2/2026,2020.0,20210434.0,18536.0,31618.0,ENTERPRISE PRODUCTS OPERATING LLC,Refined and/or Petroleum Product (non-HVL),INTERSTATE,LOUISIANA,29.805,18.142,23.229,1.781,0.193,29.805,,,
2/2/2026,2020.0,20210434.0,18536.0,31618.0,ENTERPRISE PRODUCTS OPERATING LLC,Refined and/or Petroleum Product (non-HVL),INTERSTATE,OHIO,18.787,25.226,20.802,31.362,1.478,31.362,,,
2/2/2026,2020.0,20210434.0,18536.0,31618.0,ENTERPRISE PRODUCTS OPERATING LLC,Refined and/or Petroleum Product (non-HVL),INTERSTATE,TENNESSEE,0.627,6.832,0.0,2.758,0.45,6.832,,,
2/2/2026,2020.0,20210434.0,18536.0,31618.0,ENTERPRISE PRODUCTS OPERATING LLC,Refined and/or Petroleum Product (non-HVL),INTERSTATE,TEXAS,57.153,30.31,59.062,4.201,7.564,59.062,,,
2/2/2026,2020.0,20210434.0,18536.0,31618.0,ENTERPRISE PRODUCTS OPERATING LLC,Refined and/or Petroleum Product (non-HVL),INTRASTATE,LOUISIANA,15.576,35.028,39.76,21.87,2.409,40.144,,,
2/2/2026,2020.0,20210434.0,18536.0,31618.0,ENTERPRISE PRODUCTS OPERATING LLC,Refined and/or Petroleum Product (non-HVL),INTRASTATE,NEW MEXICO,4.299,66.024,10.396,33.932,0.0,74.025,,,
2/2/2026,2020.0,20210434.0,18536.0,31618.0,ENTERPRISE PRODUCTS OPERATING LLC,Refined and/or Petroleum Product (non-HVL),INTRASTATE,TEXAS,228.103,136.669,228.103,42.938,13.271,228.103,,,
2/2/2026,2020.0,20210676.0,18787.0,31627.0,"DENBURY ONSHORE, LLC",CO2,INTERSTATE,LOUISIANA,17.88,3.36,0.0,0.0,0.0,21.24,,,
2/2/2026,2020.0,20210676.0,18787.0,31627.0,"DENBURY ONSHORE, LLC",CO2,INTERSTATE,MISSISSIPPI,14.72,8.76,0.0,0.0,0.0,23.48,,,
2/2/2026,2020.0,20210676.0,18787.0,31627.0,"DENBURY ONSHORE, LLC",CO2,INTRASTATE,MISSISSIPPI,0.0,0.23,0.0,0.0,0.0,0.23,,,
2/2/2026,2020.0,20220013.0,18966.0,31632.0,NORTHWESTERN CORPORATION,Crude Oil,INTRASTATE,MONTANA,,,,,,,,,
2/2/2026,2020.0,20210454.0,18556.0,31663.0,NAVAJO NATION OIL AND GAS COMPANY,Crude Oil,INTERSTATE,COLORADO,0.0,8.04,8.04,9.271,0.0,9.271,,,
2/2/2026,2020.0,20210454.0,18556.0,31663.0,NAVAJO NATION OIL AND GAS COMPANY,Crude Oil,INTERSTATE,NEW MEXICO,3.311,21.789,9.332,26.562,0.0,26.562,,,
2/2/2026,2020.0,20210454.0,18556.0,31663.0,NAVAJO NATION OIL AND GAS COMPANY,Crude Oil,INTERSTATE,UTAH,0.0,13.897,10.995,10.136,0.0,13.897,,,
2/2/2026,2020.0,20210464.0,18566.0,31684.0,PHILLIPS 66 PIPELINE LLC,Crude Oil,INTERSTATE,ILLINOIS,2.83,2.83,2.54,2.54,2.2,2.83,,,
2/2/2026,2020.0,20210464.0,18566.0,31684.0,PHILLIPS 66 PIPELINE LLC,Crude Oil,INTERSTATE,LOUISIANA,11.4,1.49,11.4,0.0,2.91,11.4,,,
2/2/2026,2020.0,20210464.0,18566.0,31684.0,PHILLIPS 66 PIPELINE LLC,Crude Oil,INTERSTATE,MONTANA,40.39,71.68,147.99,40.7,0.0,153.65,,,
2/2/2026,2020.0,20210464.0,18566.0,31684.0,PHILLIPS 66 PIPELINE LLC,Crude Oil,INTERSTATE,NEW MEXICO,0.0,7.35,3.6,6.64,0.0,17.59,,,
2/2/2026,2020.0,20210464.0,18566.0,31684.0,PHILLIPS 66 PIPELINE LLC,Crude Oil,INTERSTATE,NORTH DAKOTA,0.0,1.02,20.17,20.34,0.0,30.44,,,
2/2/2026,2020.0,20210464.0,18566.0,31684.0,PHILLIPS 66 PIPELINE LLC,Crude Oil,INTERSTATE,OKLAHOMA,29.89,163.73,82.56,105.76,0.0,254.61,,,
2/2/2026,2020.0,20210464.0,18566.0,31684.0,PHILLIPS 66 PIPELINE LLC,Crude Oil,INTERSTATE,TEXAS,5.0,79.69,90.42,47.99,3.87,212.22,,,
2/2/2026,2020.0,20210464.0,18566.0,31684.0,PHILLIPS 66 PIPELINE LLC,Crude Oil,INTERSTATE,WYOMING,0.0,0.15,6.98,0.0,0.0,7.13,,,
2/2/2026,2020.0,20210464.0,18566.0,31684.0,PHILLIPS 66 PIPELINE LLC,Crude Oil,INTRASTATE,CALIFORNIA,86.41,103.09,128.27,224.26,5.92,299.58,,,
2/2/2026,2020.0,20210464.0,18566.0,31684.0,PHILLIPS 66 PIPELINE LLC,Crude Oil,INTRASTATE,LOUISIANA,11.77,3.38,79.24,3.47,4.15,79.24,,,
2/2/2026,2020.0,20210464.0,18566.0,31684.0,PHILLIPS 66 PIPELINE LLC,Crude Oil,INTRASTATE,NORTH DAKOTA,0.0,0.0,0.0,0.0,0.0,0.0,,,
2/2/2026,2020.0,20210464.0,18566.0,31684.0,PHILLIPS 66 PIPELINE LLC,Crude Oil,INTRASTATE,OKLAHOMA,0.0,0.0,0.0,0.0,0.0,0.0,,,
2/2/2026,2020.0,20210464.0,18566.0,31684.0,PHILLIPS 66 PIPELINE LLC,Crude Oil,INTRASTATE,TEXAS,14.54,42.84,35.88,16.44,11.41,83.28,,,
2/2/2026,2020.0,20210466.0,18568.0,31684.0,PHILLIPS 66 PIPELINE LLC,HVL,INTERSTATE,COLORADO,31.27,26.09,34.63,27.09,0.0,98.37,,,
2/2/2026,2020.0,20210466.0,18568.0,31684.0,PHILLIPS 66 PIPELINE LLC,HVL,INTERSTATE,ILLINOIS,9.86,8.63,0.0,4.44,3.23,11.57,,,
2/2/2026,2020.0,20210466.0,18568.0,31684.0,PHILLIPS 66 PIPELINE LLC,HVL,INTERSTATE,KANSAS,25.69,48.45,30.0,72.18,0.0,141.86,,,
2/2/2026,2020.0,20210466.0,18568.0,31684.0,PHILLIPS 66 PIPELINE LLC,HVL,INTERSTATE,LOUISIANA,10.84,1.45,0.0,0.0,0.75,11.56,,,
2/2/2026,2020.0,20210466.0,18568.0,31684.0,PHILLIPS 66 PIPELINE LLC,HVL,INTERSTATE,MISSOURI,17.61,24.41,0.0,83.96,1.71,95.26,,,
2/2/2026,2020.0,20210466.0,18568.0,31684.0,PHILLIPS 66 PIPELINE LLC,HVL,INTERSTATE,NEW MEXICO,0.0,5.84,0.11,7.39,0.0,13.34,,,
2/2/2026,2020.0,20210466.0,18568.0,31684.0,PHILLIPS 66 PIPELINE LLC,HVL,INTERSTATE,OKLAHOMA,0.0,18.16,0.93,13.08,0.0,30.07,,,
2/2/2026,2020.0,20210466.0,18568.0,31684.0,PHILLIPS 66 PIPELINE LLC,HVL,INTERSTATE,TEXAS,106.46,199.61,61.36,98.98,59.32,354.39,,,
2/2/2026,2020.0,20210466.0,18568.0,31684.0,PHILLIPS 66 PIPELINE LLC,HVL,INTERSTATE,WYOMING,0.0,9.3,3.72,0.0,0.0,12.08,,,
2/2/2026,2020.0,20210466.0,18568.0,31684.0,PHILLIPS 66 PIPELINE LLC,HVL,INTRASTATE,LOUISIANA,21.37,132.16,48.59,123.42,24.17,332.4,,,
2/2/2026,2020.0,20210466.0,18568.0,31684.0,PHILLIPS 66 PIPELINE LLC,HVL,INTRASTATE,TEXAS,87.61,92.88,27.62,6.91,4.58,174.79,,,
2/2/2026,2020.0,20210465.0,18567.0,31684.0,PHILLIPS 66 PIPELINE LLC,Refined and/or Petroleum Product (non-HVL),INTERSTATE,COLORADO,36.23,19.85,45.35,19.28,0.0,93.4,,,
2/2/2026,2020.0,20210465.0,18567.0,31684.0,PHILLIPS 66 PIPELINE LLC,Refined and/or Petroleum Product (non-HVL),INTERSTATE,IDAHO,16.6,7.66,56.59,29.85,6.75,56.59,,,
2/2/2026,2020.0,20210465.0,18567.0,31684.0,PHILLIPS 66 PIPELINE LLC,Refined and/or Petroleum Product (non-HVL),INTERSTATE,ILLINOIS,10.87,9.02,3.66,7.39,3.55,13.38,,,
2/2/2026,2020.0,20210465.0,18567.0,31684.0,PHILLIPS 66 PIPELINE LLC,Refined and/or Petroleum Product (non-HVL),INTERSTATE,KANSAS,114.12,148.6,314.06,216.57,11.21,429.61,,,
2/2/2026,2020.0,20210465.0,18567.0,31684.0,PHILLIPS 66 PIPELINE LLC,Refined and/or Petroleum Product (non-HVL),INTERSTATE,LOUISIANA,10.21,0.82,11.47,0.0,1.02,11.47,,,
2/2/2026,2020.0,20210465.0,18567.0,31684.0,PHILLIPS 66 PIPELINE LLC,Refined and/or Petroleum Product (non-HVL),INTERSTATE,MISSOURI,41.52,70.13,43.88,156.75,0.0,195.49,,,
2/2/2026,2020.0,20210465.0,18567.0,31684.0,PHILLIPS 66 PIPELINE LLC,Refined and/or Petroleum Product (non-HVL),INTERSTATE,MONTANA,44.37,152.31,112.61,135.07,0.0,237.59,,,
2/2/2026,2020.0,20210465.0,18567.0,31684.0,PHILLIPS 66 PIPELINE LLC,Refined and/or Petroleum Product (non-HVL),INTERSTATE,NEW JERSEY,2.03,0.0,0.0,0.0,0.0,2.03,,,
2/2/2026,2020.0,20210465.0,18567.0,31684.0,PHILLIPS 66 PIPELINE LLC,Refined and/or Petroleum Product (non-HVL),INTERSTATE,OKLAHOMA,103.67,195.78,128.78,150.69,44.83,358.6,,,
2/2/2026,2020.0,20210465.0,18567.0,31684.0,PHILLIPS 66 PIPELINE LLC,Refined and/or Petroleum Product (non-HVL),INTERSTATE,TEXAS,66.22,78.18,40.49,6.67,12.46,141.47,,,
2/2/2026,2020.0,20210465.0,18567.0,31684.0,PHILLIPS 66 PIPELINE LLC,Refined and/or Petroleum Product (non-HVL),INTERSTATE,UTAH,32.01,25.07,49.84,3.96,0.0,60.01,,,
2/2/2026,2020.0,20210465.0,18567.0,31684.0,PHILLIPS 66 PIPELINE LLC,Refined and/or Petroleum Product (non-HVL),INTERSTATE,WASHINGTON,36.22,18.1,46.07,14.55,3.84,56.78,,,
2/2/2026,2020.0,20210465.0,18567.0,31684.0,PHILLIPS 66 PIPELINE LLC,Refined and/or Petroleum Product (non-HVL),INTERSTATE,WYOMING,5.43,114.98,96.89,64.4,0.0,216.39,,,
2/2/2026,2020.0,20210465.0,18567.0,31684.0,PHILLIPS 66 PIPELINE LLC,Refined and/or Petroleum Product (non-HVL),INTRASTATE,CALIFORNIA,150.38,75.3,95.82,113.06,2.68,219.72,,,
2/2/2026,2020.0,20210465.0,18567.0,31684.0,PHILLIPS 66 PIPELINE LLC,Refined and/or Petroleum Product (non-HVL),INTRASTATE,LOUISIANA,12.69,0.0,12.8,0.0,0.0,19.09,,,
2/2/2026,2020.0,20210465.0,18567.0,31684.0,PHILLIPS 66 PIPELINE LLC,Refined and/or Petroleum Product (non-HVL),INTRASTATE,TEXAS,8.93,21.8,44.49,44.32,18.4,55.9,,,
2/2/2026,2020.0,20210121.0,18191.0,31687.0,"HILL-LAKE GAS STORAGE, LLC",HVL,INTRASTATE,TEXAS,,,,,,,,,
2/2/2026,2020.0,20210445.0,18547.0,31703.0,"WILLIAMS MLP OPERATING, LLC",HVL,INTRASTATE,WEST VIRGINIA,0.0,0.0,0.0,0.0,0.0,0.0,,,
2/2/2026,2020.0,20210528.0,18631.0,31707.0,CHEVRON U.S.A. INC - PERMIAN BASIN,Crude Oil,INTRASTATE,TEXAS,9.1,0.0,0.0,0.0,0.0,9.1,,,
2/2/2026,2020.0,20210386.0,18485.0,31719.0,HILAND PARTNERS HOLDINGS LLC,HVL,INTRASTATE,MONTANA,0.0,0.0,0.0,0.0,0.0,0.0,,,
2/2/2026,2020.0,20210386.0,18485.0,31719.0,HILAND PARTNERS HOLDINGS LLC,HVL,INTRASTATE,NORTH DAKOTA,0.0,0.0,0.0,12.95,0.0,12.95,,,
2/2/2026,2020.0,20210283.0,18380.0,31720.0,"EXPRESS HOLDINGS (USA), LLC",Crude Oil,INTERSTATE,ILLINOIS,4.45,3.55,1.13,0.27,0.4,4.84,,,
2/2/2026,2020.0,20210283.0,18380.0,31720.0,"EXPRESS HOLDINGS (USA), LLC",Crude Oil,INTERSTATE,KANSAS,0.0,3.17,14.58,7.56,3.69,18.51,,,
2/2/2026,2020.0,20210283.0,18380.0,31720.0,"EXPRESS HOLDINGS (USA), LLC",Crude Oil,INTERSTATE,MISSOURI,1.33,51.12,12.55,6.04,3.75,59.07,,,
2/2/2026,2020.0,20210283.0,18380.0,31720.0,"EXPRESS HOLDINGS (USA), LLC",Crude Oil,INTERSTATE,MONTANA,0.0,33.52,20.47,0.0,0.0,39.13,,,
2/2/2026,2020.0,20210283.0,18380.0,31720.0,"EXPRESS HOLDINGS (USA), LLC",Crude Oil,INTERSTATE,NEBRASKA,0.0,27.16,27.04,92.94,0.0,118.58,,,
2/2/2026,2020.0,20210283.0,18380.0,31720.0,"EXPRESS HOLDINGS (USA), LLC",Crude Oil,INTERSTATE,WYOMING,9.69,66.36,38.06,9.21,0.0,92.65,,,
2/2/2026,2020.0,20210100.0,18179.0,31721.0,PIPELINE TECHNOLOGY,HVL,INTRASTATE,LOUISIANA,,6.3,,6.3,6.3,6.3,,,
2/2/2026,2020.0,20210099.0,18166.0,31721.0,PIPELINE TECHNOLOGY,Refined and/or Petroleum Product (non-HVL),INTRASTATE,LOUISIANA,0.0,5.2,19.9,22.0,22.0,22.0,,,
2/2/2026,2020.0,20210343.0,18440.0,31723.0,EXXONMOBIL FUELS AND LUBRICANTS COMPANY,Crude Oil,INTERSTATE,LOUISIANA,0.0,0.0,0.0,0.0,0.0,0.0,,,
2/2/2026,2020.0,20210343.0,18440.0,31723.0,EXXONMOBIL FUELS AND LUBRICANTS COMPANY,Crude Oil,INTRASTATE,LOUISIANA,10.896,0.0,10.896,0.0,10.896,10.896,,,
2/2/2026,2020.0,20210344.0,18441.0,31723.0,EXXONMOBIL FUELS AND LUBRICANTS COMPANY,Refined and/or Petroleum Product (non-HVL),INTRASTATE,LOUISIANA,23.413,0.687,0.687,0.687,0.687,23.413,,,
2/2/2026,2020.0,20210638.0,18748.0,31755.0,"NOBLE MIDSTREAM SERVICES, LLC",Crude Oil,INTRASTATE,COLORADO,13.36,58.36,8.96,7.65,0.0,65.96,,,
2/2/2026,2020.0,20210638.0,18748.0,31755.0,"NOBLE MIDSTREAM SERVICES, LLC",Crude Oil,INTRASTATE,TEXAS,0.0,2.08,0.0,12.91,0.0,14.28,,,
2/2/2026,2020.0,20210639.0,19144.0,31755.0,"NOBLE MIDSTREAM SERVICES, LLC",HVL,INTRASTATE,COLORADO,0.0,0.0,0.0,0.0,0.0,0.0,,,
2/2/2026,2020.0,20210640.0,18750.0,31755.0,"NOBLE MIDSTREAM SERVICES, LLC",Refined and/or Petroleum Product (non-HVL),INTRASTATE,COLORADO,0.0,0.0,0.0,0.0,0.0,0.0,,,
2/2/2026,2020.0,20210038.0,18093.0,31779.0,SWISSPORT FUELING INC,Refined and/or Petroleum Product (non-HVL),INTRASTATE,ARIZONA,12.28,0.0,0.0,0.0,0.0,12.28,,,
2/2/2026,2020.0,20210045.0,18100.0,31801.0,TANDEM ENERGY CORPORATION,Crude Oil,INTRASTATE,TEXAS,,,,,,,,,
2/2/2026,2020.0,20210380.0,18477.0,31816.0,"MID-CONTINENT FRACTIONATION AND STORAGE, L.L.C.",HVL,INTRASTATE,KANSAS,0.0,0.06,0.4,0.0,0.0,0.4,,,
2/2/2026,2020.0,20210379.0,18476.0,31816.0,"MID-CONTINENT FRACTIONATION AND STORAGE, L.L.C.",Refined and/or Petroleum Product (non-HVL),INTRASTATE,KANSAS,0.0,0.0,0.0,0.0,0.0,0.0,,,
2/2/2026,2020.0,20210119.0,18189.0,31822.0,SUNCOR ENERGY (USA) PIPELINE CO.,Crude Oil,INTERSTATE,COLORADO,22.82,29.26,17.95,10.51,0.0,40.38,,,
2/2/2026,2020.0,20210119.0,18189.0,31822.0,SUNCOR ENERGY (USA) PIPELINE CO.,Crude Oil,INTERSTATE,WYOMING,2.94,1.23,4.66,0.0,0.0,5.27,,,
2/2/2026,2020.0,20210119.0,18189.0,31822.0,SUNCOR ENERGY (USA) PIPELINE CO.,Crude Oil,INTRASTATE,COLORADO,17.37,9.13,19.64,1.42,0.0,25.4,,,
2/2/2026,2020.0,20210119.0,18189.0,31822.0,SUNCOR ENERGY (USA) PIPELINE CO.,Crude Oil,INTRASTATE,WYOMING,8.48,39.06,19.22,0.0,0.0,49.0,,,
2/2/2026,2020.0,20210120.0,18190.0,31822.0,SUNCOR ENERGY (USA) PIPELINE CO.,Refined and/or Petroleum Product (non-HVL),INTRASTATE,COLORADO,4.17,0.08,0.09,0.04,0.0,4.17,,,
2/2/2026,2020.0,20210444.0,18546.0,31824.0,"CALUMET PRINCETON REFINING, LLC",Crude Oil,INTRASTATE,LOUISIANA,,34.0,34.0,34.0,1.0,34.0,,,
2/2/2026,2020.0,20210456.0,18558.0,31847.0,"CALUMET COTTON VALLEY REFINING, LLC.",Refined and/or Petroleum Product (non-HVL),INTRASTATE,LOUISIANA,0.0,6.35,6.35,0.0,0.0,6.35,,,
2/2/2026,2020.0,20210360.0,18457.0,31863.0,HFOTCO LLC,Crude Oil,INTRASTATE,TEXAS,24.4,18.3,0.0,18.3,18.0,26.1,,,
2/2/2026,2020.0,20210239.0,18335.0,31864.0,APACHE CORPORATION,CO2,INTRASTATE,TEXAS,,,,,,,,,
2/2/2026,2020.0,20210085.0,19025.0,31878.0,BRIDGER PIPELINE LLC,Crude Oil,INTERSTATE,MONTANA,0.0,5.0,4.0,0.0,0.0,8.0,,,
2/2/2026,2020.0,20210085.0,19025.0,31878.0,BRIDGER PIPELINE LLC,Crude Oil,INTERSTATE,NORTH DAKOTA,0.0,4.4,2.0,0.3,0.0,5.0,,,
2/2/2026,2020.0,20210085.0,19025.0,31878.0,BRIDGER PIPELINE LLC,Crude Oil,INTERSTATE,WYOMING,,8.0,7.0,3.0,,11.0,,,
2/2/2026,2020.0,20210068.0,18126.0,31887.0,DUKE ENERGY KENTUCKY - LIQUID,HVL,INTRASTATE,KENTUCKY,3.48,0.0,0.0,0.0,0.0,3.48,,,
2/2/2026,2020.0,20210595.0,19000.0,31888.0,CENTURION PIPELINE L.P.,Crude Oil,INTERSTATE,NEW MEXICO,0.0,4.3,0.8,7.6,0.0,8.6,,,
2/2/2026,2020.0,20210595.0,19000.0,31888.0,CENTURION PIPELINE L.P.,Crude Oil,INTERSTATE,OKLAHOMA,36.4,115.9,49.4,44.8,0.0,139.6,,,
2/2/2026,2020.0,20210595.0,19000.0,31888.0,CENTURION PIPELINE L.P.,Crude Oil,INTERSTATE,TEXAS,4.0,31.0,11.1,16.5,0.0,52.4,,,
2/2/2026,2020.0,20210595.0,19000.0,31888.0,CENTURION PIPELINE L.P.,Crude Oil,INTRASTATE,TEXAS,27.2,39.2,32.7,0.5,0.0,59.9,,,
2/2/2026,2020.0,20210023.0,18075.0,31914.0,NGL SUPPLY TERMINAL COMPANY LLC,HVL,INTRASTATE,OKLAHOMA,0.0,0.0,0.0,0.0,0.0,0.0,,,
2/2/2026,2020.0,20210168.0,18256.0,31919.0,MIDSTREAM ENERGY PARTNERS (USA) LLC,HVL,INTRASTATE,CALIFORNIA,,,,47.16,,47.16,,,
2/2/2026,2020.0,20210002.0,18046.0,31933.0,CALCASIEU REFINING COMPANY,Refined and/or Petroleum Product (non-HVL),INTRASTATE,LOUISIANA,5.4,5.4,5.4,5.4,5.4,5.4,,,
2/2/2026,2020.0,20210538.0,18642.0,31937.0,"TPCO, LLC",Crude Oil,INTRASTATE,MISSISSIPPI,0.0,0.0,0.0,0.0,0.0,0.0,,,
2/2/2026,2020.0,20210048.0,18103.0,31943.0,COLT MIDSTREAM LLC,HVL,INTRASTATE,TEXAS,0.0,0.0,0.0,0.0,0.0,0.0,,,
2/2/2026,2020.0,20210281.0,18378.0,31947.0,ENBRIDGE PIPELINES (OZARK) L.L.C.,Crude Oil,INTRASTATE,KANSAS,0.0,0.0,4.1,0.0,0.0,4.1,,,
2/2/2026,2020.0,20210281.0,18378.0,31947.0,ENBRIDGE PIPELINES (OZARK) L.L.C.,Crude Oil,INTRASTATE,OKLAHOMA,5.91,1.64,1.28,0.0,0.0,8.83,,,
2/2/2026,2020.0,20210350.0,18447.0,31957.0,KINDER MORGAN WINK PIPELINE LLC,Crude Oil,INTERSTATE,TEXAS,12.21,7.53,18.65,16.8,0.0,50.17,,,
2/2/2026,2020.0,20210350.0,18447.0,31957.0,KINDER MORGAN WINK PIPELINE LLC,Crude Oil,INTRASTATE,TEXAS,0.0,0.0,0.0,0.0,0.0,0.0,,,
2/2/2026,2020.0,20210476.0,18578.0,31970.0,"CONOCOPHILLIPS ALASKA, INC.",Refined and/or Petroleum Product (non-HVL),INTRASTATE,ALASKA,0.0,1.368,0.0,34.744,3.079,34.744,,,
2/2/2026,2020.0,20210579.0,18686.0,31994.0,"PANTHER OPERATING COMPANY, LLC",Crude Oil,INTERSTATE,LOUISIANA,22.31,22.31,22.31,22.31,22.31,22.31,4.0,0.0,4.0
2/2/2026,2020.0,20210579.0,18686.0,31994.0,"PANTHER OPERATING COMPANY, LLC",Crude Oil,INTERSTATE,OCS-Gulf of Mexico,,,,,,,,,
2/2/2026,2020.0,20210579.0,18686.0,31994.0,"PANTHER OPERATING COMPANY, LLC",Crude Oil,INTERSTATE,TEXAS,,,,,,,22.44,22.44,22.44
2/2/2026,2020.0,20210320.0,20712.0,32005.0,"ENLINK PROCESSING SERVICES, LLC",HVL,INTERSTATE,LOUISIANA,25.909,27.486,36.196,19.101,17.586,75.526,,,
2/2/2026,2020.0,20210320.0,20712.0,32005.0,"ENLINK PROCESSING SERVICES, LLC",HVL,INTERSTATE,TEXAS,6.246,20.004,8.117,11.213,0.0,29.892,,,
2/2/2026,2020.0,20210320.0,20712.0,32005.0,"ENLINK PROCESSING SERVICES, LLC",HVL,INTRASTATE,LOUISIANA,31.933,32.315,41.596,12.177,16.729,104.916,,,
2/2/2026,2020.0,20210319.0,20711.0,32005.0,"ENLINK PROCESSING SERVICES, LLC",Refined and/or Petroleum Product (non-HVL),INTRASTATE,LOUISIANA,0.0,0.473,2.432,0.345,1.274,3.202,,,
2/2/2026,2020.0,20210052.0,18107.0,32007.0,SUPERIOR PIPELINE COMPANY L.L.C.,HVL,INTRASTATE,OKLAHOMA,0.0,0.0,0.0,1.24,0.0,1.24,,,
2/2/2026,2020.0,20210562.0,18668.0,32011.0,"HOLLY ENERGY PARTNERS - OPERATING, L.P.",Crude Oil,INTERSTATE,NEW MEXICO,,2.4,2.16,1.17,,4.38,,,
2/2/2026,2020.0,20210562.0,18668.0,32011.0,"HOLLY ENERGY PARTNERS - OPERATING, L.P.",Crude Oil,INTERSTATE,TEXAS,0.0,0.0,1.97,0.68,0.0,2.65,,,
2/2/2026,2020.0,20210562.0,18668.0,32011.0,"HOLLY ENERGY PARTNERS - OPERATING, L.P.",Crude Oil,INTERSTATE,UTAH,21.67,24.91,50.9,9.14,0.0,57.53,,,
2/2/2026,2020.0,20210562.0,18668.0,32011.0,"HOLLY ENERGY PARTNERS - OPERATING, L.P.",Crude Oil,INTERSTATE,WYOMING,4.06,22.33,35.69,28.2,0.0,76.64,,,
2/2/2026,2020.0,20210562.0,18668.0,32011.0,"HOLLY ENERGY PARTNERS - OPERATING, L.P.",Crude Oil,INTRASTATE,KANSAS,0.0,2.59,2.82,0.0,0.0,3.02,,,
2/2/2026,2020.0,20210562.0,18668.0,32011.0,"HOLLY ENERGY PARTNERS - OPERATING, L.P.",Crude Oil,INTRASTATE,NEW MEXICO,0.0,15.28,4.95,35.16,0.0,49.73,,,
2/2/2026,2020.0,20210562.0,18668.0,32011.0,"HOLLY ENERGY PARTNERS - OPERATING, L.P.",Crude Oil,INTRASTATE,TEXAS,0.0,1.99,4.62,0.0,0.0,6.44,,,
2/2/2026,2020.0,20210558.0,18664.0,32011.0,"HOLLY ENERGY PARTNERS - OPERATING, L.P.",Refined and/or Petroleum Product (non-HVL),INTERSTATE,NEBRASKA,0.0,4.55,3.45,0.0,0.0,4.55,,,
2/2/2026,2020.0,20210558.0,18664.0,32011.0,"HOLLY ENERGY PARTNERS - OPERATING, L.P.",Refined and/or Petroleum Product (non-HVL),INTERSTATE,NEW MEXICO,0.0,10.63,2.79,18.45,0.0,23.74,,,
2/2/2026,2020.0,20210558.0,18664.0,32011.0,"HOLLY ENERGY PARTNERS - OPERATING, L.P.",Refined and/or Petroleum Product (non-HVL),INTERSTATE,OKLAHOMA,0.0,2.92,5.86,4.49,0.0,8.72,,,
2/2/2026,2020.0,20210558.0,18664.0,32011.0,"HOLLY ENERGY PARTNERS - OPERATING, L.P.",Refined and/or Petroleum Product (non-HVL),INTERSTATE,TEXAS,44.35,18.58,19.04,12.25,0.0,60.45,,,
2/2/2026,2020.0,20210558.0,18664.0,32011.0,"HOLLY ENERGY PARTNERS - OPERATING, L.P.",Refined and/or Petroleum Product (non-HVL),INTERSTATE,UTAH,4.61,0.23,1.97,0.0,0.0,4.76,,,
2/2/2026,2020.0,20210558.0,18664.0,32011.0,"HOLLY ENERGY PARTNERS - OPERATING, L.P.",Refined and/or Petroleum Product (non-HVL),INTERSTATE,WYOMING,2.25,3.73,8.7,0.0,0.0,12.69,,,
2/2/2026,2020.0,20210558.0,18664.0,32011.0,"HOLLY ENERGY PARTNERS - OPERATING, L.P.",Refined and/or Petroleum Product (non-HVL),INTRASTATE,IDAHO,0.0,2.45,2.87,0.0,0.0,3.36,,,
2/2/2026,2020.0,20210558.0,18664.0,32011.0,"HOLLY ENERGY PARTNERS - OPERATING, L.P.",Refined and/or Petroleum Product (non-HVL),INTRASTATE,NEW MEXICO,0.44,16.11,8.98,51.37,0.0,66.34,,,
2/2/2026,2020.0,20210558.0,18664.0,32011.0,"HOLLY ENERGY PARTNERS - OPERATING, L.P.",Refined and/or Petroleum Product (non-HVL),INTRASTATE,OKLAHOMA,3.05,0.66,0.0,1.14,0.66,3.05,,,
2/2/2026,2020.0,20210558.0,18664.0,32011.0,"HOLLY ENERGY PARTNERS - OPERATING, L.P.",Refined and/or Petroleum Product (non-HVL),INTRASTATE,TEXAS,28.39,38.31,11.38,12.97,0.0,74.5,,,
2/2/2026,2020.0,20210558.0,18664.0,32011.0,"HOLLY ENERGY PARTNERS - OPERATING, L.P.",Refined and/or Petroleum Product (non-HVL),INTRASTATE,UTAH,5.69,0.17,3.08,0.0,0.0,5.69,,,
2/2/2026,2020.0,20210558.0,18664.0,32011.0,"HOLLY ENERGY PARTNERS - OPERATING, L.P.",Refined and/or Petroleum Product (non-HVL),INTRASTATE,WYOMING,4.0,0.81,2.9,0.0,0.0,4.0,,,
2/2/2026,2020.0,20210691.0,18816.0,32051.0,"MARTIN OPERATING PARTNERSHIP, L.P.",HVL,INTRASTATE,TEXAS,0.0,0.0,0.0,0.0,0.0,0.0,,,
2/2/2026,2020.0,20210692.0,18817.0,32051.0,"MARTIN OPERATING PARTNERSHIP, L.P.",Refined and/or Petroleum Product (non-HVL),INTRASTATE,TEXAS,5.82,0.0,0.0,0.0,0.0,5.82,,,
2/2/2026,2020.0,20210495.0,18597.0,32052.0,"WHITE MARLIN OPERATING COMPANY, LLC",Crude Oil,INTRASTATE,TEXAS,,,,,,,0.0,6.52,6.52
2/2/2026,2020.0,20210172.0,18260.0,32062.0,IMTT-PIPELINE,Refined and/or Petroleum Product (non-HVL),INTERSTATE,NEW JERSEY,4.88,1.97,1.45,,2.07,6.95,,,
2/2/2026,2020.0,20210172.0,18260.0,32062.0,IMTT-PIPELINE,Refined and/or Petroleum Product (non-HVL),INTERSTATE,NEW YORK,2.48,0.42,0.75,,0.42,2.9,,,
2/2/2026,2020.0,20210559.0,18665.0,32073.0,LUCID ARTESIA COMPANY,HVL,INTRASTATE,NEW MEXICO,0.0,0.0,0.0,0.0,0.0,0.0,,,
2/2/2026,2020.0,20210278.0,18375.0,32080.0,"CCPS TRANSPORTATION, LLC",Crude Oil,INTERSTATE,ILLINOIS,0.0,38.57,51.1,28.88,5.81,101.95,,,
2/2/2026,2020.0,20210278.0,18375.0,32080.0,"CCPS TRANSPORTATION, LLC",Crude Oil,INTERSTATE,KANSAS,0.0,36.18,73.22,28.36,0.0,106.17,,,
2/2/2026,2020.0,20210278.0,18375.0,32080.0,"CCPS TRANSPORTATION, LLC",Crude Oil,INTERSTATE,MISSOURI,0.0,30.13,24.47,23.48,15.87,70.52,,,
2/2/2026,2020.0,20210278.0,18375.0,32080.0,"CCPS TRANSPORTATION, LLC",Crude Oil,INTERSTATE,OKLAHOMA,0.0,28.86,36.94,3.15,21.85,74.92,,,
2/2/2026,2020.0,20210573.0,18680.0,32082.0,"ZENITH ENERGY TERMINALS HOLDINGS, LLC",Refined and/or Petroleum Product (non-HVL),INTRASTATE,OHIO,1.569,1.196,,1.196,1.196,1.569,,,
2/2/2026,2020.0,20210298.0,18395.0,32083.0,"DCOR, LLC",Crude Oil,INTERSTATE,CALIFORNIA,0.0,0.0,0.0,0.51,0.0,0.51,13.99,13.99,13.99
2/2/2026,2020.0,20210298.0,18395.0,32083.0,"DCOR, LLC",Crude Oil,INTERSTATE,OCS-Pacific,0.0,0.0,0.0,0.0,0.0,0.0,12.92,12.92,12.92
2/2/2026,2020.0,20210298.0,18395.0,32083.0,"DCOR, LLC",Crude Oil,INTRASTATE,CALIFORNIA,22.0,0.0,0.0,0.0,0.0,22.0,4.59,4.59,4.59
2/2/2026,2020.0,20210377.0,18474.0,32091.0,"WILLIAMS OIL GATHERING, LLC",Crude Oil,INTERSTATE,LOUISIANA,,,,,,,0.0,3.96,3.96
2/2/2026,2020.0,20210377.0,18474.0,32091.0,"WILLIAMS OIL GATHERING, LLC",Crude Oil,INTERSTATE,OCS-Gulf of Mexico,,,,,,,0.0,8.09,8.09
2/2/2026,2020.0,20210198.0,18287.0,32094.0,AUX SABLE LIQUID PRODUCTS,HVL,INTRASTATE,ILLINOIS,31.833,0.0,0.0,0.0,2.273,31.833,,,
2/2/2026,2020.0,20210569.0,18676.0,32095.0,"LBC HOUSTON, L.P.",HVL,INTRASTATE,TEXAS,1.77,0.0,1.77,1.77,0.0,1.77,,,
2/2/2026,2020.0,20210568.0,18675.0,32095.0,"LBC HOUSTON, L.P.",Refined and/or Petroleum Product (non-HVL),INTRASTATE,TEXAS,3.62,,3.62,3.62,,3.62,,,
2/2/2026,2020.0,20210361.0,18458.0,32096.0,WYNNEWOOD REFINERY COMPANY,Crude Oil,INTRASTATE,OKLAHOMA,0.0,2.1,0.0,0.0,0.0,2.1,,,
2/2/2026,2020.0,20210363.0,18460.0,32099.0,ENERGY TRANSFER COMPANY,Crude Oil,INTERSTATE,NEW MEXICO,0.0,0.0,0.0,0.0,0.0,0.0,,,
2/2/2026,2020.0,20210363.0,18460.0,32099.0,ENERGY TRANSFER COMPANY,Crude Oil,INTERSTATE,TEXAS,0.0,0.0,0.0,0.0,0.0,0.0,,,
2/2/2026,2020.0,20210363.0,18460.0,32099.0,ENERGY TRANSFER COMPANY,Crude Oil,INTRASTATE,NEW MEXICO,0.0,0.0,0.0,0.0,0.0,0.0,,,
2/2/2026,2020.0,20210363.0,18460.0,32099.0,ENERGY TRANSFER COMPANY,Crude Oil,INTRASTATE,TEXAS,25.6,66.3,66.7,10.5,0.0,139.4,,,
2/2/2026,2020.0,20210362.0,18459.0,32099.0,ENERGY TRANSFER COMPANY,HVL,INTERSTATE,NEW MEXICO,0.0,0.0,4.1,56.4,0.0,57.1,,,
2/2/2026,2020.0,20210362.0,18459.0,32099.0,ENERGY TRANSFER COMPANY,HVL,INTERSTATE,TEXAS,157.2,862.4,89.9,207.6,26.0,951.8,,,
2/2/2026,2020.0,20210362.0,18459.0,32099.0,ENERGY TRANSFER COMPANY,HVL,INTRASTATE,LOUISIANA,65.4,69.5,49.9,66.5,86.2,121.9,,,
2/2/2026,2020.0,20210362.0,18459.0,32099.0,ENERGY TRANSFER COMPANY,HVL,INTRASTATE,TEXAS,237.7,444.9,138.4,248.4,137.1,596.0,,,
2/2/2026,2020.0,20210364.0,18461.0,32099.0,ENERGY TRANSFER COMPANY,Refined and/or Petroleum Product (non-HVL),INTRASTATE,TEXAS,7.7,9.7,7.2,2.6,3.7,15.4,,,
2/2/2026,2020.0,20210182.0,18271.0,32103.0,CRIMSON PIPELINE L.P.,Crude Oil,INTRASTATE,CALIFORNIA,391.0,193.0,460.0,669.0,36.0,803.0,,,
2/2/2026,2020.0,20210441.0,18543.0,32109.0,"ONEOK NGL PIPELINE, LLC",HVL,INTERSTATE,COLORADO,0.0,9.89,22.94,26.34,0.0,34.75,,,
2/2/2026,2020.0,20210441.0,18543.0,32109.0,"ONEOK NGL PIPELINE, LLC",HVL,INTERSTATE,ILLINOIS,136.25,96.15,53.37,77.04,45.63,176.02,,,
2/2/2026,2020.0,20210441.0,18543.0,32109.0,"ONEOK NGL PIPELINE, LLC",HVL,INTERSTATE,INDIANA,4.4,0.0,3.69,4.4,0.0,4.4,,,
2/2/2026,2020.0,20210441.0,18543.0,32109.0,"ONEOK NGL PIPELINE, LLC",HVL,INTERSTATE,IOWA,25.88,80.68,69.86,86.9,10.88,153.55,,,
2/2/2026,2020.0,20210441.0,18543.0,32109.0,"ONEOK NGL PIPELINE, LLC",HVL,INTERSTATE,KANSAS,18.1,159.0,753.35,305.44,1.41,948.99,,,
2/2/2026,2020.0,20210441.0,18543.0,32109.0,"ONEOK NGL PIPELINE, LLC",HVL,INTERSTATE,MISSOURI,2.36,9.55,12.1,10.97,3.93,20.56,,,
2/2/2026,2020.0,20210441.0,18543.0,32109.0,"ONEOK NGL PIPELINE, LLC",HVL,INTERSTATE,MONTANA,0.0,47.19,43.49,170.63,0.0,195.95,,,
2/2/2026,2020.0,20210441.0,18543.0,32109.0,"ONEOK NGL PIPELINE, LLC",HVL,INTERSTATE,NEBRASKA,0.0,21.3,11.4,22.86,2.6,32.79,,,
2/2/2026,2020.0,20210441.0,18543.0,32109.0,"ONEOK NGL PIPELINE, LLC",HVL,INTERSTATE,NEW MEXICO,0.0,13.76,8.49,33.7,0.0,53.59,,,
2/2/2026,2020.0,20210441.0,18543.0,32109.0,"ONEOK NGL PIPELINE, LLC",HVL,INTERSTATE,NORTH DAKOTA,0.0,66.08,72.88,93.37,0.0,131.02,,,
2/2/2026,2020.0,20210441.0,18543.0,32109.0,"ONEOK NGL PIPELINE, LLC",HVL,INTERSTATE,OKLAHOMA,0.17,466.18,323.15,592.42,0.0,905.82,,,
2/2/2026,2020.0,20210441.0,18543.0,32109.0,"ONEOK NGL PIPELINE, LLC",HVL,INTERSTATE,TEXAS,194.0,1124.38,1261.51,1126.5,53.97,2154.39,,,
2/2/2026,2020.0,20210441.0,18543.0,32109.0,"ONEOK NGL PIPELINE, LLC",HVL,INTERSTATE,WYOMING,0.0,62.41,22.97,178.74,0.0,199.69,,,
2/2/2026,2020.0,20210441.0,18543.0,32109.0,"ONEOK NGL PIPELINE, LLC",HVL,INTRASTATE,KANSAS,3.96,14.62,94.14,37.61,0.0,115.08,,,
2/2/2026,2020.0,20210441.0,18543.0,32109.0,"ONEOK NGL PIPELINE, LLC",HVL,INTRASTATE,OKLAHOMA,40.93,381.56,152.09,467.79,0.0,797.22,,,
2/2/2026,2020.0,20210441.0,18543.0,32109.0,"ONEOK NGL PIPELINE, LLC",HVL,INTRASTATE,TEXAS,23.25,76.93,45.64,7.8,3.29,88.97,,,
2/2/2026,2020.0,20210442.0,18544.0,32109.0,"ONEOK NGL PIPELINE, LLC",Refined and/or Petroleum Product (non-HVL),INTERSTATE,ILLINOIS,1.48,0.9,0.9,0.9,1.37,1.48,,,
2/2/2026,2020.0,20210442.0,18544.0,32109.0,"ONEOK NGL PIPELINE, LLC",Refined and/or Petroleum Product (non-HVL),INTERSTATE,IOWA,7.39,37.63,25.93,35.48,4.74,72.84,,,
2/2/2026,2020.0,20210442.0,18544.0,32109.0,"ONEOK NGL PIPELINE, LLC",Refined and/or Petroleum Product (non-HVL),INTERSTATE,KANSAS,0.0,18.33,96.63,32.5,0.0,114.99,,,
2/2/2026,2020.0,20210442.0,18544.0,32109.0,"ONEOK NGL PIPELINE, LLC",Refined and/or Petroleum Product (non-HVL),INTERSTATE,NEBRASKA,2.14,28.34,35.84,27.98,5.76,48.04,,,
2/2/2026,2020.0,20210442.0,18544.0,32109.0,"ONEOK NGL PIPELINE, LLC",Refined and/or Petroleum Product (non-HVL),INTERSTATE,OKLAHOMA,0.0,4.59,0.0,4.53,0.0,6.95,,,
2/2/2026,2020.0,20210442.0,18544.0,32109.0,"ONEOK NGL PIPELINE, LLC",Refined and/or Petroleum Product (non-HVL),INTRASTATE,TEXAS,0.0,0.45,0.42,0.0,0.0,0.45,,,
2/2/2026,2020.0,20210460.0,18562.0,32114.0,COPANO NGL SERVICES LLC,HVL,INTRASTATE,TEXAS,22.32,26.75,0.0,11.04,0.0,59.47,0.0,0.0,0.0
2/2/2026,2020.0,20210322.0,18419.0,32117.0,"ASCENSION PIPELINE COMPANY, LLC",Refined and/or Petroleum Product (non-HVL),INTRASTATE,LOUISIANA,1.44,7.59,23.86,11.01,0.0,28.07,,,
2/2/2026,2020.0,20210060.0,18115.0,32120.0,NORTHVILLE INDUSTRIES CORP.,Refined and/or Petroleum Product (non-HVL),INTRASTATE,NEW YORK,36.69,,36.69,36.69,0.64,36.69,,,
2/2/2026,2020.0,20210051.0,18106.0,32129.0,OKLAHOMA GAS PROCESSING,HVL,INTRASTATE,OKLAHOMA,0.0,0.0,0.0,0.0,0.0,0.0,,,
2/2/2026,2020.0,20210552.0,18657.0,32135.0,PHILLIPS 66 COMPANY - LOS ANGELES REFINERY,Refined and/or Petroleum Product (non-HVL),INTRASTATE,CALIFORNIA,7.56,,,,,7.56,,,
2/2/2026,2020.0,20210416.0,18516.0,32147.0,MARATHON PIPE LINE LLC,Crude Oil,INTERSTATE,COLORADO,0.0,0.0,0.0,0.0,0.0,0.0,,,
2/2/2026,2020.0,20210416.0,18516.0,32147.0,MARATHON PIPE LINE LLC,Crude Oil,INTERSTATE,ILLINOIS,25.2,140.8,125.4,64.9,3.5,233.4,,,
2/2/2026,2020.0,20210416.0,18516.0,32147.0,MARATHON PIPE LINE LLC,Crude Oil,INTERSTATE,INDIANA,21.5,117.5,16.2,63.2,8.1,148.1,,,
2/2/2026,2020.0,20210416.0,18516.0,32147.0,MARATHON PIPE LINE LLC,Crude Oil,INTERSTATE,KENTUCKY,31.6,238.7,96.9,83.3,31.8,257.9,,,
2/2/2026,2020.0,20210416.0,18516.0,32147.0,MARATHON PIPE LINE LLC,Crude Oil,INTERSTATE,LOUISIANA,1.4,39.1,26.0,11.8,1.1,44.3,,,
2/2/2026,2020.0,20210416.0,18516.0,32147.0,MARATHON PIPE LINE LLC,Crude Oil,INTERSTATE,MICHIGAN,49.4,28.1,0.0,34.0,2.9,61.4,,,
2/2/2026,2020.0,20210416.0,18516.0,32147.0,MARATHON PIPE LINE LLC,Crude Oil,INTERSTATE,MISSISSIPPI,0.1,78.0,0.0,0.1,0.0,78.2,,,
2/2/2026,2020.0,20210416.0,18516.0,32147.0,MARATHON PIPE LINE LLC,Crude Oil,INTERSTATE,MISSOURI,34.8,158.8,34.6,200.9,25.3,252.6,,,
2/2/2026,2020.0,20210416.0,18516.0,32147.0,MARATHON PIPE LINE LLC,Crude Oil,INTERSTATE,OHIO,5.7,12.9,27.1,0.0,0.0,30.2,,,
2/2/2026,2020.0,20210416.0,18516.0,32147.0,MARATHON PIPE LINE LLC,Crude Oil,INTERSTATE,OKLAHOMA,0.0,100.7,55.6,40.7,23.3,121.0,,,
2/2/2026,2020.0,20210416.0,18516.0,32147.0,MARATHON PIPE LINE LLC,Crude Oil,INTERSTATE,TENNESSEE,0.2,43.3,0.0,0.0,0.0,43.4,,,
2/2/2026,2020.0,20210416.0,18516.0,32147.0,MARATHON PIPE LINE LLC,Crude Oil,INTERSTATE,UTAH,0.0,0.0,0.0,0.0,0.0,0.0,,,
2/2/2026,2020.0,20210416.0,18516.0,32147.0,MARATHON PIPE LINE LLC,Crude Oil,INTERSTATE,WEST VIRGINIA,3.6,0.9,3.5,0.9,1.3,3.6,,,
2/2/2026,2020.0,20210416.0,18516.0,32147.0,MARATHON PIPE LINE LLC,Crude Oil,INTERSTATE,WYOMING,0.0,72.1,44.7,68.6,0.0,124.3,,,
2/2/2026,2020.0,20210416.0,18516.0,32147.0,MARATHON PIPE LINE LLC,Crude Oil,INTRASTATE,ALASKA,0.0,4.1,1.2,0.0,0.0,4.1,,,
2/2/2026,2020.0,20210416.0,18516.0,32147.0,MARATHON PIPE LINE LLC,Crude Oil,INTRASTATE,CALIFORNIA,41.1,10.3,4.0,5.6,7.7,41.1,,,
2/2/2026,2020.0,20210416.0,18516.0,32147.0,MARATHON PIPE LINE LLC,Crude Oil,INTRASTATE,ILLINOIS,0.0,8.5,7.7,0.0,0.0,14.2,,,
2/2/2026,2020.0,20210416.0,18516.0,32147.0,MARATHON PIPE LINE LLC,Crude Oil,INTRASTATE,KENTUCKY,0.5,0.0,0.0,0.0,0.0,0.5,,,
2/2/2026,2020.0,20210416.0,18516.0,32147.0,MARATHON PIPE LINE LLC,Crude Oil,INTRASTATE,MINNESOTA,3.8,1.9,4.8,1.1,0.05,4.8,,,
2/2/2026,2020.0,20210416.0,18516.0,32147.0,MARATHON PIPE LINE LLC,Crude Oil,INTRASTATE,OHIO,20.4,98.3,47.1,34.2,0.0,124.1,,,
2/2/2026,2020.0,20210416.0,18516.0,32147.0,MARATHON PIPE LINE LLC,Crude Oil,INTRASTATE,TEXAS,0.7,1.3,1.3,0.8,0.5,1.3,,,
2/2/2026,2020.0,20210416.0,18516.0,32147.0,MARATHON PIPE LINE LLC,Crude Oil,INTRASTATE,UTAH,5.2,2.3,5.2,0.0,0.0,5.2,,,
2/2/2026,2020.0,20210417.0,18518.0,32147.0,MARATHON PIPE LINE LLC,HVL,INTERSTATE,ILLINOIS,0.0,14.3,0.0,7.9,0.0,19.9,,,
2/2/2026,2020.0,20210417.0,18518.0,32147.0,MARATHON PIPE LINE LLC,HVL,INTERSTATE,INDIANA,0.0,13.9,0.0,14.9,0.0,21.1,,,
2/2/2026,2020.0,20210417.0,18518.0,32147.0,MARATHON PIPE LINE LLC,HVL,INTERSTATE,KENTUCKY,0.2,0.1,0.0,0.0,0.2,0.2,,,
2/2/2026,2020.0,20210417.0,18518.0,32147.0,MARATHON PIPE LINE LLC,HVL,INTERSTATE,WEST VIRGINIA,3.1,2.7,0.0,0.0,3.1,3.1,,,
2/2/2026,2020.0,20210417.0,18518.0,32147.0,MARATHON PIPE LINE LLC,HVL,INTRASTATE,CALIFORNIA,2.3,0.0,0.0,0.0,0.0,2.3,,,
2/2/2026,2020.0,20210417.0,18518.0,32147.0,MARATHON PIPE LINE LLC,HVL,INTRASTATE,MICHIGAN,26.4,1.2,0.0,13.6,0.0,26.4,,,
2/2/2026,2020.0,20210417.0,18518.0,32147.0,MARATHON PIPE LINE LLC,HVL,INTRASTATE,TEXAS,72.4,87.2,0.0,48.7,23.1,100.3,,,
2/2/2026,2020.0,20210418.0,18824.0,32147.0,MARATHON PIPE LINE LLC,Refined and/or Petroleum Product (non-HVL),INTERSTATE,ARKANSAS,0.0,1.5,0.0,1.0,0.1,2.5,,,
2/2/2026,2020.0,20210418.0,18824.0,32147.0,MARATHON PIPE LINE LLC,Refined and/or Petroleum Product (non-HVL),INTERSTATE,IDAHO,39.7,102.3,94.8,163.4,0.0,222.0,,,
2/2/2026,2020.0,20210418.0,18824.0,32147.0,MARATHON PIPE LINE LLC,Refined and/or Petroleum Product (non-HVL),INTERSTATE,ILLINOIS,37.6,307.3,191.6,92.6,0.0,454.3,,,
2/2/2026,2020.0,20210418.0,18824.0,32147.0,MARATHON PIPE LINE LLC,Refined and/or Petroleum Product (non-HVL),INTERSTATE,INDIANA,297.0,513.1,82.9,191.5,9.1,639.8,,,
2/2/2026,2020.0,20210418.0,18824.0,32147.0,MARATHON PIPE LINE LLC,Refined and/or Petroleum Product (non-HVL),INTERSTATE,KENTUCKY,28.6,16.6,7.8,30.5,6.2,43.8,,,
2/2/2026,2020.0,20210418.0,18824.0,32147.0,MARATHON PIPE LINE LLC,Refined and/or Petroleum Product (non-HVL),INTERSTATE,LOUISIANA,56.2,110.2,42.2,56.5,28.6,146.5,,,
2/2/2026,2020.0,20210418.0,18824.0,32147.0,MARATHON PIPE LINE LLC,Refined and/or Petroleum Product (non-HVL),INTERSTATE,MICHIGAN,40.5,106.0,1.2,48.1,25.6,116.7,,,
2/2/2026,2020.0,20210418.0,18824.0,32147.0,MARATHON PIPE LINE LLC,Refined and/or Petroleum Product (non-HVL),INTERSTATE,MISSISSIPPI,0.0,36.2,0.0,0.7,0.0,36.9,,,
2/2/2026,2020.0,20210418.0,18824.0,32147.0,MARATHON PIPE LINE LLC,Refined and/or Petroleum Product (non-HVL),INTERSTATE,OHIO,147.3,524.2,286.8,206.6,5.1,624.0,,,
2/2/2026,2020.0,20210418.0,18824.0,32147.0,MARATHON PIPE LINE LLC,Refined and/or Petroleum Product (non-HVL),INTERSTATE,OREGON,0.0,42.9,61.9,36.4,2.5,82.8,,,
2/2/2026,2020.0,20210418.0,18824.0,32147.0,MARATHON PIPE LINE LLC,Refined and/or Petroleum Product (non-HVL),INTERSTATE,PENNSYLVANIA,0.5,9.5,6.1,0.0,2.5,9.5,,,
2/2/2026,2020.0,20210418.0,18824.0,32147.0,MARATHON PIPE LINE LLC,Refined and/or Petroleum Product (non-HVL),INTERSTATE,TENNESSEE,2.5,49.2,3.3,2.4,2.0,49.6,,,
2/2/2026,2020.0,20210418.0,18824.0,32147.0,MARATHON PIPE LINE LLC,Refined and/or Petroleum Product (non-HVL),INTERSTATE,TEXAS,40.4,28.1,31.9,10.8,3.8,58.1,,,
2/2/2026,2020.0,20210418.0,18824.0,32147.0,MARATHON PIPE LINE LLC,Refined and/or Petroleum Product (non-HVL),INTERSTATE,UTAH,79.9,48.3,77.4,38.8,0.0,146.4,,,
2/2/2026,2020.0,20210418.0,18824.0,32147.0,MARATHON PIPE LINE LLC,Refined and/or Petroleum Product (non-HVL),INTERSTATE,WASHINGTON,13.1,16.7,22.8,10.8,4.1,39.6,,,
2/2/2026,2020.0,20210418.0,18824.0,32147.0,MARATHON PIPE LINE LLC,Refined and/or Petroleum Product (non-HVL),INTERSTATE,WEST VIRGINIA,11.0,3.9,11.0,7.4,5.9,11.0,,,
2/2/2026,2020.0,20210418.0,18824.0,32147.0,MARATHON PIPE LINE LLC,Refined and/or Petroleum Product (non-HVL),INTRASTATE,ALASKA,6.9,56.4,3.8,11.1,14.0,63.9,,,
2/2/2026,2020.0,20210418.0,18824.0,32147.0,MARATHON PIPE LINE LLC,Refined and/or Petroleum Product (non-HVL),INTRASTATE,CALIFORNIA,77.3,9.7,16.0,5.8,7.3,77.3,,,
2/2/2026,2020.0,20210418.0,18824.0,32147.0,MARATHON PIPE LINE LLC,Refined and/or Petroleum Product (non-HVL),INTRASTATE,KENTUCKY,28.5,55.5,16.3,33.4,2.8,76.5,,,
2/2/2026,2020.0,20210418.0,18824.0,32147.0,MARATHON PIPE LINE LLC,Refined and/or Petroleum Product (non-HVL),INTRASTATE,MINNESOTA,3.8,8.0,4.9,3.0,2.1,8.6,,,
2/2/2026,2020.0,20210418.0,18824.0,32147.0,MARATHON PIPE LINE LLC,Refined and/or Petroleum Product (non-HVL),INTRASTATE,OHIO,10.8,47.2,17.7,5.0,0.7,53.3,,,
2/2/2026,2020.0,20210418.0,18824.0,32147.0,MARATHON PIPE LINE LLC,Refined and/or Petroleum Product (non-HVL),INTRASTATE,TEXAS,0.0,3.9,0.0,0.0,0.0,3.9,,,
2/2/2026,2020.0,20210418.0,18824.0,32147.0,MARATHON PIPE LINE LLC,Refined and/or Petroleum Product (non-HVL),INTRASTATE,UTAH,14.7,0.1,3.3,0.1,0.0,14.7,,,
2/2/2026,2020.0,20210098.0,18160.0,32215.0,NOVA CHEMICALS CORPORATION,HVL,INTRASTATE,MICHIGAN,10.382,0.0,0.0,0.0,0.768,11.15,,,
2/2/2026,2020.0,20210242.0,18338.0,32223.0,VALERO REFINING COMPANY-CALIFORNIA,Crude Oil,INTRASTATE,CALIFORNIA,5.19,5.19,5.19,5.19,5.19,5.19,,,
2/2/2026,2020.0,20210244.0,18340.0,32223.0,VALERO REFINING COMPANY-CALIFORNIA,Refined and/or Petroleum Product (non-HVL),INTRASTATE,CALIFORNIA,3.39,3.23,3.39,3.39,3.23,3.39,,,
2/2/2026,2020.0,20210103.0,18886.0,32224.0,BETA OFFSHORE,Crude Oil,INTERSTATE,CALIFORNIA,0.0,2.6,0.0,0.0,0.0,2.6,0.0,8.85,8.85
2/2/2026,2020.0,20210103.0,18886.0,32224.0,BETA OFFSHORE,Crude Oil,INTERSTATE,OCS-Pacific,0.0,0.0,0.0,0.0,0.0,0.0,0.0,6.34,6.34
2/2/2026,2020.0,20210012.0,18063.0,32233.0,"BESCO OPERATING, L.P.",Crude Oil,INTRASTATE,TEXAS,,,,,,,,,
2/2/2026,2020.0,20210049.0,18901.0,32248.0,"FRONTIER FIELD SERVICES, LLC",HVL,INTRASTATE,NEW MEXICO,,,,,,,,,
2/2/2026,2020.0,20210309.0,18406.0,32251.0,"RIBOST TERMINAL LLC, DBA WORLD OIL TERMINALS",Crude Oil,INTRASTATE,CALIFORNIA,0.22,,,,,0.22,,,
2/2/2026,2020.0,20210629.0,18739.0,32258.0,PEMBINA COCHIN LLC,Crude Oil,INTERSTATE,ILLINOIS,13.77,90.74,26.55,22.57,22.56,98.96,,,
2/2/2026,2020.0,20210629.0,18739.0,32258.0,PEMBINA COCHIN LLC,Crude Oil,INTERSTATE,INDIANA,4.12,4.05,5.17,0.07,0.0,5.17,,,
2/2/2026,2020.0,20210629.0,18739.0,32258.0,PEMBINA COCHIN LLC,Crude Oil,INTERSTATE,IOWA,6.2,62.17,32.15,36.17,6.71,71.18,,,
2/2/2026,2020.0,20210629.0,18739.0,32258.0,PEMBINA COCHIN LLC,Crude Oil,INTERSTATE,MICHIGAN,0.0,0.0,0.0,0.0,0.0,0.0,,,
2/2/2026,2020.0,20210629.0,18739.0,32258.0,PEMBINA COCHIN LLC,Crude Oil,INTERSTATE,MINNESOTA,11.16,50.76,14.49,13.71,0.0,58.63,,,
2/2/2026,2020.0,20210629.0,18739.0,32258.0,PEMBINA COCHIN LLC,Crude Oil,INTERSTATE,NORTH DAKOTA,0.0,10.67,13.35,3.71,0.0,19.74,,,
2/2/2026,2020.0,20210629.0,18739.0,32258.0,PEMBINA COCHIN LLC,Crude Oil,INTERSTATE,OHIO,0.0,0.0,0.0,0.0,0.0,0.0,,,
2/2/2026,2020.0,20210013.0,18064.0,32272.0,SAN ANTONIO PIPELINE CORPORATION,Refined and/or Petroleum Product (non-HVL),INTRASTATE,TEXAS,14.0,0.0,0.0,0.0,0.0,14.0,,,
2/2/2026,2020.0,20220065.0,19024.0,32277.0,OQ CHEMICALS,HVL,INTRASTATE,TEXAS,0.0,17.0,0.0,0.0,0.18,17.0,,,
2/2/2026,2020.0,20210666.0,18777.0,32283.0,"FRONT RANGE PIPELINE, LLC.",Crude Oil,INTRASTATE,MONTANA,10.68,41.12,47.11,16.95,0.0,70.88,,,
2/2/2026,2020.0,20210238.0,19746.0,32284.0,PENNZOIL-QUAKER STATE D/B/A SOPUS PRODUCTS,Refined and/or Petroleum Product (non-HVL),INTRASTATE,CALIFORNIA,6.84,0.0,0.0,0.0,6.84,6.84,,,
2/2/2026,2020.0,20210122.0,19211.0,32285.0,"WORSHAM-STEED GAS STORAGE, LLC",HVL,INTRASTATE,TEXAS,,,,,,,,,
2/2/2026,2020.0,20210366.0,18463.0,32288.0,"WHITE CLIFFS PIPELINE, LLC",Crude Oil,INTERSTATE,COLORADO,0.0,0.8,5.0,0.0,0.0,5.8,,,
2/2/2026,2020.0,20210366.0,18463.0,32288.0,"WHITE CLIFFS PIPELINE, LLC",Crude Oil,INTERSTATE,KANSAS,0.0,4.8,22.6,11.6,0.0,38.3,,,
2/2/2026,2020.0,20210366.0,18463.0,32288.0,"WHITE CLIFFS PIPELINE, LLC",Crude Oil,INTERSTATE,OKLAHOMA,0.0,1.8,4.4,4.7,0.0,10.9,,,
2/2/2026,2020.0,20210365.0,18462.0,32288.0,"WHITE CLIFFS PIPELINE, LLC",HVL,INTERSTATE,COLORADO,0.0,0.0,5.0,0.0,0.0,5.0,,,
2/2/2026,2020.0,20210365.0,18462.0,32288.0,"WHITE CLIFFS PIPELINE, LLC",HVL,INTERSTATE,KANSAS,0.0,8.0,25.5,9.9,0.0,41.7,,,
2/2/2026,2020.0,20210365.0,18462.0,32288.0,"WHITE CLIFFS PIPELINE, LLC",HVL,INTERSTATE,OKLAHOMA,0.0,10.7,14.2,13.6,0.0,34.7,,,
2/2/2026,2020.0,20210185.0,18889.0,32296.0,TARGA RESOURCES OPERATING LLC,Crude Oil,INTRASTATE,NORTH DAKOTA,,7.5,1.6,28.8,,37.6,,,
2/2/2026,2020.0,20210243.0,18904.0,32296.0,TARGA RESOURCES OPERATING LLC,HVL,INTERSTATE,LOUISIANA,,,3.21,,0.58,3.21,,,
2/2/2026,2020.0,20210243.0,18904.0,32296.0,TARGA RESOURCES OPERATING LLC,HVL,INTERSTATE,TEXAS,0.53,,1.48,,,1.48,,,
2/2/2026,2020.0,20210243.0,18904.0,32296.0,TARGA RESOURCES OPERATING LLC,HVL,INTRASTATE,LOUISIANA,77.55,73.91,32.9,,25.28,135.17,,,
2/2/2026,2020.0,20210243.0,18904.0,32296.0,TARGA RESOURCES OPERATING LLC,HVL,INTRASTATE,MISSISSIPPI,1.67,,,1.67,,1.67,,,
2/2/2026,2020.0,20210243.0,18904.0,32296.0,TARGA RESOURCES OPERATING LLC,HVL,INTRASTATE,TEXAS,0.5,0.5,,,,1.0,,,
2/2/2026,2020.0,20210191.0,18280.0,32296.0,TARGA RESOURCES OPERATING LLC,Refined and/or Petroleum Product (non-HVL),INTRASTATE,LOUISIANA,,,,,,,,,
2/2/2026,2020.0,20210191.0,18280.0,32296.0,TARGA RESOURCES OPERATING LLC,Refined and/or Petroleum Product (non-HVL),INTRASTATE,TEXAS,,,,,,,,,
2/2/2026,2020.0,20210207.0,18811.0,32312.0,"REPSOL OIL & GAS USA, LLC",Crude Oil,INTRASTATE,TEXAS,0.0,15.837,6.903,0.0,0.0,22.74,,,
2/2/2026,2020.0,20210140.0,18212.0,32327.0,TEXAS PIPELINE LLC,HVL,INTRASTATE,TEXAS,0.0,0.0,0.0,0.0,0.0,0.0,,,
2/2/2026,2020.0,20210086.0,18146.0,32331.0,"PASADENA REFINING SYSTEM, INC.",Crude Oil,INTRASTATE,TEXAS,2.44,0.0,0.0,0.0,0.0,2.44,,,
2/2/2026,2020.0,20210161.0,18233.0,32331.0,"PASADENA REFINING SYSTEM, INC.",HVL,INTRASTATE,TEXAS,5.23,0.0,0.0,0.0,0.0,5.23,,,
2/2/2026,2020.0,20210162.0,18234.0,32331.0,"PASADENA REFINING SYSTEM, INC.",Refined and/or Petroleum Product (non-HVL),INTRASTATE,TEXAS,8.011,,,,,8.011,,,
2/2/2026,2020.0,20210277.0,18374.0,32334.0,TC OIL PIPELINE OPERATIONS INC,Crude Oil,INTERSTATE,ILLINOIS,7.47,14.88,27.54,11.84,6.31,28.68,,,
2/2/2026,2020.0,20210277.0,18374.0,32334.0,TC OIL PIPELINE OPERATIONS INC,Crude Oil,INTERSTATE,KANSAS,0.0,20.86,151.21,80.07,7.89,161.37,,,
2/2/2026,2020.0,20210277.0,18374.0,32334.0,TC OIL PIPELINE OPERATIONS INC,Crude Oil,INTERSTATE,MISSOURI,16.97,44.72,50.28,57.09,18.06,81.23,,,
2/2/2026,2020.0,20210277.0,18374.0,32334.0,TC OIL PIPELINE OPERATIONS INC,Crude Oil,INTERSTATE,NEBRASKA,0.0,20.22,72.81,16.63,1.81,79.71,,,
2/2/2026,2020.0,20210277.0,18374.0,32334.0,TC OIL PIPELINE OPERATIONS INC,Crude Oil,INTERSTATE,NORTH DAKOTA,0.0,4.56,9.93,2.11,0.0,16.15,,,
2/2/2026,2020.0,20210277.0,18374.0,32334.0,TC OIL PIPELINE OPERATIONS INC,Crude Oil,INTERSTATE,OKLAHOMA,0.0,29.49,60.24,67.27,0.0,92.18,,,
2/2/2026,2020.0,20210277.0,18374.0,32334.0,TC OIL PIPELINE OPERATIONS INC,Crude Oil,INTERSTATE,SOUTH DAKOTA,0.0,4.9,15.46,30.07,1.45,47.3,,,
2/2/2026,2020.0,20210277.0,18374.0,32334.0,TC OIL PIPELINE OPERATIONS INC,Crude Oil,INTERSTATE,TEXAS,14.47,27.03,110.1,56.29,3.07,145.01,,,
2/2/2026,2020.0,20210389.0,18488.0,32346.0,"TOTAL PETROCHEMICALS PIPELINE USA , INC.",Crude Oil,INTRASTATE,TEXAS,13.6,,0.0,0.0,0.0,13.6,,,
2/2/2026,2020.0,20210391.0,18490.0,32346.0,"TOTAL PETROCHEMICALS PIPELINE USA , INC.",HVL,INTRASTATE,TEXAS,11.0,0.0,0.0,0.0,0.0,11.0,,,
2/2/2026,2020.0,20210390.0,18489.0,32346.0,"TOTAL PETROCHEMICALS PIPELINE USA , INC.",Refined and/or Petroleum Product (non-HVL),INTRASTATE,TEXAS,14.72,0.0,0.0,0.0,0.0,14.72,,,
2/2/2026,2020.0,20210055.0,18110.0,32364.0,"VALERO REFINING-NEW ORLEANS, L.L.C.",Crude Oil,INTRASTATE,LOUISIANA,1.35,1.1,0.0,1.35,0.0,1.35,,,
2/2/2026,2020.0,20210056.0,18111.0,32364.0,"VALERO REFINING-NEW ORLEANS, L.L.C.",HVL,INTRASTATE,LOUISIANA,1.56,0.99,,1.56,,1.56,,,
2/2/2026,2020.0,20210057.0,18112.0,32364.0,"VALERO REFINING-NEW ORLEANS, L.L.C.",Refined and/or Petroleum Product (non-HVL),INTRASTATE,LOUISIANA,1.62,1.17,,1.62,,1.62,,,
2/2/2026,2020.0,20210073.0,18131.0,32407.0,"GENESIS PIPELINE TEXAS, L.P.",Crude Oil,INTRASTATE,TEXAS,60.44,41.08,13.13,31.35,17.4,76.74,,,
2/2/2026,2020.0,20210059.0,18114.0,32411.0,"GENESIS PIPELINE ALABAMA, LLC",Crude Oil,INTRASTATE,ALABAMA,0.28,9.52,0.28,10.03,14.07,19.5,,,
2/2/2026,2020.0,20210509.0,18612.0,32412.0,"MARKWEST LIBERTY MIDSTREAM & RESOURCES, L.L.C.",HVL,INTRASTATE,PENNSYLVANIA,0.72,0.0,0.0,0.0,0.0,0.72,,,
2/2/2026,2020.0,20210509.0,18612.0,32412.0,"MARKWEST LIBERTY MIDSTREAM & RESOURCES, L.L.C.",HVL,INTRASTATE,WEST VIRGINIA,0.0,0.0,0.0,2.21,0.0,2.21,,,
2/2/2026,2020.0,20210513.0,18825.0,32414.0,"MARKWEST OKLAHOMA GAS COMPANY, L.L.C.",Crude Oil,INTRASTATE,OKLAHOMA,0.0,7.54,0.0,12.89,0.0,12.94,,,
2/2/2026,2020.0,20210482.0,18584.0,32428.0,"INTERCONTINENTAL TERMINAL COMPANY, LLC",HVL,INTRASTATE,LOUISIANA,1.211,,,,,1.211,,,
2/2/2026,2020.0,20210482.0,18584.0,32428.0,"INTERCONTINENTAL TERMINAL COMPANY, LLC",HVL,INTRASTATE,TEXAS,3.19,0.0,0.0,0.0,0.0,3.19,,,
2/2/2026,2020.0,20210553.0,18658.0,32445.0,SOUTHCROSS NGL PIPELINE LTD.,HVL,INTRASTATE,TEXAS,20.33,20.59,14.96,21.89,14.95,28.61,,,
2/2/2026,2020.0,20210187.0,18276.0,32447.0,"HAWTHORN OIL TRANSPORTATION (NORTH DAKOTA), INC.",Crude Oil,INTRASTATE,NORTH DAKOTA,0.0,0.21,0.0,0.06,0.0,0.27,,,
2/2/2026,2020.0,20210546.0,18651.0,32450.0,"ROADRUNNER PIPELINE, L.L.C.",Crude Oil,INTERSTATE,NEW MEXICO,0.0,1.76,0.0,0.0,0.0,1.76,,,
2/2/2026,2020.0,20210546.0,18651.0,32450.0,"ROADRUNNER PIPELINE, L.L.C.",Crude Oil,INTERSTATE,TEXAS,0.0,1.67,0.0,0.0,0.0,1.67,,,
2/2/2026,2020.0,20210572.0,18679.0,32453.0,BPX (EAGLE FORD) GATHERING LLC,Crude Oil,INTRASTATE,TEXAS,0.0,0.0,2.45,0.0,2.45,2.45,,,
2/2/2026,2020.0,20210009.0,18139.0,32454.0,"DRY TRAILS MIDSTREAM ENERGY, LLC",HVL,INTERSTATE,KANSAS,,,,,,,,,
2/2/2026,2020.0,20210009.0,18139.0,32454.0,"DRY TRAILS MIDSTREAM ENERGY, LLC",HVL,INTERSTATE,OKLAHOMA,,0.95,4.42,,,4.61,,,
2/2/2026,2020.0,20210536.0,18639.0,32476.0,"TREETOP MIDSTREAM SERVICES, LLC",CO2,INTRASTATE,MISSISSIPPI,,,,,,,,,
2/2/2026,2020.0,20210587.0,18694.0,32483.0,"BRIDGER LAKE, LLC",Crude Oil,INTRASTATE,WYOMING,0.0,0.0,3.0,0.0,0.0,3.0,,,
2/2/2026,2020.0,20210063.0,18118.0,32488.0,"ENI US OPERATING CO, INC",Crude Oil,INTRASTATE,ALASKA,0.0,0.0,0.0,16.1,0.0,16.1,0.0,9.3,9.3
2/2/2026,2020.0,20210076.0,18134.0,32492.0,"GENESIS CRUDE OIL, L.P.",Crude Oil,INTRASTATE,LOUISIANA,1.23,1.23,1.23,1.23,1.23,1.23,,,
2/2/2026,2020.0,20210550.0,18655.0,32493.0,"UNEV PIPELINE, LLC",Refined and/or Petroleum Product (non-HVL),INTERSTATE,NEVADA,0.0,11.23,0.0,34.93,0.0,40.71,,,
2/2/2026,2020.0,20210550.0,18655.0,32493.0,"UNEV PIPELINE, LLC",Refined and/or Petroleum Product (non-HVL),INTERSTATE,UTAH,5.11,38.62,44.33,25.11,0.0,84.07,,,
2/2/2026,2020.0,20210619.0,18728.0,32495.0,"DELAWARE PIPELINE COMPANY, LLC",Refined and/or Petroleum Product (non-HVL),INTERSTATE,DELAWARE,19.05,4.69,8.29,4.69,4.73,20.21,,,
2/2/2026,2020.0,20210619.0,18728.0,32495.0,"DELAWARE PIPELINE COMPANY, LLC",Refined and/or Petroleum Product (non-HVL),INTERSTATE,PENNSYLVANIA,3.16,1.52,1.52,1.52,1.52,3.16,,,
2/2/2026,2020.0,20210275.0,18372.0,32502.0,ENBRIDGE PIPELINES (SOUTHERN LIGHTS) L.L.C.,Refined and/or Petroleum Product (non-HVL),INTERSTATE,ILLINOIS,19.67,99.68,5.49,8.81,13.92,100.48,,,
2/2/2026,2020.0,20210275.0,18372.0,32502.0,ENBRIDGE PIPELINES (SOUTHERN LIGHTS) L.L.C.,Refined and/or Petroleum Product (non-HVL),INTERSTATE,MINNESOTA,0.0,133.1,36.03,4.94,0.0,156.91,,,
2/2/2026,2020.0,20210275.0,18372.0,32502.0,ENBRIDGE PIPELINES (SOUTHERN LIGHTS) L.L.C.,Refined and/or Petroleum Product (non-HVL),INTERSTATE,NORTH DAKOTA,0.0,0.0,0.0,0.0,0.0,0.0,,,
2/2/2026,2020.0,20210275.0,18372.0,32502.0,ENBRIDGE PIPELINES (SOUTHERN LIGHTS) L.L.C.,Refined and/or Petroleum Product (non-HVL),INTERSTATE,WISCONSIN,9.44,193.79,2.73,95.38,7.71,226.06,,,
2/2/2026,2020.0,20210183.0,18272.0,32503.0,"CALUMET SHREVEPORT REFINING, LLC",Crude Oil,INTRASTATE,LOUISIANA,6.85,0.0,0.0,0.0,0.0,6.85,,,
2/2/2026,2020.0,20210011.0,18061.0,32520.0,CITY OF BANGOR,Refined and/or Petroleum Product (non-HVL),INTRASTATE,MAINE,0.0,0.934,0.0,0.934,0.934,0.934,,,
2/2/2026,2020.0,20210170.0,18258.0,32522.0,NRG OSWEGO HARBOR POWER,Refined and/or Petroleum Product (non-HVL),INTRASTATE,NEW YORK,0.0,2.37,0.0,1.83,0.0,4.2,,,
2/2/2026,2020.0,20210209.0,18305.0,32526.0,COWTOWN PIPELINE PARTNERS L.P.,HVL,INTRASTATE,TEXAS,0.0,3.68,1.96,1.57,0.0,5.03,,,
2/2/2026,2020.0,20210222.0,18318.0,32537.0,WYOMING PIPELINE COMPANY,Crude Oil,INTRASTATE,WYOMING,0.0,1.5,0.0,0.0,0.0,1.5,,,
2/2/2026,2020.0,20210132.0,18202.0,32540.0,ELECTRAGAS INC.,Crude Oil,INTRASTATE,TEXAS,,,,,,,0.0,3.33,3.33
2/2/2026,2020.0,20210413.0,18513.0,32541.0,"COPANO NGL SERVICES (MARKHAM), LLC",HVL,INTRASTATE,TEXAS,2.04,31.37,0.0,6.35,0.0,35.01,,,
2/2/2026,2020.0,20210677.0,18788.0,32543.0,"DENBURY GREEN PIPELINE-TEXAS, LLC",CO2,INTERSTATE,TEXAS,44.19,25.93,0.0,0.0,0.0,70.12,,,
2/2/2026,2020.0,20210678.0,18789.0,32545.0,"DENBURY GULF COAST PIPELINES, LLC",CO2,INTERSTATE,LOUISIANA,4.02,43.83,0.0,0.0,0.0,47.85,,,
2/2/2026,2020.0,20210678.0,18789.0,32545.0,"DENBURY GULF COAST PIPELINES, LLC",CO2,INTERSTATE,MISSISSIPPI,0.0,9.84,0.0,0.0,0.0,9.84,,,
2/2/2026,2020.0,20210015.0,18067.0,32551.0,"BKEP PIPELINE, LLC",Crude Oil,INTERSTATE,OKLAHOMA,0.0,0.78,6.45,0.81,0.0,8.04,,,
2/2/2026,2020.0,20210015.0,18067.0,32551.0,"BKEP PIPELINE, LLC",Crude Oil,INTERSTATE,TEXAS,0.0,0.0,0.0,0.0,0.0,0.0,,,
2/2/2026,2020.0,20210015.0,18067.0,32551.0,"BKEP PIPELINE, LLC",Crude Oil,INTRASTATE,OKLAHOMA,0.0,129.3,67.3,28.8,0.0,176.08,,,
2/2/2026,2020.0,20210189.0,18278.0,32559.0,"ALON USA KROTZ SPRINGS REFINERY, INC",HVL,INTRASTATE,LOUISIANA,0.0,0.7,0.0,0.0,0.0,0.7,,,
2/2/2026,2020.0,20210192.0,18281.0,32559.0,"ALON USA KROTZ SPRINGS REFINERY, INC",Refined and/or Petroleum Product (non-HVL),INTRASTATE,LOUISIANA,,0.7,,,,0.7,,,
2/2/2026,2020.0,20210679.0,18790.0,32566.0,GREENCORE PIPELINE COMPANY LLC,CO2,INTERSTATE,MONTANA,0.0,0.0,0.0,0.0,0.0,0.0,,,
2/2/2026,2020.0,20210679.0,18790.0,32566.0,GREENCORE PIPELINE COMPANY LLC,CO2,INTERSTATE,WYOMING,0.0,4.39,0.0,0.0,0.0,4.39,,,
2/2/2026,2020.0,20210679.0,18790.0,32566.0,GREENCORE PIPELINE COMPANY LLC,CO2,INTRASTATE,WYOMING,0.0,0.0,0.0,0.0,0.0,0.0,,,
2/2/2026,2020.0,20210280.0,18377.0,32572.0,"TOLEDO REFINING COMPANY, LLC",Refined and/or Petroleum Product (non-HVL),INTRASTATE,OHIO,4.18,,,4.18,4.18,4.18,,,
2/2/2026,2020.0,20210328.0,18425.0,32575.0,"DEEPROCK OIL OPERATING, LLC",Crude Oil,INTRASTATE,OKLAHOMA,0.0,6.763,0.267,0.0,0.0,7.03,,,
2/2/2026,2020.0,20220510.0,19509.0,32590.0,"EASTMAN GAS COMPANY, LLC",Crude Oil,INTRASTATE,TEXAS,0.0,0.0,0.0,0.0,0.0,0.0,,,
2/2/2026,2020.0,20210707.0,18853.0,32592.0,"TREK RESOURCES, INC",Crude Oil,INTRASTATE,TEXAS,0.0,0.0,0.0,0.0,0.0,0.0,0.0,0.0,0.0
2/2/2026,2020.0,20210580.0,18687.0,32595.0,"HIGH POINT GAS GATHERING, LLC",Crude Oil,INTRASTATE,OCS-Gulf of Mexico,,,,,,,,,
2/2/2026,2020.0,20210036.0,18091.0,32599.0,"MCLEAN GAS PROCESSING, LLC",HVL,INTRASTATE,TEXAS,,,,,,,,,
2/2/2026,2020.0,20210078.0,18136.0,32606.0,"BOARDWALK FIELD SERVICES, LLC",HVL,INTRASTATE,TEXAS,0.0,0.0,0.0,0.0,0.0,0.0,,,
2/2/2026,2020.0,20210384.0,18865.0,32614.0,"WILLIAMS OLEFINS FEEDSTOCK PIPELINES, LLC",HVL,INTERSTATE,LOUISIANA,57.11,40.75,25.57,2.45,6.23,73.88,,,
2/2/2026,2020.0,20210384.0,18865.0,32614.0,"WILLIAMS OLEFINS FEEDSTOCK PIPELINES, LLC",HVL,INTERSTATE,TEXAS,22.28,23.93,,,4.03,37.47,,,
2/2/2026,2020.0,20210384.0,18865.0,32614.0,"WILLIAMS OLEFINS FEEDSTOCK PIPELINES, LLC",HVL,INTRASTATE,TEXAS,7.6,6.15,4.76,2.42,,15.8,,,
2/2/2026,2020.0,20210387.0,18919.0,32619.0,"HILAND CRUDE, LLC",Crude Oil,INTRASTATE,NORTH DAKOTA,0.0,17.42,29.93,132.26,0.0,140.45,,,
2/2/2026,2020.0,20210323.0,18875.0,32634.0,"ENLINK PERMIAN, LLC",Crude Oil,INTERSTATE,NEW MEXICO,0.0,0.0,0.0,0.516,0.0,0.516,,,
2/2/2026,2020.0,20210323.0,18875.0,32634.0,"ENLINK PERMIAN, LLC",Crude Oil,INTERSTATE,TEXAS,0.0,0.0,0.686,0.0,0.0,0.686,,,
2/2/2026,2020.0,20210325.0,18422.0,32634.0,"ENLINK PERMIAN, LLC",HVL,INTRASTATE,TEXAS,0.0,0.0,0.0,0.0,0.0,0.0,,,
2/2/2026,2020.0,20210610.0,18718.0,32645.0,"HILCORP ALASKA, LLC",Crude Oil,INTRASTATE,ALASKA,0.0,6.08,0.0,5.33,5.33,6.08,21.19,21.19,21.19
2/2/2026,2020.0,20210070.0,20684.0,32650.0,LEMM CORPORATION - OPERATIONS,HVL,INTRASTATE,TENNESSEE,8.97,8.97,,8.97,5.9,8.97,,,
2/2/2026,2020.0,20210703.0,18835.0,32652.0,PETROSANTANDER (USA) INC.,CO2,INTRASTATE,KANSAS,0.0,5.0,0.0,14.2,0.0,14.2,,,
2/2/2026,2020.0,20210402.0,18502.0,32678.0,KINDER MORGAN CRUDE AND CONDENSATE LLC,Crude Oil,INTRASTATE,TEXAS,68.82,118.18,76.32,47.24,57.01,154.25,,,
2/2/2026,2020.0,20210537.0,18641.0,32682.0,"GREENLEAF CO2 SOLUTIONS, LLC",CO2,INTRASTATE,MISSISSIPPI,,,0.0,,,,,,
2/2/2026,2020.0,20210367.0,18464.0,32683.0,INLAND CORPORATION,Refined and/or Petroleum Product (non-HVL),INTERSTATE,OHIO,130.7,146.4,184.5,88.3,3.6,274.8,,,
2/2/2026,2020.0,20210324.0,18421.0,32688.0,WEST COAST TERMINAL PIPELINE  (WCTP),Crude Oil,INTRASTATE,CALIFORNIA,8.47,0.28,0.0,0.28,0.28,8.47,,,
2/2/2026,2020.0,20210409.0,18509.0,32688.0,WEST COAST TERMINAL PIPELINE  (WCTP),Refined and/or Petroleum Product (non-HVL),INTERSTATE,OREGON,8.46,1.22,0.56,1.29,5.93,8.46,,,
2/2/2026,2020.0,20210409.0,18509.0,32688.0,WEST COAST TERMINAL PIPELINE  (WCTP),Refined and/or Petroleum Product (non-HVL),INTRASTATE,CALIFORNIA,6.31,0.1,0.0,0.36,3.28,6.31,,,
2/2/2026,2020.0,20210110.0,18177.0,38887.0,IMTT EPIC LLC,Refined and/or Petroleum Product (non-HVL),INTERSTATE,NEW MEXICO,0.0,8.68,1.1,5.05,0.0,10.6,,,
2/2/2026,2020.0,20210110.0,18177.0,38887.0,IMTT EPIC LLC,Refined and/or Petroleum Product (non-HVL),INTERSTATE,TEXAS,0.56,2.66,0.0,0.0,0.0,2.66,,,
2/2/2026,2020.0,20210110.0,18177.0,38887.0,IMTT EPIC LLC,Refined and/or Petroleum Product (non-HVL),INTRASTATE,GEORGIA,8.96,11.73,2.36,0.15,0.0,17.24,,,
2/2/2026,2020.0,20210567.0,18674.0,38893.0,PTE PIPELINE LLC,Crude Oil,INTERSTATE,ALASKA,0.0,1.7,1.53,22.26,1.65,22.26,,,
2/2/2026,2020.0,20210583.0,18690.0,38894.0,"THUNDER BASIN PIPELINE, LLC",Crude Oil,INTRASTATE,WYOMING,0.0,4.36,7.07,0.0,0.0,7.07,,,
2/2/2026,2020.0,20210393.0,18492.0,38895.0,KINDER MORGAN SOUTHEAST TERMINALS,Refined and/or Petroleum Product (non-HVL),INTRASTATE,NORTH CAROLINA,0.0,3.76,0.0,1.3,0.0,3.8,,,
2/2/2026,2020.0,20210021.0,18077.0,38919.0,LEGACY RESERVES OPERATING LP,Crude Oil,INTRASTATE,WYOMING,0.0,0.0,0.0,0.0,0.0,0.0,,,
2/2/2026,2020.0,20210540.0,18644.0,38922.0,MIPC LLC,HVL,INTRASTATE,PENNSYLVANIA,0.28,0.0,0.0,0.0,0.0,0.28,,,
2/2/2026,2020.0,20210541.0,18645.0,38922.0,MIPC LLC,Refined and/or Petroleum Product (non-HVL),INTERSTATE,NEW JERSEY,5.71,4.08,0.4,2.08,3.69,6.12,,,
2/2/2026,2020.0,20210541.0,18645.0,38922.0,MIPC LLC,Refined and/or Petroleum Product (non-HVL),INTERSTATE,PENNSYLVANIA,17.76,10.55,0.21,11.13,11.1,17.76,,,
2/2/2026,2020.0,20210541.0,18645.0,38922.0,MIPC LLC,Refined and/or Petroleum Product (non-HVL),INTRASTATE,PENNSYLVANIA,27.79,6.46,4.33,8.84,6.45,27.79,,,
2/2/2026,2020.0,20210139.0,19073.0,38924.0,NGL CRUDE TERMINALS,Crude Oil,INTRASTATE,COLORADO,0.0,2.0,0.0,0.0,0.0,2.0,,,
2/2/2026,2020.0,20210139.0,19073.0,38924.0,NGL CRUDE TERMINALS,Crude Oil,INTRASTATE,LOUISIANA,0.0,0.0,0.0,0.0,2.78,2.78,,,
2/2/2026,2020.0,20210139.0,19073.0,38924.0,NGL CRUDE TERMINALS,Crude Oil,INTRASTATE,OKLAHOMA,0.0,0.0,0.0,0.0,0.0,0.0,,,
2/2/2026,2020.0,20210158.0,18230.0,38926.0,BLACK BEAR MIDSTREAM LLC,HVL,INTRASTATE,LOUISIANA,0.0,0.0,1.21,1.21,0.78,1.21,,,
2/2/2026,2020.0,20210229.0,18325.0,38927.0,UGI ENERGY SERVICES,HVL,INTRASTATE,OHIO,0.0,13.57,8.14,0.0,0.0,21.71,,,
2/2/2026,2020.0,20210188.0,18277.0,38930.0,"PATOKA TERMINAL COMPANY, LLC",Crude Oil,INTRASTATE,ILLINOIS,,,0.45,,,0.45,,,
2/2/2026,2020.0,20210292.0,18389.0,38937.0,"MIDCOAST ENERGY, LLC",HVL,INTRASTATE,TEXAS,,9.337,,21.556,,30.893,,,
2/2/2026,2020.0,20210107.0,18174.0,38938.0,"WTG NGL PIPELINE COMPANY, LLC",HVL,INTRASTATE,TEXAS,0.0,0.0,0.0,0.06,0.0,0.06,,,
2/2/2026,2020.0,20210272.0,18369.0,38945.0,BAKKEN PIPELINE COMPANY LP,Crude Oil,INTERSTATE,NORTH DAKOTA,0.0,6.35,0.88,0.0,0.0,6.85,,,
2/2/2026,2020.0,20210065.0,18120.0,38949.0,"NAVARRO MIDSTREAM SERVICES, LLC.",Crude Oil,INTRASTATE,TEXAS,0.0,0.0,0.0,0.0,0.0,0.0,,,
2/2/2026,2020.0,20210276.0,18373.0,38968.0,OASIS PETROLEUM NORTH AMERICA,Crude Oil,INTRASTATE,NORTH DAKOTA,0.0,1.83,1.83,2.25,0.0,2.25,,,
2/2/2026,2020.0,20210276.0,18373.0,38968.0,OASIS PETROLEUM NORTH AMERICA,Crude Oil,INTRASTATE,TEXAS,,,,,,,,,
2/2/2026,2020.0,20210486.0,18588.0,38989.0,EMERALD GATHERING AND TRANSMISSION,Crude Oil,INTRASTATE,TEXAS,,1.81,1.81,,1.81,1.81,,,
2/2/2026,2020.0,20210227.0,18874.0,39010.0,"BLUE RACER MIDSTREAM, LLC",HVL,INTRASTATE,OHIO,,0.51,14.12,,,14.12,,,
2/2/2026,2020.0,20210227.0,18874.0,39010.0,"BLUE RACER MIDSTREAM, LLC",HVL,INTRASTATE,WEST VIRGINIA,12.84,5.09,4.67,1.34,0.37,24.31,,,
2/2/2026,2020.0,20210452.0,19357.0,39012.0,"SUMMIT MIDSTREAM PARTNERS, LLC",Crude Oil,INTRASTATE,NORTH DAKOTA,0.0,4.8,0.0,0.0,0.0,4.8,,,
2/2/2026,2020.0,20210455.0,18557.0,39012.0,"SUMMIT MIDSTREAM PARTNERS, LLC",HVL,INTRASTATE,COLORADO,0.0,0.0,0.0,0.0,0.0,0.0,,,
2/2/2026,2020.0,20210396.0,18872.0,39020.0,"ENABLE BAKKEN CRUDE SERVICES, LLC",Crude Oil,INTERSTATE,NORTH DAKOTA,0.0,0.0,0.0,0.0,0.0,0.0,,,
2/2/2026,2020.0,20210317.0,18414.0,39023.0,DOUBLE EAGLE PIPELINE LLC,Crude Oil,INTRASTATE,TEXAS,6.24,28.8,41.37,39.36,6.44,74.12,,,
2/2/2026,2020.0,20210461.0,18563.0,39033.0,"NESSON GATHERING SYSTEM, LLC",HVL,INTRASTATE,NORTH DAKOTA,0.0,0.0,0.0,0.0,0.0,0.0,,,
2/2/2026,2020.0,20210220.0,18316.0,39043.0,"TALLGRASS PONY EXPRESS PIPELINE, LLC",Crude Oil,INTERSTATE,COLORADO,0.0,26.521,34.949,76.76,0.0,84.44,,,
2/2/2026,2020.0,20210220.0,18316.0,39043.0,"TALLGRASS PONY EXPRESS PIPELINE, LLC",Crude Oil,INTERSTATE,KANSAS,19.859,126.035,255.801,330.715,0.0,341.586,,,
2/2/2026,2020.0,20210220.0,18316.0,39043.0,"TALLGRASS PONY EXPRESS PIPELINE, LLC",Crude Oil,INTERSTATE,NEBRASKA,0.0,20.511,30.454,50.21,0.0,54.159,,,
2/2/2026,2020.0,20210220.0,18316.0,39043.0,"TALLGRASS PONY EXPRESS PIPELINE, LLC",Crude Oil,INTERSTATE,OKLAHOMA,0.0,43.476,48.084,78.182,7.929,78.296,,,
2/2/2026,2020.0,20210220.0,18316.0,39043.0,"TALLGRASS PONY EXPRESS PIPELINE, LLC",Crude Oil,INTERSTATE,WYOMING,0.0,24.352,24.863,34.913,0.0,35.481,,,
2/2/2026,2020.0,20210007.0,18054.0,39046.0,"BRIDGER SWAN RANCH, LLC",Crude Oil,INTRASTATE,WYOMING,0.0,0.0,2.288,0.0,0.0,2.288,,,
2/2/2026,2020.0,20210088.0,18148.0,39047.0,"GEL OFFSHORE PIPELINE, LLC",Crude Oil,INTERSTATE,OCS-Gulf of Mexico,,,,,,,0.0,0.0,0.0
2/2/2026,2020.0,20210043.0,18098.0,39050.0,"CASPER CRUDE TO RAIL, LLC",Crude Oil,INTERSTATE,WYOMING,1.47,5.54,8.86,1.17,0.0,8.86,,,
2/2/2026,2020.0,20210492.0,18594.0,39065.0,HESS ND,Crude Oil,INTRASTATE,NORTH DAKOTA,0.0,0.35,0.0,3.38,2.43,6.16,,,
2/2/2026,2020.0,20210491.0,18593.0,39065.0,HESS ND,HVL,INTRASTATE,NORTH DAKOTA,0.0,0.15,0.0,0.0,2.4,2.55,,,
2/2/2026,2020.0,20210488.0,18590.0,39065.0,HESS ND,Refined and/or Petroleum Product (non-HVL),INTRASTATE,NORTH DAKOTA,0.0,0.075,0.0,0.0,0.0,0.075,,,
2/2/2026,2020.0,20210578.0,18964.0,39068.0,"FIELDWOOD ENERGY, LLC",Crude Oil,INTERSTATE,LOUISIANA,0.0,0.62,12.7,8.0,6.0,27.32,0.0,29.49,29.49
2/2/2026,2020.0,20210578.0,18964.0,39068.0,"FIELDWOOD ENERGY, LLC",Crude Oil,INTERSTATE,OCS-Gulf of Mexico,0.0,0.0,0.0,0.0,0.0,0.0,0.0,44.0,44.0
2/2/2026,2020.0,20210578.0,18964.0,39068.0,"FIELDWOOD ENERGY, LLC",Crude Oil,INTRASTATE,LOUISIANA,0.0,0.0,10.0,0.0,4.64,14.64,0.0,0.0,0.0
2/2/2026,2020.0,20210578.0,18964.0,39068.0,"FIELDWOOD ENERGY, LLC",Crude Oil,INTRASTATE,TEXAS,0.0,0.78,0.0,0.0,0.0,0.78,0.0,14.54,14.54
2/2/2026,2020.0,20210226.0,18322.0,39069.0,EMPIRE MIDSTREAM LLC,Crude Oil,INTERSTATE,OCS-Gulf of Mexico,,,,,,,0.0,0.0,0.0
2/2/2026,2020.0,20210226.0,18322.0,39069.0,EMPIRE MIDSTREAM LLC,Crude Oil,INTRASTATE,LOUISIANA,,,,,,,,,
2/2/2026,2020.0,20220068.0,19028.0,39073.0,OCI BEAUMONT LLC,Refined and/or Petroleum Product (non-HVL),INTRASTATE,TEXAS,0.0,0.0,0.0,0.0,0.0,0.0,,,
2/2/2026,2020.0,20210427.0,18528.0,39084.0,"CRESCENT MIDSTREAM, LLC",Crude Oil,INTERSTATE,LOUISIANA,20.819,37.118,41.679,3.706,34.004,108.618,4.24,0.0,4.24
2/2/2026,2020.0,20210427.0,18528.0,39084.0,"CRESCENT MIDSTREAM, LLC",Crude Oil,INTERSTATE,OCS-Gulf of Mexico,0.0,0.0,0.0,0.0,0.0,0.0,0.0,0.0,0.0
2/2/2026,2020.0,20210201.0,21014.0,39090.0,"NUTAAQ PIPELINE, LLC",Crude Oil,INTRASTATE,ALASKA,0.0,0.0,0.0,24.48,0.57,25.05,,,
2/2/2026,2020.0,20210474.0,18576.0,39099.0,CALIBER NORTH DAKOTA LLC,Crude Oil,INTRASTATE,NORTH DAKOTA,0.0,0.0,0.0,17.34,0.0,17.34,,,
2/2/2026,2020.0,20210477.0,18579.0,39099.0,CALIBER NORTH DAKOTA LLC,HVL,INTRASTATE,NORTH DAKOTA,0.0,0.0,0.0,0.4,0.0,0.4,,,
2/2/2026,2020.0,20210577.0,18929.0,39105.0,VALERO PARTNERS OPERATING CO. LLC,Crude Oil,INTERSTATE,MISSISSIPPI,27.42,34.21,0.0,12.86,0.12,37.91,,,
2/2/2026,2020.0,20210577.0,18929.0,39105.0,VALERO PARTNERS OPERATING CO. LLC,Crude Oil,INTERSTATE,OKLAHOMA,0.0,0.69,0.0,14.92,0.0,14.92,,,
2/2/2026,2020.0,20210577.0,18929.0,39105.0,VALERO PARTNERS OPERATING CO. LLC,Crude Oil,INTERSTATE,TENNESSEE,13.81,6.99,0.0,5.7,5.37,13.99,,,
2/2/2026,2020.0,20210577.0,18929.0,39105.0,VALERO PARTNERS OPERATING CO. LLC,Crude Oil,INTERSTATE,TEXAS,15.63,7.34,13.43,6.14,1.89,24.91,,,
2/2/2026,2020.0,20210577.0,18929.0,39105.0,VALERO PARTNERS OPERATING CO. LLC,Crude Oil,INTRASTATE,TEXAS,0.0,0.0,1.79,0.0,0.0,1.79,,,
2/2/2026,2020.0,20210585.0,18692.0,39105.0,VALERO PARTNERS OPERATING CO. LLC,HVL,INTRASTATE,TEXAS,2.211,0.0,0.0,0.0,0.0,2.211,,,
2/2/2026,2020.0,20210582.0,18689.0,39105.0,VALERO PARTNERS OPERATING CO. LLC,Refined and/or Petroleum Product (non-HVL),INTERSTATE,ARKANSAS,0.0,0.42,0.0,0.75,0.01,0.75,,,
2/2/2026,2020.0,20210582.0,18689.0,39105.0,VALERO PARTNERS OPERATING CO. LLC,Refined and/or Petroleum Product (non-HVL),INTERSTATE,LOUISIANA,29.15,45.51,16.63,67.11,46.18,69.97,,,
2/2/2026,2020.0,20210582.0,18689.0,39105.0,VALERO PARTNERS OPERATING CO. LLC,Refined and/or Petroleum Product (non-HVL),INTERSTATE,MISSISSIPPI,0.0,11.54,0.15,28.33,0.13,31.23,,,
2/2/2026,2020.0,20210582.0,18689.0,39105.0,VALERO PARTNERS OPERATING CO. LLC,Refined and/or Petroleum Product (non-HVL),INTERSTATE,OKLAHOMA,0.0,13.38,4.66,0.0,0.0,13.67,,,
2/2/2026,2020.0,20210582.0,18689.0,39105.0,VALERO PARTNERS OPERATING CO. LLC,Refined and/or Petroleum Product (non-HVL),INTERSTATE,TENNESSEE,0.73,7.7,0.0,1.61,0.34,8.1,,,
2/2/2026,2020.0,20210582.0,18689.0,39105.0,VALERO PARTNERS OPERATING CO. LLC,Refined and/or Petroleum Product (non-HVL),INTRASTATE,TENNESSEE,11.14,2.81,0.0,1.29,1.71,11.14,,,
2/2/2026,2020.0,20210582.0,18689.0,39105.0,VALERO PARTNERS OPERATING CO. LLC,Refined and/or Petroleum Product (non-HVL),INTRASTATE,TEXAS,16.13,4.9,20.1,0.0,0.39,23.12,,,
2/2/2026,2020.0,20210174.0,18263.0,39106.0,BOE MIDSTREAM,Crude Oil,INTRASTATE,NORTH DAKOTA,,30.6,18.6,27.1,,30.6,,,
2/2/2026,2020.0,20210050.0,18105.0,39107.0,SWEPI LP,Crude Oil,INTRASTATE,TEXAS,0.0,0.0,0.0,0.0,0.0,0.0,,,
2/2/2026,2020.0,20210214.0,19151.0,39108.0,BLUEFISH PIPELINE LLC,Refined and/or Petroleum Product (non-HVL),INTRASTATE,NEW MEXICO,2.63,0.179,0.0,1.207,0.0,4.01,,,
2/2/2026,2020.0,20210214.0,19151.0,39108.0,BLUEFISH PIPELINE LLC,Refined and/or Petroleum Product (non-HVL),INTRASTATE,TEXAS,8.66,1.67,0.0,0.0,0.0,10.33,,,
2/2/2026,2020.0,20210326.0,18862.0,39112.0,"ENLINK MIDSTREAM SERVICES, LLC",Crude Oil,INTRASTATE,OKLAHOMA,,1.994,,1.152,,1.994,,,
2/2/2026,2020.0,20210327.0,18424.0,39112.0,"ENLINK MIDSTREAM SERVICES, LLC",HVL,INTRASTATE,OKLAHOMA,0.0,0.0,0.0,0.0,0.0,0.0,,,
2/2/2026,2020.0,20210327.0,18424.0,39112.0,"ENLINK MIDSTREAM SERVICES, LLC",HVL,INTRASTATE,TEXAS,,10.877,13.316,,,22.15,,,
2/2/2026,2020.0,20210378.0,18475.0,39122.0,UTICA EAST OHIO MIDSTREAM LLC,HVL,INTRASTATE,OHIO,0.0,1.35,1.06,0.66,0.0,1.35,,,
2/2/2026,2020.0,20210667.0,18778.0,39124.0,EQUINOR PIPELINES LLC,Crude Oil,INTRASTATE,NORTH DAKOTA,,11.83,11.83,25.17,,48.38,,,
2/2/2026,2020.0,20210368.0,18465.0,39131.0,PERMIAN EXPRESS TERMINAL LLC,Crude Oil,INTERSTATE,TEXAS,0.0,0.0,0.0,0.0,0.0,0.0,,,
2/2/2026,2020.0,20210118.0,18188.0,39135.0,"VICTORIA EXPRESS PIPELINE, L.L.C.",Crude Oil,INTRASTATE,TEXAS,0.57,13.61,8.92,14.0,,14.0,,,
2/2/2026,2020.0,20210080.0,18138.0,39138.0,"BOARDWALK LOUISIANA MIDSTREAM, LLC",HVL,INTRASTATE,LOUISIANA,70.5,40.0,79.1,4.1,4.3,133.1,,,
2/2/2026,2020.0,20210080.0,18138.0,39138.0,"BOARDWALK LOUISIANA MIDSTREAM, LLC",HVL,INTRASTATE,TEXAS,,,,,,,,,
2/2/2026,2020.0,20210410.0,18863.0,39147.0,"ENABLE GAS GATHERING, LLC",Crude Oil,INTRASTATE,OKLAHOMA,0.0,64.31,3.01,0.69,0.0,68.01,,,
2/2/2026,2020.0,20210173.0,18261.0,39149.0,IMTT-BAYONNE,Refined and/or Petroleum Product (non-HVL),INTRASTATE,NEW JERSEY,3.35,,,,,3.35,,,
2/2/2026,2020.0,20210554.0,18659.0,39156.0,"FRIO LASALLE PIPELINE, LP",HVL,INTRASTATE,TEXAS,9.2,26.9,9.2,20.31,9.2,30.28,,,
2/2/2026,2020.0,20210137.0,18207.0,39179.0,"AMPLIFY ENERGY OPERATING, LLC",CO2,INTRASTATE,WYOMING,0.0,0.0,0.0,0.0,0.0,0.0,,,
2/2/2026,2020.0,20210653.0,18763.0,39183.0,"MEDALLION OPERATING COMPANY, LLC",Crude Oil,INTRASTATE,TEXAS,1.52,66.99,33.22,15.19,0.0,116.92,,,
2/2/2026,2020.0,20210656.0,18766.0,39183.0,"MEDALLION OPERATING COMPANY, LLC",HVL,INTRASTATE,TEXAS,0.0,0.0,0.0,0.0,0.0,0.0,,,
2/2/2026,2020.0,20210268.0,18365.0,39187.0,"THUNDER CREEK NGL PIPELINE, LLC",HVL,INTRASTATE,WYOMING,0.0,9.7,5.1,5.0,0.0,15.2,,,
2/2/2026,2020.0,20210709.0,18960.0,39189.0,"NORTHSTAR OFFSHORE VENTURES, LLC",Crude Oil,INTERSTATE,LOUISIANA,,,,,,,,,
2/2/2026,2020.0,20210709.0,18960.0,39189.0,"NORTHSTAR OFFSHORE VENTURES, LLC",Crude Oil,INTERSTATE,OCS-Gulf of Mexico,,,,,,,,,
2/2/2026,2020.0,20210111.0,18178.0,39191.0,CONSOLIDATED EDISON CO OF NY,Refined and/or Petroleum Product (non-HVL),INTRASTATE,NEW YORK,0.92,0.0,0.0,0.0,0.53,0.92,,,
2/2/2026,2020.0,20210008.0,18055.0,39196.0,CHEYENNE RAIL HUB,Crude Oil,INTRASTATE,WYOMING,,,1.8,,,1.8,,,
2/2/2026,2020.0,20210369.0,18466.0,39205.0,"DAPL-ETCO OPERATIONS MANAGEMENT, LLC",Crude Oil,INTERSTATE,ARKANSAS,0.0,8.9,8.9,0.0,0.0,8.9,,,
2/2/2026,2020.0,20210369.0,18466.0,39205.0,"DAPL-ETCO OPERATIONS MANAGEMENT, LLC",Crude Oil,INTERSTATE,ILLINOIS,1.0,42.3,142.3,74.3,20.2,173.8,,,
2/2/2026,2020.0,20210369.0,18466.0,39205.0,"DAPL-ETCO OPERATIONS MANAGEMENT, LLC",Crude Oil,INTERSTATE,IOWA,2.8,43.5,36.3,148.8,4.6,165.9,,,
2/2/2026,2020.0,20210369.0,18466.0,39205.0,"DAPL-ETCO OPERATIONS MANAGEMENT, LLC",Crude Oil,INTERSTATE,KENTUCKY,0.0,2.7,3.6,32.6,2.8,33.0,,,
2/2/2026,2020.0,20210369.0,18466.0,39205.0,"DAPL-ETCO OPERATIONS MANAGEMENT, LLC",Crude Oil,INTERSTATE,LOUISIANA,0.9,38.8,81.0,25.1,0.0,121.2,,,
2/2/2026,2020.0,20210369.0,18466.0,39205.0,"DAPL-ETCO OPERATIONS MANAGEMENT, LLC",Crude Oil,INTERSTATE,MISSISSIPPI,0.0,13.0,91.3,1.9,0.0,98.5,,,
2/2/2026,2020.0,20210369.0,18466.0,39205.0,"DAPL-ETCO OPERATIONS MANAGEMENT, LLC",Crude Oil,INTERSTATE,NORTH DAKOTA,0.0,29.6,40.1,181.4,0.0,211.6,,,
2/2/2026,2020.0,20210369.0,18466.0,39205.0,"DAPL-ETCO OPERATIONS MANAGEMENT, LLC",Crude Oil,INTERSTATE,SOUTH DAKOTA,0.0,12.2,2.1,39.9,0.0,49.4,,,
2/2/2026,2020.0,20210369.0,18466.0,39205.0,"DAPL-ETCO OPERATIONS MANAGEMENT, LLC",Crude Oil,INTERSTATE,TENNESSEE,5.7,43.1,35.6,0.0,0.0,66.4,,,
2/2/2026,2020.0,20210369.0,18466.0,39205.0,"DAPL-ETCO OPERATIONS MANAGEMENT, LLC",Crude Oil,INTERSTATE,TEXAS,7.2,19.5,11.3,6.1,2.3,22.0,,,
2/2/2026,2020.0,20210126.0,18196.0,39214.0,ENVEN ENERGY VENTURES LLC.,Crude Oil,INTERSTATE,LOUISIANA,0.0,0.0,0.0,0.0,4.5,4.5,0.0,3.6,3.6
2/2/2026,2020.0,20210126.0,18196.0,39214.0,ENVEN ENERGY VENTURES LLC.,Crude Oil,INTERSTATE,OCS-Gulf of Mexico,0.0,0.0,0.0,0.0,0.0,0.0,0.0,19.4,19.4
2/2/2026,2020.0,20210215.0,18311.0,39216.0,TALLGRASS MIDSTREAM LLC,HVL,INTERSTATE,COLORADO,0.0,0.0,1.356,7.891,0.0,8.621,,,
2/2/2026,2020.0,20210690.0,18815.0,39221.0,DAKOTA MIDSTREAM,Crude Oil,INTRASTATE,NORTH DAKOTA,0.0,0.0,0.0,0.0,0.0,0.0,,,
2/2/2026,2020.0,20210303.0,18400.0,39227.0,CALIFORNIA RESOURCES VENTURA BASIN,Crude Oil,INTRASTATE,CALIFORNIA,2.08,1.18,0.78,0.58,0.45,2.82,,,
2/2/2026,2020.0,20210651.0,18834.0,39228.0,ANDEAVOR FIELD SERVICES LLC,Crude Oil,INTERSTATE,MONTANA,0.0,0.71,12.73,1.25,0.0,13.93,,,
2/2/2026,2020.0,20210651.0,18834.0,39228.0,ANDEAVOR FIELD SERVICES LLC,Crude Oil,INTERSTATE,NORTH DAKOTA,0.0,0.05,1.26,38.27,0.0,38.5,,,
2/2/2026,2020.0,20210651.0,18834.0,39228.0,ANDEAVOR FIELD SERVICES LLC,Crude Oil,INTRASTATE,NORTH DAKOTA,0.0,0.0,0.0,4.73,0.0,4.73,,,
2/2/2026,2020.0,20210651.0,18834.0,39228.0,ANDEAVOR FIELD SERVICES LLC,Crude Oil,INTRASTATE,WYOMING,0.0,0.0,0.0,2.14,0.0,2.14,,,
2/2/2026,2020.0,20210663.0,18833.0,39228.0,ANDEAVOR FIELD SERVICES LLC,HVL,INTRASTATE,NORTH DAKOTA,0.0,0.0,0.0,12.93,0.0,12.93,,,
2/2/2026,2020.0,20210663.0,18833.0,39228.0,ANDEAVOR FIELD SERVICES LLC,HVL,INTRASTATE,UTAH,0.0,0.0,0.85,5.0,0.0,5.0,,,
2/2/2026,2020.0,20210663.0,18833.0,39228.0,ANDEAVOR FIELD SERVICES LLC,HVL,INTRASTATE,WYOMING,0.0,0.3,0.0,9.5,0.0,9.5,,,
2/2/2026,2020.0,20210312.0,18409.0,39229.0,CAMINO REAL GATHERING CO LLC,Crude Oil,INTRASTATE,TEXAS,0.0,0.82,0.0,2.87,0.0,2.87,,,
2/2/2026,2020.0,20210481.0,18583.0,39231.0,INTENSITY MIDSTREAM LLC,HVL,INTRASTATE,OKLAHOMA,,,,,,,,,
2/2/2026,2020.0,20210547.0,20634.0,39241.0,ZENITH ENERGY TERMINALS JOLIET HOLDINGS LLC,Crude Oil,INTERSTATE,ILLINOIS,0.715,4.391,0.0,0.0,2.035,4.538,,,
2/2/2026,2020.0,20210251.0,18348.0,39271.0,EAGLECLAW MIDSTREAM VENTURES,Crude Oil,INTRASTATE,TEXAS,,,,3.84,,3.84,,,
2/2/2026,2020.0,20210250.0,18347.0,39271.0,EAGLECLAW MIDSTREAM VENTURES,HVL,INTRASTATE,TEXAS,,,,12.82,,12.82,,,
2/2/2026,2020.0,20210159.0,18231.0,39272.0,"PARADIGM MIDSTREAM SERVICES - ND, LLC",Crude Oil,INTRASTATE,NORTH DAKOTA,0.0,0.0,0.0,0.0,0.0,0.0,,,
2/2/2026,2020.0,20210010.0,18059.0,39281.0,BROOKS RANGE PETROLEUM CORPORATION,Crude Oil,INTRASTATE,ALASKA,,,,,,,,,
2/2/2026,2020.0,20210437.0,18539.0,39291.0,FDL OPERATING LLC,CO2,INTRASTATE,WYOMING,,,,,,,,,
2/2/2026,2020.0,20210494.0,18596.0,39292.0,"TWIN EAGLE MIDSTREAM ASSETS, LLC",Crude Oil,INTERSTATE,WYOMING,,3.77,3.77,,,3.77,,,
2/2/2026,2020.0,20210334.0,18431.0,39303.0,"BASA RESOURCES, INC.",Crude Oil,INTRASTATE,TEXAS,,16.02,,,,16.02,,,
2/2/2026,2020.0,20210141.0,18211.0,39313.0,"MAVERICK TERMINAL THREE RIVERS, LLC",HVL,INTRASTATE,TEXAS,0.0,0.0,0.0,0.0,0.0,0.0,,,
2/2/2026,2020.0,20210199.0,18289.0,39316.0,"RENAISSANCE OFFSHORE, LLC",Crude Oil,INTERSTATE,OCS-Gulf of Mexico,0.0,0.0,0.0,0.0,0.0,0.0,0.0,15.9,15.9
2/2/2026,2020.0,20210199.0,18289.0,39316.0,"RENAISSANCE OFFSHORE, LLC",Crude Oil,INTERSTATE,TEXAS,0.0,2.73,0.0,2.73,2.73,2.73,11.46,11.46,11.46
2/2/2026,2020.0,20210699.0,18827.0,39317.0,SCOUT ENERGY MANAGEMENT LLC,Crude Oil,INTRASTATE,TEXAS,0.0,0.0,0.0,0.0,0.0,0.0,,,
2/2/2026,2020.0,20210490.0,19085.0,39325.0,"TALOS ENERGY, LLC",Crude Oil,INTERSTATE,LOUISIANA,,,,,,,,,
2/2/2026,2020.0,20210490.0,19085.0,39325.0,"TALOS ENERGY, LLC",Crude Oil,INTERSTATE,OCS-Gulf of Mexico,,,,,,,,,
2/2/2026,2020.0,20210074.0,18132.0,39336.0,"BR PORT SERVICES, LLC",Crude Oil,INTRASTATE,LOUISIANA,3.75,2.94,3.91,0.071,3.16,3.91,,,
2/2/2026,2020.0,20210489.0,18591.0,39339.0,TINSLEY RESOURCES  LLC,Crude Oil,INTRASTATE,MISSISSIPPI,,2.82,2.82,14.75,7.19,27.58,,,
2/2/2026,2020.0,20210415.0,20829.0,39341.0,"CHALMETTE LOUISIANA LIQUIDS, LLC",HVL,INTRASTATE,LOUISIANA,3.84,1.0,0.0,1.49,4.6,10.93,,,
2/2/2026,2020.0,20210270.0,18367.0,39347.0,"ILLINOIS EXTENSION PIPELINE COMPANY, L.L.C.",Crude Oil,INTERSTATE,ILLINOIS,4.24,30.53,32.49,0.12,0.0,57.85,,,
2/2/2026,2020.0,20210662.0,18773.0,39348.0,"NUSTAR PERMIAN TRANSPORTATION AND STORAGE, LLC",Crude Oil,INTRASTATE,TEXAS,0.0,27.3,4.8,0.0,0.0,32.1,,,
2/2/2026,2020.0,20210208.0,18303.0,39349.0,"USG WHEATLAND PIPELINE, LLC",Crude Oil,INTRASTATE,NORTH DAKOTA,0.0,0.0,0.0,0.0,0.0,0.0,,,
2/2/2026,2020.0,20210687.0,18807.0,39351.0,"MONARCH OIL PIPELINE, LLC",Crude Oil,INTERSTATE,OKLAHOMA,0.0,0.0,0.0,0.0,0.0,0.0,,,
2/2/2026,2020.0,20210687.0,18807.0,39351.0,"MONARCH OIL PIPELINE, LLC",Crude Oil,INTERSTATE,TEXAS,0.0,0.0,0.0,0.0,0.0,0.0,,,
2/2/2026,2020.0,20210687.0,18807.0,39351.0,"MONARCH OIL PIPELINE, LLC",Crude Oil,INTRASTATE,TEXAS,0.0,0.0,0.0,0.0,0.0,0.0,,,
2/2/2026,2020.0,20210089.0,18149.0,39352.0,"GENESIS OFFSHORE HOLDINGS, LLC",Crude Oil,INTERSTATE,LOUISIANA,10.06,14.97,7.79,24.64,27.56,39.81,4.32,0.0,4.32
2/2/2026,2020.0,20210089.0,18149.0,39352.0,"GENESIS OFFSHORE HOLDINGS, LLC",Crude Oil,INTERSTATE,OCS-Gulf of Mexico,0.0,0.0,0.0,0.0,0.0,0.0,0.0,0.0,0.0
2/2/2026,2020.0,20210089.0,18149.0,39352.0,"GENESIS OFFSHORE HOLDINGS, LLC",Crude Oil,INTERSTATE,TEXAS,20.26,39.36,9.01,40.08,20.14,50.36,27.87,0.0,27.87
2/2/2026,2020.0,20210145.0,18216.0,39354.0,ENBRIDGE OFFSHORE FACILITIES,Crude Oil,INTERSTATE,OCS-Gulf of Mexico,,,,,,,0.0,0.0,0.0
2/2/2026,2020.0,20210450.0,18552.0,39368.0,CRESTWOOD MIDSTREAM PARTNERS LP,Crude Oil,INTRASTATE,NORTH DAKOTA,0.0,12.18,2.23,1.7,0.0,14.41,,,
2/2/2026,2020.0,20210210.0,18306.0,39368.0,CRESTWOOD MIDSTREAM PARTNERS LP,HVL,INTERSTATE,SOUTH CAROLINA,8.02,4.32,4.03,0.0,0.0,15.7,,,
2/2/2026,2020.0,20210210.0,18306.0,39368.0,CRESTWOOD MIDSTREAM PARTNERS LP,HVL,INTRASTATE,NORTH DAKOTA,0.0,0.0,0.0,0.0,0.0,0.0,,,
2/2/2026,2020.0,20210210.0,18306.0,39368.0,CRESTWOOD MIDSTREAM PARTNERS LP,HVL,INTRASTATE,TEXAS,0.0,0.0,0.0,0.0,0.0,0.0,,,
2/2/2026,2020.0,20210223.0,18319.0,39369.0,ELLSJET TERMINAL,Refined and/or Petroleum Product (non-HVL),INTRASTATE,SOUTH DAKOTA,0.0,6.51,0.75,0.0,0.0,6.51,,,
2/2/2026,2020.0,20210196.0,18285.0,39376.0,"BLUE CUBE OPERATIONS, LLC.",HVL,INTRASTATE,TEXAS,,,1.31,,0.12,1.43,,,
2/2/2026,2020.0,20210496.0,18599.0,39377.0,"WHITNEY OIL & GAS, LLC",Crude Oil,INTRASTATE,LOUISIANA,,,,,,,,,
2/2/2026,2020.0,20210075.0,18133.0,39389.0,"GEL TEXAS PIPELINE, LLC",Crude Oil,INTERSTATE,TEXAS,24.04,21.54,11.48,15.87,14.3,25.11,,,
2/2/2026,2020.0,20210030.0,18085.0,39398.0,INEOS USA LLC,HVL,INTRASTATE,TEXAS,97.19,96.58,124.56,50.21,1.72,370.26,,,
2/2/2026,2020.0,20210029.0,18084.0,39398.0,INEOS USA LLC,Refined and/or Petroleum Product (non-HVL),INTRASTATE,TEXAS,5.98,27.86,22.67,3.73,0.1,60.34,,,
2/2/2026,2020.0,20210485.0,20907.0,39401.0,GREAT SALT PLAINS PIPELINE LLC,Crude Oil,INTRASTATE,OKLAHOMA,,13.8,30.9,20.4,,47.8,,,
2/2/2026,2020.0,20210566.0,18673.0,39401.0,GREAT SALT PLAINS PIPELINE LLC,HVL,INTRASTATE,OKLAHOMA,,,,,,,,,
2/2/2026,2020.0,20210620.0,18730.0,39409.0,"CHALMETTE REFINING, L.L.C.",Crude Oil,INTRASTATE,LOUISIANA,2.1,2.1,2.1,2.1,2.1,2.1,,,
2/2/2026,2020.0,20210621.0,18731.0,39409.0,"CHALMETTE REFINING, L.L.C.",Refined and/or Petroleum Product (non-HVL),INTRASTATE,LOUISIANA,1.69,1.69,1.69,1.69,1.69,1.69,,,
2/2/2026,2020.0,20210180.0,18879.0,39414.0,NST EXPRESS LLC,Crude Oil,INTRASTATE,NORTH DAKOTA,0.0,0.89,1.91,17.0,0.0,19.8,,,
2/2/2026,2020.0,20210041.0,18096.0,39424.0,"MAGNUM OPERATING, LLC",Crude Oil,INTRASTATE,TEXAS,,,,,,,0.0,0.0,0.0
2/2/2026,2020.0,20210512.0,18615.0,39433.0,"MAGELLAN OPERATING COMPANY, LLC",Crude Oil,INTRASTATE,TEXAS,25.0,0.0,14.93,4.63,0.75,25.0,,,
2/2/2026,2020.0,20210515.0,18618.0,39433.0,"MAGELLAN OPERATING COMPANY, LLC",HVL,INTRASTATE,TEXAS,,,,,,,,,
2/2/2026,2020.0,20210517.0,18620.0,39433.0,"MAGELLAN OPERATING COMPANY, LLC",Refined and/or Petroleum Product (non-HVL),INTRASTATE,TEXAS,11.22,,9.54,,4.06,11.22,,,
2/2/2026,2020.0,20210195.0,18284.0,39436.0,INDORAMA VENTURES OLEFINS LLC,HVL,INTERSTATE,LOUISIANA,12.15,10.65,16.73,3.3,10.77,18.22,,,
2/2/2026,2020.0,20210195.0,18284.0,39436.0,INDORAMA VENTURES OLEFINS LLC,HVL,INTERSTATE,TEXAS,5.0,5.0,5.0,,5.0,5.0,,,
2/2/2026,2020.0,20210195.0,18284.0,39436.0,INDORAMA VENTURES OLEFINS LLC,HVL,INTRASTATE,LOUISIANA,0.09,,,,,0.09,,,
2/2/2026,2020.0,20210318.0,18415.0,39440.0,DOUBLE H,Crude Oil,INTERSTATE,MONTANA,0.0,37.7,20.29,45.95,0.0,61.88,,,
2/2/2026,2020.0,20210318.0,18415.0,39440.0,DOUBLE H,Crude Oil,INTERSTATE,NORTH DAKOTA,0.0,0.0,0.0,0.88,0.0,0.88,,,
2/2/2026,2020.0,20210318.0,18415.0,39440.0,DOUBLE H,Crude Oil,INTERSTATE,WYOMING,0.0,12.84,6.18,5.73,0.0,20.01,,,
2/2/2026,2020.0,20210218.0,18314.0,39442.0,JAMES LAKE MIDSTREAM,Refined and/or Petroleum Product (non-HVL),INTRASTATE,TEXAS,0.0,0.0,0.0,0.0,0.0,0.0,,,
2/2/2026,2020.0,20210047.0,18102.0,39443.0,"NAVITAS MDSTR MIDLAND BASIN, LLC",HVL,INTRASTATE,TEXAS,0.0,0.0,0.0,0.0,0.0,0.0,,,
2/2/2026,2020.0,20210370.0,18467.0,39462.0,"BAYOU BRIDGE PIPELINE, LLC",Crude Oil,INTERSTATE,LOUISIANA,22.8,20.7,150.8,14.0,12.7,153.8,,,
2/2/2026,2020.0,20210370.0,18467.0,39462.0,"BAYOU BRIDGE PIPELINE, LLC",Crude Oil,INTERSTATE,TEXAS,3.2,4.5,4.7,2.0,0.4,10.2,,,
2/2/2026,2020.0,20210190.0,20133.0,39467.0,"KURARAY AMERICA, INC.",HVL,INTRASTATE,TEXAS,1.89,,,1.89,,1.89,,,
2/2/2026,2020.0,20210017.0,18069.0,39474.0,MODA INGLESIDE LLC,Crude Oil,INTRASTATE,TEXAS,0.98,11.58,0.0,7.97,1.85,11.83,,,
2/2/2026,2020.0,20210016.0,18068.0,39474.0,MODA INGLESIDE LLC,HVL,INTRASTATE,TEXAS,4.64,15.81,0.0,13.6,7.83,16.24,,,
2/2/2026,2020.0,20210332.0,18429.0,39476.0,"BRAZOS MIDSTREAM OPERATING, LLC",HVL,INTRASTATE,TEXAS,,,,,,,,,
2/2/2026,2020.0,20210167.0,18255.0,39477.0,"KEYERA ENERGY, INC.",HVL,INTRASTATE,OKLAHOMA,0.0,0.0,0.0,0.0,0.0,0.0,,,
2/2/2026,2020.0,20210167.0,18255.0,39477.0,"KEYERA ENERGY, INC.",HVL,INTRASTATE,TEXAS,0.0,8.24,7.8,0.36,0.56,14.79,,,
2/2/2026,2020.0,20210345.0,18442.0,39487.0,COPANO PROCESSING LLC,HVL,INTRASTATE,TEXAS,0.0,0.0,0.0,0.0,0.0,0.0,,,
2/2/2026,2020.0,20210688.0,18812.0,39490.0,PETRA NOVA CCS I LLC,CO2,INTRASTATE,TEXAS,0.0,0.0,0.0,0.0,0.0,0.0,,,
2/2/2026,2020.0,20210240.0,19081.0,39492.0,"CELANESE CHEMICALS, INC",HVL,INTRASTATE,TEXAS,13.75,7.0,6.97,5.33,0.47,13.75,,,
2/2/2026,2020.0,20210563.0,18864.0,39498.0,COX OPERATING LLC,Crude Oil,INTERSTATE,LOUISIANA,0.0,0.67,0.0,14.15,0.0,14.82,0.0,0.0,0.0
2/2/2026,2020.0,20210563.0,18864.0,39498.0,COX OPERATING LLC,Crude Oil,INTERSTATE,OCS-Gulf of Mexico,,,,,,,3.14,,3.14
2/2/2026,2020.0,20210519.0,18622.0,39504.0,"MAGELLAN CRUDE OIL PIPELINE COMPANY, L.P.",Crude Oil,INTERSTATE,TEXAS,68.05,22.61,37.08,27.17,1.08,111.34,,,
2/2/2026,2020.0,20210519.0,18622.0,39504.0,"MAGELLAN CRUDE OIL PIPELINE COMPANY, L.P.",Crude Oil,INTRASTATE,TEXAS,108.8,13.77,35.48,10.45,4.48,122.72,,,
2/2/2026,2020.0,20210675.0,19075.0,39506.0,PEAK MIDSTREAM GOLDSBORO LLC,Refined and/or Petroleum Product (non-HVL),INTRASTATE,NORTH CAROLINA,3.01,3.51,0.0,0.0,0.0,4.89,,,
2/2/2026,2020.0,20210483.0,18965.0,39509.0,"ITC PIPELINE COMPANY, LLC",Refined and/or Petroleum Product (non-HVL),INTRASTATE,TEXAS,8.54,,8.54,,,8.54,,,
2/2/2026,2020.0,20210202.0,18293.0,39511.0,CR PERMIAN PROCESSING LLC,HVL,INTRASTATE,TEXAS,0.0,0.0,0.0,0.0,0.0,0.0,,,
2/2/2026,2020.0,20210548.0,18653.0,39518.0,KINDER MORGAN UTOPIA LLC,HVL,INTERSTATE,MICHIGAN,31.71,24.71,,49.39,4.61,53.86,,,
2/2/2026,2020.0,20210548.0,18653.0,39518.0,KINDER MORGAN UTOPIA LLC,HVL,INTERSTATE,OHIO,29.16,129.39,,39.21,,146.56,,,
2/2/2026,2020.0,20210623.0,18733.0,39532.0,TORRANCE BASIN PIPELINE COMPANY LLC,Crude Oil,INTRASTATE,CALIFORNIA,12.51,0.0,0.0,0.0,0.189,12.51,,,
2/2/2026,2020.0,20210625.0,18735.0,39532.0,TORRANCE BASIN PIPELINE COMPANY LLC,Refined and/or Petroleum Product (non-HVL),INTRASTATE,CALIFORNIA,8.28,0.0,0.95,0.0,0.19,8.28,,,
2/2/2026,2020.0,20210627.0,18737.0,39533.0,TORRANCE LOGISTICS COMPANY LLC,Crude Oil,INTRASTATE,CALIFORNIA,0.839,0.25,0.0,0.839,0.0,0.839,,,
2/2/2026,2020.0,20210631.0,18741.0,39534.0,TORRANCE VALLEY PIPELINE COMPANY LLC,Crude Oil,INTRASTATE,CALIFORNIA,78.13,54.79,60.65,104.96,1.73,142.81,,,
2/2/2026,2020.0,20210632.0,18742.0,39535.0,TORRANCE PIPELINE COMPANY LLC,Crude Oil,INTRASTATE,CALIFORNIA,10.7,0.0,1.23,1.14,1.11,10.7,,,
2/2/2026,2020.0,20210633.0,18743.0,39535.0,TORRANCE PIPELINE COMPANY LLC,Refined and/or Petroleum Product (non-HVL),INTRASTATE,CALIFORNIA,85.27,0.12,14.32,5.5,4.13,85.27,,,
2/2/2026,2020.0,20210636.0,18953.0,39540.0,"ARB MIDSTREAM, LLC",Crude Oil,INTRASTATE,COLORADO,13.828,62.451,11.648,7.23,0.0,84.196,,,
2/2/2026,2020.0,20210419.0,18856.0,39551.0,"STAKEHOLDER MIDSTREAM CRUDE OIL PIPELINE, LLC",Crude Oil,INTRASTATE,TEXAS,,,,,,,,,
2/2/2026,2020.0,20210598.0,18706.0,39556.0,ISLAND ENERGY SERVICES,Refined and/or Petroleum Product (non-HVL),INTRASTATE,HAWAII,45.259,3.7,1.487,45.259,10.0,45.259,,,
2/2/2026,2020.0,20210497.0,18861.0,39565.0,TORRENT OIL LLC,Crude Oil,INTRASTATE,TEXAS,,,,,,,,14.346,14.346
2/2/2026,2020.0,20210588.0,18695.0,39566.0,LUCID ENERGY DELAWARE LLC,HVL,INTRASTATE,NEW MEXICO,0.0,0.0,0.0,0.0,0.0,0.0,,,
2/2/2026,2020.0,20210213.0,18309.0,39581.0,CALIBER BEAR DEN INTERCONNECT LLC,Crude Oil,INTRASTATE,NORTH DAKOTA,0.0,0.0,0.0,0.53,0.0,0.53,,,
2/2/2026,2020.0,20210697.0,18822.0,39587.0,"SAVAGE BAKKEN CONNECTOR, INC",Crude Oil,INTERSTATE,NORTH DAKOTA,,2.25,,,,2.25,,,
2/2/2026,2020.0,20210179.0,18268.0,39589.0,"STATELINE CRUDE, LLC",Crude Oil,INTERSTATE,NEW MEXICO,,,,1.73,,1.73,,,
2/2/2026,2020.0,20210179.0,18268.0,39589.0,"STATELINE CRUDE, LLC",Crude Oil,INTERSTATE,TEXAS,,,,,,,,,
2/2/2026,2020.0,20210710.0,18873.0,39593.0,QEP ENERGY COMPANY,Crude Oil,INTRASTATE,TEXAS,0.0,0.0,0.0,0.0,0.0,0.0,,,
2/2/2026,2020.0,20210372.0,18469.0,39596.0,PERMIAN EXPRESS PARTNERS LLC,Crude Oil,INTERSTATE,ARKANSAS,20.4,109.6,134.0,186.2,56.6,236.4,,,
2/2/2026,2020.0,20210372.0,18469.0,39596.0,PERMIAN EXPRESS PARTNERS LLC,Crude Oil,INTERSTATE,ILLINOIS,0.0,14.4,65.4,17.2,7.9,66.5,,,
2/2/2026,2020.0,20210372.0,18469.0,39596.0,PERMIAN EXPRESS PARTNERS LLC,Crude Oil,INTERSTATE,LOUISIANA,33.1,54.2,45.2,90.2,17.9,133.4,,,
2/2/2026,2020.0,20210372.0,18469.0,39596.0,PERMIAN EXPRESS PARTNERS LLC,Crude Oil,INTERSTATE,MISSOURI,0.0,28.6,54.9,86.1,5.7,107.5,,,
2/2/2026,2020.0,20210372.0,18469.0,39596.0,PERMIAN EXPRESS PARTNERS LLC,Crude Oil,INTERSTATE,TEXAS,93.0,184.9,208.6,42.8,8.3,357.6,,,
2/2/2026,2020.0,20210372.0,18469.0,39596.0,PERMIAN EXPRESS PARTNERS LLC,Crude Oil,INTRASTATE,TEXAS,5.3,17.6,23.3,0.0,0.0,27.0,,,
2/2/2026,2020.0,20210371.0,18468.0,39596.0,PERMIAN EXPRESS PARTNERS LLC,HVL,INTRASTATE,OKLAHOMA,0.0,6.1,0.0,0.0,0.0,6.1,,,
2/2/2026,2020.0,20210026.0,18081.0,39600.0,VAQUERO PERMIAN PROCESSING LLC,HVL,INTRASTATE,TEXAS,,,,,,,,,
2/2/2026,2020.0,20210252.0,18349.0,39606.0,CR PERMIAN CRUDE LLC,Crude Oil,INTRASTATE,TEXAS,0.0,0.0,0.0,3.47,0.0,3.47,,,
2/2/2026,2020.0,20210261.0,18358.0,39610.0,"CPE GATHERING MIDCON, LLC",Crude Oil,INTRASTATE,OKLAHOMA,0.0,0.0,0.0,0.0,0.0,0.0,,,
2/2/2026,2020.0,20210264.0,18361.0,39617.0,EQUILON ENTERPRISES LLC DBA SHELL OIL PRODUCTS US - CONVENT REFINERY,HVL,INTRASTATE,LOUISIANA,0.0,4.9,0.0,0.0,0.0,4.9,,,
2/2/2026,2020.0,20210033.0,18871.0,39636.0,"CARBON CALIFORNIA OPERATING COMPANY, LLC",Crude Oil,INTRASTATE,CALIFORNIA,,3.7,,,,3.7,,,
2/2/2026,2020.0,20210446.0,18548.0,39637.0,UTAH GAS OP LTD DBA UTAH GAS CORP,HVL,INTERSTATE,COLORADO,,,,,,,,,
2/2/2026,2020.0,20210446.0,18548.0,39637.0,UTAH GAS OP LTD DBA UTAH GAS CORP,HVL,INTERSTATE,UTAH,,,,,,,,,
2/2/2026,2020.0,20210154.0,18226.0,39638.0,ALTUS MIDSTREAM NGL PIPELINE LP,HVL,INTRASTATE,TEXAS,,,,3.18,,3.18,,,
2/2/2026,2020.0,20210153.0,18225.0,39639.0,TANKS R US,Refined and/or Petroleum Product (non-HVL),INTRASTATE,MICHIGAN,0.0,0.0,0.0,0.0,0.0,0.0,,,
2/2/2026,2020.0,20210217.0,18313.0,39647.0,VALERO TEXAS CITY REFINERY,Refined and/or Petroleum Product (non-HVL),INTRASTATE,TEXAS,5.19,3.46,5.1,0.78,0.78,5.19,,,
2/2/2026,2020.0,20210447.0,18549.0,39648.0,VALERO HOUSTON REFINERY,Crude Oil,INTRASTATE,TEXAS,1.39,0.7,0.66,0.7,0.7,1.39,,,
2/2/2026,2020.0,20210449.0,18551.0,39648.0,VALERO HOUSTON REFINERY,HVL,INTRASTATE,TEXAS,3.75,0.28,0.11,2.24,1.65,3.75,,,
2/2/2026,2020.0,20210448.0,18550.0,39648.0,VALERO HOUSTON REFINERY,Refined and/or Petroleum Product (non-HVL),INTRASTATE,TEXAS,10.96,9.29,9.27,9.21,9.28,10.96,,,
2/2/2026,2020.0,20210254.0,18351.0,39649.0,"IRONWOOD MIDSTREAM ENERGY PARTNERS, LLC",Crude Oil,INTRASTATE,TEXAS,,2.57,1.09,0.0,0.0,2.57,,,
2/2/2026,2020.0,20210129.0,18199.0,39654.0,ORYX DELAWARE OIL TRANSPORT LLC,Crude Oil,INTERSTATE,NEW MEXICO,0.0,9.55,3.94,49.1,0.0,53.62,,,
2/2/2026,2020.0,20210129.0,18199.0,39654.0,ORYX DELAWARE OIL TRANSPORT LLC,Crude Oil,INTERSTATE,TEXAS,1.15,7.35,9.19,11.84,0.0,29.06,,,
2/2/2026,2020.0,20210129.0,18199.0,39654.0,ORYX DELAWARE OIL TRANSPORT LLC,Crude Oil,INTRASTATE,TEXAS,0.0,0.68,0.0,0.0,0.0,0.68,,,
2/2/2026,2020.0,20210263.0,18360.0,39663.0,"PETROGAS WEST, LLC",HVL,INTRASTATE,WASHINGTON,0.0,0.0,0.0,0.0,0.0,0.0,,,
2/2/2026,2020.0,20210500.0,18603.0,39666.0,FORMULA MIDSTREAM PARTNERS LLC,Crude Oil,INTRASTATE,TEXAS,,,0.14,,,0.14,,,
2/2/2026,2020.0,20210028.0,18083.0,39675.0,"SCT PIPELINE, LLC",Crude Oil,INTRASTATE,OKLAHOMA,0.0,5.7,8.18,2.39,0.0,10.8,,,
2/2/2026,2020.0,20210392.0,18908.0,39684.0,ROCKY MOUNTAIN MIDSTREAM PIPELINE LLC,Crude Oil,INTRASTATE,COLORADO,11.36,17.82,25.71,1.58,0.0,38.48,,,
2/2/2026,2020.0,20210712.0,18878.0,39684.0,ROCKY MOUNTAIN MIDSTREAM PIPELINE LLC,HVL,INTRASTATE,COLORADO,0.02,0.01,,,,0.02,,,
2/2/2026,2020.0,20210117.0,18186.0,39694.0,"BRIDGE ENERGY, LLC",Crude Oil,INTRASTATE,CALIFORNIA,0.27,2.58,3.15,3.31,0.0,3.5,,,
2/2/2026,2020.0,20210498.0,18601.0,39698.0,S2 ENERGY OPERATING LLC,Crude Oil,INTRASTATE,LOUISIANA,,,,,,,,,
2/2/2026,2020.0,20210001.0,18044.0,39708.0,"SYDRI OPERATING, INC.",Crude Oil,INTRASTATE,TEXAS,0.0,1.27,0.0,0.0,0.0,1.27,,,
2/2/2026,2020.0,20210700.0,19091.0,39713.0,CANTIUM. LLC,Crude Oil,INTERSTATE,LOUISIANA,,,,0.0,0.0,0.0,4.02,0.0,4.02
2/2/2026,2020.0,20210700.0,19091.0,39713.0,CANTIUM. LLC,Crude Oil,INTERSTATE,OCS-Gulf of Mexico,,,,,,,1.79,0.0,1.79
2/2/2026,2020.0,20210700.0,19091.0,39713.0,CANTIUM. LLC,Crude Oil,INTRASTATE,LOUISIANA,,,,,,,4.93,,4.93
2/2/2026,2020.0,20210612.0,18721.0,39731.0,VANTAGE PIPELINE US LP,HVL,INTERSTATE,NORTH DAKOTA,1.354,,,2.326,,3.68,,,
2/2/2026,2020.0,20210337.0,18434.0,39739.0,OCELOT ENERGY MANAGEMENT LLC,Refined and/or Petroleum Product (non-HVL),INTRASTATE,TEXAS,15.0,15.0,15.0,15.0,1.9,15.0,,,
2/2/2026,2020.0,20210421.0,18522.0,39746.0,ELEVATION MIDSTREAM,Crude Oil,INTRASTATE,COLORADO,8.027,4.136,,,,12.163,,,
2/2/2026,2020.0,20210020.0,18072.0,39752.0,"STAKEHOLDER GAS UTILITY, LLC",HVL,INTRASTATE,TEXAS,0.0,0.0,0.4,0.0,0.0,0.4,,,
2/2/2026,2020.0,20210090.0,18150.0,39753.0,CURETON FRONT RANGE LLC,HVL,INTRASTATE,COLORADO,,,,,,,,,
2/2/2026,2020.0,20210462.0,18913.0,39754.0,"PERDURE PETROLEUM, LLC",CO2,INTERSTATE,KANSAS,0.0,1.335,7.333,3.968,0.0,7.333,,,
2/2/2026,2020.0,20210462.0,18913.0,39754.0,"PERDURE PETROLEUM, LLC",CO2,INTERSTATE,OKLAHOMA,0.0,0.0,8.178,6.099,0.0,8.958,,,
2/2/2026,2020.0,20210462.0,18913.0,39754.0,"PERDURE PETROLEUM, LLC",CO2,INTERSTATE,TEXAS,0.0,0.678,0.0,0.0,0.0,0.678,,,
2/2/2026,2020.0,20210462.0,18913.0,39754.0,"PERDURE PETROLEUM, LLC",CO2,INTRASTATE,COLORADO,0.0,0.0,0.0,0.0,0.0,0.0,,,
2/2/2026,2020.0,20210462.0,18913.0,39754.0,"PERDURE PETROLEUM, LLC",CO2,INTRASTATE,TEXAS,0.0,0.0,0.0,0.0,0.0,0.0,,,
2/2/2026,2020.0,20210549.0,18654.0,39760.0,"THE DOW CHEMICAL COMPANY, SDO",HVL,INTRASTATE,TEXAS,0.0,13.18,0.0,0.0,0.0,13.18,,,
2/2/2026,2020.0,20210457.0,18559.0,39760.0,"THE DOW CHEMICAL COMPANY, SDO",Refined and/or Petroleum Product (non-HVL),INTRASTATE,TEXAS,0.0,1.03,2.7,0.0,0.0,2.71,,,
2/2/2026,2020.0,20210004.0,18050.0,39771.0,ELK OPERATING SERVICES LLC,CO2,INTERSTATE,COLORADO,0.0,0.0,0.0,0.0,0.0,0.0,,,
2/2/2026,2020.0,20210004.0,18050.0,39771.0,ELK OPERATING SERVICES LLC,CO2,INTERSTATE,UTAH,0.0,0.0,0.0,0.0,0.0,0.0,,,
2/2/2026,2020.0,20210674.0,18785.0,39774.0,"GLASS MOUNTAIN PIPELINE, LLC",Crude Oil,INTRASTATE,OKLAHOMA,0.0,16.77,4.8,57.78,0.0,79.35,,,
2/2/2026,2020.0,20210591.0,18698.0,39785.0,"EPIC CONSOLIDATED OPERATIONS, LLC",Crude Oil,INTRASTATE,TEXAS,28.43,86.89,74.78,,10.87,104.33,,,
2/2/2026,2020.0,20210622.0,18851.0,39785.0,"EPIC CONSOLIDATED OPERATIONS, LLC",HVL,INTERSTATE,NEW MEXICO,0.0,0.0,0.0,5.55,0.0,5.55,,,
2/2/2026,2020.0,20210622.0,18851.0,39785.0,"EPIC CONSOLIDATED OPERATIONS, LLC",HVL,INTERSTATE,TEXAS,0.0,0.0,0.0,1.25,0.0,1.25,,,
2/2/2026,2020.0,20210622.0,18851.0,39785.0,"EPIC CONSOLIDATED OPERATIONS, LLC",HVL,INTRASTATE,TEXAS,35.74,64.51,0.0,77.49,0.0,124.97,,,
2/2/2026,2020.0,20210626.0,18852.0,39785.0,"EPIC CONSOLIDATED OPERATIONS, LLC",Refined and/or Petroleum Product (non-HVL),INTRASTATE,TEXAS,8.91,0.0,0.0,1.44,0.0,8.91,,,
2/2/2026,2020.0,20210106.0,18173.0,39794.0,"GULFMARK ENERGY, INC.",Crude Oil,INTRASTATE,TEXAS,,,,,,,,,
2/2/2026,2020.0,20210717.0,18892.0,39805.0,"THOMPSON WEBSTER PIPELINE, INC.",Crude Oil,INTERSTATE,TEXAS,35.4,36.5,21.2,35.4,0.0,41.0,,,
2/2/2026,2020.0,20210487.0,18589.0,39806.0,"EVX MIDSTREAM PARTNERS, LLC",Crude Oil,INTRASTATE,TEXAS,,,,,,,,,
2/2/2026,2020.0,20210480.0,18582.0,39810.0,DIAMONDBACK E&P LLC,Crude Oil,INTRASTATE,TEXAS,,0.08,,26.72,,26.8,,,
2/2/2026,2020.0,20210177.0,18266.0,39815.0,"GT PIPELINE, LLC",Refined and/or Petroleum Product (non-HVL),INTRASTATE,TEXAS,5.63,5.63,5.63,,3.94,5.63,,,
2/2/2026,2020.0,20210144.0,18215.0,39817.0,TN AVENUE LLC,Crude Oil,INTRASTATE,CALIFORNIA,2.5,,2.5,,,2.5,,,
2/2/2026,2020.0,20210702.0,18832.0,39819.0,BREITBURN ENERGY CO2,CO2,INTERSTATE,NEW MEXICO,0.0,0.0,0.0,0.0,0.0,0.0,,,
2/2/2026,2020.0,20210702.0,18832.0,39819.0,BREITBURN ENERGY CO2,CO2,INTERSTATE,OKLAHOMA,0.0,0.0,0.0,0.0,0.0,0.0,,,
2/2/2026,2020.0,20210702.0,18832.0,39819.0,BREITBURN ENERGY CO2,CO2,INTERSTATE,TEXAS,0.0,0.0,0.0,0.0,0.0,0.0,,,
2/2/2026,2020.0,20210178.0,18267.0,39820.0,"MAVERICK TERMINALS CORPUS, LLC",Refined and/or Petroleum Product (non-HVL),INTRASTATE,TEXAS,1.31,,,,1.31,1.31,,,
2/2/2026,2020.0,20210235.0,18650.0,39822.0,"SCM PR, LLC",Crude Oil,INTERSTATE,WYOMING,0.0,0.0,0.0,0.0,0.0,0.0,,,
2/2/2026,2020.0,20210160.0,18232.0,39823.0,TARGA DOWNSTREAM LLC,HVL,INTERSTATE,NEW MEXICO,,2.7,,20.8,,20.8,,,
2/2/2026,2020.0,20210160.0,18232.0,39823.0,TARGA DOWNSTREAM LLC,HVL,INTERSTATE,OKLAHOMA,,18.7,37.2,4.6,,56.5,,,
2/2/2026,2020.0,20210160.0,18232.0,39823.0,TARGA DOWNSTREAM LLC,HVL,INTERSTATE,TEXAS,,56.4,60.1,42.4,,144.8,,,
2/2/2026,2020.0,20210160.0,18232.0,39823.0,TARGA DOWNSTREAM LLC,HVL,INTRASTATE,TEXAS,,2.0,,2.6,,4.6,,,
2/2/2026,2020.0,20210273.0,18370.0,39827.0,"SWISSPORT SA FUEL SERVICES, LLC",Refined and/or Petroleum Product (non-HVL),INTRASTATE,TEXAS,1.3,,,,,1.3,,,
2/2/2026,2020.0,20210062.0,18770.0,39833.0,"SAN MATEO BLACK RIVER OIL PIPELINE, LLC",Crude Oil,INTRASTATE,NEW MEXICO,0.0,6.275,0.0,11.089,,13.604,,,
2/2/2026,2020.0,20210469.0,18571.0,39837.0,PARAMOUNT PIPELINE LLC,Crude Oil,INTRASTATE,CALIFORNIA,43.064,0.0,,,0.0,43.064,,,
2/2/2026,2020.0,20210473.0,18575.0,39837.0,PARAMOUNT PIPELINE LLC,Refined and/or Petroleum Product (non-HVL),INTRASTATE,CALIFORNIA,12.715,,,,,12.715,,,
2/2/2026,2020.0,20210560.0,18666.0,39841.0,RED BUTTE PIPELINE LLC,Crude Oil,INTERSTATE,MONTANA,0.0,0.0,0.0,0.0,0.0,0.0,,,
2/2/2026,2020.0,20210560.0,18666.0,39841.0,RED BUTTE PIPELINE LLC,Crude Oil,INTERSTATE,WYOMING,4.8,27.5,10.5,18.3,0.0,48.8,,,
2/2/2026,2020.0,20210125.0,18195.0,39848.0,LAMBDA ENERGY RESOURCES LLC,HVL,INTRASTATE,MICHIGAN,22.5,43.0,4.0,20.0,0.0,89.5,,,
2/2/2026,2020.0,20210255.0,18352.0,39849.0,"COASTAL CAVERNS, INC.",HVL,INTRASTATE,TEXAS,0.0,0.0,0.0,0.0,0.0,0.0,,,
2/2/2026,2020.0,20210203.0,18294.0,39865.0,"DEW POINT MIDSTREAM, LLC",HVL,INTRASTATE,TEXAS,,,,,,,,,
2/2/2026,2020.0,20210672.0,19036.0,39869.0,NAVIGATOR SMS PIPELINE,Crude Oil,INTRASTATE,OKLAHOMA,0.0,35.01,1.7,3.0,0.0,39.71,,,
2/2/2026,2020.0,20210042.0,18858.0,39874.0,"BEACON WEST ENERGY GROUP, LLC",Crude Oil,INTERSTATE,CALIFORNIA,,,,,,,3.55,3.55,3.55
2/2/2026,2020.0,20210042.0,18858.0,39874.0,"BEACON WEST ENERGY GROUP, LLC",Crude Oil,INTERSTATE,OCS-Pacific,,,,,,,11.8,11.8,11.8
2/2/2026,2020.0,20210720.0,18911.0,39879.0,"DWYER TERMINAL, LLC",Crude Oil,INTRASTATE,WYOMING,,,,,,,,,
2/2/2026,2020.0,20210624.0,18920.0,39887.0,"TEXOMA CRUDE OIL PIPELINE CO., LLC",Crude Oil,INTERSTATE,OKLAHOMA,0.0,3.979,5.134,0.305,0.0,6.14,,,
2/2/2026,2020.0,20210624.0,18920.0,39887.0,"TEXOMA CRUDE OIL PIPELINE CO., LLC",Crude Oil,INTERSTATE,TEXAS,0.0,0.932,12.652,0.53,,14.114,,,
2/2/2026,2020.0,20210624.0,18920.0,39887.0,"TEXOMA CRUDE OIL PIPELINE CO., LLC",Crude Oil,INTRASTATE,OKLAHOMA,0.0,23.205,2.769,0.0,0.0,24.857,,,
2/2/2026,2020.0,20210624.0,18920.0,39887.0,"TEXOMA CRUDE OIL PIPELINE CO., LLC",Crude Oil,INTRASTATE,TEXAS,0.768,21.001,28.951,2.956,0.0,44.354,,,
2/2/2026,2020.0,20210156.0,18228.0,39888.0,FORE RIVER ENERGY CENTER,Refined and/or Petroleum Product (non-HVL),INTRASTATE,MASSACHUSETTS,,,,,0.3,0.3,,,
2/2/2026,2020.0,20210091.0,18151.0,39892.0,DAYLIGHT PETROLEUM LLC,CO2,INTRASTATE,OKLAHOMA,45.0,,,2.5,,47.5,,,
2/2/2026,2020.0,20210092.0,18152.0,39892.0,DAYLIGHT PETROLEUM LLC,HVL,INTRASTATE,OKLAHOMA,0.0,0.0,0.0,0.0,0.0,0.0,,,
2/2/2026,2020.0,20210022.0,18898.0,39905.0,REP PROCESSING,Refined and/or Petroleum Product (non-HVL),INTRASTATE,COLORADO,,2.43,1.51,0.59,,4.53,,,
2/2/2026,2020.0,20210347.0,18444.0,39906.0,"SEAPORT SOUND TERMINAL, LLC",Refined and/or Petroleum Product (non-HVL),INTRASTATE,WASHINGTON,2.78,,,,2.78,2.78,,,
2/2/2026,2020.0,20210260.0,18357.0,39910.0,COGENT MIDSTREAM PRODUCTS LLC,HVL,INTRASTATE,TEXAS,0.0,0.0,0.0,0.0,0.0,0.0,,,
2/2/2026,2020.0,20210521.0,18624.0,39919.0,"MARKWEST BLUESTONE ETHANE PIPELINE, L.L.C.",HVL,INTERSTATE,PENNSYLVANIA,2.42,6.18,25.35,0.0,0.0,29.96,,,
2/2/2026,2020.0,20210524.0,18627.0,39920.0,"MARKWEST LIBERTY ETHANE PIPELINE, L.L.C.",HVL,INTERSTATE,OHIO,3.74,4.07,21.43,0.0,0.0,22.48,,,
2/2/2026,2020.0,20210524.0,18627.0,39920.0,"MARKWEST LIBERTY ETHANE PIPELINE, L.L.C.",HVL,INTERSTATE,PENNSYLVANIA,1.51,2.7,9.61,0.0,0.0,13.82,,,
2/2/2026,2020.0,20210524.0,18627.0,39920.0,"MARKWEST LIBERTY ETHANE PIPELINE, L.L.C.",HVL,INTERSTATE,WEST VIRGINIA,0.0,7.81,39.04,13.32,0.55,55.82,,,
2/2/2026,2020.0,20210523.0,18935.0,39922.0,"MARKWEST LIBERTY NGL PIPELINE, L.L.C.",HVL,INTERSTATE,OHIO,0.43,1.77,10.36,0.0,1.16,12.13,,,
2/2/2026,2020.0,20210523.0,18935.0,39922.0,"MARKWEST LIBERTY NGL PIPELINE, L.L.C.",HVL,INTERSTATE,PENNSYLVANIA,4.94,10.03,0.0,10.55,0.0,23.58,,,
2/2/2026,2020.0,20210523.0,18935.0,39922.0,"MARKWEST LIBERTY NGL PIPELINE, L.L.C.",HVL,INTERSTATE,WEST VIRGINIA,0.0,2.77,9.36,7.55,0.0,10.8,,,
2/2/2026,2020.0,20210014.0,18065.0,39924.0,"MARKWEST JAVELINA COMPANY, L.L.C.",HVL,INTRASTATE,TEXAS,15.34,8.8,0.0,3.94,0.87,26.52,,,
2/2/2026,2020.0,20210522.0,18625.0,39941.0,"MARKWEST UTICA EMG, L.L.C.",HVL,INTRASTATE,OHIO,0.0,7.6,47.97,0.0,0.0,49.43,,,
2/2/2026,2020.0,20210253.0,18868.0,39942.0,"RAVEN BUTENE-1, LLC",HVL,INTRASTATE,TEXAS,0.15,1.6,2.1,0.0,0.0,3.85,,,
2/2/2026,2020.0,20210381.0,18478.0,39944.0,BLUESTEM PIPELINE LLC,HVL,INTERSTATE,KANSAS,0.27,5.76,18.69,6.04,,27.21,,,
2/2/2026,2020.0,20210381.0,18478.0,39944.0,BLUESTEM PIPELINE LLC,HVL,INTERSTATE,OKLAHOMA,3.91,,1.18,4.79,,8.69,,,
2/2/2026,2020.0,20210581.0,18881.0,39950.0,"3 BEAR DELAWARE OPERATING-NM, LLC",Crude Oil,INTRASTATE,NEW MEXICO,0.0,0.0,0.0,0.0,0.0,0.0,,,
2/2/2026,2020.0,20210644.0,18754.0,39950.0,"3 BEAR DELAWARE OPERATING-NM, LLC",HVL,INTRASTATE,NEW MEXICO,,,,2.52,,2.52,,,
2/2/2026,2020.0,20210114.0,18182.0,39956.0,"MID-ALASKA PIPELINE, LLC",Crude Oil,INTRASTATE,ALASKA,3.9,3.1,2.7,1.0,1.0,5.05,,,
2/2/2026,2020.0,20210520.0,18623.0,39960.0,"MARKWEST PIPELINE COMPANY, L.L.C.",Crude Oil,INTRASTATE,TEXAS,0.0,0.0,1.72,0.0,0.0,1.72,,,
2/2/2026,2020.0,20210518.0,18621.0,39960.0,"MARKWEST PIPELINE COMPANY, L.L.C.",HVL,INTERSTATE,TEXAS,0.0,0.2,0.36,0.0,0.0,0.56,,,
2/2/2026,2020.0,20210212.0,18308.0,39962.0,"AMP NGL PIPELINES, LLC",HVL,INTRASTATE,TEXAS,,,,,,,,,
2/2/2026,2020.0,20210216.0,18312.0,39963.0,"TALLGRASS POWDER RIVER GATEWAY, LLC",Crude Oil,INTERSTATE,WYOMING,0.0,42.764,27.992,75.358,0.0,75.718,,,
2/2/2026,2020.0,20210066.0,19866.0,39966.0,"U.S. VENTURE, INC.",Refined and/or Petroleum Product (non-HVL),INTRASTATE,WISCONSIN,0.24,0.0,0.0,0.24,0.24,0.24,,,
2/2/2026,2020.0,20210102.0,18529.0,39967.0,"IMPERIAL CRUDE, LLC",Crude Oil,INTRASTATE,TEXAS,0.0,0.0,0.0,0.0,0.0,0.0,,,
2/2/2026,2020.0,20210680.0,18797.0,39976.0,"MARKWEST LIBERTY BLUESTONE, L.L.C.",HVL,INTRASTATE,PENNSYLVANIA,0.0,1.39,6.22,0.0,0.0,7.61,,,
2/2/2026,2020.0,20210711.0,18876.0,39984.0,CONVERGE MIDSTREAM LLC,Crude Oil,INTRASTATE,TEXAS,38.08,,3.95,,,38.08,,,
2/2/2026,2020.0,20210149.0,18857.0,39985.0,COLLEGIATE MIDSTREAM LLC,Crude Oil,INTRASTATE,TEXAS,1.06,0.0,0.0,0.0,0.0,1.06,,,
2/2/2026,2020.0,20210003.0,18047.0,39988.0,"FRONTIER MIDSTREAM SOLUTIONS IV,  LLC",Crude Oil,INTRASTATE,TEXAS,0.0,0.0,0.0,0.0,0.0,0.0,,,
2/2/2026,2020.0,20210719.0,18900.0,39990.0,"PINE ENERGIES, INC",Crude Oil,INTRASTATE,ALABAMA,,,,,,,,,
2/2/2026,2020.0,20210027.0,18082.0,39991.0,PRISM MIDSTREAM LLC,HVL,INTRASTATE,TEXAS,0.0,0.0,0.0,0.0,0.0,0.0,,,
2/2/2026,2020.0,20210175.0,18264.0,40000.0,CP ENERGY LLC,Crude Oil,INTRASTATE,NEW MEXICO,0.0,0.0,0.0,0.0,0.0,0.0,,,
2/2/2026,2020.0,20210248.0,18345.0,40004.0,WILDCAT OIL GATHERING,Crude Oil,INTRASTATE,OKLAHOMA,,11.63,,,,11.63,,,
2/2/2026,2020.0,20210479.0,18968.0,40010.0,CALIBER SPRING CREEK LLC,Crude Oil,INTRASTATE,NORTH DAKOTA,0.0,10.38,0.0,0.0,0.0,10.38,,,
2/2/2026,2020.0,20210206.0,18301.0,40012.0,"NUEVO DOS GATHERING AND TRANSPORTATION, LLC",Crude Oil,INTRASTATE,TEXAS,0.0,0.0,0.0,0.0,0.0,0.0,,,
2/2/2026,2020.0,20210329.0,18426.0,40016.0,"SADDLE BUTTE POWDER FLATS MIDSTREAM, LLC",Crude Oil,INTRASTATE,WYOMING,0.0,5.0,0.0,1.0,0.0,6.0,,,
2/2/2026,2020.0,20210575.0,18682.0,40026.0,"WINK TO WEBSTER PIPELINE, LLC",Crude Oil,INTRASTATE,TEXAS,47.35,146.67,117.62,137.31,7.28,252.55,,,
2/2/2026,2020.0,20210128.0,18198.0,40028.0,LAMBDA ENERGY GATHERING LLC,Crude Oil,INTERSTATE,MICHIGAN,0.0,14.81,8.56,25.24,3.9,52.51,,,
2/2/2026,2020.0,20210718.0,18894.0,40030.0,"GIBSON ENERGY INFRASTRUCTURE, LLC",Crude Oil,INTRASTATE,TEXAS,0.0,0.0,0.0,0.0,0.0,0.0,,,
2/2/2026,2020.0,20210654.0,18764.0,40031.0,"FLINT HILLS RESOURCES PORT ARTHUR, LLC",HVL,INTRASTATE,TEXAS,180.91,171.49,198.32,24.28,4.18,243.8,,,
2/2/2026,2020.0,20210493.0,18595.0,40034.0,TEXAS PETROLEUM INVESTMENT COMPANY,Crude Oil,INTRASTATE,LOUISIANA,,,,,,,,,
2/2/2026,2020.0,20210061.0,18922.0,40050.0,ECO ENERGY NATURAL GAS LLC,HVL,INTRASTATE,TENNESSEE,0.0,0.0,0.0,0.0,0.0,0.0,,,
2/2/2026,2020.0,20210245.0,18341.0,40051.0,VALERO REFINING - MERAUX LLC,Refined and/or Petroleum Product (non-HVL),INTRASTATE,LOUISIANA,0.85,0.0,0.0,0.0,0.0,0.85,,,
2/2/2026,2020.0,20210133.0,18203.0,40057.0,POLARIS OPERATING,HVL,INTRASTATE,TEXAS,,,,,,,,,
2/2/2026,2020.0,20210331.0,20663.0,40058.0,"LM TOUCHDOWN, LLC",Crude Oil,INTRASTATE,NEW MEXICO,,,,,,,,,
2/2/2026,2020.0,20210130.0,18200.0,40059.0,"ORYX MIDLAND OIL GATHERING, LLC",Crude Oil,INTRASTATE,TEXAS,0.94,9.09,4.05,0.0,0.0,11.15,,,
2/2/2026,2020.0,20210382.0,18479.0,40063.0,"ROARING FORK MIDSTREAM, LLC",Crude Oil,INTRASTATE,WYOMING,0.0,0.19,4.66,0.0,0.0,4.66,,,
2/2/2026,2020.0,20210635.0,18745.0,40076.0,MARTINEZ PIPELINE COMPANY LLC,Refined and/or Petroleum Product (non-HVL),INTRASTATE,CALIFORNIA,0.22,0.19,0.0,0.22,0.22,0.22,,,
2/2/2026,2020.0,20210601.0,18709.0,40080.0,INDORAMA VENTURES OXIDES LLC,HVL,INTRASTATE,TEXAS,7.7,0.36,2.28,2.74,0.0,7.7,,,
2/2/2026,2020.0,20210600.0,18708.0,40080.0,INDORAMA VENTURES OXIDES LLC,Refined and/or Petroleum Product (non-HVL),INTRASTATE,TEXAS,5.08,0.0,2.14,0.0,0.0,5.2,,,
2/2/2026,2020.0,20210006.0,18053.0,40122.0,BCE-MACH III MIDSTREAM HOLDINGS LLC,HVL,INTRASTATE,OKLAHOMA,,,,,,,,,
2/2/2026,2020.0,20210438.0,18540.0,40127.0,"THE SAN ANTONIO REFINERY, LLC",Crude Oil,INTRASTATE,TEXAS,5.835,12.384,,3.234,,21.453,,,
2/2/2026,2020.0,20210420.0,18521.0,40132.0,"XCL MIDSTREAM OPERATING, LLC",HVL,INTRASTATE,WEST VIRGINIA,0.0,0.0,0.0,4.52,0.0,4.52,,,
2/2/2026,2020.0,20210136.0,18206.0,40136.0,"IRONWOOD GARDENDALE PIPELINE, LLC",Crude Oil,INTRASTATE,TEXAS,,,,,,,,,
2/2/2026,2020.0,20210423.0,18524.0,40138.0,"ECHO CANYON PIPELINE, LLC",Crude Oil,INTRASTATE,TEXAS,0.0,0.0,0.0,0.0,0.0,0.0,,,
2/2/2026,2020.0,20210484.0,19969.0,40142.0,"MAX MIDSTREAM TEXAS, LLC",Crude Oil,INTRASTATE,TEXAS,,1.4,0.23,,,1.63,,,
2/2/2026,2020.0,20210269.0,18810.0,40146.0,"CONTINENTAL RESOURCES, INC.",Crude Oil,INTRASTATE,NORTH DAKOTA,,,,,,,,,
2/2/2026,2020.0,20210514.0,19044.0,40149.0,"MARKWEST ENERGY WEST TEXAS GAS COMPANY, L.L.C.",HVL,INTRASTATE,TEXAS,,,,,,,,,
2/2/2026,2020.0,20210721.0,18918.0,40160.0,"BAKERSFIELD RENEWABLE FUELS, LLC",Refined and/or Petroleum Product (non-HVL),INTRASTATE,CALIFORNIA,8.99,,,,,8.99,,,
2/2/2026,2020.0,20210555.0,18660.0,40170.0,EASTON ENERGY PIPELINES LLC,HVL,INTERSTATE,LOUISIANA,6.2,4.5,7.7,0.2,0.41,9.62,,,
2/2/2026,2020.0,20210555.0,18660.0,40170.0,EASTON ENERGY PIPELINES LLC,HVL,INTERSTATE,TEXAS,0.0,0.0,1.58,0.0,0.12,1.58,,,
2/2/2026,2020.0,20210555.0,18660.0,40170.0,EASTON ENERGY PIPELINES LLC,HVL,INTRASTATE,TEXAS,154.25,52.85,13.81,2.72,4.61,228.24,,,
2/2/2026,2020.0,20210556.0,18661.0,40170.0,EASTON ENERGY PIPELINES LLC,Refined and/or Petroleum Product (non-HVL),INTRASTATE,TEXAS,46.63,2.73,19.72,2.4,2.06,47.97,,,
2/2/2026,2020.0,20210463.0,18565.0,40171.0,PERDIDO ENERGY,Crude Oil,INTRASTATE,LOUISIANA,,,,,0.75,0.75,,,
2/2/2026,2020.0,20210039.0,18094.0,40174.0,"UNDERGROUND SERVICES MARKHAM, LLC  NGL/Y-MIX",HVL,INTRASTATE,TEXAS,,,,,,,,,
2/2/2026,2020.0,20210258.0,18355.0,40177.0,"LADDER CREEK, LLC",HVL,INTRASTATE,COLORADO,,,,,,,,,
2/2/2026,2020.0,20210166.0,18254.0,40184.0,"HOST AT PHILADELPHIA, LLC",HVL,INTRASTATE,PENNSYLVANIA,1.89,,,1.89,1.89,1.89,,,
2/2/2026,2020.0,20210165.0,18253.0,40184.0,"HOST AT PHILADELPHIA, LLC",Refined and/or Petroleum Product (non-HVL),INTRASTATE,PENNSYLVANIA,15.43,,2.12,15.43,15.43,15.43,,,
2/2/2026,2020.0,20210593.0,18700.0,40190.0,OXY WTP LP,Crude Oil,INTRASTATE,TEXAS,0.0,0.0,0.0,0.0,0.0,0.0,,,
2/2/2026,2020.0,20210561.0,18910.0,40192.0,ZENITH ENERGY WEST COAST TERMINALS LLC,Crude Oil,INTRASTATE,CALIFORNIA,110.86,11.42,22.94,14.58,3.21,119.86,,,
2/2/2026,2020.0,20210105.0,18344.0,40204.0,"SCM OPERATIONS, LLC",Crude Oil,INTERSTATE,NEW MEXICO,,1.18,,12.7,,13.88,,,
2/2/2026,2020.0,20210105.0,18344.0,40204.0,"SCM OPERATIONS, LLC",Crude Oil,INTERSTATE,TEXAS,,,,7.51,,7.51,,,
2/2/2026,2020.0,20210105.0,18344.0,40204.0,"SCM OPERATIONS, LLC",Crude Oil,INTRASTATE,TEXAS,,,,0.04,,0.04,,,
2/2/2026,2020.0,20210101.0,18480.0,40204.0,"SCM OPERATIONS, LLC",HVL,INTRASTATE,TEXAS,,3.3,,9.0,,10.55,,,
2/2/2026,2020.0,20220730.0,19819.0,40231.0,"SCURRY MIDSTREAM, LLC",HVL,INTRASTATE,TEXAS,,3.29,,,,3.29,,,
2/2/2026,2020.0,20210440.0,18542.0,40252.0,"COGENT MIDSTREAM LOGISTICS, LLC",Crude Oil,INTRASTATE,TEXAS,,,,1.27,,1.27,,,
2/2/2026,2020.0,20210127.0,18197.0,99001.0,DEFENSE FUEL SUPPLY POINT,Refined and/or Petroleum Product (non-HVL),INTRASTATE,SOUTH CAROLINA,4.72,0.0,0.0,0.0,0.0,4.72,,,
2/2/2026,2020.0,20210412.0,18512.0,99002.0,TAMPA AIRPORT PIPELINE CORPORATION,Refined and/or Petroleum Product (non-HVL),INTRASTATE,FLORIDA,10.483,0.0,0.0,0.017,0.0,10.5,,,
2/2/2026,2020.0,20210645.0,19854.0,99031.0,CITGO PETROLEUM CORPORATION (TERMINALS),Refined and/or Petroleum Product (non-HVL),INTRASTATE,FLORIDA,1.219,0.0,1.219,0.0,0.0,1.219,,,
2/2/2026,2020.0,20210645.0,19854.0,99031.0,CITGO PETROLEUM CORPORATION (TERMINALS),Refined and/or Petroleum Product (non-HVL),INTRASTATE,ILLINOIS,0.736,0.0,0.0,0.0,0.0,0.736,,,
2/2/2026,2020.0,20210645.0,19854.0,99031.0,CITGO PETROLEUM CORPORATION (TERMINALS),Refined and/or Petroleum Product (non-HVL),INTRASTATE,INDIANA,5.27,0.17,2.267,5.27,5.268,5.27,,,
2/2/2026,2020.0,20210645.0,19854.0,99031.0,CITGO PETROLEUM CORPORATION (TERMINALS),Refined and/or Petroleum Product (non-HVL),INTRASTATE,MICHIGAN,0.255,0.0,0.0,0.0,0.0,0.255,,,
2/2/2026,2020.0,20210645.0,19854.0,99031.0,CITGO PETROLEUM CORPORATION (TERMINALS),Refined and/or Petroleum Product (non-HVL),INTRASTATE,NEW JERSEY,10.722,0.0,10.703,9.929,7.864,10.722,,,
2/2/2026,2020.0,20210645.0,19854.0,99031.0,CITGO PETROLEUM CORPORATION (TERMINALS),Refined and/or Petroleum Product (non-HVL),INTRASTATE,OHIO,1.189,0.135,0.0,1.189,1.189,1.189,,,
2/2/2026,2020.0,20210019.0,18071.0,99043.0,PETROLEUM FUEL AND TERMINAL COMPANY,Refined and/or Petroleum Product (non-HVL),INTRASTATE,MARYLAND,3.1,0.0,0.0,0.0,0.0,3.1,,,
,,,,,,,,,,,,,,,,,
,,,,,,,,,,,,,,,,,
