DATAFILE_AS_OF,REPORT_YEAR,REPORT_NUMBER,SUPPLEMENTAL_NUMBER,OPERATOR_ID,PARTA2NAMEOFCOMP,PARTA5COMMODITY,INTER_INTRA,STATE_NAME,PARTIUNKWN,PARTIPRE20,PARTI192029,PARTI193039,PARTI194049,PARTI195059,PARTI196069,PARTI197079,PARTI198089,PARTI199099,PARTI200009,PARTI201019,PARTI202029,PARTITOTAL
2/2/2026,2019.0,20200263.0,17488.0,117.0,AIR PRODUCTS & CHEMICALS INC,CO2,INTRASTATE,TEXAS,,,,,,,,,,,,12.91,,12.91
2/2/2026,2019.0,20200336.0,17964.0,300.0,"PLAINS PIPELINE, L.P.",Crude Oil,INTERSTATE,ALABAMA,,,,,,4.8,,11.19,0.38,12.59,2.4,21.59,,52.95
2/2/2026,2019.0,20200336.0,17964.0,300.0,"PLAINS PIPELINE, L.P.",Crude Oil,INTERSTATE,ARKANSAS,,,,,,,,,,,,282.18,,282.18
2/2/2026,2019.0,20200336.0,17964.0,300.0,"PLAINS PIPELINE, L.P.",Crude Oil,INTERSTATE,COLORADO,0.0,0.0,0.0,0.0,0.0,0.0,0.0,0.0,6.43,0.0,0.0,10.53,,16.96
2/2/2026,2019.0,20200336.0,17964.0,300.0,"PLAINS PIPELINE, L.P.",Crude Oil,INTERSTATE,ILLINOIS,,,,,,56.18,1.51,,0.09,0.66,0.11,,,58.55
2/2/2026,2019.0,20200336.0,17964.0,300.0,"PLAINS PIPELINE, L.P.",Crude Oil,INTERSTATE,KANSAS,,,,,,,9.35,,9.27,10.72,4.39,51.0,,84.73
2/2/2026,2019.0,20200336.0,17964.0,300.0,"PLAINS PIPELINE, L.P.",Crude Oil,INTERSTATE,LOUISIANA,,,,13.51,0.36,14.64,,11.6,,0.42,85.35,27.87,,153.75
2/2/2026,2019.0,20200336.0,17964.0,300.0,"PLAINS PIPELINE, L.P.",Crude Oil,INTERSTATE,MISSISSIPPI,,,,,69.35,45.21,169.67,46.33,2.19,40.13,96.49,23.71,,493.08
2/2/2026,2019.0,20200336.0,17964.0,300.0,"PLAINS PIPELINE, L.P.",Crude Oil,INTERSTATE,MONTANA,,,,,,,,6.21,,69.49,4.89,47.42,,128.01
2/2/2026,2019.0,20200336.0,17964.0,300.0,"PLAINS PIPELINE, L.P.",Crude Oil,INTERSTATE,NEW MEXICO,,,,0.24,11.68,80.56,,,,,5.61,176.84,,274.93
2/2/2026,2019.0,20200336.0,17964.0,300.0,"PLAINS PIPELINE, L.P.",Crude Oil,INTERSTATE,NORTH DAKOTA,,,,,,,11.47,,,,6.11,54.75,,72.33
2/2/2026,2019.0,20200336.0,17964.0,300.0,"PLAINS PIPELINE, L.P.",Crude Oil,INTERSTATE,OKLAHOMA,,,0.68,22.66,201.88,10.11,214.88,6.17,36.04,2.72,116.71,577.36,,1189.21
2/2/2026,2019.0,20200336.0,17964.0,300.0,"PLAINS PIPELINE, L.P.",Crude Oil,INTERSTATE,TENNESSEE,,,,,,,,,,,,6.57,,6.57
2/2/2026,2019.0,20200336.0,17964.0,300.0,"PLAINS PIPELINE, L.P.",Crude Oil,INTERSTATE,TEXAS,,,,43.14,390.65,96.69,76.16,4.11,0.8,10.49,31.1,1265.34,,1918.48
2/2/2026,2019.0,20200336.0,17964.0,300.0,"PLAINS PIPELINE, L.P.",Crude Oil,INTERSTATE,WYOMING,0.03,,,,232.77,17.48,53.16,0.05,6.28,125.52,96.45,19.82,,551.56
2/2/2026,2019.0,20200336.0,17964.0,300.0,"PLAINS PIPELINE, L.P.",Crude Oil,INTRASTATE,ALABAMA,,,,,,6.38,,12.85,,,4.81,0.17,,24.21
2/2/2026,2019.0,20200336.0,17964.0,300.0,"PLAINS PIPELINE, L.P.",Crude Oil,INTRASTATE,CALIFORNIA,3.94,3.57,20.81,1.39,21.05,187.01,52.22,9.97,145.47,167.66,18.19,8.21,,639.49
2/2/2026,2019.0,20200336.0,17964.0,300.0,"PLAINS PIPELINE, L.P.",Crude Oil,INTRASTATE,COLORADO,,,,,,,,,,,,2.39,,2.39
2/2/2026,2019.0,20200336.0,17964.0,300.0,"PLAINS PIPELINE, L.P.",Crude Oil,INTRASTATE,KANSAS,,,,,,15.67,,,,,,0.19,,15.86
2/2/2026,2019.0,20200336.0,17964.0,300.0,"PLAINS PIPELINE, L.P.",Crude Oil,INTRASTATE,LOUISIANA,,,,,39.16,,36.83,,,,3.42,17.14,,96.55
2/2/2026,2019.0,20200336.0,17964.0,300.0,"PLAINS PIPELINE, L.P.",Crude Oil,INTRASTATE,MISSISSIPPI,,,,,6.21,,13.66,6.16,6.25,21.26,0.29,0.01,,53.84
2/2/2026,2019.0,20200336.0,17964.0,300.0,"PLAINS PIPELINE, L.P.",Crude Oil,INTRASTATE,MONTANA,,,,,,,,,,,4.07,,,4.07
2/2/2026,2019.0,20200336.0,17964.0,300.0,"PLAINS PIPELINE, L.P.",Crude Oil,INTRASTATE,NEW MEXICO,0.0,0.0,0.0,0.0,31.33,9.08,0.0,0.0,0.0,16.78,0.0,30.7,,87.89
2/2/2026,2019.0,20200336.0,17964.0,300.0,"PLAINS PIPELINE, L.P.",Crude Oil,INTRASTATE,OKLAHOMA,,,6.48,11.83,102.52,133.12,26.49,89.88,17.28,13.72,114.58,165.34,,681.24
2/2/2026,2019.0,20200336.0,17964.0,300.0,"PLAINS PIPELINE, L.P.",Crude Oil,INTRASTATE,TEXAS,0.01,,407.63,55.08,292.27,293.23,76.49,162.65,10.06,36.91,53.24,1537.59,,2925.16
2/2/2026,2019.0,20200337.0,18153.0,300.0,"PLAINS PIPELINE, L.P.",HVL,INTERSTATE,MICHIGAN,0.0,0.0,0.0,0.0,0.0,0.26,0.0,72.28,0.0,0.01,0.0,0.01,,72.56
2/2/2026,2019.0,20200337.0,18153.0,300.0,"PLAINS PIPELINE, L.P.",HVL,INTRASTATE,CALIFORNIA,0.0,0.0,0.0,0.0,0.0,0.0,0.0,0.0,0.0,0.0,0.0,43.04,,43.04
2/2/2026,2019.0,20200337.0,18153.0,300.0,"PLAINS PIPELINE, L.P.",HVL,INTRASTATE,TEXAS,0.0,0.0,0.0,0.0,0.0,0.0,0.0,0.0,0.0,0.0,0.0,9.15,,9.15
2/2/2026,2019.0,20200338.0,17568.0,300.0,"PLAINS PIPELINE, L.P.",Refined and/or Petroleum Product (non-HVL),INTRASTATE,CALIFORNIA,0.0,0.0,0.0,3.72,0.0,0.0,0.0,0.0,0.0,0.0,0.0,0.0,,3.72
2/2/2026,2019.0,20200172.0,17395.0,395.0,AMOCO OIL CO,Refined and/or Petroleum Product (non-HVL),INTERSTATE,ILLINOIS,0.0,0.0,12.1,19.2,178.7,37.8,4.7,0.8,15.8,2.5,0.9,0.2,,272.7
2/2/2026,2019.0,20200172.0,17395.0,395.0,AMOCO OIL CO,Refined and/or Petroleum Product (non-HVL),INTERSTATE,INDIANA,0.0,0.0,9.8,5.6,150.8,78.3,1.9,1.8,3.8,2.1,3.1,0.7,,257.9
2/2/2026,2019.0,20200172.0,17395.0,395.0,AMOCO OIL CO,Refined and/or Petroleum Product (non-HVL),INTERSTATE,IOWA,0.0,,0.0,0.0,120.9,0.1,0.0,0.0,0.0,0.1,0.1,0.2,,121.4
2/2/2026,2019.0,20200172.0,17395.0,395.0,AMOCO OIL CO,Refined and/or Petroleum Product (non-HVL),INTERSTATE,MICHIGAN,0.0,,0.0,0.0,0.0,160.8,0.1,0.5,0.2,0.1,0.1,0.6,,162.4
2/2/2026,2019.0,20200172.0,17395.0,395.0,AMOCO OIL CO,Refined and/or Petroleum Product (non-HVL),INTERSTATE,MINNESOTA,0.0,,0.0,0.0,123.3,0.5,0.3,0.2,0.1,0.9,0.9,0.0,,126.2
2/2/2026,2019.0,20200172.0,17395.0,395.0,AMOCO OIL CO,Refined and/or Petroleum Product (non-HVL),INTERSTATE,MISSOURI,0.0,,0.0,0.0,154.7,0.0,1.0,0.3,0.4,54.9,0.3,0.0,,211.6
2/2/2026,2019.0,20200560.0,18002.0,473.0,ANADARKO PETROLEUM CORP,Crude Oil,INTRASTATE,COLORADO,,,,,,,,,0.66,0.95,,141.12,,142.73
2/2/2026,2019.0,20200560.0,18002.0,473.0,ANADARKO PETROLEUM CORP,Crude Oil,INTRASTATE,TEXAS,0.0,0.0,0.0,,0.0,,0.0,0.0,0.0,0.0,0.0,317.72,,317.72
2/2/2026,2019.0,20200560.0,18002.0,473.0,ANADARKO PETROLEUM CORP,Crude Oil,INTRASTATE,WYOMING,,,,,,,29.6,2.0,,,,,,31.6
2/2/2026,2019.0,20200561.0,21582.0,473.0,ANADARKO PETROLEUM CORP,HVL,INTRASTATE,COLORADO,,,,,,,,3.57,,4.2,,64.93,,72.7
2/2/2026,2019.0,20200561.0,21582.0,473.0,ANADARKO PETROLEUM CORP,HVL,INTRASTATE,TEXAS,,,,,,,,,,,,51.72,,51.72
2/2/2026,2019.0,20200561.0,21582.0,473.0,ANADARKO PETROLEUM CORP,HVL,INTRASTATE,UTAH,,,,,,,,,,,16.5,14.8,,31.3
2/2/2026,2019.0,20200561.0,21582.0,473.0,ANADARKO PETROLEUM CORP,HVL,INTRASTATE,WYOMING,,,,,,,,87.6,2.0,33.0,,,,122.6
2/2/2026,2019.0,20200232.0,17456.0,515.0,DAKOTA GASIFICATION COMPANY,CO2,INTERSTATE,NORTH DAKOTA,,,,,,,,,,164.55,2.22,0.27,,167.04
2/2/2026,2019.0,20200508.0,17752.0,879.0,CHEMOIL TERMINALS CORP.,Refined and/or Petroleum Product (non-HVL),INTRASTATE,CALIFORNIA,0.0,0.0,1.05,0.0,0.0,0.0,4.41,0.01,0.0,0.27,2.94,3.24,,11.92
2/2/2026,2019.0,20200367.0,17600.0,994.0,"WILLIAMS FIELD SERVICES - GULF COAST COMPANY, LP",Crude Oil,INTERSTATE,OCS-Gulf of Mexico,0.0,0.0,0.0,0.0,0.0,0.0,0.0,0.0,0.0,0.0,5.77,17.43,,23.2
2/2/2026,2019.0,20200175.0,17398.0,999.0,"PACIFIC COAST ENERGY COMPANY, LP",Crude Oil,INTRASTATE,CALIFORNIA,,,,,,,1.7,,,,,,,1.7
2/2/2026,2019.0,20200666.0,17927.0,1047.0,HESS CORPORATION,Refined and/or Petroleum Product (non-HVL),INTRASTATE,NEW JERSEY,0.0,,0.0,0.0,0.0,0.0,0.0,16.0,0.0,0.0,0.0,0.0,,16.0
2/2/2026,2019.0,20200526.0,17770.0,1248.0,BELLE FOURCHE PIPELINE CO,Crude Oil,INTERSTATE,MONTANA,0.0,0.0,0.0,0.0,0.0,0.0,29.0,65.0,0.0,0.0,0.0,0.0,,94.0
2/2/2026,2019.0,20200526.0,17770.0,1248.0,BELLE FOURCHE PIPELINE CO,Crude Oil,INTERSTATE,NORTH DAKOTA,0.0,,0.0,0.0,0.0,0.0,0.0,66.0,38.0,19.0,32.0,16.0,,171.0
2/2/2026,2019.0,20200526.0,17770.0,1248.0,BELLE FOURCHE PIPELINE CO,Crude Oil,INTERSTATE,WYOMING,,,,,,,351.0,15.0,,1.0,3.0,47.0,,417.0
2/2/2026,2019.0,20200527.0,17771.0,1248.0,BELLE FOURCHE PIPELINE CO,Refined and/or Petroleum Product (non-HVL),INTERSTATE,WYOMING,,,,,,,49.0,,,27.0,,,,76.0
2/2/2026,2019.0,20200269.0,17494.0,1541.0,"BP PIPELINES (ALASKA), INC",Crude Oil,INTRASTATE,ALASKA,0.0,0.0,0.0,0.0,0.0,0.0,0.0,4.6,12.7,0.0,17.1,0.0,,34.4
2/2/2026,2019.0,20200580.0,18017.0,1845.0,"BUCKEYE PARTNERS, LP",Crude Oil,INTERSTATE,INDIANA,0.0,0.0,0.0,0.0,0.0,0.0,0.0,0.0,0.0,0.0,0.0,1.641,,1.641
2/2/2026,2019.0,20200580.0,18017.0,1845.0,"BUCKEYE PARTNERS, LP",Crude Oil,INTERSTATE,OHIO,0.0,0.0,0.0,0.0,1.168,0.0,0.0,0.0,0.0,0.0,0.0,0.0,,1.168
2/2/2026,2019.0,20200580.0,18017.0,1845.0,"BUCKEYE PARTNERS, LP",Crude Oil,INTRASTATE,TEXAS,0.0,0.0,0.0,0.0,0.0,0.0,0.0,0.0,0.0,0.0,0.0,6.985,,6.985
2/2/2026,2019.0,20200581.0,17828.0,1845.0,"BUCKEYE PARTNERS, LP",Fuel Grade Ethanol (dedicated system),INTERSTATE,FLORIDA,0.0,0.0,0.0,0.0,0.0,0.0,0.0,0.0,0.0,0.0,0.0,1.722,,1.722
2/2/2026,2019.0,20200582.0,17829.0,1845.0,"BUCKEYE PARTNERS, LP",HVL,INTERSTATE,FLORIDA,0.0,0.0,0.0,0.0,0.0,0.0,0.0,0.0,0.0,0.0,0.0,1.733,,1.733
2/2/2026,2019.0,20200582.0,17829.0,1845.0,"BUCKEYE PARTNERS, LP",HVL,INTERSTATE,ILLINOIS,0.46,0.0,0.0,0.0,0.0,0.0,0.0,0.0,0.0,0.0,13.079,0.0,,13.539
2/2/2026,2019.0,20200582.0,17829.0,1845.0,"BUCKEYE PARTNERS, LP",HVL,INTERSTATE,INDIANA,0.0,0.0,0.0,0.0,0.0,0.0,1.011,0.0,0.0,0.0,0.61,0.198,,1.819
2/2/2026,2019.0,20200582.0,17829.0,1845.0,"BUCKEYE PARTNERS, LP",HVL,INTERSTATE,OHIO,0.0,0.0,0.0,0.0,0.0,0.928,0.0,0.0,0.0,0.0,0.0,0.0,,0.928
2/2/2026,2019.0,20200582.0,17829.0,1845.0,"BUCKEYE PARTNERS, LP",HVL,INTRASTATE,TEXAS,0.0,0.0,0.0,0.0,0.0,0.0,0.0,0.0,0.0,6.051,4.791,5.894,,16.736
2/2/2026,2019.0,20200583.0,18018.0,1845.0,"BUCKEYE PARTNERS, LP",Refined and/or Petroleum Product (non-HVL),INTERSTATE,CONNECTICUT,0.0,0.0,0.0,0.0,0.0,0.0,69.543,9.103,1.745,2.96,7.189,0.107,,90.647
2/2/2026,2019.0,20200583.0,18018.0,1845.0,"BUCKEYE PARTNERS, LP",Refined and/or Petroleum Product (non-HVL),INTERSTATE,ILLINOIS,0.0,0.0,2.555,255.749,20.88,518.312,165.181,44.799,8.581,16.722,3.593,3.705,,1040.077
2/2/2026,2019.0,20200583.0,18018.0,1845.0,"BUCKEYE PARTNERS, LP",Refined and/or Petroleum Product (non-HVL),INTERSTATE,INDIANA,0.0,29.249,44.786,88.128,168.156,165.191,378.529,10.946,0.695,9.353,36.684,3.009,,934.726
2/2/2026,2019.0,20200583.0,18018.0,1845.0,"BUCKEYE PARTNERS, LP",Refined and/or Petroleum Product (non-HVL),INTERSTATE,IOWA,0.0,0.0,0.0,52.757,92.25,175.023,1.18,2.49,0.69,1.004,0.859,1.812,,328.065
2/2/2026,2019.0,20200583.0,18018.0,1845.0,"BUCKEYE PARTNERS, LP",Refined and/or Petroleum Product (non-HVL),INTERSTATE,MAINE,0.0,0.0,0.0,0.0,97.62,0.0,0.0,0.64,0.475,0.517,24.992,0.0,,124.244
2/2/2026,2019.0,20200583.0,18018.0,1845.0,"BUCKEYE PARTNERS, LP",Refined and/or Petroleum Product (non-HVL),INTERSTATE,MASSACHUSETTS,0.0,0.0,0.0,0.0,0.0,0.0,20.095,0.0,0.002,0.554,0.049,0.249,,20.949
2/2/2026,2019.0,20200583.0,18018.0,1845.0,"BUCKEYE PARTNERS, LP",Refined and/or Petroleum Product (non-HVL),INTERSTATE,MICHIGAN,0.661,0.0,0.0,0.0,0.104,148.826,174.571,45.497,8.312,8.417,4.381,2.609,,393.378
2/2/2026,2019.0,20200583.0,18018.0,1845.0,"BUCKEYE PARTNERS, LP",Refined and/or Petroleum Product (non-HVL),INTERSTATE,MISSOURI,0.0,,11.748,105.28,12.75,131.795,0.399,2.217,5.116,7.902,2.887,2.881,,282.975
2/2/2026,2019.0,20200583.0,18018.0,1845.0,"BUCKEYE PARTNERS, LP",Refined and/or Petroleum Product (non-HVL),INTERSTATE,NEW JERSEY,0.0,0.0,0.0,0.0,0.0,54.049,24.479,58.336,0.099,0.361,1.17,10.226,,148.72
2/2/2026,2019.0,20200583.0,18018.0,1845.0,"BUCKEYE PARTNERS, LP",Refined and/or Petroleum Product (non-HVL),INTERSTATE,NEW YORK,0.0,0.0,0.0,0.0,238.76,237.366,123.952,5.797,8.713,3.991,4.568,6.368,,629.515
2/2/2026,2019.0,20200583.0,18018.0,1845.0,"BUCKEYE PARTNERS, LP",Refined and/or Petroleum Product (non-HVL),INTERSTATE,OHIO,0.0,0.0,0.0,0.821,166.125,129.254,506.062,222.657,28.975,4.197,19.569,10.156,,1087.816
2/2/2026,2019.0,20200583.0,18018.0,1845.0,"BUCKEYE PARTNERS, LP",Refined and/or Petroleum Product (non-HVL),INTERSTATE,PENNSYLVANIA,0.0,0.0,0.0,0.0,244.53,569.529,217.967,44.688,2.69,12.033,30.281,2.855,,1124.573
2/2/2026,2019.0,20200583.0,18018.0,1845.0,"BUCKEYE PARTNERS, LP",Refined and/or Petroleum Product (non-HVL),INTRASTATE,ALABAMA,0.0,0.0,0.0,0.0,0.0,0.0,1.959,0.0,0.0,0.0,0.0,0.021,,1.98
2/2/2026,2019.0,20200583.0,18018.0,1845.0,"BUCKEYE PARTNERS, LP",Refined and/or Petroleum Product (non-HVL),INTRASTATE,IOWA,0.0,0.0,0.0,0.0,0.0,0.073,0.0,0.0,0.0,0.0,0.0,0.0,,0.073
2/2/2026,2019.0,20200583.0,18018.0,1845.0,"BUCKEYE PARTNERS, LP",Refined and/or Petroleum Product (non-HVL),INTRASTATE,NEW JERSEY,0.0,0.0,0.0,0.0,0.0,0.0,0.0,0.0,0.0,0.0,0.234,0.0,,0.234
2/2/2026,2019.0,20200583.0,18018.0,1845.0,"BUCKEYE PARTNERS, LP",Refined and/or Petroleum Product (non-HVL),INTRASTATE,TEXAS,0.0,0.0,0.0,0.0,0.0,0.0,0.0,0.0,0.0,0.0,1.723,5.655,,7.378
2/2/2026,2019.0,20200528.0,17772.0,1960.0,BUTTE PIPELINE CO,Crude Oil,INTERSTATE,MONTANA,,,,,,124.0,,,,,,98.0,,222.0
2/2/2026,2019.0,20200528.0,17772.0,1960.0,BUTTE PIPELINE CO,Crude Oil,INTERSTATE,WYOMING,,,,,,214.0,,,,,,23.0,,237.0
2/2/2026,2019.0,20200047.0,17257.0,2162.0,DOW PIPELINE CO - CAYUSE,HVL,INTERSTATE,LOUISIANA,,,,,,,,165.59,,,,0.51,,166.1
2/2/2026,2019.0,20200047.0,17257.0,2162.0,DOW PIPELINE CO - CAYUSE,HVL,INTERSTATE,TEXAS,,,,,,,,82.35,,,,0.21,,82.56
2/2/2026,2019.0,20200616.0,17866.0,2170.0,CENEX PIPELINE LLC,Refined and/or Petroleum Product (non-HVL),INTERSTATE,MONTANA,,,,,,2.1,11.34,18.3,0.0,0.0,122.0,145.0,,298.74
2/2/2026,2019.0,20200616.0,17866.0,2170.0,CENEX PIPELINE LLC,Refined and/or Petroleum Product (non-HVL),INTERSTATE,NORTH DAKOTA,,,,,,,130.39,,,254.91,1.0,0.59,,386.89
2/2/2026,2019.0,20200146.0,17369.0,2190.0,CENTRAL FLORIDA PIPELINE CORP,Refined and/or Petroleum Product (non-HVL),INTRASTATE,FLORIDA,0.0,0.0,0.0,0.0,0.0,0.0,3.95,82.28,1.66,112.24,1.27,4.28,,205.68
2/2/2026,2019.0,20200264.0,17489.0,2387.0,CITGO PIPELINE CO,Crude Oil,INTERSTATE,LOUISIANA,,,,,,22.232,,,,,,,,22.232
2/2/2026,2019.0,20200264.0,17489.0,2387.0,CITGO PIPELINE CO,Crude Oil,INTERSTATE,TEXAS,17.887,,,,,41.193,,0.015,,0.174,0.44,,,59.709
2/2/2026,2019.0,20200206.0,19897.0,2552.0,COLONIAL PIPELINE CO,Refined and/or Petroleum Product (non-HVL),INTERSTATE,ALABAMA,0.67,0.0,0.0,0.0,0.0,0.0,172.8,201.75,3.09,16.04,19.42,0.03,,413.8
2/2/2026,2019.0,20200206.0,19897.0,2552.0,COLONIAL PIPELINE CO,Refined and/or Petroleum Product (non-HVL),INTERSTATE,DELAWARE,0.0,0.0,0.0,0.0,0.0,0.0,4.22,0.0,0.0,0.0,0.03,0.0,,4.25
2/2/2026,2019.0,20200206.0,19897.0,2552.0,COLONIAL PIPELINE CO,Refined and/or Petroleum Product (non-HVL),INTERSTATE,GEORGIA,12.76,0.0,0.0,0.0,0.0,14.09,368.13,528.37,118.0,23.3,12.26,1.41,,1078.32
2/2/2026,2019.0,20200206.0,19897.0,2552.0,COLONIAL PIPELINE CO,Refined and/or Petroleum Product (non-HVL),INTERSTATE,LOUISIANA,0.0,0.0,0.0,0.0,0.0,0.0,217.12,239.98,0.0,15.3,0.4,6.95,,479.75
2/2/2026,2019.0,20200206.0,19897.0,2552.0,COLONIAL PIPELINE CO,Refined and/or Petroleum Product (non-HVL),INTERSTATE,MARYLAND,16.13,0.0,0.0,17.36,0.0,0.0,204.03,0.28,68.48,1.26,0.64,0.0,,308.18
2/2/2026,2019.0,20200206.0,19897.0,2552.0,COLONIAL PIPELINE CO,Refined and/or Petroleum Product (non-HVL),INTERSTATE,MISSISSIPPI,0.48,0.0,0.0,0.0,0.0,2.33,157.98,285.78,0.0,2.52,23.87,1.17,,474.13
2/2/2026,2019.0,20200206.0,19897.0,2552.0,COLONIAL PIPELINE CO,Refined and/or Petroleum Product (non-HVL),INTERSTATE,NEW JERSEY,2.59,0.0,0.0,0.0,0.0,4.9,141.17,0.07,2.03,1.79,4.54,12.57,,169.66
2/2/2026,2019.0,20200206.0,19897.0,2552.0,COLONIAL PIPELINE CO,Refined and/or Petroleum Product (non-HVL),INTERSTATE,NEW YORK,0.0,0.0,0.0,0.0,0.0,0.39,5.09,0.0,0.0,0.62,0.76,0.07,,6.93
2/2/2026,2019.0,20200206.0,19897.0,2552.0,COLONIAL PIPELINE CO,Refined and/or Petroleum Product (non-HVL),INTERSTATE,NORTH CAROLINA,15.98,0.0,0.0,0.0,0.0,0.0,373.43,250.52,17.81,3.2,42.5,4.04,,707.48
2/2/2026,2019.0,20200206.0,19897.0,2552.0,COLONIAL PIPELINE CO,Refined and/or Petroleum Product (non-HVL),INTERSTATE,PENNSYLVANIA,1.53,0.0,0.0,0.0,0.0,0.0,36.75,0.0,0.0,0.0,0.06,0.01,,38.35
2/2/2026,2019.0,20200206.0,19897.0,2552.0,COLONIAL PIPELINE CO,Refined and/or Petroleum Product (non-HVL),INTERSTATE,SOUTH CAROLINA,8.99,0.0,0.0,0.0,0.0,0.0,179.71,145.56,0.0,33.21,9.53,0.04,,377.04
2/2/2026,2019.0,20200206.0,19897.0,2552.0,COLONIAL PIPELINE CO,Refined and/or Petroleum Product (non-HVL),INTERSTATE,TENNESSEE,9.82,0.0,0.0,0.0,0.0,0.0,232.52,137.46,38.48,19.05,44.35,0.16,,481.84
2/2/2026,2019.0,20200206.0,19897.0,2552.0,COLONIAL PIPELINE CO,Refined and/or Petroleum Product (non-HVL),INTERSTATE,TEXAS,12.46,0.0,0.0,0.0,0.0,9.73,121.27,112.92,0.0,10.31,0.15,2.86,,269.7
2/2/2026,2019.0,20200206.0,19897.0,2552.0,COLONIAL PIPELINE CO,Refined and/or Petroleum Product (non-HVL),INTERSTATE,VIRGINIA,11.18,0.0,0.0,0.0,0.0,0.0,498.88,261.44,7.43,2.06,5.43,5.72,,792.14
2/2/2026,2019.0,20200206.0,19897.0,2552.0,COLONIAL PIPELINE CO,Refined and/or Petroleum Product (non-HVL),INTERSTATE,WASHINGTON DC,0.0,0.0,0.0,0.82,0.0,0.0,0.0,0.0,0.0,0.0,0.0,0.0,,0.82
2/2/2026,2019.0,20200088.0,17305.0,2714.0,"DOMINION ENERGY TRANSMISSION, INC.",HVL,INTERSTATE,PENNSYLVANIA,0.0,0.0,0.0,0.0,0.0,0.0,0.0,10.061,41.296,0.473,0.392,0.109,,52.331
2/2/2026,2019.0,20200088.0,17305.0,2714.0,"DOMINION ENERGY TRANSMISSION, INC.",HVL,INTERSTATE,WEST VIRGINIA,0.0,0.0,0.0,0.0,0.0,0.0,1.082,2.983,13.997,0.119,0.27,0.003,,18.454
2/2/2026,2019.0,20200088.0,17305.0,2714.0,"DOMINION ENERGY TRANSMISSION, INC.",HVL,INTRASTATE,WEST VIRGINIA,0.0,0.0,0.0,0.0,0.0,0.0,4.976,0.0,0.717,0.0,1.643,0.277,,7.613
2/2/2026,2019.0,20200089.0,18043.0,2714.0,"DOMINION ENERGY TRANSMISSION, INC.",Refined and/or Petroleum Product (non-HVL),INTRASTATE,VIRGINIA,,,,,,,,,,,1.14,,,1.14
2/2/2026,2019.0,20200089.0,18043.0,2714.0,"DOMINION ENERGY TRANSMISSION, INC.",Refined and/or Petroleum Product (non-HVL),INTRASTATE,WEST VIRGINIA,0.0,0.0,0.0,0.0,0.0,0.0,0.0,0.0,0.0,27.187,0.052,1.88,,29.119
2/2/2026,2019.0,20200277.0,17503.0,2731.0,CHEVRON PIPE LINE CO,CO2,INTERSTATE,COLORADO,0.0,0.0,0.0,0.0,0.0,0.0,0.0,0.0,11.1,0.0,0.0,0.0,,11.1
2/2/2026,2019.0,20200277.0,17503.0,2731.0,CHEVRON PIPE LINE CO,CO2,INTERSTATE,UTAH,0.0,0.0,0.0,0.0,0.0,0.0,0.0,0.0,73.5,0.0,0.0,0.0,,73.5
2/2/2026,2019.0,20200277.0,17503.0,2731.0,CHEVRON PIPE LINE CO,CO2,INTERSTATE,WYOMING,0.0,0.0,0.0,0.0,0.0,0.0,0.0,0.0,44.4,0.0,0.0,0.0,,44.4
2/2/2026,2019.0,20200557.0,17801.0,2731.0,CHEVRON PIPE LINE CO,Crude Oil,INTERSTATE,COLORADO,,0.0,0.0,0.0,10.9,4.7,0.0,,0.0,0.0,0.0,0.0,,15.6
2/2/2026,2019.0,20200557.0,17801.0,2731.0,CHEVRON PIPE LINE CO,Crude Oil,INTERSTATE,LOUISIANA,2.4,0.0,0.0,0.0,0.0,0.0,154.3,4.8,0.0,0.7,11.9,18.5,,192.6
2/2/2026,2019.0,20200557.0,17801.0,2731.0,CHEVRON PIPE LINE CO,Crude Oil,INTERSTATE,MISSISSIPPI,0.0,0.0,0.0,0.0,0.0,0.0,38.2,0.0,0.0,0.0,0.0,2.7,,40.9
2/2/2026,2019.0,20200557.0,17801.0,2731.0,CHEVRON PIPE LINE CO,Crude Oil,INTERSTATE,OCS-Gulf of Mexico,10.9,0.0,0.0,0.0,0.0,0.0,0.0,25.1,0.0,0.0,0.0,151.3,,187.3
2/2/2026,2019.0,20200557.0,17801.0,2731.0,CHEVRON PIPE LINE CO,Crude Oil,INTERSTATE,UTAH,0.0,0.0,0.0,0.0,160.3,172.4,0.0,0.0,0.0,0.0,11.7,0.1,,344.5
2/2/2026,2019.0,20200557.0,17801.0,2731.0,CHEVRON PIPE LINE CO,Crude Oil,INTRASTATE,CALIFORNIA,51.3,0.0,0.0,5.0,2.9,9.7,6.2,5.3,0.0,8.0,1.1,3.4,,92.9
2/2/2026,2019.0,20200296.0,17524.0,2731.0,CHEVRON PIPE LINE CO,HVL,INTRASTATE,LOUISIANA,0.0,0.0,0.0,0.0,0.0,0.0,0.0,18.2,0.0,0.0,0.0,0.3,,18.5
2/2/2026,2019.0,20200296.0,17524.0,2731.0,CHEVRON PIPE LINE CO,HVL,INTRASTATE,TEXAS,0.0,56.5,0.2,0.0,0.5,155.9,224.7,137.9,129.7,140.8,55.2,144.4,,1045.8
2/2/2026,2019.0,20200412.0,17650.0,2731.0,CHEVRON PIPE LINE CO,Refined and/or Petroleum Product (non-HVL),INTRASTATE,CALIFORNIA,52.2,0.0,0.0,0.0,49.5,7.2,117.0,63.8,1.5,13.1,12.2,3.7,,320.2
2/2/2026,2019.0,20200412.0,17650.0,2731.0,CHEVRON PIPE LINE CO,Refined and/or Petroleum Product (non-HVL),INTRASTATE,UTAH,0.0,2.7,0.0,0.0,0.0,0.0,0.0,0.0,0.0,0.0,0.0,0.0,,2.7
2/2/2026,2019.0,20200065.0,18849.0,2767.0,"HARVEST ALASKA, LLC",Crude Oil,INTERSTATE,ALASKA,,,,,,,,,37.07,17.61,0.12,,,54.8
2/2/2026,2019.0,20200065.0,18849.0,2767.0,"HARVEST ALASKA, LLC",Crude Oil,INTRASTATE,ALASKA,,,,,,,35.31,25.29,0.26,,0.0,4.03,,64.89
2/2/2026,2019.0,20200315.0,17544.0,3345.0,DEVON ENERGY PRODUCTION CO. LP,CO2,INTRASTATE,WYOMING,,,,,,,,,,,46.0,0.51,,46.51
2/2/2026,2019.0,20200309.0,17538.0,3445.0,DIXIE PIPELINE COMPANY LLC,HVL,INTERSTATE,ALABAMA,0.192,0.0,0.0,0.0,0.0,0.0,248.958,0.0,0.187,0.988,2.392,0.472,,253.189
2/2/2026,2019.0,20200309.0,17538.0,3445.0,DIXIE PIPELINE COMPANY LLC,HVL,INTERSTATE,GEORGIA,0.0,0.0,0.0,0.0,0.0,0.0,355.293,4.89,0.023,0.681,1.071,0.109,,362.067
2/2/2026,2019.0,20200309.0,17538.0,3445.0,DIXIE PIPELINE COMPANY LLC,HVL,INTERSTATE,LOUISIANA,0.0,0.0,0.0,0.0,0.0,0.0,223.056,0.837,2.887,1.941,4.905,1.311,,234.937
2/2/2026,2019.0,20200309.0,17538.0,3445.0,DIXIE PIPELINE COMPANY LLC,HVL,INTERSTATE,MISSISSIPPI,0.0,0.0,0.0,0.0,0.0,0.0,120.596,0.0,1.159,0.448,0.935,0.192,,123.33
2/2/2026,2019.0,20200309.0,17538.0,3445.0,DIXIE PIPELINE COMPANY LLC,HVL,INTERSTATE,NORTH CAROLINA,0.113,0.0,0.0,0.0,0.0,0.0,75.119,0.662,12.488,0.032,0.741,0.298,,89.453
2/2/2026,2019.0,20200309.0,17538.0,3445.0,DIXIE PIPELINE COMPANY LLC,HVL,INTERSTATE,SOUTH CAROLINA,0.036,0.0,0.0,0.0,0.0,0.0,161.254,0.832,0.316,0.54,0.448,0.618,,164.044
2/2/2026,2019.0,20200309.0,17538.0,3445.0,DIXIE PIPELINE COMPANY LLC,HVL,INTERSTATE,TEXAS,0.0,0.0,0.0,0.0,0.0,0.0,75.058,0.12,0.148,0.92,2.815,0.02,,79.081
2/2/2026,2019.0,20200050.0,17260.0,3527.0,DOW PIPELINE CO,HVL,INTRASTATE,TEXAS,101.38,,0.0,0.0,104.58,10.24,34.6,107.66,0.83,4.04,1.22,116.21,,480.76
2/2/2026,2019.0,20200048.0,17258.0,3535.0,DOW PIPELINE CO,HVL,INTRASTATE,LOUISIANA,0.05,0.0,0.0,0.0,0.0,0.0,61.72,42.33,56.44,0.0,36.89,0.0,,197.43
2/2/2026,2019.0,20200188.0,17411.0,4280.0,EL PASO NATURAL GAS CO,Crude Oil,INTRASTATE,CALIFORNIA,,,,,,,,,122.41,,,,,122.41
2/2/2026,2019.0,20200574.0,17821.0,4430.0,VALERO TERMINALING AND DISTRIBUTION COMPANY,Crude Oil,INTERSTATE,ILLINOIS,,,,,,,,,,,,0.627,,0.627
2/2/2026,2019.0,20200574.0,17821.0,4430.0,VALERO TERMINALING AND DISTRIBUTION COMPANY,Crude Oil,INTERSTATE,TENNESSEE,,,,,,,,,,,,0.244,,0.244
2/2/2026,2019.0,20200574.0,17821.0,4430.0,VALERO TERMINALING AND DISTRIBUTION COMPANY,Crude Oil,INTERSTATE,TEXAS,,,,,,,,,,,,0.203,,0.203
2/2/2026,2019.0,20200574.0,17821.0,4430.0,VALERO TERMINALING AND DISTRIBUTION COMPANY,Crude Oil,INTRASTATE,TEXAS,,,,,,,,,,,,4.617,,4.617
2/2/2026,2019.0,20200576.0,17823.0,4430.0,VALERO TERMINALING AND DISTRIBUTION COMPANY,HVL,INTERSTATE,TEXAS,,,,,,,52.12,,,,,,,52.12
2/2/2026,2019.0,20200576.0,17823.0,4430.0,VALERO TERMINALING AND DISTRIBUTION COMPANY,HVL,INTRASTATE,TEXAS,,,,,,33.329,,0.005,4.482,2.183,0.141,0.698,,40.838
2/2/2026,2019.0,20200577.0,17824.0,4430.0,VALERO TERMINALING AND DISTRIBUTION COMPANY,Refined and/or Petroleum Product (non-HVL),INTERSTATE,ILLINOIS,,,,,,8.758,,,0.193,0.367,1.105,0.261,,10.684
2/2/2026,2019.0,20200577.0,17824.0,4430.0,VALERO TERMINALING AND DISTRIBUTION COMPANY,Refined and/or Petroleum Product (non-HVL),INTERSTATE,INDIANA,,,,,,2.477,,,,,0.687,,,3.164
2/2/2026,2019.0,20200577.0,17824.0,4430.0,VALERO TERMINALING AND DISTRIBUTION COMPANY,Refined and/or Petroleum Product (non-HVL),INTRASTATE,TENNESSEE,,,,,,,,,,,0.451,,,0.451
2/2/2026,2019.0,20200577.0,17824.0,4430.0,VALERO TERMINALING AND DISTRIBUTION COMPANY,Refined and/or Petroleum Product (non-HVL),INTRASTATE,TEXAS,,,,,,,,,,,,69.069,,69.069
2/2/2026,2019.0,20200045.0,17255.0,4461.0,"EOG RESOURCES, INC",Crude Oil,INTRASTATE,TEXAS,0.0,0.0,0.0,0.0,0.0,0.0,0.0,0.0,0.0,0.0,0.0,52.455,,52.455
2/2/2026,2019.0,20200148.0,17371.0,4472.0,CYPRESS INTERSTATE PIPELINE LLC,HVL,INTERSTATE,LOUISIANA,0.0,0.0,0.0,0.0,0.0,0.0,0.0,0.0,0.0,27.15,0.0,0.0,,27.15
2/2/2026,2019.0,20200148.0,17371.0,4472.0,CYPRESS INTERSTATE PIPELINE LLC,HVL,INTERSTATE,TEXAS,0.0,0.0,0.0,0.0,0.0,0.0,0.0,0.0,0.0,77.19,0.0,0.0,,77.19
2/2/2026,2019.0,20200378.0,17616.0,4805.0,EXPLORER PIPELINE CO,Refined and/or Petroleum Product (non-HVL),INTERSTATE,ILLINOIS,,,,,,,,260.33,1.15,0.18,0.12,18.5,,280.28
2/2/2026,2019.0,20200378.0,17616.0,4805.0,EXPLORER PIPELINE CO,Refined and/or Petroleum Product (non-HVL),INTERSTATE,INDIANA,,,,,,2.2,,36.22,,,1.68,1.0,,41.1
2/2/2026,2019.0,20200378.0,17616.0,4805.0,EXPLORER PIPELINE CO,Refined and/or Petroleum Product (non-HVL),INTERSTATE,MISSOURI,,0.0,0.0,,0.0,,,293.8,0.0,1.03,1.24,0.21,,296.28
2/2/2026,2019.0,20200378.0,17616.0,4805.0,EXPLORER PIPELINE CO,Refined and/or Petroleum Product (non-HVL),INTERSTATE,OKLAHOMA,,0.0,0.0,,31.9,3.99,0.73,282.24,0.01,0.47,1.48,0.71,,321.53
2/2/2026,2019.0,20200378.0,17616.0,4805.0,EXPLORER PIPELINE CO,Refined and/or Petroleum Product (non-HVL),INTERSTATE,TEXAS,,,,0.17,322.29,16.08,15.94,466.87,15.42,33.12,7.7,20.11,,897.7
2/2/2026,2019.0,20200612.0,18041.0,4906.0,EXXONMOBIL PIPELINE CO,Crude Oil,INTERSTATE,LOUISIANA,0.12,,0.0,0.0,0.0,70.3,50.03,0.55,3.49,47.55,12.64,0.77,,185.45
2/2/2026,2019.0,20200612.0,18041.0,4906.0,EXXONMOBIL PIPELINE CO,Crude Oil,INTERSTATE,OCS-Gulf of Mexico,,,,,,,,,,137.79,0.12,0.01,,137.92
2/2/2026,2019.0,20200612.0,18041.0,4906.0,EXXONMOBIL PIPELINE CO,Crude Oil,INTERSTATE,TEXAS,0.02,,0.0,0.0,9.98,0.0,19.3,4.08,46.29,31.54,1.87,0.57,,113.65
2/2/2026,2019.0,20200612.0,18041.0,4906.0,EXXONMOBIL PIPELINE CO,Crude Oil,INTRASTATE,MONTANA,20.35,,0.0,0.0,40.57,2.84,1.68,0.0,0.0,3.19,0.85,1.56,,71.04
2/2/2026,2019.0,20200612.0,18041.0,4906.0,EXXONMOBIL PIPELINE CO,Crude Oil,INTRASTATE,TEXAS,0.0,,0.11,0.0,33.74,57.49,8.87,3.2,0.96,42.26,1.67,0.0,,148.3
2/2/2026,2019.0,20200615.0,17864.0,4906.0,EXXONMOBIL PIPELINE CO,HVL,INTRASTATE,LOUISIANA,2.76,,0.0,0.0,0.0,148.52,53.5,62.09,49.51,195.08,4.36,0.6,,516.42
2/2/2026,2019.0,20200615.0,17864.0,4906.0,EXXONMOBIL PIPELINE CO,HVL,INTRASTATE,TEXAS,4.4,0.03,0.0,42.7,35.73,27.77,387.89,276.61,160.37,131.19,35.09,3.09,,1104.87
2/2/2026,2019.0,20200628.0,17879.0,4906.0,EXXONMOBIL PIPELINE CO,Refined and/or Petroleum Product (non-HVL),INTERSTATE,ILLINOIS,,,,,,,,,,,,1.12,,1.12
2/2/2026,2019.0,20200628.0,17879.0,4906.0,EXXONMOBIL PIPELINE CO,Refined and/or Petroleum Product (non-HVL),INTERSTATE,LOUISIANA,0.0,,0.0,0.0,0.0,0.0,0.0,0.0,0.0,19.6,0.15,0.0,,19.75
2/2/2026,2019.0,20200628.0,17879.0,4906.0,EXXONMOBIL PIPELINE CO,Refined and/or Petroleum Product (non-HVL),INTERSTATE,TEXAS,0.0,,0.0,0.0,0.0,0.0,0.01,13.53,0.03,10.46,0.95,0.02,,25.0
2/2/2026,2019.0,20200628.0,17879.0,4906.0,EXXONMOBIL PIPELINE CO,Refined and/or Petroleum Product (non-HVL),INTERSTATE,WASHINGTON,,,,,,,,,,,,0.95,,0.95
2/2/2026,2019.0,20200628.0,17879.0,4906.0,EXXONMOBIL PIPELINE CO,Refined and/or Petroleum Product (non-HVL),INTRASTATE,LOUISIANA,,,,,,2.33,0.03,,,1.68,,,,4.04
2/2/2026,2019.0,20200628.0,17879.0,4906.0,EXXONMOBIL PIPELINE CO,Refined and/or Petroleum Product (non-HVL),INTRASTATE,TEXAS,12.37,,,,204.28,46.83,225.35,7.32,49.98,7.53,31.63,7.38,,592.67
2/2/2026,2019.0,20200353.0,17584.0,4908.0,"EXXONMOBIL PRODUCTION COMPANY, A DIVISION OF EXXON MOBIL CORPORATION",CO2,INTRASTATE,WYOMING,,,,,,,,,,160.48,,,,160.48
2/2/2026,2019.0,20200686.0,18024.0,4908.0,"EXXONMOBIL PRODUCTION COMPANY, A DIVISION OF EXXON MOBIL CORPORATION",Crude Oil,INTERSTATE,CALIFORNIA,,,,,,,,,,6.2,,,,6.2
2/2/2026,2019.0,20200686.0,18024.0,4908.0,"EXXONMOBIL PRODUCTION COMPANY, A DIVISION OF EXXON MOBIL CORPORATION",Crude Oil,INTERSTATE,OCS-Pacific,,,,,,,,,,4.63,,,,4.63
2/2/2026,2019.0,20200234.0,17458.0,5081.0,"COFFEYVILLE RESOURCES CRUDE TRANSPORTATION, LLC",Crude Oil,INTERSTATE,KANSAS,0.0,0.0,0.0,0.0,162.62,6.57,18.5,1.67,0.0,21.24,1.26,7.7,,219.56
2/2/2026,2019.0,20200234.0,17458.0,5081.0,"COFFEYVILLE RESOURCES CRUDE TRANSPORTATION, LLC",Crude Oil,INTERSTATE,OKLAHOMA,0.0,0.0,0.0,0.0,55.66,14.8,1.33,4.85,0.3,1.45,2.18,0.0,,80.57
2/2/2026,2019.0,20200234.0,17458.0,5081.0,"COFFEYVILLE RESOURCES CRUDE TRANSPORTATION, LLC",Crude Oil,INTRASTATE,KANSAS,0.0,0.0,0.0,0.0,0.0,25.45,11.01,0.0,0.0,0.0,0.0,11.39,,47.85
2/2/2026,2019.0,20200234.0,17458.0,5081.0,"COFFEYVILLE RESOURCES CRUDE TRANSPORTATION, LLC",Crude Oil,INTRASTATE,OKLAHOMA,,,,45.26,0.03,0.16,1.01,0.34,0.28,0.7,53.26,0.89,,101.93
2/2/2026,2019.0,20200219.0,17443.0,6911.0,GULF STATE PIPELINE CO INC,Refined and/or Petroleum Product (non-HVL),INTRASTATE,TEXAS,,,,,,,,31.0,,,,24.0,,55.0
2/2/2026,2019.0,20200385.0,17623.0,7063.0,HARBOR PIPELINE CO,Refined and/or Petroleum Product (non-HVL),INTERSTATE,NEW JERSEY,78.6,,0.0,0.0,0.0,,1.6,0.0,0.0,0.1,0.0,,,80.3
2/2/2026,2019.0,20200192.0,17415.0,7660.0,HUNT CRUDE OIL SUPPLY CO,Crude Oil,INTERSTATE,ALABAMA,,,,,,,,105.0,,,,,,105.0
2/2/2026,2019.0,20200192.0,17415.0,7660.0,HUNT CRUDE OIL SUPPLY CO,Crude Oil,INTERSTATE,MISSISSIPPI,0.0,0.0,0.0,0.0,0.0,0.0,46.85,21.24,,21.8,6.2,1.63,,97.72
2/2/2026,2019.0,20200192.0,17415.0,7660.0,HUNT CRUDE OIL SUPPLY CO,Crude Oil,INTRASTATE,ALABAMA,,,,,,,8.31,,,20.6,1.41,,,30.32
2/2/2026,2019.0,20200122.0,17344.0,8014.0,IDAHO PIPELINE CORP,Refined and/or Petroleum Product (non-HVL),INTRASTATE,IDAHO,,,0.0,0.0,0.0,0.0,0.0,0.0,2.32,0.0,0.0,0.0,,2.32
2/2/2026,2019.0,20200046.0,17256.0,8166.0,"ADELPHIA GATEWAY, LLC",Refined and/or Petroleum Product (non-HVL),INTRASTATE,PENNSYLVANIA,,,,,,,,48.8,,0.1,0.4,0.1,,49.4
2/2/2026,2019.0,20200116.0,20927.0,8175.0,INTERSTATE STORAGE & PIPELINE C0,Refined and/or Petroleum Product (non-HVL),INTRASTATE,NEW JERSEY,,,,,,,11.25,,,,0.19,0.08,,11.52
2/2/2026,2019.0,20200652.0,18051.0,9175.0,JAYHAWK PIPELINE LLC,Crude Oil,INTERSTATE,KANSAS,1.22,0.0,0.0,0.0,0.0,309.8,76.5,55.1,0.0,3.7,56.2,32.7,0.0,535.22
2/2/2026,2019.0,20200652.0,18051.0,9175.0,JAYHAWK PIPELINE LLC,Crude Oil,INTERSTATE,NEBRASKA,,,,,,,,,,,28.95,,,28.95
2/2/2026,2019.0,20200652.0,18051.0,9175.0,JAYHAWK PIPELINE LLC,Crude Oil,INTERSTATE,OKLAHOMA,,,,,,,,26.2,,23.57,,,,49.77
2/2/2026,2019.0,20200652.0,18051.0,9175.0,JAYHAWK PIPELINE LLC,Crude Oil,INTERSTATE,TEXAS,,,,,,,,,,17.34,,,,17.34
2/2/2026,2019.0,20200652.0,18051.0,9175.0,JAYHAWK PIPELINE LLC,Crude Oil,INTRASTATE,KANSAS,,,,,26.5,80.45,,,,,,73.02,0.0,179.97
2/2/2026,2019.0,20200655.0,17922.0,10012.0,NUSTAR PIPELINE OPERATING PARTNERSHIP L.P.,HVL,INTERSTATE,ARKANSAS,0.0,0.0,0.0,0.0,0.0,0.0,13.1,252.1,0.0,0.4,0.1,0.01,,265.71
2/2/2026,2019.0,20200655.0,17922.0,10012.0,NUSTAR PIPELINE OPERATING PARTNERSHIP L.P.,HVL,INTERSTATE,ILLINOIS,0.0,0.0,0.0,0.0,0.0,0.0,0.0,142.0,0.0,2.9,0.24,32.6,,177.74
2/2/2026,2019.0,20200655.0,17922.0,10012.0,NUSTAR PIPELINE OPERATING PARTNERSHIP L.P.,HVL,INTERSTATE,INDIANA,0.0,0.0,0.0,0.0,0.0,0.0,0.0,170.9,0.0,0.0,0.0,0.0,,170.9
2/2/2026,2019.0,20200655.0,17922.0,10012.0,NUSTAR PIPELINE OPERATING PARTNERSHIP L.P.,HVL,INTERSTATE,IOWA,0.0,0.0,0.0,0.0,0.0,0.0,0.0,428.1,10.8,0.1,0.4,0.5,,439.9
2/2/2026,2019.0,20200655.0,17922.0,10012.0,NUSTAR PIPELINE OPERATING PARTNERSHIP L.P.,HVL,INTERSTATE,KANSAS,0.2,0.0,0.0,0.0,0.0,113.0,0.6,0.0,2.2,0.3,0.2,9.8,,126.3
2/2/2026,2019.0,20200655.0,17922.0,10012.0,NUSTAR PIPELINE OPERATING PARTNERSHIP L.P.,HVL,INTERSTATE,LOUISIANA,0.0,0.0,0.0,0.0,0.0,0.0,208.4,143.3,36.2,0.4,6.7,0.1,,395.1
2/2/2026,2019.0,20200655.0,17922.0,10012.0,NUSTAR PIPELINE OPERATING PARTNERSHIP L.P.,HVL,INTERSTATE,MISSOURI,0.0,0.0,0.0,0.0,0.0,0.0,0.0,364.3,28.7,17.4,0.5,2.2,,413.1
2/2/2026,2019.0,20200655.0,17922.0,10012.0,NUSTAR PIPELINE OPERATING PARTNERSHIP L.P.,HVL,INTERSTATE,NEBRASKA,0.0,0.0,0.0,0.0,0.0,166.8,0.0,145.6,0.2,0.5,2.1,0.8,,316.0
2/2/2026,2019.0,20200655.0,17922.0,10012.0,NUSTAR PIPELINE OPERATING PARTNERSHIP L.P.,HVL,INTERSTATE,SOUTH DAKOTA,0.0,0.0,0.0,0.0,0.0,1.7,0.0,0.0,0.0,0.0,0.0,0.5,,2.2
2/2/2026,2019.0,20200656.0,17923.0,10012.0,NUSTAR PIPELINE OPERATING PARTNERSHIP L.P.,Refined and/or Petroleum Product (non-HVL),INTERSTATE,IOWA,0.9,0.0,0.0,39.8,141.8,0.0,80.2,0.3,1.8,3.5,2.0,2.0,,272.3
2/2/2026,2019.0,20200656.0,17923.0,10012.0,NUSTAR PIPELINE OPERATING PARTNERSHIP L.P.,Refined and/or Petroleum Product (non-HVL),INTERSTATE,KANSAS,0.6,0.0,0.0,21.0,134.2,153.8,76.5,0.6,110.2,21.0,16.9,5.8,,540.6
2/2/2026,2019.0,20200656.0,17923.0,10012.0,NUSTAR PIPELINE OPERATING PARTNERSHIP L.P.,Refined and/or Petroleum Product (non-HVL),INTERSTATE,MINNESOTA,0.1,0.0,0.0,0.0,223.9,3.0,2.9,1.1,0.1,2.9,1.1,0.7,,235.8
2/2/2026,2019.0,20200656.0,17923.0,10012.0,NUSTAR PIPELINE OPERATING PARTNERSHIP L.P.,Refined and/or Petroleum Product (non-HVL),INTERSTATE,NEBRASKA,0.0,0.0,0.0,66.3,80.4,79.2,188.3,0.4,241.4,5.3,4.6,1.5,,667.4
2/2/2026,2019.0,20200656.0,17923.0,10012.0,NUSTAR PIPELINE OPERATING PARTNERSHIP L.P.,Refined and/or Petroleum Product (non-HVL),INTERSTATE,NORTH DAKOTA,0.8,0.0,0.0,0.0,0.0,196.4,64.3,3.0,0.0,0.5,1.8,8.5,,275.3
2/2/2026,2019.0,20200656.0,17923.0,10012.0,NUSTAR PIPELINE OPERATING PARTNERSHIP L.P.,Refined and/or Petroleum Product (non-HVL),INTERSTATE,SOUTH DAKOTA,0.0,0.0,0.0,0.0,33.5,1.8,232.9,36.8,0.2,1.2,1.3,1.3,,309.0
2/2/2026,2019.0,20200656.0,17923.0,10012.0,NUSTAR PIPELINE OPERATING PARTNERSHIP L.P.,Refined and/or Petroleum Product (non-HVL),INTRASTATE,WYOMING,0.0,0.0,0.0,0.0,0.0,0.0,6.5,0.0,0.0,0.0,0.2,0.0,,6.7
2/2/2026,2019.0,20200431.0,17670.0,10250.0,KIANTONE PIPELINE CORP,Crude Oil,INTERSTATE,NEW YORK,,,,,,,,64.54,0.1,,0.21,0.07,,64.92
2/2/2026,2019.0,20200431.0,17670.0,10250.0,KIANTONE PIPELINE CORP,Crude Oil,INTERSTATE,PENNSYLVANIA,,,,,,,,13.29,,0.04,0.01,0.02,,13.36
2/2/2026,2019.0,20200432.0,17671.0,10250.0,KIANTONE PIPELINE CORP,Refined and/or Petroleum Product (non-HVL),INTRASTATE,PENNSYLVANIA,,,,,,,,4.958,0.307,0.298,1.314,0.038,,6.915
2/2/2026,2019.0,20200285.0,17513.0,10346.0,KUPARUK TRANSPORTATION CO,Crude Oil,INTERSTATE,ALASKA,0.0,0.0,0.0,0.0,0.0,0.0,0.0,0.0,32.743,0.0,4.118,0.0,,36.861
2/2/2026,2019.0,20200064.0,17275.0,11032.0,SPIRE MISSOURI INC. EAST,HVL,INTERSTATE,ILLINOIS,,,,5.656,,,16.098,4.842,,,0.255,,,26.851
2/2/2026,2019.0,20200064.0,17275.0,11032.0,SPIRE MISSOURI INC. EAST,HVL,INTERSTATE,MISSOURI,,,,,,1.784,9.496,,1.73,,,0.181,,13.191
2/2/2026,2019.0,20200320.0,17549.0,11169.0,"ENBRIDGE ENERGY, LIMITED PARTNERSHIP",Crude Oil,INTERSTATE,ILLINOIS,0.0,0.0,0.0,0.0,0.0,75.29,116.58,0.8,0.0,115.62,138.64,75.64,,522.57
2/2/2026,2019.0,20200320.0,17549.0,11169.0,"ENBRIDGE ENERGY, LIMITED PARTNERSHIP",Crude Oil,INTERSTATE,INDIANA,0.0,0.0,0.0,0.0,0.0,7.31,4.08,90.65,0.0,0.0,5.68,65.06,,172.78
2/2/2026,2019.0,20200320.0,17549.0,11169.0,"ENBRIDGE ENERGY, LIMITED PARTNERSHIP",Crude Oil,INTERSTATE,MICHIGAN,0.0,0.0,0.0,0.0,0.0,550.49,0.0,296.81,0.0,0.0,0.0,227.03,,1074.33
2/2/2026,2019.0,20200320.0,17549.0,11169.0,"ENBRIDGE ENERGY, LIMITED PARTNERSHIP",Crude Oil,INTERSTATE,MINNESOTA,0.0,0.0,0.0,0.0,0.0,282.23,283.0,117.03,0.0,0.0,557.75,4.48,,1244.49
2/2/2026,2019.0,20200320.0,17549.0,11169.0,"ENBRIDGE ENERGY, LIMITED PARTNERSHIP",Crude Oil,INTERSTATE,NEW YORK,0.0,0.0,0.0,0.0,0.0,0.0,24.99,4.39,0.0,0.0,0.0,0.39,,29.77
2/2/2026,2019.0,20200320.0,17549.0,11169.0,"ENBRIDGE ENERGY, LIMITED PARTNERSHIP",Crude Oil,INTERSTATE,NORTH DAKOTA,0.0,0.0,0.0,0.0,0.0,27.99,12.28,0.0,0.0,0.0,84.02,15.71,,140.0
2/2/2026,2019.0,20200320.0,17549.0,11169.0,"ENBRIDGE ENERGY, LIMITED PARTNERSHIP",Crude Oil,INTERSTATE,WISCONSIN,0.0,0.0,0.0,0.0,0.0,104.35,346.4,0.0,0.0,345.52,358.16,26.51,,1180.94
2/2/2026,2019.0,20200321.0,17550.0,11169.0,"ENBRIDGE ENERGY, LIMITED PARTNERSHIP",HVL,INTERSTATE,MINNESOTA,0.0,0.0,0.0,0.0,0.0,175.58,0.0,0.0,0.0,108.11,0.0,0.0,,283.69
2/2/2026,2019.0,20200321.0,17550.0,11169.0,"ENBRIDGE ENERGY, LIMITED PARTNERSHIP",HVL,INTERSTATE,NORTH DAKOTA,0.0,0.0,0.0,0.0,0.0,0.0,0.0,0.0,0.0,27.91,0.0,0.0,,27.91
2/2/2026,2019.0,20200321.0,17550.0,11169.0,"ENBRIDGE ENERGY, LIMITED PARTNERSHIP",HVL,INTERSTATE,WISCONSIN,0.0,0.0,0.0,0.0,0.0,13.24,0.0,0.0,0.0,0.0,0.0,0.0,,13.24
2/2/2026,2019.0,20200602.0,17849.0,11272.0,LAVACA PIPELINE CO,HVL,INTRASTATE,TEXAS,0.0,,0.0,0.0,0.0,0.0,0.0,0.0,0.0,39.33,13.2,2.38,,54.91
2/2/2026,2019.0,20200605.0,17853.0,11272.0,LAVACA PIPELINE CO,Refined and/or Petroleum Product (non-HVL),INTRASTATE,TEXAS,,,,,,,,,,13.05,,,,13.05
2/2/2026,2019.0,20200299.0,17528.0,11551.0,"DELEK LOGISTICS OPERATING, LLC.",Crude Oil,INTERSTATE,ARKANSAS,,,,15.5,,,,,,,15.52,,,31.02
2/2/2026,2019.0,20200299.0,17528.0,11551.0,"DELEK LOGISTICS OPERATING, LLC.",Crude Oil,INTERSTATE,LOUISIANA,,,,2.36,,14.48,,,,,48.0,,,64.84
2/2/2026,2019.0,20200299.0,17528.0,11551.0,"DELEK LOGISTICS OPERATING, LLC.",Crude Oil,INTRASTATE,ARKANSAS,,,,32.85,26.28,5.46,,2.73,,0.9,30.93,11.17,,110.32
2/2/2026,2019.0,20200299.0,17528.0,11551.0,"DELEK LOGISTICS OPERATING, LLC.",Crude Oil,INTRASTATE,TEXAS,,,186.75,0.0,0.0,0.0,0.0,0.0,0.0,4.5,1.02,3.93,,196.2
2/2/2026,2019.0,20200300.0,17529.0,11551.0,"DELEK LOGISTICS OPERATING, LLC.",Refined and/or Petroleum Product (non-HVL),INTRASTATE,ARKANSAS,,,,4.43,149.56,,,7.97,,,8.41,,,170.37
2/2/2026,2019.0,20200453.0,17693.0,11733.0,LOOP LLC,Crude Oil,INTERSTATE,LOUISIANA,,,,,,,,,89.8,,3.1,1.6,,94.5
2/2/2026,2019.0,20200453.0,17693.0,11733.0,LOOP LLC,Crude Oil,INTERSTATE,OCS-Gulf of Mexico,,,,,,,,,19.6,,,,,19.6
2/2/2026,2019.0,20200457.0,17697.0,11733.0,LOOP LLC,Refined and/or Petroleum Product (non-HVL),INTERSTATE,LOUISIANA,,,,,,,,,6.4,,,,,6.4
2/2/2026,2019.0,20200457.0,17697.0,11733.0,LOOP LLC,Refined and/or Petroleum Product (non-HVL),INTERSTATE,OCS-Gulf of Mexico,,,,,,,,,15.0,,,,,15.0
2/2/2026,2019.0,20200591.0,17838.0,12105.0,"MAGELLAN AMMONIA PIPELINE, L.P.",HVL,INTERSTATE,IOWA,,,,,,,163.57,55.16,,0.24,0.01,2.36,,221.34
2/2/2026,2019.0,20200591.0,17838.0,12105.0,"MAGELLAN AMMONIA PIPELINE, L.P.",HVL,INTERSTATE,KANSAS,,,,,,,69.64,0.09,,,0.05,0.05,,69.83
2/2/2026,2019.0,20200591.0,17838.0,12105.0,"MAGELLAN AMMONIA PIPELINE, L.P.",HVL,INTERSTATE,MINNESOTA,,,,,,,,45.37,,,,0.03,,45.4
2/2/2026,2019.0,20200591.0,17838.0,12105.0,"MAGELLAN AMMONIA PIPELINE, L.P.",HVL,INTERSTATE,NEBRASKA,,,,,,,152.52,11.65,,0.58,0.19,0.64,,165.58
2/2/2026,2019.0,20200386.0,17624.0,12470.0,MID - VALLEY PIPELINE CO,Crude Oil,INTERSTATE,ARKANSAS,15.1,,,,,,,,,,,,,15.1
2/2/2026,2019.0,20200386.0,17624.0,12470.0,MID - VALLEY PIPELINE CO,Crude Oil,INTERSTATE,KENTUCKY,0.8,0.0,0.0,0.0,0.0,222.1,0.0,0.0,0.8,5.4,0.0,0.0,,229.1
2/2/2026,2019.0,20200386.0,17624.0,12470.0,MID - VALLEY PIPELINE CO,Crude Oil,INTERSTATE,LOUISIANA,52.8,,,,,176.8,,0.3,,0.2,0.4,,,230.5
2/2/2026,2019.0,20200386.0,17624.0,12470.0,MID - VALLEY PIPELINE CO,Crude Oil,INTERSTATE,MICHIGAN,7.2,,,,,,,,,,,,,7.2
2/2/2026,2019.0,20200386.0,17624.0,12470.0,MID - VALLEY PIPELINE CO,Crude Oil,INTERSTATE,MISSISSIPPI,3.6,,,,,190.5,,,,,,,,194.1
2/2/2026,2019.0,20200386.0,17624.0,12470.0,MID - VALLEY PIPELINE CO,Crude Oil,INTERSTATE,OHIO,219.2,0.0,0.0,0.0,0.0,0.0,0.0,0.0,0.3,16.7,0.0,0.3,,236.5
2/2/2026,2019.0,20200386.0,17624.0,12470.0,MID - VALLEY PIPELINE CO,Crude Oil,INTERSTATE,TENNESSEE,0.0,,0.0,0.0,0.0,153.7,0.0,0.0,0.0,0.0,0.0,0.0,,153.7
2/2/2026,2019.0,20200386.0,17624.0,12470.0,MID - VALLEY PIPELINE CO,Crude Oil,INTERSTATE,TEXAS,,,,,,48.0,,,,,,,,48.0
2/2/2026,2019.0,20200536.0,17780.0,12624.0,EXXONMOBIL OIL CORPORATION,Crude Oil,INTRASTATE,TEXAS,,,,,,,,,,5.97,,,,5.97
2/2/2026,2019.0,20200537.0,17781.0,12624.0,EXXONMOBIL OIL CORPORATION,HVL,INTRASTATE,TEXAS,7.54,,,,,54.63,24.65,103.01,0.04,12.2,1.14,0.12,,203.33
2/2/2026,2019.0,20200541.0,17785.0,12624.0,EXXONMOBIL OIL CORPORATION,Refined and/or Petroleum Product (non-HVL),INTRASTATE,TEXAS,6.17,0.32,9.14,7.27,0.0,0.0,2.03,5.26,0.1,0.01,1.66,0.61,,32.57
2/2/2026,2019.0,20200590.0,20040.0,12628.0,MOBIL  PIPE  LINE COMPANY,Crude Oil,INTERSTATE,ILLINOIS,,,,,,,,21.05,,,,,,21.05
2/2/2026,2019.0,20200590.0,20040.0,12628.0,MOBIL  PIPE  LINE COMPANY,Crude Oil,INTRASTATE,TEXAS,0.0,,1.56,0.0,0.0,10.74,0.09,30.65,0.0,0.02,4.21,0.0,,47.27
2/2/2026,2019.0,20200565.0,17810.0,12628.0,MOBIL  PIPE  LINE COMPANY,HVL,INTRASTATE,TEXAS,0.64,,0.0,0.0,0.0,46.14,1.12,70.72,5.48,0.84,10.45,0.01,,135.4
2/2/2026,2019.0,20200551.0,17795.0,12628.0,MOBIL  PIPE  LINE COMPANY,Refined and/or Petroleum Product (non-HVL),INTRASTATE,ILLINOIS,,,,,,,,2.98,,,0.29,,,3.27
2/2/2026,2019.0,20200535.0,17779.0,12634.0,EXXONMOBIL OIL CORPORATION,HVL,INTRASTATE,TEXAS,12.09,,,,,65.63,63.63,4.17,16.33,14.32,2.93,0.16,,179.26
2/2/2026,2019.0,20200235.0,17459.0,12913.0,SUPERIOR REFINING COMPANY LLC,Refined and/or Petroleum Product (non-HVL),INTRASTATE,WISCONSIN,,,,,,4.023,0.17,0.37,0.251,0.525,,0.229,,5.568
2/2/2026,2019.0,20200542.0,17786.0,14145.0,"ENLINK OHIO RIVER VALLEY PIPELINE, LLC",Crude Oil,INTRASTATE,OHIO,,,,,,,,22.858,36.497,,0.019,0.017,,59.391
2/2/2026,2019.0,20200102.0,17321.0,14194.0,"OILTANKING, HOUSTON LP",Refined and/or Petroleum Product (non-HVL),INTRASTATE,TEXAS,,,,,,,,,,,4.68,,,4.68
2/2/2026,2019.0,20200162.0,17385.0,14391.0,"OSAGE PIPE LINE COMPANY, LLC",Crude Oil,INTERSTATE,KANSAS,,,,,,,,57.11,,0.3,2.9,,,60.31
2/2/2026,2019.0,20200162.0,17385.0,14391.0,"OSAGE PIPE LINE COMPANY, LLC",Crude Oil,INTERSTATE,OKLAHOMA,,,,,,,,75.18,,0.17,,,,75.35
2/2/2026,2019.0,20200497.0,17740.0,15156.0,SINCLAIR TRANSPORTATION COMPANY,Crude Oil,INTERSTATE,COLORADO,,,,,,,15.46,,,,2.62,0.15,,18.23
2/2/2026,2019.0,20200497.0,17740.0,15156.0,SINCLAIR TRANSPORTATION COMPANY,Crude Oil,INTERSTATE,WYOMING,,,,,,,168.43,98.73,,14.13,104.75,32.16,,418.2
2/2/2026,2019.0,20200497.0,17740.0,15156.0,SINCLAIR TRANSPORTATION COMPANY,Crude Oil,INTRASTATE,WYOMING,,,,,79.28,9.94,,12.74,,0.39,8.09,5.78,,116.22
2/2/2026,2019.0,20200459.0,18006.0,15156.0,SINCLAIR TRANSPORTATION COMPANY,Refined and/or Petroleum Product (non-HVL),INTERSTATE,COLORADO,,,,,,,58.61,,0.01,15.92,7.92,42.82,,125.28
2/2/2026,2019.0,20200459.0,18006.0,15156.0,SINCLAIR TRANSPORTATION COMPANY,Refined and/or Petroleum Product (non-HVL),INTERSTATE,IOWA,,,4.65,,3.1,,,,,0.06,1.51,2.48,,11.8
2/2/2026,2019.0,20200459.0,18006.0,15156.0,SINCLAIR TRANSPORTATION COMPANY,Refined and/or Petroleum Product (non-HVL),INTERSTATE,KANSAS,,,,,,,5.85,,,0.99,0.9,,,7.74
2/2/2026,2019.0,20200459.0,18006.0,15156.0,SINCLAIR TRANSPORTATION COMPANY,Refined and/or Petroleum Product (non-HVL),INTERSTATE,MISSOURI,,,17.23,107.67,15.07,,1.12,,,1.39,28.06,35.66,,206.2
2/2/2026,2019.0,20200459.0,18006.0,15156.0,SINCLAIR TRANSPORTATION COMPANY,Refined and/or Petroleum Product (non-HVL),INTERSTATE,WYOMING,,,,,,,111.18,,0.03,4.6,1.45,0.47,,117.73
2/2/2026,2019.0,20200459.0,18006.0,15156.0,SINCLAIR TRANSPORTATION COMPANY,Refined and/or Petroleum Product (non-HVL),INTRASTATE,WYOMING,,,,,,,5.08,55.68,,21.08,29.27,2.39,,113.5
2/2/2026,2019.0,20200647.0,17901.0,15485.0,PHILLIPS 66 COMPANY - SWEENY REFINERY,Crude Oil,INTRASTATE,TEXAS,0.0,0.0,0.0,0.0,0.0,0.0,0.0,27.25,0.0,0.0,0.0,0.15,,27.4
2/2/2026,2019.0,20200650.0,17904.0,15485.0,PHILLIPS 66 COMPANY - SWEENY REFINERY,HVL,INTRASTATE,TEXAS,0.0,0.0,0.0,0.0,0.0,0.0,0.0,0.0,14.5,0.0,0.0,0.1,,14.6
2/2/2026,2019.0,20200648.0,17902.0,15485.0,PHILLIPS 66 COMPANY - SWEENY REFINERY,Refined and/or Petroleum Product (non-HVL),INTRASTATE,TEXAS,0.0,0.0,0.0,0.0,35.36,0.0,3.11,4.17,32.7,0.04,0.16,0.37,,75.91
2/2/2026,2019.0,20200008.0,17192.0,15645.0,PLACID PIPELINE COMPANY LLC,Refined and/or Petroleum Product (non-HVL),INTRASTATE,LOUISIANA,,,,,5.0,,2.0,1.0,,,1.0,,,9.0
2/2/2026,2019.0,20200155.0,17378.0,15674.0,PLANTATION PIPE LINE CO,Refined and/or Petroleum Product (non-HVL),INTERSTATE,ALABAMA,0.0,0.0,0.0,0.0,11.33,294.32,158.84,128.31,0.14,12.04,5.9,1.54,,612.42
2/2/2026,2019.0,20200155.0,17378.0,15674.0,PLANTATION PIPE LINE CO,Refined and/or Petroleum Product (non-HVL),INTERSTATE,GEORGIA,0.0,0.0,0.0,0.0,84.02,157.62,281.37,93.07,34.49,7.74,3.69,1.18,,663.18
2/2/2026,2019.0,20200155.0,17378.0,15674.0,PLANTATION PIPE LINE CO,Refined and/or Petroleum Product (non-HVL),INTERSTATE,LOUISIANA,0.0,0.0,0.0,0.0,75.25,105.18,0.26,4.73,1.34,2.2,0.33,0.0,,189.29
2/2/2026,2019.0,20200155.0,17378.0,15674.0,PLANTATION PIPE LINE CO,Refined and/or Petroleum Product (non-HVL),INTERSTATE,MISSISSIPPI,0.0,0.0,0.0,0.0,16.38,329.58,120.0,266.72,0.26,1.1,1.48,0.31,,735.83
2/2/2026,2019.0,20200155.0,17378.0,15674.0,PLANTATION PIPE LINE CO,Refined and/or Petroleum Product (non-HVL),INTERSTATE,NORTH CAROLINA,0.0,0.0,0.0,0.0,0.0,106.94,100.26,100.21,4.49,1.68,4.67,1.58,,319.83
2/2/2026,2019.0,20200155.0,17378.0,15674.0,PLANTATION PIPE LINE CO,Refined and/or Petroleum Product (non-HVL),INTERSTATE,SOUTH CAROLINA,0.0,0.0,0.0,0.0,0.0,101.63,101.67,0.0,0.0,0.06,0.1,0.01,,203.47
2/2/2026,2019.0,20200155.0,17378.0,15674.0,PLANTATION PIPE LINE CO,Refined and/or Petroleum Product (non-HVL),INTERSTATE,TENNESSEE,0.0,0.0,0.0,0.0,99.61,0.5,1.09,0.32,0.65,1.89,0.84,0.14,,105.04
2/2/2026,2019.0,20200155.0,17378.0,15674.0,PLANTATION PIPE LINE CO,Refined and/or Petroleum Product (non-HVL),INTERSTATE,VIRGINIA,0.0,0.0,0.0,0.0,0.0,0.0,304.01,4.1,15.29,11.43,2.6,5.73,,343.16
2/2/2026,2019.0,20200327.0,18011.0,15774.0,NORTH DAKOTA PIPELINE COMPANY LLC,Crude Oil,INTERSTATE,MINNESOTA,0.0,,0.0,0.0,0.0,0.0,75.5,0.0,0.0,0.0,0.0,0.0,,75.5
2/2/2026,2019.0,20200327.0,18011.0,15774.0,NORTH DAKOTA PIPELINE COMPANY LLC,Crude Oil,INTERSTATE,MONTANA,0.0,0.0,0.0,0.0,0.0,0.0,63.98,0.0,0.0,0.0,0.0,0.0,,63.98
2/2/2026,2019.0,20200327.0,18011.0,15774.0,NORTH DAKOTA PIPELINE COMPANY LLC,Crude Oil,INTERSTATE,NORTH DAKOTA,0.0,0.0,0.0,0.0,0.0,0.0,432.65,0.0,63.33,0.0,51.29,69.99,,617.26
2/2/2026,2019.0,20200680.0,17947.0,15786.0,PORTLAND PIPE LINE CORPORATION,Crude Oil,INTERSTATE,MAINE,0.0,0.0,0.0,0.0,0.0,71.0,72.0,0.0,0.0,1.0,0.0,0.0,,144.0
2/2/2026,2019.0,20200680.0,17947.0,15786.0,PORTLAND PIPE LINE CORPORATION,Crude Oil,INTERSTATE,NEW HAMPSHIRE,0.0,,0.0,0.0,0.0,37.5,33.5,0.0,0.0,0.0,0.0,0.0,,71.0
2/2/2026,2019.0,20200680.0,17947.0,15786.0,PORTLAND PIPE LINE CORPORATION,Crude Oil,INTERSTATE,VERMONT,0.0,,0.0,0.0,0.0,58.5,58.5,0.0,0.0,0.0,0.0,0.0,,117.0
2/2/2026,2019.0,20200291.0,17519.0,15825.0,EAGLE US 2 LLC,HVL,INTERSTATE,LOUISIANA,,,,,,,,35.0,,,,,,35.0
2/2/2026,2019.0,20200291.0,17519.0,15825.0,EAGLE US 2 LLC,HVL,INTERSTATE,TEXAS,,,,,,,,2.61,,,,,,2.61
2/2/2026,2019.0,20200301.0,17530.0,15851.0,"DELEK MARKETING AND SUPPLY, LP",Crude Oil,INTRASTATE,TEXAS,,,,,,,3.78,,,,,77.07,,80.85
2/2/2026,2019.0,20200302.0,17531.0,15851.0,"DELEK MARKETING AND SUPPLY, LP",Refined and/or Petroleum Product (non-HVL),INTRASTATE,TEXAS,,,,,,,,61.09,,86.64,,,,147.73
2/2/2026,2019.0,20200196.0,17419.0,15915.0,"PIPELINES OF PUERTO RICO INCD, THE",Refined and/or Petroleum Product (non-HVL),INTRASTATE,PUERTO RICO,,,,,,,8.5,,,,1.0,,,9.5
2/2/2026,2019.0,20200133.0,17356.0,15979.0,"ERGON TERMINALING, INC.",Crude Oil,INTERSTATE,OHIO,,,,,,,,37.0,,,,,,37.0
2/2/2026,2019.0,20200133.0,17356.0,15979.0,"ERGON TERMINALING, INC.",Crude Oil,INTERSTATE,WEST VIRGINIA,,0.0,0.0,0.0,0.0,0.0,0.0,1.0,0.0,0.0,0.0,0.0,,1.0
2/2/2026,2019.0,20200156.0,17379.0,18092.0,"SFPP, LP",Refined and/or Petroleum Product (non-HVL),INTERSTATE,ARIZONA,0.0,0.0,0.0,0.0,0.0,22.8,127.08,0.14,161.95,41.31,205.8,0.89,,559.97
2/2/2026,2019.0,20200156.0,17379.0,18092.0,"SFPP, LP",Refined and/or Petroleum Product (non-HVL),INTERSTATE,CALIFORNIA,0.0,0.0,0.0,0.0,0.0,146.58,31.38,66.48,248.35,20.26,83.71,5.69,,602.45
2/2/2026,2019.0,20200156.0,17379.0,18092.0,"SFPP, LP",Refined and/or Petroleum Product (non-HVL),INTERSTATE,NEVADA,0.0,0.0,0.0,0.0,0.0,56.72,0.15,0.0,8.46,8.93,3.81,0.13,,78.2
2/2/2026,2019.0,20200156.0,17379.0,18092.0,"SFPP, LP",Refined and/or Petroleum Product (non-HVL),INTERSTATE,NEW MEXICO,0.0,0.0,0.0,0.0,0.0,25.2,162.54,0.0,0.0,0.0,163.21,0.01,,350.96
2/2/2026,2019.0,20200156.0,17379.0,18092.0,"SFPP, LP",Refined and/or Petroleum Product (non-HVL),INTERSTATE,OREGON,0.0,0.0,0.0,0.0,0.0,0.0,118.99,3.6,0.73,2.42,1.97,0.03,,127.74
2/2/2026,2019.0,20200156.0,17379.0,18092.0,"SFPP, LP",Refined and/or Petroleum Product (non-HVL),INTERSTATE,TEXAS,0.0,0.0,0.0,0.0,0.0,18.08,16.96,0.3,0.0,1.75,31.99,0.03,,69.11
2/2/2026,2019.0,20200156.0,17379.0,18092.0,"SFPP, LP",Refined and/or Petroleum Product (non-HVL),INTRASTATE,CALIFORNIA,0.0,0.0,0.0,0.0,0.0,139.22,482.41,39.95,271.33,62.92,36.74,6.2,,1038.77
2/2/2026,2019.0,20200156.0,17379.0,18092.0,"SFPP, LP",Refined and/or Petroleum Product (non-HVL),INTRASTATE,NEVADA,0.0,,0.0,0.0,0.0,7.23,0.0,0.0,0.0,0.0,0.0,0.0,,7.23
2/2/2026,2019.0,20200156.0,17379.0,18092.0,"SFPP, LP",Refined and/or Petroleum Product (non-HVL),INTRASTATE,OREGON,0.0,,0.0,0.0,0.0,0.0,3.86,0.42,0.0,0.0,0.0,0.0,,4.28
2/2/2026,2019.0,20200156.0,17379.0,18092.0,"SFPP, LP",Refined and/or Petroleum Product (non-HVL),INTRASTATE,TEXAS,0.0,,0.0,0.0,0.0,0.0,5.64,0.0,0.0,0.0,0.0,0.0,,5.64
2/2/2026,2019.0,20200256.0,17480.0,18275.0,SHELL CHEMICAL CO,Crude Oil,INTRASTATE,ALABAMA,0.0,,0.0,0.0,0.0,0.0,0.0,0.0,6.3,0.0,0.0,0.0,,6.3
2/2/2026,2019.0,20200255.0,17479.0,18275.0,SHELL CHEMICAL CO,Refined and/or Petroleum Product (non-HVL),INTRASTATE,ALABAMA,,,,,,,,,6.3,,,,,6.3
2/2/2026,2019.0,20200173.0,17396.0,18386.0,BP OIL PIPELINE CO,Refined and/or Petroleum Product (non-HVL),INTERSTATE,KENTUCKY,0.0,0.0,0.0,0.0,0.0,0.0,0.0,0.0,0.0,1.0,0.0,0.0,,1.0
2/2/2026,2019.0,20200173.0,17396.0,18386.0,BP OIL PIPELINE CO,Refined and/or Petroleum Product (non-HVL),INTERSTATE,OHIO,0.0,0.0,0.0,18.4,0.0,62.3,5.2,2.6,0.7,2.3,0.2,0.2,,91.9
2/2/2026,2019.0,20200173.0,17396.0,18386.0,BP OIL PIPELINE CO,Refined and/or Petroleum Product (non-HVL),INTRASTATE,OHIO,0.0,0.0,0.0,0.0,0.0,0.0,5.3,4.9,3.8,0.4,1.0,0.0,,15.4
2/2/2026,2019.0,20200124.0,17347.0,18667.0,FREEPORT-MCMORAN OIL & GAS,Crude Oil,INTERSTATE,CALIFORNIA,,,,,,,,,61.74,,,,,61.74
2/2/2026,2019.0,20200124.0,17347.0,18667.0,FREEPORT-MCMORAN OIL & GAS,Crude Oil,INTERSTATE,OCS-Pacific,,,,,,,,,10.49,,,,,10.49
2/2/2026,2019.0,20200114.0,17336.0,18678.0,ST LOUIS PIPELINE OPERATING LLC,Refined and/or Petroleum Product (non-HVL),INTERSTATE,ILLINOIS,,,,,,,,,4.264,0.5,1.36,0.38,,6.504
2/2/2026,2019.0,20200114.0,17336.0,18678.0,ST LOUIS PIPELINE OPERATING LLC,Refined and/or Petroleum Product (non-HVL),INTERSTATE,MISSOURI,,,,,,,,,7.845,0.5,6.97,0.0,,15.315
2/2/2026,2019.0,20200388.0,17626.0,18718.0,SUNOCO PIPELINE L.P.,Crude Oil,INTERSTATE,LOUISIANA,,,,,,,,,,,,0.7,,0.7
2/2/2026,2019.0,20200388.0,17626.0,18718.0,SUNOCO PIPELINE L.P.,Crude Oil,INTERSTATE,MICHIGAN,0.1,,,,,,113.0,0.3,2.0,2.1,,,,117.5
2/2/2026,2019.0,20200388.0,17626.0,18718.0,SUNOCO PIPELINE L.P.,Crude Oil,INTERSTATE,NEW MEXICO,,,,,,,,,,,,25.0,,25.0
2/2/2026,2019.0,20200388.0,17626.0,18718.0,SUNOCO PIPELINE L.P.,Crude Oil,INTERSTATE,OHIO,,,,,,,10.5,0.1,,,,,,10.6
2/2/2026,2019.0,20200388.0,17626.0,18718.0,SUNOCO PIPELINE L.P.,Crude Oil,INTERSTATE,OKLAHOMA,,,,,,,,,,,,149.5,,149.5
2/2/2026,2019.0,20200388.0,17626.0,18718.0,SUNOCO PIPELINE L.P.,Crude Oil,INTERSTATE,PENNSYLVANIA,4.4,,,,4.0,,,,,,2.1,,,10.5
2/2/2026,2019.0,20200388.0,17626.0,18718.0,SUNOCO PIPELINE L.P.,Crude Oil,INTERSTATE,TEXAS,217.1,,446.5,194.7,,,,25.1,,,22.1,120.4,,1025.9
2/2/2026,2019.0,20200388.0,17626.0,18718.0,SUNOCO PIPELINE L.P.,Crude Oil,INTRASTATE,OKLAHOMA,323.6,,44.4,36.4,31.3,30.9,51.8,,0.0,0.0,0.3,3.2,,521.9
2/2/2026,2019.0,20200388.0,17626.0,18718.0,SUNOCO PIPELINE L.P.,Crude Oil,INTRASTATE,TEXAS,749.1,5.4,62.7,259.3,140.8,120.2,6.4,33.2,51.4,45.0,1.4,17.4,,1492.3
2/2/2026,2019.0,20200387.0,22530.0,18718.0,SUNOCO PIPELINE L.P.,HVL,INTERSTATE,DELAWARE,,,,,,,1.1,,,0.2,,,,1.3
2/2/2026,2019.0,20200387.0,22530.0,18718.0,SUNOCO PIPELINE L.P.,HVL,INTERSTATE,MICHIGAN,4.8,,,37.5,1.2,111.1,0.4,0.5,0.8,1.4,0.3,7.1,,165.1
2/2/2026,2019.0,20200387.0,22530.0,18718.0,SUNOCO PIPELINE L.P.,HVL,INTERSTATE,NEW JERSEY,,,,,,,9.2,,,2.8,,,,12.0
2/2/2026,2019.0,20200387.0,22530.0,18718.0,SUNOCO PIPELINE L.P.,HVL,INTERSTATE,OHIO,9.5,,,4.8,10.7,121.2,61.2,6.2,15.2,1.6,1.1,30.8,,262.3
2/2/2026,2019.0,20200387.0,22530.0,18718.0,SUNOCO PIPELINE L.P.,HVL,INTERSTATE,PENNSYLVANIA,7.0,0.0,0.0,221.9,1.7,7.0,22.1,3.6,1.4,15.7,9.7,419.2,,709.3
2/2/2026,2019.0,20200387.0,22530.0,18718.0,SUNOCO PIPELINE L.P.,HVL,INTERSTATE,WEST VIRGINIA,,,,,,,,,,,,10.2,,10.2
2/2/2026,2019.0,20200387.0,22530.0,18718.0,SUNOCO PIPELINE L.P.,HVL,INTRASTATE,TEXAS,9.1,,,,44.2,,0.2,0.7,2.0,4.1,0.7,1.6,,62.6
2/2/2026,2019.0,20200389.0,22525.0,18718.0,SUNOCO PIPELINE L.P.,Refined and/or Petroleum Product (non-HVL),INTERSTATE,DELAWARE,1.1,,0.0,0.0,0.0,0.0,2.2,0.0,0.0,0.4,0.0,0.0,,3.7
2/2/2026,2019.0,20200389.0,22525.0,18718.0,SUNOCO PIPELINE L.P.,Refined and/or Petroleum Product (non-HVL),INTERSTATE,MICHIGAN,15.4,0.0,0.0,0.0,7.3,40.2,0.0,0.3,2.9,0.8,0.6,0.2,,67.7
2/2/2026,2019.0,20200389.0,22525.0,18718.0,SUNOCO PIPELINE L.P.,Refined and/or Petroleum Product (non-HVL),INTERSTATE,NEW JERSEY,5.3,0.0,0.0,0.0,0.0,42.5,20.4,0.5,19.3,11.3,0.4,0.5,,100.2
2/2/2026,2019.0,20200389.0,22525.0,18718.0,SUNOCO PIPELINE L.P.,Refined and/or Petroleum Product (non-HVL),INTERSTATE,NEW YORK,88.6,0.0,0.0,135.5,0.1,11.3,0.7,2.5,0.1,9.6,0.7,0.0,,249.1
2/2/2026,2019.0,20200389.0,22525.0,18718.0,SUNOCO PIPELINE L.P.,Refined and/or Petroleum Product (non-HVL),INTERSTATE,OHIO,85.7,0.0,0.0,9.5,4.2,23.8,9.4,23.8,,0.1,0.3,141.3,,298.1
2/2/2026,2019.0,20200389.0,22525.0,18718.0,SUNOCO PIPELINE L.P.,Refined and/or Petroleum Product (non-HVL),INTERSTATE,PENNSYLVANIA,161.0,0.0,0.0,202.9,17.0,100.1,122.0,9.9,6.6,30.2,5.7,24.9,,680.3
2/2/2026,2019.0,20200389.0,22525.0,18718.0,SUNOCO PIPELINE L.P.,Refined and/or Petroleum Product (non-HVL),INTRASTATE,MASSACHUSETTS,0.0,,0.0,0.0,0.0,0.0,0.0,0.4,0.0,0.0,0.0,0.4,,0.8
2/2/2026,2019.0,20200389.0,22525.0,18718.0,SUNOCO PIPELINE L.P.,Refined and/or Petroleum Product (non-HVL),INTRASTATE,TEXAS,362.5,,,,285.3,18.6,0.3,175.1,35.3,0.3,0.0,3.0,,880.4
2/2/2026,2019.0,20200506.0,17750.0,19319.0,"TPC GROUP, LLC",HVL,INTRASTATE,LOUISIANA,0.0,0.0,0.0,0.0,0.0,1.871,0.0,0.0,0.0,0.0,0.0,0.0,,1.871
2/2/2026,2019.0,20200506.0,17750.0,19319.0,"TPC GROUP, LLC",HVL,INTRASTATE,TEXAS,0.0,0.0,0.0,19.768,0.824,0.0,42.513,33.681,0.603,11.039,6.483,1.83,,116.741
2/2/2026,2019.0,20200507.0,17751.0,19319.0,"TPC GROUP, LLC",Refined and/or Petroleum Product (non-HVL),INTRASTATE,LOUISIANA,0.0,0.0,0.0,0.0,0.0,0.684,0.0,0.0,0.0,0.0,0.0,0.0,,0.684
2/2/2026,2019.0,20200507.0,17751.0,19319.0,"TPC GROUP, LLC",Refined and/or Petroleum Product (non-HVL),INTRASTATE,TEXAS,0.0,0.0,0.0,0.0,12.541,0.0,3.561,0.0,0.597,3.314,0.0,0.608,,20.621
2/2/2026,2019.0,20200236.0,17460.0,19410.0,THUMS LONG BEACH CO,Crude Oil,INTRASTATE,CALIFORNIA,,,,,,,10.85,0.11,1.6,1.81,,0.27,,14.64
2/2/2026,2019.0,20200483.0,17725.0,19481.0,T & M TERMINAL CO,Refined and/or Petroleum Product (non-HVL),INTERSTATE,MISSISSIPPI,0.0,0.0,0.0,0.0,0.0,0.0,0.0,1.46,0.0,0.0,0.0,0.0,,1.46
2/2/2026,2019.0,20200289.0,17517.0,19585.0,TRANS MOUNTAIN PIPELINE (PUGET SOUND) LLC,Crude Oil,INTERSTATE,WASHINGTON,0.0,0.0,0.0,0.0,0.0,64.0,0.0,0.0,0.0,0.0,0.0,0.0,,64.0
2/2/2026,2019.0,20200058.0,17269.0,19892.0,UCAR PIPELINE INCORPORATED,HVL,INTRASTATE,LOUISIANA,0.0,0.0,0.0,0.0,0.0,0.0,39.54,0.28,1.43,0.0,25.24,3.37,,69.86
2/2/2026,2019.0,20200010.0,17194.0,20046.0,UNION CARBIDE CHEMICALS & PLASTICS CO INC,HVL,INTRASTATE,WEST VIRGINIA,,,,,,,,,5.1,2.0,,,,7.1
2/2/2026,2019.0,20200136.0,17359.0,20202.0,ULTRAMAR INC,Crude Oil,INTRASTATE,CALIFORNIA,,,,,,,,1.93,2.31,0.06,,,,4.3
2/2/2026,2019.0,20200140.0,17363.0,20202.0,ULTRAMAR INC,HVL,INTRASTATE,CALIFORNIA,,,,,,,,,7.62,,,,,7.62
2/2/2026,2019.0,20200579.0,18038.0,20202.0,ULTRAMAR INC,Refined and/or Petroleum Product (non-HVL),INTRASTATE,CALIFORNIA,,,,,,,,13.92,9.17,1.3,1.04,,,25.43
2/2/2026,2019.0,20200504.0,17748.0,21359.0,SASOL CHEMICALS USA LLC,Refined and/or Petroleum Product (non-HVL),INTRASTATE,LOUISIANA,0.0,0.0,0.0,0.0,0.0,0.0,5.924,1.92,4.857,0.0,0.0,0.0,,12.701
2/2/2026,2019.0,20200584.0,17831.0,22430.0,WEST SHORE PIPELINE CO,Crude Oil,INTERSTATE,ILLINOIS,0.0,0.0,0.0,0.0,0.0,3.483,0.01,0.0,0.0,0.0,0.0,0.089,,3.582
2/2/2026,2019.0,20200585.0,17832.0,22430.0,WEST SHORE PIPELINE CO,Refined and/or Petroleum Product (non-HVL),INTERSTATE,ILLINOIS,0.0,0.0,0.0,0.0,0.0,139.756,168.529,68.987,2.656,3.035,0.226,0.774,,383.963
2/2/2026,2019.0,20200585.0,17832.0,22430.0,WEST SHORE PIPELINE CO,Refined and/or Petroleum Product (non-HVL),INTERSTATE,INDIANA,0.0,0.0,0.0,0.0,0.0,4.732,11.867,0.437,0.0,0.171,0.001,0.0,,17.208
2/2/2026,2019.0,20200585.0,17832.0,22430.0,WEST SHORE PIPELINE CO,Refined and/or Petroleum Product (non-HVL),INTERSTATE,WISCONSIN,0.0,0.0,0.0,0.0,0.0,40.674,161.45,0.518,0.897,0.336,0.0,0.779,,204.654
2/2/2026,2019.0,20200390.0,17628.0,22442.0,WEST TEXAS GULF PIPELINE CO,Crude Oil,INTERSTATE,TEXAS,266.0,,0.0,0.0,0.0,289.8,22.8,4.1,0.0,0.3,0.3,0.4,,583.7
2/2/2026,2019.0,20200593.0,17840.0,22610.0,"MAGELLAN PIPELINE COMPANY, LP",Crude Oil,INTERSTATE,COLORADO,,,,,,,,,,,,210.91,,210.91
2/2/2026,2019.0,20200593.0,17840.0,22610.0,"MAGELLAN PIPELINE COMPANY, LP",Crude Oil,INTERSTATE,KANSAS,,,,,,,56.5,1.68,0.0,19.92,0.0,285.08,,363.18
2/2/2026,2019.0,20200593.0,17840.0,22610.0,"MAGELLAN PIPELINE COMPANY, LP",Crude Oil,INTERSTATE,OKLAHOMA,0.01,,,,,,74.69,56.36,0.57,0.23,2.02,99.59,,233.47
2/2/2026,2019.0,20200593.0,17840.0,22610.0,"MAGELLAN PIPELINE COMPANY, LP",Crude Oil,INTERSTATE,TEXAS,,,,,,,,,,,,408.37,,408.37
2/2/2026,2019.0,20200593.0,17840.0,22610.0,"MAGELLAN PIPELINE COMPANY, LP",Crude Oil,INTERSTATE,WYOMING,,,,,,,,,,,,9.94,,9.94
2/2/2026,2019.0,20200593.0,17840.0,22610.0,"MAGELLAN PIPELINE COMPANY, LP",Crude Oil,INTRASTATE,OKLAHOMA,,,,,21.65,45.36,,,,0.66,0.3,0.7,,68.67
2/2/2026,2019.0,20200592.0,17839.0,22610.0,"MAGELLAN PIPELINE COMPANY, LP",HVL,INTERSTATE,ILLINOIS,,,,,,62.46,0.01,0.25,0.05,0.13,0.1,0.12,,63.12
2/2/2026,2019.0,20200592.0,17839.0,22610.0,"MAGELLAN PIPELINE COMPANY, LP",HVL,INTERSTATE,IOWA,,,,91.9,74.69,138.71,124.48,0.77,0.56,6.8,0.68,0.59,,439.18
2/2/2026,2019.0,20200592.0,17839.0,22610.0,"MAGELLAN PIPELINE COMPANY, LP",HVL,INTERSTATE,KANSAS,,,,,,2.43,0.38,0.71,0.12,,0.39,0.77,,4.8
2/2/2026,2019.0,20200592.0,17839.0,22610.0,"MAGELLAN PIPELINE COMPANY, LP",HVL,INTERSTATE,MINNESOTA,,,,,,,,,,,,0.04,,0.04
2/2/2026,2019.0,20200592.0,17839.0,22610.0,"MAGELLAN PIPELINE COMPANY, LP",HVL,INTERSTATE,MISSOURI,,,,,,101.11,0.44,3.36,0.48,2.91,17.05,0.55,,125.9
2/2/2026,2019.0,20200592.0,17839.0,22610.0,"MAGELLAN PIPELINE COMPANY, LP",HVL,INTERSTATE,SOUTH DAKOTA,,,,,19.95,,,,0.57,0.11,0.09,,,20.72
2/2/2026,2019.0,20200594.0,17841.0,22610.0,"MAGELLAN PIPELINE COMPANY, LP",Refined and/or Petroleum Product (non-HVL),INTERSTATE,ARKANSAS,,,,,,2.28,,,128.94,34.48,,57.21,,222.91
2/2/2026,2019.0,20200594.0,17841.0,22610.0,"MAGELLAN PIPELINE COMPANY, LP",Refined and/or Petroleum Product (non-HVL),INTERSTATE,COLORADO,,,,,77.37,,83.8,160.12,0.78,21.28,5.4,9.77,,358.52
2/2/2026,2019.0,20200594.0,17841.0,22610.0,"MAGELLAN PIPELINE COMPANY, LP",Refined and/or Petroleum Product (non-HVL),INTERSTATE,ILLINOIS,,,,39.86,87.16,131.53,0.18,2.19,0.67,1.24,1.04,0.36,,264.23
2/2/2026,2019.0,20200594.0,17841.0,22610.0,"MAGELLAN PIPELINE COMPANY, LP",Refined and/or Petroleum Product (non-HVL),INTERSTATE,IOWA,,,,24.65,0.34,400.16,247.53,162.69,2.03,14.62,1.85,1.06,,854.93
2/2/2026,2019.0,20200594.0,17841.0,22610.0,"MAGELLAN PIPELINE COMPANY, LP",Refined and/or Petroleum Product (non-HVL),INTERSTATE,KANSAS,3.89,,36.85,14.45,276.95,612.88,233.63,623.2,9.86,66.39,44.88,18.41,,1941.39
2/2/2026,2019.0,20200594.0,17841.0,22610.0,"MAGELLAN PIPELINE COMPANY, LP",Refined and/or Petroleum Product (non-HVL),INTERSTATE,MINNESOTA,,,,1.34,210.1,541.13,149.22,100.71,18.19,7.87,7.04,2.86,,1038.46
2/2/2026,2019.0,20200594.0,17841.0,22610.0,"MAGELLAN PIPELINE COMPANY, LP",Refined and/or Petroleum Product (non-HVL),INTERSTATE,MISSOURI,,,27.04,62.98,66.34,103.02,207.2,65.4,0.53,7.15,3.38,2.05,,545.09
2/2/2026,2019.0,20200594.0,17841.0,22610.0,"MAGELLAN PIPELINE COMPANY, LP",Refined and/or Petroleum Product (non-HVL),INTERSTATE,NEBRASKA,,,,9.71,64.6,264.55,4.75,16.62,0.65,3.49,2.82,0.79,,367.98
2/2/2026,2019.0,20200594.0,17841.0,22610.0,"MAGELLAN PIPELINE COMPANY, LP",Refined and/or Petroleum Product (non-HVL),INTERSTATE,NEW MEXICO,,,,,,220.29,4.6,1.17,4.14,,,17.46,,247.66
2/2/2026,2019.0,20200594.0,17841.0,22610.0,"MAGELLAN PIPELINE COMPANY, LP",Refined and/or Petroleum Product (non-HVL),INTERSTATE,NORTH DAKOTA,0.0,,0.0,0.0,75.11,4.11,1.76,2.5,0.67,1.28,0.51,1.36,,87.3
2/2/2026,2019.0,20200594.0,17841.0,22610.0,"MAGELLAN PIPELINE COMPANY, LP",Refined and/or Petroleum Product (non-HVL),INTERSTATE,OKLAHOMA,4.98,,66.7,44.88,34.35,609.32,26.95,69.68,16.25,105.59,34.63,2.83,,1016.16
2/2/2026,2019.0,20200594.0,17841.0,22610.0,"MAGELLAN PIPELINE COMPANY, LP",Refined and/or Petroleum Product (non-HVL),INTERSTATE,SOUTH DAKOTA,,,,,57.86,2.12,97.53,19.37,0.15,5.4,2.13,0.12,,184.68
2/2/2026,2019.0,20200594.0,17841.0,22610.0,"MAGELLAN PIPELINE COMPANY, LP",Refined and/or Petroleum Product (non-HVL),INTERSTATE,TEXAS,,,,30.74,284.91,769.58,22.44,6.6,44.1,287.49,135.84,116.69,,1698.39
2/2/2026,2019.0,20200594.0,17841.0,22610.0,"MAGELLAN PIPELINE COMPANY, LP",Refined and/or Petroleum Product (non-HVL),INTERSTATE,WISCONSIN,,,,,,89.67,79.2,0.07,0.44,2.59,,,,171.97
2/2/2026,2019.0,20200594.0,17841.0,22610.0,"MAGELLAN PIPELINE COMPANY, LP",Refined and/or Petroleum Product (non-HVL),INTERSTATE,WYOMING,,,,,178.36,,93.14,0.02,0.08,0.06,,,,271.66
2/2/2026,2019.0,20200594.0,17841.0,22610.0,"MAGELLAN PIPELINE COMPANY, LP",Refined and/or Petroleum Product (non-HVL),INTRASTATE,TEXAS,2.92,,,,,,,,0.98,,8.28,157.71,,169.89
2/2/2026,2019.0,20200611.0,17859.0,22830.0,WOLVERINE PIPELINE CO,Refined and/or Petroleum Product (non-HVL),INTERSTATE,ILLINOIS,0.0,,0.0,0.0,0.0,0.0,34.226,56.731,0.0,0.861,0.222,0.598,,92.638
2/2/2026,2019.0,20200611.0,17859.0,22830.0,WOLVERINE PIPELINE CO,Refined and/or Petroleum Product (non-HVL),INTERSTATE,INDIANA,0.0,,0.0,0.0,0.0,56.317,15.484,79.263,2.618,0.047,4.344,5.437,,163.51
2/2/2026,2019.0,20200611.0,17859.0,22830.0,WOLVERINE PIPELINE CO,Refined and/or Petroleum Product (non-HVL),INTERSTATE,MICHIGAN,0.0,0.0,0.0,79.935,9.977,181.486,95.617,166.795,77.615,6.266,34.685,36.287,,688.663
2/2/2026,2019.0,20200658.0,17912.0,22855.0,"FLINT HILLS RESOURCES, LC",Crude Oil,INTERSTATE,ILLINOIS,0.0,,0.0,0.0,0.0,0.0,0.0,0.0,4.73,0.0,0.31,0.0,,5.04
2/2/2026,2019.0,20200658.0,17912.0,22855.0,"FLINT HILLS RESOURCES, LC",Crude Oil,INTERSTATE,IOWA,0.0,,0.0,0.0,0.0,0.0,0.0,0.0,192.0,0.0,0.0,0.0,,192.0
2/2/2026,2019.0,20200658.0,17912.0,22855.0,"FLINT HILLS RESOURCES, LC",Crude Oil,INTERSTATE,MINNESOTA,0.0,,0.0,0.0,0.0,257.54,0.0,112.82,312.13,0.0,304.54,0.0,,987.03
2/2/2026,2019.0,20200658.0,17912.0,22855.0,"FLINT HILLS RESOURCES, LC",Crude Oil,INTERSTATE,MISSOURI,0.0,,0.0,0.0,0.0,0.0,0.0,0.0,236.2,13.82,0.0,0.0,,250.02
2/2/2026,2019.0,20200658.0,17912.0,22855.0,"FLINT HILLS RESOURCES, LC",Crude Oil,INTRASTATE,TEXAS,0.0,,0.0,17.0,107.6,52.84,0.0,28.45,207.99,62.89,12.29,153.94,,643.0
2/2/2026,2019.0,20200660.0,17914.0,22855.0,"FLINT HILLS RESOURCES, LC",HVL,INTERSTATE,MINNESOTA,,,,,,,16.47,,,,,,,16.47
2/2/2026,2019.0,20200660.0,17914.0,22855.0,"FLINT HILLS RESOURCES, LC",HVL,INTERSTATE,WISCONSIN,,,,,,,153.98,,,,,,,153.98
2/2/2026,2019.0,20200660.0,17914.0,22855.0,"FLINT HILLS RESOURCES, LC",HVL,INTRASTATE,TEXAS,,0.0,0.0,171.1,1.98,5.94,9.62,16.58,140.57,48.26,10.06,15.23,,419.34
2/2/2026,2019.0,20200659.0,17913.0,22855.0,"FLINT HILLS RESOURCES, LC",Refined and/or Petroleum Product (non-HVL),INTERSTATE,IOWA,,,,,,,,25.34,,,,,,25.34
2/2/2026,2019.0,20200659.0,17913.0,22855.0,"FLINT HILLS RESOURCES, LC",Refined and/or Petroleum Product (non-HVL),INTERSTATE,MINNESOTA,,,,,,,,97.75,15.98,,,,,113.73
2/2/2026,2019.0,20200659.0,17913.0,22855.0,"FLINT HILLS RESOURCES, LC",Refined and/or Petroleum Product (non-HVL),INTERSTATE,WISCONSIN,,,,,,,,,351.26,11.61,,,,362.87
2/2/2026,2019.0,20200659.0,17913.0,22855.0,"FLINT HILLS RESOURCES, LC",Refined and/or Petroleum Product (non-HVL),INTRASTATE,MINNESOTA,,,,,,,,,12.91,,,,,12.91
2/2/2026,2019.0,20200659.0,17913.0,22855.0,"FLINT HILLS RESOURCES, LC",Refined and/or Petroleum Product (non-HVL),INTRASTATE,TEXAS,0.0,,0.0,6.26,1.38,12.1,0.0,1.42,446.49,334.24,4.58,2.05,,808.52
2/2/2026,2019.0,20200220.0,17444.0,25146.0,"EQUISTAR CHEMICALS, L.P.",Crude Oil,INTRASTATE,TEXAS,,,,,,0.1,,33.67,,,,,,33.77
2/2/2026,2019.0,20200222.0,17446.0,25146.0,"EQUISTAR CHEMICALS, L.P.",HVL,INTERSTATE,LOUISIANA,0.0,0.0,0.0,0.0,0.0,0.0,0.0,0.0,26.83,0.0,5.64,0.0,,32.47
2/2/2026,2019.0,20200222.0,17446.0,25146.0,"EQUISTAR CHEMICALS, L.P.",HVL,INTERSTATE,TEXAS,0.0,0.0,0.0,0.0,0.0,0.0,0.0,0.0,0.0,0.0,3.33,0.0,,3.33
2/2/2026,2019.0,20200222.0,17446.0,25146.0,"EQUISTAR CHEMICALS, L.P.",HVL,INTRASTATE,TEXAS,0.0,0.0,0.0,0.0,0.0,48.53,166.67,761.105,158.03,153.937,5.987,2.1,,1296.359
2/2/2026,2019.0,20200221.0,17445.0,25146.0,"EQUISTAR CHEMICALS, L.P.",Refined and/or Petroleum Product (non-HVL),INTRASTATE,TEXAS,0.0,0.0,0.0,0.0,0.0,0.01,0.0,41.71,0.0,72.18,0.0,0.0,,113.9
2/2/2026,2019.0,20200435.0,17674.0,26026.0,"MARKWEST RANGER PIPELINE COMPANY, L.L.C.",HVL,INTERSTATE,KENTUCKY,,,,,,37.04,,,,,4.17,36.69,,77.9
2/2/2026,2019.0,20200435.0,17674.0,26026.0,"MARKWEST RANGER PIPELINE COMPANY, L.L.C.",HVL,INTERSTATE,WEST VIRGINIA,,,,,,,,39.74,,,22.11,,,61.85
2/2/2026,2019.0,20200224.0,17448.0,26039.0,FLORIDA POWER & LIGHT CO,Refined and/or Petroleum Product (non-HVL),INTRASTATE,FLORIDA,,,,,,,,52.334,,,,,,52.334
2/2/2026,2019.0,20200379.0,17617.0,26041.0,"KINDER MORGAN LIQUID TERMINALS, LLC",HVL,INTRASTATE,TEXAS,0.0,0.0,0.0,0.0,0.0,0.0,0.0,0.0,0.0,0.0,0.72,0.0,,0.72
2/2/2026,2019.0,20200377.0,21588.0,26041.0,"KINDER MORGAN LIQUID TERMINALS, LLC",Refined and/or Petroleum Product (non-HVL),INTERSTATE,ILLINOIS,,,,,,7.1,,,,,2.32,0.02,,9.44
2/2/2026,2019.0,20200377.0,21588.0,26041.0,"KINDER MORGAN LIQUID TERMINALS, LLC",Refined and/or Petroleum Product (non-HVL),INTRASTATE,LOUISIANA,0.0,0.0,0.0,0.0,0.0,0.0,0.0,0.0,0.0,10.54,0.0,2.11,,12.65
2/2/2026,2019.0,20200377.0,21588.0,26041.0,"KINDER MORGAN LIQUID TERMINALS, LLC",Refined and/or Petroleum Product (non-HVL),INTRASTATE,NEW JERSEY,0.0,0.0,0.0,0.0,0.0,3.28,0.0,1.15,2.1,0.0,1.85,0.75,,9.13
2/2/2026,2019.0,20200377.0,21588.0,26041.0,"KINDER MORGAN LIQUID TERMINALS, LLC",Refined and/or Petroleum Product (non-HVL),INTRASTATE,NORTH CAROLINA,0.0,0.0,0.0,0.0,0.0,0.0,0.0,27.939,0.0,0.734,0.0,0.0,,28.673
2/2/2026,2019.0,20200377.0,21588.0,26041.0,"KINDER MORGAN LIQUID TERMINALS, LLC",Refined and/or Petroleum Product (non-HVL),INTRASTATE,TEXAS,0.0,0.0,0.0,0.0,0.0,0.0,0.0,7.04,6.75,3.36,8.48,8.8,,34.43
2/2/2026,2019.0,20200078.0,17290.0,26045.0,"PAR HAWAII REFINING, LLC",Refined and/or Petroleum Product (non-HVL),INTRASTATE,HAWAII,,,,,,,,24.0,,,,,,24.0
2/2/2026,2019.0,20200194.0,17417.0,26048.0,HUNT REFINING CO,Refined and/or Petroleum Product (non-HVL),INTRASTATE,ALABAMA,0.0,0.0,0.0,0.0,0.0,0.0,0.0,0.0,23.72,0.0,23.72,0.0,,47.44
2/2/2026,2019.0,20200433.0,17672.0,26049.0,"COUNTRYMARK REFINING AND LOGISTICS, LLC",Crude Oil,INTERSTATE,ILLINOIS,0.0,0.0,0.0,0.0,12.91,0.0,0.0,0.04,0.1,22.0,60.8,51.59,,147.44
2/2/2026,2019.0,20200433.0,17672.0,26049.0,"COUNTRYMARK REFINING AND LOGISTICS, LLC",Crude Oil,INTERSTATE,INDIANA,0.0,0.0,0.0,0.0,10.0,8.8,0.0,1.1,0.2,12.7,4.2,1.5,,38.5
2/2/2026,2019.0,20200433.0,17672.0,26049.0,"COUNTRYMARK REFINING AND LOGISTICS, LLC",Crude Oil,INTERSTATE,KENTUCKY,0.0,0.0,0.0,0.0,0.0,0.0,0.0,0.0,0.0,0.5,0.0,0.0,,0.5
2/2/2026,2019.0,20200433.0,17672.0,26049.0,"COUNTRYMARK REFINING AND LOGISTICS, LLC",Crude Oil,INTRASTATE,ILLINOIS,,,,,,,,,,,,0.06,,0.06
2/2/2026,2019.0,20200433.0,17672.0,26049.0,"COUNTRYMARK REFINING AND LOGISTICS, LLC",Crude Oil,INTRASTATE,INDIANA,0.0,0.0,0.0,0.0,0.0,0.0,0.0,26.0,0.0,0.2,0.5,1.6,,28.3
2/2/2026,2019.0,20200434.0,17861.0,26049.0,"COUNTRYMARK REFINING AND LOGISTICS, LLC",Refined and/or Petroleum Product (non-HVL),INTRASTATE,INDIANA,0.0,0.0,0.0,0.0,0.0,216.12,0.2,0.0,17.6,3.0,6.6,3.58,,247.1
2/2/2026,2019.0,20200471.0,17712.0,26054.0,KEY WEST PIPELINE CO,Refined and/or Petroleum Product (non-HVL),INTRASTATE,FLORIDA,0.0,0.0,0.0,0.0,0.0,0.0,5.8,0.0,0.0,1.0,0.0,0.2,,7.0
2/2/2026,2019.0,20200303.0,17532.0,26061.0,"DELEK CRUDE LOGISTICS, LLC.",Crude Oil,INTERSTATE,OKLAHOMA,,,,,,,39.66,,,,,,,39.66
2/2/2026,2019.0,20200303.0,17532.0,26061.0,"DELEK CRUDE LOGISTICS, LLC.",Crude Oil,INTERSTATE,TEXAS,,,,,,,103.07,,,,,,,103.07
2/2/2026,2019.0,20200303.0,17532.0,26061.0,"DELEK CRUDE LOGISTICS, LLC.",Crude Oil,INTRASTATE,TEXAS,,,,149.77,67.84,0.53,32.54,11.31,10.37,13.08,1.23,2.5,,289.17
2/2/2026,2019.0,20200304.0,17533.0,26061.0,"DELEK CRUDE LOGISTICS, LLC.",Refined and/or Petroleum Product (non-HVL),INTRASTATE,TEXAS,,,,,,13.4,85.26,,19.3,,,,,117.96
2/2/2026,2019.0,20200653.0,17907.0,26065.0,CHS MCPHERSON REFINERY INC.,HVL,INTRASTATE,KANSAS,0.0,,0.0,0.0,0.0,12.8,0.0,0.0,0.0,0.0,0.0,0.2,,13.0
2/2/2026,2019.0,20200654.0,17908.0,26065.0,CHS MCPHERSON REFINERY INC.,Refined and/or Petroleum Product (non-HVL),INTRASTATE,KANSAS,0.0,,0.0,0.0,0.0,0.0,7.0,0.0,0.0,0.0,13.7,0.0,,20.7
2/2/2026,2019.0,20200339.0,17965.0,26085.0,"PLAINS MARKETING, L.P.",Crude Oil,INTERSTATE,ALABAMA,,,,,,,,2.11,,,0.03,0.18,,2.32
2/2/2026,2019.0,20200339.0,17965.0,26085.0,"PLAINS MARKETING, L.P.",Crude Oil,INTRASTATE,ALABAMA,,,,,,0.41,,5.36,,,11.05,,,16.82
2/2/2026,2019.0,20200339.0,17965.0,26085.0,"PLAINS MARKETING, L.P.",Crude Oil,INTRASTATE,CALIFORNIA,,,,,10.52,34.03,65.28,7.74,77.64,64.89,3.64,16.66,,280.4
2/2/2026,2019.0,20200339.0,17965.0,26085.0,"PLAINS MARKETING, L.P.",Crude Oil,INTRASTATE,LOUISIANA,,,,,3.9,21.42,11.63,2.9,,0.59,,,,40.44
2/2/2026,2019.0,20200339.0,17965.0,26085.0,"PLAINS MARKETING, L.P.",Crude Oil,INTRASTATE,NEW MEXICO,0.0,0.0,0.0,0.0,0.0,0.0,0.0,0.0,0.0,0.0,0.0,21.46,,21.46
2/2/2026,2019.0,20200339.0,17965.0,26085.0,"PLAINS MARKETING, L.P.",Crude Oil,INTRASTATE,OKLAHOMA,,,,,,,,,16.46,,1.98,,,18.44
2/2/2026,2019.0,20200339.0,17965.0,26085.0,"PLAINS MARKETING, L.P.",Crude Oil,INTRASTATE,TEXAS,,,12.34,0.99,,3.39,3.42,22.9,,1.68,9.48,0.45,,54.65
2/2/2026,2019.0,20200340.0,17570.0,26085.0,"PLAINS MARKETING, L.P.",HVL,INTERSTATE,MICHIGAN,0.0,0.0,0.0,0.0,0.0,0.0,0.0,0.55,0.0,0.0,0.0,0.0,,0.55
2/2/2026,2019.0,20200340.0,17570.0,26085.0,"PLAINS MARKETING, L.P.",HVL,INTERSTATE,SOUTH CAROLINA,0.0,0.0,0.0,0.0,0.0,0.0,0.0,62.64,0.0,0.0,0.0,0.04,,62.68
2/2/2026,2019.0,20200340.0,17570.0,26085.0,"PLAINS MARKETING, L.P.",HVL,INTRASTATE,ARIZONA,0.0,0.0,0.0,0.0,0.0,0.0,0.0,3.87,0.0,0.0,0.0,7.71,,11.58
2/2/2026,2019.0,20200061.0,17272.0,26086.0,SEADRIFT PIPELINE CORP,HVL,INTRASTATE,TEXAS,65.76,0.0,0.0,0.0,0.0,137.95,539.52,175.31,11.1,5.08,51.11,5.11,,990.94
2/2/2026,2019.0,20200635.0,18037.0,26094.0,NUSTAR TERMINALS OPERATIONS PARTNERSHIP L. P.,Refined and/or Petroleum Product (non-HVL),INTERSTATE,MARYLAND,0.0,0.0,0.0,0.0,0.0,0.0,7.4,0.0,0.0,0.0,0.0,1.1,,8.5
2/2/2026,2019.0,20200635.0,18037.0,26094.0,NUSTAR TERMINALS OPERATIONS PARTNERSHIP L. P.,Refined and/or Petroleum Product (non-HVL),INTERSTATE,NEW JERSEY,,,,,,,,1.6,,,,,,1.6
2/2/2026,2019.0,20200635.0,18037.0,26094.0,NUSTAR TERMINALS OPERATIONS PARTNERSHIP L. P.,Refined and/or Petroleum Product (non-HVL),INTERSTATE,NEW YORK,0.0,,0.0,0.0,0.0,0.0,0.0,0.15,0.0,0.0,0.0,0.0,,0.15
2/2/2026,2019.0,20200635.0,18037.0,26094.0,NUSTAR TERMINALS OPERATIONS PARTNERSHIP L. P.,Refined and/or Petroleum Product (non-HVL),INTERSTATE,WASHINGTON DC,0.0,0.0,0.0,0.0,0.0,0.0,2.8,0.0,0.0,0.0,0.0,0.0,,2.8
2/2/2026,2019.0,20200635.0,18037.0,26094.0,NUSTAR TERMINALS OPERATIONS PARTNERSHIP L. P.,Refined and/or Petroleum Product (non-HVL),INTRASTATE,CALIFORNIA,0.0,,0.0,0.0,0.0,6.5,0.0,0.0,1.0,0.0,0.0,0.0,,7.5
2/2/2026,2019.0,20200635.0,18037.0,26094.0,NUSTAR TERMINALS OPERATIONS PARTNERSHIP L. P.,Refined and/or Petroleum Product (non-HVL),INTRASTATE,NEW JERSEY,0.0,0.0,0.0,0.0,0.0,0.0,0.0,0.0,1.1,0.0,4.2,0.0,,5.3
2/2/2026,2019.0,20200635.0,18037.0,26094.0,NUSTAR TERMINALS OPERATIONS PARTNERSHIP L. P.,Refined and/or Petroleum Product (non-HVL),INTRASTATE,OREGON,0.0,0.0,0.0,0.0,0.0,0.0,0.2,0.3,0.0,0.0,0.0,0.2,,0.7
2/2/2026,2019.0,20200635.0,18037.0,26094.0,NUSTAR TERMINALS OPERATIONS PARTNERSHIP L. P.,Refined and/or Petroleum Product (non-HVL),INTRASTATE,VIRGINIA,6.42,0.0,0.0,0.0,0.0,0.0,0.0,0.0,0.0,2.73,0.02,0.01,,9.18
2/2/2026,2019.0,20200463.0,17703.0,26099.0,TAMPA BAY PIPELINE CO.,HVL,INTRASTATE,FLORIDA,,,0.0,0.0,0.0,0.0,0.0,37.7,27.86,1.17,19.21,3.16,,89.1
2/2/2026,2019.0,20200244.0,17468.0,26103.0,"TEXAS EASTMAN DIVISION, EASTMAN CHEMICAL CO",HVL,INTRASTATE,TEXAS,0.0,0.0,0.0,0.0,0.0,0.0,250.0,0.0,218.1,0.0,0.8,1.6,,470.5
2/2/2026,2019.0,20200422.0,17661.0,26112.0,VALERO REFINING-TEXAS L.P.,Crude Oil,INTRASTATE,TEXAS,,,,,,,,,2.54,,3.07,,,5.61
2/2/2026,2019.0,20200423.0,17662.0,26112.0,VALERO REFINING-TEXAS L.P.,HVL,INTRASTATE,TEXAS,,,,,,,,1.57,7.65,,4.07,,,13.29
2/2/2026,2019.0,20200424.0,17663.0,26112.0,VALERO REFINING-TEXAS L.P.,Refined and/or Petroleum Product (non-HVL),INTRASTATE,TEXAS,,,,,,,,3.36,5.26,,22.98,,,31.6
2/2/2026,2019.0,20200484.0,17726.0,26120.0,COLLINS PIPELINE CO,Refined and/or Petroleum Product (non-HVL),INTERSTATE,LOUISIANA,0.0,0.0,0.0,0.0,0.0,0.0,0.0,48.01,0.002,0.0,0.0,0.0,,48.012
2/2/2026,2019.0,20200484.0,17726.0,26120.0,COLLINS PIPELINE CO,Refined and/or Petroleum Product (non-HVL),INTERSTATE,MISSISSIPPI,0.0,0.0,0.0,0.0,0.0,0.0,0.0,76.5,0.0,0.0,0.0,0.0,,76.5
2/2/2026,2019.0,20200145.0,17368.0,26125.0,CALNEV PIPELINE CO,Refined and/or Petroleum Product (non-HVL),INTERSTATE,CALIFORNIA,0.0,0.0,0.0,0.0,0.0,0.0,187.41,191.05,7.01,0.0,3.01,0.66,,389.14
2/2/2026,2019.0,20200145.0,17368.0,26125.0,CALNEV PIPELINE CO,Refined and/or Petroleum Product (non-HVL),INTERSTATE,NEVADA,0.0,0.0,0.0,0.0,0.0,0.0,51.65,41.88,0.46,15.66,6.08,0.02,,115.75
2/2/2026,2019.0,20200145.0,17368.0,26125.0,CALNEV PIPELINE CO,Refined and/or Petroleum Product (non-HVL),INTRASTATE,CALIFORNIA,0.0,0.0,0.0,0.0,0.0,0.0,0.11,2.37,50.93,3.09,3.92,0.03,,60.45
2/2/2026,2019.0,20200145.0,17368.0,26125.0,CALNEV PIPELINE CO,Refined and/or Petroleum Product (non-HVL),INTRASTATE,NEVADA,0.0,0.0,0.0,0.0,0.0,0.0,0.62,0.0,0.0,0.0,0.0,0.0,,0.62
2/2/2026,2019.0,20200051.0,17261.0,26136.0,PARAMOUNT PETROLEUM CORP,Refined and/or Petroleum Product (non-HVL),INTRASTATE,CALIFORNIA,,,,,,0.45,0.0,0.0,0.0,0.0,0.0,,,0.45
2/2/2026,2019.0,20200060.0,17271.0,26149.0,ALYESKA PIPELINE SERVICE CO,Crude Oil,INTERSTATE,ALASKA,,,,,,,,792.0,,8.0,,,,800.0
2/2/2026,2019.0,20200245.0,17469.0,26302.0,MUSTANG PIPELINE CO,HVL,INTRASTATE,TEXAS,,0.0,0.0,0.0,0.0,0.0,0.0,0.0,89.14,0.0,0.0,0.0,,89.14
2/2/2026,2019.0,20200278.0,17504.0,26303.0,UNOCAL PIPELINE CO - EASTERN REGION,Crude Oil,INTRASTATE,TEXAS,0.0,0.0,0.0,0.0,0.0,0.0,4.7,0.0,0.0,0.0,0.0,0.0,,4.7
2/2/2026,2019.0,20200416.0,17655.0,26330.0,"ENABLE OKLAHOMA INTRASTATE TRANSMISSION, LLC",HVL,INTRASTATE,OKLAHOMA,,,,,,,,,4.33,,,7.26,,11.59
2/2/2026,2019.0,20200202.0,17425.0,30003.0,HOUSTON REFINING LP.,Refined and/or Petroleum Product (non-HVL),INTRASTATE,TEXAS,,,,,,,1.0,1.0,,,1.0,,,3.0
2/2/2026,2019.0,20200038.0,17248.0,30020.0,W & T OFFSHORE INC,Refined and/or Petroleum Product (non-HVL),INTRASTATE,ALABAMA,,,,,,,,,,4.75,,,,4.75
2/2/2026,2019.0,20200415.0,17653.0,30544.0,OCCIDENTAL CHEMICAL CORP,HVL,INTRASTATE,TEXAS,,,,,,,,,41.946,,,,,41.946
2/2/2026,2019.0,20200351.0,17582.0,30626.0,TARGA NGL PIPE LINE CO,HVL,INTERSTATE,LOUISIANA,,,,,21.96,,,,,,,0.07,,22.03
2/2/2026,2019.0,20200351.0,17582.0,30626.0,TARGA NGL PIPE LINE CO,HVL,INTERSTATE,TEXAS,,,,,41.34,33.49,,7.51,,0.64,0.74,0.67,,84.39
2/2/2026,2019.0,20200351.0,17582.0,30626.0,TARGA NGL PIPE LINE CO,HVL,INTRASTATE,TEXAS,,,,,,49.61,31.8,30.42,1.23,49.73,2.29,57.9,,222.98
2/2/2026,2019.0,20200142.0,17714.0,30657.0,BRAVO PIPELINE COMPANY,CO2,INTERSTATE,COLORADO,,,,,,,,,89.0,,,,,89.0
2/2/2026,2019.0,20200142.0,17714.0,30657.0,BRAVO PIPELINE COMPANY,CO2,INTERSTATE,NEW MEXICO,,,,,,,,,364.83,,11.5,,,376.33
2/2/2026,2019.0,20200142.0,17714.0,30657.0,BRAVO PIPELINE COMPANY,CO2,INTERSTATE,TEXAS,0.0,,0.0,0.0,0.0,0.0,0.0,0.0,193.0,213.36,,12.5,,418.86
2/2/2026,2019.0,20200142.0,17714.0,30657.0,BRAVO PIPELINE COMPANY,CO2,INTRASTATE,TEXAS,0.0,0.0,0.0,0.0,0.0,0.0,0.0,0.0,6.0,86.0,71.89,17.08,,180.97
2/2/2026,2019.0,20200670.0,17935.0,30658.0,KERN OIL & REFINING CO.,Crude Oil,INTRASTATE,CALIFORNIA,,,,,7.91,,,,3.53,0.66,6.5,,,18.6
2/2/2026,2019.0,20200665.0,17924.0,30666.0,"ENMARK ENERGY, INC",CO2,INTRASTATE,MISSISSIPPI,,,,,,,,3.39,4.92,1.32,,,,9.63
2/2/2026,2019.0,20200274.0,17499.0,30683.0,WESTLAKE PETROCHEMICALS LLC,HVL,INTRASTATE,LOUISIANA,,,0.0,0.0,0.0,0.0,0.0,0.0,0.0,13.95,3.529,0.0,,17.479
2/2/2026,2019.0,20200276.0,17502.0,30683.0,WESTLAKE PETROCHEMICALS LLC,Refined and/or Petroleum Product (non-HVL),INTRASTATE,LOUISIANA,,,,0.0,0.0,0.0,0.0,0.0,0.0,6.836,0.0,0.0,,6.836
2/2/2026,2019.0,20200429.0,17668.0,30709.0,HUNTSMAN PETROCHEMICAL LLC,HVL,INTRASTATE,TEXAS,,,,,0.96,,,,6.768,,,,,7.728
2/2/2026,2019.0,20200427.0,17666.0,30709.0,HUNTSMAN PETROCHEMICAL LLC,Refined and/or Petroleum Product (non-HVL),INTRASTATE,TEXAS,0.0,,0.0,0.0,7.5,0.16,0.98,0.0,6.6,0.15,0.0,0.0,,15.39
2/2/2026,2019.0,20200293.0,17521.0,30711.0,HILCORP ENERGY COMPANY,Crude Oil,INTRASTATE,LOUISIANA,,,,,,,,,,1.967,4.943,,,6.91
2/2/2026,2019.0,20200266.0,17491.0,30755.0,CITGO PRODUCTS PIPELINE CO,HVL,INTERSTATE,LOUISIANA,0.0,,0.0,0.0,0.0,0.0,0.0,0.0,0.0,23.452,0.0,0.0,,23.452
2/2/2026,2019.0,20200266.0,17491.0,30755.0,CITGO PRODUCTS PIPELINE CO,HVL,INTERSTATE,TEXAS,0.0,,0.0,0.0,0.0,0.0,0.0,32.002,0.0,53.45,0.0,1.071,,86.523
2/2/2026,2019.0,20200265.0,17490.0,30755.0,CITGO PRODUCTS PIPELINE CO,Refined and/or Petroleum Product (non-HVL),INTRASTATE,TEXAS,45.535,,,,185.482,,0.313,0.055,0.556,3.233,1.193,0.624,,236.991
2/2/2026,2019.0,20200096.0,17315.0,30756.0,WYOMING REFINING CO,Refined and/or Petroleum Product (non-HVL),INTRASTATE,WYOMING,0.0,,0.0,0.0,0.0,0.0,0.0,0.0,40.36,0.0,0.1,0.0,,40.46
2/2/2026,2019.0,20200384.0,17622.0,30777.0,MOTIVA ENTERPRISE LLC,Crude Oil,INTRASTATE,TEXAS,,,,,,5.531,,2.67,,,,,,8.201
2/2/2026,2019.0,20200399.0,17637.0,30777.0,MOTIVA ENTERPRISE LLC,HVL,INTRASTATE,TEXAS,,,,,,35.3,,,,0.02,,,,35.32
2/2/2026,2019.0,20200396.0,17634.0,30777.0,MOTIVA ENTERPRISE LLC,Refined and/or Petroleum Product (non-HVL),INTRASTATE,TEXAS,,,10.39,21.64,9.56,8.68,0.99,1.15,6.58,0.0,3.18,0.0,,62.17
2/2/2026,2019.0,20200174.0,17397.0,30781.0,OLYMPIC PIPE LINE COMPANY,Refined and/or Petroleum Product (non-HVL),INTERSTATE,OREGON,0.0,0.0,0.0,0.0,0.0,0.0,13.8,1.5,0.0,0.0,0.0,0.0,,15.3
2/2/2026,2019.0,20200174.0,17397.0,30781.0,OLYMPIC PIPE LINE COMPANY,Refined and/or Petroleum Product (non-HVL),INTERSTATE,WASHINGTON,0.0,0.0,0.0,0.0,0.0,0.0,255.0,81.6,0.1,8.7,6.3,0.0,,351.7
2/2/2026,2019.0,20200174.0,17397.0,30781.0,OLYMPIC PIPE LINE COMPANY,Refined and/or Petroleum Product (non-HVL),INTRASTATE,WASHINGTON,0.0,0.0,0.0,0.0,0.0,0.0,34.4,10.2,1.6,0.1,0.0,0.0,,46.3
2/2/2026,2019.0,20200426.0,17665.0,30782.0,HARVEST MIDSTREAM COMPANY,Crude Oil,INTERSTATE,LOUISIANA,,,,,,67.012,11.438,37.705,47.51,8.629,1.684,3.802,,177.78
2/2/2026,2019.0,20200426.0,17665.0,30782.0,HARVEST MIDSTREAM COMPANY,Crude Oil,INTERSTATE,OCS-Gulf of Mexico,,,,,,31.801,,,,,,,,31.801
2/2/2026,2019.0,20200426.0,17665.0,30782.0,HARVEST MIDSTREAM COMPANY,Crude Oil,INTERSTATE,TEXAS,,,,,,,,,,2.905,,,,2.905
2/2/2026,2019.0,20200426.0,17665.0,30782.0,HARVEST MIDSTREAM COMPANY,Crude Oil,INTRASTATE,LOUISIANA,0.0,0.0,0.0,0.0,34.183,100.918,15.708,7.365,0.56,8.696,7.42,15.429,,190.279
2/2/2026,2019.0,20200426.0,17665.0,30782.0,HARVEST MIDSTREAM COMPANY,Crude Oil,INTRASTATE,TEXAS,,,0.0,,,,,3.532,,105.856,8.647,362.845,,480.88
2/2/2026,2019.0,20200139.0,17362.0,30792.0,LAMAR OIL & GAS,Crude Oil,INTRASTATE,TEXAS,,,0.0,0.0,0.0,0.0,0.0,0.0,0.0,0.0,4.5,4.21,,8.71
2/2/2026,2019.0,20200028.0,17233.0,30825.0,CITGO PETROLEUM CORPORATION (REFINERY),HVL,INTRASTATE,LOUISIANA,0.0,0.0,0.0,0.0,0.0,0.0,6.24,0.0,0.0,0.0,0.0,0.0,,6.24
2/2/2026,2019.0,20200464.0,18934.0,30826.0,WILLIAMS FIELD SERVICES,HVL,INTERSTATE,COLORADO,0.15,0.0,0.0,0.0,0.0,0.0,0.0,0.0,0.0,0.0,388.41,4.76,,393.32
2/2/2026,2019.0,20200464.0,18934.0,30826.0,WILLIAMS FIELD SERVICES,HVL,INTERSTATE,KANSAS,0.0,0.0,0.0,0.0,0.0,0.0,0.0,0.0,0.0,0.0,261.18,0.03,,261.21
2/2/2026,2019.0,20200464.0,18934.0,30826.0,WILLIAMS FIELD SERVICES,HVL,INTERSTATE,OHIO,0.0,0.0,0.0,,0.0,0.0,0.0,0.0,0.0,0.0,0.0,50.3,,50.3
2/2/2026,2019.0,20200464.0,18934.0,30826.0,WILLIAMS FIELD SERVICES,HVL,INTERSTATE,PENNSYLVANIA,0.0,,0.0,0.0,0.0,,0.0,0.0,0.0,0.0,0.0,31.35,,31.35
2/2/2026,2019.0,20200464.0,18934.0,30826.0,WILLIAMS FIELD SERVICES,HVL,INTERSTATE,WEST VIRGINIA,0.0,,0.0,0.0,0.0,0.0,0.0,0.0,0.0,,0.0,19.15,,19.15
2/2/2026,2019.0,20200464.0,18934.0,30826.0,WILLIAMS FIELD SERVICES,HVL,INTERSTATE,WYOMING,0.0,0.0,0.0,0.0,0.0,0.0,0.0,0.0,0.0,0.0,386.52,0.08,,386.6
2/2/2026,2019.0,20200464.0,18934.0,30826.0,WILLIAMS FIELD SERVICES,HVL,INTRASTATE,COLORADO,0.0,,0.0,0.0,0.0,0.0,0.0,0.0,24.39,0.0,11.12,0.38,,35.89
2/2/2026,2019.0,20200464.0,18934.0,30826.0,WILLIAMS FIELD SERVICES,HVL,INTRASTATE,WEST VIRGINIA,0.0,0.0,0.0,0.0,0.0,0.0,0.0,0.0,0.0,0.0,0.0,27.73,,27.73
2/2/2026,2019.0,20200313.0,17542.0,30829.0,ENTERPRISE CRUDE PIPELINE LLC,Crude Oil,INTERSTATE,NEW MEXICO,0.0,0.0,0.0,5.573,0.0,0.0,0.0,0.0,5.782,0.057,24.392,52.048,,87.852
2/2/2026,2019.0,20200313.0,17542.0,30829.0,ENTERPRISE CRUDE PIPELINE LLC,Crude Oil,INTERSTATE,OKLAHOMA,1.668,0.0,0.0,0.0,0.0,0.0,0.0,150.298,0.517,6.987,2.857,158.265,,320.592
2/2/2026,2019.0,20200313.0,17542.0,30829.0,ENTERPRISE CRUDE PIPELINE LLC,Crude Oil,INTERSTATE,TEXAS,0.05,0.0,0.0,73.04,50.888,68.962,23.093,340.98,126.174,16.3,46.508,908.623,,1654.618
2/2/2026,2019.0,20200313.0,17542.0,30829.0,ENTERPRISE CRUDE PIPELINE LLC,Crude Oil,INTRASTATE,NEW MEXICO,0.0,0.0,0.0,0.0,0.0,0.0,0.0,0.0,0.0,0.0,1.782,0.0,,1.782
2/2/2026,2019.0,20200313.0,17542.0,30829.0,ENTERPRISE CRUDE PIPELINE LLC,Crude Oil,INTRASTATE,TEXAS,8.61,,70.636,81.539,0.383,110.054,4.644,20.61,3.592,389.341,43.189,850.43,,1583.028
2/2/2026,2019.0,20200317.0,17546.0,30829.0,ENTERPRISE CRUDE PIPELINE LLC,Refined and/or Petroleum Product (non-HVL),INTERSTATE,TEXAS,0.0,0.0,0.0,0.0,0.0,0.0,0.0,0.0,0.0,0.0,21.365,0.0,,21.365
2/2/2026,2019.0,20200317.0,17546.0,30829.0,ENTERPRISE CRUDE PIPELINE LLC,Refined and/or Petroleum Product (non-HVL),INTRASTATE,TEXAS,0.0,0.0,0.0,0.0,0.0,0.0,0.0,0.0,0.0,1.917,7.166,0.0,,9.083
2/2/2026,2019.0,20200237.0,17461.0,30834.0,TIDELANDS OIL PRODUCTION COMPANY,Crude Oil,INTRASTATE,CALIFORNIA,,,,,,,,,,,,2.06,,2.06
2/2/2026,2019.0,20200103.0,17322.0,30901.0,AIRCRAFT SERVICES INTERNATIONAL GROUP (ASIG),Refined and/or Petroleum Product (non-HVL),INTRASTATE,ALASKA,,,,,,,,,,7.6,,,,7.6
2/2/2026,2019.0,20200478.0,17984.0,30909.0,TRANSMONTAIGNE OPERATING COMPANY L.P.,Crude Oil,INTRASTATE,CALIFORNIA,0.0,0.0,0.0,0.0,0.0,0.0,0.0,0.0,0.0,1.9,0.0,0.0,,1.9
2/2/2026,2019.0,20200479.0,18169.0,30909.0,TRANSMONTAIGNE OPERATING COMPANY L.P.,HVL,INTRASTATE,TEXAS,,,,,,,,,,16.0,16.29,0.45,0.0,32.74
2/2/2026,2019.0,20200482.0,17985.0,30909.0,TRANSMONTAIGNE OPERATING COMPANY L.P.,Refined and/or Petroleum Product (non-HVL),INTERSTATE,ARKANSAS,0.0,0.0,0.0,0.0,0.0,0.0,0.0,0.0,11.24,0.0,0.0,0.0,,11.24
2/2/2026,2019.0,20200482.0,17985.0,30909.0,TRANSMONTAIGNE OPERATING COMPANY L.P.,Refined and/or Petroleum Product (non-HVL),INTERSTATE,MISSOURI,0.0,0.0,0.0,0.0,0.0,0.0,0.0,0.0,55.58,0.0,0.0,0.0,,55.58
2/2/2026,2019.0,20200482.0,17985.0,30909.0,TRANSMONTAIGNE OPERATING COMPANY L.P.,Refined and/or Petroleum Product (non-HVL),INTRASTATE,CALIFORNIA,,,,,,,,3.8,,2.5,,1.0,,7.3
2/2/2026,2019.0,20200482.0,17985.0,30909.0,TRANSMONTAIGNE OPERATING COMPANY L.P.,Refined and/or Petroleum Product (non-HVL),INTRASTATE,MISSISSIPPI,0.0,0.0,0.0,0.0,0.0,34.9,0.9,1.3,2.2,0.0,1.3,0.1,,40.7
2/2/2026,2019.0,20200371.0,17606.0,30940.0,"WILLIAMS ENERGY, LLC",HVL,INTRASTATE,LOUISIANA,0.0,0.0,0.0,0.0,0.0,15.04,0.0,0.0,0.0,6.27,0.98,0.81,,23.1
2/2/2026,2019.0,20200370.0,17605.0,30959.0,THE DOW CHEMICAL COMPANY,HVL,INTRASTATE,TEXAS,6.15,0.0,,,1.39,,22.52,14.3,9.0,19.39,6.4,6.36,,85.51
2/2/2026,2019.0,20200272.0,17497.0,30959.0,THE DOW CHEMICAL COMPANY,Refined and/or Petroleum Product (non-HVL),INTRASTATE,TEXAS,11.59,0.0,0.0,0.0,0.0,0.0,5.94,0.0,7.17,16.49,8.39,2.86,,52.44
2/2/2026,2019.0,20200176.0,17399.0,31023.0,CITGO REFINING & CHEMICAL CO. L.P.,Crude Oil,INTRASTATE,TEXAS,0.0,0.0,0.0,0.0,0.0,0.0,0.0,4.1,0.0,0.0,0.0,0.0,,4.1
2/2/2026,2019.0,20200181.0,17404.0,31023.0,CITGO REFINING & CHEMICAL CO. L.P.,HVL,INTRASTATE,TEXAS,1.3,0.0,0.0,0.0,0.0,0.0,0.0,0.0,4.4,0.0,0.0,0.0,,5.7
2/2/2026,2019.0,20200180.0,17403.0,31023.0,CITGO REFINING & CHEMICAL CO. L.P.,Refined and/or Petroleum Product (non-HVL),INTRASTATE,TEXAS,6.2,0.0,0.0,0.0,0.0,0.0,0.0,7.3,35.1,0.0,0.0,0.0,,48.6
2/2/2026,2019.0,20200250.0,17474.0,31045.0,"GENESIS PIPELINE USA, L.P.",Crude Oil,INTERSTATE,ALABAMA,8.14,0.0,0.0,0.0,0.0,0.0,0.0,41.92,5.19,13.16,0.0,0.0,,68.41
2/2/2026,2019.0,20200250.0,17474.0,31045.0,"GENESIS PIPELINE USA, L.P.",Crude Oil,INTERSTATE,FLORIDA,0.0,0.0,0.0,0.0,0.0,0.0,0.0,43.19,0.42,0.0,0.0,0.0,,43.61
2/2/2026,2019.0,20200250.0,17474.0,31045.0,"GENESIS PIPELINE USA, L.P.",Crude Oil,INTERSTATE,LOUISIANA,0.0,0.0,0.0,0.0,0.0,0.0,0.0,0.0,0.0,0.0,0.0,38.13,,38.13
2/2/2026,2019.0,20200250.0,17474.0,31045.0,"GENESIS PIPELINE USA, L.P.",Crude Oil,INTERSTATE,MISSISSIPPI,38.79,25.4,0.0,0.0,51.58,56.75,28.59,0.0,0.0,0.0,16.4,0.0,,217.51
2/2/2026,2019.0,20200098.0,17317.0,31049.0,MCCHORD PIPELINE CO.,Refined and/or Petroleum Product (non-HVL),INTRASTATE,WASHINGTON,,,,,,,13.25,,,1.0,,,,14.25
2/2/2026,2019.0,20200273.0,17498.0,31051.0,"TIDEWATER, INC",Refined and/or Petroleum Product (non-HVL),INTRASTATE,OREGON,0.0,0.0,0.0,0.0,0.0,0.0,0.0,10.56,0.0,0.0,0.0,0.0,,10.56
2/2/2026,2019.0,20200273.0,17498.0,31051.0,"TIDEWATER, INC",Refined and/or Petroleum Product (non-HVL),INTRASTATE,WASHINGTON,0.0,0.0,0.0,0.0,0.0,0.0,0.0,0.0,1.67,4.04,1.02,0.1,,6.83
2/2/2026,2019.0,20200496.0,17739.0,31056.0,"SIGNATURE FLIGHT SUPPORT, M&O _ HONOLULU",Refined and/or Petroleum Product (non-HVL),INTRASTATE,HAWAII,,,,,,1.0,3.0,2.0,,,,,,6.0
2/2/2026,2019.0,20200087.0,17304.0,31057.0,"HECO - HAWAIIAN ELECTRIC COMPANY, INC.",Refined and/or Petroleum Product (non-HVL),INTRASTATE,HAWAII,,0.0,0.0,0.0,0.0,,0.0,,2.2,0.0,15.8,0.0,,18.0
2/2/2026,2019.0,20200675.0,17940.0,31059.0,BASF CORPORATION,HVL,INTRASTATE,TEXAS,,,,,,,0.76,0.24,7.24,0.34,0.12,1.26,,9.96
2/2/2026,2019.0,20200633.0,17884.0,31075.0,E&B NATURAL RESOURCES MANAGEMENT CORP,Crude Oil,INTRASTATE,CALIFORNIA,,,,,,1.02,3.59,,,,,,,4.61
2/2/2026,2019.0,20200108.0,17327.0,31083.0,HAWAII ELECTRIC LIGHT,Refined and/or Petroleum Product (non-HVL),INTRASTATE,HAWAII,,,,,,0.54,1.0,0.44,,,0.02,,,2.0
2/2/2026,2019.0,20200208.0,17431.0,31130.0,DCP MIDSTREAM,HVL,INTERSTATE,COLORADO,0.0,0.0,0.0,0.0,0.0,0.0,0.0,173.357,0.004,35.446,2.124,9.664,,220.595
2/2/2026,2019.0,20200208.0,17431.0,31130.0,DCP MIDSTREAM,HVL,INTERSTATE,KANSAS,0.0,0.0,0.0,0.0,0.0,0.0,0.0,208.653,0.019,0.052,0.44,22.99,,232.154
2/2/2026,2019.0,20200208.0,17431.0,31130.0,DCP MIDSTREAM,HVL,INTERSTATE,LOUISIANA,0.0,0.0,0.0,0.0,0.0,0.0,128.717,0.21,0.066,46.451,0.067,0.696,,176.207
2/2/2026,2019.0,20200208.0,17431.0,31130.0,DCP MIDSTREAM,HVL,INTERSTATE,NEW MEXICO,0.0,0.0,0.0,0.0,0.0,0.0,0.0,0.0,0.0,0.0,0.0,45.456,,45.456
2/2/2026,2019.0,20200208.0,17431.0,31130.0,DCP MIDSTREAM,HVL,INTERSTATE,OKLAHOMA,0.0,0.0,0.0,0.0,0.0,58.304,87.994,0.0,20.343,0.505,0.056,398.024,,565.226
2/2/2026,2019.0,20200208.0,17431.0,31130.0,DCP MIDSTREAM,HVL,INTERSTATE,TEXAS,0.0,0.0,0.0,0.0,0.0,354.703,119.92,5.426,0.0,12.096,1.965,48.019,,542.129
2/2/2026,2019.0,20200208.0,17431.0,31130.0,DCP MIDSTREAM,HVL,INTRASTATE,COLORADO,15.365,0.0,0.0,0.0,0.0,0.0,0.0,0.0,17.453,0.0,0.183,23.013,,56.014
2/2/2026,2019.0,20200208.0,17431.0,31130.0,DCP MIDSTREAM,HVL,INTRASTATE,MICHIGAN,0.0,0.0,0.0,0.0,0.0,,0.0,3.402,0.0,0.282,0.0,0.546,,4.23
2/2/2026,2019.0,20200208.0,17431.0,31130.0,DCP MIDSTREAM,HVL,INTRASTATE,NEW MEXICO,0.0,0.0,0.0,0.0,0.0,0.0,0.0,0.0,19.125,0.0,0.0,0.0,,19.125
2/2/2026,2019.0,20200208.0,17431.0,31130.0,DCP MIDSTREAM,HVL,INTRASTATE,TEXAS,0.0,0.0,0.0,0.0,16.353,0.497,12.111,0.0,6.531,59.632,168.437,1244.35,,1507.911
2/2/2026,2019.0,20200209.0,17432.0,31130.0,DCP MIDSTREAM,Refined and/or Petroleum Product (non-HVL),INTRASTATE,NEW MEXICO,0.0,0.0,0.0,0.0,0.0,0.0,0.0,0.0,0.0,0.0,0.439,2.569,,3.008
2/2/2026,2019.0,20200209.0,17432.0,31130.0,DCP MIDSTREAM,Refined and/or Petroleum Product (non-HVL),INTRASTATE,TEXAS,0.0,,0.0,0.0,0.0,0.0,0.0,0.0,0.0,0.0,0.246,25.234,,25.48
2/2/2026,2019.0,20200111.0,18299.0,31135.0,PETRO-DIAMOND TERMINAL COMPANY,Refined and/or Petroleum Product (non-HVL),INTRASTATE,CALIFORNIA,,,0.0,0.0,0.0,0.0,0.47,0.57,0.71,0.1,0.0,0.34,,2.19
2/2/2026,2019.0,20200143.0,18156.0,31136.0,WICKLAND PIPELINES LLC,Refined and/or Petroleum Product (non-HVL),INTRASTATE,CALIFORNIA,,,,,,,,,,,9.68,7.89,,17.57
2/2/2026,2019.0,20200534.0,17778.0,31166.0,MUSTANG  PIPE  LINE  LLC,Crude Oil,INTERSTATE,ILLINOIS,0.0,,0.0,0.0,180.94,28.0,0.39,0.19,0.0,0.0,0.04,0.04,,209.6
2/2/2026,2019.0,20200485.0,17728.0,31167.0,MOEM PIPELINE LLC,Crude Oil,INTERSTATE,LOUISIANA,0.0,0.0,0.0,0.0,0.0,0.0,0.0,54.565,0.0,0.027,0.516,0.797,,55.905
2/2/2026,2019.0,20200450.0,17690.0,31174.0,"SHELL PIPELINE CO., L.P.",Crude Oil,INTERSTATE,ILLINOIS,0.0,,0.0,0.0,0.0,0.1,0.0,1.1,0.0,0.0,0.0,0.0,,1.2
2/2/2026,2019.0,20200450.0,17690.0,31174.0,"SHELL PIPELINE CO., L.P.",Crude Oil,INTERSTATE,LOUISIANA,0.0,0.0,0.0,0.0,105.9,169.3,181.5,96.1,75.6,114.9,50.4,0.0,,793.7
2/2/2026,2019.0,20200450.0,17690.0,31174.0,"SHELL PIPELINE CO., L.P.",Crude Oil,INTERSTATE,OCS-Gulf of Mexico,0.0,0.0,0.0,0.0,0.0,0.0,27.0,106.2,45.0,527.0,429.0,161.1,,1295.3
2/2/2026,2019.0,20200450.0,17690.0,31174.0,"SHELL PIPELINE CO., L.P.",Crude Oil,INTERSTATE,TEXAS,0.0,0.0,0.0,0.0,97.8,0.9,3.8,0.0,0.0,9.6,5.6,1.9,,119.6
2/2/2026,2019.0,20200450.0,17690.0,31174.0,"SHELL PIPELINE CO., L.P.",Crude Oil,INTRASTATE,CALIFORNIA,0.0,0.0,0.0,1.2,0.0,1.2,163.0,16.9,189.4,41.2,64.0,0.0,,476.9
2/2/2026,2019.0,20200447.0,17687.0,31174.0,"SHELL PIPELINE CO., L.P.",Fuel Grade Ethanol (dedicated system),INTRASTATE,CALIFORNIA,0.0,0.0,0.0,0.0,0.0,0.0,0.0,12.0,0.0,3.0,0.0,0.0,,15.0
2/2/2026,2019.0,20200448.0,17688.0,31174.0,"SHELL PIPELINE CO., L.P.",HVL,INTERSTATE,LOUISIANA,0.0,0.0,0.0,0.0,0.0,0.0,47.9,237.2,20.6,20.4,4.4,0.2,,330.7
2/2/2026,2019.0,20200448.0,17688.0,31174.0,"SHELL PIPELINE CO., L.P.",HVL,INTERSTATE,TEXAS,0.0,0.0,0.0,0.0,0.0,0.0,14.8,98.3,1.0,0.2,0.1,0.0,,114.4
2/2/2026,2019.0,20200448.0,17688.0,31174.0,"SHELL PIPELINE CO., L.P.",HVL,INTRASTATE,LOUISIANA,0.0,0.0,0.0,0.0,0.0,0.0,27.5,28.4,0.0,20.7,1.6,0.6,,78.8
2/2/2026,2019.0,20200448.0,17688.0,31174.0,"SHELL PIPELINE CO., L.P.",HVL,INTRASTATE,TEXAS,0.0,0.0,0.0,0.0,0.0,2.0,21.3,56.8,3.3,22.8,10.0,3.7,,119.9
2/2/2026,2019.0,20200449.0,17689.0,31174.0,"SHELL PIPELINE CO., L.P.",Refined and/or Petroleum Product (non-HVL),INTERSTATE,ILLINOIS,0.0,0.0,0.0,0.0,0.0,0.0,0.0,0.0,0.0,0.0,0.0,0.8,,0.8
2/2/2026,2019.0,20200449.0,17689.0,31174.0,"SHELL PIPELINE CO., L.P.",Refined and/or Petroleum Product (non-HVL),INTERSTATE,LOUISIANA,,,,,,9.9,53.9,0.0,18.7,0.0,74.9,0.3,,157.7
2/2/2026,2019.0,20200449.0,17689.0,31174.0,"SHELL PIPELINE CO., L.P.",Refined and/or Petroleum Product (non-HVL),INTERSTATE,TEXAS,,,,,,,,,7.7,10.2,,,,17.9
2/2/2026,2019.0,20200449.0,17689.0,31174.0,"SHELL PIPELINE CO., L.P.",Refined and/or Petroleum Product (non-HVL),INTRASTATE,CALIFORNIA,0.0,0.0,0.0,0.0,0.0,22.2,45.3,63.0,8.0,5.4,0.5,0.0,,144.4
2/2/2026,2019.0,20200449.0,17689.0,31174.0,"SHELL PIPELINE CO., L.P.",Refined and/or Petroleum Product (non-HVL),INTRASTATE,ILLINOIS,,,,,,5.9,,,,,,,,5.9
2/2/2026,2019.0,20200449.0,17689.0,31174.0,"SHELL PIPELINE CO., L.P.",Refined and/or Petroleum Product (non-HVL),INTRASTATE,LOUISIANA,,,,,,,,10.6,,,,,,10.6
2/2/2026,2019.0,20200449.0,17689.0,31174.0,"SHELL PIPELINE CO., L.P.",Refined and/or Petroleum Product (non-HVL),INTRASTATE,TEXAS,,,8.2,,,5.9,0.5,0.5,0.3,3.2,1.7,,,20.3
2/2/2026,2019.0,20200169.0,17392.0,31178.0,XTO ENERGY INC,CO2,INTRASTATE,TEXAS,3.4,,,,,,,,25.8,,,,,29.2
2/2/2026,2019.0,20200626.0,18035.0,31178.0,XTO ENERGY INC,Crude Oil,INTRASTATE,NEW MEXICO,,,,,,,,,,,,27.0,,27.0
2/2/2026,2019.0,20200626.0,18035.0,31178.0,XTO ENERGY INC,Crude Oil,INTRASTATE,TEXAS,,,,,,,,,,6.52,,61.0,,67.52
2/2/2026,2019.0,20200184.0,17407.0,31178.0,XTO ENERGY INC,HVL,INTRASTATE,LOUISIANA,12.1,,,,,,,,,,,,,12.1
2/2/2026,2019.0,20200184.0,17407.0,31178.0,XTO ENERGY INC,HVL,INTRASTATE,TEXAS,3.2,,,,,,,,,,0.4,,,3.6
2/2/2026,2019.0,20200165.0,17388.0,31189.0,BP PIPELINE (NORTH AMERICA) INC.,Crude Oil,INTERSTATE,ILLINOIS,0.0,,0.0,0.0,25.5,254.4,230.7,0.1,0.4,7.6,0.6,0.3,,519.6
2/2/2026,2019.0,20200165.0,17388.0,31189.0,BP PIPELINE (NORTH AMERICA) INC.,Crude Oil,INTERSTATE,INDIANA,0.0,0.0,0.0,0.0,9.6,25.0,0.0,1.4,0.9,1.7,1.5,1.4,,41.5
2/2/2026,2019.0,20200165.0,17388.0,31189.0,BP PIPELINE (NORTH AMERICA) INC.,Crude Oil,INTERSTATE,IOWA,0.0,,0.0,0.0,0.0,15.8,0.0,0.0,0.0,0.0,0.2,0.0,,16.0
2/2/2026,2019.0,20200165.0,17388.0,31189.0,BP PIPELINE (NORTH AMERICA) INC.,Crude Oil,INTERSTATE,KANSAS,0.0,,0.0,0.0,122.6,7.8,0.1,0.4,0.2,1.1,0.1,0.0,,132.3
2/2/2026,2019.0,20200165.0,17388.0,31189.0,BP PIPELINE (NORTH AMERICA) INC.,Crude Oil,INTERSTATE,MISSOURI,,,,,8.5,204.9,0.1,0.5,0.4,0.7,1.9,0.1,,217.1
2/2/2026,2019.0,20200165.0,17388.0,31189.0,BP PIPELINE (NORTH AMERICA) INC.,Crude Oil,INTERSTATE,OKLAHOMA,0.0,,0.0,0.0,67.1,19.4,1.3,0.2,0.5,0.5,0.0,0.0,,89.0
2/2/2026,2019.0,20200165.0,17388.0,31189.0,BP PIPELINE (NORTH AMERICA) INC.,Crude Oil,INTRASTATE,WASHINGTON,0.0,0.0,0.0,0.0,0.0,0.0,0.0,4.8,0.0,0.0,0.5,0.0,,5.3
2/2/2026,2019.0,20200166.0,17389.0,31189.0,BP PIPELINE (NORTH AMERICA) INC.,HVL,INTERSTATE,INDIANA,0.0,0.0,0.0,0.0,0.0,0.0,0.0,0.0,1.7,0.0,0.0,0.0,,1.7
2/2/2026,2019.0,20200166.0,17389.0,31189.0,BP PIPELINE (NORTH AMERICA) INC.,HVL,INTRASTATE,WASHINGTON,0.0,0.0,0.0,0.0,0.0,0.0,0.0,0.0,4.8,0.1,0.0,0.0,,4.9
2/2/2026,2019.0,20200171.0,17394.0,31189.0,BP PIPELINE (NORTH AMERICA) INC.,Refined and/or Petroleum Product (non-HVL),INTERSTATE,ALABAMA,0.0,0.0,0.0,0.0,0.0,0.0,0.0,25.9,0.0,0.3,0.0,0.0,,26.2
2/2/2026,2019.0,20200171.0,17394.0,31189.0,BP PIPELINE (NORTH AMERICA) INC.,Refined and/or Petroleum Product (non-HVL),INTERSTATE,ILLINOIS,0.0,0.0,0.0,10.4,0.6,0.0,0.0,135.0,1.1,0.4,0.0,0.1,,147.6
2/2/2026,2019.0,20200171.0,17394.0,31189.0,BP PIPELINE (NORTH AMERICA) INC.,Refined and/or Petroleum Product (non-HVL),INTERSTATE,INDIANA,0.0,0.0,0.0,0.0,0.0,0.0,0.0,134.1,2.8,3.8,0.0,0.2,,140.9
2/2/2026,2019.0,20200171.0,17394.0,31189.0,BP PIPELINE (NORTH AMERICA) INC.,Refined and/or Petroleum Product (non-HVL),INTERSTATE,KANSAS,0.0,0.0,0.0,0.0,0.0,71.4,0.0,0.0,0.0,1.1,0.0,0.0,,72.5
2/2/2026,2019.0,20200171.0,17394.0,31189.0,BP PIPELINE (NORTH AMERICA) INC.,Refined and/or Petroleum Product (non-HVL),INTERSTATE,KENTUCKY,0.0,0.0,0.0,0.0,0.0,0.0,0.0,97.0,0.0,0.4,0.0,0.0,,97.4
2/2/2026,2019.0,20200171.0,17394.0,31189.0,BP PIPELINE (NORTH AMERICA) INC.,Refined and/or Petroleum Product (non-HVL),INTERSTATE,MISSOURI,0.0,0.0,0.0,0.0,0.0,7.1,0.0,0.0,0.0,0.0,0.0,0.0,,7.1
2/2/2026,2019.0,20200171.0,17394.0,31189.0,BP PIPELINE (NORTH AMERICA) INC.,Refined and/or Petroleum Product (non-HVL),INTERSTATE,TENNESSEE,0.0,,0.0,0.0,0.0,0.0,0.0,126.9,0.0,0.2,1.0,0.0,,128.1
2/2/2026,2019.0,20200024.0,17228.0,31199.0,ALLIANCE PIPELINE L.P.,HVL,INTRASTATE,NORTH DAKOTA,,0.0,0.0,0.0,0.0,0.0,0.0,0.0,0.0,0.0,0.0,0.317,,0.317
2/2/2026,2019.0,20200419.0,17658.0,31202.0,"ENABLE MIDSTREAM PARTNERS, LP",HVL,INTRASTATE,TEXAS,0.0,,0.0,0.0,0.0,0.0,13.34,0.0,0.0,27.0,13.81,3.78,,57.93
2/2/2026,2019.0,20200418.0,17657.0,31202.0,"ENABLE MIDSTREAM PARTNERS, LP",Refined and/or Petroleum Product (non-HVL),INTRASTATE,TEXAS,0.0,0.0,0.0,0.0,0.0,33.26,0.0,0.0,0.15,0.0,10.07,1.26,,44.74
2/2/2026,2019.0,20200238.0,17462.0,31228.0,"CALIFORNIA RESOURCES ELK HILLS, LLC",HVL,INTRASTATE,CALIFORNIA,0.0,,0.0,0.0,0.0,0.0,0.0,0.0,0.0,0.0,0.0,22.0,,22.0
2/2/2026,2019.0,20200239.0,17463.0,31228.0,"CALIFORNIA RESOURCES ELK HILLS, LLC",Refined and/or Petroleum Product (non-HVL),INTRASTATE,CALIFORNIA,0.0,0.0,0.0,0.0,0.0,0.0,0.0,0.0,0.0,0.0,0.0,11.0,,11.0
2/2/2026,2019.0,20200646.0,17900.0,31256.0,"AMERICAN MIDSTREAM GAS SOLUTIONS, LP",HVL,INTRASTATE,TEXAS,,,,,,,14.0,,,,22.691,,,36.691
2/2/2026,2019.0,20200182.0,17405.0,31285.0,HOUSTON AMMONIA TERMINAL,HVL,INTRASTATE,TEXAS,,,,,,,,,6.2,,,,,6.2
2/2/2026,2019.0,20200080.0,17292.0,31295.0,PACIFIC OPERATORS OFFSHORE,Crude Oil,INTERSTATE,OCS-Pacific,,,,,,,6.25,,,,,,,6.25
2/2/2026,2019.0,20200032.0,17238.0,31312.0,WEST PHOENIX POWER PLANT,Refined and/or Petroleum Product (non-HVL),INTRASTATE,ARIZONA,,,,,,,,2.0,,,,,,2.0
2/2/2026,2019.0,20200286.0,17514.0,31341.0,OLIKTOK PIPELINE COMPANY,HVL,INTRASTATE,ALASKA,,,,,,,,,28.065,,,,,28.065
2/2/2026,2019.0,20200063.0,17274.0,31352.0,WHITING PETROLEUM CORP,Crude Oil,INTRASTATE,COLORADO,,,,,,,,,,,,11.52,,11.52
2/2/2026,2019.0,20200586.0,18019.0,31371.0,"BUCKEYE DEVELOPMENT & LOGISTICS, LLC",HVL,INTERSTATE,LOUISIANA,0.0,0.0,0.0,0.0,0.0,0.0,0.0,32.165,0.0,0.0,0.0,0.0,,32.165
2/2/2026,2019.0,20200586.0,18019.0,31371.0,"BUCKEYE DEVELOPMENT & LOGISTICS, LLC",HVL,INTERSTATE,MICHIGAN,0.0,0.0,0.0,0.0,0.0,0.0,0.0,0.0,6.01,0.0,0.0,0.0,,6.01
2/2/2026,2019.0,20200586.0,18019.0,31371.0,"BUCKEYE DEVELOPMENT & LOGISTICS, LLC",HVL,INTERSTATE,TEXAS,0.0,0.0,0.0,0.0,0.0,0.0,0.0,78.567,0.0,0.0,0.0,0.0,,78.567
2/2/2026,2019.0,20200586.0,18019.0,31371.0,"BUCKEYE DEVELOPMENT & LOGISTICS, LLC",HVL,INTRASTATE,LOUISIANA,0.0,0.0,0.0,0.0,0.0,0.0,5.737,0.0,17.203,0.0,0.0,0.056,,22.996
2/2/2026,2019.0,20200586.0,18019.0,31371.0,"BUCKEYE DEVELOPMENT & LOGISTICS, LLC",HVL,INTRASTATE,TEXAS,0.0,0.0,0.0,0.0,21.222,22.089,4.036,36.423,20.543,250.302,89.45,117.699,,561.764
2/2/2026,2019.0,20200587.0,17834.0,31371.0,"BUCKEYE DEVELOPMENT & LOGISTICS, LLC",Refined and/or Petroleum Product (non-HVL),INTERSTATE,FLORIDA,0.0,0.0,0.0,0.0,0.0,30.867,0.0,0.355,1.895,0.18,1.05,3.209,,37.556
2/2/2026,2019.0,20200587.0,17834.0,31371.0,"BUCKEYE DEVELOPMENT & LOGISTICS, LLC",Refined and/or Petroleum Product (non-HVL),INTERSTATE,NEVADA,0.0,0.0,0.0,0.0,0.0,0.0,0.0,0.0,0.0,3.035,0.0,0.0,,3.035
2/2/2026,2019.0,20200587.0,17834.0,31371.0,"BUCKEYE DEVELOPMENT & LOGISTICS, LLC",Refined and/or Petroleum Product (non-HVL),INTERSTATE,TENNESSEE,0.0,0.0,0.0,0.0,0.0,0.0,0.0,0.0,0.0,0.0,14.591,0.359,,14.95
2/2/2026,2019.0,20200587.0,17834.0,31371.0,"BUCKEYE DEVELOPMENT & LOGISTICS, LLC",Refined and/or Petroleum Product (non-HVL),INTERSTATE,TEXAS,0.0,0.0,0.0,0.0,0.0,0.0,0.0,0.0,0.0,0.0,27.775,0.001,,27.776
2/2/2026,2019.0,20200587.0,17834.0,31371.0,"BUCKEYE DEVELOPMENT & LOGISTICS, LLC",Refined and/or Petroleum Product (non-HVL),INTRASTATE,CALIFORNIA,0.0,0.0,0.0,0.0,0.0,0.0,0.0,0.0,0.0,0.0,4.288,0.0,,4.288
2/2/2026,2019.0,20200587.0,17834.0,31371.0,"BUCKEYE DEVELOPMENT & LOGISTICS, LLC",Refined and/or Petroleum Product (non-HVL),INTRASTATE,TEXAS,0.0,0.0,0.0,0.0,0.0,1.902,0.0,0.0,0.0,0.596,0.328,0.006,,2.832
2/2/2026,2019.0,20200613.0,17862.0,31391.0,"LINDE GAS NORTH AMERICA, LLC",CO2,INTRASTATE,WYOMING,,,,,,7.24,,,,,,,,7.24
2/2/2026,2019.0,20200672.0,17937.0,31420.0,VOPAK TERMINAL LOS ANGELES INC.,Refined and/or Petroleum Product (non-HVL),INTRASTATE,CALIFORNIA,,,,,,,,,9.67,,,1.0,,10.67
2/2/2026,2019.0,20200358.0,17589.0,31425.0,MIDCOAST PIPELINES (TEXAS GATHERING) L.P.,HVL,INTRASTATE,TEXAS,,,,,,,0.543,15.457,,,25.614,8.015,,49.629
2/2/2026,2019.0,20200210.0,17433.0,31434.0,PALMER PETROLEUM INC,Crude Oil,INTRASTATE,ALABAMA,,,,,,,,,,3.0,4.0,,,7.0
2/2/2026,2019.0,20200332.0,17561.0,31448.0,ENBRIDGE PIPELINES (TOLEDO) INC,Crude Oil,INTERSTATE,MICHIGAN,0.0,0.0,0.0,0.0,0.0,69.58,0.0,0.0,0.0,35.5,0.0,33.39,,138.47
2/2/2026,2019.0,20200332.0,17561.0,31448.0,ENBRIDGE PIPELINES (TOLEDO) INC,Crude Oil,INTERSTATE,OHIO,0.0,,0.0,0.0,0.0,10.44,0.0,0.0,0.0,0.0,0.0,0.0,,10.44
2/2/2026,2019.0,20200167.0,17390.0,31451.0,KINDER MORGAN TEXAS PIPELINE CO,Refined and/or Petroleum Product (non-HVL),INTRASTATE,TEXAS,,,,,,,3.26,0.01,,,,,,3.27
2/2/2026,2019.0,20200640.0,17892.0,31454.0,"NUSTAR LOGISTICS, L.P.",Crude Oil,INTERSTATE,OKLAHOMA,0.0,,0.0,0.0,0.0,0.0,8.9,11.6,8.8,49.1,4.3,0.2,,82.9
2/2/2026,2019.0,20200640.0,17892.0,31454.0,"NUSTAR LOGISTICS, L.P.",Crude Oil,INTERSTATE,TEXAS,0.0,0.0,0.0,0.0,0.0,30.5,0.0,0.0,0.0,1.3,0.0,32.3,,64.1
2/2/2026,2019.0,20200640.0,17892.0,31454.0,"NUSTAR LOGISTICS, L.P.",Crude Oil,INTRASTATE,TEXAS,0.0,0.0,0.0,0.0,0.0,35.5,20.9,43.4,27.4,343.2,1.0,267.3,,738.7
2/2/2026,2019.0,20200641.0,17893.0,31454.0,"NUSTAR LOGISTICS, L.P.",HVL,INTRASTATE,TEXAS,0.0,0.0,0.0,0.0,0.0,0.0,142.4,10.5,0.0,0.4,27.8,16.2,,197.3
2/2/2026,2019.0,20200639.0,17891.0,31454.0,"NUSTAR LOGISTICS, L.P.",Refined and/or Petroleum Product (non-HVL),INTERSTATE,COLORADO,0.0,0.0,0.0,0.0,0.0,0.0,0.0,0.0,0.0,266.3,3.1,3.6,,273.0
2/2/2026,2019.0,20200639.0,17891.0,31454.0,"NUSTAR LOGISTICS, L.P.",Refined and/or Petroleum Product (non-HVL),INTERSTATE,NEW MEXICO,0.0,0.0,0.0,0.0,0.0,227.5,0.0,0.0,0.0,483.8,5.3,0.04,,716.64
2/2/2026,2019.0,20200639.0,17891.0,31454.0,"NUSTAR LOGISTICS, L.P.",Refined and/or Petroleum Product (non-HVL),INTERSTATE,OKLAHOMA,0.0,0.0,0.0,0.0,0.0,0.0,0.0,77.7,9.9,39.7,0.1,0.0,,127.4
2/2/2026,2019.0,20200639.0,17891.0,31454.0,"NUSTAR LOGISTICS, L.P.",Refined and/or Petroleum Product (non-HVL),INTERSTATE,TEXAS,0.6,0.0,0.0,0.0,0.0,94.9,0.0,251.4,0.0,360.9,121.7,0.1,,829.6
2/2/2026,2019.0,20200639.0,17891.0,31454.0,"NUSTAR LOGISTICS, L.P.",Refined and/or Petroleum Product (non-HVL),INTRASTATE,TEXAS,2.9,0.0,0.0,0.0,0.0,202.3,101.0,101.6,66.8,166.6,75.5,81.4,,798.1
2/2/2026,2019.0,20200643.0,17896.0,31455.0,"CALUMET MONTANA REFINING, LLC",Crude Oil,INTRASTATE,MONTANA,,,,,,,,,,,2.6,,,2.6
2/2/2026,2019.0,20200094.0,17313.0,31460.0,DOD DEFENSE ENERGY SUPPORT CENTER,Refined and/or Petroleum Product (non-HVL),INTRASTATE,CALIFORNIA,,,,,17.94,50.61,,,10.76,,,,,79.31
2/2/2026,2019.0,20200168.0,17391.0,31472.0,SCISSORTAIL ENERGY LLC,Refined and/or Petroleum Product (non-HVL),INTRASTATE,OKLAHOMA,,,,,,,,,,,1.52,,,1.52
2/2/2026,2019.0,20200123.0,17345.0,31475.0,TRINITY PIPELINE GP LLC,CO2,INTERSTATE,NEW MEXICO,0.0,0.0,0.0,0.0,0.0,0.0,0.0,0.0,57.44,0.0,0.0,0.0,,57.44
2/2/2026,2019.0,20200123.0,17345.0,31475.0,TRINITY PIPELINE GP LLC,CO2,INTERSTATE,TEXAS,0.0,0.0,0.0,0.0,0.0,0.0,0.0,0.0,42.57,0.0,0.0,0.0,,42.57
2/2/2026,2019.0,20200123.0,17345.0,31475.0,TRINITY PIPELINE GP LLC,CO2,INTRASTATE,NEW MEXICO,0.0,0.0,0.0,0.0,0.0,0.0,0.0,0.0,52.9,0.0,0.0,0.0,,52.9
2/2/2026,2019.0,20200123.0,17345.0,31475.0,TRINITY PIPELINE GP LLC,CO2,INTRASTATE,TEXAS,0.0,0.0,0.0,0.0,0.0,0.0,0.0,0.0,26.93,0.0,0.0,0.0,,26.93
2/2/2026,2019.0,20200391.0,17629.0,31476.0,"ROSE ROCK MIDSTREAM OPERATING, LLC",Crude Oil,INTERSTATE,KANSAS,,,,87.593,24.109,124.814,53.958,,43.81,,25.75,37.362,,397.396
2/2/2026,2019.0,20200391.0,17629.0,31476.0,"ROSE ROCK MIDSTREAM OPERATING, LLC",Crude Oil,INTERSTATE,NORTH DAKOTA,,,,,,,,,,,,0.748,,0.748
2/2/2026,2019.0,20200391.0,17629.0,31476.0,"ROSE ROCK MIDSTREAM OPERATING, LLC",Crude Oil,INTERSTATE,OKLAHOMA,,,,,,,,,,,19.383,32.428,,51.811
2/2/2026,2019.0,20200391.0,17629.0,31476.0,"ROSE ROCK MIDSTREAM OPERATING, LLC",Crude Oil,INTRASTATE,COLORADO,,,,,,,,,,,,76.085,,76.085
2/2/2026,2019.0,20200391.0,17629.0,31476.0,"ROSE ROCK MIDSTREAM OPERATING, LLC",Crude Oil,INTRASTATE,LOUISIANA,,,,,,,,,,,,35.252,,35.252
2/2/2026,2019.0,20200391.0,17629.0,31476.0,"ROSE ROCK MIDSTREAM OPERATING, LLC",Crude Oil,INTRASTATE,OKLAHOMA,,,,,,5.122,,,,,,0.153,,5.275
2/2/2026,2019.0,20200393.0,17631.0,31476.0,"ROSE ROCK MIDSTREAM OPERATING, LLC",HVL,INTRASTATE,LOUISIANA,,,,,,,,,,,,34.476,,34.476
2/2/2026,2019.0,20200392.0,17630.0,31476.0,"ROSE ROCK MIDSTREAM OPERATING, LLC",Refined and/or Petroleum Product (non-HVL),INTRASTATE,LOUISIANA,,,,,,,,,,,,35.843,,35.843
2/2/2026,2019.0,20200679.0,17946.0,31502.0,OCCIDENTAL PERMIAN LTD,CO2,INTRASTATE,TEXAS,0.0,,0.0,0.0,0.0,0.0,0.0,0.0,6.0,0.0,0.0,0.0,,6.0
2/2/2026,2019.0,20200678.0,19728.0,31502.0,OCCIDENTAL PERMIAN LTD,HVL,INTRASTATE,TEXAS,,,,,,,,,,,2.0,,,2.0
2/2/2026,2019.0,20200109.0,17332.0,31506.0,CONOCOPHILLIPS COMPANY (E&P-L-48),HVL,INTRASTATE,NEW MEXICO,,,,,,,,,,,,17.65,,17.65
2/2/2026,2019.0,20200109.0,17332.0,31506.0,CONOCOPHILLIPS COMPANY (E&P-L-48),HVL,INTRASTATE,TEXAS,,,,,,,,,,,,1.0,,1.0
2/2/2026,2019.0,20200092.0,17311.0,31517.0,ASCEND PERFORMANCE MATERIALS TEXAS INC,HVL,INTRASTATE,TEXAS,,,,,,,92.88,22.8,,6.65,,0.81,,123.14
2/2/2026,2019.0,20200041.0,17251.0,31523.0,ANDERSON OIL LTD,Crude Oil,INTRASTATE,TEXAS,,,,,,,,,,0.2,0.1,,,0.3
2/2/2026,2019.0,20200117.0,17339.0,31526.0,DELAWARE STORAGE AND PIPELINE COMPANY,Refined and/or Petroleum Product (non-HVL),INTRASTATE,DELAWARE,,,,,,,9.81,,,,,0.8,,10.61
2/2/2026,2019.0,20200027.0,17231.0,31546.0,CENTRAL LOUISIANA ENERGY PIPELINE CO (CLEPCO),Crude Oil,INTRASTATE,LOUISIANA,0.0,0.0,0.0,0.0,0.0,0.0,1.0,0.0,36.7,2.6,0.0,0.0,,40.3
2/2/2026,2019.0,20200287.0,17515.0,31552.0,ALPINE TRANSPORTATION CO.,Crude Oil,INTERSTATE,ALASKA,0.0,0.0,0.0,0.0,0.0,0.0,0.0,0.0,0.0,0.0,34.634,0.0,,34.634
2/2/2026,2019.0,20200352.0,17583.0,31554.0,"BOARDWALK PETROCHEMICAL PIPELINE, LLC",HVL,INTERSTATE,LOUISIANA,,,,,,158.7,,,,,1.1,2.5,,162.3
2/2/2026,2019.0,20200352.0,17583.0,31554.0,"BOARDWALK PETROCHEMICAL PIPELINE, LLC",HVL,INTERSTATE,TEXAS,,,,,,13.6,,,,,1.6,0.1,,15.3
2/2/2026,2019.0,20200310.0,17539.0,31555.0,KINDER MORGAN CO2 CO. LP,CO2,INTERSTATE,COLORADO,,,,,,,,,90.0,11.0,11.0,4.0,,116.0
2/2/2026,2019.0,20200310.0,17539.0,31555.0,KINDER MORGAN CO2 CO. LP,CO2,INTERSTATE,NEW MEXICO,,,,,,,,,428.0,57.0,,,,485.0
2/2/2026,2019.0,20200310.0,17539.0,31555.0,KINDER MORGAN CO2 CO. LP,CO2,INTERSTATE,TEXAS,,,,,,,,139.0,273.0,65.0,119.0,109.0,,705.0
2/2/2026,2019.0,20200310.0,17539.0,31555.0,KINDER MORGAN CO2 CO. LP,CO2,INTRASTATE,TEXAS,,,,,,,,,,,4.0,,,4.0
2/2/2026,2019.0,20200279.0,17505.0,31563.0,"WHITECAP PIPE LINE COMPANY, L.L.C.",Crude Oil,INTERSTATE,OCS-Gulf of Mexico,0.0,0.0,0.0,0.0,0.0,0.0,43.2,0.0,0.0,0.0,0.0,0.0,,43.2
2/2/2026,2019.0,20200159.0,17997.0,31574.0,"WESTERN REFINING LOGISTICS, LP",Crude Oil,INTERSTATE,NEW MEXICO,,,,,,436.1,,68.5,,,,176.1,,680.7
2/2/2026,2019.0,20200159.0,17997.0,31574.0,"WESTERN REFINING LOGISTICS, LP",Crude Oil,INTERSTATE,TEXAS,,,,,,,,,,,,196.3,,196.3
2/2/2026,2019.0,20200159.0,17997.0,31574.0,"WESTERN REFINING LOGISTICS, LP",Crude Oil,INTRASTATE,MINNESOTA,,,,,,2.4,2.3,,,,0.1,,,4.8
2/2/2026,2019.0,20200149.0,17372.0,31574.0,"WESTERN REFINING LOGISTICS, LP",HVL,INTRASTATE,NEW MEXICO,1.4,,,,,124.97,,,,,,0.03,,126.4
2/2/2026,2019.0,20200191.0,17414.0,31574.0,"WESTERN REFINING LOGISTICS, LP",Refined and/or Petroleum Product (non-HVL),INTRASTATE,TEXAS,,,,,,,,,,3.9,,,,3.9
2/2/2026,2019.0,20200595.0,17842.0,31579.0,"MAGELLAN PIPELINES HOLDINGS, LP",Crude Oil,INTERSTATE,OKLAHOMA,,,,100.65,37.38,0.98,0.22,0.67,1.32,4.88,1.12,0.48,,147.7
2/2/2026,2019.0,20200595.0,17842.0,31579.0,"MAGELLAN PIPELINES HOLDINGS, LP",Crude Oil,INTRASTATE,TEXAS,,,,,,,,,,,,5.9,,5.9
2/2/2026,2019.0,20200596.0,17843.0,31579.0,"MAGELLAN PIPELINES HOLDINGS, LP",Refined and/or Petroleum Product (non-HVL),INTRASTATE,TEXAS,0.25,,,1.71,,,13.02,,2.72,,0.43,11.99,,30.12
2/2/2026,2019.0,20200598.0,17845.0,31580.0,"MAGELLAN TERMINALS HOLDINGS, LP",Crude Oil,INTERSTATE,OKLAHOMA,3.8,,,,2.08,,2.02,,,,,4.68,,12.58
2/2/2026,2019.0,20200598.0,17845.0,31580.0,"MAGELLAN TERMINALS HOLDINGS, LP",Crude Oil,INTRASTATE,LOUISIANA,,,,,,,,,,13.76,,0.11,,13.87
2/2/2026,2019.0,20200597.0,17844.0,31580.0,"MAGELLAN TERMINALS HOLDINGS, LP",Refined and/or Petroleum Product (non-HVL),INTRASTATE,CONNECTICUT,,,,,,2.82,,,,,,0.01,,2.83
2/2/2026,2019.0,20200597.0,17844.0,31580.0,"MAGELLAN TERMINALS HOLDINGS, LP",Refined and/or Petroleum Product (non-HVL),INTRASTATE,DELAWARE,,,,,,,,3.08,,,,,,3.08
2/2/2026,2019.0,20200597.0,17844.0,31580.0,"MAGELLAN TERMINALS HOLDINGS, LP",Refined and/or Petroleum Product (non-HVL),INTRASTATE,TEXAS,0.0,,,,,,,,12.4,0.29,1.19,,,13.88
2/2/2026,2019.0,20200357.0,17588.0,31613.0,"MIDCOAST PIPELINES (EAST TEXAS), L.P.",HVL,INTRASTATE,TEXAS,,,,,,,,44.993,15.784,4.607,65.658,45.184,,176.226
2/2/2026,2019.0,20200360.0,17591.0,31618.0,ENTERPRISE PRODUCTS OPERATING LLC,Crude Oil,INTRASTATE,TEXAS,0.0,0.0,0.0,0.0,0.0,0.0,0.0,0.0,0.0,3.355,0.473,10.302,,14.13
2/2/2026,2019.0,20200363.0,18976.0,31618.0,ENTERPRISE PRODUCTS OPERATING LLC,HVL,INTERSTATE,ALABAMA,0.0,0.0,0.0,0.0,0.0,0.0,0.0,0.0,0.0,18.549,0.0,0.0,,18.549
2/2/2026,2019.0,20200363.0,18976.0,31618.0,ENTERPRISE PRODUCTS OPERATING LLC,HVL,INTERSTATE,ARKANSAS,158.049,0.0,0.0,0.0,82.727,89.783,46.029,289.18,0.559,8.34,0.274,0.499,,675.44
2/2/2026,2019.0,20200363.0,18976.0,31618.0,ENTERPRISE PRODUCTS OPERATING LLC,HVL,INTERSTATE,COLORADO,0.0,0.0,0.0,0.0,0.0,0.0,0.0,0.0,148.296,160.373,69.904,355.651,,734.224
2/2/2026,2019.0,20200363.0,18976.0,31618.0,ENTERPRISE PRODUCTS OPERATING LLC,HVL,INTERSTATE,ILLINOIS,107.326,0.0,0.0,0.0,0.0,43.308,84.059,302.147,230.53,10.313,12.469,8.765,,798.917
2/2/2026,2019.0,20200363.0,18976.0,31618.0,ENTERPRISE PRODUCTS OPERATING LLC,HVL,INTERSTATE,INDIANA,151.102,0.0,0.0,,0.0,230.553,0.0,133.217,2.809,0.211,0.074,64.405,,582.371
2/2/2026,2019.0,20200363.0,18976.0,31618.0,ENTERPRISE PRODUCTS OPERATING LLC,HVL,INTERSTATE,IOWA,0.009,0.0,0.0,0.0,0.0,0.0,482.81,247.458,1.408,8.837,0.62,8.494,,749.636
2/2/2026,2019.0,20200363.0,18976.0,31618.0,ENTERPRISE PRODUCTS OPERATING LLC,HVL,INTERSTATE,KANSAS,0.13,0.0,0.0,0.0,0.0,0.0,794.2,346.235,222.312,130.735,103.895,4.089,,1601.596
2/2/2026,2019.0,20200363.0,18976.0,31618.0,ENTERPRISE PRODUCTS OPERATING LLC,HVL,INTERSTATE,KENTUCKY,0.0,0.0,0.0,0.0,0.0,0.0,0.0,9.882,0.005,0.0,0.0,0.0,,9.887
2/2/2026,2019.0,20200363.0,18976.0,31618.0,ENTERPRISE PRODUCTS OPERATING LLC,HVL,INTERSTATE,LOUISIANA,0.135,0.0,0.0,0.0,101.656,36.947,0.0,138.778,0.0,302.21,128.621,231.469,,939.816
2/2/2026,2019.0,20200363.0,18976.0,31618.0,ENTERPRISE PRODUCTS OPERATING LLC,HVL,INTERSTATE,MINNESOTA,0.148,0.0,0.0,0.0,0.0,0.0,144.464,65.579,0.216,6.085,0.388,0.287,,217.167
2/2/2026,2019.0,20200363.0,18976.0,31618.0,ENTERPRISE PRODUCTS OPERATING LLC,HVL,INTERSTATE,MISSISSIPPI,0.0,0.0,0.0,0.0,0.0,0.0,0.458,0.426,0.0,62.46,2.757,27.336,,93.437
2/2/2026,2019.0,20200363.0,18976.0,31618.0,ENTERPRISE PRODUCTS OPERATING LLC,HVL,INTERSTATE,MISSOURI,69.481,0.0,0.0,0.0,0.0,0.0,213.573,210.493,2.316,19.735,0.635,23.367,,539.6
2/2/2026,2019.0,20200363.0,18976.0,31618.0,ENTERPRISE PRODUCTS OPERATING LLC,HVL,INTERSTATE,NEBRASKA,0.0,0.0,0.0,0.0,0.0,0.0,282.142,1.077,0.061,4.985,0.021,0.817,,289.103
2/2/2026,2019.0,20200363.0,18976.0,31618.0,ENTERPRISE PRODUCTS OPERATING LLC,HVL,INTERSTATE,NEW MEXICO,0.057,0.0,0.0,0.0,0.0,0.0,35.318,124.758,440.495,455.811,142.272,251.172,,1449.883
2/2/2026,2019.0,20200363.0,18976.0,31618.0,ENTERPRISE PRODUCTS OPERATING LLC,HVL,INTERSTATE,NEW YORK,0.0,0.0,0.0,0.0,0.0,0.0,189.522,0.0,0.188,0.83,8.166,1.288,,199.994
2/2/2026,2019.0,20200363.0,18976.0,31618.0,ENTERPRISE PRODUCTS OPERATING LLC,HVL,INTERSTATE,OHIO,33.985,0.0,0.0,0.0,0.119,12.062,318.396,3.015,8.861,0.285,4.061,266.899,,647.683
2/2/2026,2019.0,20200363.0,18976.0,31618.0,ENTERPRISE PRODUCTS OPERATING LLC,HVL,INTERSTATE,OKLAHOMA,0.005,0.0,0.0,0.0,0.0,0.0,123.392,31.66,54.608,23.346,53.631,39.851,,326.493
2/2/2026,2019.0,20200363.0,18976.0,31618.0,ENTERPRISE PRODUCTS OPERATING LLC,HVL,INTERSTATE,PENNSYLVANIA,0.0,0.0,0.0,0.0,281.264,0.0,178.358,58.342,0.0,5.619,23.84,19.62,,567.043
2/2/2026,2019.0,20200363.0,18976.0,31618.0,ENTERPRISE PRODUCTS OPERATING LLC,HVL,INTERSTATE,TEXAS,441.991,0.0,33.916,0.0,83.866,152.995,481.124,624.557,150.793,356.387,211.644,954.762,,3492.035
2/2/2026,2019.0,20200363.0,18976.0,31618.0,ENTERPRISE PRODUCTS OPERATING LLC,HVL,INTERSTATE,UTAH,0.0,0.0,0.0,0.0,0.0,0.0,0.0,0.0,244.62,232.463,8.909,49.689,,535.681
2/2/2026,2019.0,20200363.0,18976.0,31618.0,ENTERPRISE PRODUCTS OPERATING LLC,HVL,INTERSTATE,WEST VIRGINIA,0.0,0.0,0.0,0.0,0.0,0.0,7.637,7.472,0.0,0.0,0.0,7.546,,22.655
2/2/2026,2019.0,20200363.0,18976.0,31618.0,ENTERPRISE PRODUCTS OPERATING LLC,HVL,INTERSTATE,WISCONSIN,0.007,0.0,0.0,0.0,0.0,0.0,68.545,0.266,0.0,2.296,0.0,0.035,,71.149
2/2/2026,2019.0,20200363.0,18976.0,31618.0,ENTERPRISE PRODUCTS OPERATING LLC,HVL,INTERSTATE,WYOMING,0.223,0.0,0.0,0.0,0.0,0.0,0.0,0.0,331.433,58.168,49.26,0.405,,439.489
2/2/2026,2019.0,20200363.0,18976.0,31618.0,ENTERPRISE PRODUCTS OPERATING LLC,HVL,INTRASTATE,LOUISIANA,97.343,0.0,0.0,0.0,0.0,0.0,508.862,248.048,98.774,104.921,192.06,10.629,,1260.637
2/2/2026,2019.0,20200363.0,18976.0,31618.0,ENTERPRISE PRODUCTS OPERATING LLC,HVL,INTRASTATE,TEXAS,33.669,0.0,0.0,0.0,37.324,238.312,439.933,308.222,1148.226,1095.383,392.251,1183.359,,4876.679
2/2/2026,2019.0,20200363.0,18976.0,31618.0,ENTERPRISE PRODUCTS OPERATING LLC,HVL,INTRASTATE,WYOMING,0.0,0.0,0.0,0.0,0.0,0.0,0.0,0.0,0.0,10.219,21.694,0.031,,31.944
2/2/2026,2019.0,20200362.0,17594.0,31618.0,ENTERPRISE PRODUCTS OPERATING LLC,Refined and/or Petroleum Product (non-HVL),INTERSTATE,ARKANSAS,0.0,0.0,0.0,0.0,0.0,0.0,0.0,0.0,0.0,36.015,1.681,0.0,,37.696
2/2/2026,2019.0,20200362.0,17594.0,31618.0,ENTERPRISE PRODUCTS OPERATING LLC,Refined and/or Petroleum Product (non-HVL),INTERSTATE,ILLINOIS,0.106,0.0,0.0,0.0,0.0,2.377,7.63,5.662,2.801,0.006,0.0,15.823,,34.405
2/2/2026,2019.0,20200362.0,17594.0,31618.0,ENTERPRISE PRODUCTS OPERATING LLC,Refined and/or Petroleum Product (non-HVL),INTERSTATE,INDIANA,0.0,0.0,0.0,0.0,0.0,0.0,5.775,18.264,0.0,0.409,5.518,0.0,,29.966
2/2/2026,2019.0,20200362.0,17594.0,31618.0,ENTERPRISE PRODUCTS OPERATING LLC,Refined and/or Petroleum Product (non-HVL),INTERSTATE,KANSAS,0.0,0.0,0.0,0.0,0.0,0.0,0.0,0.0,0.558,0.0,0.0,0.001,,0.559
2/2/2026,2019.0,20200362.0,17594.0,31618.0,ENTERPRISE PRODUCTS OPERATING LLC,Refined and/or Petroleum Product (non-HVL),INTERSTATE,KENTUCKY,0.0,0.0,0.0,0.0,0.0,0.0,0.0,0.0,0.0,9.11,0.245,0.0,,9.355
2/2/2026,2019.0,20200362.0,17594.0,31618.0,ENTERPRISE PRODUCTS OPERATING LLC,Refined and/or Petroleum Product (non-HVL),INTERSTATE,LOUISIANA,36.881,0.0,0.927,0.0,0.011,10.042,1.943,0.44,0.146,23.226,2.92,0.04,,76.576
2/2/2026,2019.0,20200362.0,17594.0,31618.0,ENTERPRISE PRODUCTS OPERATING LLC,Refined and/or Petroleum Product (non-HVL),INTERSTATE,OHIO,0.0,0.0,0.0,0.0,0.0,0.0,33.296,0.0,0.0,4.879,0.081,0.0,,38.256
2/2/2026,2019.0,20200362.0,17594.0,31618.0,ENTERPRISE PRODUCTS OPERATING LLC,Refined and/or Petroleum Product (non-HVL),INTERSTATE,TENNESSEE,0.0,0.0,0.0,0.0,0.0,0.0,0.0,0.0,0.0,0.0,6.832,0.0,,6.832
2/2/2026,2019.0,20200362.0,17594.0,31618.0,ENTERPRISE PRODUCTS OPERATING LLC,Refined and/or Petroleum Product (non-HVL),INTERSTATE,TEXAS,0.521,0.0,0.0,0.0,58.587,,0.0,0.949,1.442,0.23,10.001,16.43,,88.16
2/2/2026,2019.0,20200362.0,17594.0,31618.0,ENTERPRISE PRODUCTS OPERATING LLC,Refined and/or Petroleum Product (non-HVL),INTRASTATE,LOUISIANA,0.0,0.0,0.0,0.0,0.0,0.0,0.0,0.0,0.0,0.0,19.284,62.861,,82.145
2/2/2026,2019.0,20200362.0,17594.0,31618.0,ENTERPRISE PRODUCTS OPERATING LLC,Refined and/or Petroleum Product (non-HVL),INTRASTATE,NEW MEXICO,0.0,0.0,0.0,0.0,0.0,0.0,0.0,301.583,0.004,29.56,3.445,0.329,,334.921
2/2/2026,2019.0,20200362.0,17594.0,31618.0,ENTERPRISE PRODUCTS OPERATING LLC,Refined and/or Petroleum Product (non-HVL),INTRASTATE,TEXAS,5.413,0.0,0.0,0.0,20.136,31.379,5.732,66.722,12.449,23.694,121.098,7.232,,293.855
2/2/2026,2019.0,20200344.0,17575.0,31627.0,"DENBURY ONSHORE, LLC",CO2,INTERSTATE,LOUISIANA,0.0,0.0,0.0,0.0,0.0,0.0,0.0,0.0,68.35,0.0,5.92,,,74.27
2/2/2026,2019.0,20200344.0,17575.0,31627.0,"DENBURY ONSHORE, LLC",CO2,INTERSTATE,MISSISSIPPI,0.0,0.0,0.0,0.0,0.0,0.0,0.0,0.0,163.26,4.16,41.91,40.04,,249.37
2/2/2026,2019.0,20200344.0,17575.0,31627.0,"DENBURY ONSHORE, LLC",CO2,INTRASTATE,MISSISSIPPI,0.0,0.0,0.0,0.0,0.0,0.0,0.0,0.0,0.0,0.0,4.37,0.01,,4.38
2/2/2026,2019.0,20200610.0,17858.0,31663.0,NAVAJO NATION OIL AND GAS COMPANY,Crude Oil,INTERSTATE,COLORADO,,,,,,12.1,,,,,,,,12.1
2/2/2026,2019.0,20200610.0,17858.0,31663.0,NAVAJO NATION OIL AND GAS COMPANY,Crude Oil,INTERSTATE,NEW MEXICO,,0.0,0.0,0.0,0.0,55.973,2.176,0.0,0.0,0.0,0.0,0.153,,58.302
2/2/2026,2019.0,20200610.0,17858.0,31663.0,NAVAJO NATION OIL AND GAS COMPANY,Crude Oil,INTERSTATE,UTAH,0.0,0.0,0.0,0.0,0.0,17.253,0.0,0.0,0.0,0.0,0.0,0.067,,17.32
2/2/2026,2019.0,20200280.0,17654.0,31684.0,PHILLIPS 66 PIPELINE LLC,Crude Oil,INTERSTATE,ILLINOIS,2.2,,,,,,,,,,0.63,,,2.83
2/2/2026,2019.0,20200280.0,17654.0,31684.0,PHILLIPS 66 PIPELINE LLC,Crude Oil,INTERSTATE,LOUISIANA,0.0,0.0,0.0,0.0,0.0,6.64,0.0,0.0,3.88,0.87,0.0,0.01,,11.4
2/2/2026,2019.0,20200280.0,17654.0,31684.0,PHILLIPS 66 PIPELINE LLC,Crude Oil,INTERSTATE,MONTANA,0.0,0.0,0.0,0.0,0.0,0.0,680.82,50.19,0.41,48.08,11.47,6.51,,797.48
2/2/2026,2019.0,20200280.0,17654.0,31684.0,PHILLIPS 66 PIPELINE LLC,Crude Oil,INTERSTATE,NEW MEXICO,0.0,0.0,0.0,0.0,5.91,0.0,0.0,0.99,1.09,9.47,1.8,0.0,,19.26
2/2/2026,2019.0,20200280.0,17654.0,31684.0,PHILLIPS 66 PIPELINE LLC,Crude Oil,INTERSTATE,NORTH DAKOTA,,,,,,,,,,,,94.42,,94.42
2/2/2026,2019.0,20200280.0,17654.0,31684.0,PHILLIPS 66 PIPELINE LLC,Crude Oil,INTERSTATE,OKLAHOMA,3.03,0.0,0.0,0.0,0.0,360.91,6.96,7.06,5.65,63.41,7.86,0.73,,455.61
2/2/2026,2019.0,20200280.0,17654.0,31684.0,PHILLIPS 66 PIPELINE LLC,Crude Oil,INTERSTATE,TEXAS,,,,,452.76,150.16,1.0,6.45,1.86,6.75,12.45,591.23,,1222.66
2/2/2026,2019.0,20200280.0,17654.0,31684.0,PHILLIPS 66 PIPELINE LLC,Crude Oil,INTERSTATE,WYOMING,0.0,0.0,0.0,0.0,0.0,0.0,14.97,0.0,0.0,0.49,0.01,0.0,,15.47
2/2/2026,2019.0,20200280.0,17654.0,31684.0,PHILLIPS 66 PIPELINE LLC,Crude Oil,INTRASTATE,CALIFORNIA,30.27,0.85,0.0,0.0,8.66,296.37,7.41,18.61,32.07,48.64,8.59,16.01,,467.48
2/2/2026,2019.0,20200280.0,17654.0,31684.0,PHILLIPS 66 PIPELINE LLC,Crude Oil,INTRASTATE,LOUISIANA,0.0,0.0,0.0,41.61,0.0,21.59,12.03,0.0,0.07,0.15,3.61,0.14,,79.2
2/2/2026,2019.0,20200280.0,17654.0,31684.0,PHILLIPS 66 PIPELINE LLC,Crude Oil,INTRASTATE,NORTH DAKOTA,,,,,,,,,,,,0.1,,0.1
2/2/2026,2019.0,20200280.0,17654.0,31684.0,PHILLIPS 66 PIPELINE LLC,Crude Oil,INTRASTATE,OKLAHOMA,0.0,0.0,0.0,0.0,0.0,0.0,0.0,0.0,0.0,0.0,0.0,1.64,,1.64
2/2/2026,2019.0,20200280.0,17654.0,31684.0,PHILLIPS 66 PIPELINE LLC,Crude Oil,INTRASTATE,TEXAS,0.0,0.0,0.0,1.84,23.34,52.46,21.45,0.28,7.85,4.3,16.65,32.63,,160.8
2/2/2026,2019.0,20200413.0,17651.0,31684.0,PHILLIPS 66 PIPELINE LLC,HVL,INTERSTATE,COLORADO,0.0,0.0,0.0,0.0,78.88,137.84,0.42,103.1,1.34,23.09,7.82,14.13,,366.62
2/2/2026,2019.0,20200413.0,17651.0,31684.0,PHILLIPS 66 PIPELINE LLC,HVL,INTERSTATE,ILLINOIS,0.0,0.0,0.0,0.0,0.0,0.0,0.0,6.06,0.55,5.0,0.0,0.0,,11.61
2/2/2026,2019.0,20200413.0,17651.0,31684.0,PHILLIPS 66 PIPELINE LLC,HVL,INTERSTATE,KANSAS,0.0,0.0,0.0,0.0,12.9,183.97,72.99,7.4,101.24,57.76,0.6,1.03,,437.89
2/2/2026,2019.0,20200413.0,17651.0,31684.0,PHILLIPS 66 PIPELINE LLC,HVL,INTERSTATE,LOUISIANA,0.0,0.0,0.0,0.0,0.0,0.0,28.67,0.0,0.67,1.55,0.56,0.03,,31.48
2/2/2026,2019.0,20200413.0,17651.0,31684.0,PHILLIPS 66 PIPELINE LLC,HVL,INTERSTATE,MISSOURI,0.0,0.0,0.0,0.0,53.63,5.19,1.95,124.57,1.43,3.24,1.08,51.67,,242.76
2/2/2026,2019.0,20200413.0,17651.0,31684.0,PHILLIPS 66 PIPELINE LLC,HVL,INTERSTATE,NEW MEXICO,0.0,0.0,0.0,0.0,17.02,1.04,44.24,37.87,1.18,13.99,0.0,0.08,,115.42
2/2/2026,2019.0,20200413.0,17651.0,31684.0,PHILLIPS 66 PIPELINE LLC,HVL,INTERSTATE,OKLAHOMA,0.0,0.0,0.0,0.0,33.27,46.64,245.73,0.0,34.89,3.39,4.98,2.63,,371.53
2/2/2026,2019.0,20200413.0,17651.0,31684.0,PHILLIPS 66 PIPELINE LLC,HVL,INTERSTATE,TEXAS,12.53,0.0,0.0,0.0,81.31,204.09,282.86,88.59,36.19,603.26,0.96,248.28,,1558.07
2/2/2026,2019.0,20200413.0,17651.0,31684.0,PHILLIPS 66 PIPELINE LLC,HVL,INTERSTATE,WYOMING,0.0,0.0,0.0,0.0,0.0,0.0,0.0,138.5,0.01,0.01,0.0,0.05,,138.57
2/2/2026,2019.0,20200413.0,17651.0,31684.0,PHILLIPS 66 PIPELINE LLC,HVL,INTRASTATE,LOUISIANA,0.0,0.0,0.0,0.0,1.17,23.17,250.41,37.31,17.96,155.47,4.78,0.54,,490.81
2/2/2026,2019.0,20200413.0,17651.0,31684.0,PHILLIPS 66 PIPELINE LLC,HVL,INTRASTATE,TEXAS,0.14,0.0,0.0,0.04,16.73,72.64,193.35,212.05,77.21,49.84,4.56,1.2,,627.76
2/2/2026,2019.0,20200414.0,17925.0,31684.0,PHILLIPS 66 PIPELINE LLC,Refined and/or Petroleum Product (non-HVL),INTERSTATE,CALIFORNIA,,,,,1.19,,,,,,,1.2,,2.39
2/2/2026,2019.0,20200414.0,17925.0,31684.0,PHILLIPS 66 PIPELINE LLC,Refined and/or Petroleum Product (non-HVL),INTERSTATE,COLORADO,0.0,0.0,0.0,0.0,0.0,3.62,2.67,184.19,28.59,1.4,4.04,33.76,,258.27
2/2/2026,2019.0,20200414.0,17925.0,31684.0,PHILLIPS 66 PIPELINE LLC,Refined and/or Petroleum Product (non-HVL),INTERSTATE,IDAHO,0.0,0.0,0.0,0.0,0.0,61.09,0.0,0.0,0.0,1.38,6.39,10.7,,79.56
2/2/2026,2019.0,20200414.0,17925.0,31684.0,PHILLIPS 66 PIPELINE LLC,Refined and/or Petroleum Product (non-HVL),INTERSTATE,ILLINOIS,0.0,0.0,0.0,2.2,0.0,2.74,0.0,0.0,7.79,0.0,4.61,0.69,,18.03
2/2/2026,2019.0,20200414.0,17925.0,31684.0,PHILLIPS 66 PIPELINE LLC,Refined and/or Petroleum Product (non-HVL),INTERSTATE,KANSAS,0.0,0.0,0.0,0.0,50.52,10.48,63.16,6.97,305.99,122.88,8.18,0.7,,568.88
2/2/2026,2019.0,20200414.0,17925.0,31684.0,PHILLIPS 66 PIPELINE LLC,Refined and/or Petroleum Product (non-HVL),INTERSTATE,LOUISIANA,0.0,0.0,0.0,0.0,0.0,0.0,9.35,0.64,0.15,0.05,0.0,1.28,,11.47
2/2/2026,2019.0,20200414.0,17925.0,31684.0,PHILLIPS 66 PIPELINE LLC,Refined and/or Petroleum Product (non-HVL),INTERSTATE,MISSOURI,0.0,0.0,0.0,0.0,0.0,210.29,2.06,10.24,1.27,14.49,1.66,55.21,,295.22
2/2/2026,2019.0,20200414.0,17925.0,31684.0,PHILLIPS 66 PIPELINE LLC,Refined and/or Petroleum Product (non-HVL),INTERSTATE,MONTANA,2.93,0.0,0.0,0.0,0.0,351.89,145.52,4.42,15.71,25.97,20.17,11.96,,578.57
2/2/2026,2019.0,20200414.0,17925.0,31684.0,PHILLIPS 66 PIPELINE LLC,Refined and/or Petroleum Product (non-HVL),INTERSTATE,NEW JERSEY,0.0,0.0,0.0,0.0,0.0,2.03,0.0,0.0,0.0,0.0,0.0,0.0,,2.03
2/2/2026,2019.0,20200414.0,17925.0,31684.0,PHILLIPS 66 PIPELINE LLC,Refined and/or Petroleum Product (non-HVL),INTERSTATE,OKLAHOMA,0.0,0.0,0.0,33.07,0.0,80.76,76.02,46.38,87.2,134.25,57.38,111.59,,626.65
2/2/2026,2019.0,20200414.0,17925.0,31684.0,PHILLIPS 66 PIPELINE LLC,Refined and/or Petroleum Product (non-HVL),INTERSTATE,TEXAS,0.0,0.0,0.0,0.0,0.0,99.46,48.18,71.9,142.44,70.44,1.2,4.39,,438.01
2/2/2026,2019.0,20200414.0,17925.0,31684.0,PHILLIPS 66 PIPELINE LLC,Refined and/or Petroleum Product (non-HVL),INTERSTATE,UTAH,0.0,0.0,0.0,0.0,0.0,73.79,2.21,0.0,0.0,2.04,34.66,1.5,,114.2
2/2/2026,2019.0,20200414.0,17925.0,31684.0,PHILLIPS 66 PIPELINE LLC,Refined and/or Petroleum Product (non-HVL),INTERSTATE,WASHINGTON,0.0,0.0,0.0,0.0,0.0,39.28,84.39,0.0,5.06,2.73,1.23,0.03,,132.72
2/2/2026,2019.0,20200414.0,17925.0,31684.0,PHILLIPS 66 PIPELINE LLC,Refined and/or Petroleum Product (non-HVL),INTERSTATE,WYOMING,0.0,0.0,0.0,0.0,0.0,213.98,207.79,0.0,45.88,3.22,230.84,5.66,,707.37
2/2/2026,2019.0,20200414.0,17925.0,31684.0,PHILLIPS 66 PIPELINE LLC,Refined and/or Petroleum Product (non-HVL),INTRASTATE,CALIFORNIA,9.15,0.0,0.0,0.0,36.51,85.29,46.26,15.73,17.58,45.15,11.1,7.87,,274.64
2/2/2026,2019.0,20200414.0,17925.0,31684.0,PHILLIPS 66 PIPELINE LLC,Refined and/or Petroleum Product (non-HVL),INTRASTATE,KANSAS,,,,,,,,,,,0.08,,,0.08
2/2/2026,2019.0,20200414.0,17925.0,31684.0,PHILLIPS 66 PIPELINE LLC,Refined and/or Petroleum Product (non-HVL),INTRASTATE,LOUISIANA,0.0,0.0,0.0,0.0,0.0,5.9,0.0,0.0,0.0,12.92,0.0,0.27,,19.09
2/2/2026,2019.0,20200414.0,17925.0,31684.0,PHILLIPS 66 PIPELINE LLC,Refined and/or Petroleum Product (non-HVL),INTRASTATE,NEBRASKA,0.6,,,,,,,,,,,,,0.6
2/2/2026,2019.0,20200414.0,17925.0,31684.0,PHILLIPS 66 PIPELINE LLC,Refined and/or Petroleum Product (non-HVL),INTRASTATE,TEXAS,0.0,0.0,0.0,0.0,0.0,0.0,12.17,12.2,2.66,57.36,6.76,40.5,,131.65
2/2/2026,2019.0,20200160.0,17383.0,31687.0,"HILL-LAKE GAS STORAGE, LLC",HVL,INTRASTATE,TEXAS,,,,,,,,,,,2.0,,,2.0
2/2/2026,2019.0,20200476.0,17718.0,31703.0,"WILLIAMS MLP OPERATING, LLC",HVL,INTRASTATE,WEST VIRGINIA,,,,,,,,,,,,5.54,,5.54
2/2/2026,2019.0,20200531.0,17775.0,31707.0,CHEVRON U.S.A. INC - PERMIAN BASIN,Crude Oil,INTRASTATE,TEXAS,,,,,,9.1,,,,,,0.0,,9.1
2/2/2026,2019.0,20200532.0,17776.0,31707.0,CHEVRON U.S.A. INC - PERMIAN BASIN,HVL,INTRASTATE,TEXAS,,,,,,,,,,,,0.26,,0.26
2/2/2026,2019.0,20200185.0,17408.0,31719.0,HILAND PARTNERS HOLDINGS LLC,HVL,INTRASTATE,MONTANA,0.0,0.0,0.0,0.0,0.0,0.0,0.0,0.0,0.0,0.0,8.85,0.0,,8.85
2/2/2026,2019.0,20200185.0,17408.0,31719.0,HILAND PARTNERS HOLDINGS LLC,HVL,INTRASTATE,NORTH DAKOTA,0.0,0.0,0.0,0.0,0.0,0.0,0.0,0.0,0.0,0.0,0.0,12.95,,12.95
2/2/2026,2019.0,20200323.0,17552.0,31720.0,"EXPRESS HOLDINGS (USA), LLC",Crude Oil,INTERSTATE,ILLINOIS,0.0,0.0,0.0,0.0,0.0,4.82,0.0,0.0,0.0,0.0,0.0,0.0,,4.82
2/2/2026,2019.0,20200323.0,17552.0,31720.0,"EXPRESS HOLDINGS (USA), LLC",Crude Oil,INTERSTATE,KANSAS,0.0,0.0,0.0,0.0,0.0,98.41,0.0,0.0,0.0,0.0,0.0,0.0,,98.41
2/2/2026,2019.0,20200323.0,17552.0,31720.0,"EXPRESS HOLDINGS (USA), LLC",Crude Oil,INTERSTATE,MISSOURI,0.0,0.0,0.0,0.0,0.0,271.43,0.0,0.0,0.0,0.0,0.0,0.0,,271.43
2/2/2026,2019.0,20200323.0,17552.0,31720.0,"EXPRESS HOLDINGS (USA), LLC",Crude Oil,INTERSTATE,MONTANA,0.0,0.0,0.0,0.0,0.0,0.0,0.0,0.0,0.0,304.08,0.0,0.0,,304.08
2/2/2026,2019.0,20200323.0,17552.0,31720.0,"EXPRESS HOLDINGS (USA), LLC",Crude Oil,INTERSTATE,NEBRASKA,0.0,0.0,0.0,0.0,0.0,409.66,0.0,0.0,0.0,0.0,0.0,0.0,,409.66
2/2/2026,2019.0,20200323.0,17552.0,31720.0,"EXPRESS HOLDINGS (USA), LLC",Crude Oil,INTERSTATE,WYOMING,0.0,0.0,0.0,0.0,0.0,154.96,0.39,0.0,0.0,209.85,0.0,0.0,,365.2
2/2/2026,2019.0,20200018.0,17214.0,31721.0,PIPELINE TECHNOLOGY,HVL,INTRASTATE,LOUISIANA,,,,,,,,,,,3.3,3.0,,6.3
2/2/2026,2019.0,20200017.0,17215.0,31721.0,PIPELINE TECHNOLOGY,Refined and/or Petroleum Product (non-HVL),INTRASTATE,LOUISIANA,,,,,,,,,,,22.0,,,22.0
2/2/2026,2019.0,20200563.0,17808.0,31723.0,EXXONMOBIL FUELS AND LUBRICANTS COMPANY,Crude Oil,INTERSTATE,LOUISIANA,,,,,,,,0.428,,,,,,0.428
2/2/2026,2019.0,20200563.0,17808.0,31723.0,EXXONMOBIL FUELS AND LUBRICANTS COMPANY,Crude Oil,INTRASTATE,LOUISIANA,0.0,,0.0,0.0,0.0,3.0,0.0,4.22,0.0,3.796,0.0,0.0,,11.016
2/2/2026,2019.0,20200564.0,17809.0,31723.0,EXXONMOBIL FUELS AND LUBRICANTS COMPANY,Refined and/or Petroleum Product (non-HVL),INTRASTATE,LOUISIANA,0.0,,11.363,0.0,11.363,0.0,0.0,0.687,0.0,0.0,0.0,0.0,,23.413
2/2/2026,2019.0,20200695.0,17983.0,31755.0,"NOBLE MIDSTREAM SERVICES, LLC",Crude Oil,INTRASTATE,COLORADO,,,,,,,,,,,,156.53,,156.53
2/2/2026,2019.0,20200695.0,17983.0,31755.0,"NOBLE MIDSTREAM SERVICES, LLC",Crude Oil,INTRASTATE,TEXAS,,,,,,,,,,,,114.1,,114.1
2/2/2026,2019.0,20200662.0,17918.0,31755.0,"NOBLE MIDSTREAM SERVICES, LLC",HVL,INTRASTATE,COLORADO,,,,,,,,,,,,5.083,,5.083
2/2/2026,2019.0,20200059.0,17270.0,31779.0,SWISSPORT FUELING INC,Refined and/or Petroleum Product (non-HVL),INTRASTATE,ARIZONA,,,,,,,,,12.28,,,,,12.28
2/2/2026,2019.0,20200043.0,17253.0,31801.0,TANDEM ENERGY CORPORATION,Crude Oil,INTRASTATE,TEXAS,,,,,,,2.97,,,,,1.34,,4.31
2/2/2026,2019.0,20200373.0,17608.0,31816.0,"MID-CONTINENT FRACTIONATION AND STORAGE, L.L.C.",HVL,INTRASTATE,KANSAS,27.29,0.0,0.0,0.0,0.0,0.0,0.0,12.83,0.0,14.24,3.36,1.39,,59.11
2/2/2026,2019.0,20200375.0,17610.0,31816.0,"MID-CONTINENT FRACTIONATION AND STORAGE, L.L.C.",Refined and/or Petroleum Product (non-HVL),INTRASTATE,KANSAS,3.54,,,,,,,,,,,,,3.54
2/2/2026,2019.0,20200131.0,17354.0,31822.0,SUNCOR ENERGY (USA) PIPELINE CO.,Crude Oil,INTERSTATE,COLORADO,0.0,,0.0,0.0,60.3,0.0,0.0,0.0,0.0,0.0,0.0,44.5,,104.8
2/2/2026,2019.0,20200131.0,17354.0,31822.0,SUNCOR ENERGY (USA) PIPELINE CO.,Crude Oil,INTERSTATE,WYOMING,0.0,0.0,0.0,0.0,9.0,0.0,0.0,0.0,0.0,0.0,0.0,9.0,,18.0
2/2/2026,2019.0,20200131.0,17354.0,31822.0,SUNCOR ENERGY (USA) PIPELINE CO.,Crude Oil,INTRASTATE,COLORADO,0.0,0.0,0.0,0.0,24.1,0.0,0.0,0.0,0.0,0.0,0.0,1.6,,25.7
2/2/2026,2019.0,20200131.0,17354.0,31822.0,SUNCOR ENERGY (USA) PIPELINE CO.,Crude Oil,INTRASTATE,WYOMING,0.0,0.0,0.0,53.9,78.9,0.0,0.0,29.0,57.0,0.0,0.0,0.2,,219.0
2/2/2026,2019.0,20200132.0,17355.0,31822.0,SUNCOR ENERGY (USA) PIPELINE CO.,Refined and/or Petroleum Product (non-HVL),INTRASTATE,COLORADO,0.0,0.0,0.0,0.0,0.0,0.0,4.17,0.0,0.0,0.0,0.0,0.0,,4.17
2/2/2026,2019.0,20200603.0,17851.0,31824.0,"CALUMET LUBRICANTS CO., L.P.",Crude Oil,INTRASTATE,LOUISIANA,0.0,,0.0,0.0,0.0,32.3,0.0,0.0,0.0,0.0,0.0,1.7,,34.0
2/2/2026,2019.0,20200381.0,17971.0,31847.0,"CALUMET LUBRICANTS CO., L. P.",Refined and/or Petroleum Product (non-HVL),INTRASTATE,LOUISIANA,,,,,,,,,,6.35,,,,6.35
2/2/2026,2019.0,20200394.0,17632.0,31863.0,HFOTCO LLC,Crude Oil,INTRASTATE,TEXAS,,,,,,,,,,10.4,,10.2,,20.6
2/2/2026,2019.0,20200513.0,17757.0,31864.0,APACHE CORPORATION,CO2,INTRASTATE,TEXAS,,,,,,,,,,41.13,,,,41.13
2/2/2026,2019.0,20200529.0,17773.0,31878.0,BRIDGER PIPELINE LLC,Crude Oil,INTERSTATE,MONTANA,0.0,,0.0,0.0,0.0,73.0,0.0,114.0,33.0,0.0,0.0,0.0,,220.0
2/2/2026,2019.0,20200529.0,17773.0,31878.0,BRIDGER PIPELINE LLC,Crude Oil,INTERSTATE,NORTH DAKOTA,,0.0,0.0,0.0,0.0,0.0,13.0,0.0,62.0,6.0,22.0,133.0,,236.0
2/2/2026,2019.0,20200163.0,17386.0,31887.0,DUKE ENERGY KENTUCKY - LIQUID,HVL,INTRASTATE,KENTUCKY,0.0,0.0,0.0,0.0,0.0,0.0,1.59,1.11,0.02,0.0,0.42,0.34,,3.48
2/2/2026,2019.0,20200530.0,18027.0,31888.0,CENTURION PIPELINE L.P.,Crude Oil,INTERSTATE,NEW MEXICO,178.4,0.0,0.0,0.0,0.0,37.7,0.0,0.0,0.0,0.0,0.0,68.9,,285.0
2/2/2026,2019.0,20200530.0,18027.0,31888.0,CENTURION PIPELINE L.P.,Crude Oil,INTERSTATE,OKLAHOMA,66.0,0.0,0.0,0.0,321.7,0.6,29.6,0.0,0.0,0.0,0.0,0.0,,417.9
2/2/2026,2019.0,20200530.0,18027.0,31888.0,CENTURION PIPELINE L.P.,Crude Oil,INTERSTATE,TEXAS,58.96,0.0,0.0,0.0,325.0,23.9,28.6,90.4,0.0,0.0,0.0,127.3,,654.16
2/2/2026,2019.0,20200530.0,18027.0,31888.0,CENTURION PIPELINE L.P.,Crude Oil,INTRASTATE,TEXAS,729.18,0.0,0.0,0.0,199.6,133.8,17.1,0.0,0.0,17.7,29.0,109.2,,1235.58
2/2/2026,2019.0,20200084.0,17299.0,31888.0,CENTURION PIPELINE L.P.,HVL,INTRASTATE,TEXAS,0.0,0.0,0.0,0.0,0.0,0.0,0.0,0.0,0.0,0.0,0.0,12.5,,12.5
2/2/2026,2019.0,20200668.0,18039.0,31914.0,NGL SUPPLY TERMINAL COMPANY LLC,HVL,INTRASTATE,ARKANSAS,,,,,,,,5.4,,,,,,5.4
2/2/2026,2019.0,20200668.0,18039.0,31914.0,NGL SUPPLY TERMINAL COMPANY LLC,HVL,INTRASTATE,OKLAHOMA,,,,,,,,,,,0.057,,,0.057
2/2/2026,2019.0,20200042.0,18066.0,31919.0,MIDSTREAM ENERGY PARTNERS (USA) LLC,HVL,INTRASTATE,CALIFORNIA,,,,,,,,,,,47.16,,0.0,47.16
2/2/2026,2019.0,20200007.0,17191.0,31933.0,CALCASIEU REFINING COMPANY,Refined and/or Petroleum Product (non-HVL),INTRASTATE,LOUISIANA,,,,,,,,,5.4,,,,,5.4
2/2/2026,2019.0,20200268.0,17493.0,31937.0,"TPCO, LLC",Crude Oil,INTRASTATE,MISSISSIPPI,,,,,,,0.0,,,,,10.4,,10.4
2/2/2026,2019.0,20200366.0,17598.0,31943.0,MIDCOAST GATHERING (NORTH TEXAS) L.P.,HVL,INTRASTATE,TEXAS,,,,,,,,,,0.86,15.5,,,16.36
2/2/2026,2019.0,20200328.0,17557.0,31947.0,ENBRIDGE PIPELINES (OZARK) L.L.C.,Crude Oil,INTRASTATE,KANSAS,0.0,0.0,0.0,0.0,5.0,0.0,0.0,0.0,0.0,0.0,0.0,0.0,,5.0
2/2/2026,2019.0,20200328.0,17557.0,31947.0,ENBRIDGE PIPELINES (OZARK) L.L.C.,Crude Oil,INTRASTATE,OKLAHOMA,0.0,0.0,0.0,0.0,41.08,1.0,1.0,2.0,0.0,1.0,1.0,0.0,,47.08
2/2/2026,2019.0,20200312.0,17541.0,31957.0,KINDER MORGAN WINK PIPELINE LLC,Crude Oil,INTERSTATE,TEXAS,,,,,75.0,348.0,,,,,9.0,1.0,,433.0
2/2/2026,2019.0,20200312.0,17541.0,31957.0,KINDER MORGAN WINK PIPELINE LLC,Crude Oil,INTRASTATE,TEXAS,,,,,,,,,,,2.0,,,2.0
2/2/2026,2019.0,20200372.0,17607.0,31970.0,"CONOCOPHILLIPS ALASKA, INC.",Refined and/or Petroleum Product (non-HVL),INTRASTATE,ALASKA,0.0,0.0,0.0,0.0,0.0,0.0,0.0,0.0,0.0,34.628,0.0,0.116,,34.744
2/2/2026,2019.0,20200689.0,17963.0,31982.0,"KOCH FERTILIZER, LLC.",HVL,INTRASTATE,IOWA,,,,,,,,0.11,0.018,,,0.057,,0.185
2/2/2026,2019.0,20200649.0,17903.0,31994.0,"PANTHER OPERATING COMPANY, LLC",Crude Oil,INTERSTATE,LOUISIANA,,,,,,,,,41.59,6.71,,,,48.3
2/2/2026,2019.0,20200649.0,17903.0,31994.0,"PANTHER OPERATING COMPANY, LLC",Crude Oil,INTERSTATE,OCS-Gulf of Mexico,,,,,,,,286.88,86.2,13.64,33.41,23.88,,444.01
2/2/2026,2019.0,20200649.0,17903.0,31994.0,"PANTHER OPERATING COMPANY, LLC",Crude Oil,INTERSTATE,TEXAS,,0.0,0.0,0.0,0.0,0.0,0.0,22.94,,,,,,22.94
2/2/2026,2019.0,20200547.0,17791.0,32005.0,"ENLINK PROCESSING SERVICES, LLC",HVL,INTERSTATE,LOUISIANA,0.0,0.0,0.0,0.0,0.0,0.0,7.19,102.12,12.25,0.0,0.0,125.48,,247.04
2/2/2026,2019.0,20200547.0,17791.0,32005.0,"ENLINK PROCESSING SERVICES, LLC",HVL,INTERSTATE,TEXAS,,,,,,,,,,,,64.27,,64.27
2/2/2026,2019.0,20200547.0,17791.0,32005.0,"ENLINK PROCESSING SERVICES, LLC",HVL,INTRASTATE,LOUISIANA,,,,,,,186.39,41.91,102.66,39.08,0.31,52.08,,422.43
2/2/2026,2019.0,20200548.0,17792.0,32005.0,"ENLINK PROCESSING SERVICES, LLC",Refined and/or Petroleum Product (non-HVL),INTRASTATE,LOUISIANA,,,,,,,2.21,,15.6,3.48,,1.75,,23.04
2/2/2026,2019.0,20200049.0,17259.0,32007.0,SUPERIOR PIPELINE COMPANY L.L.C.,HVL,INTRASTATE,OKLAHOMA,,,,,,,,,,,11.12,24.95,,36.07
2/2/2026,2019.0,20200469.0,18927.0,32011.0,"HOLLY ENERGY PARTNERS - OPERATING, L.P.",Crude Oil,INTERSTATE,NEW MEXICO,0.0,0.0,0.0,0.0,6.57,0.0,0.0,0.0,6.77,0.01,21.5,0.0,,34.85
2/2/2026,2019.0,20200469.0,18927.0,32011.0,"HOLLY ENERGY PARTNERS - OPERATING, L.P.",Crude Oil,INTERSTATE,TEXAS,,,,11.23,,,,,3.96,,9.99,,,25.18
2/2/2026,2019.0,20200469.0,18927.0,32011.0,"HOLLY ENERGY PARTNERS - OPERATING, L.P.",Crude Oil,INTERSTATE,UTAH,0.38,,,69.49,24.55,,,,41.13,0.71,95.09,,,231.35
2/2/2026,2019.0,20200469.0,18927.0,32011.0,"HOLLY ENERGY PARTNERS - OPERATING, L.P.",Crude Oil,INTERSTATE,WYOMING,,,,,,,,,290.18,0.23,0.25,0.01,,290.67
2/2/2026,2019.0,20200469.0,18927.0,32011.0,"HOLLY ENERGY PARTNERS - OPERATING, L.P.",Crude Oil,INTRASTATE,KANSAS,0.0,,0.0,0.0,0.0,0.0,0.0,0.0,0.0,0.0,3.85,0.09,,3.94
2/2/2026,2019.0,20200469.0,18927.0,32011.0,"HOLLY ENERGY PARTNERS - OPERATING, L.P.",Crude Oil,INTRASTATE,NEW MEXICO,6.84,,,,,9.49,,10.16,68.67,6.13,111.76,54.05,,267.1
2/2/2026,2019.0,20200469.0,18927.0,32011.0,"HOLLY ENERGY PARTNERS - OPERATING, L.P.",Crude Oil,INTRASTATE,TEXAS,0.0,0.0,0.0,4.79,0.0,13.73,0.0,0.0,4.03,0.0,7.96,0.0,,30.51
2/2/2026,2019.0,20200469.0,18927.0,32011.0,"HOLLY ENERGY PARTNERS - OPERATING, L.P.",Crude Oil,INTRASTATE,UTAH,0.11,,,,,,,,,,0.52,,,0.63
2/2/2026,2019.0,20200470.0,17943.0,32011.0,"HOLLY ENERGY PARTNERS - OPERATING, L.P.",Refined and/or Petroleum Product (non-HVL),INTERSTATE,NEBRASKA,111.77,,,,,0.0,,,,0.03,58.86,0.02,,170.68
2/2/2026,2019.0,20200470.0,17943.0,32011.0,"HOLLY ENERGY PARTNERS - OPERATING, L.P.",Refined and/or Petroleum Product (non-HVL),INTERSTATE,NEW MEXICO,,,,,,108.49,,,,16.24,58.55,0.51,,183.79
2/2/2026,2019.0,20200470.0,17943.0,32011.0,"HOLLY ENERGY PARTNERS - OPERATING, L.P.",Refined and/or Petroleum Product (non-HVL),INTERSTATE,OKLAHOMA,,,,,,28.27,,,,,0.35,,,28.62
2/2/2026,2019.0,20200470.0,17943.0,32011.0,"HOLLY ENERGY PARTNERS - OPERATING, L.P.",Refined and/or Petroleum Product (non-HVL),INTERSTATE,TEXAS,0.0,,,,,63.63,,,14.38,102.98,32.11,22.53,,235.63
2/2/2026,2019.0,20200470.0,17943.0,32011.0,"HOLLY ENERGY PARTNERS - OPERATING, L.P.",Refined and/or Petroleum Product (non-HVL),INTERSTATE,UTAH,,,,,,,,,,,3.49,1.27,,4.76
2/2/2026,2019.0,20200470.0,17943.0,32011.0,"HOLLY ENERGY PARTNERS - OPERATING, L.P.",Refined and/or Petroleum Product (non-HVL),INTERSTATE,WYOMING,,,,,,0.19,,,,,38.79,0.02,,39.0
2/2/2026,2019.0,20200470.0,17943.0,32011.0,"HOLLY ENERGY PARTNERS - OPERATING, L.P.",Refined and/or Petroleum Product (non-HVL),INTRASTATE,IDAHO,,,,,,,13.23,,,0.07,,,,13.3
2/2/2026,2019.0,20200470.0,17943.0,32011.0,"HOLLY ENERGY PARTNERS - OPERATING, L.P.",Refined and/or Petroleum Product (non-HVL),INTRASTATE,NEW MEXICO,,,,,,34.24,,,64.18,128.59,0.1,1.97,,229.08
2/2/2026,2019.0,20200470.0,17943.0,32011.0,"HOLLY ENERGY PARTNERS - OPERATING, L.P.",Refined and/or Petroleum Product (non-HVL),INTRASTATE,OKLAHOMA,,,,,,,,,,,,3.05,,3.05
2/2/2026,2019.0,20200470.0,17943.0,32011.0,"HOLLY ENERGY PARTNERS - OPERATING, L.P.",Refined and/or Petroleum Product (non-HVL),INTRASTATE,TEXAS,0.0,,37.07,,,269.11,0.0,0.0,56.92,92.69,10.49,8.87,,475.15
2/2/2026,2019.0,20200470.0,17943.0,32011.0,"HOLLY ENERGY PARTNERS - OPERATING, L.P.",Refined and/or Petroleum Product (non-HVL),INTRASTATE,UTAH,,,,,3.81,1.77,,,,,,0.11,,5.69
2/2/2026,2019.0,20200470.0,17943.0,32011.0,"HOLLY ENERGY PARTNERS - OPERATING, L.P.",Refined and/or Petroleum Product (non-HVL),INTRASTATE,WYOMING,,,,,,,,,,,4.0,,,4.0
2/2/2026,2019.0,20200683.0,17950.0,32051.0,"MARTIN OPERATING PARTNERSHIP, L.P.",HVL,INTRASTATE,TEXAS,0.0,0.0,0.0,11.75,0.0,0.0,0.0,0.0,0.0,0.0,0.0,0.0,,11.75
2/2/2026,2019.0,20200693.0,17974.0,32051.0,"MARTIN OPERATING PARTNERSHIP, L.P.",Refined and/or Petroleum Product (non-HVL),INTRASTATE,TEXAS,0.0,,,,,,,,,,1.39,4.43,,5.82
2/2/2026,2019.0,20200524.0,17768.0,32052.0,"WHITE MARLIN OPERATING COMPANY, LLC",Crude Oil,INTRASTATE,TEXAS,,,,,,,,,,,6.52,,,6.52
2/2/2026,2019.0,20200229.0,17453.0,32062.0,IMTT-PIPELINE,Refined and/or Petroleum Product (non-HVL),INTERSTATE,NEW JERSEY,,,,,,2.62,,,2.61,0.18,1.29,0.25,,6.95
2/2/2026,2019.0,20200229.0,17453.0,32062.0,IMTT-PIPELINE,Refined and/or Petroleum Product (non-HVL),INTERSTATE,NEW YORK,,,,,,,,1.49,,,1.41,,,2.9
2/2/2026,2019.0,20200624.0,17875.0,32073.0,LUCID ARTESIA COMPANY,HVL,INTRASTATE,NEW MEXICO,0.0,0.0,0.0,0.0,0.0,0.0,0.0,0.0,0.0,0.0,0.0,7.22,,7.22
2/2/2026,2019.0,20200318.0,17547.0,32080.0,"CCPS TRANSPORTATION, LLC",Crude Oil,INTERSTATE,ILLINOIS,0.0,0.0,0.0,0.0,0.0,165.68,0.0,0.0,0.0,1.4,0.0,168.54,,335.62
2/2/2026,2019.0,20200318.0,17547.0,32080.0,"CCPS TRANSPORTATION, LLC",Crude Oil,INTERSTATE,KANSAS,0.0,0.0,0.0,0.0,0.0,119.9,0.0,0.0,0.0,0.0,0.0,125.49,,245.39
2/2/2026,2019.0,20200318.0,17547.0,32080.0,"CCPS TRANSPORTATION, LLC",Crude Oil,INTERSTATE,MISSOURI,0.0,0.0,0.0,0.0,0.0,205.07,0.0,1.0,0.0,0.0,0.0,208.11,,414.18
2/2/2026,2019.0,20200318.0,17547.0,32080.0,"CCPS TRANSPORTATION, LLC",Crude Oil,INTERSTATE,OKLAHOMA,0.0,0.0,0.0,0.0,0.0,90.45,0.0,0.0,0.0,0.74,0.0,92.33,,183.52
2/2/2026,2019.0,20200292.0,17520.0,32082.0,"ZENITH ENERGY TERMINALS HOLDINGS, LLC",Refined and/or Petroleum Product (non-HVL),INTRASTATE,OHIO,,,,,0.922,,0.284,0.045,0.139,0.008,0.171,,,1.569
2/2/2026,2019.0,20200090.0,18033.0,32083.0,"DCOR, LLC",Crude Oil,INTERSTATE,CALIFORNIA,,,,,,,4.77,,9.73,,,,,14.5
2/2/2026,2019.0,20200090.0,18033.0,32083.0,"DCOR, LLC",Crude Oil,INTERSTATE,OCS-Pacific,,,,,,,6.4,,6.52,,,,,12.92
2/2/2026,2019.0,20200090.0,18033.0,32083.0,"DCOR, LLC",Crude Oil,INTRASTATE,CALIFORNIA,2.54,,,,,,,16.83,5.22,1.99,,,,26.58
2/2/2026,2019.0,20200410.0,17648.0,32091.0,"WILLIAMS OIL GATHERING, LLC",Crude Oil,INTERSTATE,LOUISIANA,0.0,,0.0,0.0,0.0,0.0,0.0,0.0,0.0,0.0,17.92,0.0,,17.92
2/2/2026,2019.0,20200410.0,17648.0,32091.0,"WILLIAMS OIL GATHERING, LLC",Crude Oil,INTERSTATE,OCS-Gulf of Mexico,0.0,0.0,0.0,0.0,0.0,0.0,0.0,0.0,0.0,0.0,359.94,0.0,,359.94
2/2/2026,2019.0,20200555.0,17799.0,32094.0,AUX SABLE LIQUID PRODUCTS,HVL,INTRASTATE,ILLINOIS,,,,,,,,28.311,,,3.445,0.077,,31.833
2/2/2026,2019.0,20200516.0,17760.0,32095.0,"LBC HOUSTON, L.P.",HVL,INTRASTATE,TEXAS,0.0,0.0,0.0,0.0,0.0,0.0,0.0,0.0,0.0,1.774,0.0,0.0,,1.774
2/2/2026,2019.0,20200515.0,17759.0,32095.0,"LBC HOUSTON, L.P.",Refined and/or Petroleum Product (non-HVL),INTRASTATE,TEXAS,3.621,,,,,,,,1.809,,,,,5.43
2/2/2026,2019.0,20200395.0,17633.0,32096.0,WYNNEWOOD REFINERY COMPANY,Crude Oil,INTRASTATE,OKLAHOMA,2.1,,,,,,,,,,,,,2.1
2/2/2026,2019.0,20200398.0,19773.0,32099.0,ENERGY TRANSFER COMPANY,Crude Oil,INTERSTATE,NEW MEXICO,,,,,,,,,,,,15.8,,15.8
2/2/2026,2019.0,20200398.0,19773.0,32099.0,ENERGY TRANSFER COMPANY,Crude Oil,INTERSTATE,TEXAS,,,,,,,,,,,,53.8,0.0,53.8
2/2/2026,2019.0,20200398.0,19773.0,32099.0,ENERGY TRANSFER COMPANY,Crude Oil,INTRASTATE,LOUISIANA,,,,,,,,,,,,12.8,,12.8
2/2/2026,2019.0,20200398.0,19773.0,32099.0,ENERGY TRANSFER COMPANY,Crude Oil,INTRASTATE,NEW MEXICO,,,,,,,,,,,,6.0,,6.0
2/2/2026,2019.0,20200398.0,19773.0,32099.0,ENERGY TRANSFER COMPANY,Crude Oil,INTRASTATE,TEXAS,115.0,,,,,51.8,25.2,0.2,28.9,21.3,,69.8,0.0,312.2
2/2/2026,2019.0,20200397.0,18057.0,32099.0,ENERGY TRANSFER COMPANY,HVL,INTERSTATE,NEW MEXICO,3.1,,,,,,32.2,5.6,,3.2,,31.2,0.0,75.3
2/2/2026,2019.0,20200397.0,18057.0,32099.0,ENERGY TRANSFER COMPANY,HVL,INTERSTATE,TEXAS,39.9,,,,,34.1,26.9,54.1,0.0,15.7,0.1,1205.1,0.0,1375.9
2/2/2026,2019.0,20200397.0,18057.0,32099.0,ENERGY TRANSFER COMPANY,HVL,INTRASTATE,LOUISIANA,49.2,,,,,,,,,10.3,100.7,84.9,,245.1
2/2/2026,2019.0,20200397.0,18057.0,32099.0,ENERGY TRANSFER COMPANY,HVL,INTRASTATE,TEXAS,547.1,,,,158.1,128.8,121.1,96.6,30.5,38.9,24.8,362.9,0.0,1508.8
2/2/2026,2019.0,20200608.0,17856.0,32103.0,CRIMSON PIPELINE L.P.,Crude Oil,INTRASTATE,CALIFORNIA,208.0,12.0,101.0,36.0,279.0,244.0,98.0,23.0,6.0,14.0,10.0,3.0,,1034.0
2/2/2026,2019.0,20200217.0,19758.0,32109.0,"ONEOK NGL PIPELINE, LLC",HVL,INTERSTATE,COLORADO,,,,,,,,,,,,149.52,,149.52
2/2/2026,2019.0,20200217.0,19758.0,32109.0,"ONEOK NGL PIPELINE, LLC",HVL,INTERSTATE,ILLINOIS,33.23,,,,,,229.67,15.43,9.33,2.46,0.0,5.57,,295.69
2/2/2026,2019.0,20200217.0,19758.0,32109.0,"ONEOK NGL PIPELINE, LLC",HVL,INTERSTATE,INDIANA,,,,,,,3.51,0.42,0.43,,0.05,,,4.41
2/2/2026,2019.0,20200217.0,19758.0,32109.0,"ONEOK NGL PIPELINE, LLC",HVL,INTERSTATE,IOWA,0.0,0.0,0.0,0.0,,0.0,224.78,122.94,0.0,0.02,0.16,0.44,,348.34
2/2/2026,2019.0,20200217.0,19758.0,32109.0,"ONEOK NGL PIPELINE, LLC",HVL,INTERSTATE,KANSAS,0.0,0.0,0.0,68.09,0.0,113.49,248.31,303.91,130.46,12.82,122.09,402.55,,1401.72
2/2/2026,2019.0,20200217.0,19758.0,32109.0,"ONEOK NGL PIPELINE, LLC",HVL,INTERSTATE,MISSOURI,0.0,0.0,0.0,,0.0,0.0,0.0,38.31,0.09,0.0,0.0,,,38.4
2/2/2026,2019.0,20200217.0,19758.0,32109.0,"ONEOK NGL PIPELINE, LLC",HVL,INTERSTATE,MONTANA,0.0,0.0,0.0,0.0,0.0,,0.0,0.0,9.0,0.0,0.0,452.24,,461.24
2/2/2026,2019.0,20200217.0,19758.0,32109.0,"ONEOK NGL PIPELINE, LLC",HVL,INTERSTATE,NEBRASKA,0.0,0.0,0.0,0.0,0.0,0.0,78.39,0.0,0.0,0.0,0.0,0.23,,78.62
2/2/2026,2019.0,20200217.0,19758.0,32109.0,"ONEOK NGL PIPELINE, LLC",HVL,INTERSTATE,NEW MEXICO,0.0,,0.0,,0.0,22.01,126.55,66.44,0.48,3.56,0.89,5.1,,225.03
2/2/2026,2019.0,20200217.0,19758.0,32109.0,"ONEOK NGL PIPELINE, LLC",HVL,INTERSTATE,NORTH DAKOTA,0.0,0.0,0.0,0.0,0.0,0.0,0.0,0.0,2.48,0.0,0.0,254.12,,256.6
2/2/2026,2019.0,20200217.0,19758.0,32109.0,"ONEOK NGL PIPELINE, LLC",HVL,INTERSTATE,OKLAHOMA,0.0,0.0,0.0,30.87,0.0,109.47,9.26,100.4,308.55,376.57,82.83,413.51,,1431.46
2/2/2026,2019.0,20200217.0,19758.0,32109.0,"ONEOK NGL PIPELINE, LLC",HVL,INTERSTATE,TEXAS,31.77,,10.95,0.0,172.22,116.83,636.38,704.35,810.87,726.33,520.73,642.08,,4372.51
2/2/2026,2019.0,20200217.0,19758.0,32109.0,"ONEOK NGL PIPELINE, LLC",HVL,INTERSTATE,WYOMING,0.35,,0.0,0.0,0.0,0.0,0.0,0.0,27.01,6.71,0.0,702.14,,736.21
2/2/2026,2019.0,20200217.0,19758.0,32109.0,"ONEOK NGL PIPELINE, LLC",HVL,INTRASTATE,KANSAS,0.0,0.0,0.0,0.0,0.0,21.02,343.8,2.47,5.34,2.95,25.41,17.35,,418.34
2/2/2026,2019.0,20200217.0,19758.0,32109.0,"ONEOK NGL PIPELINE, LLC",HVL,INTRASTATE,OKLAHOMA,0.0,0.0,0.0,14.1,0.0,3.67,158.7,644.05,569.46,120.53,149.75,446.35,,2106.61
2/2/2026,2019.0,20200217.0,19758.0,32109.0,"ONEOK NGL PIPELINE, LLC",HVL,INTRASTATE,TEXAS,0.0,0.0,0.0,0.0,0.0,2.49,0.17,1.51,88.14,4.31,32.31,8.02,,136.95
2/2/2026,2019.0,20200216.0,19759.0,32109.0,"ONEOK NGL PIPELINE, LLC",Refined and/or Petroleum Product (non-HVL),INTERSTATE,ILLINOIS,,,,,,,,1.48,,,,,,1.48
2/2/2026,2019.0,20200216.0,19759.0,32109.0,"ONEOK NGL PIPELINE, LLC",Refined and/or Petroleum Product (non-HVL),INTERSTATE,IOWA,,,,,,71.5,61.89,0.31,,13.78,,0.22,,147.7
2/2/2026,2019.0,20200216.0,19759.0,32109.0,"ONEOK NGL PIPELINE, LLC",Refined and/or Petroleum Product (non-HVL),INTERSTATE,KANSAS,,,,,,120.49,41.32,100.94,10.8,0.55,0.1,0.26,,274.46
2/2/2026,2019.0,20200216.0,19759.0,32109.0,"ONEOK NGL PIPELINE, LLC",Refined and/or Petroleum Product (non-HVL),INTERSTATE,NEBRASKA,,,,,,57.58,31.11,,25.09,0.02,,0.18,,113.98
2/2/2026,2019.0,20200216.0,19759.0,32109.0,"ONEOK NGL PIPELINE, LLC",Refined and/or Petroleum Product (non-HVL),INTERSTATE,OKLAHOMA,,,,,,,,9.91,,,,5.69,,15.6
2/2/2026,2019.0,20200216.0,19759.0,32109.0,"ONEOK NGL PIPELINE, LLC",Refined and/or Petroleum Product (non-HVL),INTRASTATE,KANSAS,,,,,,,,,,,32.99,,,32.99
2/2/2026,2019.0,20200216.0,19759.0,32109.0,"ONEOK NGL PIPELINE, LLC",Refined and/or Petroleum Product (non-HVL),INTRASTATE,TEXAS,,,,,,0.66,,,,,,,,0.66
2/2/2026,2019.0,20200179.0,17402.0,32114.0,COPANO NGL SERVICES LLC,HVL,INTRASTATE,TEXAS,0.0,,,2.46,94.98,0.0,6.66,0.0,46.68,0.0,0.22,32.37,,183.37
2/2/2026,2019.0,20200543.0,17787.0,32117.0,"ENLINK ASCENSION PIPELINE COMPANY, LLC",Refined and/or Petroleum Product (non-HVL),INTRASTATE,LOUISIANA,0.0,,0.0,0.0,0.0,0.0,0.0,0.0,0.0,0.0,0.0,32.48,,32.48
2/2/2026,2019.0,20200081.0,17293.0,32120.0,NORTHVILLE INDUSTRIES CORP.,Refined and/or Petroleum Product (non-HVL),INTRASTATE,NEW YORK,,,,,,5.68,8.34,22.67,,,,,,36.69
2/2/2026,2019.0,20200033.0,17241.0,32129.0,OKLAHOMA GAS PROCESSING,HVL,INTRASTATE,OKLAHOMA,,,,,,,,,,,11.0,,,11.0
2/2/2026,2019.0,20200275.0,18020.0,32135.0,PHILLIPS 66 COMPANY - LOS ANGELES REFINERY,Refined and/or Petroleum Product (non-HVL),INTRASTATE,CALIFORNIA,,,,,6.0,3.0,,,,,,4.0,,13.0
2/2/2026,2019.0,20200199.0,17422.0,32147.0,MARATHON PIPE LINE LLC,Crude Oil,INTERSTATE,ILLINOIS,0.0,0.0,0.0,0.0,57.2,98.2,185.2,76.5,0.2,0.9,58.9,5.2,,482.3
2/2/2026,2019.0,20200199.0,17422.0,32147.0,MARATHON PIPE LINE LLC,Crude Oil,INTERSTATE,INDIANA,0.0,0.0,0.0,0.0,0.0,163.0,58.8,0.0,0.2,2.1,3.4,2.7,,230.2
2/2/2026,2019.0,20200199.0,17422.0,32147.0,MARATHON PIPE LINE LLC,Crude Oil,INTERSTATE,KENTUCKY,0.1,0.0,0.0,0.0,0.0,0.0,51.6,220.0,0.2,1.8,1.5,43.4,,318.6
2/2/2026,2019.0,20200199.0,17422.0,32147.0,MARATHON PIPE LINE LLC,Crude Oil,INTERSTATE,LOUISIANA,0.0,,0.0,,0.0,0.0,72.9,0.9,19.8,0.0,0.0,0.5,,94.1
2/2/2026,2019.0,20200199.0,17422.0,32147.0,MARATHON PIPE LINE LLC,Crude Oil,INTERSTATE,MICHIGAN,0.0,0.0,0.0,0.0,0.0,14.8,43.4,0.0,0.6,0.4,0.4,1.8,,61.4
2/2/2026,2019.0,20200199.0,17422.0,32147.0,MARATHON PIPE LINE LLC,Crude Oil,INTERSTATE,MISSISSIPPI,0.0,0.0,0.0,0.0,0.0,0.0,288.4,0.2,0.0,0.0,0.0,0.3,,288.9
2/2/2026,2019.0,20200199.0,17422.0,32147.0,MARATHON PIPE LINE LLC,Crude Oil,INTERSTATE,MISSOURI,0.0,0.0,0.0,0.0,292.7,0.2,0.3,0.0,0.1,0.3,0.1,0.8,,294.5
2/2/2026,2019.0,20200199.0,17422.0,32147.0,MARATHON PIPE LINE LLC,Crude Oil,INTERSTATE,OHIO,0.0,0.0,0.0,0.0,0.0,38.3,0.0,0.0,0.0,0.0,0.0,0.1,,38.4
2/2/2026,2019.0,20200199.0,17422.0,32147.0,MARATHON PIPE LINE LLC,Crude Oil,INTERSTATE,OKLAHOMA,3.4,0.0,0.0,0.0,133.6,0.0,3.3,3.3,0.1,0.0,0.2,0.3,,144.2
2/2/2026,2019.0,20200199.0,17422.0,32147.0,MARATHON PIPE LINE LLC,Crude Oil,INTERSTATE,TENNESSEE,0.0,0.0,0.0,,0.0,0.0,109.9,0.1,0.0,0.0,0.0,0.3,,110.3
2/2/2026,2019.0,20200199.0,17422.0,32147.0,MARATHON PIPE LINE LLC,Crude Oil,INTERSTATE,WEST VIRGINIA,0.0,0.0,0.0,0.0,0.0,2.3,0.5,0.3,0.2,0.2,0.1,0.0,,3.6
2/2/2026,2019.0,20200199.0,17422.0,32147.0,MARATHON PIPE LINE LLC,Crude Oil,INTRASTATE,ILLINOIS,0.0,0.0,0.0,0.0,6.5,40.9,0.0,0.0,0.0,0.1,0.0,0.0,,47.5
2/2/2026,2019.0,20200199.0,17422.0,32147.0,MARATHON PIPE LINE LLC,Crude Oil,INTRASTATE,KENTUCKY,0.0,0.0,0.0,0.0,0.0,0.0,1.4,0.0,0.4,0.0,0.0,0.0,,1.8
2/2/2026,2019.0,20200199.0,17422.0,32147.0,MARATHON PIPE LINE LLC,Crude Oil,INTRASTATE,OHIO,0.0,,0.0,0.0,0.0,35.8,0.1,0.0,0.0,98.1,19.0,0.2,,153.2
2/2/2026,2019.0,20200199.0,17422.0,32147.0,MARATHON PIPE LINE LLC,Crude Oil,INTRASTATE,TEXAS,0.0,0.0,0.0,0.0,0.0,0.0,0.0,0.0,0.0,0.0,0.0,1.3,,1.3
2/2/2026,2019.0,20200201.0,17424.0,32147.0,MARATHON PIPE LINE LLC,HVL,INTERSTATE,ILLINOIS,0.0,0.0,0.0,0.0,0.0,0.0,29.8,0.0,0.0,0.1,0.0,0.7,,30.6
2/2/2026,2019.0,20200201.0,17424.0,32147.0,MARATHON PIPE LINE LLC,HVL,INTERSTATE,INDIANA,0.0,0.0,0.0,0.0,0.0,0.0,27.0,0.0,0.7,0.2,0.0,0.3,,28.2
2/2/2026,2019.0,20200201.0,17424.0,32147.0,MARATHON PIPE LINE LLC,HVL,INTERSTATE,KENTUCKY,0.0,0.0,0.0,0.0,0.0,0.0,0.1,0.0,0.1,0.0,0.0,0.0,,0.2
2/2/2026,2019.0,20200201.0,17424.0,32147.0,MARATHON PIPE LINE LLC,HVL,INTERSTATE,WEST VIRGINIA,0.0,0.0,0.0,0.0,0.0,0.0,1.9,0.0,0.4,0.0,0.1,0.7,,3.1
2/2/2026,2019.0,20200201.0,17424.0,32147.0,MARATHON PIPE LINE LLC,HVL,INTRASTATE,MICHIGAN,0.0,0.0,0.0,0.0,0.0,6.9,15.0,0.0,0.0,0.2,3.8,0.5,,26.4
2/2/2026,2019.0,20200201.0,17424.0,32147.0,MARATHON PIPE LINE LLC,HVL,INTRASTATE,TEXAS,0.0,0.0,0.0,0.0,0.0,0.0,0.0,90.7,8.9,0.1,3.3,0.1,,103.1
2/2/2026,2019.0,20200200.0,17423.0,32147.0,MARATHON PIPE LINE LLC,Refined and/or Petroleum Product (non-HVL),INTERSTATE,ARKANSAS,0.0,0.0,0.0,0.0,0.0,19.6,0.0,0.0,0.0,0.0,0.1,0.0,,19.7
2/2/2026,2019.0,20200200.0,17423.0,32147.0,MARATHON PIPE LINE LLC,Refined and/or Petroleum Product (non-HVL),INTERSTATE,ILLINOIS,0.0,0.1,0.0,156.5,28.2,624.2,54.3,16.7,22.2,62.7,7.7,6.6,,979.2
2/2/2026,2019.0,20200200.0,17423.0,32147.0,MARATHON PIPE LINE LLC,Refined and/or Petroleum Product (non-HVL),INTERSTATE,INDIANA,0.0,0.0,0.0,227.3,87.9,214.6,21.7,107.2,8.7,49.2,3.7,5.6,,725.9
2/2/2026,2019.0,20200200.0,17423.0,32147.0,MARATHON PIPE LINE LLC,Refined and/or Petroleum Product (non-HVL),INTERSTATE,KENTUCKY,0.0,0.0,0.0,0.0,0.0,56.8,0.0,15.0,5.7,0.9,2.1,0.1,,80.6
2/2/2026,2019.0,20200200.0,17423.0,32147.0,MARATHON PIPE LINE LLC,Refined and/or Petroleum Product (non-HVL),INTERSTATE,LOUISIANA,0.0,0.0,0.0,0.0,0.0,200.0,0.9,69.6,3.6,1.7,32.8,0.1,,308.7
2/2/2026,2019.0,20200200.0,17423.0,32147.0,MARATHON PIPE LINE LLC,Refined and/or Petroleum Product (non-HVL),INTERSTATE,MICHIGAN,0.0,0.0,0.0,0.0,0.0,118.9,1.0,0.0,0.7,0.0,0.2,0.3,,121.1
2/2/2026,2019.0,20200200.0,17423.0,32147.0,MARATHON PIPE LINE LLC,Refined and/or Petroleum Product (non-HVL),INTERSTATE,MISSISSIPPI,0.0,0.0,0.0,0.0,0.0,147.5,0.0,2.0,0.1,0.1,1.4,0.7,,151.8
2/2/2026,2019.0,20200200.0,17423.0,32147.0,MARATHON PIPE LINE LLC,Refined and/or Petroleum Product (non-HVL),INTERSTATE,OHIO,0.0,0.0,0.0,38.7,47.8,217.2,9.7,9.9,84.6,10.5,154.3,119.6,,692.3
2/2/2026,2019.0,20200200.0,17423.0,32147.0,MARATHON PIPE LINE LLC,Refined and/or Petroleum Product (non-HVL),INTERSTATE,PENNSYLVANIA,0.0,0.0,0.0,0.0,12.4,0.0,0.0,0.0,0.5,0.0,0.0,0.0,,12.9
2/2/2026,2019.0,20200200.0,17423.0,32147.0,MARATHON PIPE LINE LLC,Refined and/or Petroleum Product (non-HVL),INTERSTATE,TENNESSEE,0.0,0.0,0.0,0.0,0.0,108.9,1.5,0.2,0.4,1.1,0.4,0.4,,112.9
2/2/2026,2019.0,20200200.0,17423.0,32147.0,MARATHON PIPE LINE LLC,Refined and/or Petroleum Product (non-HVL),INTERSTATE,TEXAS,0.0,0.0,0.0,0.0,0.0,0.0,0.0,39.3,0.5,0.0,45.0,1.4,,86.2
2/2/2026,2019.0,20200200.0,17423.0,32147.0,MARATHON PIPE LINE LLC,Refined and/or Petroleum Product (non-HVL),INTERSTATE,WEST VIRGINIA,0.5,0.0,0.0,0.0,0.0,2.5,0.6,0.1,1.9,2.3,3.0,0.1,,11.0
2/2/2026,2019.0,20200200.0,17423.0,32147.0,MARATHON PIPE LINE LLC,Refined and/or Petroleum Product (non-HVL),INTRASTATE,KENTUCKY,0.0,0.0,0.0,0.0,0.0,0.0,81.2,3.0,0.4,0.3,1.8,0.0,,86.7
2/2/2026,2019.0,20200200.0,17423.0,32147.0,MARATHON PIPE LINE LLC,Refined and/or Petroleum Product (non-HVL),INTRASTATE,OHIO,0.0,0.0,0.0,0.0,52.4,3.2,0.6,0.0,0.0,0.3,0.0,0.6,,57.1
2/2/2026,2019.0,20200472.0,20700.0,32174.0,MCCAIN PIPELINE COMPANY,Refined and/or Petroleum Product (non-HVL),INTRASTATE,MISSISSIPPI,0.0,0.0,0.0,0.0,0.0,0.0,5.1,0.0,0.0,0.0,0.0,0.0,,5.1
2/2/2026,2019.0,20200664.0,17921.0,32215.0,NOVA CHEMICALS CORPORATION,HVL,INTRASTATE,MICHIGAN,0.0,,0.0,0.0,0.0,0.0,0.0,0.0,11.15,0.0,0.0,0.0,,11.15
2/2/2026,2019.0,20200324.0,17553.0,32223.0,VALERO REFINING COMPANY - CALIFORNIA,Crude Oil,INTRASTATE,CALIFORNIA,0.0,0.0,0.0,0.0,0.0,0.0,3.36,0.0,1.82,0.0,0.02,0.0,,5.2
2/2/2026,2019.0,20200325.0,17554.0,32223.0,VALERO REFINING COMPANY - CALIFORNIA,Refined and/or Petroleum Product (non-HVL),INTRASTATE,CALIFORNIA,0.0,0.0,0.0,0.0,0.0,0.0,1.57,0.0,1.82,0.0,0.0,0.0,,3.39
2/2/2026,2019.0,20200005.0,18885.0,32224.0,BETA OFFSHORE,Crude Oil,INTERSTATE,CALIFORNIA,,,,,,,,,10.42,0.29,0.21,0.54,,11.46
2/2/2026,2019.0,20200005.0,18885.0,32224.0,BETA OFFSHORE,Crude Oil,INTERSTATE,OCS-Pacific,,,,,,,,,6.34,,,,,6.34
2/2/2026,2019.0,20200556.0,17800.0,32233.0,"BESCO OPERATING, L.P.",Crude Oil,INTRASTATE,TEXAS,6.7,,,,,,,,,,,,,6.7
2/2/2026,2019.0,20200056.0,17267.0,32248.0,"FRONTIER FIELD SERVICES, LLC",HVL,INTRASTATE,NEW MEXICO,,,,,,,,,,,0.3,,,0.3
2/2/2026,2019.0,20200361.0,17961.0,32251.0,"RIBOST TERMINAL LLC, DBA WORLD OIL TERMINALS",Crude Oil,INTRASTATE,CALIFORNIA,,,,,,,,,,,0.22,,,0.22
2/2/2026,2019.0,20200147.0,17370.0,32258.0,PEMBINA COCHIN LLC,Crude Oil,INTERSTATE,ILLINOIS,0.0,0.0,0.0,0.0,0.0,0.0,0.0,165.57,0.0,0.0,0.36,0.25,,166.18
2/2/2026,2019.0,20200147.0,17370.0,32258.0,PEMBINA COCHIN LLC,Crude Oil,INTERSTATE,INDIANA,0.0,0.0,0.0,0.0,0.0,0.0,0.0,152.06,0.0,0.0,0.0,1.43,,153.49
2/2/2026,2019.0,20200147.0,17370.0,32258.0,PEMBINA COCHIN LLC,Crude Oil,INTERSTATE,IOWA,0.0,0.0,0.0,0.0,0.0,0.0,0.0,188.5,0.0,38.86,1.33,1.07,,229.76
2/2/2026,2019.0,20200147.0,17370.0,32258.0,PEMBINA COCHIN LLC,Crude Oil,INTERSTATE,MICHIGAN,0.0,0.0,0.0,0.0,0.0,0.0,0.0,12.27,0.0,0.0,0.0,0.0,,12.27
2/2/2026,2019.0,20200147.0,17370.0,32258.0,PEMBINA COCHIN LLC,Crude Oil,INTERSTATE,MINNESOTA,0.0,0.0,0.0,0.0,0.0,0.0,0.0,252.77,0.16,0.0,0.19,1.06,,254.18
2/2/2026,2019.0,20200147.0,17370.0,32258.0,PEMBINA COCHIN LLC,Crude Oil,INTERSTATE,NORTH DAKOTA,0.0,0.0,0.0,0.0,0.0,0.0,0.0,323.31,0.01,0.0,2.43,0.11,,325.86
2/2/2026,2019.0,20200147.0,17370.0,32258.0,PEMBINA COCHIN LLC,Crude Oil,INTERSTATE,OHIO,0.0,0.0,0.0,0.0,0.0,0.0,0.0,48.57,0.0,0.0,0.0,0.0,,48.57
2/2/2026,2019.0,20200113.0,17335.0,32272.0,SAN ANTONIO PIPELINE CORPORATION,Refined and/or Petroleum Product (non-HVL),INTRASTATE,TEXAS,,,,,,,,,,,14.0,,,14.0
2/2/2026,2019.0,20200104.0,17323.0,32277.0,OXEA CORPORATION,HVL,INTRASTATE,TEXAS,0.0,,0.0,0.0,0.0,0.0,0.0,51.0,0.0,0.0,0.0,0.0,,51.0
2/2/2026,2019.0,20200651.0,17905.0,32283.0,"FRONT RANGE PIPELINE, LLC.",Crude Oil,INTRASTATE,MONTANA,0.0,,,0.0,0.0,16.3,0.0,0.0,24.08,373.72,6.6,7.41,,428.11
2/2/2026,2019.0,20200248.0,17472.0,32284.0,PENNZOIL-QUAKER STATE D/B/A SOPUS PRODUCTS,Refined and/or Petroleum Product (non-HVL),INTRASTATE,CALIFORNIA,0.0,0.0,0.0,0.0,0.0,0.0,12.3,0.0,0.0,0.0,0.0,0.0,,12.3
2/2/2026,2019.0,20200189.0,19209.0,32285.0,"WORSHAM-STEED GAS STORAGE, LLC",HVL,INTRASTATE,TEXAS,,,,,,,,,,,7.0,,,7.0
2/2/2026,2019.0,20200401.0,17639.0,32288.0,"WHITE CLIFFS PIPELINE, LLC",Crude Oil,INTERSTATE,COLORADO,,,,,,,,,,,155.434,155.326,,310.76
2/2/2026,2019.0,20200401.0,17639.0,32288.0,"WHITE CLIFFS PIPELINE, LLC",Crude Oil,INTERSTATE,KANSAS,,,,,,,,,,,283.135,283.279,,566.414
2/2/2026,2019.0,20200401.0,17639.0,32288.0,"WHITE CLIFFS PIPELINE, LLC",Crude Oil,INTERSTATE,OKLAHOMA,,,,,,,,,,,88.849,101.348,,190.197
2/2/2026,2019.0,20200343.0,17574.0,32296.0,TARGA RESOURCES OPERATING LLC,Crude Oil,INTRASTATE,NORTH DAKOTA,,,,,,,,,,,,210.1,,210.1
2/2/2026,2019.0,20200343.0,17574.0,32296.0,TARGA RESOURCES OPERATING LLC,Crude Oil,INTRASTATE,TEXAS,,,,,,,,,,,,0.4,,0.4
2/2/2026,2019.0,20200438.0,17934.0,32296.0,TARGA RESOURCES OPERATING LLC,HVL,INTERSTATE,LOUISIANA,,,,,,0.14,20.7,,,,,,,20.84
2/2/2026,2019.0,20200438.0,17934.0,32296.0,TARGA RESOURCES OPERATING LLC,HVL,INTERSTATE,TEXAS,,,,,,0.78,1.48,,,,,,,2.26
2/2/2026,2019.0,20200438.0,17934.0,32296.0,TARGA RESOURCES OPERATING LLC,HVL,INTRASTATE,LOUISIANA,,28.93,,3.37,2.63,72.49,133.1,140.57,15.28,29.86,3.11,9.13,,438.47
2/2/2026,2019.0,20200438.0,17934.0,32296.0,TARGA RESOURCES OPERATING LLC,HVL,INTRASTATE,MISSISSIPPI,,,,,,,0.6,,,0.69,0.38,,,1.67
2/2/2026,2019.0,20200438.0,17934.0,32296.0,TARGA RESOURCES OPERATING LLC,HVL,INTRASTATE,TEXAS,,,,,,,,2.3,15.5,1.0,7.3,,,26.1
2/2/2026,2019.0,20200359.0,17590.0,32296.0,TARGA RESOURCES OPERATING LLC,Refined and/or Petroleum Product (non-HVL),INTRASTATE,LOUISIANA,,,,,,,,,,,1.9,,,1.9
2/2/2026,2019.0,20200359.0,17590.0,32296.0,TARGA RESOURCES OPERATING LLC,Refined and/or Petroleum Product (non-HVL),INTRASTATE,TEXAS,,,,,,,,,,,,0.7,,0.7
2/2/2026,2019.0,20200019.0,17216.0,32327.0,TEXAS PIPELINE LLC,HVL,INTRASTATE,TEXAS,,,,,,,,,,,,54.65,,54.65
2/2/2026,2019.0,20200509.0,17753.0,32331.0,"PASADENA REFINING SYSTEM, INC.",Crude Oil,INTRASTATE,TEXAS,0.0,,,0.0,0.0,0.48,0.0,1.96,0.0,0.0,0.0,0.0,,2.44
2/2/2026,2019.0,20200511.0,17755.0,32331.0,"PASADENA REFINING SYSTEM, INC.",HVL,INTRASTATE,TEXAS,0.0,0.0,0.0,0.0,0.0,3.51,1.72,0.0,0.0,0.0,0.0,0.0,,5.23
2/2/2026,2019.0,20200510.0,17754.0,32331.0,"PASADENA REFINING SYSTEM, INC.",Refined and/or Petroleum Product (non-HVL),INTRASTATE,TEXAS,,,0.98,,,4.8,,2.231,,,,,,8.011
2/2/2026,2019.0,20200322.0,17551.0,32334.0,TC OIL PIPELINE OPERATIONS INC,Crude Oil,INTERSTATE,ILLINOIS,0.0,0.0,0.0,0.0,0.0,0.0,0.0,0.0,0.0,0.0,58.3,0.0,,58.3
2/2/2026,2019.0,20200322.0,17551.0,32334.0,TC OIL PIPELINE OPERATIONS INC,Crude Oil,INTERSTATE,KANSAS,0.0,0.0,0.0,0.0,0.0,0.0,0.0,0.0,0.0,0.0,98.4,212.0,,310.4
2/2/2026,2019.0,20200322.0,17551.0,32334.0,TC OIL PIPELINE OPERATIONS INC,Crude Oil,INTERSTATE,MISSOURI,0.0,0.0,0.0,0.0,0.0,0.0,0.0,0.0,0.0,0.0,275.8,0.0,,275.8
2/2/2026,2019.0,20200322.0,17551.0,32334.0,TC OIL PIPELINE OPERATIONS INC,Crude Oil,INTERSTATE,NEBRASKA,0.0,0.0,0.0,0.0,0.0,0.0,0.0,0.0,0.0,0.0,214.8,2.6,,217.4
2/2/2026,2019.0,20200322.0,17551.0,32334.0,TC OIL PIPELINE OPERATIONS INC,Crude Oil,INTERSTATE,NORTH DAKOTA,0.0,0.0,0.0,0.0,0.0,0.0,0.0,0.0,0.0,0.0,218.1,0.0,,218.1
2/2/2026,2019.0,20200322.0,17551.0,32334.0,TC OIL PIPELINE OPERATIONS INC,Crude Oil,INTERSTATE,OKLAHOMA,0.0,0.0,0.0,0.0,0.0,0.0,0.0,0.0,0.0,0.0,0.0,241.73,,241.73
2/2/2026,2019.0,20200322.0,17551.0,32334.0,TC OIL PIPELINE OPERATIONS INC,Crude Oil,INTERSTATE,SOUTH DAKOTA,0.0,0.0,0.0,0.0,0.0,0.0,0.0,0.0,0.0,0.0,220.3,0.0,,220.3
2/2/2026,2019.0,20200322.0,17551.0,32334.0,TC OIL PIPELINE OPERATIONS INC,Crude Oil,INTERSTATE,TEXAS,0.0,0.0,0.0,0.0,0.0,0.0,0.0,0.0,0.0,0.0,0.0,384.07,,384.07
2/2/2026,2019.0,20200538.0,17782.0,32346.0,"TOTAL PETROCHEMICALS PIPELINE USA , INC.",Crude Oil,INTRASTATE,TEXAS,,,13.6,,,,,,,,,,,13.6
2/2/2026,2019.0,20200540.0,17784.0,32346.0,"TOTAL PETROCHEMICALS PIPELINE USA , INC.",HVL,INTRASTATE,TEXAS,,,,,,,11.0,,,,,,,11.0
2/2/2026,2019.0,20200539.0,17783.0,32346.0,"TOTAL PETROCHEMICALS PIPELINE USA , INC.",Refined and/or Petroleum Product (non-HVL),INTRASTATE,TEXAS,,,,,2.8,7.12,,,,4.8,,,,14.72
2/2/2026,2019.0,20200053.0,17263.0,32364.0,"VALERO REFINING-NEW ORLEANS, L.L.C.",Crude Oil,INTRASTATE,LOUISIANA,,,,,,,,,1.35,,,,,1.35
2/2/2026,2019.0,20200054.0,17264.0,32364.0,"VALERO REFINING-NEW ORLEANS, L.L.C.",HVL,INTRASTATE,LOUISIANA,,,,,,,,,1.56,,,,,1.56
2/2/2026,2019.0,20200055.0,17265.0,32364.0,"VALERO REFINING-NEW ORLEANS, L.L.C.",Refined and/or Petroleum Product (non-HVL),INTRASTATE,LOUISIANA,,,,,,,,,1.62,,,,,1.62
2/2/2026,2019.0,20200251.0,17475.0,32407.0,"GENESIS PIPELINE TEXAS, L.P.",Crude Oil,INTRASTATE,TEXAS,33.97,31.37,0.73,0.21,9.53,0.03,2.06,0.0,0.65,7.08,3.26,4.67,,93.56
2/2/2026,2019.0,20200252.0,17476.0,32410.0,"GENESIS FREE STATE PIPELINE, LLC",CO2,INTRASTATE,MISSISSIPPI,0.0,0.0,0.0,0.0,0.0,0.0,0.0,0.0,0.0,0.0,90.63,0.0,,90.63
2/2/2026,2019.0,20200253.0,17477.0,32411.0,"GENESIS PIPELINE ALABAMA, LLC",Crude Oil,INTRASTATE,ALABAMA,0.0,0.0,0.0,0.0,0.0,0.0,0.0,0.0,0.0,0.0,31.44,0.0,,31.44
2/2/2026,2019.0,20200437.0,18008.0,32412.0,"MARKWEST LIBERTY MIDSTREAM & RESOURCES, L.L.C.",HVL,INTRASTATE,PENNSYLVANIA,,,,,,,,,,,,7.21,,7.21
2/2/2026,2019.0,20200439.0,17678.0,32414.0,"MARKWEST OKLAHOMA GAS COMPANY, L.L.C.",Crude Oil,INTRASTATE,OKLAHOMA,0.0,,0.0,0.0,0.0,0.0,0.0,0.0,0.0,0.0,0.0,15.78,,15.78
2/2/2026,2019.0,20200514.0,18003.0,32428.0,"INTERCONTINENTAL TERMINAL COMPANY, LLC",HVL,INTRASTATE,LOUISIANA,,,,,,,,0.776,0.195,0.24,,,,1.211
2/2/2026,2019.0,20200514.0,18003.0,32428.0,"INTERCONTINENTAL TERMINAL COMPANY, LLC",HVL,INTRASTATE,TEXAS,,,,,,,,,,1.193,2.024,,,3.217
2/2/2026,2019.0,20200619.0,17870.0,32445.0,SOUTHCROSS NGL PIPELINE LTD.,HVL,INTRASTATE,TEXAS,,,,,,9.97,,,,,3.1,104.2,,117.27
2/2/2026,2019.0,20200044.0,17254.0,32447.0,"HAWTHORN OIL TRANSPORTATION (NORTH DAKOTA), INC.",Crude Oil,INTRASTATE,NORTH DAKOTA,,,,,,,,,,,,4.08,,4.08
2/2/2026,2019.0,20200205.0,17428.0,32450.0,"ROADRUNNER PIPELINE, L.L.C.",Crude Oil,INTERSTATE,NEW MEXICO,0.0,,0.0,0.0,0.0,0.0,0.0,0.0,0.0,0.0,22.63,0.0,,22.63
2/2/2026,2019.0,20200205.0,17428.0,32450.0,"ROADRUNNER PIPELINE, L.L.C.",Crude Oil,INTERSTATE,TEXAS,0.0,,0.0,0.0,0.0,0.0,0.0,0.0,0.0,0.0,46.7,0.0,,46.7
2/2/2026,2019.0,20200364.0,17596.0,32453.0,BPX (EAGLE FORD) GATHERING LLC,Crude Oil,INTRASTATE,TEXAS,,,,,,,,,,,,191.0,,191.0
2/2/2026,2019.0,20200011.0,17198.0,32454.0,"DRY TRAILS MIDSTREAM ENERGY, LLC",HVL,INTERSTATE,KANSAS,,,,,,,2.32,,,,,,,2.32
2/2/2026,2019.0,20200011.0,17198.0,32454.0,"DRY TRAILS MIDSTREAM ENERGY, LLC",HVL,INTERSTATE,OKLAHOMA,,,,,,,43.26,,,,,,,43.26
2/2/2026,2019.0,20200270.0,17495.0,32476.0,"TREETOP MIDSTREAM SERVICES, LLC",CO2,INTRASTATE,MISSISSIPPI,,,,,,,,,,,,0.265,,0.265
2/2/2026,2019.0,20200218.0,17442.0,32483.0,"BRIDGER LAKE, LLC",Crude Oil,INTRASTATE,WYOMING,,,,,,,25.3,,,,,,,25.3
2/2/2026,2019.0,20200014.0,17206.0,32488.0,"ENI US OPERATING CO, INC",Crude Oil,INTRASTATE,ALASKA,,,,,,,,,,,8.0,17.4,,25.4
2/2/2026,2019.0,20200254.0,17478.0,32492.0,"GENESIS CRUDE OIL, L.P.",Crude Oil,INTRASTATE,LOUISIANA,0.0,0.0,0.0,0.0,0.0,0.0,0.0,0.0,1.8,0.0,0.0,0.36,,2.16
2/2/2026,2019.0,20200161.0,17384.0,32493.0,"UNEV PIPELINE, LLC",Refined and/or Petroleum Product (non-HVL),INTERSTATE,NEVADA,0.0,0.0,0.0,0.0,0.0,0.0,0.0,0.0,0.0,0.0,0.0,70.88,,70.88
2/2/2026,2019.0,20200161.0,17384.0,32493.0,"UNEV PIPELINE, LLC",Refined and/or Petroleum Product (non-HVL),INTERSTATE,UTAH,0.0,,0.0,0.0,0.0,0.0,0.0,0.0,0.0,0.0,0.37,355.27,,355.64
2/2/2026,2019.0,20200488.0,17731.0,32495.0,"DELAWARE PIPELINE COMPANY, LLC",Refined and/or Petroleum Product (non-HVL),INTERSTATE,DELAWARE,0.0,0.0,0.0,0.0,0.0,0.0,0.0,0.0,20.21,0.0,0.0,0.0,,20.21
2/2/2026,2019.0,20200488.0,17731.0,32495.0,"DELAWARE PIPELINE COMPANY, LLC",Refined and/or Petroleum Product (non-HVL),INTERSTATE,PENNSYLVANIA,0.0,0.0,0.0,0.0,0.0,0.0,0.0,0.0,3.16,0.0,0.0,0.0,,3.16
2/2/2026,2019.0,20200330.0,17559.0,32502.0,ENBRIDGE PIPELINES (SOUTHERN LIGHTS) L.L.C.,Refined and/or Petroleum Product (non-HVL),INTERSTATE,ILLINOIS,0.0,0.0,0.0,0.0,0.0,0.0,0.0,0.0,0.0,0.0,146.03,0.0,,146.03
2/2/2026,2019.0,20200330.0,17559.0,32502.0,ENBRIDGE PIPELINES (SOUTHERN LIGHTS) L.L.C.,Refined and/or Petroleum Product (non-HVL),INTERSTATE,MINNESOTA,0.0,0.0,0.0,0.0,0.0,105.82,0.0,0.0,1.2,0.0,177.0,0.83,,284.85
2/2/2026,2019.0,20200330.0,17559.0,32502.0,ENBRIDGE PIPELINES (SOUTHERN LIGHTS) L.L.C.,Refined and/or Petroleum Product (non-HVL),INTERSTATE,NORTH DAKOTA,0.0,0.0,0.0,0.0,0.0,27.99,0.0,0.0,0.0,0.0,0.0,0.0,,27.99
2/2/2026,2019.0,20200330.0,17559.0,32502.0,ENBRIDGE PIPELINES (SOUTHERN LIGHTS) L.L.C.,Refined and/or Petroleum Product (non-HVL),INTERSTATE,WISCONSIN,0.0,0.0,0.0,0.0,0.0,0.0,0.0,0.0,0.0,0.0,345.24,13.14,,358.38
2/2/2026,2019.0,20200029.0,20755.0,32503.0,"CALUMET SHREVEPORT FUELS, LLC",Crude Oil,INTRASTATE,LOUISIANA,,,,,,,,6.84,,,,0.01,,6.85
2/2/2026,2019.0,20200004.0,17187.0,32520.0,CITY OF BANGOR,Refined and/or Petroleum Product (non-HVL),INTRASTATE,MAINE,,,,,,0.934,,,,,,,,0.934
2/2/2026,2019.0,20200100.0,17319.0,32522.0,NRG OSWEGO HARBOR POWER,Refined and/or Petroleum Product (non-HVL),INTRASTATE,NEW YORK,,,,,,,,4.2,,,,,,4.2
2/2/2026,2019.0,20200040.0,17250.0,32526.0,COWTOWN PIPELINE PARTNERS L.P.,HVL,INTRASTATE,TEXAS,0.0,,0.0,0.0,0.0,0.0,0.0,0.0,0.0,0.0,25.6,1.231,,26.831
2/2/2026,2019.0,20200097.0,17316.0,32537.0,WYOMING PIPELINE COMPANY,Crude Oil,INTRASTATE,WYOMING,0.0,,0.0,0.0,,0.0,10.988,25.626,0.0,0.0,0.0,13.034,,49.648
2/2/2026,2019.0,20200669.0,17933.0,32540.0,ELECTRAGAS INC.,Crude Oil,INTRASTATE,TEXAS,,,,,,,,1.66,1.67,,,,,3.33
2/2/2026,2019.0,20200178.0,17401.0,32541.0,"COPANO NGL SERVICES (MARKHAM), LLC",HVL,INTRASTATE,TEXAS,,,,,,78.77,50.24,,,0.31,0.24,23.58,,153.14
2/2/2026,2019.0,20200346.0,18916.0,32543.0,"DENBURY GREEN PIPELINE-TEXAS, LLC",CO2,INTERSTATE,TEXAS,,,,,,,,,,,,131.51,,131.51
2/2/2026,2019.0,20200347.0,17578.0,32545.0,"DENBURY GULF COAST PIPELINES, LLC",CO2,INTERSTATE,LOUISIANA,0.0,0.0,0.0,0.0,0.0,0.0,0.0,0.0,0.0,0.0,239.25,0.13,,239.38
2/2/2026,2019.0,20200347.0,17578.0,32545.0,"DENBURY GULF COAST PIPELINES, LLC",CO2,INTERSTATE,MISSISSIPPI,0.0,0.0,0.0,0.0,0.0,50.48,0.0,0.0,0.0,0.0,87.41,1.61,,139.5
2/2/2026,2019.0,20200281.0,18004.0,32551.0,"BKEP PIPELINE, LLC",Crude Oil,INTERSTATE,OKLAHOMA,,0.0,0.0,0.0,0.0,0.0,7.1,0.0,0.0,0.0,0.0,0.0,,7.1
2/2/2026,2019.0,20200281.0,18004.0,32551.0,"BKEP PIPELINE, LLC",Crude Oil,INTERSTATE,TEXAS,0.0,0.0,0.0,0.0,0.0,0.0,9.2,0.0,0.0,0.0,0.0,0.0,,9.2
2/2/2026,2019.0,20200281.0,18004.0,32551.0,"BKEP PIPELINE, LLC",Crude Oil,INTRASTATE,OKLAHOMA,0.0,0.0,32.5,198.6,206.2,20.9,21.1,8.0,0.1,20.0,9.4,74.4,,591.2
2/2/2026,2019.0,20200134.0,17357.0,32559.0,"ALON USA KROTZ SPRINGS REFINERY, INC",HVL,INTRASTATE,LOUISIANA,,,,,,,10.3,,,3.0,,,,13.3
2/2/2026,2019.0,20200135.0,17358.0,32559.0,"ALON USA KROTZ SPRINGS REFINERY, INC",Refined and/or Petroleum Product (non-HVL),INTRASTATE,LOUISIANA,,,,,,,,,,2.8,,,,2.8
2/2/2026,2019.0,20200349.0,17580.0,32566.0,GREENCORE PIPELINE COMPANY LLC,CO2,INTERSTATE,MONTANA,,,,,,,,,,,,8.73,,8.73
2/2/2026,2019.0,20200349.0,17580.0,32566.0,GREENCORE PIPELINE COMPANY LLC,CO2,INTERSTATE,WYOMING,,,,,,,,,,,,222.75,,222.75
2/2/2026,2019.0,20200349.0,17580.0,32566.0,GREENCORE PIPELINE COMPANY LLC,CO2,INTRASTATE,WYOMING,,,,,,,,,,,,3.43,,3.43
2/2/2026,2019.0,20200262.0,17486.0,32572.0,"TOLEDO REFINING COMPANY, LLC",Refined and/or Petroleum Product (non-HVL),INTRASTATE,OHIO,,,,1.59,,,,,,,2.59,,,4.18
2/2/2026,2019.0,20200566.0,17811.0,32575.0,"DEEPROCK OIL OPERATING, LLC",Crude Oil,INTRASTATE,OKLAHOMA,0.0,0.0,0.0,0.0,0.0,0.0,0.0,0.0,0.0,0.0,0.0,13.25,,13.25
2/2/2026,2019.0,20220511.0,19510.0,32590.0,"EASTMAN GAS COMPANY, LLC",Crude Oil,INTRASTATE,TEXAS,,,,,190.0,,,,,,,,,190.0
2/2/2026,2019.0,20200699.0,18009.0,32592.0,"TREK RESOURCES, INC",Crude Oil,INTRASTATE,TEXAS,0.0,0.0,0.0,0.0,0.0,0.0,0.0,,0.0,0.0,1.77,0.0,,1.77
2/2/2026,2019.0,20200645.0,17899.0,32595.0,"HIGH POINT GAS GATHERING, LLC",Crude Oil,INTRASTATE,OCS-Gulf of Mexico,,,,,,,,,,6.138,,,,6.138
2/2/2026,2019.0,20200036.0,17246.0,32599.0,"MCLEAN GAS PROCESSING, LLC",HVL,INTRASTATE,TEXAS,,,,,,,,,21.0,,,,,21.0
2/2/2026,2019.0,20200350.0,17581.0,32606.0,"BOARDWALK FIELD SERVICES, LLC",HVL,INTRASTATE,TEXAS,0.0,0.0,0.0,0.0,0.0,0.0,0.0,0.0,0.0,0.0,0.0,2.4,,2.4
2/2/2026,2019.0,20200428.0,17667.0,32614.0,"WILLIAMS OLEFINS FEEDSTOCK PIPELINES, LLC",HVL,INTERSTATE,LOUISIANA,0.0,0.0,0.0,0.0,0.0,0.0,0.0,21.25,6.69,0.0,0.0,0.14,,28.08
2/2/2026,2019.0,20200428.0,17667.0,32614.0,"WILLIAMS OLEFINS FEEDSTOCK PIPELINES, LLC",HVL,INTERSTATE,TEXAS,0.0,0.0,0.0,0.0,0.0,0.0,56.06,22.46,0.91,0.01,0.01,9.22,,88.67
2/2/2026,2019.0,20200428.0,17667.0,32614.0,"WILLIAMS OLEFINS FEEDSTOCK PIPELINES, LLC",HVL,INTRASTATE,TEXAS,0.0,0.0,0.0,0.0,0.0,0.0,0.05,0.03,0.0,15.8,0.0,0.0,,15.88
2/2/2026,2019.0,20200186.0,17409.0,32619.0,"HILAND CRUDE, LLC",Crude Oil,INTRASTATE,NORTH DAKOTA,,,,,,,,,,11.96,,246.03,,257.99
2/2/2026,2019.0,20200544.0,17788.0,32634.0,"ENLINK PERMIAN, LLC",Crude Oil,INTERSTATE,NEW MEXICO,,,,,,,,,,,,43.221,,43.221
2/2/2026,2019.0,20200544.0,17788.0,32634.0,"ENLINK PERMIAN, LLC",Crude Oil,INTERSTATE,TEXAS,,,,,,,,,,,,1.833,,1.833
2/2/2026,2019.0,20200544.0,17788.0,32634.0,"ENLINK PERMIAN, LLC",Crude Oil,INTRASTATE,TEXAS,,,,,,,,,,,3.439,153.739,,157.178
2/2/2026,2019.0,20200688.0,17962.0,32643.0,"LT PIPELINE, INC.",Crude Oil,INTRASTATE,CALIFORNIA,,,,5.2,,,,,,,,0.1,,5.3
2/2/2026,2019.0,20200694.0,17981.0,32645.0,"HILCORP ALASKA, LLC",Crude Oil,INTRASTATE,ALASKA,,,,,,,22.34,5.3,,,0.03,,,27.67
2/2/2026,2019.0,20200231.0,20675.0,32650.0,LEMM CORPORATION - OPERATIONS,HVL,INTRASTATE,TENNESSEE,,,,,,,7.35,,0.1,0.1,0.8,0.62,,8.97
2/2/2026,2019.0,20200667.0,17928.0,32652.0,PETROSANTANDER (USA) INC.,CO2,INTRASTATE,KANSAS,,,,,,,,,,,,14.2,,14.2
2/2/2026,2019.0,20200152.0,17375.0,32678.0,KINDER MORGAN CRUDE AND CONDENSATE LLC,Crude Oil,INTRASTATE,TEXAS,0.0,0.0,0.0,0.0,0.0,95.66,0.01,3.0,7.73,2.51,2.96,154.57,,266.44
2/2/2026,2019.0,20200271.0,17496.0,32682.0,"GREENLEAF CO2 SOLUTIONS, LLC",CO2,INTRASTATE,MISSISSIPPI,,,,,,,,,,,,5.1,,5.1
2/2/2026,2019.0,20200402.0,17640.0,32683.0,INLAND CORPORATION,Refined and/or Petroleum Product (non-HVL),INTERSTATE,OHIO,162.9,,,35.9,1.7,220.5,80.7,68.9,19.8,16.6,0.9,0.1,,608.0
2/2/2026,2019.0,20200157.0,17380.0,32688.0,WEST COAST TERMINAL PIPELINE  (WCTP),Crude Oil,INTRASTATE,CALIFORNIA,0.0,0.0,4.19,0.0,0.0,0.0,0.0,0.14,0.04,1.26,0.02,0.0,,5.65
2/2/2026,2019.0,20200158.0,17381.0,32688.0,WEST COAST TERMINAL PIPELINE  (WCTP),Refined and/or Petroleum Product (non-HVL),INTERSTATE,OREGON,0.0,0.0,0.0,0.0,0.0,0.0,0.0,8.45,0.0,0.0,0.01,0.0,,8.46
2/2/2026,2019.0,20200158.0,17381.0,32688.0,WEST COAST TERMINAL PIPELINE  (WCTP),Refined and/or Petroleum Product (non-HVL),INTRASTATE,CALIFORNIA,0.0,0.0,9.4,0.0,1.6,3.56,0.0,1.67,0.68,6.66,0.29,0.53,,24.39
2/2/2026,2019.0,20200115.0,17346.0,38887.0,IMTT EPIC LLC,Refined and/or Petroleum Product (non-HVL),INTERSTATE,NEW MEXICO,0.0,0.0,0.0,0.0,0.0,0.0,68.13,0.0,0.0,0.0,0.04,0.0,,68.17
2/2/2026,2019.0,20200115.0,17346.0,38887.0,IMTT EPIC LLC,Refined and/or Petroleum Product (non-HVL),INTERSTATE,TEXAS,0.0,0.0,0.0,0.0,0.0,0.0,4.62,0.0,0.0,0.0,0.0,0.0,,4.62
2/2/2026,2019.0,20200115.0,17346.0,38887.0,IMTT EPIC LLC,Refined and/or Petroleum Product (non-HVL),INTRASTATE,GEORGIA,0.0,0.0,0.0,0.0,0.0,0.0,11.62,5.62,0.0,0.0,0.0,0.0,,17.24
2/2/2026,2019.0,20200533.0,17777.0,38893.0,PTE PIPELINE LLC,Crude Oil,INTERSTATE,ALASKA,,,,,,,,,,,,22.26,,22.26
2/2/2026,2019.0,20200331.0,17560.0,38894.0,"THUNDER BASIN PIPELINE, LLC",Crude Oil,INTRASTATE,WYOMING,,0.0,0.0,0.0,0.0,0.0,0.0,0.0,34.32,0.0,0.0,10.26,,44.58
2/2/2026,2019.0,20200153.0,17376.0,38895.0,KINDER MORGAN SOUTHEAST TERMINALS,Refined and/or Petroleum Product (non-HVL),INTRASTATE,NORTH CAROLINA,0.0,0.0,0.0,0.0,0.0,0.0,0.0,0.0,0.0,0.0,0.0,3.8,,3.8
2/2/2026,2019.0,20200069.0,17280.0,38919.0,LEGACY RESERVES OPERATING LP,Crude Oil,INTRASTATE,WYOMING,,,,,,,11.4,,,,,0.0,,11.4
2/2/2026,2019.0,20200430.0,17669.0,38922.0,MIPC LLC,HVL,INTRASTATE,PENNSYLVANIA,,,,,,,0.28,,,,,,,0.28
2/2/2026,2019.0,20200444.0,17998.0,38922.0,MIPC LLC,Refined and/or Petroleum Product (non-HVL),INTERSTATE,NEW JERSEY,,,,,,2.7,1.84,,,0.16,,1.24,,5.94
2/2/2026,2019.0,20200444.0,17998.0,38922.0,MIPC LLC,Refined and/or Petroleum Product (non-HVL),INTERSTATE,PENNSYLVANIA,,,,,5.794,8.01,0.818,2.24,0.003,0.006,,0.844,,17.715
2/2/2026,2019.0,20200444.0,17998.0,38922.0,MIPC LLC,Refined and/or Petroleum Product (non-HVL),INTRASTATE,PENNSYLVANIA,,,,,25.08,0.911,1.71,,0.16,0.05,,0.01,,27.921
2/2/2026,2019.0,20200550.0,18007.0,38924.0,NGL CRUDE TERMINALS,Crude Oil,INTRASTATE,COLORADO,,,,,,,,,,,,19.0,,19.0
2/2/2026,2019.0,20200550.0,18007.0,38924.0,NGL CRUDE TERMINALS,Crude Oil,INTRASTATE,LOUISIANA,,,,,,,,,,,,2.78,,2.78
2/2/2026,2019.0,20200550.0,18007.0,38924.0,NGL CRUDE TERMINALS,Crude Oil,INTRASTATE,OKLAHOMA,,,,,,0.0,,0.0,0.0,,,11.5,,11.5
2/2/2026,2019.0,20200333.0,17562.0,38926.0,BLACK BEAR MIDSTREAM LLC,HVL,INTRASTATE,LOUISIANA,,,,,,,,,,,,40.1,,40.1
2/2/2026,2019.0,20200421.0,17660.0,38927.0,UGI ENERGY SERVICES,HVL,INTRASTATE,OHIO,,,,,,,,,,,,36.25,,36.25
2/2/2026,2019.0,20200101.0,18895.0,38930.0,"PATOKA TERMINAL COMPANY, LLC",Crude Oil,INTRASTATE,ILLINOIS,,,,,,,,,,,,0.45,,0.45
2/2/2026,2019.0,20200520.0,17764.0,38931.0,TABULA RASA ENERGY LLC,CO2,INTRASTATE,COLORADO,,,,,,,,,,,15.263,,,15.263
2/2/2026,2019.0,20200520.0,17764.0,38931.0,TABULA RASA ENERGY LLC,CO2,INTRASTATE,TEXAS,,,,,,,,,,,,14.235,,14.235
2/2/2026,2019.0,20200193.0,17930.0,38933.0,MARATHON PIPE LINE (WEST),Crude Oil,INTERSTATE,COLORADO,,,,,26.3,,,0.1,0.3,0.3,1.9,,,28.9
2/2/2026,2019.0,20200193.0,17930.0,38933.0,MARATHON PIPE LINE (WEST),Crude Oil,INTERSTATE,MONTANA,,,,,,,11.6,2.2,,,,0.1,,13.9
2/2/2026,2019.0,20200193.0,17930.0,38933.0,MARATHON PIPE LINE (WEST),Crude Oil,INTERSTATE,NORTH DAKOTA,,,,,,129.5,16.6,40.2,66.9,57.5,1.3,106.7,,418.7
2/2/2026,2019.0,20200193.0,17930.0,38933.0,MARATHON PIPE LINE (WEST),Crude Oil,INTERSTATE,UTAH,,,,1.2,,,,,,,,,,1.2
2/2/2026,2019.0,20200193.0,17930.0,38933.0,MARATHON PIPE LINE (WEST),Crude Oil,INTERSTATE,WYOMING,,,,335.7,43.8,2.0,19.6,0.1,4.1,20.4,0.2,5.0,,430.9
2/2/2026,2019.0,20200193.0,17930.0,38933.0,MARATHON PIPE LINE (WEST),Crude Oil,INTRASTATE,ALASKA,,,,,,,4.1,,,,,,,4.1
2/2/2026,2019.0,20200193.0,17930.0,38933.0,MARATHON PIPE LINE (WEST),Crude Oil,INTRASTATE,CALIFORNIA,0.2,,,,0.3,7.8,11.6,1.2,1.9,7.4,9.9,1.0,,41.3
2/2/2026,2019.0,20200193.0,17930.0,38933.0,MARATHON PIPE LINE (WEST),Crude Oil,INTRASTATE,UTAH,,,,,,,1.0,,,1.9,2.3,,,5.2
2/2/2026,2019.0,20200305.0,17534.0,38933.0,MARATHON PIPE LINE (WEST),HVL,INTRASTATE,CALIFORNIA,,,,,,,,,,,,2.3,,2.3
2/2/2026,2019.0,20200305.0,17534.0,38933.0,MARATHON PIPE LINE (WEST),HVL,INTRASTATE,NORTH DAKOTA,,,,,,,,,,,,44.0,,44.0
2/2/2026,2019.0,20200195.0,17418.0,38933.0,MARATHON PIPE LINE (WEST),Refined and/or Petroleum Product (non-HVL),INTERSTATE,IDAHO,19.5,,,,192.9,265.8,56.0,5.7,0.2,,13.9,0.4,,554.4
2/2/2026,2019.0,20200195.0,17418.0,38933.0,MARATHON PIPE LINE (WEST),Refined and/or Petroleum Product (non-HVL),INTERSTATE,OREGON,82.8,,,,,164.5,,,0.5,0.1,0.4,0.4,,248.7
2/2/2026,2019.0,20200195.0,17418.0,38933.0,MARATHON PIPE LINE (WEST),Refined and/or Petroleum Product (non-HVL),INTERSTATE,UTAH,4.3,,,,103.9,107.0,3.7,1.4,,,1.0,0.6,,221.9
2/2/2026,2019.0,20200195.0,17418.0,38933.0,MARATHON PIPE LINE (WEST),Refined and/or Petroleum Product (non-HVL),INTERSTATE,WASHINGTON,20.6,,,,,155.8,,,0.2,0.1,0.1,,,176.8
2/2/2026,2019.0,20200195.0,17418.0,38933.0,MARATHON PIPE LINE (WEST),Refined and/or Petroleum Product (non-HVL),INTRASTATE,ALASKA,,,,,,,,68.4,,0.6,0.2,,,69.2
2/2/2026,2019.0,20200195.0,17418.0,38933.0,MARATHON PIPE LINE (WEST),Refined and/or Petroleum Product (non-HVL),INTRASTATE,CALIFORNIA,0.4,,,,1.5,25.9,11.2,14.4,8.0,9.3,4.9,1.7,,77.3
2/2/2026,2019.0,20200195.0,17418.0,38933.0,MARATHON PIPE LINE (WEST),Refined and/or Petroleum Product (non-HVL),INTRASTATE,MINNESOTA,,,,,,,8.6,,,,,,,8.6
2/2/2026,2019.0,20200195.0,17418.0,38933.0,MARATHON PIPE LINE (WEST),Refined and/or Petroleum Product (non-HVL),INTRASTATE,UTAH,,,,2.4,2.5,1.0,,5.9,,2.0,,0.6,,14.4
2/2/2026,2019.0,20200368.0,17603.0,38937.0,"MIDCOAST ENERGY, LLC",HVL,INTRASTATE,TEXAS,,,,,,,,,,,16.26,138.26,,154.52
2/2/2026,2019.0,20200083.0,17298.0,38938.0,"WTG NGL PIPELINE COMPANY, LLC",HVL,INTRASTATE,TEXAS,,,,,,,22.013,,,,,20.156,,42.169
2/2/2026,2019.0,20200316.0,17545.0,38945.0,BAKKEN PIPELINE COMPANY LP,Crude Oil,INTERSTATE,NORTH DAKOTA,0.0,0.0,0.0,0.0,0.0,0.0,56.55,0.0,0.0,7.8,0.0,10.83,,75.18
2/2/2026,2019.0,20200037.0,17247.0,38949.0,"NAVARRO MIDSTREAM SERVICES, LLC.",Crude Oil,INTRASTATE,TEXAS,,,,,,,,,,,,3.43,,3.43
2/2/2026,2019.0,20200085.0,17301.0,38957.0,"CALUMET SAN ANTONIO REFINING, LLC",Crude Oil,INTRASTATE,TEXAS,,,,,,,,,,,,13.45,,13.45
2/2/2026,2019.0,20200203.0,18237.0,38964.0,"PHILADELPHIA ENERGY SOLUTIONS REFINING AND MARKETING, LLC",HVL,INTRASTATE,PENNSYLVANIA,,,,,,0.56,,,,1.33,,,,1.89
2/2/2026,2019.0,20200204.0,18236.0,38964.0,"PHILADELPHIA ENERGY SOLUTIONS REFINING AND MARKETING, LLC",Refined and/or Petroleum Product (non-HVL),INTRASTATE,PENNSYLVANIA,,,,0.69,3.36,6.17,,,,5.21,,,,15.43
2/2/2026,2019.0,20200121.0,17343.0,38968.0,OASIS PETROLEUM NORTH AMERICA,Crude Oil,INTRASTATE,NORTH DAKOTA,,,,,,,,,,,,20.83,,20.83
2/2/2026,2019.0,20200502.0,17746.0,38989.0,EMERALD GATHERING AND TRANSMISSION,Crude Oil,INTRASTATE,TEXAS,,,,,,,,,10.35,,,,,10.35
2/2/2026,2019.0,20200335.0,18048.0,39010.0,"BLUE RACER MIDSTREAM, LLC",HVL,INTRASTATE,OHIO,,,,,,,,,,,,14.12,0.0,14.12
2/2/2026,2019.0,20200335.0,18048.0,39010.0,"BLUE RACER MIDSTREAM, LLC",HVL,INTRASTATE,WEST VIRGINIA,,,,,,,,,,,,74.43,0.0,74.43
2/2/2026,2019.0,20200442.0,17681.0,39012.0,"SUMMIT MIDSTREAM PARTNERS, LLC",Crude Oil,INTRASTATE,NORTH DAKOTA,0.0,,0.0,0.0,0.0,0.0,0.0,0.0,0.0,0.0,0.0,72.0,,72.0
2/2/2026,2019.0,20200445.0,17684.0,39012.0,"SUMMIT MIDSTREAM PARTNERS, LLC",HVL,INTRASTATE,COLORADO,,,,,,,,,,,,10.93,,10.93
2/2/2026,2019.0,20200150.0,17373.0,39023.0,DOUBLE EAGLE PIPELINE LLC,Crude Oil,INTRASTATE,TEXAS,0.0,0.0,0.0,0.0,0.0,35.55,0.0,0.0,0.0,0.0,10.32,158.42,,204.29
2/2/2026,2019.0,20200671.0,17936.0,39038.0,E&T LLC,Crude Oil,INTRASTATE,CALIFORNIA,0.0,,0.0,,0.0,,0.0,,0.37,,0.0,,,0.37
2/2/2026,2019.0,20200380.0,17618.0,39043.0,"TALLGRASS PONY EXPRESS PIPELINE, LLC",Crude Oil,INTERSTATE,COLORADO,0.0,0.0,0.0,0.0,0.0,88.175,0.0,0.0,0.0,0.308,0.0,160.224,,248.707
2/2/2026,2019.0,20200380.0,17618.0,39043.0,"TALLGRASS PONY EXPRESS PIPELINE, LLC",Crude Oil,INTERSTATE,KANSAS,,,0.0,0.0,0.0,143.948,0.0,0.0,0.0,0.008,0.0,222.21,,366.166
2/2/2026,2019.0,20200380.0,17618.0,39043.0,"TALLGRASS PONY EXPRESS PIPELINE, LLC",Crude Oil,INTERSTATE,NEBRASKA,0.011,0.0,0.0,0.0,0.0,93.155,0.0,0.0,0.0,0.044,0.003,4.826,,98.039
2/2/2026,2019.0,20200380.0,17618.0,39043.0,"TALLGRASS PONY EXPRESS PIPELINE, LLC",Crude Oil,INTERSTATE,OKLAHOMA,0.0,0.0,0.0,0.0,0.0,0.0,0.0,0.0,0.0,0.0,0.0,82.522,,82.522
2/2/2026,2019.0,20200380.0,17618.0,39043.0,"TALLGRASS PONY EXPRESS PIPELINE, LLC",Crude Oil,INTERSTATE,WYOMING,0.0,0.0,0.0,0.0,0.0,63.419,0.016,0.008,0.0,0.483,0.0,26.675,,90.601
2/2/2026,2019.0,20200030.0,17236.0,39046.0,"BRIDGER SWAN RANCH, LLC",Crude Oil,INTRASTATE,WYOMING,0.0,0.0,0.0,0.0,0.0,0.0,0.0,0.0,0.0,0.0,0.0,4.46,,4.46
2/2/2026,2019.0,20200249.0,17473.0,39047.0,"GEL OFFSHORE PIPELINE, LLC",Crude Oil,INTERSTATE,OCS-Gulf of Mexico,0.0,0.0,0.0,0.0,0.0,0.0,0.0,38.56,32.28,0.0,0.0,0.0,,70.84
2/2/2026,2019.0,20200079.0,17291.0,39050.0,"CASPER CRUDE TO RAIL, LLC",Crude Oil,INTERSTATE,WYOMING,,,,,,,,,,,,12.45,,12.45
2/2/2026,2019.0,20220734.0,19818.0,39055.0,AMID SILVER DOLLAR PIPELINE LLC,Crude Oil,INTRASTATE,TEXAS,,,,,,,,,,,,174.19,,174.19
2/2/2026,2019.0,20200141.0,17364.0,39065.0,HESS ND,Crude Oil,INTRASTATE,NORTH DAKOTA,0.0,0.0,0.0,0.0,0.0,0.0,0.0,0.0,0.0,2.43,0.35,112.04,,114.82
2/2/2026,2019.0,20200127.0,17350.0,39065.0,HESS ND,HVL,INTRASTATE,NORTH DAKOTA,0.0,0.0,0.0,0.0,0.0,0.0,0.0,0.0,0.0,11.01,0.0,24.01,,35.02
2/2/2026,2019.0,20200126.0,17349.0,39065.0,HESS ND,Refined and/or Petroleum Product (non-HVL),INTRASTATE,NORTH DAKOTA,0.0,0.0,0.0,0.0,0.0,0.0,0.0,0.0,0.0,0.0,0.0,3.8,,3.8
2/2/2026,2019.0,20200456.0,17696.0,39068.0,"FIELDWOOD ENERGY, LLC",Crude Oil,INTERSTATE,LOUISIANA,,,,,,,,33.52,32.65,32.34,,,,98.51
2/2/2026,2019.0,20200456.0,17696.0,39068.0,"FIELDWOOD ENERGY, LLC",Crude Oil,INTRASTATE,LOUISIANA,,,,,,,14.4,,,,,,,14.4
2/2/2026,2019.0,20200456.0,17696.0,39068.0,"FIELDWOOD ENERGY, LLC",Crude Oil,INTRASTATE,TEXAS,,,,,,,,,,17.35,,,,17.35
2/2/2026,2019.0,20200207.0,17430.0,39069.0,"EMPIRE PIPELINE, LLC",Crude Oil,INTERSTATE,OCS-Gulf of Mexico,,,,,,,,37.57,,34.15,1.01,,,72.73
2/2/2026,2019.0,20200207.0,17430.0,39069.0,"EMPIRE PIPELINE, LLC",Crude Oil,INTRASTATE,LOUISIANA,,,,,,,10.7,,,,,,,10.7
2/2/2026,2019.0,20200702.0,18032.0,39073.0,OCI BEAUMONT LLC,Refined and/or Petroleum Product (non-HVL),INTRASTATE,TEXAS,,0.0,0.0,0.0,0.0,0.0,0.0,0.0,4.63,0.0,0.0,0.0,,4.63
2/2/2026,2019.0,20200223.0,17447.0,39084.0,"CRIMSON GULF, LLC",Crude Oil,INTERSTATE,LOUISIANA,,,,,,207.369,201.096,8.535,20.067,12.014,0.5,0.572,,450.153
2/2/2026,2019.0,20200223.0,17447.0,39084.0,"CRIMSON GULF, LLC",Crude Oil,INTERSTATE,OCS-Gulf of Mexico,,,,,,,119.056,122.63,47.668,60.794,31.968,0.101,,382.217
2/2/2026,2019.0,20200144.0,21013.0,39090.0,"NUTAAQ PIPELINE, LLC",Crude Oil,INTRASTATE,ALASKA,0.0,0.0,0.0,0.0,0.0,0.0,0.0,0.0,0.0,25.04,0.0,0.01,,25.05
2/2/2026,2019.0,20200086.0,17302.0,39098.0,"TEXSTAR MIDSTREAM LOGISTICS, LP",Crude Oil,INTRASTATE,TEXAS,0.0,0.0,0.0,0.0,0.0,0.0,0.0,0.0,0.0,0.0,0.0,36.45,,36.45
2/2/2026,2019.0,20200215.0,17439.0,39099.0,CALIBER NORTH DAKOTA LLC,Crude Oil,INTRASTATE,NORTH DAKOTA,,,,,,,,,,,,23.15,,23.15
2/2/2026,2019.0,20200214.0,17438.0,39099.0,CALIBER NORTH DAKOTA LLC,HVL,INTRASTATE,NORTH DAKOTA,,,,,,,,,,,,4.3,,4.3
2/2/2026,2019.0,20200570.0,17816.0,39105.0,VALERO PARTNERS OPERATING CO. LLC,Crude Oil,INTERSTATE,MISSISSIPPI,,,,,,,,,18.519,19.193,0.197,,,37.909
2/2/2026,2019.0,20200570.0,17816.0,39105.0,VALERO PARTNERS OPERATING CO. LLC,Crude Oil,INTERSTATE,OKLAHOMA,,,,,,37.843,,,,,2.137,0.035,,40.015
2/2/2026,2019.0,20200570.0,17816.0,39105.0,VALERO PARTNERS OPERATING CO. LLC,Crude Oil,INTERSTATE,TENNESSEE,,,,,,,,,0.377,0.23,13.384,,,13.991
2/2/2026,2019.0,20200570.0,17816.0,39105.0,VALERO PARTNERS OPERATING CO. LLC,Crude Oil,INTERSTATE,TEXAS,,,,,,46.49,40.25,0.0,0.0,0.0,0.083,18.496,,105.319
2/2/2026,2019.0,20200570.0,17816.0,39105.0,VALERO PARTNERS OPERATING CO. LLC,Crude Oil,INTRASTATE,TEXAS,0.0,0.0,0.0,0.0,0.0,0.0,0.0,5.155,0.0,0.0,0.012,14.483,,19.65
2/2/2026,2019.0,20200573.0,17820.0,39105.0,VALERO PARTNERS OPERATING CO. LLC,HVL,INTRASTATE,TEXAS,,,,,,,,,,,2.211,,,2.211
2/2/2026,2019.0,20200571.0,17817.0,39105.0,VALERO PARTNERS OPERATING CO. LLC,Refined and/or Petroleum Product (non-HVL),INTERSTATE,ARKANSAS,,,,,,,,,,,0.793,,,0.793
2/2/2026,2019.0,20200571.0,17817.0,39105.0,VALERO PARTNERS OPERATING CO. LLC,Refined and/or Petroleum Product (non-HVL),INTERSTATE,LOUISIANA,,,,,,,,,,,,87.429,,87.429
2/2/2026,2019.0,20200571.0,17817.0,39105.0,VALERO PARTNERS OPERATING CO. LLC,Refined and/or Petroleum Product (non-HVL),INTERSTATE,MISSISSIPPI,,,,,,,,,,,,55.195,,55.195
2/2/2026,2019.0,20200571.0,17817.0,39105.0,VALERO PARTNERS OPERATING CO. LLC,Refined and/or Petroleum Product (non-HVL),INTERSTATE,OKLAHOMA,,,,,,,,22.693,0.0,0.0,,7.378,,30.071
2/2/2026,2019.0,20200571.0,17817.0,39105.0,VALERO PARTNERS OPERATING CO. LLC,Refined and/or Petroleum Product (non-HVL),INTERSTATE,TENNESSEE,,,,,,,,,,,8.058,,,8.058
2/2/2026,2019.0,20200571.0,17817.0,39105.0,VALERO PARTNERS OPERATING CO. LLC,Refined and/or Petroleum Product (non-HVL),INTRASTATE,TENNESSEE,,,,,,,,,10.627,,0.519,,,11.146
2/2/2026,2019.0,20200571.0,17817.0,39105.0,VALERO PARTNERS OPERATING CO. LLC,Refined and/or Petroleum Product (non-HVL),INTRASTATE,TEXAS,,,,,8.803,,4.044,1.333,,,7.429,1.496,,23.105
2/2/2026,2019.0,20200128.0,17351.0,39106.0,BOE MIDSTREAM,Crude Oil,INTRASTATE,NORTH DAKOTA,,,,,,,,,,,,38.7,,38.7
2/2/2026,2019.0,20200696.0,17988.0,39107.0,SWEPI LP,Crude Oil,INTRASTATE,TEXAS,,,,,,,,,,,,54.1,,54.1
2/2/2026,2019.0,20200233.0,17955.0,39108.0,BLUEFISH PIPELINE LLC,Refined and/or Petroleum Product (non-HVL),INTRASTATE,NEW MEXICO,,,,,,,,,,,,4.01,,4.01
2/2/2026,2019.0,20200233.0,17955.0,39108.0,BLUEFISH PIPELINE LLC,Refined and/or Petroleum Product (non-HVL),INTRASTATE,TEXAS,,,,,,10.26,,,1.67,,,1.51,,13.44
2/2/2026,2019.0,20200545.0,17789.0,39112.0,"ENLINK MIDSTREAM SERVICES, LLC",Crude Oil,INTRASTATE,OKLAHOMA,,,,,,,,,,,,39.98,,39.98
2/2/2026,2019.0,20200546.0,17790.0,39112.0,"ENLINK MIDSTREAM SERVICES, LLC",HVL,INTRASTATE,OKLAHOMA,,,,,,,,,,,,13.135,,13.135
2/2/2026,2019.0,20200546.0,17790.0,39112.0,"ENLINK MIDSTREAM SERVICES, LLC",HVL,INTRASTATE,TEXAS,,,,,,,,24.43,8.953,,74.147,,,107.53
2/2/2026,2019.0,20200440.0,17679.0,39122.0,UTICA EAST OHIO MIDSTREAM LLC,HVL,INTRASTATE,OHIO,0.0,0.0,0.0,0.0,0.0,0.0,0.0,0.0,0.0,0.0,0.0,62.73,,62.73
2/2/2026,2019.0,20200691.0,17972.0,39123.0,CINNABAR ENERGY LTD.,Crude Oil,INTRASTATE,TEXAS,,,,,,,,,,,,5.27,,5.27
2/2/2026,2019.0,20200568.0,17813.0,39124.0,EQUINOR PIPELINES LLC,Crude Oil,INTRASTATE,NORTH DAKOTA,,,,,,,,,,,,69.06,,69.06
2/2/2026,2019.0,20200403.0,17641.0,39131.0,PERMIAN EXPRESS TERMINAL LLC,Crude Oil,INTERSTATE,TEXAS,,,,,,,,,,,,27.6,,27.6
2/2/2026,2019.0,20200354.0,17585.0,39138.0,"BOARDWALK LOUISIANA MIDSTREAM, LLC",HVL,INTRASTATE,LOUISIANA,7.1,,,,,18.6,252.55,32.7,6.8,31.2,62.7,61.6,,473.25
2/2/2026,2019.0,20200354.0,17585.0,39138.0,"BOARDWALK LOUISIANA MIDSTREAM, LLC",HVL,INTRASTATE,TEXAS,,,,,,,,,,,,1.1,,1.1
2/2/2026,2019.0,20200420.0,17659.0,39147.0,"ENABLE GAS GATHERING, LLC",Crude Oil,INTRASTATE,OKLAHOMA,,,,,,,,,,,,129.4,,129.4
2/2/2026,2019.0,20200228.0,17452.0,39149.0,IMTT-BAYONNE,Refined and/or Petroleum Product (non-HVL),INTRASTATE,NEW JERSEY,,,,,,,,,0.68,1.97,0.17,0.53,,3.35
2/2/2026,2019.0,20200609.0,17857.0,39156.0,"FRIO LASALLE PIPELINE, LP",HVL,INTRASTATE,TEXAS,,,,,,,,,38.825,,,10.281,,49.106
2/2/2026,2019.0,20200290.0,19776.0,39179.0,"AMPLIFY ENERGY OPERATING, LLC",CO2,INTRASTATE,WYOMING,,,,,,,,,20.0,,,,,20.0
2/2/2026,2019.0,20200425.0,17664.0,39183.0,"MEDALLION OPERATING COMPANY, LLC",Crude Oil,INTRASTATE,TEXAS,,,,,,,,,,,,657.64,,657.64
2/2/2026,2019.0,20200307.0,17536.0,39183.0,"MEDALLION OPERATING COMPANY, LLC",HVL,INTRASTATE,TEXAS,,,,,,,,,,,,6.52,,6.52
2/2/2026,2019.0,20200356.0,17587.0,39187.0,"THUNDER CREEK NGL PIPELINE, LLC",HVL,INTERSTATE,WYOMING,,,,,,,,85.9,,,,33.66,,119.56
2/2/2026,2019.0,20200518.0,17762.0,39189.0,"NORTHSTAR OFFSHORE VENTURES, LLC",Crude Oil,INTERSTATE,LOUISIANA,,,,,,,9.73,,,,,,,9.73
2/2/2026,2019.0,20200110.0,17331.0,39191.0,CONSOLIDATED EDISON CO OF NY,Refined and/or Petroleum Product (non-HVL),INTRASTATE,NEW YORK,,0.0,0.0,0.0,0.0,0.0,0.55,0.0,0.0,0.21,0.0,0.16,,0.92
2/2/2026,2019.0,20200031.0,17237.0,39196.0,CHEYENNE RAIL HUB,Crude Oil,INTRASTATE,WYOMING,,,,,,,,,,,,1.8,,1.8
2/2/2026,2019.0,20200404.0,19774.0,39205.0,"DAPL-ETCO OPERATIONS MANAGEMENT, LLC",Crude Oil,INTERSTATE,ARKANSAS,1.2,,,,,,18.3,,,,,0.2,,19.7
2/2/2026,2019.0,20200404.0,19774.0,39205.0,"DAPL-ETCO OPERATIONS MANAGEMENT, LLC",Crude Oil,INTERSTATE,ILLINOIS,,,,,,,95.5,0.2,0.0,0.1,0.2,224.4,,320.4
2/2/2026,2019.0,20200404.0,19774.0,39205.0,"DAPL-ETCO OPERATIONS MANAGEMENT, LLC",Crude Oil,INTERSTATE,IOWA,,,,,,,,,,,,348.0,,348.0
2/2/2026,2019.0,20200404.0,19774.0,39205.0,"DAPL-ETCO OPERATIONS MANAGEMENT, LLC",Crude Oil,INTERSTATE,KENTUCKY,,,,,,,48.7,,,,,2.5,,51.2
2/2/2026,2019.0,20200404.0,19774.0,39205.0,"DAPL-ETCO OPERATIONS MANAGEMENT, LLC",Crude Oil,INTERSTATE,LOUISIANA,,,,,,28.6,201.9,1.0,0.2,0.0,0.4,4.7,,236.8
2/2/2026,2019.0,20200404.0,19774.0,39205.0,"DAPL-ETCO OPERATIONS MANAGEMENT, LLC",Crude Oil,INTERSTATE,MISSISSIPPI,0.9,,,,,,145.3,1.6,0.0,0.1,0.3,3.0,,151.2
2/2/2026,2019.0,20200404.0,19774.0,39205.0,"DAPL-ETCO OPERATIONS MANAGEMENT, LLC",Crude Oil,INTERSTATE,NORTH DAKOTA,,,,,,,,,,,,360.0,,360.0
2/2/2026,2019.0,20200404.0,19774.0,39205.0,"DAPL-ETCO OPERATIONS MANAGEMENT, LLC",Crude Oil,INTERSTATE,SOUTH DAKOTA,,,,,,,,,,,,274.9,,274.9
2/2/2026,2019.0,20200404.0,19774.0,39205.0,"DAPL-ETCO OPERATIONS MANAGEMENT, LLC",Crude Oil,INTERSTATE,TENNESSEE,,,,,,,108.0,0.2,0.5,0.1,,1.6,,110.4
2/2/2026,2019.0,20200404.0,19774.0,39205.0,"DAPL-ETCO OPERATIONS MANAGEMENT, LLC",Crude Oil,INTERSTATE,TEXAS,,,,,,10.6,,0.3,,,,32.8,,43.7
2/2/2026,2019.0,20200099.0,18001.0,39214.0,ENVEN ENERGY VENTURES LLC.,Crude Oil,INTERSTATE,LOUISIANA,,,,,,,,8.1,,,,,,8.1
2/2/2026,2019.0,20200099.0,18001.0,39214.0,ENVEN ENERGY VENTURES LLC.,Crude Oil,INTERSTATE,OCS-Gulf of Mexico,0.0,0.0,0.0,0.0,0.0,0.0,0.0,19.4,0.0,0.0,0.0,0.0,,19.4
2/2/2026,2019.0,20200073.0,17285.0,39216.0,TALLGRASS MIDSTREAM LLC,HVL,INTERSTATE,COLORADO,0.0,0.0,0.0,0.0,0.0,0.0,0.0,0.0,0.0,0.0,0.0,18.225,,18.225
2/2/2026,2019.0,20200692.0,17973.0,39221.0,DAKOTA MIDSTREAM,Crude Oil,INTRASTATE,NORTH DAKOTA,,,,,,,,,,,,20.68,,20.68
2/2/2026,2019.0,20200240.0,17464.0,39227.0,CALIFORNIA RESOURCES VENTURA BASIN,Crude Oil,INTRASTATE,CALIFORNIA,,,,,0.64,2.05,0.95,,0.13,,,,,3.77
2/2/2026,2019.0,20200308.0,17537.0,39228.0,ANDEAVOR FIELD SERVICES LLC,Crude Oil,INTRASTATE,NORTH DAKOTA,,,,,,,,,,,,9.5,,9.5
2/2/2026,2019.0,20200308.0,17537.0,39228.0,ANDEAVOR FIELD SERVICES LLC,Crude Oil,INTRASTATE,WYOMING,0.0,0.0,0.0,0.0,0.0,0.0,0.0,0.0,0.0,0.0,2.2,,,2.2
2/2/2026,2019.0,20200311.0,17991.0,39228.0,ANDEAVOR FIELD SERVICES LLC,HVL,INTRASTATE,NORTH DAKOTA,,,,,,,,,,,,54.9,,54.9
2/2/2026,2019.0,20200311.0,17991.0,39228.0,ANDEAVOR FIELD SERVICES LLC,HVL,INTRASTATE,UTAH,0.0,0.0,0.0,0.0,0.0,0.0,0.0,0.0,0.0,0.0,,26.4,,26.4
2/2/2026,2019.0,20200311.0,17991.0,39228.0,ANDEAVOR FIELD SERVICES LLC,HVL,INTRASTATE,WYOMING,0.0,0.0,0.0,0.0,0.0,0.0,0.0,0.0,0.0,5.7,0.0,3.8,,9.5
2/2/2026,2019.0,20200187.0,18183.0,39229.0,CAMINO REAL GATHERING CO LLC,Crude Oil,INTRASTATE,TEXAS,,,,,,,,,,,,46.8,,46.8
2/2/2026,2019.0,20200606.0,17854.0,39231.0,INTENSITY MIDSTREAM LLC,HVL,INTRASTATE,OKLAHOMA,,,,,,,,,,,,2.24,,2.24
2/2/2026,2019.0,20200306.0,17535.0,39241.0,ZENITH ENERGY TERMINALS JOLIET HOLDINGS LLC,Crude Oil,INTERSTATE,ILLINOIS,,,,,,,,,,,,4.538,,4.538
2/2/2026,2019.0,20200627.0,17878.0,39271.0,EAGLECLAW MIDSTREAM VENTURES,Crude Oil,INTRASTATE,TEXAS,,,,,,,,,,,,18.29,,18.29
2/2/2026,2019.0,20200618.0,17869.0,39271.0,EAGLECLAW MIDSTREAM VENTURES,HVL,INTRASTATE,TEXAS,,,,,,,,,,,,42.873,,42.873
2/2/2026,2019.0,20200230.0,17454.0,39272.0,"PARADIGM MIDSTREAM SERVICES - ND, LLC",Crude Oil,INTRASTATE,NORTH DAKOTA,0.0,0.0,0.0,0.0,0.0,0.0,0.0,0.0,0.0,0.0,0.0,23.94,,23.94
2/2/2026,2019.0,20200462.0,17920.0,39281.0,BROOKS RANGE PETROLEUM CORPORATION,Crude Oil,INTRASTATE,ALASKA,,,,,,,,,,,,0.256,,0.256
2/2/2026,2019.0,20200226.0,17508.0,39284.0,ORYX SO. DELAWARE OGT LLC,Crude Oil,INTRASTATE,TEXAS,,,,,,,,,,,,277.47,,277.47
2/2/2026,2019.0,20200002.0,17182.0,39291.0,FDL OPERATING LLC,CO2,INTRASTATE,WYOMING,,,,,,,,,,,155.0,,,155.0
2/2/2026,2019.0,20200523.0,17767.0,39292.0,"TWIN EAGLE MIDSTREAM ASSETS, LLC",Crude Oil,INTERSTATE,WYOMING,,,,,,,,,,,,4.486,,4.486
2/2/2026,2019.0,20200604.0,17852.0,39303.0,"BASA RESOURCES, INC.",Crude Oil,INTRASTATE,TEXAS,16.02,,,,,,,,,,,,,16.02
2/2/2026,2019.0,20200405.0,17643.0,39307.0,SUNOCO MIDLAND GATHERING LLC,Crude Oil,INTRASTATE,TEXAS,2.9,0.0,0.0,0.0,0.0,0.0,0.0,0.0,0.0,0.0,0.0,79.9,,82.8
2/2/2026,2019.0,20200034.0,17243.0,39313.0,"MAVERICK TERMINAL THREE RIVERS, LLC",HVL,INTRASTATE,TEXAS,,,,,,,,,,,,1.77,,1.77
2/2/2026,2019.0,20200348.0,17579.0,39316.0,"RENAISSANCE OFFSHORE, LLC",Crude Oil,INTERSTATE,OCS-Gulf of Mexico,,,,,,,,,15.9,,,,,15.9
2/2/2026,2019.0,20200348.0,17579.0,39316.0,"RENAISSANCE OFFSHORE, LLC",Crude Oil,INTERSTATE,TEXAS,,,,,,,,,14.19,,,,,14.19
2/2/2026,2019.0,20200684.0,17951.0,39317.0,SCOUT ENERGY MANAGEMENT LLC,Crude Oil,INTRASTATE,TEXAS,,,,,,,,,,,1.71,,,1.71
2/2/2026,2019.0,20200521.0,17765.0,39325.0,"TALOS ENERGY, LLC",Crude Oil,INTERSTATE,LOUISIANA,0.149,,,,,,,,,,,,,0.149
2/2/2026,2019.0,20200521.0,17765.0,39325.0,"TALOS ENERGY, LLC",Crude Oil,INTERSTATE,OCS-Gulf of Mexico,,,,,,,,0.698,,,,,,0.698
2/2/2026,2019.0,20200257.0,17481.0,39336.0,"BR PORT SERVICES, LLC",Crude Oil,INTRASTATE,LOUISIANA,0.0,,0.0,,0.0,0.0,0.0,0.0,0.0,0.0,0.0,3.91,,3.91
2/2/2026,2019.0,20200522.0,17766.0,39339.0,TINSLEY RESOURCES  LLC,Crude Oil,INTRASTATE,MISSISSIPPI,37.415,,,,,,,,,,,,,37.415
2/2/2026,2019.0,20200500.0,20830.0,39341.0,"CHALMETTE LOUISIANA LIQUIDS, LLC",HVL,INTRASTATE,LOUISIANA,42.28,,,,,,,,,,,,,42.28
2/2/2026,2019.0,20200326.0,17555.0,39347.0,"ILLINOIS EXTENSION PIPELINE COMPANY, L.L.C.",Crude Oil,INTERSTATE,ILLINOIS,0.0,0.0,0.0,0.0,0.0,0.0,0.0,0.0,0.0,0.0,0.0,168.2,,168.2
2/2/2026,2019.0,20200642.0,17894.0,39348.0,"NUSTAR PERMIAN TRANSPORTATION AND STORAGE, LLC",Crude Oil,INTRASTATE,TEXAS,0.0,0.0,0.0,0.0,0.0,0.0,0.0,0.0,0.0,0.0,0.0,376.7,,376.7
2/2/2026,2019.0,20200225.0,17449.0,39349.0,"USG WHEATLAND PIPELINE, LLC",Crude Oil,INTRASTATE,NORTH DAKOTA,,,,,,,,,,,,21.143,,21.143
2/2/2026,2019.0,20210686.0,18806.0,39351.0,"MONARCH OIL PIPELINE, LLC",Crude Oil,INTERSTATE,OKLAHOMA,0.0,0.0,0.0,0.0,0.0,0.0,0.0,0.0,0.0,0.0,0.0,1.4,0.0,1.4
2/2/2026,2019.0,20210686.0,18806.0,39351.0,"MONARCH OIL PIPELINE, LLC",Crude Oil,INTERSTATE,TEXAS,0.0,0.0,0.0,0.0,0.0,0.0,0.0,0.0,0.0,0.0,0.0,38.3,0.0,38.3
2/2/2026,2019.0,20210686.0,18806.0,39351.0,"MONARCH OIL PIPELINE, LLC",Crude Oil,INTRASTATE,TEXAS,0.0,0.0,0.0,0.0,0.0,0.0,0.0,0.0,0.0,0.0,0.0,13.25,0.0,13.25
2/2/2026,2019.0,20200258.0,17482.0,39352.0,"GENESIS OFFSHORE HOLDINGS, LLC",Crude Oil,INTERSTATE,LOUISIANA,0.0,0.0,0.0,0.0,0.0,0.0,0.0,0.0,0.0,0.0,50.23,0.0,,50.23
2/2/2026,2019.0,20200258.0,17482.0,39352.0,"GENESIS OFFSHORE HOLDINGS, LLC",Crude Oil,INTERSTATE,OCS-Gulf of Mexico,0.0,0.0,0.0,0.0,0.0,0.0,0.0,0.0,40.14,97.38,669.02,145.39,,951.93
2/2/2026,2019.0,20200258.0,17482.0,39352.0,"GENESIS OFFSHORE HOLDINGS, LLC",Crude Oil,INTERSTATE,TEXAS,0.0,0.0,0.0,0.0,0.0,,0.0,0.0,0.0,0.0,78.23,0.0,,78.23
2/2/2026,2019.0,20200112.0,17334.0,39354.0,ENBRIDGE OFFSHORE FACILITIES,Crude Oil,INTERSTATE,OCS-Gulf of Mexico,,,,,,,,,,,25.7,88.6,,114.3
2/2/2026,2019.0,20200473.0,17715.0,39368.0,CRESTWOOD MIDSTREAM PARTNERS LP,Crude Oil,INTRASTATE,NORTH DAKOTA,0.0,0.0,0.0,0.0,0.0,0.0,0.0,0.0,0.0,0.0,0.0,139.83,,139.83
2/2/2026,2019.0,20200474.0,17716.0,39368.0,CRESTWOOD MIDSTREAM PARTNERS LP,HVL,INTRASTATE,NORTH DAKOTA,0.0,0.0,0.0,0.0,0.0,0.0,0.0,0.0,0.0,0.0,0.0,2.76,,2.76
2/2/2026,2019.0,20200474.0,17716.0,39368.0,CRESTWOOD MIDSTREAM PARTNERS LP,HVL,INTRASTATE,TEXAS,0.0,0.0,0.0,0.0,0.0,0.0,0.0,0.0,0.0,0.0,0.0,2.28,,2.28
2/2/2026,2019.0,20200095.0,17314.0,39369.0,ELLSJET TERMINAL,Refined and/or Petroleum Product (non-HVL),INTRASTATE,SOUTH DAKOTA,,,,,,6.51,,,,,,,,6.51
2/2/2026,2019.0,20200374.0,17609.0,39376.0,"BLUE CUBE OPERATIONS, LLC.",HVL,INTRASTATE,TEXAS,,,,,,0.0,,,,,,1.43,,1.43
2/2/2026,2019.0,20200525.0,18012.0,39377.0,"WHITNEY OIL & GAS, LLC",Crude Oil,INTRASTATE,LOUISIANA,9.15,,,,,,,,,,,,,9.15
2/2/2026,2019.0,20200259.0,17483.0,39389.0,"GEL TEXAS PIPELINE, LLC",Crude Oil,INTERSTATE,TEXAS,0.0,0.0,0.0,0.0,0.0,0.0,0.0,0.0,0.0,0.0,0.0,25.11,,25.11
2/2/2026,2019.0,20200137.0,17360.0,39398.0,INEOS USA LLC,HVL,INTRASTATE,TEXAS,,,,,,,,292.23,83.52,24.65,,11.41,,411.81
2/2/2026,2019.0,20200138.0,17361.0,39398.0,INEOS USA LLC,Refined and/or Petroleum Product (non-HVL),INTRASTATE,TEXAS,,,,,,,,43.13,,24.49,4.5,,,72.12
2/2/2026,2019.0,20200575.0,20906.0,39401.0,GREAT SALT PLAINS PIPELINE LLC,Crude Oil,INTRASTATE,OKLAHOMA,,,,,,,,,,,,161.05,,161.05
2/2/2026,2019.0,20200578.0,17931.0,39401.0,GREAT SALT PLAINS PIPELINE LLC,HVL,INTRASTATE,OKLAHOMA,,,,,,,,,,,,0.17,,0.17
2/2/2026,2019.0,20200486.0,17729.0,39409.0,"CHALMETTE REFINING, L.L.C.",Crude Oil,INTRASTATE,LOUISIANA,0.0,,0.0,0.0,0.0,0.0,0.0,0.0,0.0,0.0,2.1,0.0,,2.1
2/2/2026,2019.0,20200487.0,17730.0,39409.0,"CHALMETTE REFINING, L.L.C.",Refined and/or Petroleum Product (non-HVL),INTRASTATE,LOUISIANA,0.0,0.0,0.0,0.0,0.0,0.0,0.02,0.0,0.0,1.65,0.02,0.0,,1.69
2/2/2026,2019.0,20200106.0,17325.0,39414.0,NST EXPRESS LLC,Crude Oil,INTRASTATE,NORTH DAKOTA,,,,,,,,,,,,22.99,,22.99
2/2/2026,2019.0,20200685.0,17952.0,39421.0,"NASCO PETROLEUM, LLC",Crude Oil,INTRASTATE,CALIFORNIA,,,,,,,2.78,,,,,,,2.78
2/2/2026,2019.0,20200057.0,17268.0,39424.0,"MAGNUM OPERATING, LLC",Crude Oil,INTRASTATE,TEXAS,,,,,,,,,,,,8.0,,8.0
2/2/2026,2019.0,20200599.0,17846.0,39433.0,"MAGELLAN OPERATING COMPANY, LLC",Crude Oil,INTRASTATE,TEXAS,,,,,,,,,,,,25.0,,25.0
2/2/2026,2019.0,20200600.0,17847.0,39433.0,"MAGELLAN OPERATING COMPANY, LLC",Refined and/or Petroleum Product (non-HVL),INTRASTATE,TEXAS,,,,,,,,,,,,3.65,,3.65
2/2/2026,2019.0,20200558.0,17976.0,39436.0,INDORAMA VENTURES OLEFINS LLC,HVL,INTERSTATE,LOUISIANA,,,,,,27.5,,,,,0.2,,,27.7
2/2/2026,2019.0,20200558.0,17976.0,39436.0,INDORAMA VENTURES OLEFINS LLC,HVL,INTERSTATE,TEXAS,,,,,,5.0,,,,,,,,5.0
2/2/2026,2019.0,20200558.0,17976.0,39436.0,INDORAMA VENTURES OLEFINS LLC,HVL,INTRASTATE,LOUISIANA,,,,,,,,,,0.09,,,,0.09
2/2/2026,2019.0,20200151.0,17374.0,39440.0,DOUBLE H,Crude Oil,INTERSTATE,MONTANA,0.0,0.0,0.0,0.0,0.0,0.0,0.0,0.0,0.0,0.0,0.0,266.51,,266.51
2/2/2026,2019.0,20200151.0,17374.0,39440.0,DOUBLE H,Crude Oil,INTERSTATE,NORTH DAKOTA,0.0,0.0,0.0,0.0,0.0,0.0,0.0,0.0,0.0,0.0,0.0,0.88,,0.88
2/2/2026,2019.0,20200151.0,17374.0,39440.0,DOUBLE H,Crude Oil,INTERSTATE,WYOMING,0.0,0.0,0.0,0.0,0.0,0.0,0.0,0.0,0.0,0.0,0.0,244.67,,244.67
2/2/2026,2019.0,20200677.0,17942.0,39442.0,JAMES LAKE MIDSTREAM,Refined and/or Petroleum Product (non-HVL),INTRASTATE,TEXAS,,,,,,,,,,,,4.84,,4.84
2/2/2026,2019.0,20200636.0,18029.0,39443.0,"NAVITAS MDSTR MIDLAND BASIN, LLC",HVL,INTRASTATE,TEXAS,,,,,,,,,,,,2.35,,2.35
2/2/2026,2019.0,20200690.0,17967.0,39459.0,"AMERICAN MIDSTREAM PERMIAN, LLC",HVL,INTRASTATE,TEXAS,,,,,,,,,,,,9.73,,9.73
2/2/2026,2019.0,20200406.0,17644.0,39462.0,"BAYOU BRIDGE PIPELINE, LLC",Crude Oil,INTERSTATE,LOUISIANA,24.3,,,,,,,,,,,163.1,,187.4
2/2/2026,2019.0,20200406.0,17644.0,39462.0,"BAYOU BRIDGE PIPELINE, LLC",Crude Oil,INTERSTATE,TEXAS,24.9,,,,,,,,,,,,,24.9
2/2/2026,2019.0,20200013.0,17814.0,39467.0,"KURARAY AMERICA, INC.",HVL,INTRASTATE,TEXAS,,,,,,,,,,,,18.964,,18.964
2/2/2026,2019.0,20200283.0,17510.0,39474.0,MODA INGLESIDE LLC,Crude Oil,INTRASTATE,TEXAS,0.0,0.0,0.0,0.0,0.0,0.0,0.0,0.0,0.0,0.0,0.0,31.87,,31.87
2/2/2026,2019.0,20200284.0,17511.0,39474.0,MODA INGLESIDE LLC,HVL,INTRASTATE,TEXAS,0.0,0.0,0.0,0.0,0.0,0.0,0.0,0.0,0.0,0.0,0.0,18.2,,18.2
2/2/2026,2019.0,20200125.0,17348.0,39477.0,"KEYERA ENERGY, INC.",HVL,INTRASTATE,OKLAHOMA,,,,,,3.4,,,,,,,,3.4
2/2/2026,2019.0,20200125.0,17348.0,39477.0,"KEYERA ENERGY, INC.",HVL,INTRASTATE,TEXAS,,,,,,,54.38,,,,,2.46,,56.84
2/2/2026,2019.0,20200170.0,17393.0,39487.0,COPANO PROCESSING LLC,HVL,INTRASTATE,TEXAS,,,,,,,,,,,,3.16,,3.16
2/2/2026,2019.0,20200003.0,17186.0,39488.0,"KINGFISHER MIDSTREAM, LLC",HVL,INTRASTATE,OKLAHOMA,0.0,0.0,0.0,0.0,0.0,0.0,0.0,0.0,0.0,0.0,0.0,4.06,,4.06
2/2/2026,2019.0,20200369.0,17604.0,39490.0,PETRA NOVA CCS I LLC,CO2,INTRASTATE,TEXAS,0.0,,0.0,,0.0,,0.0,0.0,0.0,0.0,0.0,0.36,,0.36
2/2/2026,2019.0,20200499.0,17742.0,39492.0,"CELANESE CHEMICALS, INC",HVL,INTRASTATE,TEXAS,,,,,,,,21.459,,,,,,21.459
2/2/2026,2019.0,20200001.0,17181.0,39497.0,MATRIX OIL CORP,Crude Oil,INTRASTATE,CALIFORNIA,,,,,,1.296,,,,,,,,1.296
2/2/2026,2019.0,20200657.0,17911.0,39498.0,COX OPERATING LLC,Crude Oil,INTERSTATE,LOUISIANA,,,,,,,18.954,11.985,6.7,6.972,,,,44.611
2/2/2026,2019.0,20200657.0,17911.0,39498.0,COX OPERATING LLC,Crude Oil,INTERSTATE,OCS-Gulf of Mexico,,,,,,,40.16,8.31,29.132,15.11,,,,92.712
2/2/2026,2019.0,20200601.0,17848.0,39504.0,"MAGELLAN CRUDE OIL PIPELINE COMPANY, L.P.",Crude Oil,INTERSTATE,TEXAS,,,,,37.83,367.01,4.26,0.08,1.32,14.08,28.3,16.62,,469.5
2/2/2026,2019.0,20200601.0,17848.0,39504.0,"MAGELLAN CRUDE OIL PIPELINE COMPANY, L.P.",Crude Oil,INTRASTATE,TEXAS,,,,,13.81,35.01,0.23,0.35,1.7,2.17,2.23,68.03,,123.53
2/2/2026,2019.0,20200246.0,17525.0,39506.0,PEAK MIDSTREAM GOLDSBORO LLC,Refined and/or Petroleum Product (non-HVL),INTRASTATE,NORTH CAROLINA,,,,,,,5.61,,,,,0.01,,5.62
2/2/2026,2019.0,20200505.0,18026.0,39509.0,"ITC PIPELINE COMPANY, LLC",Refined and/or Petroleum Product (non-HVL),INTRASTATE,TEXAS,,,,,,,,,,,,8.513,,8.513
2/2/2026,2019.0,20200629.0,17880.0,39511.0,CAPROCK PERMIAN PROCESSING LLC,HVL,INTRASTATE,TEXAS,,,,,,,,,,,,10.58,,10.58
2/2/2026,2019.0,20200154.0,18795.0,39518.0,KINDER MORGAN UTOPIA LLC,HVL,INTERSTATE,MICHIGAN,0.0,0.0,0.0,0.0,0.0,0.25,0.0,59.69,0.0,0.0,0.0,0.0,,59.94
2/2/2026,2019.0,20200154.0,18795.0,39518.0,KINDER MORGAN UTOPIA LLC,HVL,INTERSTATE,OHIO,0.0,0.0,0.0,0.0,0.0,0.0,0.0,56.36,0.0,0.0,0.0,149.41,,205.77
2/2/2026,2019.0,20200489.0,17732.0,39532.0,TORRANCE BASIN PIPELINE COMPANY LLC,Crude Oil,INTRASTATE,CALIFORNIA,0.0,0.0,0.154,0.19,0.859,4.232,2.927,2.29,1.692,0.631,0.796,0.114,,13.885
2/2/2026,2019.0,20200490.0,17733.0,39532.0,TORRANCE BASIN PIPELINE COMPANY LLC,Refined and/or Petroleum Product (non-HVL),INTRASTATE,CALIFORNIA,0.0,,0.0,2.081,0.622,1.043,1.194,0.13,0.001,2.456,0.74,0.012,,8.279
2/2/2026,2019.0,20200491.0,17734.0,39533.0,TORRANCE LOGISTICS COMPANY LLC,Crude Oil,INTRASTATE,CALIFORNIA,0.0,0.0,0.0,0.0,0.0,0.0,0.819,0.0,0.0,0.0,0.021,0.0,,0.84
2/2/2026,2019.0,20200493.0,17736.0,39534.0,TORRANCE VALLEY PIPELINE COMPANY LLC,Crude Oil,INTRASTATE,CALIFORNIA,0.0,0.0,0.0,0.0,0.0,0.0,0.0,5.137,32.337,140.036,2.194,1.752,,181.456
2/2/2026,2019.0,20200494.0,17737.0,39535.0,TORRANCE PIPELINE COMPANY LLC,Crude Oil,INTRASTATE,CALIFORNIA,0.0,0.0,0.0,0.0,0.0,0.0,0.0,9.461,0.041,0.497,0.341,0.351,,10.691
2/2/2026,2019.0,20200495.0,17738.0,39535.0,TORRANCE PIPELINE COMPANY LLC,Refined and/or Petroleum Product (non-HVL),INTRASTATE,CALIFORNIA,0.0,0.0,0.0,0.0,5.497,14.409,16.355,32.499,5.872,2.412,7.555,1.374,,85.973
2/2/2026,2019.0,20200334.0,17957.0,39540.0,"ARB MIDSTREAM, LLC",Crude Oil,INTRASTATE,COLORADO,,,,,,,,,,,,79.06,,79.06
2/2/2026,2019.0,20200183.0,17406.0,39551.0,"STAKEHOLDER MIDSTREAM CRUDE OIL PIPELINE, LLC",Crude Oil,INTRASTATE,TEXAS,,,,,,,,,,,,23.53,,23.53
2/2/2026,2019.0,20200617.0,17867.0,39556.0,ISLAND ENERGY SERVICES,Refined and/or Petroleum Product (non-HVL),INTRASTATE,HAWAII,,,,,,30.083,,,,13.034,2.142,,,45.259
2/2/2026,2019.0,20200632.0,17883.0,39565.0,TORRENT OIL LLC,Crude Oil,INTRASTATE,TEXAS,24.01,,,,,,,,,,,,,24.01
2/2/2026,2019.0,20200607.0,17855.0,39566.0,LUCID ENERGY DELAWARE LLC,HVL,INTRASTATE,NEW MEXICO,0.0,0.0,0.0,0.0,0.0,0.0,0.0,0.0,0.0,0.0,0.0,27.6,,27.6
2/2/2026,2019.0,20200572.0,17818.0,39572.0,"WWM OPERATING, LLC",HVL,INTRASTATE,TEXAS,,,,,,,,,,,,19.5,,19.5
2/2/2026,2019.0,20200164.0,17387.0,39581.0,CALIBER BEAR DEN INTERCONNECT LLC,Crude Oil,INTRASTATE,NORTH DAKOTA,,,,,,,,,,,,5.66,,5.66
2/2/2026,2019.0,20200681.0,18060.0,39587.0,"SAVAGE BAKKEN CONNECTOR, INC",Crude Oil,INTERSTATE,NORTH DAKOTA,,,,,,,,,,,,2.25,0.0,2.25
2/2/2026,2019.0,20200071.0,17982.0,39589.0,"STATELINE CRUDE, LLC",Crude Oil,INTERSTATE,NEW MEXICO,,,,,,,,,,,,4.75,,4.75
2/2/2026,2019.0,20200071.0,17982.0,39589.0,"STATELINE CRUDE, LLC",Crude Oil,INTERSTATE,TEXAS,,,,,,,,,,,,19.11,,19.11
2/2/2026,2019.0,20200120.0,17342.0,39593.0,QEP ENERGY COMPANY,Crude Oil,INTRASTATE,TEXAS,,,,,,,,,,,,2.8,,2.8
2/2/2026,2019.0,20200408.0,17646.0,39596.0,PERMIAN EXPRESS PARTNERS LLC,Crude Oil,INTERSTATE,ARKANSAS,1.4,,,,283.8,8.0,2.0,0.1,0.0,0.1,2.0,0.6,,298.0
2/2/2026,2019.0,20200408.0,17646.0,39596.0,PERMIAN EXPRESS PARTNERS LLC,Crude Oil,INTERSTATE,ILLINOIS,,,,,78.0,,,,,1.0,0.3,,,79.3
2/2/2026,2019.0,20200408.0,17646.0,39596.0,PERMIAN EXPRESS PARTNERS LLC,Crude Oil,INTERSTATE,LOUISIANA,2.2,,0.0,0.0,0.0,184.1,0.0,20.3,4.0,0.7,27.5,1.8,,240.6
2/2/2026,2019.0,20200408.0,17646.0,39596.0,PERMIAN EXPRESS PARTNERS LLC,Crude Oil,INTERSTATE,MISSOURI,15.2,0.0,0.0,0.0,105.4,0.0,0.0,0.0,0.0,0.0,0.4,0.0,,121.0
2/2/2026,2019.0,20200408.0,17646.0,39596.0,PERMIAN EXPRESS PARTNERS LLC,Crude Oil,INTERSTATE,TEXAS,127.9,0.0,0.0,0.0,148.2,240.7,5.4,29.7,12.0,35.5,4.0,342.4,,945.8
2/2/2026,2019.0,20200408.0,17646.0,39596.0,PERMIAN EXPRESS PARTNERS LLC,Crude Oil,INTRASTATE,TEXAS,0.0,0.0,0.0,0.0,0.0,23.3,0.0,2.9,0.0,0.1,0.2,2.0,,28.5
2/2/2026,2019.0,20200407.0,17645.0,39596.0,PERMIAN EXPRESS PARTNERS LLC,HVL,INTRASTATE,OKLAHOMA,,,,,,,54.1,3.4,,5.4,0.1,,,63.0
2/2/2026,2019.0,20200016.0,17208.0,39600.0,VAQUERO PERMIAN PROCESSING LLC,HVL,INTRASTATE,TEXAS,,,,,,,,,,,,3.265,,3.265
2/2/2026,2019.0,20200630.0,17881.0,39606.0,CAPROCK PERMIAN CRUDE LLC,Crude Oil,INTRASTATE,TEXAS,,,,,,,,,,,,36.58,,36.58
2/2/2026,2019.0,20200294.0,17522.0,39610.0,"CPE GATHERING MIDCON, LLC",Crude Oil,INTRASTATE,OKLAHOMA,0.0,,0.0,,0.0,,0.0,,0.0,,0.0,16.76,,16.76
2/2/2026,2019.0,20200512.0,17756.0,39617.0,SHELL OIL PRODUCTS US - CONVENT REFINERY,HVL,INTRASTATE,LOUISIANA,0.0,0.0,0.0,0.0,0.0,0.0,20.7,0.0,0.0,0.0,0.0,0.0,,20.7
2/2/2026,2019.0,20200091.0,17310.0,39636.0,"CARBON CALIFORNIA OPERATING COMPANY, LLC",Crude Oil,INTRASTATE,CALIFORNIA,,,,,,,3.7,,,,,,,3.7
2/2/2026,2019.0,20200076.0,17288.0,39637.0,UTAH GAS OP LTD DBA UTAH GAS CORP,HVL,INTERSTATE,COLORADO,,,,,,,,,,15.1,,,,15.1
2/2/2026,2019.0,20200076.0,17288.0,39637.0,UTAH GAS OP LTD DBA UTAH GAS CORP,HVL,INTERSTATE,UTAH,,,,,,,,,,1.6,,,,1.6
2/2/2026,2019.0,20200062.0,17273.0,39638.0,ALTUS MIDSTREAM NGL PIPELINE LP,HVL,INTRASTATE,TEXAS,,,,,,,,,,,,29.46,,29.46
2/2/2026,2019.0,20200342.0,17573.0,39639.0,TANKS R US,Refined and/or Petroleum Product (non-HVL),INTRASTATE,MICHIGAN,,,,,,,,,,0.01,,,,0.01
2/2/2026,2019.0,20200567.0,17812.0,39647.0,VALERO TEXAS CITY REFINERY,Refined and/or Petroleum Product (non-HVL),INTRASTATE,TEXAS,,,,,,,1.83,,,,3.36,,,5.19
2/2/2026,2019.0,20200466.0,17706.0,39648.0,VALERO HOUSTON REFINERY,Crude Oil,INTRASTATE,TEXAS,,,,,,1.24,0.16,,,,,,,1.4
2/2/2026,2019.0,20200467.0,17707.0,39648.0,VALERO HOUSTON REFINERY,HVL,INTRASTATE,TEXAS,,,,,,2.614,,,,1.164,,,,3.778
2/2/2026,2019.0,20200468.0,17708.0,39648.0,VALERO HOUSTON REFINERY,Refined and/or Petroleum Product (non-HVL),INTRASTATE,TEXAS,,,,,,,,0.31,,6.16,,3.1,,9.57
2/2/2026,2019.0,20200569.0,17815.0,39649.0,"IRONWOOD MIDSTREAM ENERGY PARTNERS, LLC",Crude Oil,INTRASTATE,TEXAS,0.0,0.0,0.0,0.0,0.0,0.0,0.0,0.0,0.0,0.0,0.0,19.874,,19.874
2/2/2026,2019.0,20200282.0,17509.0,39654.0,ORYX DELAWARE OIL TRANSPORT LLC,Crude Oil,INTERSTATE,NEW MEXICO,,,,,,,,,,,,154.89,,154.89
2/2/2026,2019.0,20200282.0,17509.0,39654.0,ORYX DELAWARE OIL TRANSPORT LLC,Crude Oil,INTERSTATE,TEXAS,,,,,,,,,,,,218.8,,218.8
2/2/2026,2019.0,20200282.0,17509.0,39654.0,ORYX DELAWARE OIL TRANSPORT LLC,Crude Oil,INTRASTATE,TEXAS,,,,,,,,,,,,10.7,,10.7
2/2/2026,2019.0,20200197.0,17420.0,39663.0,"PETROGAS WEST, LLC",HVL,INTRASTATE,WASHINGTON,,,,,,,,0.41,,,,,,0.41
2/2/2026,2019.0,20200355.0,17586.0,39666.0,FORMULA MIDSTREAM PARTNERS LLC,Crude Oil,INTRASTATE,TEXAS,,,,,,,,,,,,24.67,,24.67
2/2/2026,2019.0,20200077.0,17289.0,39675.0,"SCT PIPELINE, LLC",Crude Oil,INTRASTATE,OKLAHOMA,,,,,,,,,,,,17.49,,17.49
2/2/2026,2019.0,20200454.0,18855.0,39684.0,ROCKY MOUNTAIN MIDSTREAM PIPELINE LLC,Crude Oil,INTRASTATE,COLORADO,,,,,,,,,,,,19.03,,19.03
2/2/2026,2019.0,20200130.0,17353.0,39685.0,SANTA FE MIDSTREAM PERMIAN LLC,HVL,INTRASTATE,TEXAS,,,,,,,,,,,,5.23,,5.23
2/2/2026,2019.0,20200588.0,17835.0,39687.0,"BRAZOS DELAWARE CRUDE, LLC",HVL,INTRASTATE,TEXAS,,,,,,,,,,,,12.37,,12.37
2/2/2026,2019.0,20200015.0,17207.0,39694.0,"BRIDGE ENERGY, LLC",Crude Oil,INTRASTATE,CALIFORNIA,,,,,,,,,,,3.5,,,3.5
2/2/2026,2019.0,20200517.0,17761.0,39698.0,S2 ENERGY OPERATING LLC,Crude Oil,INTRASTATE,LOUISIANA,,,,,,,,,,,,0.21,,0.21
2/2/2026,2019.0,20200288.0,17516.0,39708.0,"SYDRI OPERATING, INC.",Crude Oil,INTRASTATE,TEXAS,0.0,0.0,0.0,0.0,0.0,0.0,0.0,0.0,0.0,1.27,0.0,0.0,,1.27
2/2/2026,2019.0,20200498.0,18040.0,39713.0,CANTIUM. LLC,Crude Oil,INTERSTATE,LOUISIANA,9.508,,,,,,,,,,,,,9.508
2/2/2026,2019.0,20200498.0,18040.0,39713.0,CANTIUM. LLC,Crude Oil,INTERSTATE,OCS-Gulf of Mexico,7.8,,,,,,,,,,,,,7.8
2/2/2026,2019.0,20200498.0,18040.0,39713.0,CANTIUM. LLC,Crude Oil,INTRASTATE,LOUISIANA,2.74,,,,,,,,,,,,,2.74
2/2/2026,2019.0,20200400.0,17638.0,39725.0,SBE CHEMICAL PARTNERS I LLC,HVL,INTRASTATE,TEXAS,,,,,,,,,,,,4.85,,4.85
2/2/2026,2019.0,20200621.0,17872.0,39731.0,VANTAGE PIPELINE US LP,HVL,INTERSTATE,NORTH DAKOTA,,,,,,,,,,,,127.11,,127.11
2/2/2026,2019.0,20200623.0,17874.0,39739.0,OCELOT ENERGY MANAGEMENT LLC,HVL,INTERSTATE,LOUISIANA,,,,,,,,53.13,,,,,,53.13
2/2/2026,2019.0,20200623.0,17874.0,39739.0,OCELOT ENERGY MANAGEMENT LLC,HVL,INTERSTATE,TEXAS,,,,,,,,1.59,,,,,,1.59
2/2/2026,2019.0,20200623.0,17874.0,39739.0,OCELOT ENERGY MANAGEMENT LLC,HVL,INTRASTATE,TEXAS,204.75,,,2.41,,1.56,43.28,13.38,1.06,15.8,0.03,30.5,,312.77
2/2/2026,2019.0,20200620.0,17871.0,39739.0,OCELOT ENERGY MANAGEMENT LLC,Refined and/or Petroleum Product (non-HVL),INTRASTATE,TEXAS,0.4,,,,,,26.13,16.64,4.07,0.09,16.72,0.06,,64.11
2/2/2026,2019.0,20200589.0,17836.0,39746.0,ELEVATION MIDSTREAM,Crude Oil,INTRASTATE,COLORADO,,,,,,,,,,,,12.163,,12.163
2/2/2026,2019.0,20200039.0,17249.0,39752.0,"STAKEHOLDER GAS UTILITY, LLC",HVL,INTRASTATE,TEXAS,,,,,,,,,,,,30.97,,30.97
2/2/2026,2019.0,20200067.0,17278.0,39753.0,CURETON FRONT RANGE LLC,HVL,INTRASTATE,COLORADO,,,,,,,,,,,,2.89,,2.89
2/2/2026,2019.0,20200519.0,17763.0,39754.0,"PERDURE PETROLEUM, LLC",CO2,INTERSTATE,KANSAS,15.249,,,,,,,,,,,,,15.249
2/2/2026,2019.0,20200519.0,17763.0,39754.0,"PERDURE PETROLEUM, LLC",CO2,INTERSTATE,OKLAHOMA,107.99,,,,,,,,,,,,,107.99
2/2/2026,2019.0,20200519.0,17763.0,39754.0,"PERDURE PETROLEUM, LLC",CO2,INTERSTATE,TEXAS,119.08,,,,,,,,,,,,,119.08
2/2/2026,2019.0,20200035.0,17245.0,39763.0,"FELIX MIDSTREAM, LLC.",Crude Oil,INTRASTATE,TEXAS,0.0,0.0,0.0,0.0,0.0,0.0,0.0,0.0,0.0,0.0,0.0,38.91,,38.91
2/2/2026,2019.0,20200012.0,17201.0,39771.0,ELK OPERATING SERVICES LLC,CO2,INTERSTATE,COLORADO,,,,,,,,,12.1,,,,,12.1
2/2/2026,2019.0,20200012.0,17201.0,39771.0,ELK OPERATING SERVICES LLC,CO2,INTERSTATE,UTAH,,,,,,,,,15.6,,,,,15.6
2/2/2026,2019.0,20200637.0,17889.0,39774.0,"GLASS MOUNTAIN PIPELINE, LLC",Crude Oil,INTRASTATE,OKLAHOMA,,,,,,,,,,,,259.95,,259.95
2/2/2026,2019.0,20200559.0,17803.0,39785.0,"EPIC CONSOLIDATED OPERATIONS, LLC",Crude Oil,INTRASTATE,TEXAS,,,,,,,,,,,,541.93,,541.93
2/2/2026,2019.0,20200554.0,18028.0,39785.0,"EPIC CONSOLIDATED OPERATIONS, LLC",HVL,INTERSTATE,NEW MEXICO,,,,,,,,,,,,19.9,,19.9
2/2/2026,2019.0,20200554.0,18028.0,39785.0,"EPIC CONSOLIDATED OPERATIONS, LLC",HVL,INTERSTATE,TEXAS,,,,,,,,,,,,7.59,,7.59
2/2/2026,2019.0,20200554.0,18028.0,39785.0,"EPIC CONSOLIDATED OPERATIONS, LLC",HVL,INTRASTATE,TEXAS,,,,135.16,,,,,,,,250.66,,385.82
2/2/2026,2019.0,20200552.0,17796.0,39785.0,"EPIC CONSOLIDATED OPERATIONS, LLC",Refined and/or Petroleum Product (non-HVL),INTRASTATE,TEXAS,,,,,,,,,,,,27.47,,27.47
2/2/2026,2019.0,20200070.0,17281.0,39794.0,"GULFMARK ENERGY, INC.",Crude Oil,INTRASTATE,TEXAS,,,,,,,,,,,,0.73,,0.73
2/2/2026,2019.0,20210716.0,18891.0,39805.0,"THOMPSON WEBSTER PIPELINE, INC.",Crude Oil,INTERSTATE,TEXAS,41.9,,,,,,,,,,,,,41.9
2/2/2026,2019.0,20200503.0,17747.0,39806.0,"EVX MIDSTREAM PARTNERS, LLC",Crude Oil,INTRASTATE,TEXAS,,,,,,,,,,,,13.86,,13.86
2/2/2026,2019.0,20200501.0,18025.0,39810.0,DIAMONDBACK E&P LLC,Crude Oil,INTRASTATE,TEXAS,,,,,,,,,,,,68.17,,68.17
2/2/2026,2019.0,20200177.0,17400.0,39817.0,TN AVENUE LLC,Crude Oil,INTRASTATE,CALIFORNIA,,,,,,2.5,,,,,,,,2.5
2/2/2026,2019.0,20200066.0,17277.0,39819.0,BREITBURN ENERGY CO2,CO2,INTERSTATE,NEW MEXICO,,,,,,,,,,23.0,23.94,,,46.94
2/2/2026,2019.0,20200066.0,17277.0,39819.0,BREITBURN ENERGY CO2,CO2,INTERSTATE,OKLAHOMA,,,,,,,,,,45.0,33.77,,,78.77
2/2/2026,2019.0,20200066.0,17277.0,39819.0,BREITBURN ENERGY CO2,CO2,INTERSTATE,TEXAS,,,,,,,,,,50.85,,,,50.85
2/2/2026,2019.0,20200072.0,17284.0,39820.0,"MAVERICK TERMINALS CORPUS, LLC",Refined and/or Petroleum Product (non-HVL),INTRASTATE,TEXAS,,,,,,,0.37,,,,,0.94,,1.31
2/2/2026,2019.0,20200436.0,17675.0,39822.0,"SCM PR, LLC",Crude Oil,INTERSTATE,WYOMING,,,,,,,,,,,,151.0,,151.0
2/2/2026,2019.0,20200376.0,17614.0,39823.0,TARGA DOWNSTREAM LLC,HVL,INTERSTATE,NEW MEXICO,,,,,,,,,,,,21.2,,21.2
2/2/2026,2019.0,20200376.0,17614.0,39823.0,TARGA DOWNSTREAM LLC,HVL,INTERSTATE,OKLAHOMA,,,,,,,,,,,,157.8,,157.8
2/2/2026,2019.0,20200376.0,17614.0,39823.0,TARGA DOWNSTREAM LLC,HVL,INTERSTATE,TEXAS,,,,,,,,,,,,847.6,,847.6
2/2/2026,2019.0,20200376.0,17614.0,39823.0,TARGA DOWNSTREAM LLC,HVL,INTRASTATE,TEXAS,,,,,,,,,,,,65.8,,65.8
2/2/2026,2019.0,20200417.0,17656.0,39827.0,"SWISSPORT SA FUEL SERVICES, LLC",Refined and/or Petroleum Product (non-HVL),INTRASTATE,TEXAS,,,,,,,,,1.3,,,,,1.3
2/2/2026,2019.0,20200068.0,17279.0,39833.0,"SAN MATEO BLACK RIVER OIL PIPELINE, LLC",Crude Oil,INTRASTATE,NEW MEXICO,,,,,,,,,,,,15.823,,15.823
2/2/2026,2019.0,20200622.0,17873.0,39837.0,PARAMOUNT PIPELINE LLC,Crude Oil,INTRASTATE,CALIFORNIA,1.007,,21.27,1.196,,9.631,,1.033,7.768,1.729,,,,43.634
2/2/2026,2019.0,20200625.0,17876.0,39837.0,PARAMOUNT PIPELINE LLC,Refined and/or Petroleum Product (non-HVL),INTRASTATE,CALIFORNIA,0.0,0.0,2.178,0.0,0.0,4.394,1.536,2.727,0.0,0.196,1.684,0.0,,12.715
2/2/2026,2019.0,20200443.0,17711.0,39841.0,RED BUTTE PIPELINE LLC,Crude Oil,INTERSTATE,MONTANA,,,,,,,,0.7,,,,,,0.7
2/2/2026,2019.0,20200443.0,17711.0,39841.0,RED BUTTE PIPELINE LLC,Crude Oil,INTERSTATE,WYOMING,,,,,,238.75,0.5,0.0,0.1,7.2,0.3,0.6,,247.45
2/2/2026,2019.0,20200443.0,17711.0,39841.0,RED BUTTE PIPELINE LLC,Crude Oil,INTRASTATE,MONTANA,,,,,,,,,,,,0.15,,0.15
2/2/2026,2019.0,20200241.0,17465.0,39848.0,LAMBDA ENERGY RESOURCES LLC,HVL,INTRASTATE,MICHIGAN,,,,,,,,225.0,,,,,,225.0
2/2/2026,2019.0,20200663.0,17987.0,39849.0,"COASTAL CAVERNS, INC.",HVL,INTRASTATE,TEXAS,,,,,,,,,,,,13.5,,13.5
2/2/2026,2019.0,20200631.0,17882.0,39865.0,"DEW POINT MIDSTREAM, LLC",HVL,INTRASTATE,TEXAS,,,,,,,,,,,,42.51,,42.51
2/2/2026,2019.0,20200644.0,17898.0,39869.0,NAVIGATOR SMS PIPELINE,Crude Oil,INTRASTATE,OKLAHOMA,,,,,,,,,,,,68.81,,68.81
2/2/2026,2019.0,20200682.0,17949.0,39874.0,"BEACON WEST ENERGY GROUP, LLC",Crude Oil,INTERSTATE,CALIFORNIA,,,,,,,3.55,,,,,,,3.55
2/2/2026,2019.0,20200682.0,17949.0,39874.0,"BEACON WEST ENERGY GROUP, LLC",Crude Oil,INTERSTATE,OCS-Pacific,,,,,,,,,11.8,,,,,11.8
2/2/2026,2019.0,20200682.0,17949.0,39874.0,"BEACON WEST ENERGY GROUP, LLC",Crude Oil,INTRASTATE,CALIFORNIA,,,,,,,3.0,,,,,,,3.0
2/2/2026,2019.0,20200687.0,17979.0,39879.0,"DWYER TERMINAL, LLC",Crude Oil,INTRASTATE,WYOMING,,,,,,,,,16.4,,,0.1,,16.5
2/2/2026,2019.0,20200345.0,17601.0,39887.0,"TEXOMA CRUDE OIL PIPELINE CO., LLC",Crude Oil,INTERSTATE,OKLAHOMA,24.19,37.79,24.05,17.14,,,,7.83,,0.0,4.3,0.0,,115.3
2/2/2026,2019.0,20200345.0,17601.0,39887.0,"TEXOMA CRUDE OIL PIPELINE CO., LLC",Crude Oil,INTERSTATE,TEXAS,17.25,12.46,0.0,85.37,0.0,0.0,0.0,0.0,,0.0,6.96,0.0,,122.04
2/2/2026,2019.0,20200345.0,17601.0,39887.0,"TEXOMA CRUDE OIL PIPELINE CO., LLC",Crude Oil,INTRASTATE,OKLAHOMA,5.01,214.46,,13.65,0.0,0.0,18.2,3.53,0.0,4.88,22.65,35.18,,317.56
2/2/2026,2019.0,20200345.0,17601.0,39887.0,"TEXOMA CRUDE OIL PIPELINE CO., LLC",Crude Oil,INTRASTATE,TEXAS,7.14,108.34,0.0,0.0,2.13,19.67,0.0,15.09,,32.06,60.39,0.05,,244.87
2/2/2026,2019.0,20200247.0,17487.0,39888.0,FORE RIVER ENERGY CENTER,Refined and/or Petroleum Product (non-HVL),INTRASTATE,MASSACHUSETTS,,,,,,,,,,,0.3,,,0.3
2/2/2026,2019.0,20200119.0,17341.0,39892.0,DAYLIGHT PETROLEUM LLC,CO2,INTRASTATE,OKLAHOMA,,,,,,,,,142.0,,,6.0,,148.0
2/2/2026,2019.0,20200118.0,17340.0,39892.0,DAYLIGHT PETROLEUM LLC,HVL,INTRASTATE,OKLAHOMA,,,,,,,,,,,1.2,,,1.2
2/2/2026,2019.0,20200477.0,17886.0,39906.0,"SEAPORT SOUND TERMINAL, LLC",Refined and/or Petroleum Product (non-HVL),INTRASTATE,WASHINGTON,0.0,0.0,0.0,0.0,0.0,0.0,0.0,0.0,0.0,0.0,0.0,2.78,,2.78
2/2/2026,2019.0,20200074.0,17286.0,39910.0,COGENT MIDSTREAM PRODUCTS LLC,HVL,INTRASTATE,TEXAS,,,,,,,,,,,,21.16,,21.16
2/2/2026,2019.0,20200441.0,17680.0,39919.0,"MARKWEST BLUESTONE ETHANE PIPELINE, L.L.C.",HVL,INTERSTATE,PENNSYLVANIA,,,,,,,,,,,,29.96,,29.96
2/2/2026,2019.0,20200446.0,17686.0,39920.0,"MARKWEST LIBERTY ETHANE PIPELINE, L.L.C.",HVL,INTERSTATE,OHIO,,,,,,,,,,,,30.5,,30.5
2/2/2026,2019.0,20200446.0,17686.0,39920.0,"MARKWEST LIBERTY ETHANE PIPELINE, L.L.C.",HVL,INTERSTATE,PENNSYLVANIA,,,,,,,,,,,,33.04,,33.04
2/2/2026,2019.0,20200446.0,17686.0,39920.0,"MARKWEST LIBERTY ETHANE PIPELINE, L.L.C.",HVL,INTERSTATE,WEST VIRGINIA,,,,,,,,,,,,163.85,,163.85
2/2/2026,2019.0,20200451.0,17691.0,39922.0,"MARKWEST LIBERTY NGL PIPELINE, L.L.C.",HVL,INTERSTATE,OHIO,,,,,,,,,,,,24.33,,24.33
2/2/2026,2019.0,20200451.0,17691.0,39922.0,"MARKWEST LIBERTY NGL PIPELINE, L.L.C.",HVL,INTERSTATE,PENNSYLVANIA,,,,,,,,,,,,54.02,,54.02
2/2/2026,2019.0,20200451.0,17691.0,39922.0,"MARKWEST LIBERTY NGL PIPELINE, L.L.C.",HVL,INTERSTATE,WEST VIRGINIA,,,,,,,,,,,,57.41,,57.41
2/2/2026,2019.0,20200452.0,17692.0,39924.0,"MARKWEST JAVELINA COMPANY, L.L.C.",HVL,INTRASTATE,TEXAS,,,,,,,,,,34.89,,,,34.89
2/2/2026,2019.0,20200455.0,17695.0,39941.0,"MARKWEST UTICA EMG, L.L.C.",HVL,INTRASTATE,OHIO,,,,,,,,,,,,123.23,,123.23
2/2/2026,2019.0,20200481.0,17727.0,39950.0,"3 BEAR DELAWARE OPERATING-NM, LLC",Crude Oil,INTRASTATE,NEW MEXICO,,,,,,,,,,,,46.488,,46.488
2/2/2026,2019.0,20200480.0,17722.0,39950.0,"3 BEAR DELAWARE OPERATING-NM, LLC",HVL,INTRASTATE,NEW MEXICO,,,,,,,,,,,,6.159,,6.159
2/2/2026,2019.0,20200212.0,17435.0,39956.0,"MID-ALASKA PIPELINE, LLC",Crude Oil,INTRASTATE,ALASKA,,,,,,,,,2.1,2.1,0.85,,,5.05
2/2/2026,2019.0,20200458.0,17698.0,39960.0,"MARKWEST PIPELINE COMPANY, L.L.C.",HVL,INTERSTATE,TEXAS,,,,,,,,,,,11.63,,,11.63
2/2/2026,2019.0,20200026.0,17230.0,39962.0,"AMP NGL PIPELINES, LLC",HVL,INTRASTATE,TEXAS,,,,,,,,,,,,10.99,,10.99
2/2/2026,2019.0,20200382.0,17620.0,39963.0,"TALLGRASS POWDER RIVER GATEWAY, LLC",Crude Oil,INTERSTATE,WYOMING,4.638,,,,,,41.502,,,,,107.675,,153.815
2/2/2026,2019.0,20200227.0,19865.0,39966.0,"U.S. VENTURE, INC.",Refined and/or Petroleum Product (non-HVL),INTRASTATE,WISCONSIN,,,,,,,0.24,,,,,,,0.24
2/2/2026,2019.0,20200549.0,17793.0,39967.0,"IMPERIAL CRUDE, LLC",Crude Oil,INTRASTATE,TEXAS,,,,,,,,,,,,27.28,,27.28
2/2/2026,2019.0,20200460.0,17700.0,39976.0,"MARKWEST LIBERTY BLUESTONE, L.L.C.",HVL,INTRASTATE,PENNSYLVANIA,,,,,,,,,,,,14.98,,14.98
2/2/2026,2019.0,20200553.0,17959.0,39979.0,"ARM MIDSTREAM MANAGEMENT, LLC",Crude Oil,INTERSTATE,NEW MEXICO,,,,,,,,,,,,50.72,,50.72
2/2/2026,2019.0,20200553.0,17959.0,39979.0,"ARM MIDSTREAM MANAGEMENT, LLC",Crude Oil,INTERSTATE,TEXAS,,,,,,,,,,,,106.23,,106.23
2/2/2026,2019.0,20200553.0,17959.0,39979.0,"ARM MIDSTREAM MANAGEMENT, LLC",Crude Oil,INTRASTATE,TEXAS,,,,,,,,,,,,19.111,,19.111
2/2/2026,2019.0,20200105.0,17324.0,39979.0,"ARM MIDSTREAM MANAGEMENT, LLC",HVL,INTRASTATE,TEXAS,0.0,0.0,0.0,0.0,0.0,0.0,0.0,0.0,0.0,0.0,0.0,62.4,,62.4
2/2/2026,2019.0,20210713.0,18880.0,39984.0,CONVERGE MIDSTREAM LLC,Crude Oil,INTRASTATE,TEXAS,,,,,,,,,,,,38.08,,38.08
2/2/2026,2019.0,20200129.0,17352.0,39985.0,COLLEGIATE MIDSTREAM LLC,Crude Oil,INTRASTATE,TEXAS,,,,,,,,,,,,2.76,,2.76
2/2/2026,2019.0,20200700.0,18013.0,39988.0,"FRONTIER MIDSTREAM SOLUTIONS IV,  LLC",Crude Oil,INTRASTATE,TEXAS,0.0,0.0,0.0,0.0,0.0,0.0,0.0,0.0,0.0,0.0,0.0,0.7,,0.7
2/2/2026,2019.0,20200673.0,17960.0,39990.0,"PINE ENERGIES, INC",Crude Oil,INTRASTATE,ALABAMA,11.51,,,,,,,,,24.28,,0.19,,35.98
2/2/2026,2019.0,20200023.0,17227.0,39991.0,PRISM MIDSTREAM LLC,HVL,INTRASTATE,TEXAS,,,,,,,,,,,,1.8,,1.8
2/2/2026,2019.0,20200297.0,17526.0,40000.0,CP ENERGY LLC,Crude Oil,INTRASTATE,NEW MEXICO,,,,,,,,,,,,1.7,,1.7
2/2/2026,2019.0,20200213.0,17512.0,40010.0,CALIBER SPRING CREEK LLC,Crude Oil,INTRASTATE,NORTH DAKOTA,,,,,,,,,,,,27.6,,27.6
2/2/2026,2019.0,20200211.0,17434.0,40012.0,"NUEVO DOS GATHERING AND TRANSPORTATION, LLC",Crude Oil,INTRASTATE,TEXAS,,,,,,,,,,,,26.15,,26.15
2/2/2026,2019.0,20200411.0,17649.0,40016.0,"SADDLE BUTTE POWDER FLATS MIDSTREAM, LLC",Crude Oil,INTRASTATE,WYOMING,,,,,,,,,,,,93.0,,93.0
2/2/2026,2019.0,20200052.0,17262.0,40017.0,"ALON BAKERSFIELD PROPERTY, INC.",Refined and/or Petroleum Product (non-HVL),INTRASTATE,CALIFORNIA,,,,,,,,,8.88,,,0.11,,8.99
2/2/2026,2019.0,20200298.0,17527.0,40028.0,LAMBDA ENERGY GATHERING LLC,Crude Oil,INTERSTATE,MICHIGAN,0.0,0.0,0.0,0.0,0.0,0.0,0.0,151.38,0.0,0.0,0.0,0.0,,151.38
2/2/2026,2019.0,20200661.0,17915.0,40030.0,"GIBSON ENERGY INFRASTRUCTURE, LLC",Crude Oil,INTRASTATE,TEXAS,,,,,,,,,,,,20.45,,20.45
2/2/2026,2019.0,20200634.0,17885.0,40031.0,"FLINT HILLS RESOURCES PORT ARTHUR, LLC",HVL,INTRASTATE,TEXAS,0.29,,,,0.63,8.03,7.53,97.57,177.75,28.89,1.79,29.92,,352.4
2/2/2026,2019.0,20200703.0,18042.0,40034.0,TEXAS PETROLEUM INVESTMENT COMPANY,Crude Oil,INTRASTATE,LOUISIANA,,,,,,,,,10.65,,,,,10.65
2/2/2026,2019.0,20200295.0,17523.0,40050.0,ECO ENERGY NATURAL GAS LLC,HVL,INTRASTATE,TENNESSEE,,,,,,,,,,,3.4,,,3.4
2/2/2026,2019.0,20200242.0,17466.0,40051.0,VALERO REFINING - MERAUX LLC,Crude Oil,INTRASTATE,LOUISIANA,0.0,,0.0,0.0,0.0,0.0,0.0,1.52,0.0,0.0,0.0,0.0,,1.52
2/2/2026,2019.0,20200243.0,17467.0,40051.0,VALERO REFINING - MERAUX LLC,Refined and/or Petroleum Product (non-HVL),INTRASTATE,LOUISIANA,0.85,0.0,0.0,0.0,0.0,0.0,0.0,0.0,0.0,0.0,0.0,0.0,,0.85
2/2/2026,2019.0,20200698.0,17992.0,40057.0,POLARIS OPERATING,HVL,INTRASTATE,TEXAS,,,,,,,,,,,16.76,,,16.76
2/2/2026,2019.0,20200314.0,17543.0,40059.0,"ORYX MIDLAND OIL GATHERING, LLC",Crude Oil,INTRASTATE,TEXAS,,,,,,,,,,,,133.93,,133.93
2/2/2026,2019.0,20200383.0,17621.0,40136.0,"IRONWOOD GARDENDALE PIPELINE, LLC",Crude Oil,INTRASTATE,TEXAS,2.16,,,,,,,,,,,,,2.16
2/2/2026,2019.0,20200701.0,18023.0,40142.0,"MAX MIDSTREAM TEXAS, LLC",Crude Oil,INTRASTATE,TEXAS,,,,,,,,,20.89,,,,,20.89
2/2/2026,2019.0,20200697.0,17990.0,40171.0,PERDIDO ENERGY,Crude Oil,INTRASTATE,LOUISIANA,,,,,,,,,,1.777,,,,1.777
2/2/2026,2019.0,20210087.0,18147.0,40190.0,OXY WTP LP,Crude Oil,INTRASTATE,TEXAS,0.0,0.0,0.0,0.0,0.0,0.0,0.0,0.0,0.0,0.0,0.0,25.667,0.0,25.667
2/2/2026,2019.0,20200093.0,17312.0,99001.0,DEFENSE FUEL SUPPLY POINT,Refined and/or Petroleum Product (non-HVL),INTRASTATE,SOUTH CAROLINA,,,,,,,4.72,,,,,,,4.72
2/2/2026,2019.0,20200261.0,17485.0,99002.0,TAMPA AIRPORT PIPELINE CORPORATION,Refined and/or Petroleum Product (non-HVL),INTRASTATE,FLORIDA,,,,,,,,9.73,,,,0.77,,10.5
2/2/2026,2019.0,20200267.0,17492.0,99031.0,CITGO PETROLEUM CORPORATION (TERMINALS),Refined and/or Petroleum Product (non-HVL),INTRASTATE,FLORIDA,,,0.0,0.0,0.0,0.0,0.0,0.562,0.651,0.0,0.007,0.0,,1.22
2/2/2026,2019.0,20200267.0,17492.0,99031.0,CITGO PETROLEUM CORPORATION (TERMINALS),Refined and/or Petroleum Product (non-HVL),INTRASTATE,ILLINOIS,,,0.0,0.0,0.0,0.409,0.316,0.0,0.0,0.0,0.011,0.0,,0.736
2/2/2026,2019.0,20200267.0,17492.0,99031.0,CITGO PETROLEUM CORPORATION (TERMINALS),Refined and/or Petroleum Product (non-HVL),INTRASTATE,INDIANA,0.187,,0.0,0.0,2.181,,2.722,0.0,0.0,0.0,0.108,0.07,,5.268
2/2/2026,2019.0,20200267.0,17492.0,99031.0,CITGO PETROLEUM CORPORATION (TERMINALS),Refined and/or Petroleum Product (non-HVL),INTRASTATE,MICHIGAN,,,0.0,0.0,0.0,0.255,0.0,0.0,0.0,0.0,0.0,0.0,,0.255
2/2/2026,2019.0,20200267.0,17492.0,99031.0,CITGO PETROLEUM CORPORATION (TERMINALS),Refined and/or Petroleum Product (non-HVL),INTRASTATE,NEW JERSEY,0.0,,0.0,0.0,1.724,0.0,0.279,0.512,7.842,0.125,0.238,0.002,,10.722
2/2/2026,2019.0,20200267.0,17492.0,99031.0,CITGO PETROLEUM CORPORATION (TERMINALS),Refined and/or Petroleum Product (non-HVL),INTRASTATE,OHIO,,,0.0,0.0,0.911,0.0,0.0,0.0,0.0,0.0,0.278,0.0,,1.189
2/2/2026,2019.0,20200009.0,17193.0,99043.0,PETROLEUM FUEL AND TERMINAL COMPANY,Refined and/or Petroleum Product (non-HVL),INTRASTATE,MARYLAND,0.0,,0.0,0.0,0.0,2.263,0.0,0.0,0.0,0.0,0.007,0.83,,3.1
,,,,,,,,,,,,,,,,,,,,,,
